DeltaT,t_cement,E_cement,alpha_cement,E_rock,alpha_rock,E_steel,alpha_steel,a0_interface,k_contact,r_inner,t_steel,k_cement,y_cc_max_jump_mm,y_cr_max_jump_mm,y_all_max_jump_mm
-54.13823154,0.051646559,16583693163,7.43E-06,10483358450,1.16E-05,2.03956E+11,1.24E-05,4.10E-05,0.156603449,0.15282928,0.020749818,0.847990688,0.252763419,0.173918701,0.252763419
-49.53507885,0.027545337,5033547507,1.41E-05,41231194046,4.43E-06,1.98838E+11,1.15E-05,1.29E-06,4.613119797,0.120382612,0.016373656,1.088854293,0.104497501,0.258345446,0.258345446
-21.74593819,0.042858099,12671296914,9.42E-06,22940397185,7.34E-06,2.05264E+11,1.07E-05,9.70E-06,1.851320849,0.14783917,0.012216285,0.512446567,0.180560608,0.180934499,0.180934499
-74.57929241,0.016647517,6533372345,1.21E-05,5506217075,8.65E-06,1.90068E+11,1.33E-05,3.05E-05,0.390270949,0.178668406,0.024907783,1.782565315,0.190135474,0.342113737,0.342113737
-65.45062212,0.047855602,3521652455,1.16E-05,8899571872,1.30E-05,2.09591E+11,1.02E-05,3.72E-06,3.054792937,0.135294335,0.022851637,0.628549164,0.163115591,0.242873752,0.242873752
-30.83990427,0.023051185,19714089459,1.08E-05,27195074567,5.27E-06,1.94474E+11,1.38E-05,1.18E-05,0.235782547,0.191128148,0.014430532,1.448786694,0.25632216,0.28791929,0.28791929
-40.44118565,0.058050161,7639028347,1.36E-05,49324141121,8.19E-06,2.00877E+11,1.29E-05,8.85E-05,0.669008684,0.165264394,0.018385367,0.768108884,0.250619069,0.318852667,0.318852667
-63.26700062,0.032542602,8719676124,8.83E-06,17119966156,1.01E-05,1.95682E+11,1.10E-05,2.81E-06,1.076489545,0.107813149,0.018897397,1.198564167,0.130266058,0.166023306,0.166023306
-57.66432783,0.038591267,6968038421,1.02E-05,32590568545,9.43E-06,2.08692E+11,1.04E-05,4.44E-06,0.287506611,0.101590207,0.021364145,1.616298185,0.118273808,0.1881934,0.1881934
-38.5443447,0.018000187,10365985314,1.15E-05,11301590742,6.30E-06,1.93496E+11,1.37E-05,1.40E-05,1.206822086,0.171487289,0.01535386,0.672094054,0.20929638,0.27220879,0.27220879
-32.75189299,0.05019222,3159085301,8.20E-06,5934967678,4.65E-06,2.02402E+11,1.25E-05,5.93E-05,3.398201409,0.197405976,0.012833391,1.396536783,0.273550202,0.23925152,0.273550202
-71.03911988,0.03171051,23054553805,1.35E-05,18130479790,1.11E-05,1.97285E+11,1.14E-05,1.87E-06,0.102091629,0.129016462,0.023883622,0.786259617,0.172851205,0.263758969,0.263758969
-76.4763752,0.056598613,13837685010,1.48E-05,29321903432,1.03E-05,2.03058E+11,1.21E-05,4.67E-05,0.792986628,0.18494628,0.021831444,1.110801267,0.244455715,0.428321006,0.428321006
-27.34928466,0.036710567,5474446901,7.54E-06,7031513914,7.70E-06,1.97863E+11,1.19E-05,1.48E-06,0.436132838,0.141561343,0.015045256,0.985610248,0.195451833,0.160134451,0.195451833
-43.94679701,0.043591558,18415401704,1.28E-05,13528207877,6.05E-06,2.06786E+11,1.08E-05,6.21E-06,0.173696668,0.114159717,0.017361602,1.898464013,0.133541665,0.243180952,0.243180952
-52.22694242,0.024406643,4287530601,9.55E-06,53190682198,1.19E-05,1.91668E+11,1.32E-05,1.97E-05,1.991338085,0.159052221,0.019514106,0.570425368,0.227490215,0.223295869,0.227490215
-51.13796523,0.044766024,10897127880,1.40E-05,5079276170,7.58E-06,1.9962E+11,1.10E-05,1.63E-05,0.220456148,0.160021487,0.023033178,1.285260746,0.184730881,0.345070203,0.345070203
-45.18692205,0.025976697,7321038241,8.70E-06,21136034453,1.07E-05,2.04425E+11,1.31E-05,5.19E-06,2.566492953,0.11668157,0.013785587,0.708745145,0.168533879,0.154611658,0.168533879
-24.22057021,0.055663698,23445304430,1.20E-05,38079033631,1.24E-05,1.90849E+11,1.22E-05,2.17E-06,0.904408997,0.139426404,0.017753216,1.504042654,0.18336035,0.280632665,0.280632665
-79.45605896,0.034765,3211073221,1.07E-05,9693627983,5.93E-06,2.05731E+11,1.18E-05,6.90E-05,0.625526273,0.184371545,0.019066144,0.612296301,0.245122527,0.27597047,0.27597047
-69.83286981,0.049413946,5383204416,9.04E-06,15831483701,6.74E-06,1.94006E+11,1.26E-05,1.66E-06,3.983531046,0.126861398,0.020161605,1.733426396,0.187155913,0.207872863,0.207872863
-33.87474425,0.029921413,13613670705,1.23E-05,45556708789,9.31E-06,2.08811E+11,1.13E-05,5.24E-05,0.141575381,0.196801962,0.016612723,0.532497742,0.236168504,0.307033082,0.307033082
-35.53261703,0.039922374,4078556016,7.05E-06,25057955671,1.10E-05,1.95213E+11,1.05E-05,2.22E-05,0.352816917,0.172476484,0.012442558,1.003109363,0.207135032,0.182328304,0.207135032
-60.76099927,0.019726711,17527454033,1.43E-05,8210137304,5.09E-06,2.00096E+11,1.36E-05,6.99E-06,1.598668457,0.104141145,0.024332365,0.910349488,0.119302121,0.244617241,0.244617241
-62.59905156,0.059842599,4481231071,1.26E-05,19605930417,5.43E-06,1.93028E+11,1.28E-05,1.14E-06,0.520737408,0.110369422,0.022432325,0.567842788,0.191523081,0.21291912,0.21291912
-41.1941357,0.0333244,14772151520,9.92E-06,6425759739,1.26E-05,2.07911E+11,1.11E-05,3.64E-05,0.85075811,0.166248255,0.01479347,1.928640014,0.16604285,0.268352532,0.268352532
-28.2274328,0.046132432,6012608044,1.46E-05,12265439888,9.65E-06,1.96815E+11,1.01E-05,2.72E-05,2.136429048,0.190531009,0.017148001,0.929351477,0.171523253,0.364784421,0.364784421
-67.97975199,0.021723592,11666936562,7.92E-06,35327060950,8.35E-06,2.0162E+11,1.40E-05,8.64E-06,0.207390203,0.133132401,0.020076803,1.165624979,0.222106366,0.166279177,0.222106366
-73.79429935,0.041286077,21421599537,8.32E-06,57661234814,4.02E-06,1.98645E+11,1.06E-05,1.02E-05,1.330776822,0.178100543,0.021169885,0.825991475,0.219478609,0.218800101,0.219478609
-22.38184335,0.015470901,3824815616,1.31E-05,14683061824,1.17E-05,2.03527E+11,1.34E-05,3.20E-06,0.331907361,0.145697357,0.016011474,1.31473544,0.144252969,0.279788705,0.279788705
-47.03982305,0.053590145,9794380374,1.03E-05,7613559899,8.80E-06,1.92449E+11,1.23E-05,2.41E-06,0.117858911,0.122909798,0.01345282,0.683427319,0.197090959,0.179327887,0.197090959
-56.78457797,0.02847811,8575832276,1.11E-05,31710502372,6.94E-06,2.07254E+11,1.17E-05,7.58E-05,3.747208458,0.153793209,0.023727547,1.606158274,0.151891441,0.279320108,0.279320108
-55.90736307,0.042144656,3043357066,1.44E-05,16600979672,8.45E-06,1.91012E+11,1.12E-05,5.30E-06,0.134644987,0.193605416,0.015211101,0.656882483,0.242305559,0.365608426,0.365608426
-47.79567335,0.017334826,22206415812,7.24E-06,50743319481,9.83E-06,2.06207E+11,1.28E-05,1.68E-05,4.200211717,0.136210622,0.022021092,1.648597822,0.17083243,0.166332298,0.17083243
-23.73478198,0.052340733,6767501328,1.25E-05,26314726205,1.27E-05,1.9977E+11,1.39E-05,7.04E-05,1.491466433,0.107386663,0.019678364,0.802587205,0.183104815,0.216963141,0.216963141
-72.56158089,0.026827772,10069316127,9.23E-06,9130672610,5.61E-06,2.04887E+11,1.01E-05,2.24E-06,0.379136898,0.163273888,0.017552837,1.3641134,0.156567121,0.231616947,0.231616947
-67.21221486,0.057362848,18642227416,1.05E-05,5645723273,7.04E-06,1.95359E+11,1.34E-05,5.22E-05,2.47275504,0.11983253,0.01559429,0.96626042,0.20162181,0.206842588,0.206842588
-29.10809478,0.033256052,4340775348,1.18E-05,22211049544,8.98E-06,2.00554E+11,1.05E-05,1.64E-06,0.228397085,0.150718229,0.021580771,1.136384657,0.156581418,0.268439768,0.268439768
-42.42251925,0.04857317,14601833009,8.53E-06,42391397315,1.18E-05,1.94172E+11,1.17E-05,6.97E-06,0.573547903,0.181073957,0.024125639,0.584010757,0.265864174,0.219053421,0.265864174
-61.25685651,0.022357004,5776203368,1.38E-05,10171632789,4.20E-06,2.0929E+11,1.24E-05,2.20E-05,0.984813044,0.14868069,0.013048431,1.860080853,0.115344567,0.310336747,0.310336747
-59.41812428,0.050883697,12309833058,1.12E-05,54970137080,5.83E-06,1.96334E+11,1.30E-05,3.17E-05,0.315624548,0.142402868,0.014186953,1.062904571,0.222816738,0.241834284,0.241834284
-36.760765,0.031001225,6348020534,1.04E-05,13185800155,1.22E-05,2.01451E+11,1.09E-05,1.01E-06,1.402985456,0.187351825,0.022638209,0.86614566,0.196349069,0.293885322,0.293885322
-34.75469857,0.037875114,15980342871,1.32E-05,7251333539,1.06E-05,1.92572E+11,1.18E-05,7.52E-06,3.496375493,0.156941165,0.018658579,1.81689122,0.150595506,0.336944807,0.336944807
-69.0651248,0.018695782,4849617036,8.38E-06,28501826366,7.40E-06,2.07768E+11,1.22E-05,2.39E-05,0.126665323,0.11360964,0.018167178,0.501205672,0.169441952,0.135546541,0.169441952
-78.22309062,0.04430084,8062975522,7.85E-06,17634275102,4.98E-06,1.91989E+11,1.13E-05,3.61E-06,0.819789124,0.169496778,0.01621101,1.418481125,0.222069196,0.212068405,0.222069196
-25.57284322,0.023715172,9202675499,1.46E-05,6116855753,1.08E-05,2.07107E+11,1.27E-05,1.14E-05,0.539554948,0.101163727,0.02055702,0.643978857,0.119025622,0.225292465,0.225292465
-45.94255017,0.055903021,3565959297,9.87E-06,11022330996,9.20E-06,1.98167E+11,1.35E-05,8.55E-05,0.19013572,0.129932755,0.024740377,1.225398276,0.231777317,0.215063219,0.231777317
-50.26005698,0.037426713,19964035189,1.26E-05,33660758925,6.56E-06,2.03362E+11,1.04E-05,2.69E-06,2.326067192,0.199883237,0.012028249,0.753502657,0.193110108,0.341160528,0.341160528
-52.87710609,0.054948875,6038611805,8.90E-06,8484883093,1.12E-05,2.05425E+11,1.37E-05,1.20E-06,0.25629052,0.194227045,0.01576792,1.975187124,0.319381948,0.282431204,0.319381948
-43.41799794,0.035461926,11716292802,1.37E-05,24423957797,4.83E-06,1.90542E+11,1.03E-05,3.77E-05,2.81749153,0.125847449,0.020956482,0.555742572,0.130105507,0.246609183,0.246609183
-26.23804569,0.045456085,4768793115,1.09E-05,46981372317,6.40E-06,2.04106E+11,1.14E-05,2.83E-05,1.122101325,0.104860593,0.023488754,1.143196217,0.136779271,0.196805251,0.196805251
-77.46739399,0.025265995,15721626854,1.17E-05,15388860571,9.61E-06,1.99301E+11,1.26E-05,8.92E-06,0.64359835,0.174759965,0.013234657,0.949935635,0.204643133,0.303379532,0.303379532
-71.56495824,0.039225452,9358661334,1.21E-05,9428234059,1.20E-05,2.01022E+11,1.20E-05,1.30E-05,4.928158686,0.117329302,0.014630849,1.343196032,0.139124739,0.245113217,0.245113217
-32.11292978,0.020441527,8195656211,9.35E-06,39245646859,6.23E-06,1.96139E+11,1.21E-05,4.12E-06,0.146360684,0.162230199,0.022239553,0.80649314,0.21210982,0.211648813,0.21210982
-37.54301148,0.050124644,20986949626,1.41E-05,20613569666,7.81E-06,2.09759E+11,1.31E-05,3.09E-06,0.41212319,0.181673032,0.01990942,1.571555879,0.247863816,0.394421479,0.394421479
-58.77947254,0.029231359,3746614320,7.37E-06,5246016093,1.04E-05,1.94955E+11,1.08E-05,9.81E-05,1.749968476,0.13829191,0.016959989,0.696867936,0.169211491,0.157099849,0.169211491
-64.38282438,0.046825275,24943390915,9.75E-06,30748921798,8.54E-06,2.01919E+11,1.16E-05,1.47E-05,0.474127142,0.144562869,0.016778593,0.724899628,0.205782609,0.208753532,0.208753532
-39.44008891,0.021004698,3416572623,1.29E-05,7832547998,7.17E-06,1.97115E+11,1.25E-05,4.61E-06,0.731468049,0.175402023,0.020351278,1.259736122,0.162470887,0.336498799,0.336498799
-30.20164961,0.059130572,10941446448,7.72E-06,14207619167,4.32E-06,2.08237E+11,1.33E-05,1.96E-06,2.075480726,0.156001916,0.024496648,0.599676395,0.271673116,0.167512727,0.271673116
-65.97666746,0.034013125,7350091960,1.50E-05,59158025876,1.14E-05,1.93354E+11,1.06E-05,6.17E-05,0.167078133,0.123557537,0.012633818,1.539243964,0.120478828,0.267971512,0.267971512
-75.57056198,0.054309043,3994775051,1.33E-05,36222439513,9.95E-06,2.06325E+11,1.38E-05,1.39E-06,1.289093875,0.16853173,0.014026042,0.543358235,0.286570286,0.302920785,0.302920785
-20.63536396,0.02778526,17164613899,8.00E-06,11875590294,8.01E-06,1.9152E+11,1.02E-05,4.41E-05,0.268667912,0.111088877,0.023249829,1.694870645,0.120432972,0.149446109,0.149446109
-49.00650106,0.040597348,5142403023,1.13E-05,6606635666,5.17E-06,2.02582E+11,1.11E-05,1.85E-05,0.107821657,0.132118457,0.019308185,0.889418748,0.17912212,0.216104814,0.216104814
-54.78908945,0.016182935,13006768559,1.00E-05,19023120064,1.28E-05,1.97698E+11,1.30E-05,5.87E-06,3.212522686,0.187956085,0.01796828,1.02418002,0.202830818,0.291699271,0.291699271
-55.17679092,0.0483142,5546723712,1.29E-05,49963356529,1.02E-05,1.95008E+11,1.26E-05,2.32E-06,0.120954879,0.128365741,0.01997311,0.6037455,0.210295265,0.235982732,0.235982732
-48.52993622,0.022493537,14029083431,9.66E-06,16060709746,7.73E-06,2.00281E+11,1.15E-05,7.36E-05,3.659531677,0.19826358,0.017252497,1.516464796,0.181516513,0.290934429,0.290934429
-20.18804593,0.057805796,4237974291,1.49E-05,9089364111,6.00E-06,1.93899E+11,1.03E-05,1.73E-05,1.468468637,0.171026749,0.014694141,0.737757346,0.182741954,0.334719978,0.334719978
-76.10468345,0.032688263,18210025995,7.68E-06,25676512742,1.19E-05,2.08938E+11,1.37E-05,5.51E-06,0.301392466,0.102648685,0.022530871,1.254622091,0.183813317,0.144680299,0.183813317
-66.48161588,0.052808271,10488075014,8.09E-06,22299198582,9.38E-06,1.90663E+11,1.08E-05,2.12E-05,2.361457611,0.158583887,0.023628517,0.883431872,0.212805407,0.206108473,0.212805407
-29.84232726,0.026284574,7045133548,1.34E-05,5789755871,6.33E-06,2.05937E+11,1.32E-05,6.68E-06,0.187205209,0.115201245,0.013552659,1.039550023,0.150253087,0.222842404,0.222842404
-38.8757528,0.04191062,22749416442,1.01E-05,10323712729,4.60E-06,1.99493E+11,1.21E-05,1.59E-06,0.53124387,0.140894101,0.015907289,0.533881121,0.2047741,0.189736576,0.2047741
-64.79993224,0.017496293,3116233650,1.14E-05,43842128526,1.11E-05,2.04532E+11,1.20E-05,5.02E-05,0.832254185,0.185796518,0.021273292,1.701793802,0.15563607,0.334654407,0.334654407
-59.15264001,0.056447631,19496283980,1.37E-05,12756705633,1.29E-05,1.92341E+11,1.07E-05,2.46E-05,0.362062826,0.179568288,0.018965214,1.163485656,0.208444969,0.38436259,0.38436259
-37.02261576,0.036960596,3480583432,8.94E-06,54125076499,5.38E-06,2.07381E+11,1.33E-05,7.82E-06,1.560985252,0.147122377,0.017853337,0.946069275,0.22212255,0.197046475,0.22212255
-31.68037463,0.044143541,8839357278,1.17E-05,27810503058,8.09E-06,1.9844E+11,1.24E-05,1.04E-06,4.395947132,0.121472246,0.013683469,1.988568706,0.142938056,0.243141489,0.243141489
-72.14313947,0.023953366,7740698481,1.10E-05,7218544552,1.02E-05,2.03713E+11,1.16E-05,3.30E-05,0.128582581,0.152312932,0.023136073,0.547523972,0.202169207,0.237843954,0.237843954
-77.95757953,0.03773717,4964344450,9.31E-06,6272922656,1.15E-05,1.96689E+11,1.30E-05,2.62E-06,0.999726396,0.108919639,0.024229754,1.544161522,0.168076545,0.193576795,0.193576795
-25.83466358,0.018953331,16367241792,1.20E-05,17704218331,4.54E-06,2.01728E+11,1.11E-05,8.24E-05,0.564747531,0.164755748,0.012544366,0.699707089,0.140234211,0.263563034,0.263563034
-42.86819583,0.051447318,6606886029,7.28E-06,34812625091,7.25E-06,1.92843E+11,1.01E-05,1.10E-05,0.224890515,0.192035304,0.016512095,1.334140556,0.232273302,0.210936539,0.232273302
-53.33804483,0.030554119,12818149474,1.40E-05,11187156558,8.76E-06,2.08116E+11,1.38E-05,3.46E-06,2.510224132,0.134593971,0.020263018,0.818604954,0.181197505,0.289858987,0.289858987
-50.79521021,0.049570421,3909438251,1.04E-05,23859681086,4.13E-06,2.00751E+11,1.00E-05,9.29E-06,0.169602122,0.133600387,0.023783503,1.804621386,0.157702613,0.232800422,0.232800422
-45.49626032,0.029687863,21887888421,1.12E-05,8435992272,1.16E-05,1.95789E+11,1.39E-05,2.93E-05,2.043525961,0.189489132,0.01293432,0.50871673,0.28149014,0.284407414,0.284407414
-25.09730656,0.039375884,8411417530,8.47E-06,14870651456,8.91E-06,2.09406E+11,1.29E-05,3.91E-05,0.720210142,0.166915197,0.015250963,1.044343933,0.240680205,0.210193749,0.240680205
-78.61182384,0.020196466,9599981476,1.32E-05,46317250885,6.84E-06,1.94679E+11,1.12E-05,1.23E-06,0.481286905,0.109518883,0.021466264,0.869664394,0.101527749,0.233884694,0.233884694
-69.48303197,0.045625614,15062139974,1.45E-05,40639653028,5.54E-06,2.05156E+11,1.23E-05,9.40E-05,3.068007857,0.154443486,0.019412296,1.233738888,0.187609692,0.356690519,0.356690519
-34.19116534,0.025040032,4571003389,7.81E-06,9558029464,1.25E-05,1.90195E+11,1.17E-05,2.99E-06,0.112851627,0.12205175,0.017464215,0.742368072,0.173592879,0.139312186,0.173592879
-36.40224552,0.054414093,11412015829,1.25E-05,5373164298,9.76E-06,2.0375E+11,1.05E-05,3.98E-06,0.281203075,0.146157501,0.014943845,1.443673012,0.165671951,0.290457613,0.290457613
-59.923872,0.035937871,5884980287,9.79E-06,20719775551,8.25E-06,1.99024E+11,1.34E-05,1.26E-05,1.231097336,0.177041669,0.021932071,0.641377922,0.278553526,0.24975438,0.278553526
-61.83584061,0.040821986,13345730483,7.16E-06,7787397548,6.77E-06,2.066E+11,1.22E-05,6.42E-05,0.653355619,0.183264563,0.024803286,0.78858061,0.277833136,0.196798704,0.277833136
-41.9907634,0.01601207,5279099953,1.44E-05,30038588035,9.26E-06,1.91874E+11,1.18E-05,2.02E-06,1.104766745,0.139934558,0.01231998,1.369640666,0.076945514,0.278398826,0.278398826
-28.58849837,0.053829016,17905930750,9.19E-06,58321915358,1.10E-05,2.02931E+11,1.09E-05,4.83E-06,2.773950417,0.115773875,0.016275112,0.652439515,0.157010933,0.160795279,0.160795279
-67.58618521,0.02831597,4169499942,1.24E-05,13729154995,5.04E-06,1.9797E+11,1.31E-05,1.52E-05,0.260177459,0.160721311,0.020849146,1.673321391,0.206036322,0.307614452,0.307614452
-73.02354781,0.058675393,7164769751,1.18E-05,12039049120,7.61E-06,2.02197E+11,1.04E-05,5.64E-06,1.671138283,0.103241057,0.01879756,0.594388929,0.140163211,0.19340671,0.19340671
-23.18601163,0.034568683,10660322708,1.06E-05,37509150185,1.07E-05,1.9747E+11,1.35E-05,1.79E-05,0.431376891,0.173193071,0.018484395,1.852548689,0.234330611,0.286949107,0.286949107
-47.393323,0.047074418,3275798518,1.39E-05,19121176898,1.24E-05,2.08585E+11,1.27E-05,4.22E-05,0.153197556,0.195712076,0.014327123,0.972826924,0.283206168,0.380434327,0.380434327
-56.3985768,0.020858338,23902661040,8.57E-06,6766745305,5.88E-06,1.93623E+11,1.14E-05,1.34E-06,4.706188189,0.127377493,0.022955823,1.11960404,0.138835862,0.177432684,0.177432684
-57.15762384,0.058519239,9100947846,9.98E-06,41797018140,4.86E-06,2.09867E+11,1.18E-05,2.97E-05,0.103685106,0.112504251,0.01273404,0.923087859,0.175429144,0.168686203,0.175429144
-46.51932005,0.032000954,7968994025,1.27E-05,10855262087,1.09E-05,1.94827E+11,1.21E-05,9.34E-06,3.347524188,0.157447873,0.024395624,1.183134108,0.170004998,0.321597582,0.321597582
-21.9491666,0.047620026,20238252746,7.99E-06,5534770415,9.08E-06,2.01227E+11,1.31E-05,1.25E-06,1.188835927,0.186442731,0.020454278,0.557946357,0.301115585,0.199595251,0.301115585
-68.47004483,0.042597933,6260910664,1.30E-05,27039264646,5.71E-06,2.04233E+11,1.36E-05,2.89E-06,1.902641208,0.198984561,0.018069988,0.6880588,0.300542117,0.357896266,0.357896266
-27.82417228,0.016782843,12148844198,8.27E-06,8694247928,1.23E-05,1.99194E+11,1.04E-05,9.18E-05,0.181883594,0.13064769,0.019205668,1.58241082,0.130966868,0.16835719,0.16835719
-40.64444087,0.052090703,4904075573,1.11E-05,16877242269,1.05E-05,2.05611E+11,1.13E-05,1.22E-05,0.456693536,0.100072235,0.023351138,0.840653949,0.144541075,0.189404335,0.189404335
-63.06011189,0.026978755,16165906277,1.03E-05,47661155611,7.50E-06,1.90337E+11,1.27E-05,3.88E-06,0.757658847,0.170014331,0.013925511,1.309386889,0.205683034,0.264545568,0.264545568
-61.14880802,0.043452065,4398111226,8.63E-06,11702549409,7.02E-06,2.02786E+11,1.40E-05,1.80E-06,0.396382147,0.163743324,0.013339256,1.477814407,0.27011334,0.221351732,0.27011334
-35.05617378,0.024662651,18899967197,1.39E-05,33037737278,9.02E-06,1.97513E+11,1.01E-05,5.68E-05,1.823621824,0.106343196,0.023384963,0.614798613,0.087013863,0.215851095,0.215851095
-33.42753351,0.057163784,5709383145,1.06E-05,18570483474,1.18E-05,2.06432E+11,1.12E-05,1.35E-05,4.544057139,0.136875926,0.021055129,1.276611895,0.171954954,0.248949406,0.248949406
-70.36711287,0.036265001,14439133166,1.19E-05,5965758508,4.24E-06,1.91393E+11,1.28E-05,4.27E-06,0.159057169,0.192756279,0.015668496,0.719383757,0.287217073,0.306430166,0.306430166
-79.96088579,0.050738037,22467369351,1.23E-05,6869304617,8.43E-06,2.08423E+11,1.17E-05,2.04E-05,1.028471344,0.149332616,0.017059724,1.020905134,0.196945326,0.292318309,0.292318309
-23.86114057,0.031245589,3077110164,9.11E-06,29153839090,9.87E-06,1.93149E+11,1.23E-05,6.49E-06,0.700588836,0.180214494,0.019810488,0.906655622,0.233184597,0.241311916,0.241311916
-44.62246435,0.038432762,9936265647,1.43E-05,51397212723,1.26E-05,2.02046E+11,1.35E-05,1.53E-06,0.24691021,0.151176912,0.022342859,1.745192032,0.208386803,0.353814769,0.353814769
-51.55496581,0.018237184,6675554325,7.11E-06,13336438916,5.64E-06,1.97007E+11,1.06E-05,4.86E-05,2.918557105,0.118775258,0.014526758,0.524619074,0.133428438,0.121701303,0.133428438
-52.80604811,0.040090707,16826682264,1.14E-05,21674538571,9.99E-06,1.94358E+11,1.34E-05,6.63E-05,0.198137586,0.124455769,0.018270967,1.406031995,0.196167248,0.232434678,0.232434678
-43.51514844,0.019499541,3917544984,1.01E-05,5099266256,7.99E-06,2.09085E+11,1.07E-05,2.11E-06,2.237230423,0.155286536,0.018553981,0.774650721,0.139176405,0.232169887,0.232169887
-26.82980984,0.048880361,13287763487,1.34E-05,10025793161,5.21E-06,1.95486E+11,1.15E-05,4.96E-06,0.890903689,0.176493119,0.022737635,1.645023891,0.191553938,0.368426367,0.368426367
-76.85045283,0.030398565,5257015222,8.14E-06,38650013471,1.28E-05,2.00446E+11,1.24E-05,1.58E-05,0.497502155,0.144044919,0.014088305,0.669374709,0.212399102,0.178086876,0.212399102
-71.50097951,0.055111015,3343733196,7.61E-06,44075980149,8.58E-06,1.99974E+11,1.11E-05,7.28E-06,3.805973332,0.189061126,0.012127182,1.885629579,0.234703492,0.242441533,0.242441533
-32.20300104,0.035223055,24400706256,1.48E-05,15588810309,7.15E-06,2.04701E+11,1.29E-05,2.29E-05,0.116096319,0.131611401,0.02464064,0.578981026,0.202967431,0.27068659,0.27068659
-38.14188706,0.044914916,7498080671,9.60E-06,8010749722,4.36E-06,1.91119E+11,1.38E-05,5.47E-05,0.326945491,0.11199767,0.020661109,1.09141795,0.195231079,0.174943811,0.195231079
-58.15541996,0.025730086,11155132924,1.28E-05,24943760392,1.14E-05,2.0608E+11,1.02E-05,1.72E-06,1.351638948,0.167829964,0.016107705,0.989607118,0.122805027,0.310131955,0.310131955
-63.80204655,0.053136173,8377033593,1.42E-05,6451033780,1.21E-05,1.98294E+11,1.14E-05,8.30E-06,0.59765181,0.174107833,0.017653863,0.521548527,0.234695975,0.331634246,0.331634246
-39.9947742,0.029034865,9562314593,7.48E-06,20105498173,6.11E-06,2.03255E+11,1.25E-05,2.63E-05,0.947028757,0.105719851,0.019578141,1.775371677,0.146833182,0.137211703,0.146833182
-30.36426032,0.041534012,3674747287,1.22E-05,35856861036,7.91E-06,1.92175E+11,1.37E-05,3.50E-05,2.687422357,0.125388513,0.022123306,0.853765311,0.194186075,0.23916488,0.23916488
-65.83923375,0.015323345,20570609926,9.49E-06,12685701591,1.03E-05,2.06902E+11,1.03E-05,1.11E-06,0.210633438,0.195284063,0.015108103,1.072766316,0.172659805,0.271345128,0.271345128
-74.99732116,0.04635552,11945979417,1.08E-05,14457957790,1.13E-05,1.9268E+11,1.32E-05,7.90E-05,1.623631933,0.137821982,0.013150946,0.754697524,0.219473834,0.226205828,0.226205828
-21.18251225,0.021551188,6159744424,1.15E-05,55787205251,4.71E-06,2.07641E+11,1.09E-05,2.49E-06,0.347563398,0.182716007,0.024023933,1.203437329,0.157110479,0.302236463,0.302236463
-49.17668097,0.059364122,15378452671,8.76E-06,31566064603,6.50E-06,1.96539E+11,1.19E-05,3.32E-06,0.139466517,0.161564356,0.021681303,0.62430651,0.257186447,0.192943611,0.257186447
-54.64408655,0.03385665,4667463926,1.35E-05,7428642914,9.49E-06,2.01265E+11,1.20E-05,1.05E-05,4.04575731,0.1181779,0.01549298,1.470501091,0.118693449,0.267505729,0.267505729
-54.38362863,0.038089373,11350313845,8.23E-06,26021202943,5.55E-06,1.91898E+11,1.27E-05,5.61E-05,1.225710699,0.105326406,0.016886404,1.90586867,0.151711687,0.155087883,0.155087883
-49.31903586,0.018602328,5850327944,1.35E-05,9034454882,1.27E-05,2.07171E+11,1.13E-05,1.77E-06,0.28321544,0.174489535,0.019837019,0.573038724,0.162212037,0.331113838,0.331113838
-21.03922976,0.051097945,15105765688,1.02E-05,16236858234,9.77E-06,1.98258E+11,1.04E-05,7.50E-06,0.100568052,0.194109179,0.022167157,1.103122932,0.241811803,0.279955741,0.279955741
-75.25687562,0.03090778,4581736186,1.14E-05,49541139752,8.47E-06,2.03297E+11,1.35E-05,2.36E-05,3.451381999,0.126551274,0.014557257,0.97945874,0.177092297,0.22986877,0.22986877
-65.68862347,0.056095255,8483676649,1.28E-05,43471220851,4.14E-06,1.96264E+11,1.09E-05,4.92E-06,0.442952432,0.181553615,0.013308658,1.390173497,0.211337047,0.350613481,0.350613481
-30.63114258,0.037311426,9687807527,9.52E-06,10437235013,1.18E-05,2.01538E+11,1.30E-05,1.57E-05,0.781139376,0.138997237,0.023560765,0.783206004,0.213057761,0.206013153,0.213057761
-39.72699564,0.044493082,3846386475,1.48E-05,5754726015,8.92E-06,1.92642E+11,1.22E-05,6.56E-05,1.961591088,0.117796567,0.021028499,1.626451415,0.132931054,0.305109491,0.305109491
-63.95172209,0.023599873,21545354217,7.51E-06,22599196577,7.07E-06,2.07681E+11,1.18E-05,2.08E-06,0.176412347,0.16195817,0.015841915,0.676774868,0.225412716,0.170869132,0.225412716
-58.36371204,0.05245615,3297219074,9.39E-06,7140131740,7.43E-06,1.95443E+11,1.06E-05,3.36E-06,4.685296542,0.155686454,0.017894286,0.763831755,0.196002213,0.217106455,0.217106455
-37.81549195,0.026635498,24070614644,1.22E-05,28048184620,1.06E-05,2.00482E+11,1.34E-05,1.06E-05,0.154266954,0.124068333,0.019236168,1.189473717,0.180294974,0.230928128,0.230928128
-32.52846856,0.042260083,7151914271,7.39E-06,53407347595,1.22E-05,1.94088E+11,1.23E-05,7.96E-05,0.384447456,0.145226277,0.023177818,0.631856384,0.228696368,0.161070604,0.228696368
-77.16859255,0.048666497,17699444523,1.36E-05,11255093751,6.58E-06,1.91079E+11,1.29E-05,3.40E-05,0.239467989,0.132780266,0.01270741,0.516364909,0.214134636,0.244364092,0.244364092
-26.6279421,0.022142789,4119139664,8.86E-06,34351310668,9.14E-06,2.06118E+11,1.12E-05,1.08E-06,3.009170675,0.187880138,0.024569043,1.792549255,0.171192633,0.263741612,0.263741612
-43.71611988,0.057456162,13523261351,1.16E-05,17855021743,1.08E-05,1.99703E+11,1.00E-05,8.09E-06,1.060410565,0.16821777,0.020423679,0.845269277,0.190555301,0.290661756,0.290661756
-52.48697365,0.033041846,5346723981,1.09E-05,6204841577,4.93E-06,2.04976E+11,1.39E-05,2.57E-05,0.679467019,0.111598123,0.016852178,1.083159542,0.172302284,0.193723849,0.193723849
-51.82274392,0.059026227,22898117127,1.47E-05,45814317730,9.58E-06,2.0639E+11,1.01E-05,1.21E-05,0.864068934,0.107512156,0.013076014,0.680082907,0.126753598,0.239982354,0.239982354
-44.47278926,0.0342163,3138134939,7.88E-06,14997238759,6.46E-06,1.91428E+11,1.38E-05,3.84E-06,0.512968032,0.162562431,0.024155199,1.601545206,0.256635243,0.206994781,0.256635243
-24.0117513,0.046720921,10469229900,1.27E-05,8324169429,4.80E-06,2.02517E+11,1.30E-05,2.87E-06,0.204295569,0.19314418,0.021610338,0.83089855,0.288143789,0.328792132,0.328792132
-79.69400309,0.021207885,7036350985,9.90E-06,24004476241,1.12E-05,1.9779E+11,1.11E-05,9.12E-05,2.169859337,0.136476473,0.015621868,1.325236207,0.125886571,0.221766827,0.221766827
-70.5103958,0.040470976,4189092443,1.04E-05,20846111727,1.04E-05,2.02006E+11,1.25E-05,1.29E-06,0.337095344,0.180614317,0.017524876,0.932029769,0.260758036,0.281032957,0.281032957
-33.1679786,0.016364277,17990108605,1.11E-05,5301891135,7.86E-06,1.97045E+11,1.16E-05,4.05E-05,1.310902308,0.148945084,0.019649206,1.171362038,0.122502853,0.24895722,0.24895722
-35.31663125,0.054182684,5620494347,8.36E-06,9639665453,6.21E-06,2.0815E+11,1.07E-05,3.04E-05,3.691238785,0.119956521,0.02199194,0.563345433,0.166900215,0.148044828,0.166900215
-61.00645358,0.027966593,14208814742,1.31E-05,40197982739,1.21E-05,1.93424E+11,1.33E-05,9.57E-06,0.119701366,0.150008321,0.015183133,1.917251989,0.209256064,0.298276609,0.298276609
-62.85914,0.04527487,6571174408,1.20E-05,13913783361,1.14E-05,2.0095E+11,1.21E-05,1.49E-06,2.606662838,0.156285386,0.012056217,1.010437007,0.199177744,0.287415564,0.287415564
-40.96351579,0.025392323,12742640210,1.07E-05,57968740214,4.30E-06,1.96224E+11,1.19E-05,4.74E-05,0.217165765,0.11367941,0.024769528,0.916377783,0.149536001,0.189501251,0.189501251
-27.50603301,0.054767672,4978730816,1.39E-05,30368774375,7.22E-06,2.09831E+11,1.08E-05,1.98E-05,0.616191235,0.142722905,0.020586178,1.727278251,0.150915602,0.32211209,0.32211209
-68.67191212,0.035588244,16405630443,8.74E-06,7721483563,8.52E-06,1.9487E+11,1.32E-05,6.30E-06,0.918562783,0.186836449,0.016238972,0.530250709,0.29748735,0.223781608,0.29748735
-74.04690621,0.049921338,8915306493,7.02E-06,6709534905,1.28E-05,2.05336E+11,1.03E-05,1.36E-05,0.143789107,0.130254341,0.018139601,1.494149972,0.175767161,0.160767967,0.175767161
-22.15836169,0.029335746,7811494801,1.43E-05,19330811397,5.14E-06,1.90609E+11,1.36E-05,4.30E-06,3.924016418,0.199366358,0.018629011,0.607858207,0.250900201,0.373050694,0.373050694
-46.31102752,0.039022137,19181875905,9.01E-06,37282357045,8.07E-06,2.04196E+11,1.26E-05,1.82E-06,1.574787029,0.168839541,0.022608648,1.290712622,0.233299308,0.243652178,0.243652178
-57.4840194,0.020545926,3426105336,1.23E-05,12200600337,9.93E-06,1.99234E+11,1.15E-05,5.74E-05,0.358333024,0.101235092,0.01415937,0.711268987,0.105429936,0.188137104,0.188137104
-56.1307732,0.050384539,7547126161,1.32E-05,23185830890,8.69E-06,2.02976E+11,1.19E-05,4.00E-06,1.424242773,0.139547313,0.024355566,1.221462296,0.179698543,0.308614403,0.308614403
-47.54302356,0.031595137,11233583381,8.41E-06,5568385286,7.33E-06,1.97937E+11,1.20E-05,1.27E-05,0.310760634,0.183664671,0.012463781,0.749559729,0.248600056,0.21260912,0.248600056
-23.03541208,0.038783596,3337740422,1.11E-05,10737441552,4.48E-06,2.06868E+11,1.32E-05,9.51E-05,0.124713586,0.159552625,0.016633941,1.429323604,0.242721972,0.251502319,0.251502319
-73.29041934,0.017884802,24370398094,1.04E-05,42153018305,1.15E-05,1.91594E+11,1.09E-05,3.02E-06,3.54934419,0.116955042,0.020184812,0.647584018,0.113312023,0.195202163,0.195202163
-67.44290629,0.043805732,13134559294,9.84E-06,48068462542,1.01E-05,2.08632E+11,1.37E-05,3.81E-05,0.547738238,0.172012274,0.019043321,1.826446044,0.265322784,0.283444203,0.283444203
-28.84804925,0.024313274,5193551185,1.26E-05,16693899819,8.17E-06,1.93593E+11,1.03E-05,1.20E-06,0.807167938,0.104410113,0.01773159,0.502818668,0.09872634,0.189115993,0.189115993
-41.7302876,0.056812774,17050552852,7.82E-06,8747301611,5.32E-06,2.02462E+11,1.14E-05,9.02E-06,2.290260133,0.126977754,0.013763955,1.056983148,0.177505852,0.158023996,0.177505852
-61.97821338,0.036617208,3967751898,1.46E-05,26680724128,1.30E-05,1.97188E+11,1.26E-05,2.84E-05,0.193019101,0.19609969,0.023010361,0.859574189,0.263067853,0.417674567,0.417674567
-60.1248184,0.042951512,15295397975,1.25E-05,6031363033,1.11E-05,2.09685E+11,1.38E-05,4.34E-05,4.26382778,0.189870644,0.023750363,0.587677858,0.305513408,0.334856986,0.334856986
-36.08319608,0.016433216,4639990046,9.19E-06,18413387050,4.70E-06,1.94412E+11,1.02E-05,1.38E-06,0.132570803,0.133206752,0.013474453,1.873030542,0.123510772,0.172699856,0.172699856
-34.50931579,0.051739959,11980652263,1.45E-05,33482183689,6.28E-06,2.00783E+11,1.10E-05,5.78E-06,0.373295661,0.110681835,0.016033101,0.961855021,0.135300561,0.252319819,0.252319819
-69.28115349,0.027331045,6174220121,7.22E-06,11631738605,9.48E-06,1.95745E+11,1.29E-05,1.84E-05,1.514058875,0.165740502,0.021192708,1.131968116,0.241463348,0.195752618,0.241463348
-78.93729493,0.058165492,3706338067,8.56E-06,13255865321,1.19E-05,2.04033E+11,1.15E-05,4.77E-06,0.231859805,0.123226813,0.020053595,0.797037299,0.195136549,0.172858801,0.195136549
-24.88810744,0.032350413,20758843537,1.38E-05,52087154486,6.10E-06,1.98759E+11,1.24E-05,1.50E-05,2.43469873,0.153280903,0.017126784,1.355596013,0.152912677,0.317577064,0.317577064
-45.70453452,0.047970943,8241978061,1.05E-05,28907491398,7.69E-06,2.05187E+11,1.33E-05,6.37E-05,0.969654726,0.177435674,0.014772247,0.65944272,0.281217082,0.254615689,0.281217082
-50.46883298,0.022858984,9412688354,1.18E-05,6944648836,1.03E-05,1.90147E+11,1.07E-05,2.01E-06,0.582244524,0.14577636,0.022409124,1.656146157,0.114880787,0.278572262,0.278572262
-53.59852018,0.046006146,4877577847,7.69E-06,39073727963,5.94E-06,1.98719E+11,1.35E-05,1.55E-06,0.742546728,0.148297346,0.018818635,0.893188982,0.25198474,0.174226745,0.25198474
-42.7258235,0.021904849,16070773443,1.50E-05,9941022976,1.23E-05,2.03446E+11,1.06E-05,4.87E-05,0.466823242,0.17840561,0.018305421,1.02782419,0.113803444,0.341595185,0.341595185
-25.97794294,0.059716325,6279067072,9.71E-06,5167695944,1.07E-05,1.92375E+11,1.16E-05,2.07E-05,0.164503998,0.152706841,0.01435058,0.539783085,0.226107636,0.192397383,0.226107636
-77.6980282,0.033505647,12177412603,1.30E-05,21543500066,7.53E-06,2.07335E+11,1.23E-05,6.51E-06,2.106919487,0.121091009,0.022772881,1.682581779,0.133391959,0.278229552,0.278229552
-72.29373947,0.053485714,20412184343,1.13E-05,24792725697,5.10E-06,1.93124E+11,1.12E-05,1.75E-05,0.272741204,0.165137355,0.024986129,0.597547747,0.236765875,0.260805709,0.260805709
-31.41350266,0.028681372,3646453583,1.01E-05,8118482179,1.09E-05,2.07851E+11,1.28E-05,5.57E-06,1.269254532,0.1085261,0.012296622,1.532744304,0.132513419,0.179077841,0.179077841
-37.29041891,0.041181636,8954198897,1.33E-05,15456854839,9.32E-06,1.96719E+11,1.39E-05,2.33E-06,3.163075615,0.135757018,0.016453986,0.730193245,0.208012986,0.264028669,0.264028669
-59.00293989,0.015674174,7844310874,8.03E-06,44560439296,6.69E-06,2.0168E+11,1.01E-05,7.41E-05,0.109456552,0.190860705,0.02082817,1.268075061,0.19654237,0.21843617,0.21843617
-64.59165759,0.055460478,10001274294,1.09E-05,12517422506,8.30E-06,1.93944E+11,1.13E-05,1.09E-05,2.860181012,0.197082878,0.019435754,1.55910538,0.235312718,0.347406945,0.347406945
-39.20213047,0.034869301,6722484542,1.17E-05,36075472947,9.66E-06,2.08905E+11,1.27E-05,3.44E-06,0.252340995,0.129534892,0.017281272,0.692751511,0.187696296,0.218219481,0.218219481
-29.51685661,0.044562795,22427135637,8.93E-06,19887003755,1.25E-05,1.95275E+11,1.36E-05,2.59E-06,0.633681457,0.102249041,0.01496492,1.347063146,0.166268007,0.160581726,0.166268007
-66.69081455,0.02608101,3073280397,1.36E-05,6506136615,5.44E-06,2.00002E+11,1.05E-05,8.15E-05,1.139100829,0.171414459,0.021753097,0.810460282,0.138791164,0.322906532,0.322906532
-75.78653345,0.039741073,5643563914,1.41E-05,7491884255,6.89E-06,1.99541E+11,1.31E-05,1.07E-06,0.148580483,0.114813904,0.023962377,1.149985037,0.18445013,0.268917689,0.268917689
-20.38992396,0.019853124,14264784582,7.34E-06,31223324261,8.82E-06,2.04501E+11,1.10E-05,3.38E-05,4.852285989,0.158983899,0.012913343,0.957520502,0.162240261,0.171575548,0.171575548
-48.32898937,0.049232658,4456632495,1.21E-05,56125723961,1.17E-05,1.90928E+11,1.18E-05,2.53E-05,1.723029602,0.184627737,0.015433806,1.965515756,0.204357728,0.3673951,0.3673951
-55.4958408,0.030047817,19142139670,9.31E-06,14266302391,4.04E-06,2.05655E+11,1.21E-05,8.05E-06,0.418372935,0.142075173,0.021442906,0.55414484,0.204312427,0.186461722,0.204312427
-54.93145104,0.056949532,4073208449,1.17E-05,5433127511,6.60E-06,2.08356E+11,1.23E-05,3.11E-06,1.537686815,0.175783165,0.016136872,1.327160529,0.238270475,0.31990004,0.31990004
-48.74603644,0.036358442,17494831187,1.10E-05,23080054537,9.10E-06,1.93238E+11,1.17E-05,9.87E-05,0.367729664,0.144168864,0.02068908,0.815978527,0.187958538,0.238835175,0.238835175
-20.89492602,0.043237804,5420688021,1.37E-05,40782708322,1.08E-05,2.02114E+11,1.06E-05,1.31E-05,0.13059485,0.124720119,0.024668618,1.552811979,0.144915816,0.276478196,0.276478196
-75.42727189,0.024756104,13701771498,8.97E-06,10572797535,4.89E-06,1.96918E+11,1.35E-05,4.17E-06,4.330343668,0.154826852,0.012156343,0.705056244,0.224920873,0.199220621,0.224920873
-66.24355732,0.038240515,23744135946,7.26E-06,17265864549,7.45E-06,2.02702E+11,1.01E-05,2.76E-05,0.55631018,0.112263571,0.014058759,1.99497687,0.125970845,0.144744999,0.144744999
-30.05103173,0.01835248,3253570021,1.41E-05,48789020302,1.05E-05,1.97585E+11,1.40E-05,8.70E-06,1.015358624,0.167368778,0.022710067,0.550404225,0.198698668,0.331710175,0.331710175
-39.58977114,0.050545802,10764830771,9.28E-06,27360370285,1.22E-05,2.06516E+11,1.28E-05,1.16E-06,2.549470495,0.188349721,0.018526419,1.154660309,0.273573232,0.27490506,0.27490506
-64.11503911,0.031360875,7236128480,1.20E-05,8781687318,5.73E-06,1.91321E+11,1.12E-05,3.66E-05,0.221531056,0.131736946,0.018241415,0.940802899,0.154875526,0.23906412,0.23906412
-58.45308414,0.047504601,9816719002,1.49E-05,18329426556,4.26E-06,2.04303E+11,1.05E-05,1.90E-05,3.604932124,0.125459834,0.015522531,0.537598545,0.14511534,0.261156698,0.261156698
-37.75129685,0.023403389,8600128836,7.65E-06,5884845441,1.17E-05,1.99107E+11,1.36E-05,6.04E-06,0.122847336,0.194626783,0.021708866,1.712486087,0.308377806,0.225566033,0.308377806
-31.90374184,0.058403825,21294034480,1.29E-05,11453354621,9.04E-06,2.05541E+11,1.26E-05,1.42E-06,0.306108618,0.173590909,0.024051501,0.880001591,0.261925356,0.326540187,0.326540187
-71.89041816,0.032193233,3803895896,9.63E-06,32393821895,6.97E-06,1.90424E+11,1.13E-05,4.52E-05,1.44655664,0.106041391,0.013180491,1.034811463,0.126432912,0.166797817,0.166797817
-77.26553384,0.05199739,5918116685,1.01E-05,52868078686,5.67E-06,2.09958E+11,1.22E-05,1.94E-06,0.184409365,0.161049032,0.015078941,0.733154104,0.251506131,0.228376869,0.251506131
-26.55617781,0.027192962,11478047334,1.13E-05,13710003966,1.26E-05,1.94763E+11,1.18E-05,6.10E-05,2.398368806,0.118497988,0.02209533,1.245948569,0.12388635,0.224852095,0.224852095
-43.09893018,0.04250461,4521924460,8.12E-06,6971931780,9.89E-06,2.01136E+11,1.09E-05,1.46E-05,0.845264469,0.137891802,0.01955017,0.606510811,0.185976176,0.164860334,0.185976176
-53.07807082,0.016997062,14898113676,1.33E-05,29643930922,8.37E-06,1.96018E+11,1.31E-05,4.58E-06,0.523308949,0.182060277,0.017624695,1.522381782,0.161575012,0.360065437,0.360065437
-50.1103743,0.041638365,7656470215,9.15E-06,9800128790,1.27E-05,1.92769E+11,1.08E-05,6.77E-06,1.088283681,0.186170753,0.013853515,0.976291963,0.217430879,0.258718127,0.258718127
-46.21033588,0.015120156,8744367195,1.24E-05,37756524266,5.26E-06,2.07574E+11,1.32E-05,2.13E-05,0.663577916,0.14357165,0.023277153,1.124351188,0.144701262,0.270411139,0.270411139
-25.30595381,0.053240514,3500689832,7.13E-06,21420180996,7.97E-06,1.9645E+11,1.20E-05,5.09E-05,0.264248649,0.113209628,0.01913169,0.590079752,0.183806322,0.118697109,0.183806322
-78.37370805,0.028831685,19606234618,1.44E-05,5048497086,1.00E-05,2.01332E+11,1.19E-05,1.60E-06,2.7325581,0.157328506,0.017997986,1.840365884,0.123203897,0.356619721,0.356619721
-68.80556319,0.05949048,12472191769,1.38E-05,8160616876,1.13E-05,1.98366E+11,1.25E-05,7.12E-05,0.424934484,0.100776016,0.016748788,0.649685604,0.165775608,0.222547041,0.222547041
-34.89798822,0.033675316,6427586623,8.59E-06,25394582870,4.42E-06,2.03171E+11,1.14E-05,2.26E-06,1.697259538,0.169896421,0.020527873,1.667388899,0.189491827,0.22664555,0.22664555
-36.61840295,0.046481887,16734328903,1.18E-05,45172158708,7.12E-06,1.92103E+11,1.04E-05,5.33E-06,4.779758701,0.198714086,0.024469225,0.793804004,0.213266301,0.333481529,0.333481529
-59.67858935,0.021369842,5076461015,1.06E-05,16005269830,8.64E-06,2.06986E+11,1.37E-05,1.69E-05,0.150909341,0.131113457,0.012806444,1.379644648,0.191120234,0.205691002,0.205691002
-61.57592382,0.049061568,18391229113,8.49E-06,34859259990,1.04E-05,1.99888E+11,1.29E-05,8.49E-05,2.013025641,0.137385221,0.014454353,1.435150219,0.208423395,0.200389235,0.208423395
-42.22155496,0.030272251,4279561130,1.32E-05,12340042236,7.89E-06,2.04771E+11,1.10E-05,2.67E-06,0.172256678,0.192442368,0.022269259,0.63629722,0.216123185,0.341537423,0.341537423
-29.30995537,0.040271923,13934016972,1.05E-05,6356080144,6.17E-06,1.91206E+11,1.02E-05,3.57E-06,0.48881893,0.163667428,0.019736894,1.239808934,0.168305244,0.258726141,0.258726141
-66.8940823,0.019373215,5509888484,1.12E-05,19773119925,1.21E-05,2.06011E+11,1.39E-05,1.12E-05,0.70946209,0.107005056,0.016987313,0.744508117,0.150275144,0.190377796,0.190377796
-72.77076928,0.045118235,3199345925,1.26E-05,31981211994,9.54E-06,1.94294E+11,1.07E-05,7.71E-06,0.111165605,0.151099467,0.015740497,1.052684223,0.191692082,0.282003067,0.282003067
-23.40932162,0.025625691,23359726444,9.75E-06,7530784772,6.48E-06,2.09176E+11,1.33E-05,2.45E-05,3.115980375,0.119438621,0.021129108,0.874832508,0.166276483,0.180275383,0.180275383
-48.1220613,0.055314322,6883432365,1.45E-05,14772511144,4.76E-06,1.9555E+11,1.24E-05,3.26E-05,1.250344893,0.149843368,0.023458949,1.799440995,0.187519183,0.368466378,0.368466378
-55.69907814,0.035118669,10245785640,7.78E-06,56896075135,1.13E-05,2.00355E+11,1.16E-05,1.04E-06,0.277002373,0.179898989,0.013411251,0.506226691,0.252196278,0.188471889,0.252196278
-56.93427093,0.043951209,21034943333,1.07E-05,9253378620,1.20E-05,1.96612E+11,1.11E-05,2.28E-05,1.795519004,0.166647803,0.021851726,1.75318118,0.181149179,0.305174856,0.305174856
-46.77202705,0.024068747,3757236597,1.19E-05,26155142369,5.99E-06,2.01807E+11,1.29E-05,7.17E-06,0.402387927,0.109981617,0.014865489,0.526664767,0.150924234,0.183925767,0.183925767
-22.64870817,0.05625531,9302987150,8.67E-06,51300576099,7.78E-06,1.9292E+11,1.38E-05,1.71E-06,0.161466821,0.134313389,0.017385852,1.014532208,0.239349847,0.175203512,0.239349847
-73.6437065,0.037075968,8150846753,1.39E-05,16460300405,1.02E-05,2.08037E+11,1.02E-05,5.39E-05,4.474039519,0.189362144,0.019331957,0.900385044,0.164896638,0.368819922,0.368819922
-68.23929617,0.051233152,4693877429,1.44E-05,10085725104,1.12E-05,1.92248E+11,1.33E-05,2.16E-06,0.689802816,0.146865852,0.021546195,1.271651841,0.215719484,0.352707357,0.352707357
-28.08416059,0.030647474,15467122874,7.07E-06,42856534298,4.59E-06,2.07443E+11,1.06E-05,6.85E-05,1.044069903,0.176919185,0.015329708,0.716102856,0.205726877,0.171321434,0.205726877
-41.33650087,0.037522995,6093484475,1.24E-05,22076976706,6.38E-06,1.98533E+11,1.16E-05,1.61E-05,2.9628166,0.154180645,0.013013059,1.488100099,0.154733279,0.292856372,0.292856372
-62.33858336,0.019046698,11816221492,9.09E-06,5721540386,9.37E-06,2.03651E+11,1.25E-05,5.13E-06,0.243109319,0.122509881,0.023863439,0.618659544,0.175431069,0.171336644,0.175431069
-60.44194223,0.057712397,5135670966,7.95E-06,28192624377,1.02E-05,1.90723E+11,1.32E-05,2.43E-06,3.295956115,0.116287756,0.022875887,0.834274915,0.207840415,0.158840277,0.207840415
-35.73357103,0.032902556,12982638508,1.47E-05,7313134736,8.14E-06,2.0584E+11,1.08E-05,7.66E-05,0.105255512,0.160402819,0.014248383,1.302094261,0.16840955,0.312095692,0.312095692
-33.67285907,0.048220791,4022599049,9.95E-06,13011131874,5.37E-06,1.99433E+11,1.20E-05,1.02E-05,0.296414414,0.183196291,0.018405649,0.690274384,0.262495133,0.243481436,0.262495133
-70.15102696,0.022707842,17275799329,1.27E-05,55304222027,1.29E-05,2.04629E+11,1.21E-05,3.23E-06,1.170519925,0.140588796,0.01871763,1.590731232,0.124292856,0.296531136,0.296531136
-79.24685314,0.04179528,11080927398,1.10E-05,33865660632,8.74E-06,1.95089E+11,1.15E-05,2.64E-05,0.17908436,0.195639201,0.020929486,0.561070353,0.275661821,0.291994705,0.291994705
-24.54604801,0.017688495,7447411560,1.03E-05,10876013853,7.30E-06,2.00206E+11,1.26E-05,8.39E-06,1.931487082,0.128036284,0.016353473,1.951299982,0.118734902,0.20462803,0.20462803
-44.86053722,0.052692944,24640614197,1.30E-05,6169045659,4.53E-06,1.93817E+11,1.37E-05,1.12E-06,0.769147115,0.103759442,0.012398335,0.918256166,0.168586582,0.213492733,0.213492733
-51.34624703,0.026476767,3376967518,8.30E-06,17442471103,1.15E-05,2.09012E+11,1.03E-05,3.55E-05,0.449664075,0.172869928,0.024883632,1.179335239,0.179689257,0.232162766,0.232162766
-52.0845768,0.053955289,14582754737,1.22E-05,15221542561,6.86E-06,2.02277E+11,1.36E-05,8.75E-05,0.932439836,0.170324433,0.021294904,0.622512789,0.28416774,0.288265464,0.288265464
-44.20726566,0.028134722,5765478500,9.46E-06,47382420748,8.87E-06,1.97393E+11,1.04E-05,2.78E-06,0.606703733,0.102764997,0.015930096,1.463299681,0.102643717,0.163475931,0.163475931
-27.08974093,0.040948267,18772120467,1.42E-05,24099867787,1.16E-05,2.08505E+11,1.13E-05,3.70E-06,0.21382405,0.128634664,0.013575459,0.760722607,0.154929447,0.260355185,0.260355185
-76.61964696,0.015830809,4368886389,7.45E-06,8536578278,4.08E-06,1.937E+11,1.27E-05,1.18E-05,2.64601786,0.197799324,0.023650135,1.210585695,0.244211863,0.225625233,0.244211863
-70.77225551,0.047178857,6853790625,8.79E-06,5277927274,8.26E-06,2.06662E+11,1.19E-05,9.99E-06,0.342214346,0.141167625,0.022509639,0.857963714,0.215030743,0.196736819,0.215030743
-32.90248539,0.020655063,10202624122,1.35E-05,20340616440,9.71E-06,1.9178E+11,1.22E-05,3.14E-05,1.648247926,0.185327708,0.01467093,1.075856092,0.150484766,0.360559869,0.360559869
-38.39465128,0.05877982,3006422815,1.08E-05,39580291268,1.25E-05,2.02869E+11,1.30E-05,4.20E-05,4.107102941,0.157877062,0.01722928,0.518468151,0.25817976,0.230426187,0.25817976
-57.93212427,0.034365418,21948963875,1.15E-05,9325990562,5.49E-06,1.98065E+11,1.09E-05,1.32E-06,0.137319852,0.115322204,0.019951884,1.761303256,0.139984143,0.216472394,0.216472394
-63.593385,0.039579117,3574108542,1.34E-05,59952714916,4.99E-06,2.05059E+11,1.17E-05,6.06E-06,2.202753936,0.121551203,0.020284245,1.09864432,0.142352109,0.267363632,0.267363632
-40.23290429,0.020092157,20020687876,8.18E-06,14121916102,1.10E-05,1.90255E+11,1.24E-05,1.92E-05,0.201139686,0.151648017,0.016535311,0.996832628,0.202010936,0.184194586,0.202010936
-31.04911054,0.049773642,8014996928,1.14E-05,7918532368,9.21E-06,2.03847E+11,1.34E-05,4.53E-05,0.505039166,0.179055938,0.012567576,1.877665699,0.251929643,0.317994234,0.317994234
-65.12514388,0.029583564,9152383657,1.02E-05,30489384793,6.78E-06,1.98964E+11,1.05E-05,1.44E-06,0.877176189,0.147439349,0.024250987,0.576926891,0.168293954,0.221042749,0.221042749
-74.78117803,0.054595386,15729274278,9.57E-06,18862015778,5.83E-06,2.00676E+11,1.39E-05,5.97E-05,0.114308929,0.191527601,0.023114457,1.633093485,0.349504742,0.28138189,0.349504742
-21.42778059,0.035811471,4771122960,1.29E-05,6679224505,1.24E-05,1.95871E+11,1.00E-05,1.88E-06,3.86369715,0.134906434,0.013660668,0.664970951,0.124154819,0.246471656,0.246471656
-49.85413544,0.045806916,12421672933,7.58E-06,11803620550,1.06E-05,2.0948E+11,1.12E-05,4.49E-06,1.372136216,0.108994042,0.017830529,1.411036486,0.146578753,0.15105509,0.15105509
-53.93727798,0.024913621,6402179443,1.49E-05,36709380757,7.62E-06,1.94597E+11,1.28E-05,1.41E-05,0.321912519,0.164095434,0.018943604,0.777933295,0.188485904,0.347467124,0.347467124
-53.76014037,0.045880402,3772620786,9.07E-06,22712872660,1.10E-05,2.07139E+11,1.31E-05,2.69E-05,0.619120948,0.199631623,0.014469434,0.807790944,0.310442769,0.260506666,0.310442769
-49.91869168,0.024937679,21119301314,1.24E-05,5780185677,5.00E-06,1.91944E+11,1.10E-05,8.46E-06,0.912362553,0.129732252,0.022298621,1.34421871,0.110364429,0.256625214,0.256625214
-21.59677144,0.054670255,8116052689,7.09E-06,10390401726,6.80E-06,2.03329E+11,1.18E-05,1.13E-06,2.588734762,0.100890005,0.019753561,0.697870879,0.158321524,0.114522679,0.158321524
-74.72310916,0.035836891,9264014029,1.43E-05,43249862111,9.22E-06,1.98212E+11,1.21E-05,3.56E-05,0.218174271,0.169269601,0.017015089,1.573019897,0.200939905,0.37689175,0.37689175
-65.0724877,0.049672689,15528679587,1.39E-05,49804025380,1.24E-05,2.01487E+11,1.13E-05,2.44E-06,1.609805824,0.113444282,0.015725429,0.555224962,0.152849335,0.2344674,0.2344674
-31.22350335,0.029433161,4713240066,8.68E-06,16313176030,5.85E-06,1.96291E+11,1.27E-05,7.75E-05,0.351250199,0.156825404,0.021099758,1.972349822,0.207500077,0.21288726,0.21288726
-40.29189048,0.039476778,11767125061,1.19E-05,8992978305,7.65E-06,2.07732E+11,1.36E-05,1.03E-05,0.140962483,0.187162844,0.023442294,0.949213536,0.300299897,0.314214677,0.314214677
-63.41065945,0.019940391,6067263768,1.07E-05,25886001717,1.06E-05,1.92615E+11,1.05E-05,3.27E-06,4.011791862,0.142261947,0.013383488,1.141358808,0.106045202,0.235895184,0.235895184
-57.74937917,0.058926062,12930538574,8.29E-06,6233282198,8.88E-06,2.00509E+11,1.12E-05,2.14E-06,0.205231104,0.148490229,0.013855888,1.697312153,0.205799648,0.204369839,0.205799648
-38.45360003,0.034473196,5115490283,1.30E-05,17947768598,6.88E-06,1.95391E+11,1.28E-05,6.74E-05,2.155074254,0.180934608,0.023319198,0.543863699,0.244438693,0.319189229,0.319189229
-33.07685485,0.047323713,17350991359,1.03E-05,34171613228,4.10E-06,2.09335E+11,1.39E-05,1.61E-05,0.858291744,0.150554443,0.01913565,1.025826757,0.245806792,0.232362507,0.245806792
-70.71956525,0.020761478,4039784724,1.10E-05,11202971086,1.17E-05,1.9414E+11,1.01E-05,5.06E-06,0.515373781,0.119715289,0.018038445,0.890097116,0.101744037,0.210352157,0.210352157
-76.56161195,0.040917386,7418372216,1.27E-05,12892758789,9.72E-06,2.06164E+11,1.35E-05,2.26E-05,3.774021883,0.162998594,0.016746403,1.25877685,0.224703887,0.333072231,0.333072231
-27.25875491,0.015761487,11036123859,9.96E-06,53682224532,8.29E-06,1.91047E+11,1.06E-05,7.17E-06,0.117341582,0.107160965,0.020485815,0.723735493,0.115624293,0.154495858,0.154495858
-44.27185956,0.05392579,3391278136,1.47E-05,27906485506,5.51E-06,2.04929E+11,1.16E-05,1.69E-06,0.330413515,0.135960488,0.024465253,1.537812355,0.171276515,0.336267848,0.336267848
-51.90745898,0.028066761,24748713093,7.94E-06,7108345710,1.25E-05,1.99734E+11,1.23E-05,5.36E-05,1.34012934,0.193403341,0.012765973,0.598814191,0.262775838,0.219248366,0.262775838
-51.28348429,0.052707377,5743000342,1.15E-05,39994899648,8.13E-06,1.91475E+11,1.15E-05,6.00E-05,0.393676621,0.188121083,0.015537614,1.134174843,0.242162954,0.32075252,0.32075252
-45.03948621,0.02654065,14523770225,1.08E-05,9596751343,1.01E-05,2.06358E+11,1.24E-05,1.91E-06,1.832049022,0.132233858,0.021738231,0.965198377,0.160452557,0.227688428,0.227688428
-24.60225185,0.041808353,4387411564,1.35E-05,5325940099,1.29E-05,1.97744E+11,1.34E-05,4.49E-06,4.565609345,0.111277545,0.024068171,1.856779461,0.141994878,0.27709925,0.27709925
-79.076008,0.017750995,18854407439,8.81E-06,20953400750,5.35E-06,2.02549E+11,1.07E-05,1.43E-05,0.157990083,0.168672339,0.013208269,0.583269854,0.190014777,0.200942233,0.200942233
-69.97848844,0.048058038,10161706199,7.46E-06,23878902829,7.28E-06,1.97072E+11,1.38E-05,6.13E-06,1.071765298,0.123808695,0.01506387,1.650693029,0.212384777,0.163896175,0.212384777
-33.72738028,0.022594517,6826834412,1.42E-05,8285619269,8.72E-06,2.01955E+11,1.02E-05,1.93E-05,0.673795132,0.156201963,0.022065976,0.658050007,0.114235795,0.286715593,0.286715593
-35.91448519,0.057551008,22044506757,9.44E-06,15065979111,1.15E-05,1.93397E+11,1.10E-05,4.61E-05,0.237439333,0.175675337,0.019533513,1.365613456,0.230632164,0.262396178,0.262396178
-60.38116254,0.032790616,3019262520,1.22E-05,46052293660,4.50E-06,2.08201E+11,1.29E-05,1.45E-06,3.04104632,0.144789637,0.017596929,0.804151499,0.191505446,0.2620709,0.2620709
-62.277766,0.037640396,20100336578,1.49E-05,12144587188,5.97E-06,1.96172E+11,1.37E-05,9.84E-06,0.102989524,0.1385667,0.016139248,0.642835025,0.230070022,0.279596087,0.279596087
-41.51739525,0.01920254,3588853852,7.56E-06,37088641911,1.20E-05,2.00977E+11,1.03E-05,3.13E-05,3.363400473,0.181898225,0.020731129,1.416683461,0.15996339,0.223828126,0.223828126
-28.13864794,0.051351917,9114323227,1.28E-05,19433387000,1.02E-05,1.94922E+11,1.14E-05,4.16E-05,1.194329399,0.162479782,0.02467258,0.752038382,0.208089418,0.305434764,0.305434764
-68.06673452,0.030804702,7980527985,9.59E-06,6741071043,7.77E-06,2.09804E+11,1.26E-05,1.32E-06,0.289998447,0.117530826,0.012196805,1.224049802,0.164572999,0.177784535,0.177784535
-73.47288471,0.056198335,4790641605,1.02E-05,7686835580,4.56E-06,1.90578E+11,1.19E-05,8.72E-05,1.982493838,0.174950207,0.014056371,0.86709926,0.24897326,0.258254241,0.258254241
-22.7049461,0.037057456,15792394460,1.14E-05,30214131765,1.11E-05,2.05383E+11,1.20E-05,2.75E-06,0.174906942,0.104999725,0.022668006,1.064974843,0.149442054,0.195349672,0.195349672
-46.95099561,0.043892873,6374840364,8.16E-06,58260323573,9.35E-06,1.99266E+11,1.32E-05,3.67E-06,0.439227402,0.12601097,0.018522445,0.501841987,0.219876894,0.146371369,0.219876894
-56.87154563,0.024048853,12369640915,1.34E-05,13975338598,6.36E-06,2.04149E+11,1.09E-05,1.16E-05,0.789553025,0.194344021,0.018200941,1.820122936,0.124635809,0.365040641,0.365040641
-55.76366121,0.055382283,17419866941,1.20E-05,26557951374,7.87E-06,1.97905E+11,1.03E-05,1.92E-06,0.639054434,0.159206535,0.020319945,0.532092953,0.198858663,0.260887401,0.260887401
-47.94495409,0.035148168,4056210376,9.26E-06,8701780078,1.04E-05,2.03023E+11,1.36E-05,6.09E-05,1.126964424,0.114261393,0.016556729,1.730640363,0.169479329,0.185162613,0.185162613
-23.35128315,0.045187558,13758097496,1.40E-05,16782384845,1.21E-05,1.91625E+11,1.26E-05,1.44E-05,2.830018943,0.141736285,0.01260169,0.909501589,0.17999535,0.293916664,0.293916664
-72.93978695,0.025656572,5442338623,7.27E-06,48293767696,6.15E-06,2.06821E+11,1.15E-05,4.56E-06,0.254513341,0.185076202,0.024273993,1.00166844,0.24648291,0.204452885,0.24648291
-67.06844114,0.040165508,3240103637,8.99E-06,41964219873,6.47E-06,1.93542E+11,1.21E-05,1.89E-05,1.768299332,0.129281358,0.023078744,0.709765178,0.194038231,0.182145775,0.194038231
-29.25727595,0.019228359,23641582259,1.37E-05,10682879562,9.52E-06,2.08659E+11,1.20E-05,5.94E-06,0.408588036,0.197616697,0.013639237,1.286458065,0.154007408,0.380248493,0.380248493
-42.03880617,0.048953789,7264810072,1.10E-05,5596467652,1.12E-05,1.9724E+11,1.08E-05,1.42E-06,0.145086814,0.171771276,0.017796403,0.613281601,0.226492326,0.253012506,0.253012506
-61.63487604,0.03012601,10809410770,1.17E-05,23288545693,4.74E-06,2.02435E+11,1.32E-05,4.47E-05,4.979223823,0.101830712,0.018920585,1.505187805,0.129057519,0.206879096,0.206879096
-59.73756492,0.046633654,8637700726,1.33E-05,6909605388,5.24E-06,1.94439E+11,1.25E-05,2.77E-05,0.165909812,0.108101667,0.021343312,1.313512647,0.165553897,0.243703695,0.243703695
-36.43568825,0.021472181,9858498688,8.10E-06,28779177385,1.27E-05,2.09634E+11,1.16E-05,8.78E-06,2.084831285,0.165500275,0.015938832,0.824803875,0.187570502,0.204115617,0.204115617
-34.84532835,0.059640883,3788569160,1.13E-05,52323979852,1.00E-05,1.95718E+11,1.07E-05,1.17E-06,0.734681246,0.19138842,0.013622281,1.604935215,0.212039452,0.338449815,0.338449815
-68.97995947,0.033776269,21210703756,1.01E-05,13324201061,7.95E-06,2.00834E+11,1.33E-05,3.71E-05,0.470751998,0.135509588,0.023660458,0.682329782,0.21977999,0.210665331,0.21977999
-78.54268806,0.053215094,11526502271,9.64E-06,11570740065,4.40E-06,1.98805E+11,1.02E-05,3.16E-06,3.246001523,0.178847972,0.022461243,1.931741027,0.188912766,0.29110602,0.29110602
-25.24789555,0.028756816,5944175366,1.29E-05,33326928817,1.13E-05,2.04001E+11,1.38E-05,9.94E-05,0.106876945,0.147964561,0.014662207,0.568275879,0.230532306,0.247273274,0.247273274
-46.03319481,0.041614307,14840261278,7.64E-06,18497633464,8.62E-06,1.90101E+11,1.30E-05,1.33E-05,0.266347688,0.120532394,0.017182471,1.167304113,0.197190247,0.150300384,0.197190247
-53.25704306,0.042524504,8781304011,1.06E-05,44764312911,1.18E-05,2.03492E+11,1.29E-05,7.69E-06,0.38084539,0.153527857,0.022911585,1.450379839,0.224030115,0.271957129,0.271957129
-43.03620141,0.017055398,7690156012,1.18E-05,15536977791,4.27E-06,1.98687E+11,1.12E-05,2.42E-05,1.481035832,0.122698621,0.014269799,0.629774256,0.106587791,0.205396707,0.205396707
-26.38536664,0.052015902,19530109504,8.61E-06,8075907147,6.99E-06,2.07289E+11,1.00E-05,3.23E-05,4.170308578,0.145412962,0.018439759,1.200087407,0.161469258,0.19961451,0.19961451
-77.32176093,0.027249937,3486474019,1.38E-05,24677761720,9.06E-06,1.92407E+11,1.39E-05,1.02E-06,0.1352366,0.17785963,0.018740633,0.76947411,0.272326465,0.345949135,0.345949135
-71.94490897,0.058246598,6455670463,1.44E-05,21641450785,1.26E-05,2.07878E+11,1.06E-05,8.37E-05,0.976183326,0.132977727,0.020893775,1.086921718,0.155674797,0.322219946,0.322219946
-31.73117651,0.032074468,12525254079,7.15E-06,5194335764,5.68E-06,1.93073E+11,1.34E-05,2.66E-06,0.579525543,0.190428972,0.016332045,0.846914891,0.295309096,0.190935376,0.295309096
-37.69049034,0.047348758,5056019611,1.24E-05,9890858859,8.39E-06,2.01653E+11,1.23E-05,3.54E-06,0.230803315,0.166073001,0.012364212,1.779098929,0.216848383,0.315174441,0.315174441
-58.6339679,0.023285988,16668782858,9.14E-06,38900285735,9.90E-06,1.9677E+11,1.17E-05,1.12E-05,2.45139763,0.110239187,0.024860617,0.511883326,0.148043763,0.159375536,0.159375536
-64.29595673,0.050657742,4261833133,7.76E-06,14338248987,9.12E-06,2.08854E+11,1.09E-05,7.22E-05,0.127214145,0.103961362,0.021900131,0.986861552,0.159100981,0.137681369,0.159100981
-39.52898776,0.031522264,18311841538,1.46E-05,56374361072,6.62E-06,1.93971E+11,1.30E-05,2.27E-06,3.471693282,0.172350876,0.014874222,1.11277705,0.184103592,0.364842503,0.364842503
-29.87850405,0.03835384,5531719449,9.77E-06,31083476634,4.90E-06,2.00053E+11,1.22E-05,5.42E-06,1.393258011,0.196651915,0.017432671,0.571053392,0.269555968,0.248732276,0.269555968
-66.29806791,0.018515233,13991728479,1.25E-05,7453813985,1.08E-05,1.95248E+11,1.18E-05,1.71E-05,0.317027593,0.126754833,0.019342277,1.902161736,0.113041268,0.258414955,0.258414955
-75.48347943,0.043175304,23259596219,1.12E-05,6540621582,1.05E-05,2.0447E+11,1.27E-05,6.81E-06,2.306116845,0.184082523,0.021497801,0.67078799,0.274632789,0.302281399,0.302281399
-20.72407741,0.024743032,3185996214,1.05E-05,19980216268,7.47E-06,1.99587E+11,1.14E-05,2.16E-05,0.192127233,0.139190019,0.015320988,1.614519526,0.149403246,0.214785643,0.214785643
-48.68328432,0.05688565,10287868176,1.32E-05,35909467435,5.74E-06,2.05686E+11,1.04E-05,5.09E-05,0.545145295,0.116420746,0.012966253,0.784863079,0.139936618,0.231364163,0.231364163
-55.1103892,0.036344008,6910942737,8.48E-06,12452280209,1.23E-05,1.90882E+11,1.35E-05,1.62E-06,0.812654802,0.159805683,0.023853132,1.394766907,0.247112531,0.230910403,0.247112531
-55.55674208,0.049159158,11282096814,1.46E-05,8826863294,9.68E-06,1.9327E+11,1.39E-05,4.71E-06,0.478127911,0.11901457,0.012098274,0.581190368,0.199637741,0.246008293,0.246008293
-48.1481825,0.030023766,7578638434,7.83E-06,27484540048,8.31E-06,2.08309E+11,1.00E-05,1.50E-05,0.72368239,0.151462769,0.024771913,1.894423441,0.149485193,0.20117452,0.20117452
-20.33552434,0.039666212,24270257000,1.26E-05,48571934969,5.47E-06,1.96886E+11,1.12E-05,6.27E-05,2.053638532,0.180427086,0.020626649,0.993549359,0.189125467,0.326058841,0.326058841
-75.95917925,0.019827691,3324512707,9.82E-06,17178595374,1.25E-05,2.0216E+11,1.28E-05,1.99E-06,0.168507771,0.149596318,0.016242944,1.096324362,0.205368872,0.224545593,0.224545593
-66.86155241,0.044663757,5215394771,1.04E-05,10627691286,8.84E-06,1.97637E+11,1.17E-05,4.32E-05,1.244577932,0.192885111,0.018097556,0.771184393,0.257810706,0.290838041,0.290838041
-29.46053118,0.026231399,13190881577,1.11E-05,40969734526,6.90E-06,2.02675E+11,1.23E-05,1.36E-06,0.278917861,0.137052818,0.018626639,1.400452197,0.163765087,0.231730674,0.231730674
-39.02307419,0.055562804,3951891365,8.42E-06,22973222556,4.06E-06,1.9127E+11,1.34E-05,5.77E-06,0.111922006,0.106446823,0.022568189,0.666267031,0.203803685,0.134446703,0.203803685
-64.65429874,0.035021076,16981074456,1.31E-05,5404692630,1.17E-05,2.06543E+11,1.05E-05,1.82E-05,3.10120945,0.163896548,0.01415541,1.638771605,0.126384746,0.331927062,0.331927062
-59.0655579,0.041035408,4619737162,1.18E-05,29783192528,1.23E-05,1.99081E+11,1.19E-05,3.82E-05,0.258483458,0.170119437,0.013105364,1.208233003,0.217156899,0.304095419,0.304095419
-37.11132877,0.015566388,15230808037,1.06E-05,7008943706,5.97E-06,2.04354E+11,1.22E-05,1.22E-06,2.787841084,0.100223887,0.024170267,0.758089216,0.110386516,0.170201438,0.170201438
-31.35715744,0.05334085,6199292073,1.38E-05,13638800638,7.55E-06,1.90451E+11,1.30E-05,9.10E-06,1.110158055,0.130774951,0.021638101,1.47611046,0.182004784,0.304157196,0.304157196
-72.46443966,0.02857497,12027538380,8.54E-06,52625236033,1.07E-05,2.0549E+11,1.09E-05,2.89E-05,0.649028987,0.199162933,0.015638523,0.627218862,0.23598778,0.245089111,0.245089111
-77.87071144,0.059747198,20670553778,7.20E-06,32537056441,1.09E-05,1.94716E+11,1.35E-05,4.06E-06,4.757397983,0.143318497,0.017495513,1.767126913,0.244591262,0.194263627,0.244591262
-25.92356289,0.033574983,3690272656,1.45E-05,11510992337,5.12E-06,2.0999E+11,1.04E-05,1.28E-05,0.151926671,0.186704954,0.019634126,0.519566945,0.197735031,0.33302265,0.33302265
-42.54505072,0.046035658,9449850356,9.21E-06,5854892778,6.70E-06,1.96065E+11,1.13E-05,9.61E-05,0.427846206,0.157685705,0.021964165,1.067967433,0.208752345,0.223831496,0.223831496
-53.65944482,0.021972802,8275161541,1.25E-05,18247135260,9.34E-06,2.01104E+11,1.27E-05,3.02E-06,1.6895369,0.11279168,0.015166466,0.850376035,0.124922157,0.217409422,0.217409422
-50.65143693,0.047956496,16002414498,8.05E-06,15923807597,4.68E-06,2.07527E+11,1.15E-05,1.06E-06,0.302902017,0.118049619,0.017936347,1.576929334,0.166769375,0.161419715,0.166769375
-45.64544104,0.022795109,4856442971,1.33E-05,44969358758,1.10E-05,1.92801E+11,1.26E-05,3.35E-05,1.458906296,0.161388016,0.019238556,0.685096783,0.174409199,0.311429568,0.311429568
-24.71359303,0.058152428,12225459044,1.00E-05,25506871269,9.47E-06,2.01379E+11,1.37E-05,2.52E-05,3.635294854,0.182612883,0.023218292,1.304632737,0.285800954,0.290679308,0.290679308
-78.98984382,0.0322879,6304369877,1.13E-05,8201684944,6.26E-06,1.96418E+11,1.03E-05,7.93E-06,0.121545276,0.137669262,0.013956016,0.837174888,0.159432592,0.22221564,0.22221564
-69.33932966,0.051902721,3630528164,1.30E-05,5022277979,6.09E-06,2.03144E+11,1.31E-05,1.08E-05,0.825349186,0.195045017,0.012665361,1.188050058,0.278962339,0.374488705,0.374488705
-34.34044654,0.027444357,20326058986,9.70E-06,21321791953,1.19E-05,1.98417E+11,1.08E-05,3.42E-06,0.537024975,0.125102921,0.024566667,0.926452275,0.138692757,0.197313615,0.197313615
-36.01874713,0.043112887,7876160661,1.50E-05,37933900469,1.03E-05,2.07013E+11,1.20E-05,2.56E-06,0.189266417,0.105507477,0.020383218,1.944875153,0.13387419,0.276170825,0.276170825
-60.30207761,0.016545164,8989254663,7.71E-06,9852155599,7.67E-06,1.92052E+11,1.21E-05,8.11E-05,2.342127246,0.173844348,0.016848216,0.55988545,0.216037223,0.193499773,0.216037223
-62.15543849,0.056695387,6750768915,9.33E-06,56632721707,7.31E-06,2.04822E+11,1.33E-05,1.77E-05,0.129202356,0.167616113,0.016915757,0.903362531,0.292012292,0.223900195,0.292012292
-41.66581528,0.036461357,10044155665,1.21E-05,14695198780,8.68E-06,1.99861E+11,1.06E-05,5.58E-06,4.36709713,0.11173576,0.01985209,1.016681433,0.114731281,0.223268337,0.223268337
-28.67914256,0.043686959,3061006220,7.33E-06,7569885085,1.15E-05,2.05959E+11,1.16E-05,2.37E-06,1.550914327,0.13137393,0.022194924,0.522802486,0.195717094,0.141602324,0.195717094
-67.5010629,0.02415606,22335692033,1.41E-05,32127877924,4.47E-06,1.91232E+11,1.25E-05,7.45E-05,0.363854153,0.188774058,0.014573915,1.737676858,0.175995442,0.390218111,0.390218111
-73.34298801,0.038840562,14326439279,1.36E-05,19685141640,8.15E-06,2.09208E+11,1.11E-05,1.56E-06,2.489827339,0.143940221,0.013279292,0.617457909,0.164116497,0.279169475,0.279169475
-22.86093533,0.017903327,5667113728,8.92E-06,6323954282,1.01E-05,1.94247E+11,1.29E-05,4.96E-05,0.227352906,0.176341875,0.023545681,1.482948442,0.225965969,0.236858889,0.236858889
-47.48395322,0.050442889,19063511071,1.16E-05,12403524629,1.29E-05,2.00323E+11,1.38E-05,2.08E-05,0.570858679,0.155159732,0.02100072,0.722371867,0.262955778,0.268611628,0.268611628
-56.31341102,0.031615023,4438968283,1.09E-05,35017464935,5.31E-06,1.95597E+11,1.02E-05,6.59E-06,0.991492132,0.124277853,0.015825244,1.281266495,0.113133465,0.216351872,0.216351872
-57.30324293,0.038954184,5826194316,7.52E-06,5694996109,4.29E-06,2.01839E+11,1.07E-05,3.46E-05,0.492169015,0.13445196,0.019444477,0.738921522,0.177270945,0.150963417,0.177270945
-46.37195563,0.020516414,11305513867,1.48E-05,21961252532,1.14E-05,1.96566E+11,1.33E-05,1.09E-06,0.898289273,0.191848274,0.017329668,1.229049765,0.171176552,0.420628098,0.420628098
-22.33103432,0.049852003,4601597050,9.51E-06,43078789534,8.51E-06,2.08005E+11,1.24E-05,8.17E-06,2.255524532,0.164641937,0.01497523,0.638507959,0.241405859,0.212399357,0.241405859
-73.992537,0.029304873,15168593891,1.28E-05,10131845413,7.20E-06,1.92966E+11,1.16E-05,2.57E-05,0.195988715,0.108753191,0.021799907,1.437943814,0.130527457,0.234790615,0.234790615
-68.61556344,0.054874074,9649238571,1.15E-05,16387196922,5.13E-06,2.07494E+11,1.29E-05,3.37E-06,1.360436013,0.152084561,0.023953641,0.510743279,0.255606912,0.242717924,0.255606912
-27.6767369,0.035733108,8448969755,1.02E-05,51041825736,1.28E-05,1.92221E+11,1.10E-05,1.07E-05,0.325340691,0.121200394,0.012864935,1.812733956,0.132076,0.203839084,0.203839084
-41.02612296,0.045382657,21635620588,1.34E-05,26290036066,9.91E-06,2.036E+11,1.02E-05,8.01E-05,0.115541123,0.146923744,0.015423483,0.872982963,0.171005096,0.279184265,0.279184265
-62.68006047,0.025538551,3862942890,8.25E-06,9295428408,8.05E-06,1.9856E+11,1.39E-05,2.55E-06,3.831173153,0.17931548,0.021396084,1.049214352,0.267442,0.231356184,0.267442
-60.82739383,0.054030909,24168748774,1.09E-05,17353795375,6.44E-06,2.05813E+11,1.25E-05,4.90E-06,0.208336399,0.185593354,0.018840066,1.84426154,0.274297093,0.31739041,0.31739041
-35.37927609,0.027864268,3310069359,1.16E-05,6141429354,9.57E-06,1.90774E+11,1.14E-05,1.54E-05,2.709561807,0.140645917,0.018341135,0.592029328,0.156547667,0.232736054,0.232736054
-33.33870562,0.040320587,10600373380,8.85E-06,10924220563,1.12E-05,2.04656E+11,1.04E-05,6.55E-05,0.954937384,0.114977499,0.014373599,1.114404632,0.129404394,0.167250433,0.167250433
-70.45408098,0.016263315,7121827673,1.36E-05,34036368532,4.79E-06,1.99382E+11,1.37E-05,2.06E-06,0.591209161,0.158307503,0.022807008,0.969130751,0.170638131,0.323583614,0.323583614
-79.63959979,0.046746354,4135335181,1.42E-05,55016281023,7.84E-06,2.0016E+11,1.08E-05,5.54E-05,4.072791975,0.10253025,0.024964711,1.374865272,0.113169045,0.269873227,0.269873227
-24.18440057,0.021282747,17770993819,7.38E-06,12951290259,1.04E-05,1.95121E+11,1.32E-05,1.76E-06,0.138791156,0.170864832,0.012260921,0.792259303,0.256404005,0.172094488,0.256404005
-44.53367993,0.059050278,5324070206,1.22E-05,7347429626,1.21E-05,2.09058E+11,1.20E-05,7.37E-06,0.345836473,0.198126101,0.016430981,1.679989518,0.262397333,0.381441789,0.381441789
-51.64194789,0.0342898,13464425064,9.40E-06,28341988841,6.20E-06,1.93785E+11,1.19E-05,2.34E-05,1.634298541,0.128174087,0.020794056,0.655371659,0.178531438,0.18112285,0.18112285
-52.42791414,0.057436276,3150465406,1.31E-05,9369725332,1.06E-05,1.97347E+11,1.22E-05,1.38E-05,0.294396606,0.127606129,0.023759084,1.044045196,0.192396732,0.277209918,0.277209918
-43.89874708,0.032983496,22990763203,8.37E-06,39789990145,7.44E-06,2.02308E+11,1.18E-05,4.37E-06,1.175872402,0.195984193,0.013522846,0.886502147,0.247276771,0.234361571,0.247276771
-26.68051424,0.048647972,7006534811,1.11E-05,20234714489,5.79E-06,1.93747E+11,1.09E-05,1.83E-06,3.311441588,0.173391922,0.016043408,1.708864823,0.179219568,0.29883957,0.29883957
-76.99411212,0.022085822,10423696738,1.03E-05,5253653040,1.22E-05,2.08473E+11,1.31E-05,5.81E-05,0.104550896,0.103494082,0.021239514,0.535826971,0.172695907,0.161316637,0.172695907
-71.1228879,0.042417297,18063443827,9.88E-06,8574416258,9.16E-06,1.91753E+11,1.05E-05,1.51E-06,0.753990559,0.160863873,0.020044863,1.510958789,0.176507517,0.265188238,0.265188238
-32.58661432,0.017261312,4205425013,1.27E-05,24221350460,6.59E-06,2.06714E+11,1.36E-05,4.74E-05,0.459744807,0.115961456,0.017078379,0.601246886,0.144168767,0.209822828,0.209822828
-37.99272075,0.052612,14146531619,7.90E-06,47141536450,4.95E-06,1.98091E+11,1.26E-05,2.01E-05,0.1830783,0.140048873,0.014761928,1.250276075,0.223559582,0.168283853,0.223559582
-58.29923626,0.026752885,5596869915,1.47E-05,15153402895,1.08E-05,2.02818E+11,1.13E-05,6.34E-06,1.893189159,0.183431515,0.022362306,0.734581378,0.162200929,0.375049999,0.375049999
-63.88728375,0.044381134,12691954311,1.23E-05,36898709744,1.27E-05,1.90306E+11,1.01E-05,1.26E-06,0.160375881,0.177160512,0.024376994,0.702613463,0.210121374,0.314991251,0.314991251
-39.904244,0.023438497,6544275059,9.03E-06,11857260076,5.57E-06,2.05032E+11,1.40E-05,4.01E-05,4.495340789,0.146319826,0.012499492,1.549791632,0.192347538,0.200118648,0.200118648
-30.68932243,0.055981943,16474388422,1.43E-05,6649561165,8.48E-06,1.98913E+11,1.28E-05,3.00E-05,1.803842209,0.122189685,0.016656956,0.822145805,0.179435839,0.267095816,0.267095816
-65.51975075,0.037148665,5000158776,7.00E-06,18766880569,9.79E-06,2.03873E+11,1.11E-05,9.55E-06,0.399623754,0.154635595,0.020218935,1.338775465,0.204466085,0.180891205,0.204466085
-75.08237205,0.051160458,7779282815,8.72E-06,30647505617,1.19E-05,1.95903E+11,1.23E-05,1.21E-05,2.904229161,0.10972236,0.019021905,0.942793324,0.174733597,0.169795345,0.174733597
-21.09176803,0.030920844,8880113062,1.40E-05,7954742988,4.16E-06,2.0063E+11,1.17E-05,3.80E-06,0.248517474,0.167163693,0.017695892,1.158475453,0.173636692,0.327442312,0.327442312
-49.50164327,0.038153248,3440968959,1.07E-05,14056400381,7.08E-06,1.94565E+11,1.06E-05,2.86E-06,0.705228236,0.189713239,0.013740952,0.545535285,0.217776713,0.265834019,0.265834019
-54.32453146,0.018616775,19261608862,1.19E-05,59638455712,8.95E-06,2.09527E+11,1.35E-05,8.99E-05,1.023552104,0.133877131,0.02297625,1.980341607,0.137807088,0.263587518,0.263587518
-54.47421594,0.05939362,7935614056,1.03E-05,17033595878,6.13E-06,1.9887E+11,1.38E-05,2.03E-05,2.187718929,0.145926,0.024838997,1.525626562,0.242299288,0.260151447,0.260151447
-49.23385577,0.033924611,9062083564,1.10E-05,49105140256,1.21E-05,2.03909E+11,1.02E-05,6.38E-06,0.202069179,0.177541833,0.012341408,0.595277504,0.19302095,0.262567571,0.262567571
-21.35865565,0.0463864,3627883423,8.25E-06,27318753126,1.04E-05,1.90036E+11,1.11E-05,1.52E-06,0.507434538,0.153460329,0.016309236,1.262402293,0.191785706,0.199491088,0.199491088
-74.93175641,0.02162051,20321048961,1.31E-05,8945439081,7.92E-06,2.0531E+11,1.30E-05,4.79E-05,0.871291373,0.123352065,0.020872161,0.727294397,0.149304718,0.250920037,0.250920037
-65.77931058,0.041389156,12096598367,1.47E-05,5477347751,4.73E-06,1.94526E+11,1.16E-05,1.78E-06,0.119120813,0.16600092,0.018761862,1.031920188,0.216845543,0.349642189,0.349642189
-30.54603457,0.01521693,6234874009,7.97E-06,22833995197,1.13E-05,2.09564E+11,1.25E-05,5.67E-05,3.715931797,0.110897233,0.018462979,0.897203247,0.134651463,0.141999262,0.141999262
-40.04660783,0.052989931,16232598915,1.27E-05,41419884342,9.51E-06,1.95631E+11,1.33E-05,1.34E-05,1.319504399,0.133495417,0.014293013,1.688999819,0.186968704,0.286098029,0.286098029
-63.62681689,0.028927086,4923585944,1.00E-05,10537687945,6.51E-06,2.00904E+11,1.07E-05,4.24E-06,0.335422897,0.190106672,0.022932821,0.542301068,0.221161419,0.261373098,0.261373098
-57.98017073,0.045017255,18980683488,7.12E-06,52945855822,8.00E-06,1.9347E+11,1.20E-05,2.94E-06,0.926184469,0.196383728,0.023831896,0.953235758,0.286752122,0.215518702,0.286752122
-38.19368325,0.025881853,4417256221,1.43E-05,13457821143,1.00E-05,2.08743E+11,1.21E-05,9.26E-05,0.609581144,0.127218311,0.01294304,1.145421129,0.118751489,0.274884626,0.274884626
-32.38475194,0.055211969,14382344202,9.10E-06,7068775138,1.28E-05,1.97312E+11,1.31E-05,1.24E-05,0.214812106,0.104675059,0.015297769,0.551572242,0.184650823,0.139595067,0.184650823
-71.44102225,0.035373458,5686485228,1.23E-05,29459372963,5.23E-06,2.0235E+11,1.08E-05,3.90E-06,2.627957907,0.172223045,0.021476571,1.958045632,0.143452181,0.345043145,0.345043145
-76.78492194,0.048805492,3090598429,1.19E-05,18049252772,7.16E-06,1.97816E+11,1.37E-05,2.97E-05,0.356576863,0.11712994,0.01936389,0.695394869,0.209222108,0.21735615,0.21735615
-27.00597638,0.030373145,22562637704,1.06E-05,5904815875,8.60E-06,2.0309E+11,1.03E-05,9.44E-06,1.585024787,0.159682503,0.017455482,1.566376214,0.131427195,0.263569073,0.263569073
-43.57236091,0.04001722,6648553273,1.39E-05,11358572393,1.14E-05,1.91715E+11,1.15E-05,1.26E-06,3.95002778,0.183818939,0.014897026,0.813688993,0.197906269,0.364622266,0.364622266
-52.63619728,0.019475482,9897526164,8.65E-06,32734983337,4.38E-06,2.06754E+11,1.26E-05,3.99E-05,0.143100427,0.139648943,0.021921751,1.353119034,0.196838143,0.179543513,0.196838143
-51.4995845,0.038491098,3934731151,1.28E-05,8251532800,9.01E-06,2.04378E+11,1.13E-05,7.78E-05,3.414355049,0.141814496,0.019000927,0.504993687,0.177070052,0.253170409,0.253170409
-44.79414634,0.018257079,16897989710,9.62E-06,25168994170,7.00E-06,1.99652E+11,1.27E-05,2.47E-06,0.10140261,0.184412079,0.017874768,1.832791536,0.24807914,0.247952771,0.24807914
-23.9248403,0.050795011,5235759769,1.48E-05,45352612308,4.23E-06,2.05778E+11,1.35E-05,3.29E-06,0.285529476,0.158695023,0.013717596,0.863144474,0.239281825,0.321515519,0.321515519
-79.78288809,0.031264101,13235950504,7.60E-06,15751055296,1.18E-05,1.90817E+11,1.04E-05,1.05E-05,1.212425408,0.114577664,0.023159091,1.060836783,0.138768221,0.157112892,0.157112892
-70.18719291,0.057045019,24504951774,8.13E-06,9744997027,9.85E-06,2.08784E+11,1.30E-05,8.26E-06,0.17755936,0.171264273,0.024194053,0.746837331,0.302873828,0.206715967,0.302873828
-33.48932171,0.036107773,3358286782,1.34E-05,38257562298,8.41E-06,1.94057E+11,1.09E-05,2.60E-05,1.951975458,0.102142337,0.012522948,1.216409087,0.095298456,0.222588056,0.222588056
-35.22959206,0.043334664,11111299218,1.02E-05,21038751146,5.63E-06,2.00122E+11,1.19E-05,3.48E-05,0.777397254,0.129354968,0.016477981,0.645341514,0.181593481,0.187005518,0.187005518
-61.09518088,0.024506809,7467990169,1.14E-05,5052849317,1.26E-05,1.95161E+11,1.22E-05,1.09E-06,0.445888999,0.196957129,0.020240012,1.423168437,0.21192865,0.351612836,0.351612836
-63.00644709,0.052252092,9521168010,1.35E-05,31855624860,1.09E-05,2.07962E+11,1.34E-05,7.32E-06,1.859800325,0.190685405,0.020021506,1.361228364,0.269387622,0.411519759,0.411519759
-40.81783937,0.027090695,8342226338,8.77E-06,7653017441,4.85E-06,1.93001E+11,1.05E-05,2.33E-05,0.38761133,0.135626738,0.017261221,0.799942136,0.150521788,0.172740814,0.172740814
-27.88592663,0.042760686,20655463780,1.16E-05,14606079141,6.64E-06,2.01569E+11,1.17E-05,5.48E-05,0.155556253,0.108371382,0.01474095,1.663307887,0.144803517,0.202046742,0.202046742
-68.29010174,0.016896168,3689372494,1.08E-05,57393795663,9.07E-06,1.96842E+11,1.24E-05,1.74E-06,4.63475915,0.165035274,0.022541181,0.661734643,0.180115623,0.26895874,0.26895874
-74.19439893,0.047606954,6133939814,9.47E-06,35487725351,1.23E-05,2.03559E+11,1.12E-05,6.71E-05,0.684011867,0.120806664,0.023580109,1.866542019,0.156493223,0.220853181,0.220853181
-22.01290041,0.023148601,11894983878,1.22E-05,12328655360,5.70E-06,1.98599E+11,1.28E-05,2.11E-06,1.055268728,0.152465978,0.013543923,0.585147879,0.178868353,0.247613523,0.247613523
-46.6910216,0.058504805,4686181830,7.50E-06,6393342295,7.48E-06,2.07222E+11,1.39E-05,5.05E-06,2.994244216,0.178140309,0.015860467,1.127858315,0.306287243,0.206757535,0.306287243
-57.10227998,0.031937071,15441421719,1.42E-05,19518881046,1.05E-05,1.92495E+11,1.01E-05,1.59E-05,0.241039171,0.14808622,0.021262969,0.957874535,0.135082687,0.294453678,0.294453678
-56.45577842,0.047098477,14085152828,1.14E-05,10218242800,9.25E-06,2.06239E+11,1.06E-05,2.62E-06,2.117454433,0.111348134,0.017668934,1.175830088,0.127483106,0.218520323,0.218520323
-47.22348278,0.020931824,5569505518,1.01E-05,42611644258,6.74E-06,1.90966E+11,1.35E-05,8.32E-05,0.163434159,0.16801584,0.019607494,0.9363775,0.243508847,0.239894613,0.243508847
-23.12047727,0.058700813,18134041297,1.34E-05,22094832019,5.02E-06,2.04855E+11,1.23E-05,1.11E-05,0.463728456,0.18760499,0.022139964,1.924892468,0.238951032,0.391134638,0.391134638
-73.19971804,0.034643552,4219808639,8.08E-06,5619584008,1.10E-05,1.99816E+11,1.17E-05,3.52E-06,0.746176038,0.132554715,0.015135869,0.565877276,0.190137847,0.15882144,0.190137847
-67.76792549,0.053678614,7074313213,7.67E-06,9172077845,1.07E-05,2.00605E+11,1.28E-05,2.50E-05,0.108547709,0.175160696,0.013135862,1.594380676,0.290283978,0.209323357,0.290283978
-28.52855194,0.028215017,10529629766,1.49E-05,26450192220,7.59E-06,1.95332E+11,1.11E-05,7.87E-06,3.197517686,0.145108895,0.023994567,0.677382985,0.131822451,0.299463753,0.299463753
-41.81551049,0.040670219,3102781969,9.68E-06,50486901239,5.87E-06,2.09239E+11,1.01E-05,1.05E-06,1.283218842,0.123877733,0.021664633,1.319082109,0.131056296,0.200810318,0.200810318
-61.88764026,0.015909731,22655178508,1.29E-05,16527094740,1.24E-05,1.94199E+11,1.40E-05,3.31E-05,0.270510888,0.155546965,0.015465201,0.827741733,0.191902973,0.292809519,0.292809519
-59.97569501,0.054521872,3466950196,1.40E-05,33830113286,1.16E-05,2.01424E+11,1.26E-05,2.10E-05,1.144601015,0.161769145,0.018273356,0.610279782,0.243988169,0.318909589,0.318909589
-36.22702669,0.036084112,19417779759,7.30E-06,11071081295,4.12E-06,1.96385E+11,1.13E-05,6.67E-06,0.629517435,0.117655602,0.018596042,1.500867131,0.151448746,0.141641098,0.151448746
-34.13123848,0.045732029,7773631506,1.20E-05,6089415357,6.82E-06,2.07795E+11,1.05E-05,1.57E-06,0.250714614,0.138831833,0.02274161,0.713982992,0.169305148,0.242171863,0.242171863
-69.66480969,0.025184888,8877978086,9.30E-06,17544457954,8.90E-06,1.92521E+11,1.36E-05,4.99E-05,2.874313113,0.181437808,0.014128779,1.296731836,0.241344816,0.2613757,0.2613757
-78.78795641,0.039306561,16300775418,1.09E-05,28653100588,1.24E-05,2.0706E+11,1.10E-05,2.30E-06,0.414976143,0.126277604,0.012124807,0.912123528,0.153423985,0.218140479,0.218140479
-25.03175242,0.020165586,4945069783,1.17E-05,7285407672,5.53E-06,1.92021E+11,1.31E-05,7.24E-05,1.741884105,0.193882053,0.024598591,1.006596752,0.206080383,0.328207128,0.328207128
-45.32638624,0.04950246,12874545874,8.96E-06,13125279611,8.23E-06,2.03408E+11,1.22E-05,1.73E-05,4.904833948,0.174237971,0.020657146,0.527877923,0.263774424,0.21171167,0.263774424
-50.8523887,0.029658365,6634793452,1.37E-05,54684453847,9.75E-06,1.98135E+11,1.18E-05,5.44E-06,0.147355463,0.105125953,0.016067244,1.720423268,0.123701302,0.233471831,0.233471831
-53.50975007,0.051511201,21799036096,9.80E-06,5221938124,5.40E-06,1.90496E+11,1.21E-05,5.71E-06,3.526024403,0.101398474,0.013354324,0.780493862,0.152103562,0.15786434,0.15786434
-42.8128485,0.030568553,3894257417,1.25E-05,20506440987,1.29E-05,2.05457E+11,1.19E-05,1.80E-05,0.125315663,0.168956378,0.023414313,1.384186916,0.213438419,0.320857071,0.320857071
-25.65669985,0.037799671,9642252925,7.79E-06,39453946757,1.02E-05,1.99348E+11,1.08E-05,4.29E-05,0.312295844,0.19955646,0.021071783,0.674316827,0.250637375,0.216850347,0.250637375
-78.0213025,0.018966403,8446925926,1.45E-05,9472538097,8.11E-06,2.04075E+11,1.32E-05,1.35E-06,1.415064796,0.130393332,0.015696259,1.619722751,0.105400947,0.302263277,0.302263277
-72.20489727,0.044030216,4553115155,1.32E-05,15319826681,4.56E-06,1.96112E+11,1.04E-05,6.46E-05,0.195131043,0.187086179,0.017044644,0.575418878,0.221855065,0.324160297,0.324160297
-31.50042785,0.023790613,15001452470,8.45E-06,46742083804,1.15E-05,2.01073E+11,1.37E-05,2.05E-06,2.271667356,0.142924576,0.019781126,1.912817211,0.189549655,0.201578958,0.201578958
-36.96896181,0.056335691,5910027068,1.12E-05,24546841458,8.78E-06,1.94982E+11,1.25E-05,4.83E-06,0.800513614,0.113954346,0.022326192,0.983695553,0.177314329,0.21545473,0.21545473
-59.32602789,0.036799207,11461871271,1.05E-05,8522411150,7.26E-06,2.09708E+11,1.14E-05,1.53E-05,0.553669398,0.156510724,0.014498983,1.106955416,0.185852703,0.248026173,0.248026173
-64.97335399,0.042066462,5300962347,8.58E-06,18926992873,7.75E-06,1.97166E+11,1.02E-05,9.38E-05,1.504210719,0.150281685,0.012736425,1.786041075,0.156175732,0.214450537,0.214450537
-38.82212197,0.017613694,13398627857,1.39E-05,6577232357,1.02E-05,2.01892E+11,1.39E-05,2.95E-06,0.375162499,0.120183339,0.024437682,0.514228021,0.158802558,0.246499165,0.246499165
-29.66241814,0.052965499,4151491189,1.06E-05,11929443793,1.20E-05,1.93303E+11,1.29E-05,3.94E-06,0.133218878,0.149196294,0.02045825,1.079407261,0.241925976,0.239693323,0.241925976
-66.54339347,0.026403339,17831819731,1.19E-05,36408911969,6.03E-06,2.08264E+11,1.10E-05,1.24E-05,4.235556617,0.180814415,0.016716849,0.841630369,0.16861649,0.311284006,0.311284006
-76.16838686,0.057787284,10702901281,1.24E-05,58848490093,6.34E-06,1.91552E+11,1.24E-05,9.16E-06,0.588585094,0.136665096,0.018067615,1.194617393,0.203215183,0.280025929,0.280025929
-20.01004476,0.032631288,7194222741,9.17E-06,14141839897,9.40E-06,2.06278E+11,1.15E-05,2.91E-05,0.961602681,0.193284743,0.019163623,0.766486491,0.232683395,0.25040501,0.25040501
-48.47456554,0.048294306,23802910738,1.44E-05,7868440006,1.11E-05,1.97667E+11,1.07E-05,3.87E-05,2.414787147,0.162727385,0.023347178,1.45949217,0.156773359,0.366475332,0.366475332
-55.34846207,0.022435201,3261762083,7.18E-06,30908681592,4.62E-06,2.02628E+11,1.33E-05,1.23E-06,0.234410955,0.107627513,0.013885052,0.634159216,0.176278221,0.111017678,0.176278221
-54.8426093,0.040567836,22118397895,1.38E-05,43619294569,7.19E-06,2.00249E+11,1.32E-05,3.62E-06,2.744889779,0.172732399,0.022441058,1.075036698,0.228125545,0.365415019,0.365415019
-48.83296119,0.016114981,3030856261,8.51E-06,10277486254,8.56E-06,1.95054E+11,1.09E-05,1.15E-05,0.262398919,0.103567738,0.014841876,0.85658572,0.111527775,0.133718919,0.133718919
-20.57346847,0.05427817,10111334475,1.18E-05,5815425634,1.14E-05,2.08969E+11,1.19E-05,8.62E-05,0.658859136,0.127917797,0.017158321,1.75966546,0.162261753,0.260292799,0.260292799
-75.75036034,0.027715925,6796751236,1.05E-05,22411578089,4.34E-06,1.93852E+11,1.20E-05,2.74E-06,1.093056264,0.195477233,0.020123621,0.517722776,0.252928474,0.279411487,0.279411487
-66.15478676,0.059275436,4323076220,9.24E-06,25542860335,8.03E-06,2.05885E+11,1.14E-05,3.21E-05,0.149588202,0.140365095,0.021161165,1.465407348,0.20976629,0.217040873,0.217040873
-30.13805717,0.034119526,18567774306,1.25E-05,9047549687,9.96E-06,1.9069E+11,1.25E-05,1.01E-06,4.829533626,0.182919953,0.015963081,0.62309179,0.230081822,0.309242245,0.309242245
-39.2685285,0.046971503,5800969640,7.23E-06,16136046638,1.28E-05,2.04584E+11,1.37E-05,7.61E-06,1.715151883,0.160199699,0.013442513,1.212532335,0.261300727,0.189232524,0.261300727
-64.43831297,0.021112485,14663268482,1.45E-05,50228006489,5.18E-06,1.99466E+11,1.03E-05,2.39E-05,0.421261542,0.116039616,0.023680741,0.761302951,0.08941897,0.235330048,0.235330048
-58.834938,0.050022318,6372873592,1.26E-05,11135242959,4.84E-06,2.07408E+11,1.10E-05,5.15E-05,0.712531438,0.122311387,0.023054593,0.664351725,0.16476919,0.235002628,0.235002628
-37.37141721,0.029079584,12359812963,9.86E-06,34630186171,1.12E-05,1.9229E+11,1.29E-05,1.64E-06,0.485371352,0.153927977,0.013821285,1.630747843,0.195355885,0.237340951,0.237340951
-32.04931756,0.03912449,4829154611,1.46E-05,17796013154,9.62E-06,2.03686E+11,1.38E-05,6.86E-06,0.171060912,0.176690955,0.017776219,0.777341824,0.271261264,0.349982707,0.349982707
-71.74303988,0.020291137,15910552030,7.86E-06,6301615600,6.42E-06,1.98491E+11,1.02E-05,2.18E-05,2.021991024,0.146594141,0.019100255,1.408768342,0.133384578,0.185690982,0.185690982
-77.64722979,0.045530946,9239760322,8.39E-06,7186477570,6.24E-06,2.01774E+11,1.34E-05,5.26E-06,0.274624254,0.189248186,0.020140177,0.998436859,0.319568023,0.23762426,0.319568023
-26.17616976,0.025291429,8094787657,1.32E-05,27670266998,1.20E-05,1.96657E+11,1.07E-05,1.66E-05,1.263451794,0.134146795,0.016577013,1.099481018,0.102101623,0.263080225,0.263080225
-43.24449215,0.055022375,19877528099,1.04E-05,54404163147,1.05E-05,2.0807E+11,1.15E-05,7.04E-05,3.148244737,0.109839461,0.012419543,0.577757099,0.157509491,0.167090639,0.167090639
-52.9306493,0.035485977,3550791346,1.12E-05,12814691594,7.83E-06,1.92875E+11,1.24E-05,2.21E-06,0.110198896,0.166460628,0.024298242,1.879414628,0.239831643,0.28624711,0.28624711
-50.43539394,0.055844672,11763465342,7.35E-06,20826611775,1.22E-05,1.95836E+11,1.16E-05,1.40E-06,4.29980672,0.164319585,0.02137288,0.716891167,0.244328818,0.185230541,0.244328818
-45.89083813,0.037406827,6062452220,1.41E-05,5397587716,5.81E-06,2.00719E+11,1.23E-05,4.41E-05,0.131159735,0.10927083,0.015402269,1.27412845,0.149472426,0.238259418,0.238259418
-25.39117625,0.044243873,15653479002,9.37E-06,9515568982,7.39E-06,1.94633E+11,1.35E-05,1.87E-05,0.369367128,0.135109956,0.012843714,0.619445096,0.22174327,0.172420353,0.22174327
-78.28313539,0.023696647,4748511262,1.21E-05,40434721873,1.06E-05,2.09438E+11,1.06E-05,5.90E-06,1.527014229,0.191776143,0.023930444,1.490747191,0.138656793,0.372342657,0.372342657
-69.13056796,0.037993887,8227730448,1.17E-05,46557397901,1.08E-05,1.90222E+11,1.40E-05,1.48E-05,0.223853051,0.147577232,0.02182272,0.525729216,0.260807101,0.244165834,0.260807101
-34.57844788,0.018852997,9396663757,1.09E-05,14938669984,4.96E-06,2.05105E+11,1.01E-05,4.70E-06,2.527584914,0.179247996,0.01499686,1.750959073,0.097524716,0.284938704,0.284938704
-36.7034686,0.051001085,3730792692,1.37E-05,8396844652,6.55E-06,1.98997E+11,1.12E-05,1.97E-06,1.006529719,0.15176681,0.017351291,0.898635473,0.179199349,0.305043863,0.305043863
-59.5878876,0.031157075,20895346280,8.89E-06,23734640148,9.18E-06,2.03801E+11,1.28E-05,6.24E-05,0.562069874,0.121713478,0.019467297,1.013415957,0.18041837,0.176850937,0.18041837
-61.42658575,0.048411794,3402650451,1.00E-05,6798485899,9.80E-06,1.91822E+11,1.36E-05,1.30E-05,1.436429242,0.115436373,0.020771236,1.953780237,0.181478186,0.218971205,0.218971205
-42.3651995,0.022245056,24843684381,1.13E-05,19222457898,8.44E-06,2.06627E+11,1.04E-05,4.08E-06,0.307490281,0.158043869,0.016409357,0.56206767,0.152752673,0.244023805,0.244023805
-28.93180665,0.057200087,7381610228,8.02E-06,37313902953,5.58E-06,1.98022E+11,1.13E-05,3.07E-06,0.123386177,0.185470123,0.012239291,1.180631919,0.258625575,0.205881924,0.258625575
-67.27763847,0.03314274,10987464618,1.33E-05,11983664059,1.27E-05,2.02904E+11,1.27E-05,9.66E-05,3.579293303,0.141355059,0.024941898,0.920045744,0.17806493,0.308252976,0.308252976
-72.62164544,0.052353797,17096588439,1.49E-05,13790024144,8.96E-06,1.97439E+11,1.18E-05,1.18E-06,0.528759107,0.197998316,0.022830205,1.299562383,0.240782282,0.458548198,0.458548198
-23.55315268,0.026890286,3978360196,7.74E-06,58615830817,7.03E-06,2.02243E+11,1.21E-05,3.74E-05,0.83786393,0.12888783,0.014394819,0.833358105,0.170325583,0.146526343,0.170325583
-47.74398444,0.042159103,13061077643,1.30E-05,29885910079,4.18E-06,1.93655E+11,1.31E-05,2.80E-05,2.37763643,0.102993772,0.018362349,1.587907588,0.138020722,0.235347841,0.235347841
-56.08273389,0.017398701,5164610797,9.73E-06,7752527283,1.18E-05,2.08538E+11,1.10E-05,8.88E-06,0.186353582,0.170596689,0.01886327,0.689398576,0.183241027,0.240277852,0.240277852
-56.61106849,0.053566094,5054469964,8.81E-06,47885005555,1.25E-05,1.94796E+11,1.04E-05,4.64E-05,2.669130596,0.182298154,0.016820642,1.670070076,0.20297312,0.274200591,0.274200591
-47.09336972,0.02840461,16655640244,1.36E-05,16966859922,5.41E-06,2.09913E+11,1.35E-05,1.46E-06,0.211596417,0.138179276,0.020353654,0.650181243,0.202889399,0.264951597,0.264951597
-22.56166853,0.041260643,6507582182,1.08E-05,8649084476,8.33E-06,1.95985E+11,1.27E-05,6.20E-06,0.600459195,0.118712196,0.02453711,1.381631814,0.168490695,0.219232707,0.219232707
-73.73243425,0.01539604,12619043736,1.16E-05,26915097180,9.63E-06,2.01181E+11,1.14E-05,1.95E-05,0.940689876,0.161311299,0.012637781,0.794542329,0.13219627,0.274566379,0.274566379
-67.91613631,0.046282821,19798935366,1.21E-05,23601057544,1.17E-05,1.99143E+11,1.22E-05,4.38E-06,0.136718105,0.106168602,0.013983981,1.123305662,0.161423361,0.21025513,0.21025513
-28.40551812,0.021824554,3536412405,9.43E-06,5562630526,4.00E-06,2.0426E+11,1.18E-05,1.39E-05,4.136460301,0.173769231,0.023247441,0.974888413,0.185061917,0.238901493,0.238901493
-41.24959031,0.059994374,8683982488,1.42E-05,10799999020,6.92E-06,1.90388E+11,1.09E-05,5.83E-05,1.659843767,0.194731838,0.019267711,1.838964195,0.198562944,0.420568523,0.420568523
-62.42746791,0.033426726,7608642283,7.41E-06,41609419767,8.78E-06,2.05584E+11,1.30E-05,1.85E-06,0.340671532,0.125611434,0.017964305,0.589132021,0.211590959,0.13850717,0.211590959
-60.5894354,0.039814587,10322414812,9.53E-06,13405062954,1.07E-05,1.9754E+11,1.23E-05,3.78E-06,0.884883554,0.131840426,0.015797286,0.876091421,0.189911189,0.198027919,0.198027919
-35.58810931,0.019580483,6937494293,1.28E-05,51630411706,7.57E-06,2.02735E+11,1.17E-05,1.19E-05,0.499871284,0.188502798,0.020971566,1.053664717,0.161659614,0.347798265,0.347798265
-34.05285271,0.049307545,23144438552,7.56E-06,29024156467,5.91E-06,1.91367E+11,1.05E-05,8.94E-05,0.199056241,0.167497465,0.023516533,0.507041384,0.228637072,0.166350969,0.228637072
-69.76928798,0.029776549,3171963207,1.48E-05,6834576577,1.23E-05,2.06483E+11,1.34E-05,2.82E-06,2.221859803,0.112440318,0.013251327,1.800811373,0.115415593,0.283937617,0.283937617
-79.39415978,0.055733033,5450637493,1.35E-05,5996740154,9.29E-06,1.93195E+11,1.00E-05,4.11E-05,0.320480683,0.155039582,0.014601496,0.63581344,0.184573776,0.293958339,0.293958339
-24.40037204,0.034795873,13779047882,8.21E-06,18655625487,6.72E-06,2.08391E+11,1.39E-05,1.31E-06,1.381705873,0.124983961,0.022224482,1.432843307,0.197307977,0.170981997,0.197307977
-45.24043128,0.044833977,4304877801,1.15E-05,32884854998,5.06E-06,1.96961E+11,1.28E-05,9.77E-06,3.891079262,0.144408317,0.019881654,0.743814828,0.214173687,0.243418322,0.243418322
-50.9644362,0.026006208,18487761008,1.02E-05,11641289877,1.09E-05,2.02078E+11,1.12E-05,3.10E-05,0.113814932,0.176069163,0.016943331,1.238028168,0.212150862,0.259835886,0.259835886
-52.17526436,0.043527684,7289186603,1.43E-05,24828331418,6.32E-06,2.09131E+11,1.30E-05,1.00E-05,4.428254528,0.179772133,0.014228998,0.549334711,0.255019763,0.33497599,0.33497599
-44.12215721,0.024392195,10850956835,7.04E-06,7968815199,9.44E-06,1.94326E+11,1.11E-05,3.18E-06,0.162885723,0.1496654,0.022640582,1.992781884,0.188739834,0.169549054,0.188739834
-27.40935268,0.056536099,3224053703,1.23E-05,15669765808,1.11E-05,2.004E+11,1.01E-05,2.38E-06,0.405878524,0.119333873,0.018699037,0.93913168,0.139910498,0.233587887,0.233587887
-76.29474221,0.036697502,23537487132,9.06E-06,44278056976,4.66E-06,1.95517E+11,1.38E-05,7.56E-05,1.776919225,0.150948173,0.018171138,1.153196816,0.239535304,0.216233283,0.239535304
-70.86284237,0.050305532,13556401500,1.07E-05,38478087304,7.73E-06,2.04728E+11,1.07E-05,1.14E-06,0.244805043,0.106767629,0.016168952,0.817014616,0.144851243,0.183355326,0.183355326
-32.81730575,0.031873271,5359620893,1.20E-05,9975106723,1.03E-05,1.99923E+11,1.33E-05,3.60E-05,2.949635293,0.163380403,0.020554635,1.329521357,0.199327457,0.306724744,0.306724744
-38.71407762,0.038703215,17595763123,8.69E-06,5125504730,1.19E-05,2.06053E+11,1.24E-05,2.71E-05,1.039556763,0.192228563,0.024699906,0.705832383,0.278600897,0.247193629,0.278600897
-57.60700461,0.018161563,4095184184,1.40E-05,21772878686,6.07E-06,1.9117E+11,1.16E-05,8.52E-06,0.694692017,0.137123356,0.012024277,1.555836187,0.084894528,0.270416312,0.270416312
-63.20971483,0.05789431,14835735712,1.11E-05,7390823948,4.44E-06,2.03204E+11,1.08E-05,1.68E-06,1.158326293,0.130901224,0.015240463,1.243736953,0.161349402,0.238931482,0.238931482
-40.61093813,0.032425215,4500005983,1.03E-05,31424383983,1.16E-05,1.98321E+11,1.32E-05,5.32E-05,0.299003252,0.198450742,0.022036173,0.73222388,0.292649429,0.292356692,0.292649429
-30.90535112,0.047698388,11619207805,1.31E-05,56033811567,8.66E-06,2.06953E+11,1.21E-05,2.23E-05,0.106186684,0.169657514,0.01970614,1.519421586,0.237925952,0.327599122,0.327599122
-65.27436797,0.022932412,5988670265,8.34E-06,14530733186,7.37E-06,1.92148E+11,1.20E-05,7.09E-06,3.262035095,0.100490564,0.017569505,0.605844288,0.137313742,0.131601917,0.137313742
-74.39763628,0.042876624,3840723562,7.94E-06,12619803173,5.29E-06,2.07609E+11,1.26E-05,1.65E-05,0.452877884,0.157225237,0.01556494,1.714368976,0.233819727,0.202912467,0.233819727
-21.80597235,0.016704484,21514459372,1.46E-05,35692199824,1.30E-05,1.92726E+11,1.15E-05,5.19E-06,0.76577747,0.113056762,0.021565703,0.538646262,0.092312183,0.237547293,0.237547293
-49.71041927,0.051666445,8541983922,9.91E-06,20199926271,1.01E-05,2.01297E+11,1.03E-05,2.20E-06,1.922781223,0.143443222,0.024097875,1.036126794,0.169397729,0.235144842,0.235144842
-54.08651581,0.027603686,9753976069,1.26E-05,6485288156,8.21E-06,1.96493E+11,1.36E-05,6.94E-05,0.18034411,0.185994265,0.013031776,0.881565813,0.26401039,0.322823284,0.322823284
-54.0321861,0.042790414,6769649922,1.12E-05,7332476294,4.66E-06,1.98279E+11,1.01E-05,1.20E-05,0.952382562,0.127493605,0.013292324,0.736105767,0.140331047,0.206985017,0.206985017
-49.67050688,0.016623687,10076587713,1.04E-05,28258012126,1.11E-05,2.03317E+11,1.40E-05,3.76E-06,0.594150236,0.195877015,0.023533619,1.250963925,0.24398564,0.31483495,0.31483495
-21.85961541,0.05158009,3043978735,1.31E-05,55397819890,9.44E-06,1.91878E+11,1.28E-05,2.83E-06,0.211003864,0.17311387,0.021013157,0.602443605,0.264735212,0.299425023,0.299425023
-74.43640426,0.027522733,22224967673,8.44E-06,13052717807,6.30E-06,2.07151E+11,1.11E-05,8.90E-05,2.682063999,0.103210684,0.015811795,1.512173854,0.116030525,0.150866254,0.150866254
-65.33693742,0.057986504,14642664365,7.84E-06,10903638387,6.06E-06,1.92623E+11,1.23E-05,1.30E-06,0.349590865,0.160556757,0.016903295,0.535396448,0.263941944,0.169402526,0.263941944
-30.98280013,0.032522983,5790013737,1.46E-05,33940656086,1.19E-05,2.07662E+11,1.17E-05,4.13E-05,1.614601087,0.115658148,0.019865516,1.705470328,0.099850941,0.274980652,0.274980652
-40.54722426,0.047790427,18696474845,9.82E-06,17471489351,1.03E-05,1.96283E+11,1.06E-05,3.09E-05,4.054082112,0.139965315,0.022181868,0.886014742,0.169338742,0.218808496,0.218808496
-63.13157918,0.023030035,4350660862,1.26E-05,6188585108,7.71E-06,2.01557E+11,1.34E-05,9.82E-06,0.139213368,0.183344148,0.014585951,1.041883141,0.250909363,0.322263807,0.322263807
-57.54329074,0.050216396,15925795685,1.45E-05,26081769228,7.37E-06,1.9407E+11,1.22E-05,1.47E-06,2.23263589,0.177072426,0.012677995,1.98159876,0.189441908,0.408680119,0.408680119
-38.63594197,0.03177854,4831108872,7.19E-06,9235624039,8.68E-06,2.09343E+11,1.18E-05,4.62E-05,0.198497932,0.146237087,0.024553417,0.546713629,0.219246685,0.150424526,0.219246685
-32.87987521,0.038614213,12269203011,1.25E-05,16438375711,1.16E-05,1.95462E+11,1.10E-05,1.96E-05,0.494616986,0.121887195,0.020396052,1.15930896,0.133992891,0.248968656,0.248968656
-70.94029138,0.018066997,6323078306,9.22E-06,51122730223,4.45E-06,2.00501E+11,1.31E-05,6.18E-06,0.895886516,0.154327759,0.016835955,0.944589933,0.196939788,0.211451069,0.211451069
-76.34838527,0.043611523,3559713398,1.06E-05,42731030763,8.21E-06,1.99723E+11,1.05E-05,1.39E-05,0.11589248,0.109439682,0.017923489,1.336229181,0.144578948,0.192749945,0.192749945
-27.44812066,0.024470643,19937127032,1.18E-05,10065129926,1.01E-05,2.04996E+11,1.36E-05,4.40E-06,3.813577979,0.166884823,0.019250791,0.82155474,0.208841291,0.286526299,0.286526299
-44.0678275,0.056620105,8047940954,8.54E-06,5713647046,1.30E-05,1.91059E+11,1.27E-05,1.84E-06,1.344041043,0.189605244,0.023205632,1.546451407,0.279322803,0.276392598,0.279322803
-52.13535197,0.036776084,9191313281,1.38E-05,21999391889,5.30E-06,2.06098E+11,1.13E-05,5.86E-05,0.32887224,0.133765327,0.013969243,0.702167743,0.15651688,0.25963445,0.25963445
-51.00228686,0.055643385,4753053529,9.69E-06,14080793925,9.64E-06,2.02536E+11,1.25E-05,5.30E-05,1.813032549,0.134759005,0.017508964,1.048371288,0.204930341,0.213655607,0.213655607
-45.2931606,0.034700662,15659853226,1.30E-05,59833836286,8.34E-06,1.97809E+11,1.14E-05,1.68E-06,0.398602088,0.19215151,0.019621689,0.871248835,0.212664752,0.355394863,0.355394863
-24.36320802,0.044744194,6017999176,7.71E-06,30445661676,5.42E-06,2.06371E+11,1.04E-05,7.05E-06,0.158729333,0.16472547,0.021976226,1.811737218,0.201123933,0.195944772,0.201123933
-79.34257487,0.025910831,11671579457,1.50E-05,7890536122,1.26E-05,1.91409E+11,1.37E-05,2.24E-05,4.552355212,0.108840534,0.015153435,0.50968559,0.149697306,0.243732578,0.243732578
-69.69023859,0.03989786,20947818120,1.33E-05,6660092750,8.80E-06,2.0813E+11,1.08E-05,5.22E-06,0.69664545,0.152197109,0.013093326,1.440927755,0.147557424,0.316894424,0.316894424
-33.98822153,0.019658332,3741988212,8.06E-06,18825512250,6.93E-06,1.93404E+11,1.32E-05,1.64E-05,1.034540031,0.121307595,0.024183325,0.63885921,0.180383803,0.149989181,0.180383803
-35.66830311,0.049390652,9342268580,1.13E-05,36661266888,4.02E-06,2.02026E+11,1.21E-05,6.97E-05,2.913411037,0.147201868,0.021624677,1.231496016,0.192589329,0.262002721,0.262002721
-60.65475322,0.029854265,8184610493,1.00E-05,11763341204,1.17E-05,1.97065E+11,1.19E-05,2.19E-06,0.247405403,0.17959895,0.015650983,0.739515705,0.236188111,0.258652093,0.258652093
-62.50766171,0.046195739,10943680946,8.91E-06,47503556210,1.23E-05,2.09811E+11,1.07E-05,3.17E-06,3.353436263,0.185876009,0.018109815,0.654125145,0.235078743,0.24117177,0.24117177
-41.31490814,0.021742874,7356232781,1.37E-05,15256154535,5.91E-06,1.9485E+11,1.33E-05,1.00E-05,0.103477599,0.140924764,0.018613807,1.678781662,0.187815464,0.276344606,0.276344606
-28.32646873,0.059907437,24951311302,1.09E-05,8550313949,7.55E-06,2.0097E+11,1.24E-05,7.52E-05,0.293644281,0.115085422,0.022581442,0.790551731,0.186923119,0.197597845,0.197597845
-67.85150513,0.033345201,3419039749,1.16E-05,24175684906,1.07E-05,1.96244E+11,1.15E-05,2.39E-06,1.181861854,0.158419236,0.014142774,1.373993043,0.165314965,0.292921652,0.292921652
-73.69527023,0.053657492,5157366771,1.21E-05,20393204557,1.09E-05,2.04214E+11,1.29E-05,3.62E-05,0.182259209,0.102618407,0.012085048,0.969745936,0.169675059,0.203340665,0.203340665
-22.51008362,0.028501593,13036390291,9.34E-06,5290080555,5.06E-06,1.99253E+11,1.10E-05,1.14E-06,1.899173499,0.170947643,0.024784572,1.11681167,0.177025743,0.23912943,0.23912943
-47.13122038,0.041352196,4005945899,1.41E-05,9341973411,6.71E-06,2.05317E+11,1.02E-05,8.55E-06,0.76208424,0.198428615,0.020614413,0.592455263,0.203205981,0.366113947,0.366113947
-56.66379781,0.015493167,17205652090,7.32E-06,39708960413,9.28E-06,1.90591E+11,1.39E-05,2.70E-05,0.45414996,0.128481947,0.016255802,1.847775922,0.185396656,0.151432783,0.185396656
-56.01352686,0.052275644,12627788463,1.02E-05,5873066934,1.06E-05,2.06847E+11,1.33E-05,1.63E-06,1.106775693,0.118355142,0.019008774,0.558773268,0.20743055,0.181400364,0.20743055
-47.66035562,0.026806538,6508517744,1.15E-05,18276404260,7.38E-06,1.91574E+11,1.07E-05,5.18E-05,0.65201399,0.16169277,0.01770845,1.943312417,0.128336515,0.289455282,0.289455282
-23.6212153,0.042081084,16529158579,8.24E-06,32278690021,5.80E-06,2.02997E+11,1.16E-05,2.17E-05,0.261632695,0.182697936,0.013728814,0.924533698,0.244394381,0.206502012,0.244394381
-72.70458762,0.017315119,5013668245,1.34E-05,11437150222,1.22E-05,1.97957E+11,1.25E-05,6.89E-06,2.757862757,0.137755083,0.022989006,1.187396811,0.113619659,0.304907769,0.304907769
-67.32578836,0.048506617,7625740242,1.48E-05,13683207624,9.17E-06,2.02481E+11,1.11E-05,1.66E-05,0.432238719,0.195156035,0.024389159,0.837635432,0.231430996,0.419525785,0.419525785
-28.96508146,0.022334488,8707748081,7.52E-06,52717628888,6.53E-06,1.97207E+11,1.30E-05,5.24E-06,1.668204518,0.125211656,0.01248676,1.307340031,0.164240444,0.14402229,0.164240444
-42.31636295,0.057295076,3515015034,1.28E-05,29542203459,4.95E-06,2.08613E+11,1.38E-05,2.23E-06,4.733923742,0.105787134,0.01667011,0.685647687,0.184271464,0.208251724,0.208251724
-61.39216652,0.033232306,19689986497,9.51E-06,6962923823,1.08E-05,1.93574E+11,1.02E-05,7.00E-05,0.152336357,0.174126288,0.020206404,1.580067983,0.192772566,0.259283728,0.259283728
-59.53905106,0.037896693,3160126759,7.39E-06,23132104133,1.27E-05,2.00802E+11,1.14E-05,1.15E-05,2.031553634,0.167897247,0.020032923,1.280345301,0.21590366,0.210658799,0.21590366
-36.66904937,0.018761216,23070735120,1.42E-05,5447122446,5.60E-06,1.95763E+11,1.26E-05,3.64E-06,0.17056089,0.112016125,0.017091332,0.720997922,0.127819895,0.225402356,0.225402356
-34.62659778,0.050903746,6969320533,9.39E-06,10605861160,8.44E-06,2.09666E+11,1.37E-05,2.73E-06,0.480327168,0.131483372,0.014748597,1.482007636,0.212751998,0.203391594,0.212751998
-69.16384278,0.031065138,10374771709,1.22E-05,40849115735,9.82E-06,1.94393E+11,1.03E-05,8.65E-05,0.721476898,0.188884269,0.022374666,0.616127093,0.189592622,0.329446091,0.329446091
-78.35119801,0.055925882,18466524479,1.16E-05,48900423349,1.18E-05,2.05166E+11,1.31E-05,1.02E-06,0.112223958,0.144026848,0.023772437,1.741430129,0.250180333,0.285948119,0.285948119
-25.47411842,0.037493611,4297833629,1.09E-05,17310826333,4.19E-06,1.90127E+11,1.08E-05,3.20E-05,3.085903991,0.176426219,0.013510512,0.523134347,0.199023075,0.242100683,0.242100683
-45.8216311,0.044324928,13878119309,1.36E-05,8810065532,7.03E-06,2.04053E+11,1.20E-05,2.41E-05,1.228862442,0.155463779,0.016055374,1.018618803,0.188039725,0.315927893,0.315927893
-50.35176512,0.023783286,5486803510,8.85E-06,27407771871,8.97E-06,1.98779E+11,1.21E-05,7.57E-06,0.281781764,0.124584183,0.021226584,0.90401245,0.168984002,0.17273205,0.17273205
-53.01267415,0.045432875,23449619452,1.27E-05,12368893584,4.35E-06,1.92356E+11,1.19E-05,4.10E-06,1.55786086,0.118903576,0.024951955,1.639673181,0.144845239,0.268071458,0.268071458
-43.31164103,0.02519876,3213794832,9.88E-06,34950781742,1.14E-05,2.07316E+11,1.22E-05,1.29E-05,0.362702354,0.151354058,0.01227306,0.667649659,0.192943282,0.210893842,0.210893842
-26.09528931,0.054924449,10900719827,1.47E-05,19836688588,8.57E-06,1.98738E+11,1.30E-05,9.71E-05,0.127828305,0.180147501,0.016418424,1.401578389,0.26908332,0.380822315,0.380822315
-77.58076755,0.035393464,7326177011,7.90E-06,6366714699,7.19E-06,2.03465E+11,1.09E-05,3.06E-06,4.420830574,0.14931445,0.020807186,0.772719359,0.190963327,0.18417911,0.190963327
-71.70770692,0.050102727,4090473922,8.36E-06,7547607008,5.19E-06,1.96739E+11,1.35E-05,3.72E-05,0.5637181,0.192579516,0.0188526,1.094146625,0.322137072,0.242688256,0.322137072
-31.99956371,0.029165577,17567015167,1.31E-05,32061844335,1.28E-05,2.017E+11,1.04E-05,1.18E-06,1.001791211,0.136747991,0.018327978,0.992751064,0.113633547,0.269487409,0.269487409
-37.40743682,0.039205054,5398148409,1.04E-05,57077383187,9.97E-06,1.93104E+11,1.13E-05,8.84E-06,2.496243886,0.106361746,0.014386328,1.890500395,0.115525134,0.195346903,0.195346903
-58.88583627,0.020377275,13646385295,1.11E-05,14796811359,8.03E-06,2.07831E+11,1.27E-05,2.81E-05,0.226204021,0.163810703,0.022794845,0.580870822,0.218825067,0.257616281,0.257616281
-64.47433257,0.059196777,5992835432,1.40E-05,37684783589,6.41E-06,1.95295E+11,1.39E-05,4.43E-05,3.68002779,0.170032882,0.023941283,0.852212824,0.283552765,0.356719851,0.356719851
-39.31942677,0.034035304,11620860615,8.73E-06,9772448278,9.61E-06,2.00022E+11,1.01E-05,1.40E-06,0.120252498,0.100139614,0.012878263,1.068645402,0.119435782,0.134576693,0.134576693
-30.10272421,0.04689271,4465844568,1.20E-05,5031089137,1.12E-05,1.93924E+11,1.12E-05,5.93E-06,0.301942782,0.130470927,0.015410528,0.520557042,0.174016791,0.211517322,0.211517322
-66.1050329,0.021028096,14715953357,1.07E-05,21391237986,4.83E-06,2.08885E+11,1.28E-05,1.86E-05,1.465442284,0.198856626,0.021408026,1.768398346,0.203810767,0.325929424,0.325929424
-75.66947989,0.040662098,9775919680,9.02E-06,25343214780,7.82E-06,1.90909E+11,1.17E-05,4.67E-06,0.188309893,0.14303734,0.019457406,0.626767939,0.21700941,0.186999673,0.21700941
-20.50700624,0.01620382,8565347915,1.23E-05,8136567010,1.05E-05,2.05636E+11,1.24E-05,1.49E-05,2.348165173,0.186424565,0.017317703,1.473302964,0.13524307,0.337993428,0.337993428
-48.91498605,0.054372266,21384338311,7.02E-06,15949329824,1.20E-05,1.9956E+11,1.34E-05,6.22E-05,0.833923131,0.157576191,0.014987565,0.757608308,0.271123853,0.167135096,0.271123853
-54.90975818,0.027804629,3819583174,1.43E-05,45108998127,6.24E-06,2.0452E+11,1.05E-05,1.98E-06,0.530307288,0.112681397,0.021786552,1.205628925,0.091651184,0.241103403,0.241103403
-55.28291536,0.057873803,20161016712,8.67E-06,18370605260,8.10E-06,2.02134E+11,1.09E-05,6.64E-06,0.732803645,0.153811279,0.014043443,0.511472041,0.215316956,0.1780938,0.215316956
-48.39460062,0.032712416,3601049341,1.39E-05,6015396549,1.02E-05,1.96938E+11,1.31E-05,2.11E-05,0.473150018,0.122976697,0.022679971,1.775564921,0.148599119,0.292104304,0.292104304
-20.07444706,0.048381033,9065188279,1.07E-05,11594569947,1.29E-05,2.08335E+11,1.22E-05,4.97E-05,0.168013895,0.145520115,0.018510109,0.846449252,0.215193648,0.226682084,0.226682084
-76.24766514,0.022516505,7942692053,1.19E-05,33425296577,5.39E-06,1.93218E+11,1.18E-05,1.58E-06,2.063428478,0.177972129,0.018214296,1.084670872,0.167361851,0.318110271,0.318110271
-66.59520727,0.041974598,4897466092,1.24E-05,51972555328,7.26E-06,2.06497E+11,1.27E-05,7.27E-05,0.26920668,0.133065117,0.016151606,0.771070908,0.201410839,0.24349387,0.24349387
-29.69935328,0.017516234,16137589864,9.07E-06,13222406782,8.77E-06,1.91302E+11,1.14E-05,2.29E-06,1.286821206,0.190512554,0.0207178,1.200747645,0.176574479,0.259406011,0.259406011
-38.76962153,0.052873812,6253180045,1.44E-05,6922787830,1.15E-05,2.02721E+11,1.04E-05,5.46E-06,3.23147955,0.166376285,0.024685535,0.631027756,0.18912097,0.33991981,0.33991981
-64.93527444,0.026306089,12126191903,7.08E-06,28859752623,4.55E-06,1.97604E+11,1.35E-05,1.72E-05,0.107214739,0.11054628,0.012184864,1.451546188,0.189153825,0.116746359,0.189153825
-59.27352745,0.044119731,5713505922,9.95E-06,5579142820,6.03E-06,2.05522E+11,1.28E-05,8.28E-05,2.800963902,0.104269174,0.015051337,1.39211413,0.153019828,0.181765844,0.181765844
-36.93088226,0.023885701,14443718090,1.27E-05,23251277482,1.20E-05,1.90405E+11,1.12E-05,2.63E-06,0.257741263,0.172653342,0.022079132,0.784298818,0.173964601,0.318123824,0.318123824
-31.55224165,0.056425007,4401785739,7.95E-06,42300061489,1.03E-05,2.04321E+11,1.00E-05,3.50E-06,0.642310155,0.196734679,0.019520782,1.611039795,0.219867213,0.253892893,0.253892893
-72.24183241,0.036894107,18903827011,1.47E-05,10751864590,7.76E-06,1.99126E+11,1.39E-05,1.11E-05,1.124083343,0.126842943,0.017609092,0.670362459,0.19448518,0.280636917,0.280636917
-78.0857048,0.051427718,9960021868,1.30E-05,16727900081,4.63E-06,2.01156E+11,1.05E-05,7.91E-06,0.145545554,0.184194304,0.015550371,1.903369259,0.2157686,0.368037057,0.368037057
-25.73597813,0.030490483,6694221609,8.29E-06,48209185217,1.11E-05,1.96038E+11,1.34E-05,2.49E-05,4.956942335,0.13929799,0.021726091,0.572286855,0.220171493,0.170665295,0.220171493
-42.74730179,0.037716,22518536741,1.10E-05,26774564828,9.41E-06,2.09938E+11,1.23E-05,3.33E-05,1.746778606,0.11669964,0.024080728,1.113577678,0.157280696,0.219399536,0.219399536
-53.42978515,0.018888135,3086064168,1.03E-05,8759302920,6.35E-06,1.94742E+11,1.17E-05,1.05E-06,0.412974381,0.160088385,0.01319514,0.988742139,0.163999947,0.236448695,0.236448695
-50.93075324,0.039395146,13298864456,1.42E-05,36146805681,1.10E-05,1.96469E+11,1.24E-05,2.96E-06,1.400187755,0.159119216,0.01673305,1.508311287,0.173920895,0.362360325,0.362360325
-45.38987122,0.020259754,5258089077,7.46E-06,12553860001,5.03E-06,2.01351E+11,1.16E-05,9.33E-05,0.316179691,0.114177883,0.020498148,0.613618975,0.153644693,0.126303114,0.153644693
-24.95453229,0.049591243,16838833702,1.22E-05,6529158980,6.76E-06,1.9275E+11,1.07E-05,1.25E-05,0.125923234,0.141433024,0.024453287,1.28901858,0.178475764,0.266771416,0.266771416
-78.72515807,0.029752721,3918788754,9.45E-06,19915374674,9.25E-06,2.07555E+11,1.33E-05,3.93E-06,3.516140637,0.184769133,0.012778903,0.710335915,0.26938647,0.253653108,0.26938647
-69.62581282,0.054437555,7515156512,1.08E-05,31284164403,1.24E-05,1.92083E+11,1.01E-05,2.90E-05,0.538575457,0.128997911,0.013867828,1.000863579,0.15282032,0.227341377,0.227341377
-34.0778243,0.036005198,11187593492,1.15E-05,7513476666,5.88E-06,2.06966E+11,1.38E-05,9.19E-06,0.821476171,0.197338597,0.023306245,0.907694919,0.287077344,0.324428733,0.324428733
-36.2667102,0.0456479,3351727753,8.80E-06,14315287860,7.60E-06,1.98386E+11,1.30E-05,1.22E-06,2.313129834,0.171664051,0.019148979,1.729688765,0.241658376,0.245576562,0.245576562
-60.0302536,0.025106172,24468938370,1.35E-05,56199915248,1.07E-05,2.03191E+11,1.11E-05,3.89E-05,0.19124481,0.101718141,0.018026085,0.530991052,0.118435505,0.20269321,0.20269321
-61.92732377,0.0537647,3660308710,1.14E-05,9918563531,8.89E-06,1.91185E+11,1.03E-05,1.81E-05,4.223704527,0.10798991,0.015713265,0.930806483,0.128631467,0.206376696,0.206376696
-41.87006908,0.02829568,20502714215,1.02E-05,38974458074,6.82E-06,2.0599E+11,1.36E-05,5.68E-06,0.133864107,0.165392327,0.021112489,1.169825409,0.260150703,0.242950471,0.260150703
-28.48955508,0.040756096,8345063334,1.34E-05,21476141389,4.11E-06,1.99908E+11,1.26E-05,1.36E-06,0.379826334,0.191109598,0.023429139,0.568684725,0.267538024,0.331389684,0.331389684
-67.71451131,0.015990217,9529674658,8.17E-06,5159443218,1.16E-05,2.04791E+11,1.15E-05,4.27E-05,1.488403789,0.135226957,0.01339602,1.935422108,0.127907108,0.181232889,0.181232889
-73.12249791,0.047006062,15359465439,7.58E-06,8099754191,9.73E-06,1.95569E+11,1.21E-05,2.04E-06,0.229743126,0.178540088,0.014482566,0.681031994,0.277881968,0.191801495,0.277881968
-23.05767894,0.020833847,4658760774,1.49E-05,24728557979,8.23E-06,2.00374E+11,1.20E-05,6.48E-05,2.458854465,0.147662024,0.022286063,1.603781321,0.090783122,0.313149981,0.313149981
-47.30184732,0.058608222,11929878249,9.58E-06,44415629060,5.51E-06,1.94275E+11,1.08E-05,1.53E-05,0.986780558,0.120449607,0.019765699,0.823026159,0.164301654,0.182482942,0.182482942
-56.51926341,0.034545366,6148955421,1.29E-05,15430264062,1.24E-05,2.09157E+11,1.32E-05,4.85E-06,0.572541012,0.152847446,0.017002334,1.312679341,0.196969909,0.312703778,0.312703778
-57.05161059,0.04768548,4240949002,1.37E-05,28129289647,1.18E-05,1.929E+11,1.37E-05,9.30E-05,0.855574055,0.188035286,0.021511027,0.804593877,0.290951822,0.377379333,0.377379333
-46.65477311,0.0232327,18216028443,9.00E-06,7154383576,4.22E-06,2.08017E+11,1.03E-05,2.93E-06,0.517682604,0.13214883,0.01530833,1.368447294,0.123184971,0.180532395,0.180532395
-22.06288315,0.058583132,5551424951,1.17E-05,12852603598,6.99E-06,1.96632E+11,1.14E-05,3.91E-06,0.207756475,0.110972766,0.012978489,0.658579163,0.157651682,0.184536927,0.184536927
-74.22950301,0.032020983,14031665433,1.10E-05,53597333014,8.99E-06,2.01827E+11,1.25E-05,1.23E-05,2.132153387,0.168366791,0.023840273,1.653978493,0.198447397,0.308728688,0.308728688
-68.35633509,0.052157621,22804084859,9.25E-06,34449671906,1.26E-05,1.98552E+11,1.19E-05,9.39E-06,0.333845991,0.123526779,0.021887872,0.58211122,0.199623145,0.176201643,0.199623145
-27.96703596,0.027001636,3124884440,1.21E-05,11277241976,5.62E-06,2.0367E+11,1.20E-05,2.99E-05,1.323364998,0.155922329,0.014887054,1.855287512,0.13865469,0.283668245,0.283668245
-40.75046161,0.042666026,10511747598,7.28E-06,6212927665,8.40E-06,1.92229E+11,1.32E-05,3.97E-05,3.754946966,0.175566578,0.017419419,0.963199562,0.27521233,0.194279182,0.27521233
-61.02780312,0.057142527,8805729431,1.29E-05,9011328625,9.07E-06,1.99452E+11,1.15E-05,6.41E-06,2.561203113,0.138456465,0.020905812,1.824054285,0.16477618,0.320814592,0.320814592
-35.14779609,0.036199889,7714120453,9.65E-06,25962898565,6.65E-06,2.04648E+11,1.24E-05,2.02E-05,0.220858731,0.181788759,0.016318989,0.502160544,0.266720609,0.222757825,0.266720609
-33.55555506,0.043432381,19419287783,1.49E-05,49461071004,4.85E-06,1.90704E+11,1.34E-05,4.82E-05,0.621894013,0.162199442,0.012377636,1.06700424,0.215282978,0.345047492,0.345047492
-70.26830224,0.024599103,3469137447,7.63E-06,16186393562,1.09E-05,2.05821E+11,1.07E-05,1.52E-06,0.909474145,0.117249716,0.024848156,0.86772309,0.14320471,0.153929269,0.153929269
-79.83287083,0.038410222,6597847647,8.10E-06,10410027429,1.05E-05,1.93797E+11,1.38E-05,5.65E-05,0.141325752,0.174643854,0.022898134,1.223169745,0.31331036,0.223844245,0.31331036
-23.95994438,0.018170609,12795853288,1.33E-05,43371775071,7.50E-06,2.08992E+11,1.02E-05,1.79E-06,3.991520252,0.104695655,0.014282236,0.750608011,0.062779423,0.191411983,0.191411983
-44.74347696,0.050714313,4958275304,1.01E-05,22559897649,5.70E-06,1.9511E+11,1.11E-05,4.23E-06,1.589670075,0.12592665,0.018427699,1.415784694,0.154206241,0.215339104,0.215339104
-51.46333601,0.03117784,16336392403,1.13E-05,5736135046,1.23E-05,2.00227E+11,1.29E-05,1.34E-05,0.354898779,0.194257417,0.018753663,0.641449513,0.273655636,0.308602635,0.308602635
-52.67038763,0.048902562,8378197863,7.15E-06,57816396092,7.94E-06,2.08486E+11,1.12E-05,2.31E-05,1.199823352,0.199913515,0.0224741,1.139091615,0.263934922,0.223982343,0.263934922
-43.62142634,0.030464792,9568412453,1.44E-05,13881196926,1.04E-05,1.93681E+11,1.28E-05,7.36E-06,0.289114636,0.130011861,0.014649973,0.948450864,0.160252289,0.278385947,0.278385947
-26.97247269,0.040114081,3894565759,9.13E-06,7708512981,1.22E-05,2.02296E+11,1.40E-05,1.73E-06,0.101881966,0.100998691,0.017195132,1.968265402,0.181796385,0.155459148,0.181796385
-76.73700092,0.019566952,21812733673,1.24E-05,30271167497,6.14E-06,1.97412E+11,1.01E-05,5.50E-05,3.40438159,0.16938057,0.019928345,0.554919693,0.128248785,0.297871061,0.297871061
-71.35830896,0.044935825,11398063199,1.18E-05,19282379204,6.53E-06,2.02889E+11,1.35E-05,2.12E-06,0.433681225,0.113530151,0.021330678,1.573885299,0.180457502,0.23994616,0.23994616
-32.31646044,0.02579486,5873888592,1.06E-05,6694644069,9.51E-06,1.98085E+11,1.06E-05,6.68E-05,0.797659841,0.156910503,0.015952083,0.69931909,0.153644455,0.236019427,0.236019427
-38.27754095,0.055130361,15041535785,1.38E-05,12180679183,1.13E-05,2.06642E+11,1.16E-05,1.60E-05,1.987841744,0.187467647,0.013609448,1.345299681,0.214189526,0.396063879,0.396063879
-58.04914888,0.035286255,4563052120,8.62E-06,37164280610,4.73E-06,1.91759E+11,1.23E-05,5.02E-06,0.174043728,0.142567519,0.023672718,0.809398772,0.22101847,0.182285654,0.22101847
-63.71067459,0.041466756,17921108137,1.05E-05,15039861013,5.22E-06,2.03867E+11,1.31E-05,2.46E-06,4.621232564,0.148796512,0.023091205,0.598383689,0.238418228,0.226727937,0.238418228
-40.11558598,0.015300115,4170267125,1.12E-05,45901969532,1.28E-05,1.98984E+11,1.10E-05,7.82E-05,0.156291203,0.181238607,0.013625811,1.534887504,0.157073974,0.291505974,0.291505974
-30.46332128,0.05306773,13355097460,8.48E-06,24037183006,1.00E-05,2.05039E+11,1.18E-05,1.04E-05,0.392477254,0.15063874,0.017809459,0.723276377,0.22091348,0.184847624,0.22091348
-65.71101908,0.029010459,5280840317,1.32E-05,8353050902,7.99E-06,1.90235E+11,1.21E-05,3.30E-06,1.840474172,0.119801868,0.018908549,1.256063835,0.125009962,0.262006881,0.262006881
-74.89825271,0.05929832,3283192463,1.46E-05,5317511904,4.37E-06,2.09462E+11,1.13E-05,2.61E-05,0.236267708,0.163108853,0.020306913,0.892019702,0.221636632,0.350352272,0.350352272
-21.31073464,0.033834713,23972505623,7.75E-06,20888166553,1.14E-05,1.94578E+11,1.27E-05,8.23E-06,3.049248096,0.107270456,0.016568792,1.026477974,0.156090006,0.138178465,0.156090006
-49.26804611,0.046291288,7181986846,1.25E-05,40253885640,8.59E-06,2.00695E+11,1.36E-05,1.10E-06,1.082769109,0.1362409,0.012589255,0.544900096,0.219795627,0.232714933,0.232714933
-54.52328136,0.021530811,10689916702,9.78E-06,9673383558,7.15E-06,1.9589E+11,1.04E-05,3.46E-05,0.665287573,0.193684522,0.024287442,1.698533354,0.158563106,0.294756391,0.294756391
-54.2554961,0.051073964,3330156452,1.24E-05,33143006961,1.22E-05,2.05244E+11,1.08E-05,1.55E-05,0.201505493,0.180076132,0.022817648,1.558800953,0.215210161,0.360291868,0.360291868
-49.41772835,0.030839945,24299687896,9.24E-06,11721796074,5.78E-06,1.90048E+11,1.32E-05,4.88E-06,2.198230191,0.149971683,0.014407949,0.706340194,0.21923281,0.197480751,0.21923281
-21.16011675,0.03806692,7529124719,1.45E-05,5979082968,7.44E-06,2.03976E+11,1.21E-05,2.07E-06,0.882082243,0.119420452,0.018349592,1.332393031,0.129623863,0.277677791,0.277677791
-75.16514257,0.01853601,11202258313,7.22E-06,18617298450,1.06E-05,1.98858E+11,1.19E-05,6.52E-05,0.502110284,0.15103247,0.01887541,0.81753324,0.198132298,0.172508391,0.198132298
-65.56772899,0.044473313,17036320234,8.50E-06,29247574248,1.08E-05,2.00896E+11,1.26E-05,1.75E-06,3.871417163,0.106877118,0.020783966,1.152465216,0.16825396,0.166321999,0.16825396
-30.72288334,0.023536067,3966941568,1.38E-05,6880799839,4.93E-06,1.95701E+11,1.15E-05,5.56E-05,0.114108227,0.163490662,0.016397195,0.937107551,0.175411188,0.301604019,0.301604019
-39.85512136,0.056074255,13125080979,1.05E-05,13367623702,6.59E-06,2.09572E+11,1.03E-05,2.33E-05,0.323809609,0.192509744,0.012251825,1.991349141,0.207366329,0.312397438,0.312397438
-63.85303618,0.0372464,5191902823,1.18E-05,51532169071,9.15E-06,1.94456E+11,1.36E-05,7.41E-06,1.364423081,0.137403769,0.024928741,0.548289879,0.227185081,0.241101462,0.241101462
-58.25011361,0.042328263,11995462636,1.32E-05,10817318565,9.79E-06,2.02421E+11,1.30E-05,1.09E-06,0.603149121,0.131180833,0.021809765,0.882274699,0.193764183,0.274350719,0.274350719
-37.95847319,0.017166865,6185754342,8.40E-06,41738563995,8.50E-06,1.97304E+11,1.11E-05,3.44E-05,0.937711173,0.198732634,0.015008801,1.038189059,0.189105078,0.243673947,0.243673947
-32.63459256,0.05252281,15316041420,1.12E-05,23449649923,5.58E-06,2.08673E+11,1.02E-05,2.58E-05,2.640742038,0.169768483,0.017338934,0.538942578,0.198917849,0.246506105,0.246506105
-71.15644882,0.026658293,4648131408,1.04E-05,5518457402,1.27E-05,1.93478E+11,1.38E-05,8.14E-06,0.214200089,0.100599251,0.019480625,1.717926539,0.159894917,0.183914617,0.183914617
-77.06246084,0.057520314,8274489646,9.84E-06,8664271389,8.95E-06,2.06765E+11,1.07E-05,1.07E-05,1.639080151,0.157310337,0.021385215,0.604589657,0.215051459,0.226320764,0.226320764
-26.76328475,0.033061961,9443858918,1.26E-05,27002736863,7.09E-06,1.91648E+11,1.33E-05,3.39E-06,0.344210613,0.113142631,0.015388914,1.518586127,0.149955115,0.226277826,0.226277826
-43.82971171,0.048731865,3720537191,7.87E-06,47570608925,4.17E-06,2.03078E+11,1.25E-05,2.54E-06,0.137070598,0.143748793,0.012856643,0.730769362,0.23060562,0.153274692,0.23060562
-52.34399922,0.022164131,20829944317,1.46E-05,16829577245,1.19E-05,1.97883E+11,1.16E-05,8.05E-05,4.115554002,0.186299068,0.023918479,1.242737587,0.125682102,0.39194236,0.39194236
-51.72380108,0.046656432,6287541123,1.09E-05,20036509351,7.21E-06,1.9083E+11,1.23E-05,4.00E-05,0.105044862,0.182188688,0.020128038,0.588758291,0.285906816,0.257975916,0.285906816
-44.60111491,0.021187422,12198780146,1.17E-05,6442700807,8.51E-06,2.05712E+11,1.17E-05,1.27E-06,3.30177714,0.138069041,0.016589768,1.835000725,0.106484955,0.255451407,0.255451407
-24.10323402,0.058960511,4883607851,8.88E-06,12660911126,1.14E-05,1.99639E+11,1.06E-05,9.50E-06,1.163653291,0.118431086,0.012406412,0.974187537,0.148615925,0.168836709,0.168836709
-79.57330922,0.034194621,16100794401,1.37E-05,35754831983,4.29E-06,2.04444E+11,1.34E-05,3.02E-05,0.298092349,0.161030958,0.0243108,1.121169191,0.231542754,0.340226678,0.340226678
-70.41891968,0.054114155,8988502068,1.41E-05,55588914285,8.06E-06,1.95233E+11,1.00E-05,3.82E-06,1.927966786,0.105864531,0.023067748,0.796056427,0.124366986,0.253668509,0.253668509
-33.28866566,0.027941929,7871178918,7.35E-06,14437498286,9.92E-06,2.00116E+11,1.39E-05,1.20E-05,0.179454196,0.173462877,0.013808753,1.382625879,0.27909834,0.18861769,0.27909834
-35.4155818,0.040403978,20492704553,1.21E-05,7413772372,1.28E-05,1.93986E+11,1.29E-05,9.03E-05,0.447159646,0.194645235,0.017788384,0.65158562,0.278124484,0.321777643,0.321777643
-60.87812044,0.016341133,3658528698,9.37E-06,31474743100,5.13E-06,2.08791E+11,1.12E-05,2.84E-06,0.773639614,0.125527114,0.019087522,1.671130263,0.11379708,0.187115061,0.187115061
-62.71636618,0.054787104,22373643385,7.75E-06,5115746208,4.77E-06,1.96835E+11,1.04E-05,4.35E-06,0.404641505,0.131755398,0.021147834,1.235464404,0.173642138,0.170960008,0.173642138
-41.07684957,0.035651702,3064710349,1.49E-05,21712096139,1.12E-05,2.01641E+11,1.35E-05,1.38E-05,1.785092902,0.188417,0.015975441,0.743405874,0.244280438,0.393436205,0.393436205
-27.6415756,0.045295521,9978549056,9.72E-06,38738277318,9.56E-06,1.93008E+11,1.27E-05,5.79E-05,4.482209763,0.167191918,0.013430574,1.429997102,0.222608196,0.253884343,0.253884343
-68.56552348,0.02545701,6702979712,1.30E-05,10051904252,6.43E-06,2.07891E+11,1.14E-05,1.84E-06,0.161134018,0.11213554,0.023693694,0.635302581,0.139986829,0.220719824,0.220719824
-73.91137045,0.03904577,4453416658,1.13E-05,15637555697,6.18E-06,1.9243E+11,1.22E-05,4.76E-05,1.050230639,0.15475995,0.022453024,1.802259528,0.188093503,0.294623428,0.294623428
-22.26474375,0.020613423,19136063309,1.00E-05,44147737403,1.21E-05,2.07235E+11,1.18E-05,1.50E-06,0.685920136,0.124702046,0.014828946,0.508050597,0.146392671,0.175029474,0.175029474
-46.45380883,0.049943454,5638852791,1.33E-05,25000005800,1.04E-05,1.98664E+11,1.09E-05,6.36E-06,0.243596891,0.144297275,0.017171675,1.054244399,0.175050248,0.293989224,0.293989224
-57.37067791,0.029401716,14261871976,8.03E-06,8031381927,7.84E-06,2.03546E+11,1.30E-05,2.01E-05,2.957592471,0.175960404,0.020111287,0.877909469,0.255803051,0.214847025,0.255803051
-56.25879521,0.038762511,15124257001,9.43E-06,54054120896,6.26E-06,1.9979E+11,1.36E-05,1.21E-06,0.17323045,0.164211637,0.015577001,1.011231764,0.271221903,0.222870947,0.271221903
-47.44421249,0.017819863,4590387902,1.21E-05,12713170278,9.45E-06,2.04907E+11,1.05E-05,3.84E-05,2.001232021,0.109159073,0.021552672,0.898065406,0.078614317,0.213960188,0.213960188
-22.91440673,0.050364682,11365861727,7.42E-06,7197865921,1.10E-05,1.90992E+11,1.13E-05,2.88E-05,0.710709936,0.134827325,0.024111326,1.747628828,0.179100502,0.180872511,0.180872511
-73.38204209,0.031531415,5860522334,1.41E-05,27756673620,4.67E-06,2.06187E+11,1.27E-05,9.13E-06,0.487844177,0.19149732,0.013019339,0.525351256,0.248582807,0.352085245,0.352085245
-67.56391846,0.056790408,3861637449,1.36E-05,17678835104,7.66E-06,1.94154E+11,1.18E-05,1.28E-05,3.134156317,0.147274695,0.015227039,1.491819771,0.179571778,0.334330242,0.334330242
-28.7564199,0.036550805,21616438714,8.83E-06,6250746430,1.03E-05,2.09271E+11,1.22E-05,4.04E-06,0.110547314,0.178940112,0.022048633,0.620625522,0.26938346,0.21191915,0.26938346
-41.60227308,0.043781836,8516073949,1.16E-05,11154583633,1.19E-05,1.95377E+11,1.31E-05,3.04E-06,0.277572415,0.151678677,0.019694102,1.274937294,0.225860048,0.279172291,0.279172291
-62.07701674,0.024245352,9721186412,1.08E-05,34743606684,6.08E-06,2.00573E+11,1.10E-05,9.57E-05,1.248075066,0.121630691,0.017582562,0.718439632,0.127398401,0.199314316,0.199314316
-60.2385354,0.051805242,7135807734,8.21E-06,16088229915,4.47E-06,1.92553E+11,1.16E-05,1.49E-05,0.662215301,0.115352864,0.016182205,0.689019537,0.175542824,0.143646562,0.175542824
-35.94032537,0.027352474,10615996484,1.35E-05,50125764960,1.15E-05,2.07749E+11,1.23E-05,4.73E-06,1.090262648,0.15795655,0.020541999,1.584619286,0.144731246,0.337526387,0.337526387
-34.40330209,0.043015576,3289314780,1.02E-05,25742888763,8.69E-06,1.96353E+11,1.35E-05,1.98E-06,2.716710517,0.185163054,0.024712164,0.83268852,0.28455152,0.278419715,0.28455152
-69.416607,0.016453415,24003977491,1.15E-05,9110291228,7.32E-06,2.0147E+11,1.06E-05,6.30E-05,0.265726654,0.141051799,0.012011445,1.296980935,0.10970846,0.238484216,0.238484216
-79.04331522,0.048037691,13511808501,1.28E-05,5799073574,5.31E-06,1.98187E+11,1.39E-05,1.37E-06,1.694279928,0.197720216,0.014216763,0.921877004,0.30986626,0.36311754,0.36311754
-24.75264711,0.022881695,5345740370,9.54E-06,22369357709,1.29E-05,2.03382E+11,1.01E-05,4.30E-05,0.425783438,0.128604384,0.02265344,1.18158134,0.116816622,0.198898913,0.198898913
-45.59082523,0.058233756,17687030515,1.48E-05,43954226485,1.01E-05,1.91969E+11,1.12E-05,1.83E-05,0.150061006,0.1028812,0.018685811,0.563234065,0.150898315,0.225010232,0.225010232
-50.61169621,0.032374652,4117782152,7.55E-06,10347190782,8.16E-06,2.07086E+11,1.28E-05,5.75E-06,4.807927801,0.170489464,0.018183797,1.954855115,0.225280029,0.212526088,0.225280029
-53.69758159,0.05964924,10444131930,1.20E-05,30088570506,1.25E-05,2.04125E+11,1.10E-05,5.60E-06,0.122133967,0.173034865,0.014613932,0.761850667,0.237972746,0.286238493,0.286238493
-42.59760838,0.033482587,7016871865,1.07E-05,7812065105,5.47E-06,1.9932E+11,1.29E-05,1.76E-05,3.625122412,0.103875551,0.022211032,1.214842915,0.143545387,0.190951578,0.190951578
-25.88657053,0.045937533,22846550285,1.40E-05,13764030315,8.32E-06,2.05406E+11,1.38E-05,7.49E-05,1.443575456,0.128005907,0.019894686,0.623487313,0.206026089,0.257803604,0.257803604
-77.81884043,0.021880272,3128991744,8.70E-06,58451085923,9.69E-06,1.90523E+11,1.02E-05,2.36E-06,0.306667543,0.195559996,0.01693127,1.468572534,0.18550685,0.264379182,0.264379182
-72.38510417,0.041116004,5616551988,7.04E-06,37572619870,1.17E-05,2.09739E+11,1.34E-05,4.93E-05,2.384868616,0.140473066,0.015784231,0.516606921,0.245889061,0.145355898,0.245889061
-31.29269792,0.015652408,14204132729,1.43E-05,12077524411,4.06E-06,1.94935E+11,1.07E-05,1.57E-06,0.18549755,0.183031733,0.020983601,1.758549101,0.112106579,0.321720557,0.321720557
-37.19135091,0.053421312,4185544899,9.05E-06,6784639717,6.92E-06,2.01042E+11,1.15E-05,6.57E-06,0.52238636,0.160482402,0.02350407,0.854956502,0.226749364,0.217145355,0.226749364
-59.13116183,0.028660824,17986798201,1.23E-05,19165519193,8.85E-06,1.96159E+11,1.24E-05,2.08E-05,0.846959499,0.11631851,0.013264753,1.074263777,0.135104978,0.224437703,0.224437703
-64.73432088,0.044584823,4985551172,1.46E-05,8424356537,1.07E-05,2.08217E+11,1.32E-05,3.37E-05,0.368379198,0.122589463,0.013996815,1.88315533,0.165585881,0.307992167,0.307992167
-39.08867812,0.026147064,16434216500,7.92E-06,23775838158,7.54E-06,1.93334E+11,1.09E-05,1.06E-06,1.534609067,0.154211399,0.02323518,0.578221689,0.184830631,0.177887205,0.184830631
-29.38119568,0.055484026,6579217813,1.26E-05,46181626042,5.95E-06,2.01939E+11,1.19E-05,7.97E-06,4.354855728,0.176803455,0.019280345,1.101762594,0.222839038,0.331593158,0.331593158
-66.79709289,0.034936886,12766703213,9.92E-06,14840289657,1.23E-05,1.97135E+11,1.20E-05,2.51E-05,0.129828771,0.146701295,0.017951055,0.998986116,0.213724462,0.221860351,0.221860351
-75.9221869,0.049253393,19255128801,1.03E-05,9545295500,9.33E-06,2.02601E+11,1.14E-05,3.40E-06,1.017455719,0.189331768,0.016807981,1.407993733,0.235788872,0.313930962,0.313930962
-20.28365333,0.030112417,3437909549,1.11E-05,40498753453,6.69E-06,1.97717E+11,1.26E-05,1.08E-05,0.555296133,0.134234185,0.020366881,0.775732038,0.176653657,0.21769567,0.21769567
-48.18631927,0.039760592,8950655096,8.34E-06,20661643958,5.11E-06,2.06306E+11,1.37E-05,8.08E-05,0.22282494,0.110146554,0.024524252,1.629437514,0.194819292,0.160075523,0.194819292
-55.60929975,0.019916497,7837267852,1.31E-05,5362853098,1.09E-05,1.91501E+11,1.03E-05,2.57E-06,2.535271692,0.166763912,0.012650015,0.663032027,0.113595964,0.295186425,0.295186425
-55.05943371,0.04326215,9320365566,7.98E-06,13164274386,9.05E-06,1.93878E+11,1.02E-05,8.75E-06,0.25376938,0.101314201,0.02359277,1.106253152,0.134732731,0.144096534,0.144096534
-48.64720749,0.024824304,8160923400,1.47E-05,54796058662,6.97E-06,2.08917E+11,1.39E-05,2.78E-05,2.843402984,0.168869822,0.013530695,0.981575374,0.18377159,0.356949876,0.356949876
-20.77388849,0.056972308,21071853066,9.99E-06,28430425428,4.27E-06,1.95028E+11,1.29E-05,3.69E-05,1.141112866,0.199250154,0.015873324,1.91144196,0.273828876,0.302557363,0.302557363
-75.51886961,0.036425082,3762307257,1.27E-05,7235242470,1.18E-05,2.00301E+11,1.10E-05,1.17E-06,0.632413115,0.130089309,0.021250735,0.574324433,0.160694027,0.249840449,0.249840449
-66.36458736,0.050565937,6113662855,1.10E-05,6106578880,9.89E-06,1.99512E+11,1.24E-05,1.00E-04,4.880626457,0.186805791,0.020008672,1.622809258,0.244358337,0.34199431,0.34199431
-29.95944172,0.031425046,11862833096,1.03E-05,17577592547,8.38E-06,2.04551E+11,1.16E-05,3.15E-06,0.147752992,0.142643419,0.017273481,0.674801964,0.188576727,0.201279348,0.201279348
-39.46178166,0.038261837,4709954725,1.31E-05,33572287496,5.68E-06,1.90644E+11,1.07E-05,4.20E-06,0.419237032,0.113844063,0.014728316,1.387176665,0.11406139,0.238442681,0.238442681
-64.21387466,0.018417827,15526376792,8.26E-06,10996513261,1.26E-05,2.05918E+11,1.33E-05,1.32E-05,1.719888848,0.15640121,0.022554433,0.780989304,0.220276964,0.208070993,0.220276964
-58.5667618,0.058335967,4010927753,1.06E-05,50813903192,1.08E-05,1.98459E+11,1.20E-05,6.07E-05,0.465861174,0.150172974,0.024207109,0.632845948,0.23535733,0.23637001,0.23637001
-37.60840826,0.032169229,17236544666,1.19E-05,16659052499,4.91E-06,2.03732E+11,1.19E-05,1.93E-06,0.743902547,0.120072346,0.012510912,1.458689664,0.128958698,0.222847858,0.222847858
-31.79769596,0.047438305,5121349804,8.65E-06,9157576777,6.63E-06,1.92322E+11,1.08E-05,4.54E-06,2.094684691,0.148914426,0.016490442,0.764963912,0.188081163,0.186406865,0.188081163
-72.02584663,0.023380959,12951672870,1.39E-05,26367821436,9.13E-06,2.07362E+11,1.32E-05,1.44E-05,0.165425342,0.18053483,0.020226586,1.193657495,0.228854487,0.370935087,0.370935087
-77.37157201,0.042440781,24635583037,1.43E-05,22241306333,1.23E-05,1.92823E+11,1.03E-05,5.97E-06,1.267016849,0.136360269,0.018988492,0.842307142,0.140907556,0.300540811,0.300540811
-26.42075682,0.01697727,3374148500,7.11E-06,5665310005,5.75E-06,2.08096E+11,1.37E-05,1.88E-05,0.273288139,0.192979147,0.017888217,1.08155567,0.282666795,0.193229522,0.282666795
-42.98524592,0.051932387,11077409938,1.23E-05,10200537712,7.48E-06,1.96709E+11,1.25E-05,4.48E-05,0.108840432,0.16264154,0.013704563,0.514510904,0.256510629,0.249577368,0.256510629
-53.22096623,0.027171985,7442037624,9.11E-06,42472488209,1.05E-05,2.01748E+11,1.14E-05,1.41E-06,3.181740672,0.107542437,0.023171154,1.789747368,0.117470403,0.17929681,0.17929681
-50.20941067,0.053303995,18719774041,1.34E-05,7842752901,6.16E-06,2.09387E+11,1.26E-05,2.28E-06,0.131801953,0.111628498,0.019376127,0.829319097,0.183644887,0.230566252,0.230566252
-46.08208857,0.02885114,4358465700,8.14E-06,30855087460,1.21E-05,1.9466E+11,1.13E-05,7.18E-05,4.287676379,0.168296974,0.017442623,1.32003117,0.185483693,0.222483777,0.222483777
-25.21456352,0.04170303,14540443180,1.14E-05,59327400319,1.04E-05,2.0077E+11,1.05E-05,1.71E-05,1.51094985,0.187715202,0.014910252,0.678846117,0.201510519,0.290723936,0.290723936
-78.49448094,0.015140784,5752378255,1.01E-05,14235573142,7.88E-06,1.95808E+11,1.36E-05,5.40E-06,0.373974473,0.132664158,0.021909093,1.595392814,0.170058979,0.218064021,0.218064021
-68.89696008,0.046549407,3005468618,9.61E-06,11892306512,4.75E-06,2.0377E+11,1.09E-05,2.15E-05,2.421012106,0.17524504,0.023818644,0.565518298,0.234390255,0.234572413,0.234572413
-34.77720851,0.021393497,21933124805,1.28E-05,36351303664,1.13E-05,1.99044E+11,1.31E-05,6.84E-06,0.233226251,0.145195522,0.012955675,1.920743799,0.157782114,0.277871252,0.277871252
-36.51937429,0.059556427,6852390882,7.60E-06,19078133401,9.54E-06,2.05136E+11,1.22E-05,1.61E-06,0.581222369,0.124184063,0.01528551,0.93570431,0.193955022,0.15147228,0.193955022
-59.80682917,0.033697408,10194107679,1.48E-05,6619824534,6.47E-06,1.90175E+11,1.18E-05,5.12E-05,0.97159195,0.155851012,0.021489404,1.173593718,0.155901057,0.348174402,0.348174402
-61.71856208,0.040251439,8029060102,1.22E-05,24381478248,7.94E-06,2.02951E+11,1.06E-05,2.43E-05,0.311307219,0.1620739,0.018775287,1.721806778,0.166680893,0.316867969,0.316867969
-42.10807042,0.019308706,9164736178,9.48E-06,8457469613,1.00E-05,1.97991E+11,1.35E-05,7.65E-06,1.421402694,0.117961126,0.018450518,0.528928609,0.170652938,0.165894951,0.170652938
-29.17427655,0.049039908,3580785427,1.42E-05,15348740497,1.27E-05,2.0658E+11,1.23E-05,1.02E-06,3.569408742,0.138917653,0.01430505,1.00715054,0.173594419,0.30365736,0.30365736
-67.0003213,0.030206555,20045437269,7.49E-06,46873882315,5.24E-06,1.91854E+11,1.17E-05,3.22E-05,0.123982933,0.18152286,0.022919764,0.914016349,0.263301824,0.194697675,0.263301824
-72.90645491,0.055289638,12464218204,8.77E-06,39182229004,7.09E-06,2.08566E+11,1.28E-05,2.65E-06,0.808829006,0.126386338,0.024826936,1.294046506,0.209075094,0.198991285,0.209075094
-23.30307603,0.035050121,6426706439,1.35E-05,9398933505,8.61E-06,1.93604E+11,1.11E-05,8.40E-05,0.546743895,0.19399307,0.012354439,0.713590439,0.199447845,0.346672391,0.346672391
-47.97943054,0.045095111,15781362516,1.08E-05,5232588925,1.13E-05,2.02216E+11,1.01E-05,1.12E-05,0.194145008,0.174519911,0.016295784,1.497885803,0.190553745,0.291348308,0.291348308
-55.81255497,0.025558713,4789943292,1.15E-05,20567387797,4.40E-06,1.97489E+11,1.40E-05,3.55E-06,2.277521947,0.10540561,0.020884598,0.609789438,0.16377848,0.187067349,0.187067349
-56.80617059,0.056276716,5404894435,1.49E-05,11340399687,5.34E-06,2.01247E+11,1.34E-05,6.76E-05,0.217562341,0.142093342,0.018055649,1.424192394,0.223137467,0.338075217,0.338075217
-46.87074458,0.037141228,13670914940,7.66E-06,32633658623,1.29E-05,1.95974E+11,1.05E-05,2.13E-06,2.601290184,0.184694734,0.019176554,0.646571289,0.222893583,0.209425059,0.222893583
-22.7696345,0.043971431,4061932361,1.29E-05,18165813111,1.01E-05,2.09846E+11,1.17E-05,5.09E-06,0.923707206,0.158806756,0.023333825,1.217181289,0.184222085,0.320646751,0.320646751
-73.55199132,0.024132834,17452890687,9.68E-06,5952074597,8.12E-06,1.94807E+11,1.23E-05,1.60E-05,0.612613176,0.114685589,0.013897385,0.748450479,0.152117169,0.169862467,0.169862467
-68.11837666,0.037545683,10762849908,1.01E-05,7056393204,4.50E-06,2.05592E+11,1.12E-05,7.13E-06,3.931886292,0.171347084,0.012749754,1.058550385,0.194620817,0.255850917,0.255850917
-28.17586917,0.019113423,7230000545,1.13E-05,29363725266,1.15E-05,1.90318E+11,1.28E-05,2.27E-05,0.143535574,0.102230494,0.024425322,0.862596922,0.142763567,0.181549088,0.181549088
-41.4646087,0.051257413,23736311905,8.06E-06,53295840888,8.72E-06,2.04252E+11,1.39E-05,5.34E-05,0.360447437,0.129662828,0.02047019,1.829305648,0.225487348,0.184851011,0.225487348
-62.23985812,0.030715761,3251287883,1.34E-05,13567583566,7.27E-06,1.99213E+11,1.00E-05,1.70E-06,1.565923056,0.197259642,0.016703895,0.504630634,0.179622633,0.343977419,0.343977419
-60.328376,0.048155873,21334245802,1.17E-05,41097214815,7.77E-06,2.06413E+11,1.13E-05,8.50E-06,0.509958802,0.190988641,0.017031489,0.959781089,0.23845995,0.327017141,0.327017141
-35.87657731,0.022686778,3808552031,1.09E-05,10465326694,1.02E-05,1.91374E+11,1.27E-05,2.68E-05,0.868960235,0.135933783,0.019793658,1.128765297,0.156725994,0.232825892,0.232825892
-33.77902241,0.057648655,9833824184,1.37E-05,5493516724,1.20E-05,2.02805E+11,1.36E-05,3.58E-05,2.165516756,0.108458724,0.022314028,0.586362169,0.18988607,0.22964178,0.22964178
-70.01570968,0.032882679,8611910140,8.96E-06,22881030170,5.99E-06,1.97532E+11,1.04E-05,1.13E-06,0.204656377,0.165118807,0.014511714,1.867568903,0.182466903,0.228055131,0.228055131
-79.1406964,0.052626561,4536843985,7.31E-06,27110037194,6.37E-06,2.02066E+11,1.30E-05,7.71E-05,1.303601167,0.120913865,0.013366462,0.661370813,0.210898292,0.134295816,0.210898292
-44.97411117,0.041727338,5938506808,9.28E-06,17081282330,1.11E-05,2.08403E+11,1.19E-05,3.26E-06,0.1194832,0.178423779,0.021084915,0.7992994,0.263508413,0.234971304,0.263508413
-51.20323326,0.017664578,11521880389,1.20E-05,49198814219,4.58E-06,1.93129E+11,1.22E-05,1.03E-05,3.698861734,0.148364343,0.015683701,1.358524422,0.120029505,0.266538733,0.266538733
-51.98565185,0.041014301,3506789900,8.44E-06,6405530301,9.23E-06,1.95505E+11,1.20E-05,3.11E-05,0.153959365,0.145843261,0.012112471,0.541132238,0.22037416,0.163664537,0.22037416
-44.33563065,0.015852817,19633091621,1.32E-05,19573546927,6.80E-06,2.00465E+11,1.21E-05,9.89E-06,4.693536276,0.177453747,0.024611946,1.687928291,0.107695629,0.360618846,0.360618846
-27.18124868,0.054022893,7670927968,1.05E-05,35249326269,5.02E-06,1.94339E+11,1.31E-05,1.32E-06,1.869273667,0.153152492,0.020644218,0.895496774,0.238928369,0.237133131,0.238928369
-76.49898527,0.02815829,8755071375,1.12E-05,12234477726,1.10E-05,2.09066E+11,1.08E-05,4.18E-05,0.386620843,0.123049575,0.016079208,1.031178267,0.12959336,0.221756092,0.221756092
-70.68074005,0.058844401,16791986247,1.25E-05,14636147282,1.06E-05,1.91099E+11,1.37E-05,2.76E-06,3.003708623,0.16572205,0.01828631,0.727817645,0.279584859,0.30521169,0.30521169
-33.02315457,0.034386133,5095846906,9.81E-06,57563284442,7.65E-06,2.0606E+11,1.03E-05,8.69E-05,0.239960735,0.110614555,0.018584101,1.264807905,0.123619263,0.175312718,0.175312718
-38.49356964,0.04724225,12513341220,1.45E-05,31636835636,5.86E-06,1.99995E+11,1.15E-05,1.16E-05,0.675687732,0.133383613,0.022753968,0.595655372,0.175100166,0.277294298,0.277294298
-57.80376609,0.020674603,6453072090,7.79E-06,7593407276,1.24E-05,2.04722E+11,1.26E-05,3.65E-06,1.066596342,0.189998676,0.01411545,1.528921818,0.229629231,0.236939749,0.236939749
-63.45062906,0.049750605,13895442003,9.16E-06,21210367439,1.16E-05,1.92155E+11,1.38E-05,1.90E-06,0.284799466,0.196276551,0.013123132,1.352375024,0.326578891,0.279241789,0.326578891
-40.34627741,0.029516501,5496679844,1.24E-05,5086243485,4.09E-06,2.06882E+11,1.02E-05,6.03E-05,1.218602415,0.127105787,0.02400673,0.812003936,0.116162423,0.241380683,0.241380683
-31.18467815,0.039554518,18337645739,7.19E-06,9713368089,6.87E-06,1.98314E+11,1.11E-05,1.42E-05,3.457658923,0.104391661,0.0216521,1.565117609,0.133122357,0.136253615,0.136253615
-65.01878742,0.020023522,4269923304,1.44E-05,38190500825,8.88E-06,2.03275E+11,1.29E-05,4.51E-06,0.100361518,0.171944993,0.015478357,0.694013505,0.220958956,0.331282086,0.331282086
-74.64560293,0.045785172,6881163847,1.38E-05,45715639097,1.25E-05,1.96558E+11,1.16E-05,1.94E-05,0.785742776,0.116826632,0.01768149,1.961942837,0.130435573,0.299116299,0.299116299
-21.53414477,0.024848012,10238599467,8.59E-06,15852754139,5.50E-06,2.01284E+11,1.25E-05,6.11E-06,0.440462481,0.159375386,0.019594365,0.552015777,0.220154778,0.184646325,0.220154778
-49.99688456,0.054574815,3198757357,1.19E-05,8226000938,8.27E-06,1.92661E+11,1.33E-05,1.46E-06,0.176764834,0.183731573,0.022152721,1.147798038,0.298018931,0.324876827,0.324876827
-53.82391145,0.035747046,23339943092,1.06E-05,25128694381,9.72E-06,2.07622E+11,1.06E-05,4.59E-05,1.958146962,0.139565386,0.015123729,0.95376015,0.148382889,0.228516761,0.228516761
-53.88838377,0.054692258,13725115098,1.34E-05,51791871427,4.07E-06,1.90016E+11,1.14E-05,7.70E-05,4.521563817,0.124344751,0.018785597,0.991660734,0.159077466,0.266733013,0.266733013
-49.81965944,0.035902931,5427272296,8.08E-06,13426891034,1.16E-05,2.0529E+11,1.25E-05,2.42E-06,0.159483849,0.155177802,0.018497328,1.092018394,0.239043073,0.193152646,0.239043073
-21.47598816,0.045903976,17380637187,1.14E-05,6849989722,8.85E-06,1.9889E+11,1.37E-05,3.24E-06,0.400446047,0.176213462,0.014313773,0.580133429,0.282618649,0.258370424,0.282618649
-74.81450962,0.025005278,4044392299,1.01E-05,29098919358,6.85E-06,2.03929E+11,1.03E-05,1.02E-05,1.800567992,0.143762979,0.02296816,1.887145928,0.116358723,0.244249132,0.244249132
-65.19326417,0.039497499,7259714347,9.67E-06,18715911981,5.48E-06,1.9565E+11,1.32E-05,8.36E-06,0.249922411,0.188755602,0.024816613,0.66883688,0.310595435,0.255237199,0.310595435
-31.13210948,0.020004966,10805848911,1.29E-05,6007129367,1.25E-05,2.00923E+11,1.09E-05,2.65E-05,2.887213592,0.131306646,0.012307617,1.641756214,0.071791922,0.251325439,0.251325439
-40.1636396,0.049692223,3237359747,7.68E-06,11667871546,9.70E-06,1.94507E+11,1.19E-05,3.53E-05,1.02535216,0.111912618,0.016287049,0.774224807,0.169915541,0.137126166,0.169915541
-63.5096994,0.029496559,23637231913,1.49E-05,32970489812,8.26E-06,2.09545E+11,1.20E-05,1.12E-06,0.703822101,0.167744143,0.02083619,1.403120325,0.154421313,0.373504731,0.373504731
-57.86285957,0.047256645,3793759115,1.20E-05,16906557408,6.79E-06,1.97331E+11,1.33E-05,7.21E-06,1.173807827,0.174021206,0.019399145,1.471434592,0.246946782,0.331810523,0.331810523
-38.31096569,0.020738446,21247662432,9.30E-06,47817258594,9.21E-06,2.02369E+11,1.07E-05,2.27E-05,0.294984836,0.105635506,0.017476749,0.625654994,0.118530087,0.146401521,0.146401521
-32.97060568,0.058857431,8648273650,1.40E-05,26861226291,1.10E-05,1.93451E+11,1.15E-05,5.41E-05,0.103963188,0.125084466,0.014931683,1.204303189,0.176039416,0.269980341,0.269980341
-70.85525446,0.034448592,9877115323,7.30E-06,8624065108,5.00E-06,2.08724E+11,1.24E-05,1.71E-06,3.330956534,0.194977734,0.021944806,0.756135687,0.287282753,0.208402902,0.287282753
-76.66785453,0.053860187,14896934156,8.95E-06,5543541730,7.64E-06,1.91695E+11,1.10E-05,6.82E-05,0.458800639,0.137540848,0.023795638,1.07072596,0.193903479,0.207439872,0.207439872
-27.12307252,0.028045012,4519084862,1.37E-05,23570564119,1.06E-05,2.06734E+11,1.29E-05,2.17E-06,0.755361819,0.182435642,0.012921561,0.853151516,0.203794649,0.348525323,0.348525323
-44.15837144,0.040852956,11572204093,1.10E-05,41528094695,1.24E-05,1.97836E+11,1.38E-05,5.10E-06,1.882209956,0.161454914,0.015264091,1.771545252,0.224911559,0.292115444,0.292115444
-52.05010081,0.015740922,5963787430,1.17E-05,10769264678,5.84E-06,2.0311E+11,1.02E-05,1.62E-05,0.184102258,0.118067688,0.021453703,0.521217671,0.107203764,0.19858566,0.19858566
-51.38232341,0.041873618,19554016758,7.80E-06,31316027145,1.02E-05,2.05759E+11,1.39E-05,1.92E-05,2.69431055,0.112809846,0.024217416,1.308334774,0.197214047,0.162189526,0.197214047
-24.51065827,0.052771459,8793332812,9.79E-06,14503123195,6.00E-06,2.04397E+11,1.12E-05,1.43E-06,0.590166723,0.186527807,0.016499163,1.581540731,0.223162802,0.277225845,0.277225845
-79.19704162,0.026560877,7703556364,1.25E-05,55875544565,1.20E-05,1.99671E+11,1.28E-05,4.56E-05,0.956852574,0.143190178,0.020274979,0.686633907,0.185872941,0.276230732,0.276230732
-70.07008974,0.057617727,5076066797,1.12E-05,35567452208,9.37E-06,2.00143E+11,1.16E-05,1.89E-06,0.137985233,0.199095554,0.018978172,1.94051996,0.280022494,0.354068543,0.354068543
-33.60633917,0.03281331,16723778104,1.04E-05,12602157513,6.39E-06,1.95182E+11,1.23E-05,5.94E-05,4.095601699,0.1307564,0.017841398,0.558253292,0.178357067,0.192383633,0.192383633
-35.81565266,0.048126331,6480323252,1.32E-05,6472169824,4.59E-06,2.08764E+11,1.35E-05,1.42E-05,1.63093005,0.10035182,0.01369583,1.185488961,0.14882252,0.220901567,0.220901567
-60.50914878,0.022618773,12568409253,8.46E-06,20140395315,1.12E-05,1.94037E+11,1.06E-05,4.47E-06,0.346468021,0.170296199,0.023122749,0.923830136,0.185570131,0.225280771,0.225280771
-62.42066499,0.051330858,5519261687,1.06E-05,7994433982,1.29E-05,2.01589E+11,1.18E-05,2.77E-06,0.900144372,0.164024481,0.023615784,0.523621252,0.244254332,0.247022464,0.247022464
-41.40370741,0.030739778,13950963176,1.19E-05,24869872816,5.36E-06,1.96862E+11,1.21E-05,8.79E-05,0.491271996,0.106623584,0.013564818,1.743937285,0.118949085,0.205508415,0.205508415
-28.00322337,0.037620514,4251616408,8.57E-06,44381578817,8.14E-06,2.07942E+11,1.31E-05,1.17E-05,0.197133463,0.13698544,0.015894752,0.904701492,0.217209031,0.171281019,0.217209031
-68.17277627,0.019138804,18261146987,1.39E-05,15710906295,1.01E-05,1.92981E+11,1.10E-05,3.72E-06,2.242962267,0.192866561,0.021286446,1.020257453,0.120671544,0.375275667,0.375275667
-73.60831676,0.043870521,10279155381,1.44E-05,10006894066,1.15E-05,2.07203E+11,1.36E-05,3.16E-05,0.325915279,0.149419172,0.01998567,0.719840402,0.24008657,0.320805543,0.320805543
-22.59889664,0.023982475,6909671365,7.17E-06,38541381390,4.51E-06,1.92477E+11,1.05E-05,9.94E-06,1.357713347,0.180298768,0.01723937,1.279369291,0.178328602,0.18822355,0.18822355
-46.80810343,0.056174424,23243282441,1.24E-05,21821514953,7.29E-06,2.03578E+11,1.13E-05,1.33E-06,3.852860567,0.151480935,0.0147069,0.615240925,0.200737976,0.257867536,0.257867536
-56.98522687,0.036989508,3184946230,9.17E-06,5138427196,8.73E-06,1.98617E+11,1.27E-05,4.18E-05,0.114863323,0.119081564,0.022518735,1.480630499,0.194621222,0.17986352,0.194621222
-55.63530661,0.045207007,8127005884,8.28E-06,34584059818,1.00E-05,2.04875E+11,1.22E-05,6.01E-06,4.375821928,0.133907504,0.013163603,0.640103862,0.201711594,0.16315575,0.201711594
-48.04386888,0.025720058,9280269471,1.30E-05,11096639582,7.96E-06,1.99836E+11,1.18E-05,1.91E-05,0.128975535,0.18979244,0.024010702,1.442512988,0.218582899,0.360475964,0.360475964
-23.47194875,0.055402916,3777284764,1.03E-05,6283937736,5.25E-06,2.06218E+11,1.09E-05,4.50E-05,0.365998496,0.166998754,0.021694158,0.740830715,0.218585596,0.23699909,0.23699909
-72.84827506,0.035212827,21158753159,1.11E-05,17761867295,1.27E-05,1.90945E+11,1.30E-05,1.43E-06,1.542195885,0.109606249,0.015480742,1.233060509,0.15364334,0.210655238,0.210655238
-66.94778303,0.048977449,11812204438,1.27E-05,27632092672,8.62E-06,2.0922E+11,1.04E-05,6.13E-05,0.227766331,0.154556009,0.017641032,0.870142805,0.184733082,0.291752632,0.291752632
-29.34878012,0.030193524,6088045136,9.97E-06,7161222263,7.12E-06,1.9418E+11,1.35E-05,1.93E-06,2.484714635,0.122158927,0.019590405,1.046511094,0.174940584,0.192731154,0.192731154
-42.16716759,0.040187596,15589935772,1.47E-05,12777164020,4.41E-06,2.00624E+11,1.27E-05,4.61E-06,0.997037783,0.146435553,0.022110676,0.509125799,0.208687108,0.29226112,0.29226112
-61.53595466,0.019294311,4728847810,8.00E-06,54293069914,1.13E-05,1.95351E+11,1.14E-05,1.45E-05,0.567547961,0.177325067,0.015121356,1.808213227,0.182624252,0.22655914,0.22655914
-59.62420197,0.059576369,17309606511,9.12E-06,10294880200,1.21E-05,2.07776E+11,1.00E-05,9.82E-05,1.450792013,0.183547242,0.012140235,1.118799079,0.209783257,0.26192163,0.26192163
-36.57843379,0.033755791,4028519514,1.23E-05,43758708720,6.17E-06,1.92502E+11,1.39E-05,3.12E-06,0.304668886,0.140213428,0.024628601,0.970976608,0.216287754,0.262977839,0.262977839
-34.95168895,0.046567963,12901157362,7.10E-06,22470851659,7.90E-06,2.01443E+11,1.29E-05,4.15E-06,0.121324628,0.11588187,0.020673568,1.851373408,0.198454363,0.139985716,0.198454363
-68.84438794,0.021450516,5100648037,1.43E-05,5828913285,1.04E-05,1.96404E+11,1.12E-05,1.32E-05,3.642775913,0.160833115,0.016094276,0.59310783,0.13328203,0.319272024,0.319272024
-78.43633518,0.041545764,3388831042,1.39E-05,9062601475,1.13E-05,2.03428E+11,1.23E-05,8.73E-06,0.533878732,0.103329144,0.018258534,1.676935645,0.130973122,0.266089208,0.266089208
-25.38345959,0.01502198,24740857017,8.63E-06,25623763546,4.77E-06,1.98155E+11,1.17E-05,2.75E-05,0.83001491,0.173275811,0.018567433,0.652853669,0.185092896,0.206367115,0.206367115
-46.14656435,0.053148111,7412179522,1.19E-05,50355581497,6.50E-06,2.0704E+11,1.05E-05,3.68E-05,2.337456815,0.196014565,0.022724606,1.372250618,0.206924941,0.361519947,0.361519947
-50.03218187,0.028733698,11033870485,1.07E-05,16171779963,9.55E-06,1.92001E+11,1.34E-05,1.16E-06,0.189599311,0.127685329,0.01410037,0.789147952,0.19582045,0.19704063,0.19704063
-53.1583214,0.052084107,4377442544,1.48E-05,19253387991,4.89E-06,1.99367E+11,1.07E-05,2.68E-06,2.782759383,0.128253193,0.017071963,1.702730054,0.122297152,0.301182436,0.301182436
-43.16430567,0.027274277,18799701772,7.62E-06,6819873541,1.08E-05,2.04093E+11,1.33E-05,8.46E-05,0.259017323,0.198156379,0.019797633,0.534989019,0.314409532,0.208805971,0.314409532
-26.47707164,0.042591139,5729302110,1.28E-05,12014301268,9.11E-06,1.90477E+11,1.25E-05,1.13E-05,0.64541434,0.170748625,0.022356089,1.040385993,0.219961989,0.327911362,0.327911362
-77.200845,0.017078179,14483270407,9.60E-06,37398750149,6.62E-06,2.05438E+11,1.16E-05,3.56E-06,1.116642091,0.102365214,0.014514102,0.885190249,0.109150485,0.155465181,0.155465181
-71.85319737,0.047412924,22026105533,1.01E-05,58716285602,5.73E-06,1.94961E+11,1.30E-05,2.44E-05,0.151622583,0.158276842,0.013326,1.252129902,0.254701964,0.239183213,0.254701964
-31.85209926,0.023306128,3018645899,1.14E-05,13834853609,1.22E-05,2.09688E+11,1.11E-05,7.75E-06,4.765801154,0.114898009,0.023397596,0.737164576,0.1149541,0.209910694,0.209910694
-37.78920429,0.05831195,10154373189,8.15E-06,7772570435,1.05E-05,1.96133E+11,1.01E-05,1.03E-06,1.679625955,0.140810567,0.021042867,1.513324429,0.16577291,0.20310702,0.20310702
-58.50587113,0.032095784,6824667668,1.34E-05,29954728192,7.46E-06,2.01093E+11,1.38E-05,3.27E-05,0.430268045,0.185709176,0.015681325,0.603413555,0.271899958,0.335176852,0.335176852
-64.15294655,0.038329842,9125590271,1.15E-05,5389847513,6.96E-06,1.93283E+11,1.26E-05,2.14E-05,0.727952783,0.17948013,0.018083415,0.82037312,0.247583711,0.299706626,0.299706626
-39.64255814,0.01844737,7995436616,1.08E-05,20752978472,9.03E-06,2.08244E+11,1.15E-05,6.74E-06,0.475436575,0.147039566,0.019193211,1.334987486,0.13496717,0.242541818,0.242541818
-30.01381094,0.050635306,20127465011,1.36E-05,40316979308,1.17E-05,1.97186E+11,1.03E-05,1.61E-06,0.168845684,0.121169732,0.023363178,0.701040465,0.150847228,0.247431642,0.247431642
-66.19191473,0.031455974,3595150882,8.76E-06,9496700684,4.25E-06,2.01912E+11,1.36E-05,5.07E-05,2.050017987,0.152005072,0.013912456,1.545272521,0.218236216,0.208260966,0.218236216
-75.34816572,0.056865851,6399986775,7.47E-06,14919090254,8.37E-06,1.97686E+11,1.08E-05,2.25E-06,0.280480007,0.108636984,0.012721976,0.547130339,0.160888811,0.119989606,0.160888811
-20.83023718,0.036280184,12410603568,1.42E-05,46398524294,9.87E-06,2.02647E+11,1.32E-05,7.16E-05,1.237350718,0.164476901,0.024408652,1.984786542,0.17769212,0.377881827,0.377881827
-48.82628702,0.043154332,4808994737,9.50E-06,23666655085,1.26E-05,1.91533E+11,1.21E-05,1.69E-05,3.10687196,0.19192738,0.020440824,0.94546911,0.257492647,0.281422944,0.281422944
-54.99682654,0.024678024,15846484735,1.22E-05,8380594491,5.66E-06,2.06259E+11,1.19E-05,5.35E-06,0.111691348,0.134482238,0.016688811,1.160978023,0.169228571,0.236032417,0.236032417
-55.42840537,0.039643158,4609615485,1.08E-05,11053187775,7.52E-06,2.08949E+11,1.16E-05,1.37E-06,3.478655156,0.194508961,0.021181948,0.696308016,0.246266652,0.298001054,0.298001054
-48.24713662,0.0197606,15189372127,1.16E-05,33724968375,1.07E-05,1.93832E+11,1.25E-05,4.36E-05,0.126989867,0.126127082,0.015998447,1.568434139,0.15607825,0.219486501,0.219486501
-20.45621498,0.049134576,5837195950,8.84E-06,17499547519,1.23E-05,2.00269E+11,1.33E-05,1.83E-05,0.318898348,0.104969352,0.013466274,0.806049718,0.175135597,0.144603739,0.175135597
-75.86769955,0.029955159,11319353205,1.36E-05,6075771200,5.94E-06,1.95074E+11,1.06E-05,5.81E-06,1.385415494,0.174871006,0.023715113,1.340414485,0.137244867,0.349406061,0.349406061
-66.74085496,0.055541032,21710165102,1.41E-05,7272738729,6.67E-06,2.04603E+11,1.38E-05,1.51E-05,0.192478038,0.117415099,0.022418897,0.951906925,0.212152938,0.270735617,0.270735617
-29.55201747,0.03495545,3877694622,7.43E-06,28560534197,9.31E-06,1.99485E+11,1.02E-05,4.75E-06,2.301364207,0.162315228,0.014805928,1.143825147,0.170992261,0.186239831,0.186239831
-39.15140342,0.044643215,9681074264,1.22E-05,54541904222,1.09E-05,2.05866E+11,1.11E-05,2.01E-06,0.817206271,0.18197781,0.017135961,0.556848721,0.223678053,0.294598687,0.294598687
-64.55535233,0.026166992,8482470034,9.41E-06,13095253612,5.10E-06,1.90671E+11,1.30E-05,6.35E-05,0.541979658,0.138597457,0.020089856,1.976775492,0.180295416,0.212665024,0.212665024
-58.95221284,0.053406909,10571027279,7.53E-06,42671611667,5.46E-06,2.03705E+11,1.37E-05,1.27E-05,1.472787477,0.144869223,0.02017486,1.022232073,0.25453598,0.174686247,0.25453598
-37.25411365,0.028596993,7104754795,1.48E-05,10254592194,1.25E-05,1.9851E+11,1.03E-05,4.02E-06,0.383069772,0.175706094,0.016600091,0.88877932,0.137102704,0.330691128,0.330691128
-31.46354306,0.041102987,24098332431,9.56E-06,5635833594,9.67E-06,2.07389E+11,1.15E-05,3.01E-06,0.134990089,0.156086236,0.01245482,1.691217722,0.203309942,0.223950496,0.223950496
-72.32890032,0.015589941,3302614886,1.28E-05,22138933819,8.30E-06,1.92271E+11,1.26E-05,9.56E-05,4.17892182,0.12364414,0.024319535,0.543013544,0.131895447,0.244959372,0.244959372
-77.76431922,0.046100253,5322315594,1.15E-05,26484662216,4.05E-06,2.08049E+11,1.20E-05,1.21E-06,0.576126005,0.168641965,0.023020938,1.540221105,0.219389968,0.313389097,0.313389097
-26.05910905,0.021993543,13454981407,1.02E-05,9203748536,1.17E-05,1.92855E+11,1.21E-05,3.80E-05,0.981709045,0.111198343,0.013798443,0.600971678,0.133129085,0.165231112,0.165231112
-42.65838807,0.059810577,4134574424,1.35E-05,16574418354,8.83E-06,2.01794E+11,1.31E-05,2.85E-05,2.446491048,0.132398798,0.017739987,1.260642487,0.196411148,0.297269909,0.297269909
-53.51666743,0.033594497,17755943565,8.20E-06,50586249751,6.89E-06,1.96677E+11,1.08E-05,8.98E-06,0.231210991,0.188237195,0.019078799,0.726281008,0.23602672,0.215753244,0.23602672
-50.55274745,0.058087484,6986120740,1.23E-05,6586193927,1.16E-05,1.94614E+11,1.30E-05,3.46E-06,2.081046564,0.193519547,0.021843876,1.863940775,0.263867367,0.398975003,0.398975003
-45.77357033,0.032266821,10400222445,9.04E-06,18992662259,4.49E-06,2.09419E+11,1.09E-05,1.09E-05,0.166251237,0.136125522,0.015031804,0.58433203,0.175494811,0.165244715,0.175494811
-24.80533738,0.04789278,3141743799,1.43E-05,36512386175,7.33E-06,1.95854E+11,1.19E-05,8.18E-05,0.468133725,0.10708186,0.017374631,1.138646462,0.136024835,0.249599123,0.249599123
-78.86894576,0.022775247,22935647261,7.06E-06,11952267553,8.71E-06,2.00738E+11,1.22E-05,2.58E-06,0.738966743,0.162968316,0.01950204,0.967037414,0.223799313,0.18300324,0.223799313
-69.24759302,0.04304649,14143928481,8.72E-06,14161507129,1.30E-05,1.99017E+11,1.13E-05,3.37E-05,0.106663821,0.119550638,0.021351092,1.363017312,0.179502443,0.177525016,0.179502443
-34.4613371,0.016522793,5592130191,1.40E-05,59054332469,5.33E-06,2.03821E+11,1.27E-05,1.07E-06,3.251710794,0.15043862,0.0153659,0.800992908,0.123723254,0.296542151,0.296542151
-36.1174432,0.051834793,18057491658,1.07E-05,30999747725,8.18E-06,1.90202E+11,1.36E-05,8.01E-06,1.295041885,0.180965271,0.012820933,1.64769134,0.26283524,0.301505863,0.301505863
-60.1739415,0.027420466,4202475219,1.20E-05,7884313715,1.01E-05,2.05084E+11,1.04E-05,2.54E-05,0.26785336,0.14856972,0.023897051,0.655522153,0.156577471,0.264435128,0.264435128
-62.01246049,0.043708383,16505498400,1.31E-05,20471994085,9.48E-06,1.98042E+11,1.12E-05,4.90E-05,1.133606093,0.14229261,0.022864467,0.753980959,0.175824518,0.287440271,0.287440271
-41.77941069,0.024221348,5006279189,8.32E-06,5205154702,6.27E-06,2.02924E+11,1.28E-05,1.54E-06,0.635461998,0.187242335,0.014418269,1.228045055,0.242288624,0.227018408,0.242288624
-28.81448878,0.056715591,12714069458,1.11E-05,9447643764,4.69E-06,1.91802E+11,1.39E-05,6.54E-06,0.25502182,0.156660753,0.018397998,0.644442162,0.275186472,0.232346138,0.275186472
-67.39492761,0.036525416,6553240053,1.03E-05,39361545520,1.11E-05,2.06607E+11,1.00E-05,2.06E-05,2.825050727,0.113328459,0.018884143,1.421184154,0.109844489,0.209170761,0.209170761
-73.20764927,0.050465605,3452322007,9.93E-06,46665764786,1.03E-05,1.93636E+11,1.34E-05,5.55E-06,0.410873366,0.169190495,0.02073716,0.500252382,0.297597978,0.230986137,0.297597978
-22.96706291,0.031681765,19337979872,1.26E-05,15271307401,7.67E-06,2.08519E+11,1.05E-05,1.76E-05,1.758044007,0.100859727,0.016386887,1.815584923,0.07804545,0.212469779,0.212469779
-47.62693804,0.038864795,7806085351,7.91E-06,8501058955,6.10E-06,1.97458E+11,1.17E-05,7.37E-05,4.988278186,0.129848458,0.012203432,0.864278842,0.175480801,0.154788097,0.175480801
-56.19980901,0.017971597,8914024970,1.46E-05,24492362977,1.19E-05,2.02262E+11,1.24E-05,2.34E-06,0.144788887,0.199796657,0.024920021,1.062230244,0.20472588,0.425906816,0.425906816
-57.43146129,0.049831545,24202578913,1.18E-05,13504766632,1.12E-05,1.96005E+11,1.28E-05,1.06E-05,3.383045706,0.159934096,0.014013482,0.910850279,0.230064575,0.285820145,0.285820145
-46.2728912,0.029240379,3316583063,1.05E-05,53016974456,4.80E-06,2.01201E+11,1.12E-05,3.35E-06,0.102415918,0.116597988,0.023262955,1.005190958,0.155684593,0.185060904,0.185060904
-22.21023316,0.038932499,11249362048,1.38E-05,29516286326,6.45E-06,1.94776E+11,1.01E-05,2.52E-06,0.290597336,0.13912312,0.019295425,0.532925933,0.148437716,0.256400672,0.256400672
-74.08389812,0.020450703,7561418350,8.52E-06,7088728120,9.58E-06,2.09893E+11,1.40E-05,7.91E-05,1.192152634,0.184064453,0.017980417,1.736876533,0.250207474,0.252628376,0.252628376
-68.73637209,0.045357988,3950637089,7.24E-06,5925584047,1.21E-05,1.9037E+11,1.06E-05,1.08E-06,0.175897051,0.126577976,0.016791327,0.61108001,0.178792387,0.137574878,0.178792387
-27.58536806,0.025470028,16968820373,1.45E-05,18074016789,6.20E-06,2.05565E+11,1.35E-05,3.42E-05,1.970863913,0.196523887,0.020339118,1.502834123,0.184763598,0.415824071,0.415824071
-40.89791141,0.054850935,5214329636,9.23E-06,32801654127,7.85E-06,1.99162E+11,1.23E-05,2.56E-05,0.790947464,0.17236933,0.024509184,0.707277417,0.264712038,0.229354183,0.264712038
-62.77911831,0.035666105,13179870745,1.25E-05,11391825515,1.04E-05,2.04279E+11,1.17E-05,8.13E-06,0.438348368,0.104028645,0.012620665,1.284554038,0.121886991,0.215905503,0.215905503
-60.9408492,0.04038405,6210169397,1.46E-05,48948228744,8.53E-06,1.91348E+11,1.10E-05,1.77E-06,1.828818697,0.110257642,0.014617891,1.609627461,0.099597163,0.261856347,0.261856347
-35.23660956,0.016282741,12043771355,7.86E-06,17004655272,7.23E-06,2.06464E+11,1.31E-05,5.58E-05,0.394466166,0.166140284,0.022251491,0.683861143,0.230985742,0.18898737,0.230985742
-33.23243856,0.054095591,4628367413,1.26E-05,8924655393,4.32E-06,1.97559E+11,1.22E-05,2.37E-05,0.157100807,0.190252115,0.019897059,1.317240767,0.2684503,0.342063952,0.342063952
-70.58973085,0.027884924,15249636224,9.86E-06,27246433370,1.14E-05,2.02754E+11,1.18E-05,7.46E-06,4.592549604,0.132849698,0.016973315,0.826585733,0.162131769,0.208197294,0.208197294
-79.74587455,0.059117769,9482216886,1.04E-05,22762116133,9.94E-06,1.96981E+11,1.26E-05,1.56E-05,0.672406357,0.17779273,0.015780258,1.164786932,0.27218903,0.293345241,0.293345241
-24.04874321,0.034313438,8306864004,1.12E-05,5468302457,8.07E-06,2.02098E+11,1.13E-05,4.95E-06,1.073722496,0.145394891,0.02094313,0.927583852,0.161982164,0.2447674,0.2447674
-44.42023115,0.046812329,20739005297,8.39E-06,10514503385,5.16E-06,1.93175E+11,1.05E-05,2.07E-06,3.02338777,0.122827035,0.023501685,1.92741646,0.140722701,0.186411976,0.186411976
-51.7846076,0.021304857,3704829430,1.32E-05,41315339213,1.29E-05,2.08371E+11,1.36E-05,6.58E-05,0.238769115,0.153705099,0.013222695,0.566618904,0.205443989,0.277655417,0.277655417
-52.52671393,0.048580131,12248296775,9.35E-06,7629089278,8.47E-06,2.00419E+11,1.04E-05,4.71E-05,2.142960019,0.153112726,0.016198875,1.196183332,0.173313442,0.229040735,0.229040735
-43.77073614,0.022061847,6312163781,1.21E-05,31804750919,9.78E-06,1.95536E+11,1.37E-05,1.50E-06,0.206440569,0.120660712,0.020569778,0.767491727,0.176708668,0.218252633,0.218252633
-26.58888847,0.057369963,16030493720,7.37E-06,57264128436,1.27E-05,2.09112E+11,1.25E-05,6.28E-06,0.514468897,0.147946396,0.024727248,1.445786478,0.230826615,0.192499082,0.230826615
-77.1151207,0.032961038,4862997089,1.41E-05,14568970907,5.56E-06,1.94308E+11,1.14E-05,1.99E-05,0.860006688,0.178780978,0.01204081,0.628203581,0.193585923,0.34193985,0.34193985
-71.21450707,0.052548199,7902242317,1.37E-05,12288589928,7.07E-06,2.06033E+11,1.20E-05,4.31E-06,0.116661081,0.135381653,0.014200105,1.783546004,0.19550254,0.297422883,0.297422883
-32.46561255,0.02673311,9024714693,8.89E-06,35426675179,8.94E-06,1.9115E+11,1.19E-05,1.36E-05,3.795130024,0.191211658,0.022625674,0.513509985,0.244476299,0.235073738,0.244476299
-37.89391326,0.042352267,3642963316,1.17E-05,19473853783,1.18E-05,2.04748E+11,1.08E-05,5.77E-05,1.337377147,0.165567654,0.01867074,1.089729912,0.177413459,0.299430944,0.299430944
-58.42725469,0.017240318,20403927290,1.09E-05,6376795346,4.15E-06,1.99943E+11,1.32E-05,1.81E-06,0.331014428,0.108120218,0.018154444,0.849678523,0.141907544,0.178623416,0.178623416
-64.0301434,0.056006263,3052124920,8.01E-06,25258056557,5.76E-06,2.06933E+11,1.24E-05,3.82E-06,0.914239894,0.101898091,0.015580964,0.570015271,0.174270989,0.124539302,0.174270989
-39.79053829,0.03721685,22284940109,1.33E-05,8263304295,1.22E-05,1.92128E+11,1.16E-05,1.21E-05,0.61799716,0.171789827,0.021593133,1.894853224,0.167914003,0.371717822,0.371717822
-30.55386567,0.044403935,6731943945,1.00E-05,15782200237,1.05E-05,2.03224E+11,1.07E-05,9.09E-05,0.219446965,0.197488762,0.024113702,0.984984999,0.238998151,0.289864243,0.289864243
-65.62576747,0.023505152,10020198771,1.13E-05,45484629674,7.41E-06,1.98341E+11,1.33E-05,2.88E-06,2.574335873,0.129104595,0.013061387,1.108407184,0.15571644,0.225530442,0.225530442
-75.21782199,0.038173368,19059618654,1.29E-05,38388924434,4.92E-06,2.01316E+11,1.02E-05,4.06E-05,0.351867921,0.185058036,0.015223064,0.787957918,0.190941361,0.334755676,0.334755676
-20.98575791,0.018680921,4435262730,9.73E-06,9757878847,1.08E-05,1.96512E+11,1.39E-05,1.28E-06,1.606596077,0.141669291,0.022008159,1.397423323,0.176365763,0.219202567,0.219202567
-49.35877614,0.051181794,14321891584,1.50E-05,5062694872,9.14E-06,2.0759E+11,1.29E-05,9.62E-06,4.034471615,0.114438539,0.019691714,0.67337481,0.174723193,0.264593826,0.264593826
-54.43824489,0.030986217,5663024427,7.73E-06,21099387172,6.57E-06,1.92707E+11,1.10E-05,3.03E-05,0.140136599,0.159334853,0.017540501,1.617461085,0.204166198,0.186352634,0.204166198
-54.58060112,0.046452633,18137378802,1.41E-05,6157305341,1.28E-05,2.03349E+11,1.17E-05,5.71E-05,0.299600685,0.17062697,0.015753726,1.764659559,0.198661057,0.384758027,0.384758027
-49.09831688,0.021642706,4223385224,7.26E-06,17393750546,5.20E-06,1.98232E+11,1.24E-05,1.79E-06,1.156292534,0.103072881,0.021116452,0.518841159,0.155346989,0.113911329,0.155346989
-21.24531103,0.059461026,14089795622,1.20E-05,34094689049,7.97E-06,2.07119E+11,1.34E-05,4.29E-06,3.281258856,0.128722798,0.023471188,1.078179869,0.204537177,0.254581737,0.254581737
-75.07454084,0.033947991,5573414855,9.27E-06,10959730348,9.98E-06,1.91924E+11,1.05E-05,1.35E-05,0.105589782,0.197882112,0.013398396,0.858508326,0.245047217,0.255250054,0.255250054
-65.89264838,0.053054699,3111848576,1.10E-05,12984405009,1.13E-05,2.07713E+11,1.39E-05,6.46E-06,0.76717016,0.141275573,0.014442092,1.209817678,0.234638552,0.25550462,0.25550462
-30.40325673,0.028948,22706313405,1.17E-05,55141397060,4.36E-06,1.92596E+11,1.00E-05,2.05E-05,0.451947822,0.185439464,0.022282088,0.759083008,0.168619237,0.298986398,0.298986398
-39.94021516,0.041452362,7093951793,8.98E-06,28387600955,7.13E-06,2.01505E+11,1.12E-05,4.83E-05,0.181352775,0.158159693,0.019723638,1.462247607,0.206085337,0.219041595,0.219041595
-63.76236349,0.015236271,10554933192,1.37E-05,7370546328,8.58E-06,1.9631E+11,1.28E-05,1.54E-06,1.91163042,0.115601026,0.016999946,0.621328773,0.111703328,0.238397917,0.238397917
-58.10086092,0.055188744,7748067724,1.13E-05,21898340438,1.03E-05,2.09316E+11,1.35E-05,9.39E-06,0.161979732,0.121829303,0.016760829,0.77855885,0.218001244,0.209710032,0.218001244
-38.102204,0.035306197,8842916504,1.01E-05,5683973018,7.91E-06,1.94121E+11,1.04E-05,2.95E-05,4.454086184,0.151931463,0.020514819,1.413844945,0.14480974,0.246815829,0.246815829
-32.25641567,0.044992844,3455046270,1.33E-05,10118562773,6.12E-06,2.00528E+11,1.13E-05,3.95E-05,1.77369389,0.179168509,0.024482652,0.665336761,0.215987867,0.330069078,0.330069078
-71.53997593,0.025813416,19343908084,8.12E-06,42931773300,1.21E-05,1.9541E+11,1.27E-05,1.24E-06,0.406713685,0.147546573,0.012793987,1.636482377,0.199939635,0.195768583,0.199939635
-76.91325162,0.039995278,12850279607,7.64E-06,50893210766,9.50E-06,2.04949E+11,1.19E-05,9.15E-05,2.932353716,0.19161111,0.013840061,0.57573214,0.276849383,0.205795753,0.276849383
-26.90702952,0.019409685,6626682103,1.49E-05,16354707655,6.51E-06,1.99755E+11,1.22E-05,2.90E-06,0.24618899,0.134993752,0.023289587,1.876633264,0.113389449,0.29305391,0.29305391
-43.45166301,0.04878512,16272421472,9.64E-06,9282101319,4.72E-06,2.06144E+11,1.30E-05,3.86E-06,0.693306894,0.109301111,0.019119626,0.994852472,0.178335072,0.173157325,0.178335072
-52.72768402,0.030308908,4938304806,1.29E-05,26197094129,1.13E-05,1.91027E+11,1.09E-05,1.23E-05,1.041384958,0.164398694,0.018011014,1.097761541,0.147167473,0.326828501,0.326828501
-51.63493028,0.050816605,9609145068,8.61E-06,11822539933,6.67E-06,1.97763E+11,1.31E-05,2.62E-05,0.498960231,0.166539832,0.015091796,0.618267084,0.276719427,0.195062387,0.276719427
-44.6880115,0.03132956,8414791683,1.38E-05,36823373874,9.10E-06,2.02568E+11,1.08E-05,8.33E-06,0.886710962,0.109869836,0.022083092,1.484892825,0.093353974,0.247401514,0.247401514
-23.78186274,0.038511132,21727351137,1.06E-05,18740995216,1.09E-05,1.91456E+11,1.20E-05,1.11E-06,2.209485051,0.134030687,0.019562827,0.71558803,0.178158935,0.212428184,0.212428184
-79.89648305,0.018320967,3878877615,1.18E-05,6626194758,4.88E-06,2.06339E+11,1.21E-05,3.52E-05,0.200218904,0.189083251,0.017611465,1.269233212,0.202469584,0.322684052,0.322684052
-70.33017818,0.04335755,5899746564,1.24E-05,7932425345,7.51E-06,1.93377E+11,1.14E-05,2.50E-06,1.378940649,0.146563386,0.0155099,0.902100832,0.178482518,0.277539382,0.277539382
-33.37571926,0.024573722,11446192053,9.15E-06,30588692353,1.05E-05,2.08181E+11,1.26E-05,7.86E-05,0.321046685,0.176611372,0.021722119,1.015262152,0.231767367,0.24239533,0.24239533
-35.09425288,0.057069082,4544533688,1.44E-05,59559002016,1.23E-05,1.97092E+11,1.37E-05,1.05E-05,0.113147259,0.154092535,0.02403867,0.527802347,0.275596623,0.295768134,0.295768134
-61.20130891,0.036175872,14983111301,7.14E-06,14007665990,5.72E-06,2.01975E+11,1.03E-05,3.31E-06,3.913105763,0.122427117,0.013192755,1.754294132,0.132873428,0.148270303,0.148270303
-63.09819099,0.042695569,4152859814,9.76E-06,39891065634,4.24E-06,1.94902E+11,1.11E-05,2.10E-06,0.212844981,0.116204174,0.014071219,1.176893022,0.153698705,0.178900479,0.178900479
-40.69694176,0.016874917,17844335362,1.26E-05,9390477486,1.18E-05,2.09784E+11,1.30E-05,6.66E-05,2.654106932,0.160315429,0.022696638,0.917751295,0.154953523,0.308694236,0.308694236
-27.7872376,0.052188549,5301937718,7.77E-06,5262394790,9.01E-06,1.96193E+11,1.38E-05,1.57E-05,0.942576485,0.182889198,0.018539472,1.947423918,0.288809938,0.234962501,0.288809938
-68.41823058,0.027071005,13409984774,1.45E-05,20298811139,7.01E-06,2.00997E+11,1.02E-05,4.98E-06,0.599400451,0.140285511,0.018229377,0.560619543,0.122034584,0.269436844,0.269436844
-74.29309545,0.058438235,23868989712,1.32E-05,24285403500,5.64E-06,1.99285E+11,1.33E-05,2.30E-05,4.15962657,0.195361125,0.016123843,1.592010435,0.275878832,0.408208396,0.408208396
-21.88476386,0.031914527,3269600167,8.49E-06,8594300338,1.26E-05,2.04168E+11,1.06E-05,7.25E-06,0.13592422,0.127752861,0.020701145,0.691648305,0.163641309,0.158970623,0.163641309
-46.59928452,0.047539199,10734175610,1.12E-05,15179044642,9.86E-06,1.90559E+11,1.16E-05,1.73E-06,0.341293645,0.103646943,0.024656185,1.302810609,0.146122664,0.211148064,0.211148064
-57.223171,0.023124883,7210461129,1.05E-05,47292194671,8.42E-06,2.05364E+11,1.25E-05,5.45E-05,1.656422636,0.172762775,0.012169796,0.836006188,0.199038552,0.261093237,0.261093237
-56.34951092,0.058764106,3615909454,7.07E-06,6994764124,6.83E-06,1.91605E+11,1.29E-05,7.78E-06,0.309283916,0.186061263,0.023101525,1.376671133,0.307499818,0.210419767,0.307499818
-47.3591331,0.034662809,20241203222,1.44E-05,29695410325,8.91E-06,2.06801E+11,1.10E-05,2.47E-05,1.428439963,0.143461391,0.01367263,0.793300433,0.140271675,0.294126078,0.294126078
-23.23393309,0.047163329,7908526064,9.09E-06,52441290804,1.16E-05,1.97926E+11,1.02E-05,3.29E-05,3.586659143,0.112928447,0.017818192,1.664217604,0.121019525,0.18560231,0.18560231
-73.05705106,0.020952651,9027499581,1.23E-05,13619726255,4.13E-06,2.03043E+11,1.38E-05,1.04E-06,0.123162185,0.157048094,0.018956955,0.649218524,0.240748534,0.264798833,0.264798833
-67.65447715,0.04073754,16202332199,1.19E-05,11489123696,8.24E-06,1.97259E+11,1.07E-05,8.27E-05,0.842600407,0.100472017,0.020296606,1.841689996,0.106341792,0.224640408,0.224640408
-28.67121121,0.015933198,4917506578,1.07E-05,32445165726,9.76E-06,2.02454E+11,1.33E-05,2.61E-06,0.525661287,0.169590138,0.016521986,0.59120422,0.207128683,0.251180833,0.251180833
-41.9217848,0.053744759,12075409808,1.39E-05,18184221464,1.25E-05,1.93523E+11,1.24E-05,3.48E-06,0.186681354,0.198627506,0.012580534,1.125064941,0.276750855,0.394047069,0.394047069
-61.75198335,0.028237297,6226470941,8.66E-06,5846983443,5.54E-06,2.0864E+11,1.15E-05,1.10E-05,2.372895173,0.13102916,0.024239049,0.978400729,0.163949895,0.184217547,0.184217547
-59.8548934,0.045711744,14385281412,1.03E-05,27545927122,5.05E-06,1.95737E+11,1.08E-05,7.32E-05,0.130929478,0.137300121,0.022497102,0.505948363,0.195753708,0.193005786,0.195753708
-36.31838826,0.025120567,5691236146,1.10E-05,8849115117,1.10E-05,2.00853E+11,1.32E-05,2.33E-06,4.308397114,0.192356499,0.014684083,1.795714628,0.200725806,0.32628065,0.32628065
-34.25945729,0.054500014,18986710510,8.31E-06,17233332892,9.27E-06,1.9442E+11,1.20E-05,5.48E-06,1.51843013,0.163361856,0.017216547,0.874129601,0.238209442,0.203038228,0.238209442
-69.56574481,0.036018229,4420445946,1.30E-05,48651818852,6.77E-06,2.09615E+11,1.19E-05,1.74E-05,0.371543964,0.106700253,0.019964043,1.050593165,0.138504044,0.231574896,0.231574896
-78.65974531,0.049477964,6667899729,1.47E-05,41065534073,5.90E-06,1.90081E+11,1.25E-05,6.70E-06,2.522394659,0.150819858,0.021307663,0.745989981,0.214912763,0.334136508,0.334136508
-25.13080981,0.029590015,9920066880,7.97E-06,10655597217,1.24E-05,2.05198E+11,1.14E-05,2.11E-05,0.224260113,0.119156729,0.01591796,1.240805946,0.152472316,0.151210105,0.152472316
-45.44719445,0.03928325,3099240869,1.27E-05,5422069724,1.07E-05,1.98825E+11,1.04E-05,5.04E-05,0.558810122,0.149732398,0.013588019,0.63761765,0.159657229,0.265671388,0.265671388
-50.76102031,0.020098409,22616581815,9.94E-06,23011667118,7.61E-06,2.04021E+11,1.37E-05,1.59E-06,1.012159486,0.179790302,0.023637008,1.435939776,0.226153482,0.277784021,0.277784021
-53.37429287,0.037823818,5237422055,1.35E-05,14728757958,1.20E-05,2.0727E+11,1.05E-05,2.03E-06,0.482639239,0.176087236,0.020916135,0.941479757,0.17403608,0.351350923,0.351350923
-42.91886566,0.019034415,13245508884,8.78E-06,56780214176,6.02E-06,1.92388E+11,1.36E-05,6.39E-05,0.716736034,0.144475218,0.01636581,1.1568606,0.194444073,0.189962407,0.194444073
-25.79955995,0.051534174,3935534901,1.15E-05,32231709857,7.74E-06,2.03511E+11,1.26E-05,1.53E-05,2.018426258,0.124806723,0.012386372,0.550753609,0.188883583,0.195241672,0.195241672
-77.90759634,0.030635381,16912106763,1.08E-05,7583001911,1.02E-05,1.98706E+11,1.13E-05,4.80E-06,0.171403946,0.154911172,0.024896565,1.999285877,0.186357083,0.278602771,0.278602771
-72.06203058,0.056355638,11142369935,9.46E-06,6338213950,1.11E-05,2.01673E+11,1.22E-05,1.78E-05,1.256114971,0.112373038,0.022887824,0.70353662,0.185908421,0.177983359,0.185908421
-31.61414083,0.03686318,7485845444,1.22E-05,19735842273,4.61E-06,1.9679E+11,1.18E-05,5.67E-06,0.276162355,0.167479013,0.014235427,1.551826854,0.190925448,0.298283931,0.298283931
-37.10441129,0.044051725,24576259274,7.44E-06,35126961566,6.33E-06,2.07858E+11,1.10E-05,1.33E-06,0.109971788,0.18863083,0.018418976,0.814426537,0.259647306,0.189188987,0.259647306
-59.22001822,0.023856159,3365934815,1.42E-05,12423718063,9.39E-06,1.93053E+11,1.31E-05,4.24E-05,3.153993152,0.132017287,0.018705267,1.326206342,0.126898242,0.302551844,0.302551844
-64.88172777,0.052897829,20584958571,1.29E-05,44881479608,1.02E-05,2.00073E+11,1.23E-05,2.94E-05,0.262940872,0.125739467,0.021534033,1.525411866,0.184316929,0.283572408,0.283572408
-38.94313101,0.026379534,3675292307,9.56E-06,15878496618,8.08E-06,1.95268E+11,1.17E-05,9.25E-06,2.73988635,0.194908699,0.015342444,0.606998518,0.227873397,0.254917261,0.254917261
-29.76121837,0.041999979,9489742278,1.48E-05,8173542279,5.38E-06,2.08833E+11,1.06E-05,1.24E-06,1.099440423,0.17370195,0.012999907,1.248534088,0.148370462,0.339990872,0.339990872
-66.41538208,0.017591064,8309448607,7.59E-06,25473922774,1.29E-05,1.9395E+11,1.34E-05,3.89E-05,0.655189738,0.10615015,0.023875974,0.733557419,0.169624791,0.138063758,0.169624791
-76.06957981,0.048230675,4677973822,8.18E-06,21279109630,8.75E-06,2.05667E+11,1.01E-05,2.97E-06,4.838064247,0.16113406,0.021864854,1.034242466,0.191608084,0.216345219,0.216345219
-20.13806274,0.022415596,15420609283,1.34E-05,5007748412,7.24E-06,1.90863E+11,1.40E-05,9.45E-05,0.149288793,0.118583785,0.014852928,0.878179211,0.167099843,0.221369627,0.221369627
-48.56618427,0.057722083,6122502208,1.02E-05,9817136707,4.53E-06,2.04489E+11,1.28E-05,1.26E-05,0.42364611,0.138197349,0.017397988,1.711110066,0.209972667,0.234774315,0.234774315
-55.22746075,0.032610124,11880297562,1.14E-05,37880220605,1.15E-05,1.99606E+11,1.11E-05,3.99E-06,1.705090667,0.182365056,0.019319199,0.536530637,0.211947332,0.289596378,0.289596378
-54.73635968,0.054210929,6481881435,9.53E-06,28712796716,9.59E-06,1.96906E+11,1.13E-05,1.00E-06,0.377353692,0.148214535,0.018126472,1.26727057,0.200728541,0.230594899,0.230594899
-48.96865085,0.02769272,12577546689,1.28E-05,6891724375,6.40E-06,2.0218E+11,1.27E-05,3.18E-05,1.495833285,0.178317453,0.018641573,0.728619447,0.210892262,0.321627554,0.321627554
-20.68694932,0.040499379,5035241481,7.51E-06,13280904381,4.81E-06,1.9325E+11,1.36E-05,2.38E-05,4.244304653,0.152398981,0.022596513,1.531642301,0.23350565,0.183736808,0.23350565
-75.60772555,0.01609055,16598451061,1.48E-05,52233981925,1.12E-05,2.08289E+11,1.05E-05,7.56E-06,0.132976045,0.120788495,0.014172128,0.596411215,0.096715766,0.230037742,0.230037742
-66.04129909,0.046905727,8673365224,1.35E-05,33251625241,1.04E-05,1.91251E+11,1.31E-05,1.14E-05,0.967045873,0.164858508,0.012068378,1.685788073,0.213650405,0.358741519,0.358741519
-30.28069856,0.021090562,7594301923,8.22E-06,11541340108,7.80E-06,2.06524E+11,1.10E-05,3.60E-06,0.585132407,0.108243445,0.024756794,0.540171428,0.134221724,0.136490823,0.136490823
-39.37477063,0.059211179,19771851497,1.14E-05,6043670575,6.22E-06,1.97656E+11,1.18E-05,2.70E-06,0.234825006,0.135645286,0.02059933,1.030044222,0.198142636,0.241222116,0.241222116
-64.30263102,0.034099134,3530260809,1.02E-05,18468087148,1.20E-05,2.02694E+11,1.21E-05,8.51E-05,2.409953825,0.190752781,0.016226436,0.893755954,0.239758043,0.295981853,0.295981853
-58.71415427,0.039146664,23164056192,8.87E-06,8718738294,1.14E-05,1.90432E+11,1.35E-05,1.67E-05,0.125094732,0.196975676,0.017512939,0.552997268,0.338710629,0.231467992,0.338710629
-37.46281812,0.020357347,3172546845,1.36E-05,26634502487,4.33E-06,2.05471E+11,1.06E-05,5.32E-06,3.533095254,0.129422344,0.019662163,1.964435016,0.058460338,0.247014099,0.247014099
-32.17756141,0.050045721,10329659812,1.09E-05,48459605205,7.18E-06,1.99099E+11,1.17E-05,2.23E-06,1.407099521,0.101965571,0.021978614,0.955618438,0.143683791,0.188679368,0.188679368
-71.64400719,0.029147013,6939781382,1.16E-05,16804574456,8.55E-06,2.04373E+11,1.23E-05,7.08E-05,0.314138679,0.171136335,0.015195496,1.149061004,0.209079441,0.297342851,0.297342851
-77.51897935,0.055043266,4314594525,1.22E-05,10704000005,1.28E-05,1.96085E+11,1.12E-05,1.65E-06,2.266985698,0.114510668,0.013089364,0.811111993,0.152462317,0.226734074,0.226734074
-26.27520926,0.035550722,18541783026,9.38E-06,42086361857,5.17E-06,2.01124E+11,1.28E-05,5.19E-05,0.195487335,0.158676854,0.024142863,1.349744275,0.234099108,0.223532757,0.234099108
-43.36526817,0.045550309,5463735492,1.42E-05,23370947265,8.02E-06,1.94696E+11,1.40E-05,2.20E-05,0.550454259,0.184540394,0.021622301,0.693132603,0.291670399,0.361301517,0.361301517
-52.83925587,0.025354657,13817299731,7.41E-06,5604449869,9.95E-06,2.0997E+11,1.01E-05,6.94E-06,0.804997088,0.141991639,0.015608934,1.562340737,0.138280369,0.172137281,0.172137281
-50.29996892,0.044222644,3226316725,1.11E-05,56489160527,5.61E-06,2.01398E+11,1.38E-05,4.64E-06,0.625978607,0.139826183,0.01269465,0.861212207,0.224691009,0.225895136,0.225895136
-45.99688033,0.023631553,23545245635,1.04E-05,14380220955,1.27E-05,1.96437E+11,1.02E-05,1.46E-05,1.151346632,0.18394735,0.02458118,1.057743636,0.153282212,0.300749139,0.300749139
-25.53407568,0.05582496,7295364702,1.31E-05,7480027943,9.83E-06,2.07508E+11,1.11E-05,6.20E-05,2.869267115,0.159664429,0.02041112,0.503904741,0.207549029,0.275471851,0.275471851
-78.16944711,0.03734326,10852953914,8.35E-06,31126114418,8.46E-06,1.92782E+11,1.29E-05,1.95E-06,0.251215505,0.117063037,0.016865305,1.827605506,0.185847156,0.170562978,0.185847156
-68.98767624,0.050978563,17638046955,7.88E-06,20018822335,4.21E-06,2.06993E+11,1.15E-05,4.39E-05,1.731781964,0.172095013,0.017906822,0.647173209,0.250707546,0.18956836,0.250707546
-34.69212867,0.031090528,4106552580,1.47E-05,6559085631,1.18E-05,1.92032E+11,1.24E-05,1.39E-06,0.417297206,0.104498199,0.019223015,1.426243011,0.115203503,0.25853374,0.25853374
-36.8389002,0.037970146,13586999590,9.90E-06,12495721613,8.98E-06,2.03164E+11,1.34E-05,5.84E-06,0.147052877,0.127285591,0.023190551,0.74902085,0.21761424,0.187850264,0.21761424
-61.33499172,0.057265525,11575004485,1.43E-05,15502789276,7.40E-06,2.05939E+11,1.19E-05,3.79E-05,0.163770491,0.190173952,0.013296296,1.657477965,0.254382667,0.409038381,0.409038381
-42.48623356,0.033164314,5968107903,7.03E-06,44651312696,1.06E-05,1.91212E+11,1.20E-05,1.19E-06,2.113610474,0.133513869,0.02357409,0.660755274,0.197626791,0.147886967,0.197626791
-29.03064622,0.048475703,14777145304,1.23E-05,24600071155,1.22E-05,2.04842E+11,1.32E-05,8.95E-06,0.750528591,0.110769202,0.021015541,1.356341795,0.166296688,0.240576817,0.240576817
-67.14964496,0.022265111,4485207601,9.00E-06,8062568129,5.81E-06,1.99881E+11,1.09E-05,2.82E-05,0.461149244,0.16582406,0.015853853,0.798691298,0.178444425,0.215834634,0.215834634
-72.52281336,0.042225996,8530298278,1.07E-05,5182268815,6.56E-06,2.00342E+11,1.37E-05,4.11E-06,3.203141705,0.123333991,0.016899335,1.129623989,0.195362604,0.219435492,0.219435492
-23.68113847,0.017421567,9737009777,1.20E-05,21584166500,9.19E-06,1.95616E+11,1.03E-05,1.30E-05,0.108331254,0.153393427,0.019825058,0.961326179,0.138435796,0.254191167,0.254191167
-47.83558529,0.052421916,3836028096,8.74E-06,38775994139,1.08E-05,2.09189E+11,1.14E-05,9.76E-05,0.272040097,0.177719072,0.022179496,1.869309952,0.238176946,0.260965101,0.260965101
-55.96169323,0.026914369,21473908379,1.39E-05,9874056817,4.97E-06,1.94228E+11,1.25E-05,3.10E-06,1.275700898,0.146054411,0.014543906,0.58720567,0.170573622,0.280576045,0.280576045
-56.71742864,0.041196299,10119781766,1.26E-05,18000653207,5.92E-06,2.07985E+11,1.21E-05,1.40E-05,0.388388708,0.107792545,0.023975407,1.91863142,0.13911643,0.247573131,0.247573131
-46.95779864,0.015375732,6798139613,9.83E-06,6245858949,1.24E-05,1.92946E+11,1.20E-05,4.42E-06,1.856521082,0.162843588,0.012901277,0.564418956,0.169961395,0.22939483,0.22939483
-22.44830603,0.053500233,22134370760,1.46E-05,11218554416,1.07E-05,2.01859E+11,1.08E-05,1.88E-06,4.662107407,0.193254462,0.015446238,1.172105635,0.192067054,0.399495387,0.399495387
-73.87517935,0.028382775,3031818519,7.82E-06,34291149772,7.57E-06,1.96586E+11,1.32E-05,5.90E-05,0.154680678,0.136585987,0.021429454,0.93404293,0.229414018,0.165065592,0.229414018
-68.0295063,0.059926001,5814180545,8.42E-06,53834773084,5.07E-06,2.03619E+11,1.03E-05,1.48E-06,1.057195794,0.180698589,0.019423295,1.322379957,0.219724521,0.241729456,0.241729456
-28.26276531,0.033402207,14705937450,1.31E-05,12917421645,1.09E-05,1.98579E+11,1.36E-05,4.69E-05,0.682602039,0.14903164,0.017294701,0.830371447,0.206266214,0.286079593,0.286079593
-41.14323698,0.046215668,4333412296,1.04E-05,7118028755,9.29E-06,2.07475E+11,1.26E-05,1.96E-05,0.242389112,0.120262827,0.014951867,1.598499143,0.176946024,0.20845712,0.20845712
-62.5630324,0.021801265,18619695693,1.11E-05,28003301723,6.73E-06,1.92202E+11,1.15E-05,6.24E-06,2.976857456,0.150312345,0.021765137,0.679593973,0.156909591,0.24992724,0.24992724
-60.71010055,0.049326821,4810180212,1.38E-05,5765705555,8.36E-06,2.04674E+11,1.01E-05,1.30E-06,0.100837843,0.156590212,0.024998761,0.712684692,0.196010382,0.306959834,0.306959834
-35.49659787,0.029839862,15858037387,8.55E-06,22662470934,9.66E-06,1.99401E+11,1.38E-05,4.08E-05,3.434297877,0.113985005,0.012283367,1.291750569,0.166675743,0.158071445,0.166675743
-33.92449856,0.039835394,6348552045,1.18E-05,43179257475,1.26E-05,2.05795E+11,1.30E-05,3.07E-05,1.21021567,0.142808751,0.016466817,0.609119621,0.209870065,0.238910941,0.238910941
-69.86820232,0.019645315,12317624068,1.05E-05,10357497354,5.43E-06,1.90755E+11,1.11E-05,9.65E-06,0.286119134,0.186921525,0.020815907,1.494971987,0.17786592,0.294850684,0.294850684
-79.52252164,0.044857465,19852986018,9.20E-06,16270299168,6.95E-06,2.09038E+11,1.25E-05,1.18E-05,1.940524577,0.130363051,0.018805782,0.529959172,0.211661253,0.175587907,0.211661253
-24.30145022,0.02607355,3544170389,1.25E-05,49687369055,8.81E-06,1.93765E+11,1.16E-05,3.74E-06,0.178564482,0.199477352,0.018317658,1.723701322,0.20208008,0.356922984,0.356922984
-45.11977272,0.055755294,9227306681,7.21E-06,25842510286,1.17E-05,2.0018E+11,1.07E-05,2.80E-06,0.444996636,0.169121409,0.014337923,0.915641496,0.22253313,0.185877354,0.22253313
-51.05594082,0.034861999,8080609359,1.45E-05,8964071941,4.03E-06,1.95141E+11,1.33E-05,8.89E-05,0.778770218,0.101514677,0.022786112,1.008429868,0.141618345,0.246398188,0.246398188
-52.3105708,0.056512274,15593740019,1.00E-05,36991949851,8.65E-06,1.93728E+11,1.05E-05,3.62E-05,0.608474676,0.105242062,0.02006705,0.6753162,0.145350081,0.169377956,0.169377956
-44.01600448,0.036629812,4732302355,1.13E-05,12116801189,7.36E-06,2.08454E+11,1.34E-05,1.15E-06,0.928090244,0.174402908,0.01711435,1.625419573,0.229440838,0.30460957,0.30460957
-27.26634294,0.043505075,11717244175,8.05E-06,6729346741,4.43E-06,1.97366E+11,1.23E-05,8.61E-06,2.613340873,0.193802849,0.014784311,0.781716347,0.274436782,0.211232548,0.274436782
-76.40831213,0.024325732,6042442863,1.33E-05,19370600156,1.16E-05,2.02327E+11,1.17E-05,2.73E-05,0.216065185,0.126247227,0.022396097,1.389174006,0.136896882,0.276421486,0.276421486
-71.00584552,0.03868359,3725764506,1.50E-05,30136798611,1.01E-05,1.98112E+11,1.29E-05,3.22E-06,1.581864462,0.18127325,0.023738323,0.980163409,0.225610858,0.419308496,0.419308496
-32.70374265,0.018097912,20858745719,7.70E-06,7669614530,8.20E-06,2.02838E+11,1.12E-05,1.01E-05,0.357203949,0.138716103,0.013487506,1.105225015,0.152169086,0.157607017,0.157607017
-38.57876347,0.050284388,8217571311,1.30E-05,13952755365,5.28E-06,1.91733E+11,1.00E-05,7.62E-05,0.142262018,0.117686356,0.016019673,0.573402475,0.144206089,0.210204564,0.210204564
-57.71316482,0.03180809,9379143078,9.71E-06,58079266645,1.30E-05,2.06693E+11,1.39E-05,2.40E-06,3.972358335,0.161848728,0.021205165,1.90998521,0.222499855,0.271168732,0.271168732
-63.30141939,0.047766423,7386940529,7.33E-06,9624227878,1.11E-05,1.98933E+11,1.27E-05,5.16E-06,0.203260009,0.155577719,0.019055583,1.08256396,0.257509398,0.182712896,0.257509398
-40.49002264,0.022956582,10990953517,1.41E-05,40073590419,4.64E-06,2.03894E+11,1.14E-05,1.64E-05,2.175421206,0.123957315,0.01771876,0.843518823,0.102137787,0.253046564,0.253046564
-30.8066299,0.057961115,3405493282,9.33E-06,20980701285,6.29E-06,1.90286E+11,1.04E-05,6.87E-05,0.873032285,0.144944338,0.01377721,1.791108902,0.163020378,0.223277779,0.223277779
-65.40247178,0.032448166,24848758039,1.21E-05,5344328750,9.42E-06,2.05012E+11,1.35E-05,2.18E-06,0.506543598,0.175044966,0.022997729,0.51533918,0.271448315,0.295671906,0.295671906
-74.49635068,0.051730441,13092304852,1.16E-05,8309580499,1.19E-05,1.94547E+11,1.09E-05,5.26E-05,3.736715012,0.132475511,0.024342337,1.456346132,0.157608096,0.282879097,0.282879097
-21.67787513,0.027623656,5179052932,1.09E-05,23926572984,6.04E-06,2.09508E+11,1.31E-05,1.66E-06,0.118429995,0.187574614,0.012476437,0.632364472,0.269854382,0.254316544,0.269854382
-49.61870722,0.042942147,17135524364,1.36E-05,46117117186,7.70E-06,1.95922E+11,1.22E-05,7.03E-06,0.336032918,0.168131949,0.016621701,1.191942044,0.211653771,0.342750359,0.342750359
-54.20743901,0.016725971,3989936725,8.93E-06,15119577995,1.03E-05,2.00649E+11,1.18E-05,2.21E-05,1.316794573,0.11151307,0.020197668,0.764251946,0.129405283,0.160041884,0.160041884
-54.16272424,0.04782135,10532680026,1.04E-05,40478857877,6.74E-06,2.01514E+11,1.20E-05,1.80E-06,2.659559729,0.141012687,0.013633967,1.368038917,0.181849486,0.23665803,0.23665803
-49.63280905,0.023011515,7079103394,1.12E-05,9525978154,9.30E-06,1.96319E+11,1.21E-05,5.72E-05,0.212456118,0.185909769,0.023083096,0.804902127,0.225813489,0.299252474,0.299252474
-21.66421721,0.058016048,22658831768,8.39E-06,5391217010,1.10E-05,2.07705E+11,1.32E-05,1.35E-05,0.598306492,0.158483514,0.018913135,1.653361537,0.246990989,0.223698454,0.246990989
-74.54153707,0.032503094,3105281626,1.32E-05,20801981086,5.08E-06,1.92588E+11,1.08E-05,4.28E-06,0.94451125,0.115094,0.01780492,0.658769252,0.125673949,0.230204552,0.230204552
-65.3579157,0.051587619,5561759910,1.46E-05,23708589307,7.58E-06,2.07111E+11,1.37E-05,2.05E-05,0.136099995,0.170938681,0.016561082,1.854733812,0.272802543,0.386449408,0.386449408
-30.82045859,0.027480828,14060062519,7.87E-06,8387648258,1.07E-05,1.91915E+11,1.03E-05,6.45E-06,4.149360201,0.102553745,0.020314675,0.582334247,0.120187368,0.126737555,0.126737555
-40.47666557,0.042799322,4214481181,1.26E-05,14956289657,1.24E-05,2.03358E+11,1.15E-05,1.54E-06,1.652337456,0.128447802,0.024282509,1.133128366,0.152212391,0.273551833,0.273551833
-63.34641937,0.016583151,18099414474,9.85E-06,46612200370,5.93E-06,1.9824E+11,1.26E-05,4.84E-05,0.341734353,0.198340307,0.01259424,0.963477596,0.228193634,0.274204508,0.274204508
-57.69934909,0.056655094,4948418204,7.23E-06,11998677611,4.02E-06,2.06133E+11,1.38E-05,2.95E-05,0.888478912,0.192117363,0.014641863,0.502647948,0.345731061,0.175139663,0.345731061
-38.62330658,0.036772638,16305497484,1.45E-05,37360739648,1.17E-05,1.91016E+11,1.01E-05,9.36E-06,0.498078887,0.134670696,0.022482256,1.822131592,0.104753867,0.29227634,0.29227634
-32.65872791,0.043647902,6640138560,9.24E-06,19197040806,8.80E-06,2.04961E+11,1.11E-05,1.25E-06,0.199864878,0.10883157,0.019923806,0.868648499,0.152251087,0.159147081,0.159147081
-71.01921733,0.024468554,12876621959,1.24E-05,6789480442,6.94E-06,1.99765E+11,1.30E-05,3.96E-05,2.213894582,0.164660806,0.017199717,1.06595766,0.183750377,0.310952108,0.310952108
-76.39419734,0.038628662,19383190279,1.18E-05,7742770678,5.42E-06,2.00539E+11,1.16E-05,2.91E-06,0.321480115,0.121371875,0.015959846,0.751336547,0.163385918,0.215985167,0.215985167
-27.31107067,0.018042979,3462128648,1.05E-05,29848369205,1.26E-05,1.95422E+11,1.25E-05,9.17E-05,1.375458888,0.152205689,0.021322967,1.221880456,0.15300093,0.251466151,0.251466151
-43.97083284,0.050229455,8861025650,1.38E-05,58693308964,9.64E-06,2.09305E+11,1.33E-05,1.23E-05,3.90321796,0.179686875,0.023677703,0.642133593,0.274847885,0.347399828,0.347399828
-52.32421396,0.031753163,7763817387,8.51E-06,13808219015,8.35E-06,1.9411E+11,1.07E-05,3.86E-06,0.113300222,0.14723563,0.013604515,1.414396039,0.181627136,0.185164666,0.185164666
-51.09882342,0.049381755,15013582972,1.30E-05,22441321064,1.30E-05,1.971E+11,1.34E-05,8.35E-06,4.446214186,0.146251768,0.016323577,0.947520626,0.21867935,0.296436037,0.296436037
-45.10384096,0.02989479,4553835699,9.73E-06,5823129634,5.27E-06,2.01984E+11,1.05E-05,2.63E-05,0.162302831,0.177130601,0.020901276,1.140306457,0.199050307,0.247669107,0.247669107
-24.31693897,0.03989032,11469643602,1.50E-05,10264594446,8.19E-06,1.93368E+11,1.17E-05,3.51E-05,0.407524181,0.154367623,0.024856315,0.554334708,0.194587082,0.315858089,0.315858089
-79.47916653,0.019700247,5911733315,7.74E-06,43564682912,1.00E-05,2.08173E+11,1.23E-05,1.11E-06,1.770562375,0.121969015,0.01236953,1.970175544,0.142595735,0.158951157,0.158951157
-69.91092891,0.044714639,3886825167,8.02E-06,50161799556,1.16E-05,1.91447E+11,1.12E-05,7.84E-05,0.245566706,0.166802619,0.014277301,0.698633186,0.234839384,0.194105068,0.234839384
-33.90883725,0.025930729,21771493746,1.33E-05,16114739077,4.42E-06,2.0633E+11,1.29E-05,2.49E-06,2.936320977,0.109399433,0.022903116,1.575563881,0.111752472,0.243260701,0.243260701
-35.51178666,0.055612473,8431904469,1.00E-05,9058932991,7.35E-06,1.97772E+11,1.39E-05,3.32E-06,1.042791961,0.133706767,0.01874595,0.808545503,0.233369737,0.203056731,0.233369737
-60.66693095,0.034719172,9628814375,1.13E-05,25575058058,8.64E-06,2.02576E+11,1.00E-05,1.05E-05,0.691555753,0.189590178,0.018435459,1.346605281,0.16698533,0.330264133,0.330264133
-62.57867806,0.041339126,7195361248,1.37E-05,6309081732,1.03E-05,1.90548E+11,1.14E-05,6.64E-05,1.154181238,0.195818455,0.015303794,1.535330369,0.191409563,0.411938008,0.411938008
-41.10052604,0.015518554,10711555880,8.89E-06,17817055584,7.71E-06,2.05352E+11,1.27E-05,2.09E-06,0.300215966,0.127478538,0.021515616,0.598160397,0.172745314,0.166533675,0.172745314
-28.30594877,0.053643054,3262703766,1.17E-05,34592319655,6.05E-06,1.99296E+11,1.35E-05,5.00E-06,0.105806823,0.103128478,0.023832166,1.256545128,0.18821276,0.200781042,0.200781042
-68.01430365,0.028525601,23819051569,1.09E-05,11123093442,1.19E-05,2.04179E+11,1.04E-05,1.57E-05,3.27526134,0.17307362,0.012986648,0.723060549,0.164927074,0.276367702,0.276367702
-73.89112676,0.059871069,13381699141,9.36E-06,12799619535,9.42E-06,1.96203E+11,1.31E-05,7.26E-06,0.450833573,0.115698014,0.014892037,1.026774125,0.198515064,0.183463137,0.198515064
-22.40540778,0.03334728,5290845379,1.21E-05,54340046663,6.30E-06,2.01008E+11,1.09E-05,2.31E-05,0.768160003,0.160638578,0.021882936,0.891686856,0.164794693,0.281368312,0.281368312
-47.00113989,0.046160739,17806967260,7.36E-06,27700617568,4.64E-06,1.9489E+11,1.18E-05,5.44E-05,1.91410053,0.183358831,0.019362672,1.699184155,0.242458637,0.214573425,0.242458637
-56.70195375,0.021746331,4144108451,1.41E-05,7194377221,1.11E-05,2.09773E+11,1.22E-05,1.73E-06,0.180905329,0.140023492,0.017411706,0.544737507,0.164876849,0.274436912,0.274436912
-55.94603907,0.057298479,6239133634,1.15E-05,44222306151,1.20E-05,1.93531E+11,1.27E-05,2.48E-05,2.739010935,0.100148199,0.021107904,1.777457386,0.149199293,0.23197774,0.23197774
-47.87830472,0.033197273,12100127019,1.02E-05,15650072978,6.23E-06,2.08648E+11,1.13E-05,7.80E-06,0.26384651,0.170097156,0.015717804,0.510970729,0.218691243,0.225803728,0.225803728
-23.63797603,0.048508664,4927582364,1.35E-05,7979352997,7.81E-06,1.9725E+11,1.05E-05,1.04E-06,0.657447628,0.198890383,0.013387864,1.08572423,0.196654628,0.371092075,0.371092075
-72.537995,0.022298067,16235249331,8.22E-06,24861104980,1.04E-05,2.02446E+11,1.36E-05,3.28E-05,1.099087125,0.130558858,0.023437248,0.845556383,0.20341864,0.177566089,0.20341864
-67.13372035,0.042105147,9045995874,7.56E-06,21800169222,1.12E-05,1.97917E+11,1.10E-05,2.60E-06,0.148838409,0.18633625,0.022290995,1.202027473,0.256271708,0.221796124,0.256271708
-29.07352166,0.017300713,7924593883,1.48E-05,5131941296,4.82E-06,2.03034E+11,1.31E-05,8.25E-05,4.842215761,0.143003199,0.01447758,0.770315138,0.122426779,0.294746572,0.294746572
-42.4428856,0.052301063,20282369097,9.54E-06,9961911041,6.40E-06,1.91614E+11,1.21E-05,1.10E-05,1.706556928,0.112616739,0.017010044,1.45295586,0.159668944,0.188132297,0.188132297
-61.35047331,0.026793521,3623310589,1.28E-05,38427095072,9.60E-06,2.06809E+11,1.18E-05,3.49E-06,0.422367226,0.157567221,0.019757936,0.63036211,0.181982014,0.289926251,0.289926251
-59.4389475,0.044343492,22569219364,1.41E-05,14514775703,9.94E-06,1.98815E+11,1.06E-05,2.32E-06,0.716462352,0.151289401,0.020502687,0.784006669,0.166848086,0.320622759,0.320622759
-36.85484046,0.023752407,3092709905,7.41E-06,55972408528,8.01E-06,2.0401E+11,1.35E-05,7.31E-05,0.484331904,0.118894608,0.016728465,1.39251488,0.178071526,0.141421341,0.178071526
-34.67666093,0.055945814,9899142206,1.21E-05,31461466365,5.16E-06,1.90092E+11,1.23E-05,1.75E-05,0.172004761,0.149226136,0.012787013,0.670161978,0.224426648,0.239459435,0.239459435
-69.03101034,0.037464109,6653949830,9.43E-06,7399527963,1.28E-05,2.05209E+11,1.16E-05,5.50E-06,2.017659354,0.180113361,0.02444513,1.611658171,0.213662605,0.293487904,0.293487904
-78.12674332,0.050945607,4411121985,1.08E-05,6492370876,8.54E-06,1.94431E+11,1.28E-05,2.12E-05,0.275345352,0.136781746,0.023301259,0.572073691,0.235160365,0.218954555,0.235160365
-25.54971419,0.031057566,18946987556,1.16E-05,20222034957,7.17E-06,2.09626E+11,1.12E-05,6.72E-06,1.2571188,0.192667446,0.013872761,1.903917145,0.160830217,0.331883277,0.331883277
-45.98168483,0.037937187,5679317591,8.82E-06,35650051310,4.32E-06,1.95725E+11,1.01E-05,1.58E-06,3.156507698,0.163819287,0.018018323,0.988446462,0.171964779,0.214439285,0.214439285
-50.34314523,0.018752265,14354968296,1.36E-05,12604870719,1.14E-05,2.00843E+11,1.40E-05,5.03E-05,0.109646648,0.106426019,0.019156689,1.114005086,0.155276478,0.219907048,0.219907048
-52.85307741,0.039179624,3358838616,9.91E-06,26883457039,7.05E-06,2.07866E+11,1.02E-05,6.41E-05,4.32349456,0.112097953,0.022070973,0.613854466,0.134818058,0.172764045,0.172764045
-43.32071925,0.020390302,24524816602,1.27E-05,8638896540,8.98E-06,1.93062E+11,1.38E-05,2.03E-06,0.130879836,0.167937107,0.015059444,1.507860174,0.225386959,0.300355216,0.300355216
-26.32020209,0.050078676,7470191522,7.93E-06,16985460385,1.18E-05,2.01664E+11,1.29E-05,4.79E-06,0.371402389,0.18894244,0.017604504,0.710540474,0.30073442,0.21041389,0.30073442
-77.50562944,0.029179973,11118856308,1.46E-05,47937614626,4.20E-06,1.96782E+11,1.11E-05,1.52E-05,1.523753797,0.131498061,0.019525318,1.28853861,0.105903942,0.285571478,0.285571478
-71.65810186,0.054922413,16876742043,1.31E-05,41658694163,8.45E-06,2.03503E+11,1.24E-05,5.65E-06,0.224439145,0.176411146,0.021733804,0.908043288,0.267106887,0.342866045,0.342866045
-32.13285379,0.035429875,3927229597,8.34E-06,10812762890,9.82E-06,1.98698E+11,1.15E-05,1.78E-05,2.514934975,0.143968293,0.015542612,1.000564216,0.178583171,0.185915065,0.185915065
-37.50799736,0.04542946,13217583543,1.11E-05,5556551389,1.27E-05,2.07279E+11,1.07E-05,4.25E-05,1.009164291,0.124543939,0.013200076,0.531143974,0.155344124,0.193666997,0.193666997
-58.7005035,0.025233802,5226459407,1.03E-05,23575320926,5.60E-06,1.92396E+11,1.34E-05,1.34E-06,0.559257293,0.155381567,0.024075745,1.729044675,0.202274391,0.256543398,0.256543398
-64.3473516,0.054331784,11904626493,8.69E-06,6825571839,4.98E-06,2.04478E+11,1.20E-05,9.23E-06,1.433364125,0.161652528,0.022688077,1.168591551,0.236800841,0.225700097,0.236800841
-39.360663,0.027813569,6134947743,1.40E-05,28985847668,1.08E-05,1.99595E+11,1.19E-05,2.93E-05,0.309184282,0.118272932,0.014035284,0.931710553,0.127526564,0.247964845,0.247964845
-30.29433457,0.040620226,15451923841,1.07E-05,51695341100,9.20E-06,2.05679E+11,1.09E-05,3.90E-05,0.123122736,0.137740011,0.018218833,1.933525011,0.168833739,0.232138515,0.232138515
-65.9961346,0.016211402,4687563183,1.20E-05,13421952706,6.56E-06,1.90874E+11,1.32E-05,1.24E-06,3.599016364,0.182639382,0.01850552,0.569290839,0.205879458,0.309634272,0.309634272
-75.65226151,0.046872767,8326321907,1.23E-05,11656732530,5.82E-06,2.08844E+11,1.03E-05,9.47E-05,0.52611276,0.125269825,0.020710041,1.602089787,0.134975354,0.268478201,0.268478201
-20.67314075,0.021057608,9509196017,9.06E-06,32928400088,1.22E-05,1.93962E+11,1.37E-05,2.98E-06,0.840057475,0.195170722,0.01615932,0.68169345,0.269763555,0.251037776,0.269763555
-48.98201551,0.059178224,3682819003,1.43E-05,18632235573,1.06E-05,2.00062E+11,1.25E-05,3.98E-06,2.365738359,0.174208114,0.012179881,1.311392682,0.226633103,0.385211297,0.385211297
-54.6913521,0.034066173,20626801080,7.03E-06,5989235798,7.41E-06,1.95257E+11,1.14E-05,1.25E-05,0.186841345,0.105826992,0.02469047,0.823903338,0.162164921,0.122481604,0.162164921
-55.27039342,0.052842899,3537662167,1.39E-05,15731299916,5.54E-06,1.97644E+11,1.10E-05,3.19E-05,2.11189096,0.165377646,0.012882848,1.941426876,0.161104241,0.357986191,0.357986191
-48.55031688,0.026324598,19813643720,8.65E-06,45295837234,1.25E-05,2.02684E+11,1.29E-05,1.00E-06,0.164253959,0.107931736,0.023936744,0.559363261,0.180351818,0.14422048,0.180351818
-20.15348712,0.041945043,7610338546,1.19E-05,25202392849,9.76E-06,1.91262E+11,1.39E-05,7.55E-06,0.462509757,0.135187092,0.021416182,1.186132684,0.207874334,0.255795468,0.255795468
-76.02617463,0.017536134,8691567193,1.06E-05,8262462815,8.25E-06,2.06536E+11,1.02E-05,2.37E-05,0.749919424,0.191027778,0.015402418,0.925440833,0.143242021,0.299991755,0.299991755
-66.45804429,0.048373494,16633502748,9.10E-06,5059207381,4.14E-06,1.93261E+11,1.33E-05,3.59E-06,0.107954276,0.147744228,0.017312771,1.306071529,0.258480456,0.201689675,0.258480456
-29.745507,0.022558421,5045808066,1.23E-05,21065274392,1.16E-05,2.083E+11,1.07E-05,1.14E-05,3.20441347,0.178580336,0.019462391,0.838519885,0.138406145,0.322981296,0.322981296
-38.95836987,0.057864905,12603915114,7.12E-06,38207128281,8.92E-06,1.96896E+11,1.15E-05,8.53E-05,1.27620498,0.152906006,0.021778842,1.578385776,0.213264013,0.189696775,0.213264013
-64.83862255,0.032752941,6495582852,1.43E-05,9732127370,6.84E-06,2.02169E+11,1.24E-05,2.71E-06,0.271093934,0.120464673,0.014995328,0.686320446,0.159408914,0.25112188,0.25112188
-59.23571395,0.037681001,13789284146,1.27E-05,57331046678,7.60E-06,1.94705E+11,1.32E-05,5.31E-06,1.150342483,0.114236444,0.012268521,0.72121367,0.166526695,0.216565503,0.216565503
-37.06176473,0.018891593,5452563739,1.00E-05,14590144802,1.07E-05,2.09978E+11,1.08E-05,1.67E-05,0.627863519,0.159134283,0.02495654,1.279854152,0.139194511,0.251949798,0.251949798
-31.65725991,0.05139135,18503908462,1.47E-05,7662083573,1.24E-05,1.96077E+11,1.19E-05,7.10E-05,0.251972429,0.184851339,0.020799076,0.616356634,0.25334399,0.363179289,0.363179289
-72.04677787,0.030492561,4305837526,7.97E-06,31893286986,5.89E-06,2.01115E+11,1.20E-05,2.23E-06,2.866759414,0.141473275,0.01642658,1.481581009,0.180269759,0.18436417,0.18436417
-77.92347938,0.056410568,6925605438,8.26E-06,19540293533,6.76E-06,1.99091E+11,1.14E-05,5.20E-05,0.415871016,0.197298732,0.018332964,0.523290877,0.293879892,0.214996589,0.293879892
-25.75661164,0.036918116,10308694990,1.31E-05,6400371049,9.26E-06,2.04364E+11,1.25E-05,1.65E-06,1.732361109,0.12891609,0.018847667,1.740762141,0.14111802,0.279320951,0.279320951
-42.96225699,0.044106661,3166114424,1.03E-05,12314153130,1.10E-05,1.9044E+11,1.37E-05,6.93E-06,4.915405363,0.101703458,0.022802607,0.904349224,0.174349944,0.182439546,0.182439546
-53.35888235,0.023911089,23116691326,1.10E-05,35445897048,5.04E-06,2.05479E+11,1.04E-05,2.20E-05,0.146550019,0.171605875,0.014378619,1.018325594,0.170552306,0.261104695,0.261104695
-50.71625547,0.045656807,5364285617,7.50E-06,8934879566,9.38E-06,2.03153E+11,1.36E-05,1.46E-05,3.543736964,0.172565418,0.017099491,0.667457503,0.293256231,0.186892847,0.293256231
-45.4612319,0.025065636,13559465306,1.42E-05,27286440434,6.32E-06,1.98426E+11,1.05E-05,4.65E-06,0.124985505,0.104235413,0.020024816,1.64028408,0.098940965,0.217876399,0.217876399
-25.11721626,0.054445084,4098222166,9.47E-06,49158747625,4.61E-06,2.07003E+11,1.13E-05,1.95E-06,0.313864963,0.126778664,0.022379255,0.772422859,0.181258024,0.179500269,0.181258024
-78.70498177,0.035963294,17601999787,1.22E-05,17052231618,1.11E-05,1.92043E+11,1.26E-05,6.18E-05,1.411335041,0.196726101,0.014744061,1.401997589,0.233340128,0.377865938,0.377865938
-69.52125311,0.049620788,10830937464,1.16E-05,10550115241,1.02E-05,2.07519E+11,1.18E-05,1.39E-06,0.195553272,0.139306953,0.013502799,0.992465321,0.198398378,0.246481352,0.246481352
-34.27333605,0.029732833,7280455389,1.08E-05,41468633329,7.73E-06,1.92793E+11,1.22E-05,4.38E-05,2.259231702,0.184258967,0.023780197,1.094554298,0.209301697,0.299046908,0.299046908
-36.30498113,0.039426068,23497078687,1.35E-05,22808936271,6.01E-06,2.01387E+11,1.31E-05,1.86E-05,0.802245197,0.16012253,0.021221648,0.580647924,0.232473669,0.29557339,0.29557339
-59.89982901,0.020241233,3219778387,8.78E-06,5471349660,1.19E-05,1.96426E+11,1.10E-05,5.85E-06,0.550638912,0.116787948,0.016060356,1.891065867,0.113925607,0.172946527,0.172946527
-61.73811756,0.058621282,21519321735,1.02E-05,29420415648,1.15E-05,2.09198E+11,1.17E-05,1.19E-06,1.500247944,0.123010843,0.017700344,1.069693825,0.177029999,0.214357923,0.214357923
-41.96626354,0.03451999,3844066320,1.14E-05,7059410602,4.54E-06,1.94237E+11,1.23E-05,3.78E-05,0.3770471,0.153899589,0.019016933,0.851305417,0.204066576,0.252100451,0.252100451
-28.62626085,0.047020511,9757433280,8.13E-06,13474683566,7.25E-06,2.00334E+11,1.34E-05,2.82E-05,0.132867753,0.177981093,0.022984469,1.770265656,0.297719091,0.221643812,0.297719091
-67.66789904,0.020809828,8548320731,1.34E-05,53012321716,8.76E-06,1.95607E+11,1.06E-05,8.97E-06,4.256838701,0.14558478,0.013733403,0.520051971,0.116235975,0.269123852,0.269123852
-73.04300064,0.040792475,4494615736,1.48E-05,32778247439,1.29E-05,2.04833E+11,1.40E-05,1.31E-05,0.585363012,0.190448274,0.012494519,1.474748357,0.25689647,0.439571566,0.439571566
-23.2787109,0.015988127,14808364660,7.60E-06,11373557466,5.39E-06,1.99873E+11,1.01E-05,4.12E-06,0.963683262,0.133056538,0.024381446,0.626100591,0.13071257,0.149680241,0.149680241
-47.31391139,0.05379969,5980728878,1.28E-05,5897385500,8.09E-06,2.05947E+11,1.11E-05,3.09E-06,2.401569525,0.110458355,0.020211386,1.206901964,0.136221163,0.248212212,0.248212212
-56.36308972,0.028292234,11599260301,9.62E-06,18026583061,1.02E-05,1.91221E+11,1.28E-05,9.74E-05,0.234917997,0.166342523,0.016665174,0.756873253,0.240104765,0.23050581,0.240104765
-57.2370569,0.042662612,18581605621,8.96E-06,9482924074,8.59E-06,2.07464E+11,1.24E-05,4.43E-06,2.180960239,0.18115678,0.01860565,1.251430828,0.248220032,0.256447593,0.256447593
-46.55478567,0.016841955,4324630221,1.37E-05,39497298858,7.14E-06,1.92191E+11,1.17E-05,1.41E-05,0.202988973,0.148756652,0.018117924,0.735893423,0.139759666,0.286398788,0.286398788
-21.92970661,0.052155585,14676105249,1.09E-05,20482331532,4.37E-06,2.03629E+11,1.05E-05,5.89E-05,0.50586722,0.119743698,0.014138189,1.512625132,0.134155127,0.212856583,0.212856583
-74.27968116,0.027038047,5802298100,1.17E-05,5215786323,1.14E-05,1.98591E+11,1.34E-05,1.87E-06,0.875256848,0.150624051,0.022585981,0.60221284,0.219175571,0.266984711,0.266984711
-68.43227519,0.058559081,3025668370,1.20E-05,8513098669,9.99E-06,2.0187E+11,1.00E-05,4.68E-05,0.118637799,0.107285529,0.024792282,1.706106905,0.141393114,0.240221793,0.240221793
-27.7424656,0.032035378,22089133683,9.29E-06,24520077109,7.98E-06,1.96596E+11,1.39E-05,1.47E-06,3.729224248,0.163167407,0.012077286,0.535241991,0.255132973,0.200355677,0.255132973
-40.74218538,0.04766005,6784232425,1.40E-05,46797429434,5.21E-06,2.07974E+11,1.28E-05,6.25E-06,1.314152386,0.193724766,0.016260735,1.042194092,0.252152654,0.386429981,0.386429981
-63.08459029,0.023245728,10099273539,7.30E-06,15337929993,1.28E-05,1.92935E+11,1.12E-05,1.97E-05,0.336623158,0.136323112,0.020609428,0.885675336,0.17407196,0.162046448,0.17407196
-61.24609387,0.05069576,8097697463,9.67E-06,36454704502,1.13E-05,2.00189E+11,1.04E-05,4.07E-05,0.930400523,0.130052104,0.019629798,0.546131146,0.172429557,0.185789847,0.185789847
-35.08019531,0.031208709,9246643108,1.29E-05,11944476102,4.71E-06,1.9515E+11,1.35E-05,1.29E-06,0.607697962,0.199995725,0.017500808,1.983544172,0.229637647,0.379612885,0.379612885
-33.38930521,0.038390281,3551604501,7.67E-06,6568565703,6.50E-06,2.0903E+11,1.27E-05,9.67E-06,0.215789788,0.169395642,0.015157974,0.943674067,0.258377889,0.183765857,0.258377889
-70.28494932,0.018200121,19894929622,1.49E-05,18902008457,9.49E-06,1.93756E+11,1.13E-05,3.07E-05,2.619841406,0.101057245,0.02197164,1.160532345,0.062248323,0.232162034,0.232162034
-79.94096894,0.043390509,12343460053,1.34E-05,30869933702,1.21E-05,2.05786E+11,1.22E-05,3.75E-06,0.357852366,0.156852335,0.024175562,0.820679451,0.222289169,0.327279774,0.327279774
-23.7679898,0.024606686,6361965197,8.07E-06,7858594558,6.12E-06,1.90747E+11,1.18E-05,1.18E-05,1.578597481,0.113515463,0.013101037,1.337540981,0.131572491,0.142501076,0.142501076
-44.70144054,0.057102044,15891573709,1.14E-05,14160597536,7.91E-06,2.04683E+11,1.09E-05,8.87E-05,3.964161614,0.142485692,0.015645997,0.701486942,0.183640006,0.233892733,0.233892733
-51.58997277,0.036208829,4820259880,1.01E-05,58926406683,1.03E-05,1.9941E+11,1.30E-05,2.79E-06,0.14251999,0.187427788,0.02162961,1.548083301,0.28471496,0.288346224,0.288346224
-52.7119655,0.055155781,9398806449,1.44E-05,5627014397,5.71E-06,1.91721E+11,1.08E-05,1.15E-06,3.429923264,0.181780174,0.024548828,0.872168185,0.207223666,0.383972811,0.383972811
-43.49433238,0.035273239,8234941373,7.18E-06,22123994067,1.23E-05,2.06683E+11,1.31E-05,3.63E-05,0.101088564,0.138392191,0.012682531,1.047354775,0.230602642,0.146724275,0.230602642
-26.86391715,0.044959887,20902794719,1.24E-05,42557997929,1.05E-05,1.98122E+11,1.21E-05,2.73E-05,0.28683106,0.11721596,0.016827796,0.510186021,0.172815536,0.200923198,0.200923198
-76.92849763,0.025780453,3733583002,9.17E-06,10205402632,7.50E-06,2.02849E+11,1.20E-05,8.59E-06,1.208671806,0.16211151,0.020404159,1.809807208,0.182260755,0.244389731,0.244389731
-71.52410138,0.040116128,6055202671,1.06E-05,16505229244,4.87E-06,1.97377E+11,1.26E-05,1.01E-05,0.178195882,0.10478397,0.019255726,0.639533353,0.174175466,0.168641768,0.174175466
-32.29935549,0.01953053,11741833674,1.19E-05,50419987125,1.09E-05,2.02338E+11,1.14E-05,3.21E-06,1.944045513,0.174677994,0.017918507,1.439530586,0.127833407,0.314840616,0.314840616
-38.05879166,0.048905966,4742224000,8.58E-06,26483349310,9.09E-06,1.93717E+11,1.03E-05,2.40E-06,0.780184716,0.194322076,0.013976957,0.740241808,0.230392923,0.230834472,0.230834472
-58.11629245,0.03042976,15626700377,1.39E-05,9183597423,6.66E-06,2.08443E+11,1.37E-05,7.63E-05,0.444077241,0.12593562,0.023197872,1.2301841,0.17188738,0.28394871,0.28394871
-63.71940803,0.046331781,3981846899,1.12E-05,17565158711,8.42E-06,1.95931E+11,1.30E-05,1.64E-05,1.854040622,0.132213487,0.023538155,1.67813878,0.187941135,0.265490673,0.265490673
-39.95610535,0.02152186,17100486921,1.05E-05,6096585829,9.87E-06,2.00657E+11,1.11E-05,5.15E-06,0.389378771,0.188044254,0.013287735,0.65432045,0.190932764,0.269658757,0.269658757
-30.38783906,0.059340182,5168473478,1.32E-05,11058924800,1.26E-05,1.94538E+11,1.02E-05,2.18E-06,0.155074689,0.168455105,0.015819902,1.373596602,0.191213784,0.338893467,0.338893467
-65.93604686,0.033827141,13065733447,8.45E-06,33793046536,5.65E-06,2.09499E+11,1.38E-05,6.88E-05,4.65588701,0.111006906,0.021004997,0.790846776,0.191015627,0.152895467,0.191015627
-75.03188713,0.053087662,24797999685,7.80E-06,54619869506,7.02E-06,1.90277E+11,1.06E-05,1.66E-06,0.681232924,0.155888575,0.019860534,1.116384014,0.205766473,0.197825645,0.205766473
-21.26101391,0.028980957,3398581523,1.45E-05,13109747108,9.02E-06,2.05004E+11,1.33E-05,5.27E-05,1.059051625,0.12343885,0.016908231,0.970035457,0.143370394,0.270715227,0.270715227
-49.08305701,0.04148532,10968668209,9.80E-06,7293365300,1.18E-05,1.98941E+11,1.25E-05,2.21E-05,2.98207764,0.144670012,0.014578192,1.847242818,0.183237572,0.242175935,0.242175935
-54.62372735,0.015269234,7371836613,1.25E-05,28684465466,4.25E-06,2.03902E+11,1.16E-05,7.02E-06,0.241903403,0.175502306,0.022189581,0.592676364,0.169100079,0.302555871,0.302555871
-54.42275546,0.056061195,23685304141,9.21E-06,8192679466,1.04E-05,1.94495E+11,1.11E-05,2.42E-06,0.490644833,0.188431691,0.024002142,0.645947809,0.264356146,0.246582956,0.264356146
-49.40213192,0.037271776,3243986108,1.25E-05,25478925016,7.86E-06,2.09535E+11,1.28E-05,7.68E-05,0.90238498,0.13181357,0.013127668,1.425687735,0.162495938,0.26166306,0.26166306
-20.94287464,0.044458864,10827989005,7.20E-06,45022416569,6.21E-06,1.95661E+11,1.40E-05,1.02E-05,2.248541242,0.112175401,0.015470198,0.74765703,0.197923987,0.122416799,0.197923987
-65.61057979,0.038030542,4052679043,1.38E-05,9862916441,9.59E-06,1.98901E+11,1.35E-05,2.66E-05,1.354909458,0.124619838,0.019599301,0.861765113,0.181591708,0.27390364,0.27390364
-30.59703415,0.0185381,17415948472,8.55E-06,37975423092,6.45E-06,2.0394E+11,1.06E-05,8.38E-06,0.326506937,0.15471971,0.017676508,1.059661839,0.151070438,0.192012489,0.192012489
-39.74781282,0.051038974,5438309755,1.18E-05,21296610925,4.81E-06,1.90005E+11,1.17E-05,1.12E-06,0.115071625,0.175901854,0.015131442,0.504095653,0.255275325,0.251961691,0.255275325
-64.04580358,0.030843391,13753208882,1.05E-05,5016334783,1.12E-05,2.05279E+11,1.23E-05,3.52E-05,3.844910871,0.144282207,0.022144962,1.831091865,0.162210971,0.264091134,0.264091134
-58.38407056,0.048722957,5951298006,8.43E-06,32087429042,1.28E-05,1.97845E+11,1.31E-05,2.27E-05,0.209286308,0.138010489,0.024616483,1.129108149,0.237513767,0.197316912,0.237513767
-32.44996622,0.057512784,4509552915,1.04E-05,14714629776,8.06E-06,1.91686E+11,1.18E-05,1.70E-06,0.95929083,0.160948749,0.016087314,1.868275864,0.204176637,0.276600691,0.276600691
-71.25721868,0.033103864,14865767373,1.11E-05,56707470976,9.93E-06,2.06725E+11,1.22E-05,5.40E-05,0.589378755,0.118390845,0.020636059,0.586189909,0.170506048,0.202304657,0.202304657
-77.07178056,0.052493265,9856281092,1.26E-05,35061362975,1.14E-05,1.93442E+11,1.13E-05,2.16E-06,4.08739102,0.17350274,0.018579119,1.660367577,0.193183771,0.372154286,0.372154286
-26.60436224,0.026678181,8630180751,9.83E-06,12419103169,4.31E-06,2.08716E+11,1.26E-05,6.81E-05,0.138227333,0.105946362,0.018291246,0.66111398,0.160271098,0.147406936,0.160271098
-43.75478985,0.04229734,21203167034,1.46E-05,6315587399,7.22E-06,1.97339E+11,1.36E-05,1.62E-05,0.347076549,0.125541805,0.014107691,1.359038658,0.178390812,0.289325337,0.289325337
-52.56961105,0.017185386,3785764548,7.83E-06,19659050703,8.52E-06,2.02378E+11,1.05E-05,5.11E-06,1.627657351,0.194703408,0.022761682,0.799064601,0.187940165,0.230985054,0.230985054
-51.79826485,0.040438978,12541911235,1.16E-05,17155958936,4.15E-06,2.08753E+11,1.37E-05,6.07E-06,0.295736764,0.198820566,0.019785502,1.687432381,0.293744869,0.34497559,0.34497559
-44.37504543,0.016337675,6466759142,1.09E-05,48507816202,1.18E-05,1.94026E+11,1.04E-05,1.91E-05,1.172239389,0.131214591,0.017039598,0.541337048,0.108339288,0.209663756,0.209663756
-24.09345731,0.054150524,16688807460,1.36E-05,27519109162,8.93E-06,2.00153E+11,1.14E-05,4.57E-05,3.326511831,0.100663526,0.014507128,1.030777952,0.124456932,0.228322984,0.228322984
-79.7317734,0.027939851,5065354506,8.92E-06,8837986365,7.06E-06,1.95193E+11,1.25E-05,1.44E-06,0.104227997,0.16977707,0.022318567,0.895768865,0.264975236,0.219506615,0.264975236
-70.60308903,0.058974949,7687447056,7.32E-06,5411861578,5.55E-06,2.04409E+11,1.19E-05,5.96E-05,0.756687891,0.113133666,0.023409269,1.264436281,0.182039157,0.152178048,0.182039157
-33.18743747,0.034170613,8774776473,1.41E-05,23003640419,1.27E-05,1.99682E+11,1.20E-05,1.89E-06,0.457880463,0.157245683,0.013358699,0.728093128,0.1823913,0.310266427,0.310266427
-35.28116675,0.046669502,3485693397,9.33E-06,40918372335,9.77E-06,2.05748E+11,1.32E-05,4.46E-06,0.183733368,0.186264932,0.015688633,1.528328241,0.290270396,0.262242363,0.290270396
-60.9270194,0.021162035,19513086263,1.21E-05,10614392909,8.47E-06,1.90787E+11,1.08E-05,1.42E-05,1.885510798,0.143660482,0.02107993,0.59583637,0.132639385,0.257456043,0.257456043
-62.82413237,0.049974367,3191468688,1.50E-05,52563366405,6.58E-06,2.03587E+11,1.16E-05,8.81E-05,0.159880404,0.149937545,0.019184664,0.812796914,0.204855584,0.324954877,0.324954877
-40.88454027,0.029383206,23290528823,7.71E-06,13622733700,9.15E-06,1.98626E+11,1.24E-05,2.78E-06,4.515804769,0.179987819,0.018047492,1.35094148,0.230013962,0.218777371,0.230013962
-27.59918312,0.039075325,6923702364,1.30E-05,7016628264,1.08E-05,2.07195E+11,1.33E-05,3.71E-06,1.798271228,0.151023503,0.013901924,0.694742175,0.211706566,0.27477096,0.27477096
-68.69182965,0.020593523,10300227235,9.70E-06,29815917275,4.93E-06,1.92468E+11,1.07E-05,1.17E-05,0.40144249,0.119355797,0.02332924,1.563608289,0.116446072,0.191429949,0.191429949
-74.12907088,0.04530306,18298229523,1.00E-05,18268740364,7.42E-06,2.07933E+11,1.39E-05,9.91E-06,2.892451887,0.163554939,0.02441756,0.552554847,0.290241857,0.236192035,0.290241857
-22.19658887,0.025415095,4260331848,1.13E-05,5861811239,1.06E-05,1.92973E+11,1.02E-05,3.15E-05,0.249406482,0.106885707,0.012757464,1.959863179,0.08987968,0.190302157,0.190302157
-46.28700711,0.054796001,13979532717,8.05E-06,11498414644,1.22E-05,2.01597E+11,1.10E-05,4.19E-05,0.702367872,0.137491703,0.016698909,0.954761517,0.187268373,0.179368278,0.187268373
-57.38673244,0.035611177,5530480896,1.33E-05,32501581262,5.77E-06,1.96871E+11,1.29E-05,1.33E-06,1.027214411,0.192543503,0.020475123,1.146691184,0.235062074,0.37954077,0.37954077
-56.15481507,0.043741343,4718878189,1.22E-05,5260235973,5.11E-06,2.00613E+11,1.25E-05,1.91E-05,0.476868128,0.154293224,0.018458678,0.981946236,0.215211495,0.280743574,0.280743574
-47.64028907,0.024254303,15557303389,9.40E-06,20260117008,1.09E-05,1.9534E+11,1.16E-05,6.00E-06,0.727317812,0.122629332,0.01876718,1.105928868,0.141143759,0.187080596,0.187080596
-22.95324026,0.056748546,6075313917,1.42E-05,39737370065,9.32E-06,2.09231E+11,1.06E-05,1.43E-06,2.04822606,0.146759474,0.022924353,0.574499318,0.179685605,0.288991954,0.288991954
-73.25219931,0.036558377,11787277825,7.38E-06,9357312209,6.68E-06,1.94192E+11,1.33E-05,4.51E-05,0.169354404,0.176818141,0.014300513,1.910698653,0.286846673,0.202030001,0.286846673
-67.34974904,0.05034475,21114507990,8.85E-06,15134333922,5.95E-06,2.0623E+11,1.02E-05,1.93E-06,1.237764659,0.13421912,0.012346725,0.675056934,0.166447104,0.172344373,0.172344373
-28.82813888,0.031560916,3769313481,1.36E-05,47082325331,1.23E-05,1.90956E+11,1.38E-05,6.14E-05,0.279521448,0.18927321,0.024834696,1.622333519,0.248226466,0.396027041,0.396027041
-41.76531669,0.038743948,9260703556,1.09E-05,24253363440,1.07E-05,2.04864E+11,1.30E-05,1.45E-05,0.111309425,0.166723665,0.020879663,0.781227135,0.2653528,0.25388031,0.2653528
-62.05716744,0.017850744,8109995321,1.16E-05,8585728583,7.53E-06,1.99825E+11,1.11E-05,4.60E-06,3.107917033,0.110064351,0.016300767,1.386637202,0.079564495,0.206437255,0.206437255
-60.16030436,0.058208337,11056466594,1.34E-05,18787367404,6.89E-06,2.07049E+11,1.03E-05,3.13E-06,0.259782,0.103835305,0.017434516,1.457144388,0.124631954,0.249683596,0.249683596
-36.16260881,0.032387668,7427246301,8.24E-06,6656835923,8.82E-06,1.92009E+11,1.37E-05,9.85E-05,2.780495811,0.172952664,0.019384286,0.633463547,0.274189046,0.203310419,0.274189046
-34.4166154,0.048013629,24791098550,1.15E-05,11843263783,1.17E-05,2.0342E+11,1.26E-05,1.32E-05,1.115735898,0.195544934,0.021904557,1.192505604,0.26228206,0.345729481,0.345729481
-69.26170178,0.022896101,3395777741,1.02E-05,36855067220,4.04E-06,1.98147E+11,1.15E-05,4.14E-06,0.64731856,0.127947351,0.01491484,0.765767581,0.143879902,0.192643084,0.192643084
-78.85558177,0.043013529,5111005738,9.50E-06,59573008327,8.29E-06,2.01435E+11,1.21E-05,2.74E-05,4.767692797,0.183089911,0.012963434,1.080409936,0.244861598,0.267256008,0.267256008
-24.85034429,0.016489837,12927603806,1.28E-05,14041008128,9.67E-06,1.96396E+11,1.20E-05,8.71E-06,0.15109494,0.140487751,0.023810931,0.843129139,0.14876109,0.25971963,0.25971963
-45.72903505,0.051801838,4036769654,7.53E-06,7964123873,1.25E-05,2.07784E+11,1.08E-05,1.16E-06,0.428771511,0.116400333,0.021494387,1.788020282,0.154494467,0.16752692,0.16752692
-50.56655535,0.027387506,17344791023,1.48E-05,30683574955,5.45E-06,1.92511E+11,1.32E-05,3.68E-05,1.68028945,0.160522269,0.015280574,0.515051438,0.198929793,0.316348598,0.316348598
-53.55982875,0.053439865,6838546798,1.07E-05,10143847709,1.01E-05,1.96121E+11,1.09E-05,8.44E-05,0.304421313,0.157965132,0.012515497,1.321418019,0.194410612,0.265651391,0.265651391
-42.64320755,0.028629955,10175158383,1.19E-05,43129718936,8.17E-06,2.01083E+11,1.30E-05,2.68E-06,1.455073571,0.115417146,0.02420257,0.828518848,0.156596938,0.22179902,0.22179902
-26.07476208,0.041135946,3024830848,8.72E-06,21937242974,5.32E-06,1.94972E+11,1.22E-05,3.56E-06,3.653533134,0.141085564,0.020234743,1.59694954,0.18401512,0.20067296,0.20067296
-77.72160091,0.015622895,22070855458,1.40E-05,5688783427,1.29E-05,2.09699E+11,1.19E-05,1.13E-05,0.12122581,0.185250982,0.016482333,0.678126905,0.189275513,0.361822589,0.361822589
-72.37224896,0.045979405,14512944709,1.43E-05,9284494515,8.70E-06,1.90488E+11,1.27E-05,7.77E-06,0.827128879,0.128516077,0.017883284,1.922761808,0.159500487,0.324549411,0.324549411
-31.4480608,0.021872689,5740942472,7.01E-06,26259049772,7.32E-06,2.05449E+11,1.13E-05,2.45E-05,0.534089199,0.197686072,0.018993477,0.564972591,0.242726318,0.190771111,0.242726318
-37.27003893,0.059689723,18837935077,1.23E-05,51097817446,4.48E-06,1.99356E+11,1.04E-05,3.27E-05,0.189674414,0.170424803,0.023163445,1.174738891,0.208479628,0.311360168,0.311360168
-58.90933672,0.033473648,4386402613,9.02E-06,16405212177,1.15E-05,2.04082E+11,1.36E-05,1.03E-06,2.329325006,0.102872239,0.013712325,0.934712948,0.162356766,0.154382695,0.162356766
-64.57081895,0.039764006,15813300613,7.91E-06,34081535276,1.19E-05,1.91542E+11,1.28E-05,6.76E-06,0.128862935,0.109094413,0.013526156,0.528722847,0.18890997,0.123806521,0.18890997
-39.10807043,0.019881454,4798860618,1.47E-05,10938691236,6.11E-06,2.06268E+11,1.12E-05,2.15E-05,4.389002449,0.164202678,0.023597355,1.722330899,0.077353946,0.324822396,0.324822396
-29.59490744,0.049255429,12384425731,9.88E-06,6133726388,7.68E-06,1.97677E+11,1.00E-05,5.05E-05,1.54683824,0.191409016,0.021242626,0.913748435,0.207518439,0.274193763,0.274193763
-66.72491582,0.030076007,6386597275,1.27E-05,17332070229,1.03E-05,2.02638E+11,1.39E-05,1.61E-06,0.365679636,0.134793183,0.01588148,1.007531127,0.196914745,0.264246373,0.264246373
-75.88289572,0.055508078,3587567870,1.11E-05,28304625236,1.11E-05,1.97177E+11,1.05E-05,7.14E-05,2.47621563,0.178973876,0.017278466,0.713312856,0.222199264,0.289714559,0.289714559
-20.413038,0.034922491,20085354481,1.04E-05,7337726027,4.70E-06,2.01904E+11,1.34E-05,2.25E-06,0.227843129,0.147362621,0.02000374,1.29444039,0.220285925,0.225783135,0.225783135
-48.28984108,0.044610253,7978692743,1.31E-05,12967587511,6.28E-06,1.93291E+11,1.24E-05,5.37E-06,0.567738282,0.121639271,0.022562195,0.609610712,0.181688263,0.236350278,0.236350278
-55.41276619,0.026134036,9106360397,8.37E-06,55085641285,9.48E-06,2.08252E+11,1.17E-05,1.69E-05,0.993629282,0.151742958,0.014720605,1.4984518,0.174037819,0.202828433,0.202828433
-55.01041941,0.038274907,8465117019,1.47E-05,20979752113,1.13E-05,2.05875E+11,1.18E-05,4.35E-05,0.637690554,0.117873193,0.02322702,0.897792098,0.143875328,0.285510509,0.285510509
-48.78105123,0.01839244,9661455251,7.94E-06,5332650732,4.42E-06,1.9068E+11,1.22E-05,1.37E-06,1.133173098,0.162040142,0.014004921,1.01162524,0.190783546,0.18604249,0.190783546
-20.87500134,0.050580375,3869828644,1.27E-05,9584107010,7.13E-06,2.04594E+11,1.30E-05,5.82E-06,2.823977015,0.181458584,0.017946466,0.525152798,0.273301344,0.293303971,0.293303971
-75.33412894,0.031401038,21665794652,9.96E-06,39942109157,8.63E-06,1.99477E+11,1.09E-05,1.83E-05,0.255915708,0.138909067,0.019284881,1.748141128,0.158733513,0.22912457,0.22912457
-66.20532298,0.057008675,11296390790,1.03E-05,45994552846,1.28E-05,2.00261E+11,1.35E-05,4.76E-06,1.75944916,0.194002036,0.020374595,0.620436634,0.331764711,0.283318383,0.331764711
-29.96887421,0.036423003,5825266560,1.10E-05,15047124898,5.26E-06,1.95065E+11,1.04E-05,1.51E-05,0.40965788,0.126450992,0.016800222,1.492400278,0.126494804,0.219450579,0.219450579
-39.68705095,0.04329715,15158299663,8.28E-06,8296610794,7.97E-06,2.08958E+11,1.13E-05,6.33E-05,0.144360824,0.105439746,0.012654951,0.718168217,0.1529972,0.127853423,0.1529972
-64.13906667,0.024820847,4600273586,1.30E-05,23910523406,1.00E-05,1.9384E+11,1.27E-05,2.01E-06,4.992255712,0.174608222,0.02451927,1.275311056,0.174483675,0.363071773,0.363071773
-58.55082082,0.051941284,17793493267,1.19E-05,6748460908,9.54E-06,2.01783E+11,1.39E-05,4.03E-06,0.166823869,0.168331111,0.022219139,1.586149804,0.286364988,0.320389089,0.320389089
-37.77578307,0.027131459,4143238435,1.07E-05,19454736855,6.49E-06,1.96666E+11,1.00E-05,1.27E-05,2.080381897,0.111716811,0.014605772,0.688296357,0.103982327,0.17577691,0.17577691
-31.86596438,0.042448321,13483203191,1.39E-05,37045043595,4.76E-06,2.08061E+11,1.12E-05,9.54E-05,0.738729367,0.132673125,0.016935805,1.298356468,0.139472514,0.287252814,0.287252814
-71.8087193,0.016935355,5333560441,8.68E-06,12130282277,1.13E-05,1.92865E+11,1.29E-05,3.00E-06,0.469747045,0.187779857,0.019890098,0.831876753,0.24491233,0.250459087,0.250459087
-77.24606782,0.047467861,3309542267,7.09E-06,13960066125,1.04E-05,2.074E+11,1.17E-05,3.79E-05,3.254500688,0.145131245,0.020975842,1.182722556,0.211021325,0.180256623,0.211021325
-26.46349173,0.02336106,24149245603,1.43E-05,58196793674,7.89E-06,1.92283E+11,1.23E-05,1.20E-06,0.106342018,0.175236452,0.015791943,0.920909442,0.205512465,0.332903317,0.332903317
-43.1783572,0.05836688,7119779366,9.06E-06,30249910598,6.17E-06,2.03694E+11,1.34E-05,9.00E-06,0.267044745,0.155763078,0.013259771,1.956928326,0.252126019,0.228262062,0.252126019
-53.11354248,0.032150719,10593179394,1.24E-05,7695919905,1.21E-05,1.98499E+11,1.05E-05,2.86E-05,1.296155382,0.124150304,0.023509006,0.562684995,0.137033826,0.234086613,0.234086613
-50.01675682,0.059521438,4211285974,8.16E-06,43300897560,7.45E-06,1.9021E+11,1.33E-05,1.09E-05,0.382946324,0.120057655,0.020537414,1.213658571,0.211110791,0.169123259,0.211110791
-46.18997021,0.033700855,18095659912,1.34E-05,10402637895,1.05E-05,2.05093E+11,1.07E-05,3.45E-06,1.477864342,0.150114802,0.016186744,0.762658612,0.144564867,0.29406584,0.29406584
-25.34052625,0.046513028,5603939164,1.02E-05,5773838158,1.22E-05,1.99008E+11,1.16E-05,2.58E-06,4.193319093,0.180494968,0.012003288,1.467031365,0.207265091,0.287118523,0.287118523
-78.45220324,0.021395586,14173610331,1.14E-05,22687984252,5.72E-06,2.03813E+11,1.25E-05,8.20E-05,0.134946835,0.148832597,0.024720274,0.624089578,0.209634464,0.24404197,0.24404197
-68.8291502,0.041688581,22984081849,1.28E-05,25855434188,6.61E-06,1.95846E+11,1.11E-05,1.07E-06,0.978746403,0.193061355,0.022658373,1.756834665,0.190780936,0.397132419,0.397132419
-34.99479305,0.015164803,3148336780,9.59E-06,8982337646,9.10E-06,2.00729E+11,1.30E-05,3.38E-05,0.576620887,0.136400509,0.014211777,0.517154795,0.171838589,0.182036714,0.182036714
-36.5357727,0.053290935,10422026674,1.49E-05,16330991388,1.08E-05,1.94623E+11,1.38E-05,2.54E-05,0.231409173,0.107600987,0.018191507,1.073136387,0.179817765,0.26401624,0.26401624
-59.63991223,0.028876517,7000887687,7.57E-06,49858533712,4.88E-06,2.09427E+11,1.01E-05,7.99E-06,2.439112548,0.162656609,0.018678049,0.855782375,0.174701611,0.18361155,0.18361155
-61.49283491,0.045064188,8895950711,9.44E-06,11217786081,5.66E-06,1.97447E+11,1.15E-05,1.54E-06,0.126941734,0.168928374,0.021557211,0.578391273,0.251482466,0.213663437,0.251482466
-42.18242098,0.025577234,7790124542,1.22E-05,34216721251,1.26E-05,2.02251E+11,1.26E-05,4.91E-05,3.490845435,0.101329271,0.015572415,1.882444138,0.098595566,0.214861559,0.214861559
-29.33308372,0.055260094,19298478644,7.47E-06,17925169768,9.88E-06,1.93647E+11,1.36E-05,2.05E-05,1.390272969,0.130171517,0.013027448,0.999374807,0.22079367,0.154514079,0.22079367
-72.80488485,0.049032379,6539853390,1.35E-05,7098942093,4.26E-06,1.91813E+11,1.32E-05,1.76E-05,2.294557927,0.142603556,0.022043647,0.775959533,0.222184611,0.293567292,0.293567292
-23.48735815,0.030248459,12688265898,8.81E-06,27869502023,1.17E-05,2.06618E+11,1.08E-05,5.53E-06,0.192631676,0.18672396,0.015231972,1.40746202,0.208523355,0.243594712,0.243594712
-48.02798696,0.040242531,4996128749,1.15E-05,53749512831,9.04E-06,1.9803E+11,1.19E-05,2.35E-06,0.542413297,0.156386519,0.017574799,0.663289989,0.210745837,0.255415662,0.255415662
-55.67825381,0.019349242,16471748927,1.08E-05,12908949884,6.97E-06,2.02914E+11,1.21E-05,7.39E-05,0.814787889,0.11378589,0.019701812,1.62894156,0.112849974,0.201913851,0.201913851
-57.02833813,0.051297896,13207502132,7.64E-06,24650778635,8.27E-06,1.9917E+11,1.25E-05,3.34E-06,0.616905481,0.127097205,0.01598003,0.707089738,0.20875063,0.147561071,0.20875063
-46.79285854,0.030706821,5225351616,1.49E-05,8067095930,9.70E-06,2.04287E+11,1.14E-05,1.06E-05,0.916062626,0.196212268,0.021143299,1.557280257,0.152994672,0.407739725,0.407739725
-22.61461405,0.037587556,17004653916,9.64E-06,15555385370,1.25E-05,1.90361E+11,1.03E-05,7.93E-05,2.579473245,0.171911228,0.023701854,0.818322405,0.183681018,0.25093428,0.25093428
-73.56564851,0.01910584,3958927666,1.29E-05,44817241642,5.49E-06,2.05557E+11,1.37E-05,2.52E-06,0.219058914,0.104303733,0.013422467,1.330995653,0.133212966,0.207472838,0.207472838
-68.21618928,0.043991373,7577385655,1.13E-05,38942952686,6.86E-06,1.94767E+11,1.09E-05,3.43E-05,1.602539684,0.159463693,0.01482401,0.938101996,0.183893058,0.271420913,0.271420913
-27.98779117,0.024103322,11272969839,1.01E-05,9901730902,8.86E-06,2.09884E+11,1.32E-05,1.08E-06,0.352343002,0.116860776,0.022458007,1.151340899,0.163540919,0.188921127,0.188921127
-41.41958263,0.056295269,3323536383,1.33E-05,5188226614,1.16E-05,1.96014E+11,1.20E-05,8.11E-06,0.140326065,0.139630047,0.020103575,0.548819154,0.215648638,0.254843434,0.254843434
-62.3777245,0.037110358,24253736850,8.11E-06,21615946667,4.08E-06,2.01209E+11,1.19E-05,2.55E-05,4.024277608,0.183740533,0.017179434,1.989260627,0.2214791,0.236271487,0.236271487
-60.52456534,0.041752768,3697317851,1.10E-05,7444463841,5.83E-06,1.93164E+11,1.07E-05,5.60E-05,0.206063431,0.177518407,0.016585232,1.037796291,0.212107847,0.28142566,0.28142566
-35.77225531,0.017651551,20696598744,1.17E-05,31044558759,1.24E-05,2.0836E+11,1.34E-05,1.78E-06,2.147362928,0.14585222,0.020132627,0.882534041,0.161877752,0.261650098,0.261650098
-33.64929352,0.052650612,8289895379,8.99E-06,56449179010,1.06E-05,1.96992E+11,1.24E-05,7.44E-06,0.861772068,0.12313788,0.024302693,1.717404751,0.181638866,0.204583491,0.204583491
-70.05420066,0.026440025,9462972163,1.37E-05,14357244149,7.63E-06,2.02109E+11,1.15E-05,2.36E-05,0.513530006,0.153186635,0.012414571,0.539151916,0.164879478,0.285742304,0.285742304
-79.21230216,0.05765069,15218486638,1.40E-05,12467947685,4.99E-06,1.9757E+11,1.29E-05,4.94E-06,3.785762827,0.110580791,0.013813736,1.518011647,0.158262103,0.278993999,0.278993999
-24.46753137,0.032846268,4618973501,7.27E-06,35954733982,1.10E-05,2.02765E+11,1.10E-05,1.55E-05,0.116811932,0.165634123,0.023062812,0.604767361,0.227311687,0.166905869,0.227311687
-44.95414754,0.048159288,12019351538,1.21E-05,19953879050,9.20E-06,1.91336E+11,1.02E-05,6.60E-05,0.331441824,0.189990096,0.019095282,1.242360154,0.200769003,0.344911189,0.344911189
-51.36661986,0.022651735,6197471501,9.26E-06,6531984485,6.78E-06,2.06454E+11,1.38E-05,2.08E-06,1.334078662,0.133319332,0.01778067,0.731053195,0.199079402,0.184397951,0.199079402
-52.00515693,0.047223687,20362186917,1.32E-05,48229908980,1.12E-05,2.04757E+11,1.01E-05,1.50E-06,0.395276224,0.135851958,0.015016957,1.835713521,0.12874387,0.290956026,0.290956026
-44.17178685,0.020705482,3635580559,8.48E-06,16760153826,4.58E-06,1.99952E+11,1.39E-05,4.70E-05,1.825479211,0.190948773,0.021801656,0.588579503,0.286580408,0.225017408,0.286580408
-27.10918549,0.058824469,9006406892,1.12E-05,8712682294,6.38E-06,2.06024E+11,1.28E-05,2.00E-05,4.584154765,0.165060628,0.01948521,1.121498592,0.24036341,0.281308015,0.281308015
-76.7123545,0.034415635,7886092872,1.05E-05,26591288101,9.36E-06,1.91142E+11,1.12E-05,6.29E-06,0.157423712,0.108444039,0.017334394,0.973818881,0.146440889,0.182883938,0.182883938
-70.81001151,0.053981032,4853132253,9.77E-06,23319329254,1.20E-05,2.09104E+11,1.23E-05,1.36E-05,1.075107994,0.15259359,0.015381204,1.383162982,0.218709258,0.253258869,0.253258869
-32.98420571,0.028165862,15997731682,1.25E-05,5603851966,5.99E-06,1.94299E+11,1.16E-05,4.32E-06,0.670748659,0.120972423,0.021392978,0.795814673,0.13523116,0.22994706,0.22994706
-38.29692176,0.040973808,6299250471,7.76E-06,10669434695,7.78E-06,2.00428E+11,1.06E-05,1.81E-06,0.238180035,0.14840459,0.023913546,1.671621279,0.184362224,0.190112918,0.190112918
-57.90763089,0.015861768,12223475588,1.46E-05,41911505405,1.02E-05,1.95545E+11,1.35E-05,5.76E-05,3.027294789,0.178505982,0.012861628,0.651339031,0.165358075,0.365492429,0.365492429
-63.49611234,0.054571412,5675000321,1.24E-05,13308475164,8.74E-06,2.07579E+11,1.21E-05,1.22E-05,0.102620218,0.18473498,0.014399839,0.742626102,0.282153673,0.305957863,0.305957863
-40.20886958,0.035782079,14351903369,9.14E-06,52262100589,7.30E-06,1.92696E+11,1.18E-05,3.83E-06,3.377067021,0.142175544,0.022825805,1.23665687,0.177154649,0.211635219,0.211635219
-31.08732341,0.045783125,4444566031,1.44E-05,28810589861,4.52E-06,2.01327E+11,1.10E-05,2.88E-06,1.190047989,0.114700651,0.018870871,0.634682822,0.138063817,0.241909078,0.241909078
-65.20732285,0.024884433,19099885801,7.14E-06,6917163615,1.15E-05,1.96522E+11,1.31E-05,9.07E-05,0.29117647,0.158865312,0.018354178,1.431514654,0.239970592,0.185233763,0.239970592
-74.80108125,0.039530455,10041216426,8.62E-06,6069778358,1.01E-05,2.03234E+11,1.05E-05,1.28E-06,1.973530118,0.102172316,0.016404957,0.507517705,0.136327392,0.135290934,0.136327392
-21.520945,0.020037928,6746166804,1.38E-05,18519406245,8.15E-06,1.98352E+11,1.36E-05,4.06E-05,0.175452421,0.171332399,0.020776256,1.803999026,0.197293925,0.341361171,0.341361171
-49.77517422,0.049725187,22332068295,1.06E-05,33290350834,5.36E-06,2.06922E+11,1.27E-05,3.04E-05,0.437241145,0.197177819,0.024933727,0.877053056,0.296658245,0.299983523,0.299983523
-53.90225604,0.029529518,3058520558,1.18E-05,11558067985,1.29E-05,1.92117E+11,1.13E-05,9.64E-06,0.792016011,0.129622961,0.012246892,1.05536317,0.131824801,0.23906371,0.23906371
-53.83955041,0.049695675,5202451091,8.12E-06,5042200277,7.28E-06,2.09581E+11,1.05E-05,4.89E-06,1.786546335,0.106565415,0.021584974,1.004211002,0.141290458,0.151691489,0.151691489
-49.95418033,0.029461565,13151973153,1.33E-05,21393413678,8.72E-06,1.94464E+11,1.34E-05,1.55E-05,0.403450476,0.164009794,0.01558907,0.911816239,0.214310149,0.315497115,0.315497115
-21.57732062,0.039499582,3975061582,1.01E-05,37806721853,1.15E-05,2.00888E+11,1.23E-05,6.51E-05,0.160660029,0.192784735,0.013056799,1.735053797,0.259211115,0.286523293,0.286523293
-74.63040788,0.019968592,17070966507,1.13E-05,9813181392,4.51E-06,1.95692E+11,1.17E-05,2.07E-06,4.485850706,0.136945581,0.024118238,0.533440719,0.153537594,0.23159185,0.23159185
-65.03472723,0.045927989,11225187913,1.29E-05,16025217355,8.13E-06,2.03967E+11,1.28E-05,5.55E-05,0.688315376,0.18033901,0.022015872,1.501368987,0.240227928,0.374168937,0.374168937
-31.14178751,0.024990834,7544436841,9.63E-06,45228350030,1.01E-05,1.9885E+11,1.12E-05,1.75E-06,1.049813824,0.149501382,0.015215305,0.611728075,0.166539083,0.203312833,0.203312833
-40.38961196,0.05471764,24349058159,1.49E-05,25360689098,1.29E-05,2.05252E+11,1.00E-05,7.42E-06,2.956424265,0.119096636,0.017545437,1.283205957,0.114895111,0.28688256,0.28688256
-63.43516087,0.035889866,3336979501,7.65E-06,8149744335,5.35E-06,1.90057E+11,1.39E-05,2.33E-05,0.244447084,0.151539489,0.019686731,0.707960635,0.271690682,0.167381695,0.271690682
-57.84664199,0.040871482,20786365707,9.28E-06,19751265077,4.57E-06,2.03067E+11,1.27E-05,3.43E-05,3.304659305,0.157767772,0.020577884,0.68406171,0.240263552,0.211458389,0.240263552
-38.47764459,0.015709993,3712689416,1.20E-05,6349039845,1.11E-05,1.97872E+11,1.13E-05,1.09E-06,0.104729506,0.112868401,0.016190716,1.60901957,0.114385535,0.199867531,0.199867531
-33.03863572,0.05388007,9423957630,7.25E-06,12354457844,9.35E-06,2.06776E+11,1.04E-05,8.16E-06,0.297196882,0.143230423,0.012045346,0.826907345,0.184395445,0.152125795,0.184395445
-70.63739253,0.028015473,8257162038,1.41E-05,34900065201,6.36E-06,1.91659E+11,1.36E-05,2.59E-05,1.164671198,0.186610019,0.024722659,1.316839809,0.214211186,0.407029756,0.407029756
-76.54170426,0.058899331,4638336646,1.37E-05,56958887962,5.98E-06,2.08684E+11,1.09E-05,3.40E-06,0.180069617,0.130674573,0.022617914,0.927855879,0.180537621,0.285374795,0.285374795
-27.16559498,0.034441069,15283966892,8.98E-06,14788784836,1.20E-05,1.93488E+11,1.30E-05,1.07E-05,1.927322249,0.199055695,0.014207818,1.164347063,0.266093025,0.269774829,0.269774829
-44.35081273,0.047297186,6172812554,1.17E-05,7521945300,1.02E-05,2.0241E+11,1.22E-05,8.04E-05,0.773379559,0.170238029,0.018149461,0.566839356,0.245732641,0.270266969,0.270266969
-51.94248896,0.020729533,11970161407,1.10E-05,31943748838,7.76E-06,1.97293E+11,1.19E-05,2.53E-06,0.448693988,0.100337131,0.018675676,1.926829809,0.101719926,0.186030516,0.186030516
-51.18942514,0.048100939,3650808316,1.45E-05,10560443625,1.24E-05,1.93995E+11,1.21E-05,1.27E-06,0.934895261,0.105601752,0.022246905,0.767258156,0.150242537,0.254713751,0.254713751
-45.01864668,0.022631849,20449850547,7.78E-06,40735151817,5.85E-06,2.08799E+11,1.20E-05,4.01E-05,0.603676225,0.173933276,0.01462243,1.196648774,0.209775896,0.19861066,0.209775896
-24.63635044,0.057593723,7854703204,1.26E-05,23105630347,7.64E-06,1.95225E+11,1.08E-05,3.01E-05,0.214386889,0.19496915,0.016965159,0.62796627,0.245997713,0.311358192,0.311358192
-79.15406151,0.032827742,8969552004,9.75E-06,5439135258,1.06E-05,2.00107E+11,1.31E-05,9.48E-06,2.632816977,0.125020193,0.019905168,1.446210297,0.176991953,0.215057783,0.215057783
-70.0016016,0.052769385,16067093973,1.05E-05,8791982444,1.10E-05,1.9963E+11,1.03E-05,1.20E-05,0.344094552,0.182500299,0.020948063,0.513353697,0.235406296,0.259300042,0.259300042
-33.82374344,0.02659724,4873311570,1.12E-05,27392510865,5.01E-06,2.04435E+11,1.37E-05,3.81E-06,1.644705701,0.137549817,0.015775273,1.784240029,0.163295279,0.239240681,0.239240681
-35.83141327,0.041870156,12173036804,8.50E-06,48735354146,6.80E-06,1.90838E+11,1.26E-05,2.85E-06,4.12967133,0.118156003,0.013230405,0.849357528,0.175191982,0.153606726,0.175191982
-60.34201156,0.017807402,6274393216,1.32E-05,17246831851,9.23E-06,2.05721E+11,1.15E-05,9.05E-05,0.137024632,0.161489053,0.023493923,1.090049378,0.161011543,0.314745498,0.314745498
-62.19515095,0.056133893,14291107110,1.18E-05,32350758538,9.73E-06,1.98653E+11,1.02E-05,1.38E-05,2.191761637,0.155266117,0.023267495,1.896683384,0.157752507,0.326346294,0.326346294
-41.47870293,0.03699841,5650303672,1.06E-05,11438155987,8.28E-06,2.03535E+11,1.38E-05,4.34E-06,0.201669345,0.124378892,0.014008897,0.569416995,0.210679907,0.181333625,0.210679907
-28.16221796,0.043828612,19174961292,1.38E-05,5892204163,5.51E-06,1.92441E+11,1.29E-05,1.84E-06,0.502519523,0.143827638,0.017988527,1.109582722,0.194308188,0.299072916,0.299072916
-68.16355634,0.02399001,4462536748,8.60E-06,18352303148,1.25E-05,2.07246E+11,1.11E-05,5.80E-05,0.879484996,0.176222432,0.019287269,0.984024763,0.193124627,0.241222371,0.241222371
-73.50744195,0.03760062,6716604578,7.13E-06,29683465580,8.88E-06,1.93019E+11,1.25E-05,1.50E-06,0.114063274,0.131298061,0.020334133,1.398773007,0.218947899,0.152726475,0.218947899
-22.78345648,0.019168354,9998984461,1.44E-05,6981246448,6.88E-06,2.07902E+11,1.16E-05,4.78E-05,3.884925825,0.188691329,0.016796259,0.787130912,0.131068729,0.354524232,0.354524232
-46.85739512,0.051312343,3070992785,9.15E-06,13692976856,4.10E-06,1.96825E+11,1.06E-05,2.00E-05,1.369186521,0.167710387,0.012612903,1.619176475,0.188850856,0.238795179,0.238795179
-56.85116297,0.030770696,22419076728,1.24E-05,52802294161,1.17E-05,2.01629E+11,1.33E-05,6.35E-06,0.323681431,0.111824687,0.024516894,0.672718369,0.174189822,0.221089293,0.221089293
-55.85728316,0.040218481,9700671282,1.30E-05,8545997452,1.26E-05,1.95386E+11,1.39E-05,3.85E-05,1.530711586,0.146999701,0.014422857,1.56904339,0.19924416,0.31486658,0.31486658
-47.9653153,0.019275742,8498266215,8.30E-06,24126402163,5.69E-06,2.00581E+11,1.02E-05,1.21E-06,0.368871068,0.179398309,0.022859931,0.696096569,0.1815169,0.213162003,0.213162003
-23.31671875,0.049006946,21571192860,1.10E-05,47326831887,8.39E-06,1.94145E+11,1.10E-05,9.11E-06,0.130002361,0.151990389,0.018892302,1.340808301,0.195985923,0.251330312,0.251330312
-72.86128372,0.030173598,3853495946,1.03E-05,15203720740,9.90E-06,2.09262E+11,1.29E-05,2.87E-05,4.343787375,0.121111556,0.018389891,0.80574469,0.172333231,0.200765975,0.200765975
-67.04486396,0.055410483,5848255081,9.95E-06,9315688158,1.18E-05,1.90983E+11,1.16E-05,4.04E-06,0.554323487,0.164535462,0.016381951,1.144269483,0.225996231,0.263174276,0.263174276
-29.16046128,0.035170971,11341899939,1.27E-05,39536473300,4.28E-06,2.06178E+11,1.24E-05,1.28E-05,1.019499447,0.108652052,0.020742143,0.95161784,0.139705501,0.219719133,0.219719133
-42.12144269,0.045215963,4580700927,7.96E-06,20364366047,6.98E-06,1.99798E+11,1.33E-05,9.59E-05,2.540369017,0.134564444,0.024912308,1.977356313,0.207147446,0.192768243,0.207147446
-61.6735469,0.025679559,15092629881,1.47E-05,5284102279,9.06E-06,2.04916E+11,1.07E-05,3.05E-06,0.222434236,0.19196763,0.012211191,0.556637985,0.179228186,0.351646012,0.351646012
-59.8206583,0.053183149,4126223440,1.24E-05,30527365644,1.05E-05,1.91958E+11,1.19E-05,4.72E-06,3.616120866,0.198238583,0.015027268,0.887847064,0.259531743,0.355761368,0.355761368
-36.47481777,0.028730289,17722946364,9.08E-06,7928377753,7.47E-06,2.07076E+11,1.20E-05,1.49E-05,0.122290069,0.128293442,0.021848465,1.023218728,0.185728497,0.174480023,0.185728497
-34.82220804,0.041582179,5356606602,1.44E-05,14103076016,5.75E-06,1.98198E+11,1.32E-05,6.31E-05,0.30705892,0.102423774,0.019493934,0.542483816,0.164870302,0.214404013,0.214404013
-68.88360346,0.015019939,13539479359,7.08E-06,59872873722,1.22E-05,2.03393E+11,1.08E-05,1.99E-06,1.439993556,0.170763691,0.017382791,1.693012488,0.161406838,0.201265506,0.201265506
-78.50858232,0.046582364,24052771271,8.67E-06,36663615851,9.12E-06,1.96364E+11,1.37E-05,4.31E-05,0.185161434,0.114883327,0.015370882,0.600341321,0.216202904,0.148195844,0.216202904
-46.12727541,0.059589391,10637758345,1.07E-05,6688100560,4.90E-06,1.92543E+11,1.14E-05,5.73E-06,0.848710762,0.185669311,0.02390481,0.725572511,0.257502168,0.276427665,0.276427665
-50.19575231,0.033730367,7150298272,1.19E-05,18887126366,1.08E-05,2.07737E+11,1.25E-05,1.82E-05,0.521440801,0.140728747,0.012813219,1.261980289,0.172908632,0.260007392,0.260007392
-53.17806844,0.058303005,18023341844,7.58E-06,16482262619,6.46E-06,2.01051E+11,1.13E-05,1.77E-05,1.091653197,0.140149148,0.016608247,0.584952102,0.207028305,0.150594985,0.207028305
-43.00119288,0.032136272,4194120658,1.49E-05,51369145807,9.53E-06,1.96168E+11,1.26E-05,5.61E-06,0.660572869,0.183538663,0.020166751,1.862122399,0.176437116,0.416072333,0.416072333
-26.40528148,0.047405347,14233206334,9.57E-06,26122643812,1.12E-05,2.09731E+11,1.36E-05,2.35E-06,0.26506711,0.16074519,0.024324121,0.967970895,0.26869565,0.235405933,0.26869565
-77.41491372,0.023347995,5627974652,1.29E-05,9241859116,4.74E-06,1.94926E+11,1.05E-05,7.47E-05,2.720180634,0.115848108,0.012450281,1.13745228,0.081690018,0.224377746,0.224377746
-71.98313525,0.042561633,3135396443,1.14E-05,5713931013,7.87E-06,2.05398E+11,1.31E-05,1.56E-06,0.426664175,0.173309958,0.013790733,0.80184291,0.262222702,0.282869162,0.282869162
-31.81334207,0.017098116,22893013380,1.02E-05,22047667638,1.04E-05,1.90515E+11,1.09E-05,4.92E-05,1.691211353,0.103417453,0.023028701,1.361687586,0.086652363,0.178250862,0.178250862
-37.59320606,0.052053232,7031127658,1.34E-05,42910150192,1.21E-05,2.04133E+11,1.18E-05,2.09E-05,4.799210886,0.127694293,0.019073867,0.656154942,0.175493751,0.255282218,0.255282218
-58.60994481,0.027292835,10465531399,8.17E-06,10098318973,6.15E-06,1.99329E+11,1.22E-05,6.58E-06,0.150371685,0.19607923,0.017744973,1.645963251,0.270086906,0.234524951,0.270086906
-64.1982138,0.0431413,7820871027,1.08E-05,55369090714,4.40E-06,2.06295E+11,1.35E-05,1.06E-06,2.003909403,0.189801402,0.015990337,1.22758046,0.275778537,0.306658509,0.306658509
-39.5045078,0.02470346,8931775793,1.15E-05,13026424056,1.13E-05,1.9149E+11,1.06E-05,3.36E-05,0.172789982,0.133972166,0.021190105,0.754202589,0.143191268,0.227623145,0.227623145
-29.91627168,0.056851461,3430665133,8.79E-06,7305086292,8.62E-06,2.02611E+11,1.17E-05,2.51E-05,0.486604671,0.109640395,0.023710574,1.420752496,0.161258982,0.176177546,0.176177546
-66.3797766,0.03630423,19214804513,1.35E-05,28161530350,7.10E-06,1.97729E+11,1.23E-05,7.99E-06,0.711659465,0.167087062,0.01347086,0.644692479,0.214016354,0.311218742,0.311218742
-75.5029374,0.0505989,12739800011,1.42E-05,17422080081,5.25E-06,2.0195E+11,1.11E-05,1.08E-05,0.110769487,0.122071003,0.014813691,1.814898088,0.160902934,0.284902883,0.284902883
-20.81677154,0.031458004,6565440067,7.45E-06,6161848374,1.27E-05,1.97146E+11,1.28E-05,3.41E-06,3.128664171,0.154522249,0.022411188,0.500399419,0.236040759,0.1660703,0.236040759
-48.60385282,0.038294794,16399834770,1.22E-05,10888072493,1.00E-05,2.08206E+11,1.40E-05,2.56E-06,1.245890287,0.177260789,0.020094842,1.061907634,0.259495871,0.330545152,0.330545152
-55.07492201,0.01845079,4975034931,9.45E-06,33903128403,7.95E-06,1.93323E+11,1.01E-05,8.06E-05,0.278129742,0.146426975,0.017131028,0.864614531,0.134539539,0.203731323,0.203731323
-55.59542725,0.044639751,15494646258,1.16E-05,24031079994,6.09E-06,1.90633E+11,1.05E-05,2.78E-05,1.418488444,0.18727609,0.019188623,1.442089181,0.185584314,0.336089672,0.336089672
-48.23080471,0.026201997,4700399972,1.09E-05,8333375216,1.19E-05,2.05906E+11,1.36E-05,8.77E-06,0.311877012,0.142380539,0.018087951,0.640346131,0.214379897,0.22464808,0.22464808
-20.23869537,0.055538959,11838792116,1.36E-05,14979712839,1.03E-05,1.99523E+11,1.27E-05,1.17E-06,0.124209626,0.113337043,0.013904297,1.232581821,0.173613006,0.239972447,0.239972447
-75.93561638,0.034991813,6101156117,8.86E-06,45760887113,7.67E-06,2.04562E+11,1.13E-05,3.69E-05,3.562097056,0.156725025,0.023371285,0.741055812,0.204195119,0.21512478,0.21512478
-66.78303488,0.049110573,3754682937,7.40E-06,40153772360,4.68E-06,1.95039E+11,1.22E-05,3.14E-06,0.546037768,0.100795071,0.024413588,1.04620361,0.168307254,0.134256294,0.168307254
-29.42598108,0.029969592,21028744655,1.42E-05,9629040778,1.10E-05,2.00312E+11,1.18E-05,9.97E-05,0.810830215,0.169181527,0.012716993,0.870472158,0.165152964,0.338055667,0.338055667
-39.0434497,0.039617765,8144244658,9.38E-06,5308105969,9.46E-06,1.93867E+11,1.10E-05,1.33E-05,2.283152812,0.199708343,0.016696524,1.80751122,0.205454865,0.296945064,0.296945064
-64.74790638,0.019773675,9301458733,1.22E-05,20870596833,6.27E-06,2.08907E+11,1.31E-05,4.21E-06,0.193894634,0.129814319,0.020433065,0.509280505,0.182212811,0.223261894,0.223261894
-59.08639029,0.059792062,7457760374,1.48E-05,7731140059,8.16E-06,1.96717E+11,1.23E-05,1.92E-06,4.279144495,0.136037207,0.019802169,0.971924834,0.19027819,0.323406173,0.323406173
-37.20539507,0.033625415,11100645649,7.52E-06,30406681541,1.01E-05,2.01757E+11,1.16E-05,6.05E-05,0.132035175,0.193485406,0.017067374,1.117613131,0.26653513,0.210311915,0.26653513
-31.27909677,0.046080358,3381219089,1.28E-05,57891669767,1.29E-05,1.92814E+11,1.06E-05,1.45E-05,0.374636904,0.162903658,0.014522209,0.593730555,0.190178509,0.279981453,0.279981453
-72.43034823,0.022023092,24687681192,9.52E-06,13895317674,5.30E-06,2.08088E+11,1.35E-05,4.55E-06,1.507940412,0.10707289,0.02234793,1.849588038,0.142886338,0.178498757,0.178498757
-77.77434113,0.041061077,12978812722,1.02E-05,12185449633,7.31E-06,1.92314E+11,1.01E-05,1.88E-05,0.232911808,0.150447205,0.023392614,0.653491212,0.184967243,0.227459219,0.227459219
-25.90045689,0.015597475,5132180434,1.15E-05,37235971576,8.68E-06,2.07353E+11,1.39E-05,5.98E-06,2.427140522,0.119614912,0.013330936,1.675158096,0.119022351,0.209093929,0.209093929
-42.58419454,0.053366379,17272961034,8.23E-06,19356589087,1.15E-05,1.98467E+11,1.28E-05,1.41E-06,0.974053229,0.148603476,0.015673565,0.789976491,0.237670437,0.185176374,0.237670437
-53.7425239,0.028605896,4019340789,1.35E-05,6718498009,4.46E-06,2.0374E+11,1.12E-05,4.47E-05,0.580437681,0.181053202,0.02105058,1.370927319,0.156616006,0.354458015,0.354458015
-50.62739953,0.051860174,10215500440,9.01E-06,49606997728,8.84E-06,2.05125E+11,1.29E-05,7.20E-05,0.745219623,0.175764263,0.024620445,0.534473136,0.292620941,0.218402665,0.292620941
-45.54817107,0.0274074,6866861272,1.23E-05,16258481382,6.91E-06,1.90164E+11,1.10E-05,2.29E-06,0.464933774,0.14488391,0.012148344,1.704517847,0.123370033,0.270150438,0.270150438
-24.7957729,0.043070504,21979486750,7.02E-06,9023187868,4.05E-06,2.03782E+11,1.02E-05,5.39E-06,0.16509634,0.123725966,0.01608969,0.884251839,0.157657662,0.126040184,0.157657662
-79.0280558,0.016508349,3011769534,1.43E-05,25988689896,1.17E-05,1.99055E+11,1.38E-05,1.71E-05,2.098389466,0.156126095,0.020678108,1.041401852,0.149771436,0.352496613,0.352496613
-69.43249675,0.047894864,5764537282,1.39E-05,22569030422,9.68E-06,2.0078E+11,1.07E-05,6.82E-06,0.273980672,0.111158101,0.018575144,0.736453723,0.142141878,0.244377497,0.244377497
-34.36034707,0.022738873,14570927676,8.74E-06,5747058035,8.31E-06,1.95819E+11,1.34E-05,2.15E-05,1.265304983,0.168559755,0.018250772,1.25344461,0.219971941,0.224279419,0.224279419
-35.9837243,0.058090936,4367612330,1.20E-05,10450244589,5.46E-06,2.09376E+11,1.24E-05,5.13E-05,3.177447659,0.188222123,0.014105303,0.602773851,0.274195567,0.28890367,0.28890367
-60.22311728,0.032231826,18759304234,1.07E-05,43525302760,1.25E-05,1.9465E+11,1.15E-05,1.62E-06,0.109116035,0.132340245,0.022719621,1.514802108,0.180169513,0.22984887,0.22984887
-62.119957,0.038905337,4780221817,8.35E-06,12849532615,1.09E-05,2.02224E+11,1.09E-05,7.64E-06,2.848604303,0.126112009,0.024018812,1.335392976,0.154075631,0.189875743,0.189875743
-41.58639809,0.017962684,15749125558,1.31E-05,53469856724,5.12E-06,1.97498E+11,1.32E-05,2.43E-05,0.253249289,0.194450406,0.013155446,0.820054523,0.217286531,0.339113339,0.339113339
-28.77185099,0.050507503,6413565284,1.04E-05,28017187653,6.70E-06,2.08557E+11,1.20E-05,3.23E-05,0.631115849,0.174830762,0.015485281,1.545857478,0.224781423,0.277948309,0.277948309
-67.52050657,0.031674242,12438946876,1.11E-05,7132224045,9.34E-06,1.93596E+11,1.19E-05,1.03E-06,1.143202422,0.10488714,0.021689572,0.700834515,0.142100017,0.190060444,0.190060444
-73.424711,0.056735474,20004450485,1.27E-05,6197557550,1.23E-05,2.06571E+11,1.26E-05,8.42E-05,0.148118168,0.162397055,0.019582643,1.985389362,0.248339973,0.346510792,0.346510792
-22.89868865,0.036495876,3573525066,9.89E-06,17834103526,5.96E-06,1.91845E+11,1.14E-05,2.65E-06,4.874337336,0.117454959,0.017648742,0.546917869,0.153897644,0.164439572,0.164439572
-47.45945895,0.043726909,9146135078,1.47E-05,34389239343,7.55E-06,2.0296E+11,1.03E-05,3.55E-06,1.717669364,0.138655628,0.015116371,1.161417483,0.124638852,0.293349718,0.293349718
-56.21568238,0.02419042,8012659586,7.89E-06,11267494255,1.07E-05,1.97999E+11,1.37E-05,1.12E-05,0.420273961,0.181992499,0.022115609,0.945191372,0.281630717,0.222780843,0.281630717
-57.32773004,0.05482006,3258110899,1.05E-05,21516734801,9.16E-06,2.04241E+11,1.32E-05,2.14E-06,1.218991892,0.171854107,0.013572978,1.093165689,0.263934135,0.276839683,0.276839683
-46.46969141,0.035684663,23786436178,1.18E-05,5161263459,6.60E-06,1.99202E+11,1.08E-05,6.78E-05,0.28382191,0.10190667,0.023607678,0.990703834,0.123553762,0.200449979,0.200449979
-22.24933278,0.04532848,7245282651,8.56E-06,9954285346,4.94E-06,2.05603E+11,1.19E-05,1.60E-05,0.100016843,0.12919252,0.021291035,1.888987336,0.195684472,0.173279706,0.195684472
-73.95476222,0.025489964,10785414901,1.38E-05,39125949147,1.08E-05,1.90329E+11,1.21E-05,5.08E-06,3.458770375,0.197522525,0.015890216,0.579518799,0.208758393,0.38124473,0.38124473
-68.52287646,0.038924922,17489781821,1.45E-05,44616193478,1.06E-05,2.09857E+11,1.15E-05,2.26E-05,0.441795319,0.141635144,0.017231657,1.643481108,0.147017516,0.328903626,0.328903626
-27.65727177,0.02049257,4070448265,7.21E-06,15476157836,7.44E-06,1.94819E+11,1.26E-05,7.11E-06,0.785069113,0.184969727,0.019993429,0.668191473,0.250922039,0.189943709,0.250922039
-41.0615973,0.0498226,13699603494,1.25E-05,8107683788,5.78E-06,2.01236E+11,1.36E-05,1.70E-06,1.956464536,0.159325889,0.022513799,1.404489467,0.233147092,0.318930665,0.318930665
-62.75948482,0.029280867,5416308276,9.19E-06,24759807573,1.22E-05,1.95963E+11,1.03E-05,5.35E-05,0.17730006,0.114373875,0.014711882,0.773404529,0.134204249,0.16058346,0.16058346
-60.86240951,0.04677728,11498495501,7.82E-06,6498977272,1.19E-05,2.08411E+11,1.11E-05,2.67E-05,4.695329166,0.12065175,0.012549611,0.625411603,0.167767988,0.143230516,0.167767988
-35.45824356,0.021308276,5926376363,1.46E-05,19865073052,4.16E-06,1.93138E+11,1.30E-05,8.48E-06,0.153421301,0.153048063,0.024225576,1.4718825,0.175273971,0.326718757,0.326718757
-33.24555999,0.059081364,14926601324,9.84E-06,36117782062,7.08E-06,2.02058E+11,1.38E-05,1.13E-06,0.38527037,0.178746833,0.020270444,0.755914052,0.309062221,0.244474846,0.309062221
-70.43415898,0.034315469,4527644988,1.26E-05,12532132568,8.94E-06,1.97019E+11,1.02E-05,3.58E-05,1.86998417,0.147858087,0.016503751,1.204758277,0.124976511,0.289449062,0.289449062
-79.55744138,0.054081202,8594301012,1.11E-05,14282122085,1.27E-05,2.02797E+11,1.33E-05,2.45E-06,0.240672745,0.191299582,0.017849158,0.852819643,0.319920394,0.314966677,0.319920394
-24.14616713,0.02790897,9813885696,1.04E-05,56187827802,5.57E-06,1.97523E+11,1.07E-05,7.72E-05,3.001310114,0.135415414,0.01897046,1.071051869,0.126947362,0.214507245,0.214507245
-44.55771018,0.040371016,3800822468,1.32E-05,31186818190,8.49E-06,2.06422E+11,1.16E-05,1.03E-05,1.065746667,0.108184496,0.023127731,0.521064905,0.148677474,0.214375015,0.214375015
-51.73922502,0.016308177,21290665168,8.41E-06,7483142535,9.78E-06,1.91383E+11,1.25E-05,3.25E-06,0.677691383,0.165576232,0.013690894,1.772214655,0.181017442,0.214944894,0.214944894
-52.38877747,0.042361223,6439883535,1.21E-05,42103558321,5.13E-06,1.99984E+11,1.17E-05,9.91E-06,0.865925866,0.166180149,0.017481335,0.839301022,0.207827013,0.289584685,0.289584685
-43.81566085,0.01719982,12487957669,9.32E-06,10724868257,1.28E-05,2.0471E+11,1.23E-05,3.12E-05,0.510152226,0.110339464,0.019394606,1.307951253,0.127999192,0.170486493,0.170486493
-26.77686309,0.052555766,5085520006,1.41E-05,5574530211,9.91E-06,1.9111E+11,1.34E-05,4.17E-05,0.20473439,0.132864381,0.021952962,0.686842991,0.221457638,0.270567213,0.270567213
-77.01723957,0.026691254,16757634038,7.34E-06,23211362333,8.05E-06,2.06071E+11,1.06E-05,1.31E-06,2.157950908,0.190310292,0.014923573,1.580925713,0.194249666,0.223548231,0.223548231
-71.2009271,0.057399459,8737328247,8.94E-06,26711872457,4.28E-06,1.9435E+11,1.39E-05,8.67E-05,0.338793812,0.14533633,0.012916628,0.558464224,0.268892962,0.175224085,0.268892962
-37.97189552,0.048611017,19592967767,1.09E-05,16675460569,8.50E-06,1.95493E+11,1.12E-05,3.66E-06,3.70983994,0.153622893,0.021445994,0.924111467,0.19173839,0.257430126,0.257430126
-58.20516281,0.022043278,3499676034,1.17E-05,48015254726,7.20E-06,2.00454E+11,1.29E-05,1.16E-05,0.119387664,0.122786785,0.015271854,1.185027933,0.168551014,0.209311794,0.209311794
-63.86691539,0.051194816,23389255104,1.33E-05,11616218950,7.85E-06,1.92669E+11,1.35E-05,6.02E-05,2.592353744,0.116515784,0.018492788,1.742089829,0.169571808,0.281579096,0.281579096
-39.81062921,0.030960792,3205466741,8.04E-06,33437589304,1.04E-05,2.0763E+11,1.04E-05,1.89E-06,0.21763245,0.159893848,0.018790183,0.524132258,0.195502689,0.176945586,0.195502689
-30.7678185,0.038187769,10260054477,1.13E-05,18436327472,1.21E-05,1.96549E+11,1.14E-05,4.52E-06,0.612809464,0.184005893,0.022960051,1.019272895,0.211520462,0.313974613,0.313974613
-65.5543223,0.018656865,6895715913,1.01E-05,6038862929,6.19E-06,2.01276E+11,1.27E-05,1.42E-05,0.920535657,0.139108054,0.014321929,0.905651969,0.164304437,0.208305898,0.208305898
-75.17917957,0.044440352,4278871141,9.72E-06,6953876586,6.44E-06,1.98306E+11,1.18E-05,6.12E-06,0.143412401,0.196538568,0.012312602,1.278014006,0.278904774,0.275719638,0.278904774
-21.11535236,0.023503111,18376424736,1.30E-05,28945971020,9.57E-06,2.03266E+11,1.22E-05,1.94E-05,3.943788477,0.126636151,0.024811681,0.720542885,0.135245076,0.251050141,0.251050141
-49.46296526,0.0560413,5508292822,7.69E-06,52022226099,1.12E-05,1.92163E+11,1.30E-05,4.58E-05,1.570660274,0.104068509,0.020843953,1.479201708,0.175733295,0.156127239,0.175733295
-54.2419021,0.03721344,13924588311,1.50E-05,13239310065,4.78E-06,2.0689E+11,1.09E-05,1.46E-06,0.360138787,0.172451151,0.016279339,0.615887283,0.186890373,0.338380002,0.338380002
-54.56828872,0.04141182,4341479708,7.29E-06,46374957210,9.85E-06,1.96272E+11,1.03E-05,3.75E-06,0.103115973,0.160281665,0.017723346,0.564256511,0.215313872,0.158253048,0.215313872
-49.25468167,0.015245183,18657377969,1.40E-05,14889143408,8.41E-06,2.01545E+11,1.37E-05,1.19E-05,3.354717638,0.116116248,0.019051044,1.919346252,0.087089858,0.263834208,0.263834208
-21.32454209,0.053012801,5777894164,9.31E-06,8424736232,5.63E-06,1.92634E+11,1.25E-05,8.92E-05,1.182311213,0.140276931,0.023005885,0.933684528,0.213375589,0.200848213,0.213375589
-74.85371787,0.028955524,14611794111,1.20E-05,23827901876,1.26E-05,2.07673E+11,1.14E-05,2.83E-06,0.292618611,0.182824917,0.0137691,1.172456201,0.196098356,0.332795927,0.332795927
-65.75618424,0.059441143,22178447742,1.17E-05,20693946889,9.00E-06,1.91889E+11,1.20E-05,4.14E-05,1.897656758,0.127817521,0.012471504,0.830132442,0.186419024,0.23195054,0.23195054
-30.4496846,0.033977531,3037561152,1.10E-05,5366453552,7.00E-06,2.07162E+11,1.19E-05,1.30E-06,0.182799985,0.195370085,0.024347322,1.322872669,0.246311087,0.312134832,0.312134832
-40.12969518,0.046434107,10055322719,1.37E-05,9570730115,4.22E-06,1.98267E+11,1.08E-05,9.80E-06,0.455496621,0.17285108,0.020189958,0.679333192,0.202657522,0.322581248,0.322581248
-63.66595244,0.021673634,6755493982,8.94E-06,40693751186,1.18E-05,2.03307E+11,1.32E-05,3.08E-05,0.761477057,0.103681085,0.016629464,1.598977273,0.139849826,0.160554446,0.160554446
-58.06279942,0.048759738,9210154520,1.01E-05,13744305132,1.23E-05,1.91067E+11,1.24E-05,4.63E-05,0.397233864,0.109958143,0.017109811,1.293017876,0.166376252,0.195853435,0.195853435
-38.23236194,0.030321973,8064283870,1.14E-05,58386135293,5.69E-06,2.06107E+11,1.15E-05,1.47E-06,1.813611801,0.166573975,0.020071635,0.71192585,0.187247733,0.267918546,0.267918546
-32.36116694,0.039971264,19977654288,8.09E-06,30003343554,7.49E-06,1.99714E+11,1.07E-05,6.16E-06,4.55381802,0.189147912,0.022387987,1.496550577,0.207611419,0.242374246,0.242374246
-71.3442154,0.019424129,3567003116,1.33E-05,7778278974,1.05E-05,2.04988E+11,1.34E-05,1.96E-05,0.158184186,0.134039648,0.014792467,0.608528622,0.180805904,0.251728408,0.251728408
-76.75035151,0.04499076,6335931062,1.49E-05,6759271346,1.09E-05,1.95453E+11,1.02E-05,4.39E-06,1.03365318,0.17660279,0.013492492,1.72539237,0.141173454,0.373097797,0.373097797
-26.92747919,0.025849789,12294329328,7.69E-06,19100012042,4.85E-06,2.00492E+11,1.38E-05,1.38E-05,0.698753578,0.146499103,0.02373339,0.5293949,0.242564809,0.157598474,0.242564809
-43.66597682,0.055185292,4841012527,1.29E-05,37552938737,6.64E-06,1.94078E+11,1.29E-05,5.87E-05,0.24815455,0.122393352,0.021212928,1.009494682,0.196917672,0.252436027,0.252436027
-52.65656453,0.035341192,15958134862,9.66E-06,12053132188,9.07E-06,2.09351E+11,1.11E-05,1.85E-06,2.910908195,0.154004607,0.016011963,0.914753113,0.17708133,0.226465547,0.226465547
-51.42015949,0.057087597,8201238587,1.39E-05,25706625063,4.72E-06,2.02015E+11,1.28E-05,1.68E-06,0.198561921,0.151873285,0.012291527,1.623842474,0.221341813,0.325128349,0.325128349
-44.75867268,0.036144954,9361410538,8.56E-06,9100045295,1.13E-05,1.97054E+11,1.12E-05,5.29E-05,2.22496618,0.121814618,0.024990654,0.676029247,0.163879385,0.168253111,0.168253111
-23.94430475,0.043377445,3749647705,1.19E-05,16043037161,9.50E-06,2.08141E+11,1.01E-05,2.25E-05,0.892810594,0.147464751,0.020820495,1.387695062,0.139364592,0.280561974,0.280561974
-79.87557573,0.024544172,20990419426,1.06E-05,49908260507,6.52E-06,1.93415E+11,1.40E-05,7.07E-06,0.494775525,0.179128642,0.016462281,0.782483352,0.266294747,0.274652745,0.274652745
-70.22496881,0.038553042,11695469143,9.18E-06,43790870268,6.13E-06,2.06381E+11,1.06E-05,1.64E-05,3.825121588,0.135033998,0.018309946,1.104152623,0.154990497,0.201616938,0.201616938
-33.57102213,0.018313433,6030238379,1.24E-05,10311667141,1.21E-05,1.91421E+11,1.35E-05,5.23E-06,0.115793015,0.191693312,0.018813541,0.981198355,0.253393739,0.328061167,0.328061167
-35.1318574,0.050857136,15691669481,7.16E-06,5796175832,1.03E-05,2.02524E+11,1.23E-05,2.19E-06,0.32859059,0.164413757,0.022781176,1.90795176,0.244092039,0.202861706,0.244092039
-61.07069265,0.031320657,4762791981,1.44E-05,22323872108,7.93E-06,1.97798E+11,1.16E-05,6.95E-05,1.348106868,0.109359667,0.014342905,0.573965099,0.125466194,0.23065845,0.23065845
-62.90916929,0.047542662,17169656182,1.25E-05,7228175117,7.16E-06,2.05325E+11,1.10E-05,1.01E-05,0.594375525,0.103087945,0.012893171,0.843771234,0.129606421,0.205649359,0.205649359
-40.7938098,0.023089878,3997496045,9.78E-06,27847672220,8.60E-06,1.90599E+11,1.31E-05,3.17E-06,0.949056775,0.170685528,0.023983566,1.082148682,0.217923882,0.257108822,0.257108822
-27.92415939,0.058440308,13008918985,1.45E-05,54057830458,1.14E-05,2.04206E+11,1.21E-05,2.38E-06,2.672693134,0.197922359,0.021424918,0.515531171,0.278728798,0.366344239,0.366344239
-68.37226082,0.031878164,5146566485,7.81E-06,12740826263,4.38E-06,1.99245E+11,1.18E-05,7.50E-05,0.211084272,0.128805,0.015450827,1.790593294,0.177085434,0.160332446,0.177085434
-74.21432205,0.052212552,3411835041,8.46E-06,11172276110,8.01E-06,2.00962E+11,1.27E-05,1.14E-06,1.619390431,0.18535764,0.017302461,0.632553685,0.29913495,0.220982975,0.29913495
-22.10604493,0.027056572,24899058404,1.32E-05,34766401928,1.00E-05,1.96235E+11,1.13E-05,3.61E-05,0.349312042,0.141235704,0.019415582,1.455787498,0.12877411,0.286984365,0.286984365
-46.61205525,0.042720962,7340842475,1.04E-05,17726370569,1.28E-05,2.0982E+11,1.04E-05,2.70E-05,0.139102072,0.115542847,0.021770119,0.764536655,0.152284934,0.188499865,0.188499865
-57.06726318,0.016861841,10920597652,1.12E-05,6280756708,5.23E-06,1.94859E+11,1.36E-05,8.57E-06,4.066115085,0.158145008,0.014946931,1.191598943,0.167475482,0.263286057,0.263286057
-56.53473763,0.053731737,19729991430,1.43E-05,38607301505,4.55E-06,2.08602E+11,1.31E-05,5.17E-05,0.120465298,0.194844422,0.023565934,0.729388293,0.317718232,0.372672889,0.372672889
-47.25850673,0.028262722,3522216778,7.11E-06,10014689966,1.15E-05,1.93563E+11,1.09E-05,1.63E-06,3.672705472,0.125730878,0.013304406,1.266041811,0.142952062,0.148328063,0.148328063
-23.10057562,0.040723139,8725571597,1.23E-05,5105222261,8.77E-06,2.02492E+11,1.18E-05,6.90E-06,1.462523656,0.106062216,0.015849267,0.596996797,0.141228325,0.191133622,0.191133622
-73.10655206,0.015957254,7641248973,9.12E-06,21699906122,7.27E-06,1.97218E+11,1.22E-05,2.17E-05,0.302477657,0.173668191,0.02102008,1.530010671,0.198668605,0.243837833,0.243837833
-67.72971418,0.047126912,5023930904,1.06E-05,24971300885,5.40E-06,2.03007E+11,1.14E-05,5.26E-06,2.354108914,0.118617923,0.019832767,0.540741433,0.171204331,0.186686834,0.186686834
-28.44637141,0.020954692,16562773191,1.19E-05,8019575414,1.29E-05,1.97969E+11,1.27E-05,1.67E-05,0.188055986,0.161222373,0.016891573,1.684153479,0.184292952,0.285960507,0.285960507
-41.91278113,0.058729069,6521740844,8.64E-06,15570510770,1.02E-05,2.06836E+11,1.35E-05,6.99E-05,0.529591276,0.182374022,0.014548839,0.894633499,0.304957781,0.229784239,0.304957781
-61.91167699,0.034666218,12653661927,1.39E-05,44024344153,8.11E-06,1.91563E+11,1.04E-05,2.22E-06,0.836035564,0.138262004,0.02217451,1.028946914,0.126012198,0.289681212,0.289681212
-60.07342253,0.039274294,5475324147,1.10E-05,12669880580,6.34E-06,2.04061E+11,1.12E-05,3.65E-06,0.363366174,0.144484183,0.02458929,1.963682744,0.167124534,0.270407588,0.270407588
-36.25152208,0.020138907,13848846898,1.03E-05,35812057177,9.40E-06,1.98788E+11,1.28E-05,1.15E-05,1.554666654,0.17615189,0.012686494,0.553162379,0.215185976,0.245943894,0.245943894
-34.09348404,0.049470398,4288776964,1.30E-05,20132226350,1.11E-05,2.05158E+11,1.39E-05,8.63E-05,4.411774296,0.154945308,0.016869844,1.148729464,0.230085745,0.315657628,0.315657628
-69.58308781,0.029631871,18427852568,8.27E-06,6459625069,4.62E-06,1.90119E+11,1.00E-05,2.72E-06,0.128062015,0.124895034,0.020406534,0.955975089,0.152264244,0.156666576,0.156666576
-78.76851341,0.054470518,10352908847,7.99E-06,7437902682,7.75E-06,2.09658E+11,1.34E-05,3.19E-05,1.004269965,0.16739108,0.019215252,1.349227424,0.280976381,0.223192651,0.280976381
-24.93904332,0.036038155,6954725970,1.47E-05,31605336652,1.02E-05,1.94384E+11,1.05E-05,1.01E-06,0.562990116,0.11233928,0.017914532,0.811354154,0.109877773,0.241325322,0.241325322
-45.40580411,0.045680858,23022468157,9.98E-06,55712736583,1.20E-05,2.00811E+11,1.17E-05,7.58E-06,0.22591233,0.131953011,0.013934896,1.561889984,0.178044704,0.216627102,0.216627102
-50.88786952,0.025139136,3153461115,1.27E-05,14438692512,6.02E-06,1.95772E+11,1.23E-05,2.41E-05,2.502415802,0.188622244,0.023195484,0.693391276,0.207972128,0.341131686,0.341131686
-53.41614131,0.044086774,13617587256,8.76E-06,23465946343,1.06E-05,1.93094E+11,1.16E-05,1.29E-05,0.170211351,0.192316637,0.019657574,1.058138423,0.269544394,0.251444254,0.269544394
-42.79247411,0.023852739,5386860230,1.36E-05,5527424735,7.59E-06,2.0782E+11,1.24E-05,4.09E-06,2.035270108,0.137218291,0.017517475,0.860963773,0.138921161,0.276845035,0.276845035
-25.69124883,0.056392043,17530245529,1.08E-05,10868838093,5.87E-06,1.9675E+11,1.33E-05,3.06E-06,0.72279812,0.106685562,0.015187337,1.828150919,0.16373046,0.204829691,0.204829691
-78.09982115,0.036861149,4081849898,1.15E-05,41849191914,1.24E-05,2.01711E+11,1.07E-05,9.73E-05,0.479341931,0.163303683,0.02198672,0.503711721,0.20079447,0.269359868,0.269359868
-72.22846081,0.051548564,7310842194,1.22E-05,47724713658,9.24E-06,1.98749E+11,1.38E-05,1.18E-06,3.08192717,0.119215281,0.024147799,1.426775364,0.193160205,0.268456113,0.268456113
-31.59725616,0.030611334,10877738147,9.49E-06,16899788792,6.75E-06,2.03476E+11,1.01E-05,3.73E-05,0.11250131,0.150834928,0.013084382,0.646986506,0.172021643,0.186601864,0.186601864
-36.88634027,0.037836851,3207012896,1.42E-05,8683451090,5.02E-06,1.92345E+11,1.11E-05,2.80E-05,0.282478683,0.179872511,0.015616647,1.21950298,0.183130841,0.352643386,0.352643386
-59.28734206,0.01900898,23400582364,7.48E-06,27005622293,1.10E-05,2.07306E+11,1.30E-05,8.82E-06,1.227276475,0.149772639,0.021614542,0.748733923,0.214114515,0.177589034,0.214114515
-64.89027379,0.057752958,3827413106,9.61E-06,5958787085,1.25E-05,1.99568E+11,1.36E-05,1.40E-06,0.650715937,0.143543599,0.018646109,0.660051288,0.258342905,0.207691753,0.258342905
-38.78297927,0.032591565,21427762370,1.28E-05,18548826469,5.52E-06,2.04529E+11,1.03E-05,4.44E-05,1.108735104,0.186101503,0.018121884,1.659105175,0.135528914,0.339426002,0.339426002
-29.68552303,0.048260182,8582758203,7.61E-06,33074351216,8.24E-06,1.909E+11,1.15E-05,1.86E-05,2.762740143,0.157106644,0.014180234,0.797916894,0.213880219,0.173794686,0.213880219
-66.6397649,0.02239566,9795940268,1.48E-05,11715490949,9.74E-06,2.05627E+11,1.26E-05,5.91E-06,0.261112322,0.112943515,0.022588354,1.357773103,0.121666478,0.276962281,0.276962281
-76.20247897,0.042007557,14745866790,1.34E-05,13352071289,1.16E-05,1.93915E+11,1.20E-05,1.48E-05,1.665950802,0.169575448,0.024751811,0.960301977,0.211050588,0.363010219,0.363010219
-20.08810475,0.017549198,4474990038,8.15E-06,51457580166,4.12E-06,2.08876E+11,1.21E-05,4.66E-06,0.433334096,0.100413845,0.012073314,1.130732962,0.118581741,0.120314594,0.120314594
-48.38049991,0.052906774,11644681807,1.14E-05,29121776314,6.83E-06,1.95304E+11,1.32E-05,1.98E-06,0.152722117,0.130989299,0.016218677,0.586636333,0.224761578,0.205354612,0.224761578
-55.32762902,0.026339045,6005005245,1.01E-05,6861733640,8.90E-06,2.0003E+11,1.08E-05,6.23E-05,4.727536973,0.198545677,0.020607043,1.871282543,0.161538633,0.319780492,0.319780492
-54.86663172,0.05925171,12151638648,1.28E-05,9682960055,1.08E-05,2.0273E+11,1.07E-05,2.10E-05,0.134035218,0.133572047,0.0153506,0.792522367,0.1784536,0.250166733,0.250166733
-48.93024614,0.034090232,6266385362,9.55E-06,38037037158,4.96E-06,1.97613E+11,1.33E-05,6.63E-06,4.213217132,0.190188636,0.021525923,1.378139353,0.25753588,0.277760537,0.277760537
-20.49130224,0.046947636,16171701029,1.48E-05,21160825028,6.54E-06,2.06489E+11,1.25E-05,1.58E-06,1.484710831,0.165905883,0.023880559,0.648534131,0.224083541,0.336818289,0.336818289
-75.71213473,0.021083028,4907733628,7.54E-06,5085245733,9.19E-06,1.91293E+11,1.16E-05,4.98E-05,0.380311124,0.110809069,0.012995368,1.665832677,0.135139127,0.138319246,0.138319246
-66.06163509,0.040519272,7959480454,8.20E-06,8219239884,1.22E-05,2.08327E+11,1.30E-05,2.29E-06,2.46394289,0.153353181,0.014845218,0.590624357,0.246177993,0.184126158,0.246177993
-30.11814121,0.016061,9084194162,1.35E-05,25085677979,5.81E-06,1.9321E+11,1.11E-05,7.29E-05,0.229326812,0.123251789,0.021872616,1.843654197,0.087842075,0.241194513,0.241194513
-39.30353815,0.054229445,3608606407,1.02E-05,45503452660,7.38E-06,2.02142E+11,1.02E-05,1.72E-05,0.571504602,0.146039349,0.019314266,0.977369299,0.17203136,0.229356428,0.229356428
-64.51728648,0.027661803,20203590670,1.15E-05,15813014053,1.06E-05,1.96947E+11,1.38E-05,5.45E-06,0.988820815,0.177660516,0.017402974,1.126156806,0.237842412,0.313814569,0.313814569
-58.87040451,0.045575702,3079800866,1.36E-05,35283164700,8.96E-06,2.09927E+11,1.26E-05,2.64E-06,0.316601825,0.183932285,0.016357701,1.79623275,0.234735563,0.392012567,0.392012567
-37.45084938,0.025341581,22472537246,8.84E-06,12250170223,7.02E-06,1.94732E+11,1.14E-05,8.30E-05,1.396631504,0.139767625,0.020924291,0.505759565,0.176147932,0.174956989,0.176147932
-31.95662277,0.055067269,6680533764,1.16E-05,6434333569,4.18E-06,2.01166E+11,1.03E-05,1.11E-05,3.507203563,0.11702279,0.024892026,1.050995726,0.137283073,0.227683402,0.227683402
-71.72358258,0.035536289,9939827353,1.08E-05,19632136950,1.18E-05,1.9605E+11,1.37E-05,3.49E-06,0.126091587,0.159582226,0.012390958,0.873868758,0.264298306,0.247079498,0.264298306
-77.56552221,0.050047795,18865174768,9.42E-06,31750175139,9.81E-06,2.04333E+11,1.08E-05,2.48E-05,0.823126337,0.104580024,0.01424319,1.241163933,0.134767081,0.176679909,0.176679909
-26.13840101,0.029110651,4392860658,1.21E-05,7623067101,8.43E-06,1.99137E+11,1.31E-05,7.90E-06,0.537632161,0.172134882,0.022880114,0.745711624,0.227825895,0.297401088,0.297401088
-43.26897323,0.039150126,14414403248,7.42E-06,14663533516,5.59E-06,2.05511E+11,1.21E-05,1.05E-06,0.190909501,0.19646036,0.018710252,1.436489962,0.282989077,0.21467975,0.282989077
-53.02839112,0.020322341,5701834990,1.41E-05,57584682478,1.26E-05,1.90394E+11,1.20E-05,3.34E-05,2.317780799,0.127300277,0.018414043,0.637427396,0.118968369,0.271113115,0.271113115
-50.39672241,0.03795162,24418931182,1.03E-05,5498871012,8.03E-06,1.98395E+11,1.22E-05,9.31E-05,0.257085941,0.129456108,0.014688672,1.156515365,0.180063625,0.207175629,0.207175629
-45.80820229,0.018816148,3344928498,1.11E-05,22909845782,9.96E-06,2.03199E+11,1.19E-05,2.96E-06,2.804711546,0.197063603,0.022492566,0.94184045,0.181743563,0.328792533,0.328792533
-25.48799025,0.050958679,11164920763,8.32E-06,41282557576,1.28E-05,1.92075E+11,1.09E-05,3.94E-06,1.125585281,0.171144916,0.019972202,1.998540117,0.198304488,0.247107321,0.247107321
-78.30671323,0.031120066,7499782853,1.31E-05,10496393161,5.19E-06,2.06957E+11,1.30E-05,1.25E-05,0.640678258,0.102029853,0.017208441,0.550912576,0.152375726,0.202014929,0.202014929
-69.20907231,0.05578306,3910847139,1.46E-05,17142717601,7.18E-06,1.92741E+11,1.04E-05,9.21E-06,4.948255449,0.158612194,0.015913024,1.55136372,0.151964453,0.353110227,0.353110227
-34.61301116,0.037350784,16804385920,7.92E-06,49389807097,8.56E-06,2.07546E+11,1.35E-05,2.90E-05,0.145838049,0.114501708,0.021312645,0.703806169,0.206434385,0.136209964,0.206434385
-36.68310851,0.044182103,5247342867,1.26E-05,27161169965,1.14E-05,1.96477E+11,1.27E-05,3.88E-05,0.413803528,0.141903334,0.023629294,1.325711622,0.196212816,0.295139749,0.295139749
-59.49426454,0.023640466,13271887247,9.93E-06,8888455548,4.34E-06,2.0136E+11,1.13E-05,1.22E-06,1.743720633,0.184506252,0.013595779,0.814661627,0.191391421,0.257087649,0.257087649
-61.405767,0.052418464,6161946381,7.05E-06,18109209857,6.25E-06,1.94263E+11,1.01E-05,5.69E-06,0.471976452,0.178229146,0.013668094,0.607587679,0.226020785,0.169800326,0.226020785
-42.27111956,0.026949363,11954901888,1.43E-05,5928019066,1.20E-05,2.09146E+11,1.39E-05,1.81E-05,0.733738196,0.148180391,0.023106113,1.523803965,0.172928868,0.341787538,0.341787538
-29.00985233,0.042223912,4668523513,9.04E-06,11314060384,1.05E-05,1.9558E+11,1.28E-05,4.26E-05,2.066063902,0.120723834,0.018948848,0.734339743,0.18746027,0.169143005,0.18746027
-67.31174488,0.017457941,15391946174,1.23E-05,32626450123,7.83E-06,2.00385E+11,1.12E-05,1.35E-06,0.167596858,0.15239002,0.017826351,1.247309453,0.142529832,0.275915855,0.275915855
-72.71800257,0.048451689,9549643963,1.20E-05,53252785412,4.84E-06,1.99919E+11,1.24E-05,6.47E-05,1.284490744,0.108252027,0.016526968,0.879031566,0.161045986,0.211887138,0.211887138
-23.57627187,0.022279554,8362711340,1.07E-05,13544034943,1.12E-05,2.04802E+11,1.17E-05,2.04E-06,0.269763568,0.164922791,0.02029167,1.033152316,0.180414451,0.259964295,0.259964295
-47.70485604,0.057240143,20546032130,1.40E-05,7023746474,9.62E-06,1.91175E+11,1.05E-05,4.86E-06,0.107436723,0.190786546,0.024246808,0.537102825,0.250954869,0.342565392,0.342565392
-55.99963939,0.033177378,3667986138,8.71E-06,29289443254,6.42E-06,2.05979E+11,1.34E-05,1.53E-05,3.225621158,0.135733214,0.012572822,1.709431744,0.188641798,0.191772435,0.191772435
-56.65021835,0.0462287,7051279732,9.87E-06,15408104186,7.72E-06,1.92237E+11,1.40E-05,2.92E-06,0.155822018,0.123997178,0.022692052,0.519040277,0.238869979,0.174774482,0.238869979
-47.17644276,0.02177583,10490423821,1.26E-05,47040010574,1.03E-05,2.07432E+11,1.01E-05,9.28E-05,4.625267039,0.15565955,0.014075758,1.764131777,0.074842178,0.280505212,0.280505212
-22.46530425,0.059940391,3118551809,7.85E-06,24391488430,1.19E-05,1.98544E+11,1.11E-05,1.23E-05,1.842084343,0.175059658,0.018221221,0.858755554,0.234949858,0.205711917,0.234949858
-73.70932221,0.033378161,22757433039,1.46E-05,8473623315,6.07E-06,2.03661E+11,1.28E-05,3.92E-06,0.3912983,0.145002511,0.018547581,1.077778406,0.181092766,0.325959992,0.325959992
-67.83808347,0.053536639,14003229363,1.32E-05,5239500621,6.31E-06,1.96623E+11,1.17E-05,2.99E-05,3.048228349,0.187516062,0.020706078,0.759374341,0.248017358,0.353191483,0.353191483
-28.37141886,0.028380745,5540068298,8.38E-06,20587919137,9.45E-06,2.01819E+11,1.23E-05,9.41E-06,0.237077938,0.132460441,0.016118858,1.209455815,0.181291988,0.169613301,0.181291988
-41.27043052,0.041231347,18178800907,1.12E-05,39297988311,1.11E-05,1.92908E+11,1.34E-05,1.26E-06,0.6675703,0.111430862,0.012177506,0.621507713,0.178198899,0.181455424,0.181455424
-62.52152639,0.015372312,4232345755,1.04E-05,9440830755,4.67E-06,2.08025E+11,1.06E-05,3.96E-05,1.082405015,0.168091707,0.024648422,1.461703106,0.117641225,0.270146045,0.270146045
-60.60981695,0.055764239,16370907240,8.53E-06,59223578747,5.29E-06,1.95098E+11,1.18E-05,2.02E-05,0.288263617,0.1743207,0.022087631,1.41235371,0.254706984,0.235521014,0.254706984
-35.68171091,0.034821511,4968675350,1.38E-05,14223328890,1.30E-05,2.00216E+11,1.22E-05,6.42E-06,1.200800115,0.105201822,0.01508721,0.779315045,0.127968131,0.225935,0.225935
-33.97434121,0.044865042,12822666422,1.05E-05,7823396254,1.01E-05,1.93808E+11,1.31E-05,1.51E-06,3.407146605,0.126188677,0.017619575,1.6348783,0.175742332,0.228597806,0.228597806
-69.73473186,0.026031683,6611800878,1.18E-05,30713066776,8.20E-06,2.09003E+11,1.10E-05,4.81E-05,0.10158226,0.19378778,0.019554671,0.666045889,0.231590857,0.309339101,0.309339101
-79.29733863,0.0398649,3476407142,1.25E-05,19002196025,4.44E-06,1.90715E+11,1.36E-05,1.79E-06,0.797343359,0.138730793,0.021717134,1.874653948,0.194943809,0.295764707,0.295764707
-24.37680135,0.019625378,19460354458,9.22E-06,6599353212,1.16E-05,2.05832E+11,1.05E-05,5.63E-05,0.435195694,0.181331422,0.015514833,0.576291323,0.175953727,0.231110052,0.231110052
-45.27912427,0.049357697,7730417909,1.44E-05,11889512088,8.67E-06,1.99441E+11,1.13E-05,1.34E-05,0.17465119,0.161888589,0.013184992,1.096685539,0.198613793,0.338117563,0.338117563
-51.04705058,0.029821304,8824200259,7.25E-06,36264989138,7.36E-06,2.04636E+11,1.27E-05,4.24E-06,1.987056807,0.117768185,0.024046379,0.995912783,0.178686261,0.144107435,0.178686261
-52.15076182,0.05024935,4572628165,1.13E-05,9141338701,1.17E-05,2.06651E+11,1.14E-05,7.34E-06,0.221038346,0.114049282,0.020506659,1.486475481,0.15666427,0.227636382,0.227636382
-44.02443685,0.031811499,15073298474,1.00E-05,26345528463,4.01E-06,1.91768E+11,1.25E-05,2.31E-05,2.553666766,0.1565988,0.016768935,0.617661098,0.214132031,0.21610115,0.21610115
-27.49106741,0.038647174,5886304367,1.33E-05,50687235746,6.92E-06,2.02881E+11,1.37E-05,5.51E-05,0.90679635,0.187009459,0.012789398,1.270465804,0.243173064,0.357266243,0.357266243
-76.3325038,0.018099953,11421959777,8.00E-06,16582592247,8.79E-06,1.98076E+11,1.04E-05,1.74E-06,0.622400952,0.14284251,0.024487188,0.714833199,0.151927896,0.181768105,0.181768105
-70.95554432,0.043490674,21858841482,7.73E-06,10159693923,1.25E-05,2.02287E+11,1.32E-05,6.70E-05,4.005447527,0.199443214,0.023297299,1.016344279,0.316201156,0.25248456,0.316201156
-32.83675591,0.024349789,3902730592,1.50E-05,42341741118,5.41E-06,1.97404E+11,1.08E-05,2.13E-06,0.14127006,0.130274739,0.013832302,0.901216632,0.119797359,0.248825438,0.248825438
-38.67858965,0.056499251,9588492015,9.74E-06,22235569548,8.33E-06,2.08494E+11,1.19E-05,5.01E-06,0.354758253,0.10150571,0.01801595,1.755997818,0.149045215,0.184130254,0.184130254
-57.5275939,0.036655236,8395890476,1.29E-05,5651942505,9.63E-06,1.9369E+11,1.21E-05,1.59E-05,1.595219706,0.169056754,0.019114643,0.527245589,0.220746211,0.300610707,0.300610707
-63.17468373,0.042911262,10668220205,1.41E-05,28539720819,9.29E-06,2.00684E+11,1.33E-05,7.84E-05,0.518134956,0.162834623,0.021124558,0.917409435,0.238657685,0.347608982,0.347608982
-40.53198608,0.01674454,7167316487,7.37E-06,7260991718,6.72E-06,1.95879E+11,1.07E-05,2.47E-06,0.853004698,0.107727891,0.015745567,1.177231816,0.109698147,0.125193326,0.125193326
-30.99850994,0.051700944,23923488808,1.21E-05,13169353494,5.07E-06,2.09472E+11,1.15E-05,3.30E-06,2.12575439,0.136551851,0.013402932,0.560451882,0.183670742,0.220617811,0.220617811
-65.29427677,0.027643582,3276535550,9.34E-06,54901442671,1.09E-05,1.9459E+11,1.24E-05,1.04E-05,0.207937632,0.193166152,0.023466599,1.94817141,0.256239696,0.289272573,0.289272573
-74.47980966,0.057953548,5270042282,1.09E-05,33615831166,1.07E-05,2.0505E+11,1.10E-05,8.21E-06,1.327907125,0.149119573,0.022274328,0.691390682,0.207346051,0.248404321,0.248404321
-21.84419081,0.032490021,13328019655,1.17E-05,11007645333,7.56E-06,1.90246E+11,1.29E-05,2.61E-05,0.333733464,0.180732347,0.014449805,1.592468697,0.221123076,0.307225721,0.307225721
-49.68637539,0.047757467,4161803254,8.90E-06,6124479477,5.91E-06,2.03856E+11,1.39E-05,3.47E-05,0.117604666,0.15037662,0.016994964,0.835756186,0.272643938,0.188043008,0.272643938
-53.98925232,0.022997081,17884500554,1.37E-05,17656211684,1.23E-05,1.98973E+11,1.02E-05,1.10E-06,3.767827765,0.120271413,0.019728574,1.303310649,0.069869378,0.245705623,0.245705623
-54.0713344,0.058037127,4913205531,1.42E-05,31085007088,8.79E-06,1.95642E+11,1.35E-05,6.40E-06,0.387186995,0.166262937,0.019569985,1.184376347,0.260104774,0.365201855,0.365201855
-49.75358149,0.032568038,16198622097,7.40E-06,7470166996,6.93E-06,2.00915E+11,1.04E-05,2.03E-05,1.864981168,0.110427597,0.017661973,0.922197737,0.130887966,0.133128207,0.133128207
-21.76325314,0.047841213,6221836431,1.22E-05,14398350556,4.01E-06,1.94514E+11,1.14E-05,4.78E-05,4.647678726,0.133172265,0.015103517,1.938392303,0.137508185,0.265596125,0.265596125
-74.41329021,0.023075231,12071070280,9.38E-06,56560244169,1.17E-05,2.09554E+11,1.27E-05,1.52E-06,0.155385664,0.190612829,0.022127845,0.557354866,0.284715241,0.25442132,0.284715241
-65.25888659,0.042821694,20278554559,1.08E-05,36005343947,9.64E-06,1.90025E+11,1.18E-05,5.66E-05,1.052901755,0.145615152,0.024031643,1.584072316,0.182558575,0.274421554,0.274421554
-30.94869886,0.016649548,3620227596,1.16E-05,12512303728,8.34E-06,2.05299E+11,1.22E-05,1.78E-06,0.685048332,0.178060294,0.013143183,0.6873953,0.17220092,0.282281203,0.282281203
-40.56806291,0.05161151,9042978658,8.87E-06,6550874400,5.42E-06,1.98881E+11,1.31E-05,4.25E-06,0.241404868,0.15373465,0.015497912,1.310665434,0.245336352,0.207554,0.245336352
-63.22563922,0.027548756,7919003218,1.36E-05,19993713657,1.26E-05,2.0392E+11,1.09E-05,1.34E-05,2.987522627,0.122894732,0.021676318,0.839762736,0.113082679,0.267726104,0.267726104
-57.56367072,0.043582614,9917795327,1.14E-05,8053065398,1.09E-05,1.91706E+11,1.17E-05,9.24E-05,0.101297349,0.116623009,0.018562091,0.614559853,0.178830017,0.193216363,0.193216363
-38.72954514,0.024447131,6662067719,1.02E-05,24571135165,5.06E-06,2.06745E+11,1.23E-05,2.93E-06,3.42367117,0.160006419,0.018262811,1.478263279,0.167821549,0.249058818,0.249058818
-32.80136572,0.056591035,22608454117,1.35E-05,44700400504,6.72E-06,1.97825E+11,1.34E-05,3.90E-06,1.215731226,0.184289339,0.014092844,0.719172419,0.283045694,0.330906798,0.330906798
-70.90573324,0.036752433,3096934031,8.22E-06,15519795623,9.28E-06,2.03098E+11,1.05E-05,1.24E-05,0.285233608,0.139386153,0.022733049,1.277095151,0.173399407,0.192496999,0.192496999
-76.25156613,0.050162713,5698032656,7.50E-06,9885730398,1.23E-05,1.9732E+11,1.39E-05,9.46E-06,1.947479353,0.196841828,0.024632878,0.906303536,0.348440968,0.239218862,0.348440968
-27.42454795,0.031730447,14411826745,1.48E-05,38821928969,5.90E-06,2.02359E+11,1.00E-05,2.98E-05,0.177839215,0.12694322,0.012134892,1.021215203,0.110068908,0.241227297,0.241227297
-44.10651892,0.038560392,4426302119,9.53E-06,21560620492,7.56E-06,1.93461E+11,1.12E-05,3.98E-05,0.446590955,0.104155827,0.01610272,0.524464964,0.144570847,0.144167908,0.144570847
-52.21796792,0.018018746,19019266230,1.28E-05,5176603249,1.07E-05,2.08735E+11,1.28E-05,1.25E-06,0.775608096,0.17253466,0.020666042,1.745852632,0.149422409,0.344080522,0.344080522
-50.97778633,0.039957411,7483178197,8.75E-06,52176783392,6.06E-06,2.00133E+11,1.11E-05,2.48E-06,0.611242748,0.171575213,0.023380375,0.774943914,0.222863801,0.219918839,0.222863801
-45.19543823,0.019723301,11134042283,1.39E-05,13266329761,1.19E-05,1.95173E+11,1.30E-05,7.80E-05,0.925225733,0.101623968,0.013343792,1.405618905,0.09135173,0.227447493,0.227447493
-24.44492118,0.049450363,3365167573,1.07E-05,6899835247,1.03E-05,2.08773E+11,1.38E-05,1.04E-05,2.625232767,0.12908074,0.015660336,0.669578095,0.214157453,0.200990446,0.214157453
-79.38033802,0.029919372,24554738301,1.20E-05,28746656934,7.72E-06,1.94046E+11,1.01E-05,3.28E-06,0.215398052,0.197414553,0.021063235,1.644385274,0.180991476,0.362127055,0.362127055
-69.78293898,0.055678099,13263070260,1.23E-05,18488291448,4.65E-06,2.05767E+11,1.33E-05,2.60E-05,1.587521342,0.141552381,0.019815424,0.579200173,0.24151964,0.248254568,0.248254568
-34.00767324,0.034740944,5246396974,9.01E-06,6050268083,1.11E-05,1.90806E+11,1.07E-05,8.25E-06,0.355755833,0.184881617,0.017054742,1.885075546,0.194762846,0.263143724,0.263143724
-35.63281715,0.044779046,16932355199,1.43E-05,11527689301,9.43E-06,2.0439E+11,1.16E-05,1.10E-06,0.142770663,0.159018076,0.014534471,0.989907825,0.202025147,0.320778287,0.320778287
-60.5753405,0.025951272,3942785107,7.02E-06,33212374761,6.31E-06,1.99663E+11,1.24E-05,3.49E-05,3.956256688,0.114071409,0.0223351,1.090994227,0.164977893,0.136058526,0.164977893
-62.47263262,0.053621031,15409084136,9.91E-06,16783467274,8.22E-06,2.07214E+11,1.32E-05,2.32E-05,0.202632618,0.120348466,0.02440016,1.773489748,0.206692652,0.216478409,0.216478409
-41.23595407,0.028459542,4676307034,1.27E-05,48398623412,1.01E-05,1.92487E+11,1.08E-05,7.30E-06,2.185317467,0.15274097,0.012729451,0.522057855,0.150907603,0.260705085,0.260705085
-28.41962598,0.041315572,11869894207,7.88E-06,26669641444,1.30E-05,2.03568E+11,1.20E-05,1.74E-06,0.870336605,0.178659443,0.016684484,1.071731795,0.240659445,0.219240588,0.240659445
-67.8714155,0.015450975,6121106625,1.47E-05,8730261633,5.30E-06,1.98607E+11,1.21E-05,5.49E-05,0.508848506,0.147774506,0.020446119,0.85466171,0.114479565,0.309015131,0.309015131
-73.77744205,0.046139998,3681590339,1.31E-05,5611485604,7.37E-06,2.01577E+11,1.15E-05,2.12E-06,3.721566521,0.191192428,0.019200686,1.202161687,0.215390243,0.386886913,0.386886913
-22.54830364,0.021681736,20612250854,8.35E-06,23400231318,8.67E-06,1.96851E+11,1.26E-05,6.73E-05,0.118853533,0.135302914,0.018074924,0.755434523,0.197825309,0.157231734,0.197825309
-47.10717851,0.059851555,8324756620,1.11E-05,42030604959,1.16E-05,2.07954E+11,1.36E-05,1.58E-05,0.334670898,0.107901074,0.013917751,1.469083045,0.182683236,0.21250397,0.21250397
-56.56653231,0.033283902,9501104106,1.04E-05,10689844453,4.45E-06,1.92993E+11,1.03E-05,5.03E-06,1.321502751,0.165298156,0.023358851,0.62496198,0.179629922,0.243794742,0.243794742
-56.03754727,0.04853264,22701251692,7.21E-06,19393489335,5.19E-06,2.0925E+11,1.08E-05,8.34E-05,0.3763599,0.175483851,0.012324565,1.516020264,0.223118134,0.194648442,0.223118134
-47.75764259,0.022365907,3109133117,1.45E-05,6737314408,1.28E-05,1.94211E+11,1.32E-05,2.63E-06,1.503346176,0.144602729,0.024798747,0.603973609,0.16977578,0.315199346,0.315199346
-23.53905063,0.057320938,10551204081,9.20E-06,12103590119,9.97E-06,2.00594E+11,1.20E-05,3.51E-06,4.233130009,0.123615707,0.020857302,1.254134203,0.177326239,0.196669318,0.196669318
-72.66636044,0.033263586,7088685931,1.25E-05,36951529588,8.04E-06,1.95321E+11,1.19E-05,1.10E-05,0.133643818,0.156016604,0.016267002,0.737981997,0.212452512,0.273485202,0.273485202
-67.23263826,0.052320838,4228454468,1.18E-05,58010846896,4.34E-06,2.04844E+11,1.25E-05,7.86E-06,0.961754624,0.111073804,0.018479462,1.039245271,0.169662703,0.220017478,0.220017478
-28.94516394,0.026857322,18170884668,1.05E-05,13936351475,1.14E-05,1.99805E+11,1.14E-05,2.50E-05,0.586396828,0.168473175,0.018802545,0.883765671,0.182364955,0.262192619,0.262192619
-42.35137058,0.042126141,5580832326,1.38E-05,7678041568,8.56E-06,2.0625E+11,1.03E-05,3.32E-05,0.233539895,0.187915841,0.022948113,1.701131987,0.181542015,0.371717413,0.371717413
-61.47114204,0.017365744,14113983346,8.55E-06,30169840113,7.20E-06,1.90976E+11,1.37E-05,1.05E-06,2.415164273,0.132036246,0.014334886,0.534043702,0.19406395,0.162664064,0.19406395
-59.57451556,0.055877629,6620899532,1.04E-05,5351404898,7.82E-06,2.034E+11,1.29E-05,6.65E-06,0.125723006,0.125807206,0.01292978,0.946992551,0.211843659,0.196955864,0.211843659
-36.74848355,0.037439789,12847415011,1.11E-05,21008530527,1.05E-05,1.98126E+11,1.10E-05,2.09E-05,3.523790401,0.194144834,0.023788088,1.162253106,0.200724921,0.334009396,0.334009396
-34.53390455,0.044276837,4934639087,8.42E-06,40023446166,1.20E-05,2.07069E+11,1.02E-05,5.00E-05,1.414165567,0.174744893,0.021458155,0.548099199,0.211427746,0.206048951,0.211427746
-69.14438391,0.023729606,16266672344,1.31E-05,9612162263,6.23E-06,1.92029E+11,1.38E-05,1.57E-06,0.313311547,0.10480204,0.015259119,1.986649719,0.131965781,0.226546692,0.226546692
-78.269492,0.037873041,8859252359,1.46E-05,15099618825,6.41E-06,2.07803E+11,1.07E-05,7.25E-05,2.271884558,0.162288368,0.0174692,0.700389924,0.166156982,0.3323229,0.3323229
-25.43634811,0.018732145,7757367572,7.83E-06,46056347689,9.61E-06,1.9253E+11,1.34E-05,2.31E-06,0.194417746,0.11734399,0.019407363,1.542525733,0.174551951,0.143994057,0.174551951
-45.84611017,0.050880234,19377115457,1.26E-05,23956723559,1.12E-05,2.01416E+11,1.24E-05,5.43E-06,0.551644458,0.138373736,0.021939833,0.819464962,0.203670004,0.270237252,0.270237252
-50.44950895,0.03103623,3459644475,9.83E-06,8320031928,4.83E-06,1.96377E+11,1.15E-05,1.72E-05,0.80059167,0.18171289,0.014936135,1.332853125,0.19913297,0.263656637,0.263656637
-52.97400419,0.05014317,11437706712,1.36E-05,34334218983,9.17E-06,1.94992E+11,1.23E-05,1.80E-05,0.629118047,0.18736041,0.017861496,0.508225846,0.270086286,0.330792318,0.330792318
-43.22900362,0.029200431,5897656377,8.92E-06,11232618146,6.54E-06,2.09719E+11,1.16E-05,5.72E-06,1.148322732,0.142467143,0.018957108,1.806517354,0.158421647,0.206156786,0.206156786
-26.1921013,0.039245335,14970081680,1.16E-05,6237580666,4.95E-06,1.96101E+11,1.06E-05,1.35E-06,2.883653764,0.113643397,0.023140662,0.868743018,0.126172546,0.210328524,0.210328524
-77.60434741,0.020411987,4543506979,1.09E-05,17976837680,1.08E-05,2.01063E+11,1.35E-05,4.28E-05,0.250556026,0.157029096,0.013678933,1.045362965,0.211922167,0.256664237,0.256664237
-71.78620925,0.045497983,8429262519,9.32E-06,27968112205,1.06E-05,1.99337E+11,1.01E-05,2.04E-06,1.735511701,0.101075411,0.012536653,0.741651711,0.122560746,0.152787462,0.152787462
-32.034129,0.025258471,9621904676,1.21E-05,7109067249,7.38E-06,2.04063E+11,1.40E-05,6.44E-05,0.415016951,0.169462636,0.024237514,1.235035102,0.224974658,0.308240102,0.308240102
-37.38707829,0.054989417,3886047019,7.33E-06,12934471410,5.80E-06,1.90507E+11,1.28E-05,1.54E-05,0.147369675,0.199818579,0.020258082,0.640698393,0.332716624,0.189974569,0.332716624
-58.79221164,0.035453014,21753408730,1.41E-05,53905957598,1.22E-05,2.05468E+11,1.12E-05,4.84E-06,4.886899372,0.129923785,0.016517077,1.445081724,0.113857978,0.29506091,0.29506091
-64.45351539,0.040600799,3268441800,1.30E-05,10368834814,1.18E-05,1.97658E+11,1.04E-05,2.94E-06,0.163340356,0.136145965,0.01724439,1.370057588,0.152102955,0.283314788,0.283314788
-39.22534527,0.016147939,23851295048,9.71E-06,43226419653,4.19E-06,2.02619E+11,1.36E-05,9.36E-05,2.124210421,0.193596447,0.019981269,0.788273839,0.237981464,0.264271046,0.264271046
-30.18076789,0.054311128,7208832129,1.50E-05,22635653133,7.04E-06,1.91561E+11,1.27E-05,1.24E-05,0.748558219,0.163185574,0.022526335,1.673953714,0.206285138,0.394438133,0.394438133
-66.13914132,0.027748887,10724840950,7.70E-06,5758896312,8.97E-06,2.06287E+11,1.13E-05,3.95E-06,0.463461449,0.107352523,0.014698729,0.652248274,0.145049701,0.127136031,0.145049701
-75.76583501,0.059154586,17868030158,8.04E-06,8954250661,1.27E-05,1.93311E+11,1.21E-05,2.91E-05,3.185639154,0.150751984,0.013560418,1.853112571,0.216986702,0.223169642,0.223169642
-20.53012744,0.033998682,4160001448,1.33E-05,25814135359,5.59E-06,2.08273E+11,1.18E-05,9.18E-06,0.108564571,0.11992046,0.023620805,0.594157714,0.167379134,0.221011855,0.221011855
-48.87585921,0.046850657,13426067356,1.01E-05,49745876059,8.45E-06,1.97157E+11,1.10E-05,1.23E-06,0.270553407,0.148689273,0.021278275,1.120027098,0.19236228,0.235236602,0.235236602
-54.82666211,0.020991633,5311737391,1.13E-05,16289496089,9.81E-06,2.01884E+11,1.31E-05,3.86E-05,1.278449361,0.18113823,0.015902353,0.972541792,0.206627666,0.302548886,0.302548886
-55.36187658,0.041923642,14694010949,9.64E-06,6633994110,1.24E-05,2.04575E+11,1.35E-05,1.15E-05,0.308623071,0.139846634,0.020346693,1.649239302,0.222262633,0.231449876,0.231449876
-48.42962256,0.017470868,5813231192,1.29E-05,18763098740,5.88E-06,1.99458E+11,1.06E-05,3.63E-06,1.436313515,0.183230802,0.016783132,0.656682574,0.12538713,0.317420307,0.317420307
-20.05454384,0.052822672,18606984113,7.65E-06,36783045194,7.60E-06,2.05894E+11,1.17E-05,2.73E-06,3.578998153,0.160657033,0.012625662,1.364513277,0.211432547,0.191754771,0.211432547
-76.15450073,0.026260517,4332148445,1.49E-05,11809563991,1.07E-05,1.90699E+11,1.23E-05,8.60E-05,0.123840957,0.115765297,0.024504758,0.802284018,0.15634264,0.271004866,0.271004866
-66.55699439,0.057842212,6811104346,1.33E-05,13991100147,1.10E-05,2.08978E+11,1.11E-05,1.01E-06,0.838382507,0.173202034,0.023254762,1.136826854,0.213618011,0.37055975,0.37055975
-29.61717431,0.032686221,10132553213,8.11E-06,59488706913,5.03E-06,1.93861E+11,1.28E-05,3.21E-05,0.527038001,0.10330572,0.014021056,0.965966338,0.153638077,0.129722128,0.153638077
-38.86689419,0.048349238,3037210499,1.13E-05,30622152200,6.76E-06,2.00241E+11,1.40E-05,2.40E-05,0.185746662,0.127411638,0.01797599,1.860626157,0.214267921,0.238129021,0.238129021
-64.95930916,0.022490128,22165150767,1.01E-05,7941083514,9.25E-06,1.95045E+11,1.01E-05,7.62E-06,2.379112523,0.195800383,0.019300423,0.583790128,0.178906947,0.283609599,0.283609599
-59.37125698,0.051456273,3543591689,8.98E-06,20325594415,9.74E-06,2.08081E+11,1.13E-05,1.63E-06,0.131651135,0.189523279,0.020961021,0.865236573,0.272479464,0.244688371,0.272479464
-36.95537563,0.03051362,19836885265,1.37E-05,5269350746,8.22E-06,1.92885E+11,1.27E-05,5.14E-05,4.29919107,0.133688697,0.015763334,1.063931186,0.144947678,0.279833831,0.279833831
-31.51448565,0.037744737,8078252628,1.10E-05,9378681302,5.52E-06,2.01763E+11,1.36E-05,2.18E-05,1.526798393,0.109527847,0.013242766,0.50071706,0.176606824,0.165454233,0.176606824
-72.16011209,0.018911475,9221007241,1.17E-05,39840860630,1.24E-05,1.96646E+11,1.05E-05,6.87E-06,0.370750288,0.166979861,0.023480598,1.818818152,0.121006703,0.318639856,0.318639856
-78.06626024,0.044173038,15878050673,1.20E-05,47229547971,8.89E-06,2.03675E+11,1.31E-05,1.66E-05,2.52900103,0.121987469,0.022234567,0.643302964,0.19882266,0.231250537,0.231250537
-25.64327059,0.02393344,4819353707,9.27E-06,15158973293,6.81E-06,1.9848E+11,1.10E-05,5.28E-06,0.223137551,0.154434906,0.014635781,1.419851148,0.162319224,0.207076161,0.207076161
-42.82672167,0.056478516,12334752928,1.41E-05,8605088208,4.11E-06,2.07418E+11,1.18E-05,2.21E-06,0.560274397,0.176953744,0.016952226,0.752768102,0.236527082,0.338373006,0.338373006
-53.46526396,0.036942027,6359842715,7.26E-06,24315829776,1.16E-05,1.92301E+11,1.22E-05,7.03E-05,1.007091793,0.146123739,0.01991713,1.226697865,0.207942301,0.179693165,0.207942301
-50.83714291,0.054379045,20852599622,1.12E-05,10973546002,7.26E-06,1.98988E+11,1.19E-05,4.42E-05,0.485303263,0.147107696,0.02263005,0.556331939,0.224152727,0.231244567,0.231244567
-45.36949839,0.035941291,3723232119,1.05E-05,34137587350,8.77E-06,2.03793E+11,1.21E-05,1.40E-06,0.715199064,0.179510113,0.014195059,1.973261525,0.202187506,0.295158171,0.295158171
-24.98908328,0.045589208,9377602445,1.32E-05,17370781711,1.15E-05,1.9023E+11,1.32E-05,5.88E-06,2.029564943,0.152273068,0.018162589,0.950853236,0.212078292,0.303249269,0.303249269
-78.80367471,0.025042062,8210914910,8.48E-06,6149189055,4.55E-06,2.05113E+11,1.08E-05,1.87E-05,0.171036601,0.121390426,0.018663115,1.141996509,0.151015825,0.160286281,0.160286281
-69.64937838,0.039361493,4738878442,7.77E-06,7361318149,8.10E-06,1.94642E+11,1.37E-05,4.69E-06,1.259414481,0.164837952,0.020564733,0.807348445,0.281452207,0.196906947,0.281452207
-34.17465059,0.020220512,15621488222,1.45E-05,28351991507,1.02E-05,2.09446E+11,1.04E-05,1.47E-05,0.274777831,0.108959888,0.01620325,1.34188653,0.06982139,0.215464321,0.215464321
-36.1840871,0.049557389,6050050435,9.76E-06,55214448318,1.29E-05,1.95827E+11,1.14E-05,6.26E-05,0.110260725,0.13465253,0.012033184,0.697541099,0.192270725,0.182218159,0.192270725
-59.99156933,0.029713299,11739625368,1.25E-05,13001637545,5.40E-06,2.0071E+11,1.25E-05,1.97E-06,3.138178695,0.192050369,0.024735394,1.569906604,0.196116938,0.375282943,0.375282943
-61.84424201,0.047043543,5175532751,1.44E-05,42978964352,4.63E-06,1.93666E+11,1.39E-05,4.08E-06,0.262377002,0.198322141,0.022029199,1.25926037,0.305213421,0.42230646,0.42230646
-41.83092793,0.020876896,13088447162,7.14E-06,10129661198,1.11E-05,2.08549E+11,1.02E-05,1.29E-05,2.755009181,0.128380808,0.015202941,0.72511223,0.133706389,0.141295817,0.141295817
-28.51266198,0.058645886,3986704795,1.24E-05,5677274595,9.41E-06,1.97428E+11,1.10E-05,9.68E-05,1.097083948,0.10273089,0.017557373,1.538775431,0.124456653,0.233484256,0.233484256
-67.81088073,0.03458862,17132709657,9.14E-06,21872585616,6.35E-06,2.02232E+11,1.29E-05,3.08E-06,0.658805354,0.171066999,0.019673775,0.599909721,0.264362566,0.220623247,0.264362566
-73.15659203,0.053821439,11010511314,1.06E-05,26168512036,6.03E-06,1.9801E+11,1.15E-05,3.75E-05,4.813809818,0.115161379,0.021573012,1.694230596,0.151739863,0.22953503,0.22953503
-23.13573692,0.028357837,7397205547,1.18E-05,9271952197,1.20E-05,2.02894E+11,1.24E-05,1.18E-06,0.14968095,0.158502065,0.015602003,0.543517583,0.214452743,0.245483449,0.245483449
-47.20778013,0.04081304,24896221831,8.60E-06,16374045396,1.03E-05,1.91833E+11,1.33E-05,8.86E-06,0.421521934,0.185781835,0.013043448,1.023868289,0.28809013,0.23659039,0.28809013
-56.49843192,0.016052557,3409780875,1.38E-05,50953507445,7.76E-06,2.06638E+11,1.07E-05,2.79E-05,1.709570898,0.140835925,0.024130575,0.889764789,0.081990243,0.273815076,0.273815076
-57.14568494,0.052131244,7593077261,1.27E-05,7572952495,6.52E-06,1.9038E+11,1.02E-05,1.46E-06,0.298528307,0.105711265,0.014801626,1.087792056,0.122963779,0.222702582,0.222702582
-46.67559745,0.026969841,8666383704,9.95E-06,32189070886,9.52E-06,2.05575E+11,1.38E-05,4.65E-05,1.160983307,0.174043559,0.022424216,0.848890546,0.253458867,0.261110592,0.261110592
-22.02876758,0.042639832,3529238335,1.47E-05,56851520920,1.13E-05,1.99151E+11,1.30E-05,1.95E-05,3.269511482,0.195250307,0.020081389,1.780695809,0.208542433,0.448295787,0.448295787
-74.15146649,0.01677532,19758473203,7.96E-06,14747219942,4.74E-06,2.04269E+11,1.11E-05,6.19E-06,0.106018209,0.125300582,0.017143462,0.512941232,0.164033038,0.136807178,0.164033038
-68.33320674,0.04763991,12593445368,8.31E-06,12440118029,7.93E-06,1.95994E+11,1.25E-05,1.39E-05,0.763705027,0.182804322,0.016003764,1.447373293,0.265587772,0.24359776,0.265587772
-27.87068799,0.023181562,6494282427,1.30E-05,35173414369,1.04E-05,2.01189E+11,1.16E-05,4.37E-06,0.453355192,0.137856123,0.021177648,0.629216171,0.143870517,0.258664839,0.258664839
-40.83355052,0.058537765,16621566440,1.03E-05,19711038894,1.21E-05,1.94787E+11,1.07E-05,1.86E-06,0.180533851,0.118242558,0.023722615,1.197307121,0.162104377,0.210299953,0.210299953
-62.9637851,0.031970025,5044227075,1.10E-05,6330233282,6.14E-06,2.09904E+11,1.33E-05,5.84E-05,1.917581186,0.161573326,0.013457805,0.768850355,0.226222829,0.255043147,0.255043147
-61.11043338,0.038458144,18526858043,1.39E-05,25443781789,4.37E-06,1.96972E+11,1.21E-05,1.19E-05,0.162636834,0.155351193,0.013777477,0.672291614,0.212457673,0.289920401,0.289920401
-35.18647321,0.01822412,4313898751,8.66E-06,8163890614,1.14E-05,2.02089E+11,1.20E-05,3.77E-06,4.438142703,0.124464737,0.023041334,1.615686707,0.130198569,0.183100556,0.183100556
-33.53196805,0.05076205,13807950485,1.19E-05,15895875087,8.60E-06,1.93185E+11,1.08E-05,2.82E-06,1.780890309,0.144133233,0.019061605,0.78656502,0.172896032,0.253842097,0.253842097
-70.17149741,0.031231145,5462153023,1.07E-05,44930494368,7.15E-06,2.0838E+11,1.31E-05,8.96E-05,0.405257575,0.176527258,0.017757802,1.396112611,0.240683228,0.290122301,0.290122301
-79.79829838,0.057165868,3178616491,9.09E-06,37924830279,5.22E-06,1.91355E+11,1.03E-05,1.31E-06,2.941485563,0.131577646,0.016620486,0.985899944,0.166620751,0.194871879,0.194871879
-23.8814492,0.036228627,23193336774,1.23E-05,9828721158,1.28E-05,2.06473E+11,1.37E-05,4.12E-05,0.245077021,0.188973197,0.020153895,1.110381051,0.274553204,0.34182158,0.34182158
-44.83709443,0.043455517,6952165704,7.06E-06,5002261047,1.00E-05,1.97551E+11,1.26E-05,3.10E-05,0.695465139,0.16782138,0.024337351,0.570646923,0.271216012,0.171646865,0.271216012
-51.48370169,0.024627657,10344045130,1.44E-05,21255742143,7.99E-06,2.02747E+11,1.14E-05,9.75E-06,1.036682603,0.111933398,0.012437625,1.897887429,0.074430286,0.242085527,0.242085527
-52.5909606,0.044896401,4103769671,1.02E-05,13604874515,1.26E-05,2.06044E+11,1.27E-05,3.18E-06,0.500987987,0.106261368,0.015358449,0.708529921,0.169391743,0.170328074,0.170328074
-43.58595468,0.025761004,17632956811,1.14E-05,52383981639,5.62E-06,1.91162E+11,1.13E-05,1.00E-05,0.883530694,0.163703464,0.021359609,1.285759998,0.154817767,0.28337334,0.28337334
-26.99193871,0.055091121,5370938958,8.18E-06,29730504171,8.40E-06,2.04737E+11,1.04E-05,7.54E-05,2.2184671,0.192698108,0.023891781,0.612064594,0.243560872,0.21555418,0.243560872
-76.829687,0.035252605,13584850176,1.34E-05,7003047087,9.84E-06,1.99932E+11,1.35E-05,2.37E-06,0.199500563,0.136861237,0.012825284,1.504484545,0.198843487,0.288286138,0.288286138
-71.39608642,0.048838452,23587190799,1.48E-05,5853406986,1.18E-05,2.00409E+11,1.09E-05,3.59E-05,1.383244721,0.180229568,0.01504032,0.532336027,0.216843177,0.358688949,0.358688949
-32.3981593,0.0304061,3230819668,7.59E-06,18204155655,4.22E-06,1.95526E+11,1.30E-05,1.14E-06,0.31959429,0.149391171,0.021836426,1.734099772,0.220158696,0.17643689,0.220158696
-38.17980427,0.040050176,10873706207,1.29E-05,32406948795,6.99E-06,2.09123E+11,1.22E-05,8.54E-06,0.113500349,0.118815502,0.019506393,0.910004971,0.176002528,0.22743288,0.22743288
-58.02466266,0.019508443,7304594041,9.57E-06,11475617933,9.00E-06,1.94318E+11,1.19E-05,2.71E-05,3.895405495,0.151259124,0.017369361,1.003404099,0.158167833,0.223673993,0.223673993
-63.61339478,0.05936066,9734199784,7.44E-06,48590933429,1.05E-05,2.01309E+11,1.05E-05,5.31E-05,0.21208156,0.157488116,0.01636912,1.930501532,0.206618272,0.203526503,0.206618272
-40.09155842,0.033891656,8524517506,1.42E-05,17211725412,7.49E-06,1.96503E+11,1.34E-05,1.67E-06,2.664893011,0.112586462,0.020754407,0.567247168,0.164320621,0.238019237,0.238019237
-30.50155561,0.046353446,21470511284,9.47E-06,8860833083,5.70E-06,2.07598E+11,1.24E-05,7.10E-06,0.939194686,0.143119405,0.024899677,1.166861972,0.205520161,0.217272348,0.217272348
-65.79317659,0.02158755,3832928585,1.22E-05,27582468702,1.23E-05,1.92715E+11,1.17E-05,2.24E-05,0.601837051,0.186501284,0.012224445,0.928444863,0.175708436,0.334826036,0.334826036
-74.91817739,0.041510009,5976437541,1.15E-05,23040661381,9.08E-06,2.06942E+11,1.28E-05,5.20E-06,4.140808854,0.130589521,0.014435514,1.316004392,0.176480428,0.251103219,0.251103219
-21.40387759,0.015337777,11595625015,1.08E-05,5428888563,6.65E-06,1.92137E+11,1.12E-05,1.65E-05,0.136348501,0.198969873,0.022846701,0.825125096,0.198625311,0.28987607,0.28987607
-49.18907775,0.053110781,4490881821,1.35E-05,10641532470,4.86E-06,2.03214E+11,1.01E-05,6.92E-05,0.339749915,0.169932505,0.018905157,1.607862739,0.170396438,0.340478203,0.340478203
-54.48826658,0.029047941,14805401173,8.79E-06,41011427228,1.09E-05,1.98332E+11,1.39E-05,2.20E-06,1.661591769,0.100032377,0.018377654,0.682760627,0.170255723,0.142618677,0.170255723
-54.27998165,0.044523958,6079602972,1.35E-05,11968094258,8.06E-06,2.07724E+11,1.33E-05,8.44E-06,3.370911249,0.113767343,0.0165399,0.52686654,0.182722299,0.222039907,0.222039907
-49.5154657,0.023581315,11791210685,8.19E-06,36560821030,9.92E-06,1.92607E+11,1.07E-05,2.68E-05,0.102832168,0.156319143,0.020279708,1.752657989,0.188515243,0.193979691,0.193979691
-21.07841723,0.056124761,4722896795,1.15E-05,18968894554,1.28E-05,2.01495E+11,1.15E-05,3.57E-05,0.289554815,0.186900725,0.024259146,0.900644927,0.251831925,0.313397806,0.313397806
-75.12736578,0.037291489,15560229827,1.02E-05,6577936275,5.14E-06,1.963E+11,1.24E-05,1.13E-06,1.196998642,0.142731493,0.01255947,1.014153774,0.193892665,0.222316575,0.222316575
-65.47504403,0.051105521,9282995353,9.56E-06,7873907187,7.21E-06,2.03338E+11,1.10E-05,7.76E-05,0.175101244,0.199357393,0.013655732,0.716377219,0.270733091,0.255274587,0.270733091
-30.70341621,0.030865913,8132541756,1.28E-05,30958904436,8.51E-06,1.9822E+11,1.29E-05,2.44E-06,1.977016052,0.130189687,0.023119439,1.271272323,0.152645086,0.269380009,0.269380009
-39.89059413,0.038098319,21162250694,7.54E-06,59128737615,1.14E-05,2.07131E+11,1.39E-05,3.26E-06,0.787369983,0.101200955,0.01893589,0.618838124,0.18533717,0.121521881,0.18533717
-58.28512773,0.057491211,24696885255,1.22E-05,39408064202,6.19E-06,2.04941E+11,1.14E-05,6.75E-05,1.836251232,0.162528293,0.01592556,1.300721755,0.201001202,0.31161288,0.31161288
-38.03744223,0.033038426,3384131821,9.41E-06,9458831695,1.21E-05,1.99745E+11,1.25E-05,2.14E-06,0.393051248,0.107423844,0.021299492,0.835084674,0.161217332,0.165440818,0.165440818
-32.54144894,0.048702903,11012845924,1.41E-05,5199478507,1.04E-05,2.06154E+11,1.37E-05,5.05E-06,0.157739399,0.136467506,0.023642028,1.58917095,0.220575925,0.315071226,0.315071226
-71.13652481,0.022140759,7402851671,7.43E-06,20449621016,7.83E-06,1.91036E+11,1.03E-05,1.60E-05,4.576072911,0.193079524,0.013583619,0.691010547,0.201071505,0.209130579,0.209130579
-76.98030444,0.042274473,4031263620,8.84E-06,24463512690,4.78E-06,2.09324E+11,1.32E-05,7.15E-06,0.674505353,0.149009361,0.014675912,1.949243203,0.222974184,0.218304829,0.222974184
-26.7250493,0.017118494,17314690840,1.36E-05,8491065425,1.12E-05,1.94129E+11,1.08E-05,2.25E-05,1.068864878,0.180622905,0.022504703,0.561614924,0.130267372,0.331815318,0.331815318
-43.85374039,0.052469183,5104777855,1.08E-05,15288085148,9.56E-06,2.0052E+11,1.19E-05,5.37E-05,3.032822361,0.150096255,0.019959643,1.178178502,0.200546383,0.263429034,0.263429034
-52.44127791,0.026610062,12903289919,1.16E-05,46716923191,6.43E-06,1.95403E+11,1.20E-05,1.69E-06,0.237689172,0.11999028,0.017221568,0.919235448,0.150361291,0.209946925,0.209946925
-51.68466642,0.054173728,3012896951,7.91E-06,6082421148,1.08E-05,1.93388E+11,1.18E-05,1.90E-06,2.151653049,0.124083023,0.014256539,1.464860291,0.175122588,0.174602715,0.175122588
-44.51802667,0.028007092,21998365251,1.47E-05,17518659306,4.94E-06,2.08193E+11,1.22E-05,5.99E-05,0.205701676,0.155744626,0.022867778,0.62190223,0.191405657,0.314900574,0.314900574
-24.19958131,0.040463409,6812558679,9.93E-06,33685063427,6.59E-06,1.9708E+11,1.31E-05,1.43E-05,0.516556455,0.175364484,0.018722216,1.211760532,0.249679474,0.257672297,0.257672297
-79.59643824,0.016406132,10140261897,1.26E-05,11040135294,9.16E-06,2.01963E+11,1.09E-05,4.50E-06,0.856927623,0.145308106,0.01840111,0.759920669,0.111062943,0.278916156,0.278916156
-70.49695732,0.046691424,18814979710,1.11E-05,13080903676,1.22E-05,1.97753E+11,1.36E-05,1.94E-05,0.117024347,0.18779793,0.016345764,1.077003515,0.320435064,0.30545529,0.320435064
-33.32278011,0.021227811,4378152994,1.03E-05,54482007440,5.78E-06,2.02557E+11,1.05E-05,6.15E-06,3.777988974,0.132740026,0.020937248,0.857122209,0.115886021,0.207395353,0.207395353
-35.39475858,0.058995342,14493150171,1.31E-05,28594169593,7.43E-06,1.91466E+11,1.13E-05,1.45E-06,1.34154049,0.111539572,0.024878699,1.763012583,0.136224724,0.275853349,0.275853349
-60.78404497,0.03423487,5730979358,8.31E-06,7281321000,1.06E-05,2.06349E+11,1.26E-05,4.60E-05,0.329519611,0.168202701,0.01240332,0.517921582,0.257744599,0.189514274,0.257744599
-62.69599983,0.039009115,12394973313,1.07E-05,22166735910,8.96E-06,1.99277E+11,1.40E-05,3.13E-05,0.910967575,0.174430983,0.014857379,0.996460652,0.271640547,0.27990838,0.27990838
-40.98323276,0.02057135,6387798134,1.20E-05,5642897706,7.09E-06,2.0416E+11,1.01E-05,9.86E-06,0.62050398,0.105311336,0.021859882,1.098961315,0.07880408,0.203239648,0.203239648
-27.72007011,0.049906938,15824463251,8.71E-06,10241002618,4.17E-06,1.90567E+11,1.11E-05,1.32E-06,0.218661241,0.126469065,0.019327418,0.576754734,0.182065918,0.15213818,0.182065918
-68.60009659,0.029359803,4800462151,1.40E-05,42615163444,1.19E-05,2.05371E+11,1.28E-05,4.15E-05,2.584781552,0.194068937,0.017390438,1.878385174,0.175753302,0.433105449,0.433105449
-74.0081764,0.054731256,7996734258,1.43E-05,50522676430,9.80E-06,1.9491E+11,1.17E-05,2.74E-06,0.350278744,0.139037099,0.015337471,0.664722826,0.19605171,0.28791034,0.28791034
-22.28832964,0.035590286,9133006357,7.06E-06,16553549535,8.49E-06,2.09794E+11,1.23E-05,8.70E-05,1.611598902,0.181635445,0.021538485,1.633564652,0.238708326,0.206068663,0.238708326
-46.41513282,0.045239832,3596203359,1.23E-05,9215897631,5.58E-06,1.96183E+11,1.35E-05,1.16E-05,4.016252776,0.161972862,0.023868425,0.777701173,0.24878108,0.292279606,0.292279606
-57.28804654,0.025395731,20141194963,9.03E-06,26519685237,1.27E-05,2.00988E+11,1.06E-05,3.68E-06,0.14057288,0.117854741,0.013008126,1.411577131,0.134775945,0.166599447,0.166599447
-56.29747836,0.056816237,10786621936,8.39E-06,14551801194,1.17E-05,1.97231E+11,1.00E-05,6.08E-05,3.471196606,0.129543474,0.022261099,0.815178757,0.164963306,0.18004253,0.18004253
-47.52683671,0.036582202,7249603476,1.32E-05,57196777495,4.07E-06,2.02427E+11,1.39E-05,1.92E-06,0.127690777,0.19714716,0.01446246,1.328575068,0.304192702,0.355818227,0.355818227
-22.81757932,0.043807806,23592144489,1.04E-05,31839712211,6.91E-06,1.9355E+11,1.28E-05,4.57E-06,0.318214796,0.171448224,0.016982724,0.704312522,0.256942321,0.2401488,0.256942321
-73.35847765,0.024276912,3233266080,1.12E-05,7637457436,8.85E-06,2.08667E+11,1.12E-05,1.44E-05,1.393061243,0.102336969,0.01974143,1.554319963,0.09641428,0.201438966,0.201438966
-67.48540249,0.038807599,5430958209,1.26E-05,6384335479,1.25E-05,1.91634E+11,1.23E-05,5.95E-06,0.191513116,0.158895593,0.021136821,0.549864742,0.237226236,0.280732455,0.280732455
-28.72186825,0.017870369,13729063276,9.87E-06,19496926516,5.48E-06,2.06829E+11,1.17E-05,1.89E-05,2.307408611,0.114779761,0.015732737,1.997103235,0.097349765,0.177948236,0.177948236
-41.62264658,0.050409931,4047658719,1.46E-05,35388021928,8.32E-06,1.97897E+11,1.05E-05,4.45E-05,0.813108516,0.142010512,0.013416187,0.939810483,0.150010945,0.300320391,0.300320391
-62.17062639,0.031582061,17383404751,7.85E-06,12275153034,9.69E-06,2.03014E+11,1.34E-05,1.41E-06,0.543403818,0.184618776,0.023453967,1.155781659,0.285848435,0.231666057,0.285848435
-60.25936577,0.047989459,4512790967,9.23E-06,45424567891,9.33E-06,1.90112E+11,1.22E-05,8.80E-06,1.480916338,0.17834095,0.023285259,1.712979062,0.241008232,0.279456814,0.279456814
-36.03439368,0.022828066,14870427865,1.25E-05,15761397425,6.69E-06,2.05229E+11,1.19E-05,2.77E-05,0.382248375,0.148288387,0.013845356,0.537398291,0.164208399,0.245723116,0.245723116
-34.32524299,0.058185386,5956246175,7.24E-06,8273720573,5.12E-06,1.98794E+11,1.09E-05,3.70E-05,0.135735043,0.121002704,0.018002522,1.035208661,0.175120687,0.135760168,0.175120687
-69.382514,0.032320863,11550130406,1.44E-05,25289835577,1.09E-05,2.03989E+11,1.30E-05,1.17E-06,4.169964207,0.152672699,0.019127101,0.879738415,0.185000503,0.340799356,0.340799356
-78.94694647,0.051781869,21253774553,1.38E-05,21127338834,1.07E-05,1.95706E+11,1.04E-05,9.92E-05,0.57763926,0.108559863,0.020520113,1.246307216,0.125578142,0.270150426,0.270150426
-24.72953955,0.02732351,3796335634,8.52E-06,5069413750,7.54E-06,2.00824E+11,1.36E-05,3.16E-06,0.976787627,0.165225281,0.016756501,0.732881021,0.24424876,0.199060197,0.24424876
-45.62996704,0.042992043,9878688082,1.18E-05,9745662006,5.96E-06,1.9445E+11,1.27E-05,4.20E-06,2.452919801,0.190869286,0.012801462,1.522966097,0.232748101,0.337968619,0.337968619
-50.69477729,0.016424314,8655258355,1.05E-05,38340770733,1.23E-05,2.09645E+11,1.13E-05,1.33E-05,0.230051656,0.1358213,0.024474161,0.606329438,0.150085987,0.215965134,0.215965134
-53.67354576,0.041156254,16702681945,1.50E-05,7079823623,7.66E-06,2.01644E+11,1.26E-05,2.42E-05,2.092517538,0.133288577,0.02170428,1.124014912,0.163691477,0.323777066,0.323777066
-42.50033684,0.015687239,5066368801,7.73E-06,29479139619,1.03E-05,1.96762E+11,1.15E-05,7.67E-06,0.165895974,0.189910513,0.01552707,0.976666639,0.222474854,0.210620861,0.222474854
-25.96874839,0.0534617,12550917854,1.30E-05,53086925763,1.19E-05,2.07887E+11,1.03E-05,1.02E-06,0.470713625,0.165798682,0.013172335,1.839680619,0.160866609,0.336882727,0.336882727
-77.85705442,0.028695816,6468785992,9.74E-06,13522617048,6.08E-06,1.93082E+11,1.37E-05,3.24E-05,0.737388479,0.110696521,0.024059611,0.59024968,0.189734888,0.170765711,0.189734888
-72.47826925,0.059714241,3493617397,1.00E-05,11406124515,6.25E-06,2.07298E+11,1.08E-05,2.66E-06,0.106943198,0.153265839,0.022100262,1.666890174,0.215288309,0.249485687,0.249485687
-31.31260047,0.033542021,19569788991,1.13E-05,32842748878,9.46E-06,1.92415E+11,1.31E-05,8.39E-05,3.23543294,0.123168256,0.015073956,0.64993495,0.175868678,0.201976262,0.201976262
-37.15632964,0.046002694,7705795991,8.01E-06,18050075293,1.10E-05,2.03484E+11,1.21E-05,1.12E-05,1.298434838,0.145736112,0.017632405,1.379130905,0.202635175,0.195851962,0.202635175
-59.05219994,0.021939843,8799277807,1.33E-05,5917748828,4.67E-06,1.98679E+11,1.20E-05,3.53E-06,0.266512293,0.17735347,0.019542408,0.794032616,0.187472809,0.330745409,0.330745409
-64.69884096,0.049192117,6896470206,1.17E-05,27216592274,5.32E-06,2.05698E+11,1.06E-05,2.27E-06,1.131183502,0.183624425,0.020693619,0.63691524,0.224847466,0.295683698,0.295683698
-39.00925936,0.03005673,10266188772,1.09E-05,8914859721,1.29E-05,1.90892E+11,1.33E-05,7.23E-05,0.638964712,0.139465111,0.016132286,1.433636514,0.181611829,0.244217633,0.244217633
-29.4739021,0.039699174,3179275903,1.37E-05,17024671205,1.01E-05,2.04459E+11,1.25E-05,1.70E-05,0.254477141,0.116939979,0.012164453,0.745301627,0.159901047,0.229236339,0.229236339
-66.81653857,0.019860647,23210934868,8.90E-06,49005961128,8.16E-06,1.99576E+11,1.16E-05,5.41E-06,2.84061922,0.159494068,0.024660461,1.238593676,0.168436027,0.230631817,0.230631817
-76.00390788,0.044542912,13962215997,7.36E-06,41360534076,4.47E-06,2.00042E+11,1.29E-05,2.16E-05,0.408816578,0.104468291,0.022705082,0.875682194,0.187542034,0.130913997,0.187542034
-20.32140866,0.026110549,5520146289,1.41E-05,10525980259,1.15E-05,1.95237E+11,1.11E-05,6.80E-06,1.762649004,0.172026958,0.014063692,1.05157394,0.126078333,0.328626498,0.328626498
-48.16182656,0.055441952,18273492980,9.36E-06,5461835293,8.69E-06,2.08864E+11,1.02E-05,1.62E-06,4.963304078,0.196181514,0.018233653,0.506766226,0.243080685,0.238418979,0.243080685
-55.51156955,0.03490023,4252852465,1.21E-05,22735250078,7.31E-06,1.93982E+11,1.38E-05,5.11E-05,0.145168234,0.127017622,0.018534129,1.797677223,0.202488153,0.245092983,0.245092983
-55.15305767,0.050514916,16946335152,1.10E-05,55809421762,4.75E-06,1.91281E+11,1.36E-05,1.49E-05,4.364330753,0.192427678,0.017289432,0.750351168,0.309060641,0.291421399,0.309060641
-48.66756668,0.031379444,3943882791,1.17E-05,14485994610,1.13E-05,2.06554E+11,1.03E-05,4.70E-06,0.129622347,0.137327049,0.019427647,1.220277146,0.148248313,0.246897692,0.246897692
-20.73932253,0.038211019,13164122999,8.95E-06,7388916920,9.53E-06,1.97625E+11,1.15E-05,1.99E-06,0.365037585,0.106965194,0.021757686,0.648219415,0.152693183,0.147187808,0.152693183
-75.44036794,0.018372406,5204735982,1.37E-05,31350232971,6.48E-06,2.02665E+11,1.26E-05,6.28E-05,1.549928951,0.163585598,0.014960384,1.427801916,0.125768156,0.34060021,0.34060021
-66.34100862,0.043230237,3317768555,1.40E-05,20164111429,6.16E-06,1.96875E+11,1.19E-05,1.36E-06,0.226521796,0.119520828,0.01290563,0.50334959,0.171309861,0.228327947,0.228327947
-29.86262862,0.024797961,24220656623,7.29E-06,6479806416,1.21E-05,2.02149E+11,1.21E-05,4.33E-05,2.49006511,0.151139706,0.023970136,1.824673858,0.180766897,0.189874918,0.189874918
-39.54442019,0.056940576,7563134672,1.20E-05,12588349782,1.04E-05,1.93281E+11,1.32E-05,1.81E-05,0.991588695,0.179957539,0.02143797,0.860417604,0.279145072,0.31768342,0.31768342
-64.25254351,0.03639894,11259232922,9.30E-06,35528398036,7.88E-06,2.0832E+11,1.08E-05,5.76E-06,0.568770806,0.149858437,0.015438788,1.05585784,0.175141978,0.215592318,0.215592318
-58.64985719,0.042469573,8292661982,7.67E-06,15690083586,7.10E-06,1.96056E+11,1.16E-05,1.22E-06,1.458067621,0.143630202,0.018297315,1.872312035,0.185242102,0.190066025,0.190066025
-37.64753576,0.017000472,9469652092,1.49E-05,44322861996,8.61E-06,2.01095E+11,1.25E-05,3.83E-05,0.303868749,0.186185823,0.018826794,0.587853712,0.174992716,0.375392356,0.375392356
-31.77457409,0.051960973,3698013050,9.67E-06,24901108111,1.13E-05,1.94725E+11,1.33E-05,2.88E-05,0.121932965,0.157410715,0.022768345,1.131642255,0.267977919,0.231869654,0.267977919
-71.92949219,0.027195003,20714225648,1.29E-05,8004455615,4.39E-06,2.09998E+11,1.07E-05,9.08E-06,3.63321172,0.113249869,0.014355169,0.962213363,0.097050829,0.228307949,0.228307949
-77.33746471,0.058389424,12052767248,1.14E-05,5145209240,7.95E-06,1.90459E+11,1.38E-05,1.28E-05,0.535028464,0.169856558,0.012304381,1.355076025,0.278467332,0.305254151,0.305254151
-26.34271203,0.032217289,6212389183,1.01E-05,21850368245,1.00E-05,2.05498E+11,1.02E-05,4.05E-06,0.825479696,0.100694186,0.024978416,0.797275785,0.111176397,0.169042354,0.169042354
-43.07932854,0.047491579,15263017181,1.34E-05,38492950933,1.27E-05,1.99072E+11,1.11E-05,3.03E-06,2.342493298,0.131098765,0.020833152,1.655669435,0.136219897,0.30851352,0.30851352
-53.2417823,0.023428814,4629417978,8.08E-06,9994295885,5.23E-06,2.04346E+11,1.30E-05,9.63E-05,0.188563134,0.198655912,0.016449051,0.659688384,0.296167199,0.214976887,0.296167199
-50.13043448,0.046490832,9008101060,1.24E-05,29062508833,9.89E-06,2.07023E+11,1.12E-05,3.34E-05,2.796736345,0.194538851,0.013479039,1.028207131,0.217412669,0.353343777,0.353343777
-46.04708161,0.021329354,7892808685,9.18E-06,6841402342,8.38E-06,1.92063E+11,1.29E-05,1.06E-06,0.258335132,0.125426076,0.023745824,0.892931914,0.180087188,0.179610606,0.180087188
-25.23448037,0.059498058,20368980820,1.44E-05,13444668385,5.67E-06,2.03133E+11,1.39E-05,7.94E-06,0.648655363,0.105977116,0.021200864,1.683085025,0.1689732,0.277722053,0.277722053
-78.58763171,0.033633449,3638147210,7.16E-06,51860567331,1.26E-05,1.98406E+11,1.00E-05,2.52E-05,1.113702385,0.173582322,0.016024991,0.539575965,0.206561703,0.182925163,0.206561703
-68.93518837,0.053270021,6317683095,8.58E-06,33012035669,9.05E-06,2.01368E+11,1.34E-05,3.42E-06,0.151950254,0.118506953,0.017121852,1.533315396,0.213093773,0.175513512,0.213093773
-34.85937206,0.028811749,12251114488,1.39E-05,11682546455,6.98E-06,1.96407E+11,1.06E-05,1.08E-05,4.739724063,0.161113686,0.020058581,0.597375755,0.14337638,0.30204263,0.30204263
-36.42208844,0.04166924,4866624349,1.06E-05,5999199652,4.26E-06,2.07538E+11,1.17E-05,8.10E-05,1.683257015,0.182094413,0.022401414,1.268454357,0.216149618,0.29024662,0.29024662
-59.78280764,0.015101597,16036240440,1.19E-05,18691250321,1.18E-05,1.92811E+11,1.23E-05,2.55E-06,0.427913405,0.137980113,0.01478001,0.729913048,0.139539403,0.241241459,0.241241459
-61.62081758,0.055327355,4429967950,1.32E-05,8614661884,1.23E-05,2.00315E+11,1.30E-05,5.59E-06,0.726035389,0.144203002,0.012459243,0.692013893,0.225438839,0.275743649,0.275743649
-42.08359202,0.035093234,19024531725,8.46E-06,26831874646,5.75E-06,1.95588E+11,1.09E-05,1.78E-05,0.477824515,0.175871477,0.024360151,1.560634983,0.201724555,0.233752289,0.233752289
-29.21204619,0.045132625,5655537740,1.12E-05,47873763406,7.48E-06,2.09217E+11,1.18E-05,7.43E-05,0.168401163,0.154835819,0.020176702,0.809673932,0.218433577,0.245488587,0.245488587
-67.08202798,0.025601645,14297362014,1.04E-05,16926575701,1.05E-05,1.94256E+11,1.22E-05,2.36E-06,2.060311998,0.124784775,0.016642097,1.348485554,0.140366005,0.216574793,0.216574793
-72.9259149,0.040308328,22290066746,9.80E-06,10781097875,1.09E-05,2.05968E+11,1.14E-05,4.95E-05,0.278945322,0.167304501,0.017736576,0.956500987,0.221740328,0.251323037,0.251323037
-23.39576814,0.019371184,3054793678,1.25E-05,41573626969,4.91E-06,1.91241E+11,1.27E-05,1.56E-06,1.240024987,0.112254983,0.019038388,1.151113237,0.110434283,0.216330639,0.216330639
-47.89999748,0.049096616,10023790880,7.80E-06,23542796159,6.63E-06,2.04813E+11,1.35E-05,6.61E-06,3.089870206,0.131649012,0.023018123,0.553607192,0.238148923,0.150798541,0.238148923
-55.77708935,0.030268831,6736965233,1.45E-05,5537024128,9.13E-06,1.99853E+11,1.04E-05,2.08E-05,0.111932814,0.188315961,0.013756245,1.967591169,0.17433211,0.351978705,0.351978705
-56.88558219,0.037519544,3871041549,1.19E-05,37448089015,1.06E-05,2.03611E+11,1.10E-05,1.08E-06,4.507606922,0.151566193,0.024764939,0.572873419,0.182442819,0.266176113,0.266176113
-46.90623166,0.019081693,21681353330,1.07E-05,12030179825,7.66E-06,1.98572E+11,1.31E-05,3.45E-05,0.160209422,0.121511334,0.012060753,1.906580007,0.155473203,0.191517537,0.191517537
-22.75018167,0.051231068,8466812088,1.39E-05,6811307774,5.85E-06,2.07483E+11,1.22E-05,2.58E-05,0.399209707,0.147381169,0.016230813,0.979083559,0.194635629,0.298413707,0.298413707
-73.45929205,0.030683847,9669487444,8.63E-06,19229160149,1.24E-05,1.9221E+11,1.18E-05,8.19E-06,1.808760805,0.179041252,0.020594284,1.103452137,0.222763795,0.252994116,0.252994116
-68.08061417,0.056231296,15200625364,7.10E-06,29915044645,9.23E-06,2.07994E+11,1.27E-05,1.07E-05,0.248909139,0.134921498,0.018633947,0.782980056,0.233631129,0.149628245,0.233631129
-28.09415534,0.037090411,4611253840,1.43E-05,7762291853,6.81E-06,1.92955E+11,1.13E-05,3.38E-06,2.897539334,0.191586158,0.018134619,1.390692387,0.164197059,0.383872153,0.383872153
-41.56233175,0.043925828,11329216769,9.12E-06,13852221147,5.01E-06,2.0185E+11,1.05E-05,2.54E-06,1.02119631,0.164135681,0.014167083,0.676515616,0.195468128,0.20442322,0.20442322
-62.26435797,0.024081813,5838509094,1.23E-05,58789855575,1.10E-05,1.96576E+11,1.36E-05,8.00E-05,0.706338384,0.109076245,0.022600888,1.626936831,0.136207321,0.235450059,0.235450059
-60.42564038,0.052674417,13437125170,1.47E-05,9507877704,1.25E-05,2.0905E+11,1.28E-05,1.55E-05,1.179147891,0.102805242,0.024159735,1.19064147,0.153582014,0.281738906,0.281738906
-35.9006203,0.026507695,5313183944,8.00E-06,40364525516,5.50E-06,1.93776E+11,1.12E-05,4.91E-06,0.294074282,0.170406634,0.013071426,0.763017949,0.205269019,0.185832424,0.205269019
-33.74080127,0.041775397,17734692315,1.27E-05,20730252270,8.28E-06,2.00169E+11,1.01E-05,2.06E-06,0.104436229,0.197814387,0.015629974,1.454987029,0.211015272,0.352549951,0.352549951
-69.93353898,0.017718035,4126942338,9.97E-06,5383932432,9.71E-06,1.95129E+11,1.40E-05,6.53E-05,3.320671976,0.12869322,0.021602178,0.631243742,0.186791568,0.200963995,0.200963995
-79.12078669,0.048178893,7107279974,1.03E-05,8370681824,1.17E-05,2.04664E+11,1.06E-05,1.75E-06,0.4604415,0.18526953,0.019644223,1.794309033,0.210759392,0.321959132,0.321959132
-24.58820054,0.022715366,10578858957,1.11E-05,23638717904,4.09E-06,1.99391E+11,1.35E-05,5.53E-05,0.752299443,0.141152941,0.017529812,0.515814771,0.195809609,0.209365754,0.209365754
-45.0530659,0.057671855,3303357847,8.28E-06,46449286534,6.87E-06,2.05805E+11,1.23E-05,2.35E-05,1.888939479,0.115240381,0.015175374,1.084302547,0.177034468,0.159593127,0.177034468
-51.23826168,0.032911469,24119331461,1.30E-05,14935377070,8.87E-06,1.90766E+11,1.16E-05,7.38E-06,0.183356082,0.157837195,0.021999653,0.844449729,0.196145924,0.30025835,0.30025835
-51.89159069,0.058805213,5585420471,9.49E-06,17781394616,4.50E-06,1.98102E+11,1.24E-05,4.36E-06,2.706587834,0.160394237,0.019228012,1.59999233,0.229158984,0.250613332,0.250613332
-44.31479312,0.034352342,14117862319,1.22E-05,6290831363,1.15E-05,2.02829E+11,1.15E-05,1.37E-05,0.208917336,0.116223473,0.017902396,0.680800536,0.152121345,0.210688792,0.210688792
-27.21534884,0.04720286,4196893963,7.47E-06,11083560413,8.71E-06,1.91741E+11,1.07E-05,5.83E-05,0.592856636,0.14055503,0.013947456,1.323824457,0.172810914,0.168205573,0.172810914
-76.57703722,0.02064063,18026527554,1.42E-05,34543378819,7.27E-06,2.06703E+11,1.34E-05,1.83E-06,0.953891066,0.183108363,0.023182357,0.831714362,0.199094008,0.388841817,0.388841817
-70.70385477,0.04095034,10402551907,1.36E-05,54233839996,5.34E-06,1.93736E+11,1.02E-05,4.75E-05,0.138479724,0.12812459,0.024576753,1.170226248,0.148980322,0.275289848,0.275289848
-33.11951617,0.015794446,6992215220,8.75E-06,12763194787,1.29E-05,2.08462E+11,1.38E-05,1.51E-06,4.078967355,0.195673345,0.012699648,0.933013275,0.244688787,0.255492605,0.255492605
-38.41049571,0.053958752,22943730207,1.15E-05,7169688867,1.01E-05,1.97358E+11,1.29E-05,6.33E-06,1.636773449,0.17293459,0.016857111,1.915209536,0.231025426,0.32979789,0.32979789
-57.76461713,0.028099717,3144080836,1.08E-05,27664827235,8.12E-06,2.02319E+11,1.10E-05,2.01E-05,0.345061087,0.103768403,0.020418694,0.563898561,0.13056795,0.170507103,0.170507103
-63.36801199,0.045847446,19302341478,8.15E-06,5836261765,6.37E-06,1.94557E+11,1.03E-05,4.02E-05,0.897359308,0.110046277,0.019845128,0.91665139,0.141895376,0.150636297,0.150636297
-40.30758711,0.024904718,3448179736,1.34E-05,22499127224,9.36E-06,2.09518E+11,1.37E-05,1.27E-06,0.493510517,0.166656762,0.016878248,1.010050064,0.203117596,0.32567251,0.32567251
-31.20824974,0.054637296,8898739635,1.01E-05,43700919517,1.12E-05,1.95912E+11,1.26E-05,9.52E-06,0.196523293,0.189450449,0.014561797,0.530448606,0.295737864,0.24187838,0.295737864
-65.11560768,0.035803937,7795718184,1.14E-05,10281308804,4.57E-06,2.00638E+11,1.14E-05,3.00E-05,2.253185335,0.134347532,0.022162571,1.726779876,0.141394487,0.26026762,0.26026762
-74.68016174,0.049793537,5010646515,1.28E-05,16151535326,7.78E-06,1.98921E+11,1.20E-05,3.79E-06,0.324591621,0.176885421,0.023553002,0.608039686,0.260693617,0.318287059,0.318287059
-21.61265358,0.029554014,16509195333,9.60E-06,50292424695,1.02E-05,2.03882E+11,1.19E-05,1.20E-05,1.362578979,0.146777926,0.013316368,1.493577824,0.159843145,0.218367281,0.218367281
-49.90328206,0.039597632,6558114787,1.48E-05,25657705128,1.20E-05,1.90297E+11,1.09E-05,9.02E-05,3.837215083,0.1225013,0.01583693,0.711534429,0.128894625,0.270289517,0.270289517
-53.8035308,0.020061239,12718550131,7.62E-06,9074627424,5.98E-06,2.05024E+11,1.32E-05,2.86E-06,0.115274881,0.154116363,0.021033432,1.290340237,0.24367528,0.171331398,0.24367528
-53.9824494,0.039436295,21589126388,1.23E-05,14252293347,9.38E-06,1.92653E+11,1.29E-05,1.77E-06,0.216368666,0.18186447,0.012507651,1.229507676,0.254555893,0.326593041,0.326593041
-49.84049249,0.01994933,3854267576,9.10E-06,59396941777,6.38E-06,2.07692E+11,1.11E-05,5.62E-05,2.606872863,0.13847877,0.024368887,0.738708854,0.147751884,0.194142709,0.194142709
-21.44189605,0.049630817,9707637545,1.43E-05,30821080933,4.59E-06,1.96254E+11,1.02E-05,2.35E-05,0.918638534,0.117522242,0.020223523,1.438373891,0.111711559,0.263051546,0.263051546
-74.73644963,0.029440744,8500929792,7.11E-06,7834127680,1.12E-05,2.01527E+11,1.38E-05,7.48E-06,0.6139284,0.16241551,0.01665242,0.638262957,0.277236021,0.174184726,0.277236021
-65.17015928,0.054650313,4591114200,8.64E-06,6612104518,1.02E-05,1.98247E+11,1.06E-05,1.56E-05,3.921589237,0.105064382,0.017688179,1.813409371,0.130438031,0.179128341,0.179128341
-31.03573805,0.035866404,15136487283,1.39E-05,19055839389,7.79E-06,2.03287E+11,1.33E-05,4.91E-06,0.144258668,0.174959176,0.019029664,0.510596271,0.266057537,0.308608945,0.308608945
-40.24671979,0.045861849,5862214104,1.06E-05,36391503945,6.00E-06,1.91909E+11,1.25E-05,2.09E-06,0.359503863,0.194432335,0.022971314,1.049528185,0.276739667,0.301182016,0.301182016
-63.54884211,0.024968549,11373569313,1.19E-05,11905486223,1.20E-05,2.07182E+11,1.16E-05,6.57E-05,1.57380997,0.126045109,0.013745935,0.872647973,0.128918774,0.232982044,0.232982044
-57.94548111,0.053900361,5335538111,1.30E-05,46936502166,1.15E-05,1.99694E+11,1.08E-05,1.06E-05,0.511053331,0.132322174,0.01351474,0.591398956,0.16967082,0.244796443,0.244796443
-38.34965153,0.028079789,13494736358,8.26E-06,15369208795,4.52E-06,2.04967E+11,1.32E-05,3.35E-06,0.86419267,0.188155224,0.023767243,1.846070903,0.249985345,0.23941152,0.249985345
-32.94704214,0.040893335,4110459489,1.10E-05,8446946876,7.29E-06,1.91087E+11,1.21E-05,2.51E-06,2.170166079,0.168736997,0.021234977,0.968190451,0.214507553,0.278020815,0.278020815
-70.75842615,0.015775882,17662379281,1.03E-05,24351200655,8.73E-06,2.06127E+11,1.20E-05,7.97E-05,0.203533402,0.111286515,0.016047997,1.115581369,0.128284137,0.176490576,0.176490576
-76.63330555,0.047321677,10624581146,9.99E-06,20540091203,1.29E-05,1.94097E+11,1.26E-05,1.08E-06,1.310168268,0.156193377,0.017086138,0.791415749,0.238793176,0.242472225,0.242472225
-27.04455387,0.020797889,7136936772,1.27E-05,5225631962,5.36E-06,2.0937E+11,1.15E-05,3.41E-05,0.338176253,0.123744421,0.020037149,1.376214093,0.109600272,0.239228872,0.239228872
-44.2519802,0.058922648,24020255424,7.98E-06,9410665956,8.13E-06,1.95434E+11,1.03E-05,2.56E-05,0.120084965,0.144755881,0.022367288,0.654735798,0.201180154,0.164277926,0.201180154
-52.0704752,0.03450824,3290264313,1.47E-05,39231232160,1.01E-05,2.00473E+11,1.37E-05,8.08E-06,3.689178647,0.175587406,0.014756992,1.681763439,0.190925223,0.403244353,0.403244353
-51.30290555,0.057569571,14178830029,1.08E-05,7244243930,5.48E-06,2.08161E+11,1.04E-05,3.85E-06,0.154288597,0.180876439,0.01834572,0.887438179,0.231525792,0.271596745,0.271596745
-44.87601234,0.032759735,5608741128,1.16E-05,28465863552,1.25E-05,1.93435E+11,1.36E-05,1.21E-05,4.667820823,0.148475542,0.018835527,1.043032188,0.202562849,0.271485477,0.271485477
-24.53010127,0.04807797,17952451970,8.77E-06,54723042221,9.70E-06,2.01995E+11,1.27E-05,9.10E-05,1.87327323,0.119633463,0.022815164,0.536352714,0.19746854,0.154826588,0.19746854
-79.28975072,0.022565016,4180260830,1.35E-05,13146701669,8.25E-06,1.97034E+11,1.13E-05,2.87E-06,0.384502101,0.150514585,0.014365489,1.707045529,0.118329844,0.305407392,0.305407392
-70.10784417,0.041850214,7021622929,1.42E-05,10982772798,4.08E-06,2.02506E+11,1.22E-05,4.04E-05,3.01881719,0.107201208,0.012255988,0.601881737,0.146571712,0.223355181,0.223355181
-33.68806105,0.017743424,10447157753,7.49E-06,33530417406,1.16E-05,1.97779E+11,1.19E-05,1.28E-06,0.239334147,0.163080804,0.024969696,1.509492717,0.20096309,0.19516406,0.20096309
-35.71792515,0.05274787,3131512417,1.22E-05,17601001683,8.86E-06,2.064E+11,1.09E-05,9.59E-06,0.679086006,0.193418412,0.020786346,0.73530215,0.235403899,0.326570197,0.326570197
-60.48465339,0.026531699,22850235127,9.48E-06,6114696887,6.85E-06,1.9144E+11,1.30E-05,3.05E-05,1.063811945,0.136019041,0.016438743,1.248944979,0.180602583,0.203683153,0.203683153
-62.32339434,0.043896277,3433128497,7.61E-06,26396871440,7.63E-06,2.04187E+11,1.24E-05,4.73E-05,0.283239097,0.129747325,0.017325129,1.549197121,0.199460981,0.166905664,0.199460981
-41.37967069,0.024013821,19220828450,1.48E-05,9167687604,1.06E-05,1.99226E+11,1.17E-05,1.49E-06,1.221208551,0.199690178,0.019449062,0.702823711,0.175062277,0.401438275,0.401438275
-28.04143468,0.056200382,7827373641,9.61E-06,16639535893,1.24E-05,2.05344E+11,1.05E-05,6.32E-06,3.43871107,0.169309845,0.021791797,1.33839007,0.193994422,0.268705158,0.268705158
-68.25495681,0.037021034,8933563601,1.28E-05,50754252822,5.84E-06,1.90618E+11,1.34E-05,1.99E-05,0.100576262,0.100972217,0.014983387,0.822452098,0.17176196,0.19398593,0.19398593
-73.62821842,0.051375979,16438977741,1.14E-05,42425451110,6.79E-06,2.0984E+11,1.00E-05,4.31E-06,0.783690886,0.156743576,0.01286992,1.158031078,0.168005276,0.278157786,0.278157786
-22.69206261,0.030790295,4988926847,1.01E-05,10189265046,9.22E-06,1.94879E+11,1.39E-05,1.37E-05,0.442677962,0.113404422,0.023948708,0.943075422,0.182012432,0.185478349,0.185478349
-46.72914423,0.037665816,12768762311,1.34E-05,5671940545,1.10E-05,2.00942E+11,1.28E-05,5.73E-05,0.176303369,0.142203777,0.021403847,1.979771565,0.194081826,0.311994365,0.311994365
-56.95020292,0.019189524,6584517941,8.13E-06,22267284245,5.00E-06,1.96215E+11,1.12E-05,1.82E-06,1.967994807,0.187148156,0.015415774,0.545738515,0.209821408,0.208756035,0.209821408
-55.71427297,0.048940719,3959378730,9.29E-06,12218233039,5.74E-06,2.02473E+11,1.17E-05,1.27E-05,0.252742458,0.172286596,0.019847501,1.892586587,0.233480108,0.256266955,0.256266955
-48.07888567,0.030151397,17014898092,1.20E-05,35202439519,1.22E-05,1.97199E+11,1.23E-05,4.01E-06,2.853635234,0.103952782,0.016920294,0.581803645,0.137503791,0.191136457,0.191136457
-23.45202563,0.040151069,5182680528,7.31E-06,19597991520,1.05E-05,2.08621E+11,1.35E-05,3.02E-06,1.136496049,0.126666908,0.014565756,1.095156468,0.201755832,0.148923913,0.201755832
-72.75513055,0.019252367,13106867453,1.40E-05,6413545101,7.46E-06,1.93582E+11,1.06E-05,9.49E-05,0.63468845,0.196618153,0.02220303,0.994524868,0.12423123,0.366209809,0.366209809
-66.90955026,0.045151189,24319387096,1.37E-05,7603555910,4.89E-06,2.06856E+11,1.40E-05,1.20E-06,4.865453486,0.139224165,0.023550617,1.399094274,0.205426537,0.321978933,0.321978933
-29.26662104,0.025658651,3330703558,8.97E-06,31679043384,1.08E-05,1.91583E+11,1.01E-05,3.80E-05,0.148424053,0.184170833,0.01327431,0.77199817,0.193028909,0.224910706,0.224910706
-42.26444539,0.055347283,11209877622,1.17E-05,57491629929,9.11E-06,2.02987E+11,1.12E-05,2.85E-05,0.417933226,0.159814646,0.015832958,1.637025818,0.191746677,0.302856675,0.302856675
-61.55998424,0.035151625,7531343854,1.09E-05,14617962915,6.61E-06,1.97949E+11,1.28E-05,9.04E-06,1.72770206,0.11648541,0.020992961,0.666921214,0.175089702,0.197793445,0.197793445
-59.72193664,0.041605409,9431983837,8.07E-06,38145940243,8.36E-06,2.05178E+11,1.36E-05,1.38E-06,0.467537639,0.122707583,0.019243092,0.758315563,0.217352923,0.155462459,0.217352923
-34.91391305,0.053207555,20801038840,1.01E-05,5091871243,1.26E-05,2.04041E+11,1.13E-05,1.84E-05,2.102221414,0.177893775,0.013964123,0.627452949,0.234184459,0.245662936,0.245662936
-68.76268752,0.028798731,3713928459,1.13E-05,21233886322,5.66E-06,1.98768E+11,1.26E-05,5.79E-06,0.164756057,0.14550127,0.023210132,1.475684555,0.202843468,0.257981531,0.257981531
-78.41687072,0.059611328,6186770590,1.29E-05,25158223630,6.96E-06,2.00792E+11,1.18E-05,1.50E-05,1.27277115,0.190341049,0.024561685,0.519722064,0.283004759,0.32972745,0.32972745
-25.29077195,0.033796169,12005187083,9.69E-06,8235647965,9.04E-06,1.95753E+11,1.22E-05,4.78E-06,0.272438525,0.132943966,0.012670298,1.766450236,0.168271802,0.200500926,0.200500926
-46.22598937,0.046602741,4649501398,1.49E-05,15835272707,1.17E-05,2.09677E+11,1.31E-05,2.00E-06,0.109334873,0.110174909,0.016840457,0.85069339,0.179528905,0.249259255,0.249259255
-50.06765554,0.02149069,15326458752,7.66E-06,45665334949,4.25E-06,1.94403E+11,1.09E-05,6.36E-05,3.17184511,0.166064423,0.020390931,1.067659313,0.17517561,0.191335211,0.191335211
-53.06470549,0.047383748,7860248474,1.19E-05,5945486417,8.63E-06,1.9673E+11,1.32E-05,4.88E-05,0.132275302,0.165460409,0.024162111,0.684899153,0.279584018,0.275112211,0.279584018
-43.14393843,0.023282542,8972544722,1.06E-05,18145748899,7.11E-06,2.01691E+11,1.08E-05,1.55E-06,4.270356545,0.108019845,0.013113474,1.5775179,0.087313241,0.184044735,0.184044735
-26.51164208,0.058282976,3653917352,1.39E-05,32671833205,4.41E-06,1.93114E+11,1.19E-05,6.50E-06,1.516374326,0.135494905,0.015633937,0.836854209,0.181656135,0.273575387,0.273575387
-77.27934219,0.032072379,20453697307,8.59E-06,11353638687,1.13E-05,2.0784E+11,1.20E-05,2.06E-05,0.372464269,0.191330244,0.02164264,1.305022079,0.256396312,0.266452332,0.266452332
-71.87678237,0.052030351,12202338990,7.18E-06,13582523347,1.00E-05,1.92363E+11,1.14E-05,5.55E-06,2.431990149,0.148023122,0.019641835,0.926185002,0.214723702,0.17515729,0.214723702
-31.94890611,0.027225917,6291836530,1.44E-05,53354653402,7.96E-06,2.07325E+11,1.25E-05,1.75E-05,0.232502867,0.178863039,0.017487751,1.188493505,0.19574693,0.365521212,0.365521212
-37.7065756,0.042537564,16103423804,9.16E-06,29329342382,5.25E-06,1.9873E+11,1.37E-05,7.43E-05,0.583858305,0.153017786,0.015171399,0.559670975,0.258007026,0.186597306,0.258007026
-58.46719244,0.017030022,4887571667,1.24E-05,7048113955,1.27E-05,2.03457E+11,1.04E-05,2.34E-06,0.968577829,0.120572644,0.021959179,1.945455602,0.062617885,0.239632567,0.239632567
-64.0698592,0.056916572,19102090931,1.45E-05,22852453407,1.13E-05,1.90919E+11,1.10E-05,3.43E-06,0.310049761,0.114343598,0.024780023,1.017679549,0.153476889,0.288605745,0.288605745
-39.60342258,0.036325487,4447232347,7.78E-06,5486668719,4.77E-06,2.05646E+11,1.29E-05,1.09E-05,1.426507536,0.159246784,0.012090118,0.902400065,0.233487052,0.177341378,0.233487052
-30.03693728,0.043204848,14234724932,1.25E-05,10479257887,6.49E-06,1.99549E+11,1.39E-05,8.17E-05,3.554994715,0.185134761,0.016247483,1.739510579,0.242126654,0.354413894,0.354413894
-66.28826471,0.024723144,5631745372,9.81E-06,41151824924,9.55E-06,2.0451E+11,1.02E-05,2.59E-06,0.124428065,0.141751351,0.020622063,0.522295581,0.167157117,0.195330655,0.195330655
-75.38227929,0.03836137,3066804042,1.05E-05,49259994383,1.21E-05,1.95284E+11,1.33E-05,3.39E-05,0.806320275,0.197602015,0.018618876,1.48440428,0.278965143,0.336227622,0.336227622
-20.90827571,0.018473329,22380170621,1.12E-05,17102563933,6.18E-06,2.0001E+11,1.07E-05,1.07E-06,0.549223009,0.129223182,0.018105266,0.616800066,0.115642978,0.203795918,0.203795918
-48.73221423,0.050666649,6708420235,8.44E-06,8873522176,7.90E-06,1.93935E+11,1.16E-05,8.03E-06,0.193542691,0.101790848,0.014150425,1.282618552,0.150609073,0.145743524,0.150609073
-54.97600064,0.031481728,9980178642,1.32E-05,27073864858,1.04E-05,2.08896E+11,1.24E-05,2.53E-05,2.287850769,0.171689456,0.022573122,0.721671477,0.207416171,0.336014401,0.336014401
-55.45244925,0.055603297,7221339999,7.87E-06,35707193506,1.30E-05,2.06508E+11,1.20E-05,9.89E-05,0.172445462,0.11179393,0.01487881,1.732486091,0.174889346,0.160166379,0.174889346
-48.34440012,0.035012126,10742993428,1.46E-05,12644012211,5.33E-06,1.91312E+11,1.19E-05,3.11E-06,2.007433537,0.167630801,0.021895595,0.531571078,0.201227794,0.331033058,0.331033058
-20.37404159,0.044705618,3246976350,9.85E-06,6450715301,8.18E-06,2.02711E+11,1.09E-05,4.16E-06,0.707489933,0.188855884,0.019350436,1.002640528,0.218848273,0.269543628,0.269543628
-75.82948109,0.026223827,23695562873,1.26E-05,20061481606,1.01E-05,1.97594E+11,1.32E-05,1.31E-05,0.489355576,0.131413788,0.017424565,0.908542811,0.174350332,0.258456416,0.258456416
-66.64769614,0.039686143,13674004195,1.12E-05,31516664574,1.16E-05,2.02122E+11,1.03E-05,8.68E-06,3.122985245,0.176301632,0.015316052,1.2878301,0.168060647,0.313986362,0.313986362
-29.53210866,0.019798188,5409598733,1.04E-05,7423629245,4.49E-06,1.96927E+11,1.37E-05,2.75E-05,0.110997413,0.14385801,0.021502784,0.709069028,0.222777687,0.201978007,0.222777687
-39.18643452,0.049177722,17459076160,1.32E-05,14419456076,7.34E-06,2.08347E+11,1.26E-05,3.67E-05,0.276582749,0.124262781,0.023845419,1.506648575,0.178924758,0.27784796,0.27784796
-64.63430438,0.029992886,4064945804,8.40E-06,55519577666,8.70E-06,1.9323E+11,1.14E-05,1.16E-06,1.253158028,0.155101178,0.012974012,0.61263508,0.198263613,0.186182606,0.198263613
-58.98770081,0.046061077,14929589071,1.05E-05,10040129616,1.03E-05,2.01146E+11,1.02E-05,6.03E-06,0.664267454,0.161372942,0.014265263,0.824496093,0.182562827,0.250903412,0.250903412
-37.33352436,0.021959785,4531409470,1.18E-05,38692808239,7.68E-06,1.9603E+11,1.38E-05,1.90E-05,1.085322363,0.117991063,0.022916174,1.313891638,0.147775496,0.226755722,0.226755722
-31.37084112,0.059771261,11502100337,8.50E-06,21736013610,6.10E-06,2.09947E+11,1.29E-05,4.53E-05,2.725127724,0.137629017,0.018732526,0.682126173,0.228502416,0.169970445,0.228502416
-72.30945017,0.033560577,5930631754,1.38E-05,5121393716,1.19E-05,1.94752E+11,1.10E-05,1.43E-06,0.26452275,0.182530672,0.018447919,1.605550186,0.178102001,0.380594288,0.380594288
-77.68260449,0.053342897,3811866909,1.45E-05,8040782851,9.47E-06,2.0553E+11,1.24E-05,6.12E-05,1.701177966,0.125184749,0.016337028,0.568063834,0.190805637,0.26575074,0.26575074
-26.02134746,0.028538549,21339066761,7.22E-06,25029209589,6.28E-06,1.90413E+11,1.15E-05,1.94E-06,0.424265788,0.195084877,0.020888839,1.932298357,0.230642966,0.214995782,0.230642966
-42.68289061,0.041038811,8618299095,1.24E-05,44098838480,4.69E-06,2.04314E+11,1.07E-05,4.57E-06,0.15067214,0.173902518,0.024868377,0.929938441,0.209007304,0.307927231,0.307927231
-53.61438779,0.015531355,9837309386,9.25E-06,15620272243,1.11E-05,1.99118E+11,1.33E-05,1.45E-05,4.790784553,0.105522166,0.012356499,1.16775137,0.125416472,0.155871386,0.155871386
-50.51405447,0.043094335,5087113939,1.33E-05,18596776886,6.68E-06,1.92095E+11,1.06E-05,2.14E-05,0.122513388,0.100257642,0.015946988,0.630015531,0.13078458,0.194841448,0.194841448
-45.69095595,0.016576034,16769668059,8.03E-06,5972506469,9.31E-06,2.06977E+11,1.35E-05,6.79E-06,3.608667621,0.170207367,0.021335202,1.449947011,0.213812185,0.217588056,0.217588056
-24.90215853,0.051882778,6441173067,1.13E-05,11735565493,1.09E-05,1.98374E+11,1.23E-05,1.60E-06,1.448058248,0.199171516,0.023665043,0.769696208,0.276848616,0.319228558,0.319228558
-78.89251646,0.027473869,12498339716,1.00E-05,33181860923,5.09E-06,2.03179E+11,1.16E-05,5.08E-05,0.305275913,0.130839223,0.013617742,1.199639758,0.158589506,0.20108835,0.20108835
-69.32610452,0.058110555,19647676152,9.73E-06,51589149969,7.52E-06,1.96458E+11,1.28E-05,2.26E-06,2.394597104,0.186640297,0.014654497,0.847239373,0.292504253,0.263958729,0.292504253
-34.49589323,0.032295482,3508029304,1.30E-05,13382436458,1.07E-05,2.01341E+11,1.12E-05,7.11E-05,0.184834953,0.143309529,0.022469005,1.086597332,0.162187593,0.28302283,0.28302283
-36.09706165,0.047916014,8762717892,7.74E-06,6872776492,1.23E-05,1.9276E+11,1.01E-05,1.70E-05,0.524517659,0.112703366,0.01993664,0.512031084,0.14857248,0.130473034,0.14857248
-60.08033989,0.022804049,7672638360,1.49E-05,29213400925,5.93E-06,2.07565E+11,1.39E-05,5.34E-06,0.843933646,0.157651566,0.017187456,1.778435265,0.152449312,0.361624152,0.361624152
-61.99162029,0.050439474,10224991369,1.21E-05,5511590552,4.05E-06,1.95561E+11,1.27E-05,2.67E-06,0.366707158,0.151374453,0.01654862,1.111604098,0.223212355,0.277601802,0.277601802
-41.68535221,0.031650066,6869371309,9.37E-06,23420526031,1.17E-05,2.00366E+11,1.13E-05,8.47E-05,1.539376591,0.118980429,0.020328101,0.987819414,0.142724852,0.184724428,0.184724428
-28.89254162,0.038838527,23311962217,1.41E-05,41794329651,8.83E-06,1.94282E+11,1.05E-05,1.13E-05,4.335094102,0.14953166,0.024269454,1.900295985,0.111165575,0.320253808,0.320253808
-67.42902687,0.017939738,3192859067,7.35E-06,10831745594,6.90E-06,2.09165E+11,1.36E-05,3.58E-06,0.130231959,0.180418117,0.012606276,0.571662409,0.29051502,0.176546787,0.29051502
-73.30401355,0.043662908,5498622535,8.88E-06,16850582685,5.45E-06,1.91195E+11,1.10E-05,2.46E-05,1.013821297,0.137061403,0.013646999,1.612817732,0.164109908,0.202537564,0.202537564
-22.99017495,0.024170456,13905764294,1.37E-05,47630095933,1.25E-05,2.05999E+11,1.31E-05,7.73E-06,0.557561222,0.192949385,0.023071034,0.671439053,0.226065676,0.3716296,0.3716296
-47.58778818,0.056669956,4270875371,1.09E-05,26966903407,9.67E-06,1.99899E+11,1.21E-05,1.03E-06,0.222028832,0.163930304,0.018925571,1.393398867,0.238801358,0.282833999,0.282833999
-56.11673597,0.036474384,18353661500,1.17E-05,8652753131,8.30E-06,2.04782E+11,1.18E-05,3.25E-05,2.545615233,0.106534753,0.01779147,0.785700103,0.137578854,0.199245824,0.199245824
-57.47058969,0.045395716,11841019076,1.48E-05,58519470185,7.08E-06,1.98525E+11,1.13E-05,7.19E-06,0.200499754,0.146359692,0.02072297,1.343816674,0.177339951,0.335139421,0.335139421
-46.3559857,0.025513174,6106351875,7.55E-06,13780100749,8.93E-06,2.03642E+11,1.27E-05,2.28E-05,2.204020695,0.177242334,0.016147355,0.808100953,0.244287621,0.198630676,0.244287621
-22.11387603,0.054888523,15499816092,1.28E-05,7803417000,1.19E-05,1.92256E+11,1.35E-05,5.38E-05,0.877679023,0.154650278,0.012192216,1.572434179,0.219680169,0.314380039,0.314380039
-74.06077893,0.035709089,4703718365,9.54E-06,30055333109,4.15E-06,2.07451E+11,1.04E-05,1.71E-06,0.503433322,0.122247861,0.024677116,0.698071848,0.152699305,0.182779974,0.182779974
-68.6583264,0.049888382,8168076032,1.02E-05,19143080536,8.48E-06,1.92928E+11,1.30E-05,6.83E-05,3.863086743,0.167105132,0.022675719,1.971759881,0.236080833,0.297703451,0.297703451
-27.55126165,0.029302784,9322490566,1.15E-05,6776680319,9.77E-06,2.08046E+11,1.09E-05,2.15E-06,0.114735497,0.109707293,0.014048612,0.555438055,0.135213166,0.1707116,0.1707116
-40.91873016,0.038989173,3765121255,8.20E-06,12090821641,1.27E-05,1.96603E+11,1.18E-05,5.14E-06,0.323113192,0.133794925,0.018205877,1.140933797,0.187577616,0.17958697,0.187577616
-62.87319824,0.020512967,21079363758,1.35E-05,37614076075,5.56E-06,2.01799E+11,1.22E-05,1.62E-05,1.371921958,0.189672989,0.018517462,0.949486905,0.167093164,0.370500399,0.370500399
-60.96120929,0.059059186,3370113548,1.16E-05,14860046897,4.92E-06,1.93828E+11,1.34E-05,7.65E-05,0.604738013,0.195901988,0.021746338,0.544391941,0.334726608,0.295851237,0.334726608
-35.33023262,0.034249264,24590281793,1.08E-05,46242999181,1.08E-05,2.09023E+11,1.06E-05,2.43E-06,0.933030982,0.12756588,0.015529455,1.695521935,0.118314176,0.228867795,0.228867795
-33.15393422,0.046753883,7432183766,1.36E-05,23746140327,9.13E-06,1.95078E+11,1.17E-05,3.23E-06,2.647700391,0.103435523,0.013212805,0.891045798,0.128441073,0.223488286,0.223488286
-70.55516757,0.021240842,11058460007,8.82E-06,8413853814,6.57E-06,2.00196E+11,1.23E-05,1.03E-05,0.213130869,0.173376856,0.024063582,1.024821244,0.234336474,0.230540159,0.234336474
-79.64906055,0.040350131,17240474517,7.42E-06,5355711044,5.76E-06,1.99422E+11,1.12E-05,8.41E-06,1.648090346,0.115976137,0.022058217,0.724438425,0.170186768,0.140360101,0.170186768
-24.02516536,0.016243426,4014443126,1.41E-05,20634078630,1.22E-05,2.04617E+11,1.29E-05,2.65E-05,0.343469894,0.160922048,0.015071583,1.257449198,0.136849522,0.328407879,0.328407879
-44.45890268,0.054061833,12956289266,9.42E-06,40549108832,1.05E-05,1.90734E+11,1.39E-05,3.54E-05,0.137823917,0.183471379,0.017591947,0.599452406,0.331084939,0.227557299,0.331084939
-51.86724344,0.027845747,5125180292,1.21E-05,9557186587,7.42E-06,2.05851E+11,1.00E-05,1.11E-06,4.106702504,0.140130693,0.019538448,1.536305026,0.09494717,0.263779356,0.263779356
-52.50223285,0.052577,21904106415,8.33E-06,27791333666,1.21E-05,2.02861E+11,1.38E-05,2.79E-06,0.105322332,0.140710197,0.023314612,0.964252351,0.266166044,0.183550802,0.266166044
-43.67299432,0.026756342,3000324087,1.31E-05,7206871050,6.20E-06,1.98056E+11,1.01E-05,8.77E-05,3.285273912,0.185601933,0.013860427,1.13538369,0.120436281,0.321756466,0.321756466
-26.67059604,0.04238093,10181948332,1.03E-05,12696291873,7.86E-06,2.06671E+11,1.11E-05,1.17E-05,1.166728409,0.158395428,0.018030289,0.582654597,0.19936641,0.222322575,0.222322575
-77.15288945,0.017263391,6839769373,1.11E-05,53982229019,1.04E-05,1.91788E+11,1.30E-05,3.69E-06,0.296602027,0.115011261,0.019143759,1.858582638,0.135631802,0.212287066,0.212287066
-71.30720187,0.048633534,4360032561,1.26E-05,34700352862,1.12E-05,2.08513E+11,1.16E-05,3.13E-05,1.938579063,0.170830685,0.020490748,0.657405015,0.228490093,0.314453408,0.314453408
-32.48506986,0.022109831,18733717990,9.92E-06,11140723210,4.79E-06,1.93709E+11,1.25E-05,9.97E-06,0.179066751,0.10244194,0.016741417,1.652452435,0.133857634,0.157225023,0.157225023
-37.85844674,0.057423205,5753695769,1.46E-05,6259101517,6.45E-06,2.02268E+11,1.33E-05,1.33E-06,0.449620711,0.128165123,0.012773683,0.803303232,0.199801783,0.273115259,0.273115259
-58.34782252,0.033008883,14553171962,7.93E-06,17702423644,9.58E-06,1.97385E+11,1.07E-05,4.21E-05,0.771969831,0.198061437,0.02445749,1.366939675,0.220480934,0.254187637,0.254187637
-63.99513375,0.038122336,6415705696,9.05E-06,9120370111,9.94E-06,2.09491E+11,1.19E-05,1.92E-05,0.402619009,0.191839311,0.02230316,1.417091283,0.254248319,0.27847851,0.27847851
-39.71156478,0.018635286,12447727551,1.23E-05,25771429666,8.08E-06,1.94609E+11,1.21E-05,6.05E-06,1.78980841,0.134387297,0.014464848,0.642595571,0.131374234,0.234399212,0.234399212
-30.64701734,0.051130902,4781120633,7.04E-06,50067285756,5.15E-06,2.00665E+11,1.32E-05,1.44E-06,4.459801521,0.108719046,0.017023199,1.224519637,0.179938877,0.130995391,0.179938877
-65.64568343,0.030940743,15762538792,1.43E-05,16069422507,1.29E-05,1.9586E+11,1.08E-05,4.54E-05,0.161559845,0.164553629,0.019745405,0.751813474,0.178803361,0.333995775,0.333995775
-75.29998822,0.055974403,9171562789,1.40E-05,10335779013,8.53E-06,2.03836E+11,1.36E-05,1.88E-06,1.047963005,0.121288318,0.021094772,1.065281397,0.200842094,0.290955844,0.290955844
-21.02398353,0.037190579,8031946534,8.70E-06,43905854042,7.23E-06,1.98953E+11,1.03E-05,5.99E-05,0.689695677,0.152118323,0.015730362,0.866776286,0.166585934,0.191129515,0.191129515
-49.33475371,0.044372238,20062985152,1.20E-05,22395647722,4.31E-06,2.05071E+11,1.15E-05,1.41E-05,0.243071113,0.179379759,0.013375725,1.820821528,0.212321592,0.320979668,0.320979668
-54.34095994,0.023479023,3581605563,1.07E-05,5805875286,1.15E-05,1.90266E+11,1.26E-05,4.48E-06,2.973869911,0.146932322,0.023450004,0.501691915,0.195447627,0.232525142,0.232525142
-54.66003262,0.052993346,8701275495,1.10E-05,19892139673,7.51E-06,2.00869E+11,1.21E-05,1.29E-06,0.851297371,0.13556856,0.022031587,0.650870763,0.207737765,0.22240635,0.22240635
-49.13378406,0.028892043,7623053736,1.03E-05,6521526043,1.05E-05,1.95673E+11,1.18E-05,4.09E-05,0.519050158,0.190670721,0.015245002,1.668441934,0.203386299,0.302895632,0.302895632
-21.22585306,0.041391191,19672824522,1.30E-05,12567749032,1.23E-05,2.096E+11,1.10E-05,3.06E-05,0.206717855,0.16495345,0.017561348,0.795309826,0.193505019,0.300293939,0.300293939
-74.98184672,0.015180519,3514227910,8.29E-06,36186882651,5.72E-06,1.94483E+11,1.31E-05,9.72E-06,2.137787296,0.108331515,0.01971425,1.380181884,0.138934404,0.14994904,0.14994904
-65.85488075,0.046410451,6519697402,7.95E-06,56265967349,6.67E-06,2.05272E+11,1.04E-05,1.19E-05,0.333125132,0.152506223,0.021570636,0.975922306,0.197371272,0.189875379,0.197371272
-30.32154804,0.021606115,12644581578,1.47E-05,14332078741,9.09E-06,1.90077E+11,1.36E-05,3.73E-06,1.330649749,0.120888865,0.015559954,1.122210535,0.119776588,0.27109996,0.27109996
-40.0379581,0.059419051,5022925106,9.96E-06,7505189881,1.09E-05,2.03947E+11,1.27E-05,2.81E-06,3.746843547,0.148101283,0.013039485,0.589701113,0.233753039,0.203724543,0.233753039
-63.78684346,0.033911584,16549014925,1.27E-05,31249734441,4.87E-06,1.9883E+11,1.13E-05,8.83E-05,0.118291553,0.178198866,0.024090113,1.837034286,0.214985662,0.3416359,0.3416359
-58.1981452,0.040035773,4296319526,1.44E-05,5152593570,5.64E-06,2.06796E+11,1.01E-05,1.40E-05,2.56796919,0.184427143,0.022645121,1.05326679,0.155774649,0.356829977,0.356829977
-38.12622709,0.019444612,18452798065,7.08E-06,21447578956,1.26E-05,1.9168E+11,1.40E-05,4.45E-06,0.219754786,0.141873054,0.014224413,0.876348366,0.227731268,0.150448296,0.227731268
-32.21818939,0.048825434,5485574840,1.24E-05,39023124438,9.86E-06,2.03047E+11,1.28E-05,1.86E-06,0.623537396,0.114617912,0.018179247,1.80026322,0.157163603,0.250794332,0.250794332
-71.45781036,0.030343633,13866023012,9.07E-06,9930972111,8.42E-06,1.97852E+11,1.12E-05,5.92E-05,0.904927548,0.158777226,0.018690881,0.507238667,0.20396827,0.203999805,0.203999805
-76.89333677,0.055253841,23101415830,1.07E-05,15450888418,4.23E-06,2.02391E+11,1.23E-05,1.48E-06,0.142103684,0.102060512,0.02054965,1.43230221,0.170871441,0.193671666,0.193671666
-26.81387674,0.035365876,3165554898,1.19E-05,44474890358,1.18E-05,1.97274E+11,1.17E-05,4.66E-05,3.982901243,0.171224404,0.016173885,0.635999902,0.200559057,0.282149288,0.282149288
-43.53063764,0.045057738,10387234838,8.68E-06,24697773240,9.01E-06,2.08703E+11,1.06E-05,1.98E-05,1.59841864,0.196898949,0.012016514,1.237651347,0.219714341,0.257779897,0.257779897
-52.76269255,0.025872913,6982188164,1.39E-05,8089689927,7.01E-06,1.93507E+11,1.35E-05,6.23E-06,0.354132817,0.129340282,0.024707616,0.74410422,0.177885492,0.273524603,0.273524603
-51.54084967,0.043309245,17563064153,9.59E-06,33383547075,1.14E-05,1.95204E+11,1.07E-05,5.17E-06,1.202983684,0.127184547,0.020963407,1.993557287,0.14060083,0.223201307,0.223201307
-44.66719342,0.024519826,4086912630,1.29E-05,11580115319,4.35E-06,2.00087E+11,1.34E-05,1.63E-05,0.287671686,0.196295802,0.015805392,0.549167532,0.262307889,0.324902349,0.324902349
-23.81596848,0.057020956,13641536805,7.57E-06,6023404770,7.14E-06,1.94015E+11,1.24E-05,6.91E-05,0.102150434,0.172214464,0.013246738,1.153534865,0.270235581,0.182234245,0.270235581
-79.97452941,0.036122179,5394152083,1.49E-05,18395018221,8.57E-06,2.08819E+11,1.15E-05,2.18E-06,3.387386719,0.104610778,0.023521069,0.938776911,0.117889194,0.267577942,0.267577942
-70.35329849,0.050792964,3217645880,1.34E-05,28895635220,1.28E-05,1.90857E+11,1.29E-05,5.25E-05,0.436065149,0.159747163,0.022232195,1.330038709,0.23327912,0.356443296,0.356443296
-33.47207528,0.031300523,23492985583,8.17E-06,6931411661,5.20E-06,2.0574E+11,1.11E-05,1.67E-06,0.795943589,0.117138899,0.014593736,0.816765957,0.143585384,0.142616836,0.143585384
-35.0111595,0.038487694,7335912572,1.14E-05,13204798148,7.98E-06,1.99611E+11,1.02E-05,6.98E-06,1.998767357,0.139737249,0.016948267,1.556292298,0.123397872,0.257208031,0.257208031
-61.16217939,0.018292112,10919454650,1.02E-05,51903219081,9.98E-06,2.04416E+11,1.38E-05,2.22E-05,0.173669391,0.183853081,0.019876672,0.705565732,0.273531539,0.266130569,0.273531539
-63.01555447,0.058464311,8557890660,8.80E-06,10739961673,9.49E-06,1.9246E+11,1.25E-05,3.65E-05,4.598169199,0.177630139,0.020361761,0.731455354,0.282218427,0.230919087,0.282218427
-40.6582709,0.031946022,9773720968,1.35E-05,42253333080,6.51E-06,2.07265E+11,1.14E-05,1.15E-06,0.156702885,0.145960144,0.016812482,1.244938227,0.164740552,0.288233737,0.288233737
-27.81081477,0.047565093,3816755483,1.08E-05,23278480942,4.71E-06,1.98634E+11,1.03E-05,8.62E-06,0.390518013,0.123416726,0.012642317,0.605253666,0.148318569,0.181608096,0.181608096
-68.51504525,0.023156173,21376740568,1.15E-05,5585657052,1.13E-05,2.03517E+11,1.37E-05,2.72E-05,1.845324317,0.15346929,0.024532521,1.521033032,0.185951673,0.296038105,0.296038105
-74.32765985,0.042740754,11642351444,1.22E-05,8768947147,1.03E-05,1.96805E+11,1.09E-05,3.20E-06,0.235759335,0.110888651,0.023239681,0.538080922,0.154660085,0.208485515,0.208485515
-21.96326708,0.01692567,6000016568,9.45E-06,26804107861,7.92E-06,2.01609E+11,1.32E-05,1.01E-05,3.066009083,0.165936637,0.013991693,1.716024779,0.172087124,0.232703984,0.232703984
-46.50566258,0.052233529,14741245337,1.42E-05,48152740957,6.12E-06,1.93039E+11,1.20E-05,7.60E-05,1.08044006,0.190072906,0.017959323,0.880706416,0.243656529,0.381712709,0.381712709
-57.20280979,0.027121574,4471779109,7.46E-06,16708275132,1.21E-05,2.07922E+11,1.19E-05,2.41E-06,0.66894409,0.133407489,0.019272647,1.037225653,0.179450119,0.164952339,0.179450119
-56.44311141,0.040701131,5787938838,1.01E-05,30311610783,1.11E-05,1.94164E+11,1.15E-05,1.68E-05,0.729477573,0.120143476,0.016417513,0.856325602,0.159222614,0.194099014,0.194099014
-47.37951577,0.01589122,14631750691,1.13E-05,7718793519,4.61E-06,2.09281E+11,1.26E-05,5.29E-06,0.474619762,0.150199855,0.020763127,1.07545429,0.155684812,0.25121066,0.25121066
-23.19937585,0.053708169,4349660226,8.09E-06,13863924478,6.33E-06,1.95367E+11,1.37E-05,2.24E-06,0.16725142,0.180799723,0.024946483,0.517526857,0.324107866,0.187219364,0.324107866
-72.97854068,0.028195118,18680141052,1.33E-05,57744591680,9.39E-06,2.00562E+11,1.03E-05,7.06E-05,2.069836834,0.14913812,0.012234752,1.760182453,0.090677704,0.291941755,0.291941755
-67.63090713,0.058708353,10089926897,1.49E-05,37114963849,1.20E-05,1.99778E+11,1.32E-05,1.65E-06,0.268245155,0.193343294,0.014387109,0.622902564,0.309904773,0.384159629,0.384159629
-28.57438939,0.034601638,6781264415,7.63E-06,12164486672,6.01E-06,2.04896E+11,1.08E-05,5.23E-05,1.29207013,0.136680166,0.022837968,1.465976608,0.157275922,0.171394693,0.171394693
-42.00439986,0.047107373,22251531367,1.29E-05,6702999583,7.74E-06,1.91003E+11,1.20E-05,2.19E-05,3.219933644,0.107709722,0.018858338,0.761014841,0.148882,0.220646399,0.220646399
-61.79067567,0.020891299,3049592742,9.65E-06,19306491089,1.02E-05,2.06199E+11,1.21E-05,6.96E-06,0.107652195,0.162767626,0.018367334,1.212888604,0.216795104,0.2295918,0.2295918
-59.93796533,0.049537461,19922267215,7.28E-06,8362863417,8.75E-06,1.98178E+11,1.33E-05,1.01E-06,2.809664979,0.169038585,0.015394159,1.632321836,0.265378371,0.207121627,0.265378371
-36.35753924,0.029654908,3558437745,1.40E-05,24065362988,7.24E-06,2.03373E+11,1.07E-05,3.18E-05,0.25657143,0.101438713,0.021381037,0.663654874,0.109264703,0.217099113,0.217099113
-34.23634414,0.039342929,9183283478,9.25E-06,45851370794,4.53E-06,1.91978E+11,1.16E-05,2.39E-05,0.644304995,0.130451882,0.023925905,1.410263365,0.167038292,0.198401349,0.198401349
-69.46938165,0.020163507,8046089956,1.21E-05,15023317850,1.15E-05,2.07096E+11,1.24E-05,7.51E-06,1.118982248,0.199571529,0.0128483,0.776583501,0.205593268,0.348785974,0.348785974
-78.62564672,0.045746467,4839397465,1.17E-05,9662103565,1.02E-05,1.92561E+11,1.11E-05,1.13E-05,0.146139226,0.142909886,0.015004622,1.100542211,0.190276686,0.258701413,0.258701413
-25.05275629,0.02516088,15946877932,1.10E-05,40206850882,8.08E-06,2.07756E+11,1.30E-05,3.61E-06,4.939236842,0.187028007,0.021815011,0.997389602,0.217899027,0.301618743,0.301618743
-45.54125359,0.054534943,6334739954,1.37E-05,20911264094,5.37E-06,1.96345E+11,1.38E-05,2.70E-06,1.753905504,0.156470863,0.019472282,1.881409075,0.220975453,0.355254449,0.355254449
-50.78185985,0.036058726,12283867390,8.99E-06,5323404473,1.29E-05,2.01462E+11,1.01E-05,8.57E-05,0.411498827,0.113872517,0.017346358,0.577193489,0.137980472,0.154952544,0.154952544
-53.2953397,0.056326783,3738707643,1.25E-05,53656376405,8.24E-06,2.09751E+11,1.39E-05,3.76E-05,1.404527043,0.117591325,0.013825873,1.272885468,0.190032644,0.249299847,0.249299847
-42.88383568,0.036839743,20943064379,9.78E-06,12866792654,9.75E-06,1.94946E+11,1.00E-05,1.19E-06,0.314746889,0.161760557,0.023050058,0.717651907,0.181382663,0.231617239,0.231617239
-25.81946764,0.044022687,8178501698,1.46E-05,7146002784,1.25E-05,2.01031E+11,1.12E-05,8.94E-06,0.126313336,0.181349874,0.019108414,1.489183736,0.212994717,0.381727411,0.381727411
-78.00075628,0.023832518,9338930438,7.76E-06,28096271834,5.53E-06,1.96148E+11,1.29E-05,2.84E-05,3.500210647,0.138798073,0.017768112,0.620043047,0.20723234,0.160744453,0.20723234
-72.10024972,0.037770126,15688718324,8.47E-06,17896829056,6.84E-06,2.04115E+11,1.17E-05,4.13E-06,0.540768373,0.193916191,0.016572077,1.749250881,0.2443973,0.260155141,0.260155141
-31.69631355,0.018986292,4758739429,1.32E-05,6206060579,8.91E-06,1.9931E+11,1.23E-05,1.30E-05,0.818547999,0.126365916,0.020145159,0.526287112,0.135161499,0.239054708,0.239054708
-37.00714847,0.051480277,11691568217,1.05E-05,11290442675,1.16E-05,2.05417E+11,1.34E-05,9.78E-05,2.322550027,0.10513492,0.024290529,1.012353093,0.177624522,0.197256067,0.197256067
-59.19597367,0.030587073,6025984149,1.12E-05,34489915612,4.13E-06,1.90534E+11,1.05E-05,3.08E-06,0.190562974,0.174302627,0.012427302,0.899502945,0.186101532,0.267143107,0.267143107
-64.78400629,0.048281246,13033431910,1.38E-05,16206528267,5.89E-06,2.02592E+11,1.18E-05,4.63E-06,4.204564545,0.168024805,0.01483734,0.562232888,0.224195325,0.310688557,0.310688557
-38.91862959,0.022460578,5152845351,8.62E-06,49522714362,1.24E-05,1.9771E+11,1.22E-05,1.47E-05,0.134278984,0.111412788,0.022445647,1.953041082,0.156519085,0.159665036,0.159665036
-29.79897885,0.057772835,17199504234,1.18E-05,25928307475,1.07E-05,2.06314E+11,1.31E-05,6.16E-05,0.378105579,0.132588852,0.020115515,0.920403112,0.213231261,0.244889287,0.244889287
-66.49709793,0.032655307,4002955958,1.06E-05,8999301256,7.62E-06,1.91509E+11,1.09E-05,1.96E-06,1.493014834,0.187693301,0.01716648,1.180273325,0.19068473,0.303160674,0.303160674
-76.08903063,0.05292912,7365032766,9.13E-06,5728966942,5.05E-06,2.08226E+11,1.35E-05,4.40E-05,0.228924164,0.145020963,0.015968063,0.83360305,0.258081534,0.196013808,0.258081534
-20.23076402,0.026405428,10963852937,1.24E-05,22531759293,1.10E-05,1.93343E+11,1.04E-05,1.38E-06,2.468866069,0.175126938,0.021156229,1.299070759,0.122420497,0.322430035,0.322430035
-48.48677423,0.042031473,3423576297,7.15E-06,43429540694,9.27E-06,2.0193E+11,1.14E-05,5.88E-06,0.983262395,0.15548269,0.023688501,0.689666341,0.220730815,0.169203181,0.220730815
-55.19197211,0.017617141,24994042946,1.44E-05,10423867544,6.78E-06,1.97125E+11,1.27E-05,1.85E-05,0.574872586,0.123869146,0.0134348,1.587425323,0.096137896,0.271505713,0.271505713
-54.77503769,0.046968099,3122773196,8.53E-06,7901039523,4.21E-06,1.99504E+11,1.28E-05,7.35E-05,1.102305198,0.158077632,0.024429526,0.936731904,0.249739183,0.207381802,0.249739183
-49.05128021,0.021147517,22797457036,1.38E-05,30486116839,1.18E-05,2.04543E+11,1.12E-05,2.31E-06,0.654355397,0.1155243,0.012744534,1.175484631,0.085543393,0.237814473,0.237814473
-20.59014181,0.05927339,7060025457,1.06E-05,59759110337,8.99E-06,1.90652E+11,1.01E-05,5.52E-06,0.260576082,0.14136364,0.016712263,0.566049215,0.175297649,0.200205317,0.200205317
-75.58414122,0.034155948,10510063094,1.18E-05,14063241873,7.05E-06,2.05925E+11,1.39E-05,1.74E-05,2.767764655,0.185534404,0.020462789,1.924145203,0.239901329,0.353714716,0.353714716
-65.96280301,0.054254109,18248517239,1.25E-05,11747673907,5.61E-06,1.93887E+11,1.05E-05,6.69E-06,0.430898212,0.12882317,0.019171333,0.677639378,0.166046234,0.239360201,0.239360201
-30.24612701,0.027730331,4246859337,9.21E-06,36612351909,1.27E-05,2.08927E+11,1.34E-05,2.12E-05,1.675768563,0.197989356,0.018059853,1.593912217,0.25050993,0.288302593,0.288302593
-39.39513899,0.040542416,14058524716,1.45E-05,18848921627,9.83E-06,1.95018E+11,1.24E-05,5.01E-05,4.71923645,0.170508384,0.013889985,0.827993255,0.202057534,0.351383928,0.351383928
-64.39624581,0.016127998,5558436624,7.19E-06,6668390326,8.46E-06,2.00292E+11,1.17E-05,1.59E-06,0.15302727,0.102959629,0.023342193,1.318569999,0.144435755,0.122593357,0.144435755
-58.7349795,0.055003812,12792134276,9.82E-06,24203966318,6.55E-06,1.92834E+11,1.09E-05,7.83E-06,2.038849408,0.109182523,0.023422423,1.499276182,0.141880226,0.201580734,0.201580734
-37.55689157,0.035516858,6593389989,1.26E-05,8560296066,9.19E-06,2.08108E+11,1.30E-05,2.46E-05,0.169871972,0.164285441,0.013346168,0.610875762,0.241237514,0.271600759,0.271600759
-32.0995222,0.045511014,16333774501,7.84E-06,15239267374,1.08E-05,1.96697E+11,1.22E-05,3.29E-05,0.482051781,0.191711481,0.015700798,1.295481334,0.268378953,0.232355943,0.268378953
-71.6098943,0.02532093,4954279191,1.46E-05,47451086586,4.97E-06,2.01736E+11,1.18E-05,1.04E-06,0.718563323,0.135100995,0.021067198,0.714732629,0.139786059,0.295923812,0.295923812
-77.42263049,0.039082629,7724871122,1.31E-05,39662462508,7.39E-06,1.98448E+11,1.27E-05,8.22E-05,0.1127328,0.179256579,0.019773363,1.005529761,0.271227855,0.338648264,0.338648264
-26.2520818,0.020298709,8821434695,8.43E-06,9331012151,1.06E-05,2.03721E+11,1.13E-05,2.61E-06,3.076333056,0.147641515,0.017052354,0.913014261,0.154666622,0.189221338,0.189221338
-43.40440484,0.049981825,3473519107,1.12E-05,5295905860,1.22E-05,1.92333E+11,1.04E-05,3.47E-06,1.234435644,0.121747243,0.014493997,1.718764215,0.127292571,0.23981188,0.23981188
-52.9223421,0.029088535,19456460002,1.04E-05,20415709425,5.82E-06,2.07372E+11,1.35E-05,1.10E-05,0.280907498,0.151854738,0.022331125,0.52843215,0.244392977,0.218959786,0.244392977
-50.27593868,0.051026514,5872953426,1.41E-05,13067160688,1.04E-05,2.03761E+11,1.03E-05,2.92E-05,1.563467274,0.153986154,0.018591453,1.385640253,0.14760527,0.33417415,0.33417415
-45.8996032,0.031144047,11388865078,7.32E-06,55459249209,7.80E-06,1.99035E+11,1.37E-05,9.27E-06,0.361234555,0.122326072,0.018277891,0.779741242,0.209244918,0.137282647,0.209244918
-25.61623409,0.038017938,4561739886,1.21E-05,28225039702,6.22E-06,2.05145E+11,1.26E-05,1.23E-06,0.128288186,0.146675964,0.01412062,1.621304289,0.202066181,0.25815122,0.25815122
-78.20768055,0.018838602,15031327311,9.34E-06,7323903152,1.20E-05,1.90184E+11,1.14E-05,3.92E-05,4.402944928,0.176730823,0.022749717,0.673601969,0.191792499,0.258389396,0.258389396
-69.08082187,0.044245909,9580527103,1.09E-05,6181760492,9.59E-06,2.09395E+11,1.21E-05,3.00E-06,0.566278476,0.134106549,0.024603527,1.914825626,0.178117765,0.265642743,0.265642743
-34.71205067,0.023660236,8394209606,1.16E-05,17452263591,6.39E-06,1.94668E+11,1.20E-05,9.42E-05,0.998676629,0.189165985,0.012119824,0.574863997,0.205746928,0.288166619,0.288166619
-36.80388452,0.055848086,21843155437,8.91E-06,33980541711,4.82E-06,2.00761E+11,1.08E-05,1.26E-05,2.507583658,0.166445565,0.016074956,1.108036298,0.204402045,0.222557697,0.222557697
-59.40287111,0.037371783,3901507758,1.37E-05,10916426013,1.12E-05,1.95801E+11,1.31E-05,3.97E-06,0.225500586,0.109780904,0.020649387,0.982652694,0.167493629,0.245905282,0.245905282
-61.29951738,0.042199586,23953160055,1.13E-05,51186573391,1.28E-05,2.08576E+11,1.25E-05,2.03E-06,3.665135573,0.103552674,0.01961203,0.514028318,0.164255448,0.18083911,0.18083911
-42.40680922,0.017389762,3282669755,1.00E-05,16458943313,5.18E-06,1.93615E+11,1.16E-05,6.43E-05,0.120685285,0.172673841,0.017664345,1.786583568,0.193230619,0.2425013,0.2425013
-29.12333319,0.052395669,10682661609,1.33E-05,9223361509,8.02E-06,2.02205E+11,1.06E-05,1.51E-05,0.300721249,0.195436986,0.015143976,0.841383117,0.224102766,0.35032141,0.35032141
-67.16911009,0.026882703,7179921464,8.06E-06,26047077631,9.96E-06,1.97479E+11,1.33E-05,4.82E-06,1.470714539,0.127835594,0.022131805,1.079815866,0.194171035,0.174490834,0.194171035
-72.6045149,0.057220028,4178237007,7.72E-06,21972007960,1.14E-05,2.0294E+11,1.02E-05,1.79E-05,0.1877244,0.183001777,0.023989585,0.766188837,0.245061161,0.212430886,0.245061161
-47.81109817,0.048430348,5290253328,9.69E-06,10078581659,7.18E-06,2.06592E+11,1.30E-05,1.34E-06,0.831329787,0.116097795,0.015457441,0.633972927,0.190900071,0.166452666,0.190900071
