DeltaT,t_cement,E_cement,alpha_cement,E_rock,alpha_rock,E_steel,alpha_steel,a0_interface,k_contact,y_cc_max_jump_mm,y_cr_max_jump_mm,y_all_max_jump_mm
-72.33031341,0.031860043,17365262596,1.30E-05,18235816819,1.10E-05,1.99496E+11,1.29E-05,8.44E-06,0.702982876,0.1354695,0.216325468,0.216325468
-101.8831532,0.028674655,6358172151,1.19E-05,19287148206,9.48E-06,1.96414E+11,1.12E-05,1.40E-06,2.612715913,0.148847439,0.280017796,0.280017796
-39.2317145,0.031121594,5913858746,9.78E-06,36052966494,7.29E-06,1.95327E+11,1.10E-05,4.58E-05,2.095046211,0.063542727,0.088454317,0.088454317
-79.36183963,0.023659954,7607138321,1.02E-05,14870806250,9.79E-06,2.03649E+11,1.11E-05,3.25E-06,0.611620604,0.120591834,0.187362662,0.187362662
-26.40664123,0.031048741,9347448396,1.13E-05,24815801342,8.96E-06,2.02228E+11,1.20E-05,3.15E-05,0.937200949,0.046280009,0.068684312,0.068684312
-51.85951053,0.034616302,5610681435,1.11E-05,20333419000,1.06E-05,2.08878E+11,1.07E-05,3.67E-06,0.884171126,0.081371891,0.134118671,0.134118671
-43.75587075,0.031245035,9232655846,9.76E-06,10544835544,7.79E-06,1.94893E+11,1.23E-05,1.56E-05,2.962066272,0.083175087,0.098923113,0.098923113
-42.67906657,0.026025578,14250912685,8.16E-06,11899086643,9.51E-06,1.9042E+11,1.14E-05,1.05E-05,1.973932238,0.075116289,0.082281172,0.082281172
-46.70761862,0.028338692,8067359782,1.05E-05,18308530587,5.19E-06,2.08675E+11,1.29E-05,2.09E-06,1.106494803,0.090984721,0.110760505,0.110760505
-108.7257702,0.020651024,7906173941,1.15E-05,10859056494,7.51E-06,2.0838E+11,1.12E-05,4.06E-05,0.911627665,0.143978756,0.283482302,0.283482302
-103.3664021,0.023089677,6067827058,1.12E-05,10301465301,1.00E-05,1.92487E+11,1.14E-05,3.49E-06,0.90452387,0.150311642,0.267694047,0.267694047
-73.14666823,0.021177082,14139158655,1.16E-05,21931276248,6.34E-06,2.01055E+11,1.19E-05,1.22E-06,1.86578526,0.105491016,0.191029821,0.191029821
-111.9665551,0.02101259,19582722469,1.23E-05,32818535202,1.02E-05,1.95825E+11,1.16E-05,7.78E-06,2.043054125,0.145825854,0.316456772,0.316456772
-111.4617301,0.03004305,10393345654,1.05E-05,16645797090,1.02E-05,1.95303E+11,1.08E-05,2.73E-05,1.56638651,0.169401061,0.272855744,0.272855744
-52.93439825,0.022783182,7488281546,1.20E-05,24200465563,9.15E-06,2.03665E+11,1.29E-05,1.40E-05,0.597455312,0.091634583,0.144786071,0.144786071
-111.9460678,0.036214713,6248667636,1.26E-05,10976288128,1.10E-05,2.06644E+11,1.06E-05,2.51E-06,1.301413283,0.16423312,0.329034822,0.329034822
-28.94247403,0.03979616,13508613109,1.25E-05,27028280033,7.93E-06,1.95692E+11,1.30E-05,1.61E-05,0.50166469,0.060591991,0.082364038,0.082364038
-27.58040553,0.02937417,11480250120,8.58E-06,15702684959,8.96E-06,1.97256E+11,1.20E-05,1.47E-05,1.182007163,0.052897797,0.055457242,0.055457242
-98.27757222,0.038411668,5925204211,8.33E-06,39724446202,9.76E-06,2.00152E+11,1.26E-05,4.31E-06,2.860534932,0.213459767,0.195086925,0.213459767
-26.20853863,0.024667432,7789083368,1.12E-05,29521585647,7.53E-06,2.0326E+11,1.20E-05,4.26E-05,2.335368332,0.041654434,0.066778021,0.066778021
-70.29627833,0.0228851,10918403988,1.07E-05,38036458750,7.67E-06,2.0335E+11,1.09E-05,8.87E-06,1.166633773,0.097031236,0.17125553,0.17125553
-40.09238235,0.036091581,16046742758,9.94E-06,25925783332,9.78E-06,1.96362E+11,1.24E-05,1.27E-05,2.530344119,0.079706469,0.093680342,0.093680342
-85.92039579,0.033518868,6382847678,1.17E-05,34265722869,5.14E-06,2.01063E+11,1.14E-05,6.08E-06,0.575884394,0.144880855,0.224770882,0.224770882
-85.02416903,0.024654157,12007889384,8.74E-06,26661071314,8.47E-06,1.96939E+11,1.09E-05,2.38E-06,1.414133429,0.133878692,0.172819704,0.172819704
-54.08511991,0.029985157,19689808104,1.10E-05,33444322832,1.10E-05,2.04573E+11,1.17E-05,1.04E-05,0.525016872,0.094601853,0.137346992,0.137346992
-49.59961952,0.021961598,7970792466,1.18E-05,25478984089,8.65E-06,1.91964E+11,1.10E-05,9.59E-06,2.580784867,0.061608848,0.133848406,0.133848406
-20.2746271,0.03120139,8248763251,9.36E-06,28659412637,9.22E-06,2.02373E+11,1.27E-05,1.01E-05,2.816221678,0.040975765,0.04450323,0.04450323
-112.9699995,0.039135804,19817490260,1.18E-05,16917994142,6.98E-06,2.07363E+11,1.24E-05,1.63E-05,1.338195918,0.220698192,0.304957604,0.304957604
-41.90830643,0.030923217,12329276057,1.29E-05,29445185162,7.51E-06,2.0752E+11,1.10E-05,4.57E-06,0.787066118,0.060354023,0.122538502,0.122538502
-37.44713371,0.03783766,6753457050,1.22E-05,20439455144,6.75E-06,2.00417E+11,1.29E-05,1.10E-05,2.694251294,0.074189306,0.104764028,0.104764028
-55.99199888,0.029855004,17091380476,9.28E-06,15991469512,9.64E-06,1.98168E+11,1.10E-05,2.15E-06,0.638360367,0.095131746,0.120972087,0.120972087
-72.63452387,0.034120565,13751670386,1.09E-05,29005741162,6.69E-06,1.9607E+11,1.19E-05,8.01E-06,1.204103803,0.132577256,0.180507975,0.180507975
-118.3823034,0.027269965,5067781548,9.27E-06,19861678868,9.51E-06,1.90472E+11,1.28E-05,4.31E-05,0.678984311,0.239997798,0.254736489,0.254736489
-92.73201011,0.03893981,19130386059,1.22E-05,26842549057,1.10E-05,2.00466E+11,1.24E-05,1.90E-05,1.584392715,0.176987883,0.264735612,0.264735612
-99.01078939,0.02748837,12284358247,1.28E-05,10875079656,8.21E-06,2.04931E+11,1.14E-05,1.64E-05,0.963661796,0.141852264,0.288100498,0.288100498
-117.5031909,0.037799907,13791524245,9.76E-06,23116743104,1.03E-05,2.02751E+11,1.22E-05,7.87E-06,2.025292376,0.234787027,0.270759328,0.270759328
-71.07083846,0.031932648,9426896345,9.93E-06,25417012542,7.52E-06,1.94477E+11,1.09E-05,2.27E-06,0.662967549,0.118145736,0.161526679,0.161526679
-100.4672271,0.025118753,11907941804,9.09E-06,30316417425,8.79E-06,1.90464E+11,1.25E-05,1.13E-05,0.952321967,0.193067065,0.211764241,0.211764241
-39.54469119,0.030276825,15625999346,1.18E-05,17883563311,7.47E-06,1.92053E+11,1.25E-05,1.88E-06,0.548349115,0.073629522,0.105596789,0.105596789
-82.87985002,0.03129807,6898759709,1.24E-05,12789225969,8.44E-06,1.90568E+11,1.11E-05,7.76E-06,0.61640508,0.127161973,0.233718469,0.233718469
-74.01526887,0.022799532,10426244403,1.03E-05,14271499535,1.07E-05,1.94903E+11,1.24E-05,3.85E-05,0.994432123,0.128702485,0.177831497,0.177831497
-29.42793456,0.022546698,10026439363,1.03E-05,21941866543,6.53E-06,1.93366E+11,1.10E-05,1.58E-06,2.199394557,0.041016425,0.068811732,0.068811732
-111.7441366,0.021031257,15555061584,8.95E-06,23896144486,7.30E-06,2.00625E+11,1.19E-05,3.72E-05,2.085575115,0.188061275,0.229901427,0.229901427
-89.24196259,0.026396663,7210706517,9.14E-06,12537944694,9.59E-06,2.01822E+11,1.23E-05,1.63E-06,0.567354841,0.172925667,0.189079643,0.189079643
-60.87406192,0.038817354,6162693057,1.23E-05,24711693133,1.10E-05,1.90499E+11,1.21E-05,2.87E-05,1.51800037,0.111522201,0.175078921,0.175078921
-96.6568281,0.029578595,6529770610,1.25E-05,21162247592,1.10E-05,2.00501E+11,1.06E-05,1.89E-05,1.595344691,0.127231145,0.280971148,0.280971148
-58.37022201,0.027757999,19753211981,1.22E-05,28547438152,1.07E-05,2.05043E+11,1.24E-05,2.90E-05,0.711857017,0.101668063,0.163611741,0.163611741
-96.8248605,0.035125675,15014088160,1.14E-05,11422879024,1.10E-05,2.07037E+11,1.10E-05,5.62E-06,0.839107147,0.158535604,0.256882528,0.256882528
-62.63449642,0.022070355,12953806556,1.04E-05,11864548786,1.06E-05,2.0622E+11,1.19E-05,3.53E-05,2.928286266,0.097793467,0.152790559,0.152790559
-83.8318367,0.029469627,16163500955,1.20E-05,33540449377,1.10E-05,1.93424E+11,1.30E-05,1.06E-05,1.051810374,0.157920714,0.234129944,0.234129944
-33.2430471,0.035508727,6188197239,1.15E-05,12738374541,1.10E-05,2.05444E+11,1.21E-05,3.92E-05,1.111929466,0.061542712,0.089137572,0.089137572
-93.12887462,0.024394517,6220005563,1.02E-05,22091043659,1.03E-05,1.92794E+11,1.19E-05,4.54E-05,0.574613323,0.160339748,0.219201867,0.219201867
-57.61628433,0.037978644,5781214002,1.12E-05,12158922928,1.08E-05,2.00112E+11,1.19E-05,2.01E-06,0.554681696,0.10943787,0.150462883,0.150462883
-22.09140142,0.035690402,13391211149,1.24E-05,22207223662,7.11E-06,1.94953E+11,1.27E-05,1.64E-05,1.427612766,0.042179028,0.062331522,0.062331522
-36.80597672,0.034954405,8937687215,1.10E-05,14033231759,6.76E-06,2.08323E+11,1.08E-05,8.17E-06,0.617631698,0.059480768,0.091621298,0.091621298
-94.15798018,0.030616027,14004507236,1.21E-05,22754963684,7.54E-06,1.95094E+11,1.13E-05,1.36E-06,1.128791855,0.144101843,0.259739515,0.259739515
-63.50527149,0.027760818,6077539805,1.13E-05,21213187294,1.10E-05,1.97553E+11,1.19E-05,1.52E-06,2.644741645,0.103252085,0.167408096,0.167408096
-32.6044124,0.02467169,11666365041,8.35E-06,10791562194,1.10E-05,1.96964E+11,1.05E-05,3.88E-05,0.788029377,0.050715289,0.064476914,0.064476914
-69.54034093,0.028640621,5140088388,9.78E-06,13207009460,9.10E-06,2.08846E+11,1.27E-05,1.20E-05,0.740107051,0.137566202,0.157358219,0.157358219
-71.65758577,0.03062489,12157303492,1.01E-05,11448007435,1.02E-05,1.96954E+11,1.08E-05,1.12E-05,1.910610795,0.11133716,0.170447139,0.170447139
-93.4004006,0.029113674,8969916094,1.22E-05,29505843659,9.12E-06,2.04812E+11,1.06E-05,1.44E-05,1.256542996,0.125788292,0.261751208,0.261751208
-98.8508129,0.023019325,18741926954,9.10E-06,16375533739,6.03E-06,1.95806E+11,1.10E-05,2.29E-06,1.620509803,0.152434705,0.204771399,0.204771399
-34.92677164,0.03366385,13200391621,1.20E-05,22226663032,7.65E-06,1.95539E+11,1.24E-05,1.69E-05,0.623484332,0.065855083,0.095097889,0.095097889
-119.2169985,0.039764994,5324609484,1.29E-05,38241477899,7.72E-06,2.08938E+11,1.24E-05,4.83E-05,2.153814491,0.222785516,0.354055217,0.354055217
-103.5448064,0.028261256,5949179494,9.64E-06,21496535206,5.21E-06,1.90088E+11,1.13E-05,6.02E-06,1.839608768,0.171263544,0.226242511,0.226242511
-24.16195603,0.036058,5623924609,1.22E-05,11235426586,9.09E-06,2.03785E+11,1.08E-05,1.76E-06,1.27385469,0.036857617,0.06791075,0.06791075
-52.9891173,0.038719536,15565429242,1.21E-05,38287441756,1.10E-05,2.03629E+11,1.16E-05,2.00E-05,0.644369148,0.094714153,0.149241723,0.149241723
-99.74361628,0.022831494,12119978790,1.21E-05,11727363188,8.75E-06,1.92324E+11,1.20E-05,2.88E-06,1.616878701,0.147784923,0.275502841,0.275502841
-80.49048091,0.034455608,7428876853,1.03E-05,20510735113,1.07E-05,1.9741E+11,1.22E-05,2.10E-06,2.063463125,0.154042207,0.19446034,0.19446034
-22.57755826,0.038168213,6603407342,9.42E-06,37014716458,5.16E-06,1.90637E+11,1.24E-05,1.30E-05,0.536890647,0.047671458,0.048083565,0.048083565
-43.97041936,0.032790343,19006840035,1.26E-05,10424345828,7.29E-06,2.05796E+11,1.06E-05,2.48E-05,0.623952166,0.062958326,0.125655233,0.125655233
-71.62257348,0.030140037,11582141991,8.25E-06,14504332700,9.46E-06,1.92405E+11,1.16E-05,1.21E-05,1.242536846,0.133945008,0.139458212,0.139458212
-62.2335054,0.024769386,11917655253,8.97E-06,32490259223,5.38E-06,2.04364E+11,1.17E-05,1.14E-06,1.43351328,0.108300468,0.126568386,0.126568386
-33.51248965,0.022305794,13605233046,9.96E-06,20289235706,1.03E-05,1.92825E+11,1.07E-05,3.20E-05,0.708055655,0.047713938,0.077401769,0.077401769
-75.93003237,0.030208377,5263259177,8.53E-06,12090857690,8.58E-06,1.96667E+11,1.15E-05,1.63E-05,0.538404853,0.142105637,0.150056596,0.150056596
-83.46315467,0.022263363,6318568715,1.19E-05,10827444221,8.56E-06,2.03736E+11,1.16E-05,2.09E-06,1.098208665,0.118048143,0.225763175,0.225763175
-108.1330086,0.028112203,16850625676,1.19E-05,26007026447,1.10E-05,1.94825E+11,1.26E-05,2.63E-05,1.574557384,0.1904169,0.300019449,0.300019449
-61.0416068,0.034542847,19266929945,1.12E-05,32539217418,1.08E-05,1.95943E+11,1.29E-05,2.72E-05,0.694077217,0.124902841,0.158446953,0.158446953
-27.61341637,0.034115312,17999399716,1.13E-05,10542669112,1.10E-05,1.97238E+11,1.21E-05,1.46E-06,1.061238404,0.050282993,0.073188282,0.073188282
-48.16131485,0.032488725,14610209815,1.20E-05,32425617482,1.02E-05,2.04114E+11,1.13E-05,2.67E-06,2.169395863,0.075263614,0.134000678,0.134000678
-110.9752914,0.030670853,15627082716,9.79E-06,14510976182,9.93E-06,2.02573E+11,1.28E-05,4.50E-06,1.035990459,0.226232927,0.253886363,0.253886363
-91.13021032,0.027620626,10029531915,1.00E-05,24224328170,1.04E-05,2.01561E+11,1.23E-05,8.69E-06,1.310405034,0.166734901,0.213790489,0.213790489
-99.34118691,0.035490608,6116701986,1.26E-05,12643404149,8.63E-06,1.9109E+11,1.16E-05,4.60E-06,0.624945234,0.169140947,0.286803719,0.286803719
-81.84905005,0.02815637,11470251702,1.26E-05,22125697263,9.78E-06,1.9452E+11,1.10E-05,3.63E-05,1.857576657,0.111264566,0.236996101,0.236996101
-32.043161,0.022044979,13283061337,1.08E-05,21829568212,6.08E-06,1.90542E+11,1.28E-05,7.57E-06,2.854095118,0.054919283,0.078143554,0.078143554
-60.22404113,0.020261874,5162747432,1.03E-05,25633508036,8.87E-06,2.02918E+11,1.26E-05,2.63E-06,2.345067799,0.101139923,0.142946313,0.142946313
-55.70969776,0.021822413,14014281860,8.30E-06,18674215893,7.57E-06,1.99248E+11,1.22E-05,4.12E-05,0.737127122,0.104545818,0.106276931,0.106276931
-26.52820613,0.02816113,6934906481,1.18E-05,37887360220,1.10E-05,1.98207E+11,1.19E-05,9.23E-06,2.901591473,0.042384406,0.073242766,0.073242766
-52.68288999,0.035665201,17134807441,1.24E-05,16656748473,7.93E-06,1.94641E+11,1.29E-05,1.43E-05,0.648723563,0.105420707,0.148477424,0.148477424
-118.3314767,0.030791181,7557758473,9.53E-06,10369566897,7.22E-06,1.96602E+11,1.13E-05,3.11E-06,1.124383028,0.205170826,0.259154088,0.259154088
-110.9230473,0.032422288,6983220722,9.16E-06,23863227793,1.07E-05,2.05173E+11,1.22E-05,4.87E-06,0.665944967,0.222280514,0.238753518,0.238753518
-103.5590572,0.021936642,13791828482,8.23E-06,28016165053,8.24E-06,1.9278E+11,1.22E-05,7.70E-06,1.962030062,0.190714466,0.198653177,0.198653177
-45.94852202,0.037133042,13871938208,9.86E-06,10900747556,9.18E-06,1.94694E+11,1.07E-05,7.25E-06,0.640189946,0.078326506,0.105251158,0.105251158
-24.38187595,0.036133346,17268651723,1.14E-05,14336956230,1.10E-05,1.95824E+11,1.18E-05,2.92E-05,2.24585414,0.043361526,0.065011283,0.065011283
-62.95643806,0.035880028,5248297547,1.02E-05,12484325523,9.24E-06,1.9956E+11,1.26E-05,4.46E-06,0.831004942,0.128723723,0.149174063,0.149174063
-119.8385361,0.029933647,5252509275,1.06E-05,17706331920,7.01E-06,2.04965E+11,1.19E-05,5.30E-06,0.65754804,0.215973564,0.288276935,0.288276935
-87.01364117,0.039883431,11510386677,1.13E-05,22543746272,9.89E-06,1.97662E+11,1.11E-05,3.53E-05,0.978301433,0.149241633,0.22873019,0.22873019
-27.88815483,0.023582137,13380545985,9.22E-06,16354463090,8.94E-06,2.07933E+11,1.05E-05,7.69E-06,1.10795413,0.040368611,0.059642123,0.059642123
-99.74278046,0.025761461,11483048961,1.18E-05,23263565511,5.64E-06,1.92847E+11,1.16E-05,3.14E-05,0.574669534,0.155960344,0.262313756,0.262313756
-66.87892537,0.025842222,13612245749,1.13E-05,17031941151,6.38E-06,1.98893E+11,1.06E-05,1.95E-05,1.849985173,0.087473609,0.171327524,0.171327524
-91.36832837,0.021428867,15226618981,1.07E-05,20958732618,5.90E-06,1.95923E+11,1.13E-05,1.22E-06,1.614258435,0.129336526,0.221019979,0.221019979
-65.12848445,0.021114501,5067543407,1.15E-05,33278105268,7.26E-06,2.01319E+11,1.10E-05,1.73E-05,0.601817212,0.086595341,0.168785797,0.168785797
-91.66447327,0.031780234,11308264437,9.26E-06,18777456180,9.36E-06,1.96144E+11,1.14E-05,3.37E-05,1.162957507,0.163796817,0.198664775,0.198664775
-82.51993782,0.024237757,6065253410,1.22E-05,21922016827,7.77E-06,1.95067E+11,1.24E-05,4.84E-05,1.640384484,0.130180216,0.229518205,0.229518205
-37.86384513,0.027939671,15547856751,1.10E-05,26672892317,1.07E-05,1.94694E+11,1.15E-05,1.39E-06,2.774447576,0.059735628,0.09763033,0.09763033
-57.60529906,0.026318581,6007601819,1.19E-05,11972778604,8.12E-06,2.02491E+11,1.23E-05,3.00E-05,1.419466595,0.095519663,0.156737232,0.156737232
-20.6425005,0.032810532,6761630022,8.30E-06,33866232030,9.83E-06,1.9662E+11,1.20E-05,6.85E-06,1.44620902,0.040814971,0.040657418,0.040814971
-70.11333771,0.020590265,5848722315,1.19E-05,11172345757,1.06E-05,2.06496E+11,1.23E-05,1.11E-06,1.616246752,0.104797383,0.191956688,0.191956688
-52.81474095,0.037559997,8910799231,1.07E-05,18189830904,1.02E-05,2.08462E+11,1.29E-05,1.87E-06,2.09421246,0.109670921,0.132241268,0.132241268
-82.43193767,0.027439246,8696977229,8.25E-06,10477324286,8.44E-06,2.08261E+11,1.21E-05,5.10E-06,0.8777989,0.160473962,0.158379553,0.160473962
-50.49570853,0.038174991,5680566749,1.26E-05,21452454349,1.10E-05,1.99173E+11,1.05E-05,2.44E-05,1.694625053,0.0739986,0.14876284,0.14876284
-116.6300503,0.037246995,6564455587,1.15E-05,20059530288,1.04E-05,1.91655E+11,1.07E-05,2.15E-05,0.839376645,0.18464711,0.311501325,0.311501325
-108.1770872,0.035687299,5391093172,8.96E-06,15357967345,8.78E-06,2.02903E+11,1.17E-05,3.22E-06,0.898826318,0.209798281,0.226348192,0.226348192
-43.17758163,0.023840351,5298423586,9.13E-06,24177278288,1.05E-05,2.03178E+11,1.10E-05,4.54E-05,0.64775313,0.068295684,0.092133801,0.092133801
-71.95963243,0.039969679,7356383507,1.07E-05,29779024233,8.23E-06,2.09699E+11,1.12E-05,2.07E-05,0.597795071,0.129299694,0.177321764,0.177321764
-76.22202209,0.025905483,6218992062,1.16E-05,21660331442,6.31E-06,1.95438E+11,1.08E-05,1.06E-06,2.077071939,0.101092287,0.199721583,0.199721583
-73.9142932,0.036003273,8450229387,9.72E-06,14934813097,9.17E-06,1.97063E+11,1.17E-05,1.23E-05,1.571282956,0.13840997,0.16812413,0.16812413
-104.0938408,0.031283113,12480568465,1.17E-05,23752140340,1.10E-05,2.02354E+11,1.23E-05,1.90E-06,2.163234972,0.184362558,0.284738942,0.284738942
-92.39649729,0.027732619,9746584862,8.15E-06,16535905934,8.33E-06,2.03531E+11,1.27E-05,7.13E-06,0.582544185,0.195225729,0.1745147,0.195225729
-38.78801252,0.02981499,6377028066,1.16E-05,36079610792,6.53E-06,2.00326E+11,1.26E-05,8.42E-06,1.106080666,0.070904731,0.102328127,0.102328127
-61.31780977,0.021341861,8354418877,9.74E-06,24330742164,1.01E-05,1.98188E+11,1.17E-05,1.98E-05,0.617755119,0.100372046,0.138121871,0.138121871
-51.2596913,0.027196679,9562597724,8.65E-06,31880295860,5.23E-06,1.95454E+11,1.21E-05,1.54E-05,2.912479631,0.09614787,0.101044792,0.101044792
-84.72939296,0.027784141,7538887436,1.16E-05,10167238478,1.10E-05,1.92724E+11,1.26E-05,4.90E-06,1.64026149,0.150893723,0.229107961,0.229107961
-85.80584546,0.031647086,14944393981,8.22E-06,13013911505,8.54E-06,2.03086E+11,1.08E-05,1.61E-05,2.123696813,0.147042374,0.165981718,0.165981718
-35.24499253,0.038465693,16148750288,9.33E-06,10567903555,7.10E-06,1.90071E+11,1.10E-05,2.65E-06,1.108432013,0.063328483,0.075959624,0.075959624
-31.49837824,0.020767423,7698005204,9.99E-06,35253431470,1.03E-05,1.93974E+11,1.15E-05,1.29E-06,0.630619408,0.04876229,0.072776651,0.072776651
-88.53876513,0.033165748,17334961297,1.27E-05,23999685143,7.57E-06,1.96055E+11,1.14E-05,4.47E-05,1.621226083,0.138366913,0.255997894,0.255997894
-105.2306303,0.039732331,11605634422,1.21E-05,21603089353,1.07E-05,1.97581E+11,1.10E-05,3.01E-06,2.751605001,0.170126316,0.297528117,0.297528117
-46.73770807,0.0326273,7352310408,8.78E-06,22566196618,8.94E-06,1.91275E+11,1.13E-05,5.43E-06,1.991294989,0.084012226,0.096445622,0.096445622
-62.53001414,0.027864795,7322014461,9.61E-06,14919414826,9.45E-06,2.05216E+11,1.29E-05,2.53E-05,2.092840697,0.124780365,0.140441771,0.140441771
-101.4413309,0.038865888,19202241223,9.66E-06,16057623397,9.31E-06,2.09673E+11,1.26E-05,3.54E-06,0.935900198,0.216136855,0.229207176,0.229207176
-86.63486036,0.033651888,12766460213,1.18E-05,20804308133,1.10E-05,2.09308E+11,1.13E-05,2.26E-06,0.607338204,0.143192411,0.236667761,0.236667761
-105.8024033,0.02469575,10302157640,1.13E-05,30973998360,9.05E-06,2.06464E+11,1.14E-05,4.68E-05,0.642707778,0.161835296,0.272651152,0.272651152
-86.88050627,0.032995817,5020861412,9.57E-06,25808449685,9.15E-06,1.98817E+11,1.07E-05,1.27E-06,1.226896694,0.140689612,0.194133576,0.194133576
-40.36960541,0.02298192,7897457517,1.20E-05,13230315436,9.32E-06,2.05813E+11,1.18E-05,1.95E-06,2.140752129,0.057689786,0.111627085,0.111627085
-50.44839435,0.035194266,8223608675,8.05E-06,24701149517,1.08E-05,2.0558E+11,1.08E-05,3.52E-06,0.829851974,0.090364217,0.097073997,0.097073997
-74.38184974,0.039123591,18281548141,9.61E-06,33091264160,1.01E-05,1.94567E+11,1.21E-05,2.52E-05,1.561335775,0.149812126,0.168648613,0.168648613
-109.8527217,0.034968757,15165266911,1.19E-05,14425946896,1.10E-05,2.07125E+11,1.28E-05,4.32E-05,1.993608005,0.212584138,0.305059713,0.305059713
-113.130666,0.030302698,11150952386,1.26E-05,23238080735,8.67E-06,1.90298E+11,1.16E-05,1.18E-05,0.552163848,0.181832957,0.323624073,0.323624073
-28.05545459,0.038581318,19781079713,8.96E-06,29017949456,9.90E-06,2.06487E+11,1.22E-05,2.64E-06,1.039777025,0.05810642,0.05937254,0.05937254
-67.23371244,0.033084946,19514325261,1.13E-05,29748286763,6.13E-06,2.04907E+11,1.22E-05,5.93E-06,1.148838341,0.123428426,0.172858501,0.172858501
-72.58229245,0.030128964,5682812880,8.52E-06,11643839323,5.78E-06,1.96282E+11,1.12E-05,8.92E-06,1.468488654,0.126915276,0.141586558,0.141586558
-110.4404604,0.029306302,10107403258,1.24E-05,25400750066,9.30E-06,2.06139E+11,1.05E-05,3.30E-06,1.93766149,0.143921943,0.315084827,0.315084827
-67.82248805,0.02196694,13184763314,9.53E-06,21065396939,7.07E-06,2.08102E+11,1.27E-05,8.89E-06,0.934145779,0.125226013,0.147210927,0.147210927
-66.26761784,0.036868806,13240976832,1.23E-05,21595346964,1.10E-05,2.06332E+11,1.11E-05,1.98E-06,0.824499448,0.107805818,0.189307051,0.189307051
-92.73856342,0.023406852,18417148221,9.52E-06,39078294951,6.36E-06,1.96375E+11,1.19E-05,4.93E-06,2.846791676,0.156527771,0.201556497,0.201556497
-61.79862448,0.020211455,15473581951,1.16E-05,36453985217,6.35E-06,1.98878E+11,1.21E-05,2.64E-05,0.585028217,0.094330642,0.160350564,0.160350564
-84.87195997,0.033732331,8176466285,8.19E-06,20175433100,5.10E-06,2.02232E+11,1.12E-05,4.61E-05,1.249839229,0.15599765,0.158715684,0.158715684
-21.55072256,0.037008469,15763484041,8.89E-06,13249539019,8.45E-06,1.90634E+11,1.05E-05,3.66E-05,1.685924811,0.036281339,0.044918834,0.044918834
-53.00268941,0.032057561,8543030258,1.21E-05,19140509371,5.09E-06,1.99319E+11,1.08E-05,1.92E-05,0.943553661,0.078007451,0.144002692,0.144002692
-67.78531893,0.034786053,14901745558,8.01E-06,13000556218,7.35E-06,2.03633E+11,1.11E-05,1.24E-06,0.573349114,0.126612239,0.125664322,0.126612239
-40.01160874,0.023046995,11630889428,1.15E-05,22254599820,9.08E-06,2.01411E+11,1.28E-05,2.02E-05,2.721774687,0.06733886,0.105835556,0.105835556
-88.889146,0.023439437,8777186338,1.03E-05,10518106235,1.02E-05,2.05101E+11,1.16E-05,4.30E-05,0.711051997,0.143303289,0.210838028,0.210838028
-60.64248914,0.039807618,5712537898,8.12E-06,14089436838,8.95E-06,1.91589E+11,1.11E-05,3.01E-06,0.530361823,0.117273309,0.115476925,0.117273309
-96.27851082,0.024299823,9523356745,9.95E-06,22043436804,8.14E-06,1.93526E+11,1.18E-05,3.52E-06,2.42212604,0.159120232,0.220889413,0.220889413
-90.96944813,0.031316502,9344993812,1.17E-05,15631473900,7.50E-06,1.98124E+11,1.05E-05,4.53E-05,0.622170661,0.132350316,0.241010559,0.241010559
-52.09983628,0.026335809,7164002059,1.27E-05,29428956030,6.51E-06,2.07633E+11,1.06E-05,7.26E-06,2.629931613,0.063218066,0.14840047,0.14840047
-74.62859872,0.02281012,6973138520,1.06E-05,27162558391,5.66E-06,2.08171E+11,1.15E-05,2.49E-06,0.912478872,0.1148907,0.177310527,0.177310527
-41.6916293,0.03256039,11958651720,1.18E-05,23427867648,1.09E-05,2.00559E+11,1.12E-05,3.48E-06,1.022261873,0.06556668,0.114057371,0.114057371
-113.0553433,0.039912815,10951645908,8.89E-06,20791113597,7.50E-06,1.97739E+11,1.29E-05,3.81E-05,2.150519325,0.251397727,0.234454757,0.251397727
-91.97714735,0.034392497,16041173213,9.88E-06,13366997954,5.61E-06,2.07752E+11,1.28E-05,2.55E-05,0.688084173,0.192988151,0.205611954,0.205611954
-89.71163325,0.033088156,7482038827,8.52E-06,26130292065,8.42E-06,2.04707E+11,1.18E-05,2.37E-06,0.766809887,0.175325708,0.178052861,0.178052861
-89.39926536,0.039578858,6862426527,8.02E-06,11065871347,1.08E-05,2.06575E+11,1.07E-05,1.05E-06,2.771637402,0.160852696,0.172916647,0.172916647
-34.05905681,0.029123717,12233739250,8.55E-06,31202065254,6.86E-06,1.91287E+11,1.11E-05,2.66E-05,1.067350953,0.058978838,0.067021053,0.067021053
-57.43602316,0.029765633,5522161901,8.60E-06,18899765361,8.31E-06,1.97803E+11,1.23E-05,1.62E-06,0.608066304,0.115958377,0.114334808,0.115958377
-108.6920643,0.027660084,12348459949,1.24E-05,14621347827,1.10E-05,2.07728E+11,1.28E-05,2.31E-06,2.553407042,0.189454143,0.313788476,0.313788476
-119.1062959,0.033907503,9257442696,1.11E-05,13990881641,9.57E-06,2.06837E+11,1.06E-05,8.61E-06,2.33775394,0.179831093,0.30671015,0.30671015
-72.77131463,0.023101897,5959329600,1.14E-05,36178587143,1.10E-05,2.09048E+11,1.05E-05,1.62E-05,2.057526847,0.088827037,0.193443463,0.193443463
-83.95697325,0.020415427,17553117672,1.05E-05,31349516462,1.01E-05,2.06752E+11,1.07E-05,8.27E-06,2.208365294,0.105733083,0.204763598,0.204763598
-20.30299635,0.03089906,10905756314,1.05E-05,14775961518,9.97E-06,1.90124E+11,1.20E-05,2.39E-06,1.881249685,0.036400565,0.049638549,0.049638549
-98.38540725,0.037706426,7859410563,8.43E-06,10727167200,9.22E-06,1.94763E+11,1.18E-05,3.95E-06,1.57972561,0.195347984,0.196151225,0.196151225
-115.1802462,0.026308585,7241364825,9.90E-06,12365363079,8.99E-06,2.08507E+11,1.12E-05,1.65E-06,0.522321733,0.189152694,0.261602389,0.261602389
-89.28110449,0.033259945,17367269766,1.25E-05,11312371203,8.78E-06,2.03052E+11,1.23E-05,2.05E-06,1.968683617,0.156440725,0.25700852,0.25700852
-76.51199927,0.03070579,17517438292,1.09E-05,28635161993,8.38E-06,1.9828E+11,1.09E-05,3.10E-05,0.575083197,0.120981285,0.190381984,0.190381984
-84.292324,0.024424133,14965252095,1.27E-05,28245737720,9.29E-06,2.01556E+11,1.19E-05,1.27E-06,0.933420169,0.124538372,0.244139011,0.244139011
-59.08687037,0.030671833,6043493224,1.20E-05,18479216055,1.02E-05,2.05897E+11,1.19E-05,3.05E-06,0.532206465,0.102351544,0.162935733,0.162935733
-32.1397916,0.036091221,18929734703,1.26E-05,20170985505,8.90E-06,1.95326E+11,1.21E-05,3.86E-06,0.575305198,0.058421287,0.092660755,0.092660755
-91.67567617,0.03471564,9737091567,1.09E-05,39663130543,1.10E-05,1.97736E+11,1.29E-05,6.08E-06,0.81294465,0.188397494,0.233804315,0.233804315
-33.5624141,0.038176293,5945989885,1.17E-05,13291441715,7.90E-06,2.03188E+11,1.12E-05,2.99E-06,2.273427824,0.055797368,0.090376654,0.090376654
-23.38854845,0.02637186,6783374183,1.19E-05,26276628276,9.80E-06,1.90877E+11,1.18E-05,1.03E-06,2.031722045,0.035987374,0.064314435,0.064314435
-26.91360574,0.034559813,8692645687,1.08E-05,30797617833,6.85E-06,1.98678E+11,1.11E-05,2.10E-06,0.949783864,0.04464187,0.066424596,0.066424596
-83.69305442,0.027191271,12193009972,9.11E-06,24208103649,5.73E-06,1.94012E+11,1.11E-05,4.75E-06,0.881657412,0.138434387,0.172892754,0.172892754
-50.84190604,0.038620796,17218182983,1.13E-05,36042529155,7.11E-06,1.96484E+11,1.29E-05,1.25E-05,0.753673815,0.106885059,0.13154925,0.13154925
-93.28675775,0.02272837,9871543861,9.56E-06,11673166549,9.63E-06,1.91496E+11,1.20E-05,1.04E-05,2.31965618,0.158323283,0.20824482,0.20824482
-119.0537728,0.03466754,6806863539,1.11E-05,13213759863,1.05E-05,2.0511E+11,1.06E-05,5.48E-06,0.822111884,0.186084192,0.306325306,0.306325306
-111.5092371,0.035471196,10712670208,8.53E-06,19498788700,5.73E-06,2.02138E+11,1.14E-05,2.08E-06,1.401984682,0.208902951,0.218396093,0.218396093
-64.83351315,0.021077149,9615842299,1.17E-05,15948554595,1.08E-05,1.92615E+11,1.08E-05,1.01E-06,1.670773726,0.078239691,0.176003312,0.176003312
-84.52059352,0.036187801,12288369631,1.28E-05,11438264946,1.10E-05,1.94002E+11,1.13E-05,4.02E-05,0.908140292,0.137266517,0.251420526,0.251420526
-39.45658309,0.036943156,5948231406,8.64E-06,12018280894,8.59E-06,1.94039E+11,1.22E-05,1.48E-05,2.334257394,0.080921068,0.08021993,0.080921068
-72.03921534,0.021819894,15581666215,8.45E-06,16859832997,8.17E-06,2.01481E+11,1.11E-05,1.21E-06,1.485818998,0.115217895,0.14125597,0.14125597
-86.7362995,0.036822459,9179862483,1.05E-05,24868021173,1.06E-05,2.07154E+11,1.25E-05,1.54E-06,0.824987099,0.176894465,0.21366275,0.21366275
-33.59247697,0.032740419,7718984738,9.02E-06,32037801443,9.02E-06,1.97025E+11,1.12E-05,1.09E-06,1.659622939,0.059237057,0.071096234,0.071096234
-108.9154912,0.028662515,9204483980,9.17E-06,22313075298,7.56E-06,1.95994E+11,1.15E-05,2.75E-05,2.395120517,0.189914005,0.231159874,0.231159874
-109.7057744,0.033422911,5815086953,8.57E-06,16559469402,7.05E-06,2.05073E+11,1.28E-05,1.64E-06,1.506179925,0.235677033,0.217732891,0.235677033
-25.65042821,0.029075787,7400321787,1.07E-05,26985703873,9.63E-06,1.91245E+11,1.19E-05,1.73E-06,0.665626211,0.045479502,0.063069103,0.063069103
-50.68729701,0.029090431,9680224109,8.08E-06,22269043483,1.03E-05,2.06272E+11,1.10E-05,5.74E-06,0.866975252,0.088743351,0.097111775,0.097111775
-43.53238615,0.020807563,10438031671,8.12E-06,35001339612,8.39E-06,1.98042E+11,1.29E-05,7.88E-06,2.226877762,0.085686719,0.082512295,0.085686719
-102.8353371,0.020730738,17507582809,9.20E-06,16464048002,9.13E-06,1.95588E+11,1.09E-05,4.57E-05,2.261028003,0.149229477,0.22023172,0.22023172
-71.50609477,0.027978584,6395779158,1.15E-05,11530358743,7.70E-06,2.06819E+11,1.07E-05,1.03E-05,0.96559456,0.099841372,0.18733481,0.18733481
-96.22342645,0.036604027,17015426907,1.06E-05,26693237342,8.59E-06,2.07907E+11,1.28E-05,1.60E-06,1.080979951,0.199050787,0.235188605,0.235188605
-83.68213766,0.027294226,6204509119,1.25E-05,29947041538,1.05E-05,1.98197E+11,1.09E-05,2.32E-06,0.927113027,0.113998086,0.24025065,0.24025065
-54.96669071,0.026044284,7786637274,8.61E-06,14678514882,5.65E-06,2.02159E+11,1.13E-05,1.48E-05,0.669874744,0.095366682,0.10716157,0.10716157
-95.72909329,0.038942846,8118560607,9.16E-06,25940946784,9.98E-06,2.04617E+11,1.29E-05,1.42E-05,1.675502104,0.210350002,0.207588736,0.210350002
-43.31132145,0.037626985,8177994177,8.50E-06,11086950304,5.74E-06,1.90833E+11,1.18E-05,2.16E-05,1.324207259,0.086701021,0.084679464,0.086701021
-62.30217957,0.031805838,17717929459,1.10E-05,10248798848,5.85E-06,1.95708E+11,1.28E-05,8.07E-06,0.528967455,0.125922412,0.153433235,0.153433235
-86.25652884,0.033586992,8867770985,1.12E-05,12861900242,1.10E-05,2.0274E+11,1.16E-05,4.72E-06,1.004800161,0.14898996,0.226195568,0.226195568
-32.31732539,0.024131628,5571853472,9.63E-06,23962962446,9.36E-06,2.05767E+11,1.12E-05,2.73E-06,0.518100751,0.052138023,0.071618551,0.071618551
-110.2330243,0.027752551,8509344733,1.06E-05,20051222502,1.07E-05,2.07855E+11,1.09E-05,2.43E-06,1.093422106,0.164732302,0.273899103,0.273899103
-100.1822597,0.039348651,6616457665,9.83E-06,36598066807,7.43E-06,1.97483E+11,1.13E-05,8.39E-06,1.846666746,0.181850644,0.228264411,0.228264411
-118.8337675,0.031502247,5806124626,1.02E-05,24004014359,1.07E-05,2.08034E+11,1.09E-05,2.70E-05,0.603259225,0.19548166,0.283056863,0.283056863
-101.9860644,0.023162477,11263295570,1.23E-05,16569322134,5.22E-06,1.91366E+11,1.21E-05,2.64E-05,0.869118099,0.154111977,0.279987676,0.279987676
-79.07920124,0.039049044,10861748551,9.30E-06,26676841822,1.10E-05,1.90556E+11,1.11E-05,2.56E-06,2.188971513,0.142663753,0.175362712,0.175362712
-42.45210499,0.020405159,8164250815,1.21E-05,23326651908,5.56E-06,2.05481E+11,1.22E-05,4.25E-06,0.741355144,0.062935792,0.113933563,0.113933563
-104.2032828,0.031048269,19633179654,1.19E-05,39821124164,1.10E-05,2.03255E+11,1.18E-05,1.56E-06,2.937071027,0.17189021,0.289001912,0.289001912
-92.95058871,0.032807607,6770305546,9.92E-06,10083322351,9.87E-06,2.06806E+11,1.16E-05,1.94E-05,1.673645711,0.16617928,0.216176412,0.216176412
-88.74241536,0.03372613,8150382159,8.80E-06,18428956401,8.44E-06,2.03057E+11,1.10E-05,4.11E-05,0.616092481,0.158742224,0.181247782,0.181247782
-56.44052671,0.036919199,13290531361,1.08E-05,26903080974,1.10E-05,2.0824E+11,1.25E-05,4.05E-05,0.536729799,0.114768194,0.141421548,0.141421548
-47.41338333,0.021867089,7726967242,9.74E-06,13571636240,5.08E-06,2.07277E+11,1.26E-05,1.87E-05,1.062661581,0.086114891,0.103609459,0.103609459
-112.3044368,0.03772792,14266546574,9.14E-06,29115896483,7.71E-06,2.09084E+11,1.25E-05,4.86E-06,0.73858035,0.239201031,0.237422048,0.239201031
-81.5072,0.03250149,5034536144,1.02E-05,38686847822,6.98E-06,2.07118E+11,1.25E-05,3.38E-05,0.542261675,0.16406783,0.189353494,0.189353494
-74.44893942,0.02923714,12797827657,9.93E-06,18457519245,7.41E-06,2.03136E+11,1.09E-05,1.60E-05,0.854015557,0.118824712,0.169269759,0.169269759
-101.7844112,0.020058181,6338490859,1.21E-05,25696255887,6.43E-06,1.96794E+11,1.19E-05,1.64E-06,2.196998166,0.137137129,0.276947107,0.276947107
-69.81425501,0.035843169,10582193378,1.16E-05,15014842181,1.10E-05,2.01351E+11,1.11E-05,7.14E-06,0.558358331,0.117342709,0.187457608,0.187457608
-84.36121259,0.027887313,6919646392,1.12E-05,29112351799,7.51E-06,2.07164E+11,1.16E-05,2.14E-06,1.96385964,0.133263398,0.216194827,0.216194827
-107.132032,0.033254933,17697594668,1.23E-05,18486865626,1.10E-05,2.07563E+11,1.19E-05,3.35E-05,1.399450198,0.182962563,0.305597337,0.305597337
-84.05463386,0.026544805,8071500890,9.04E-06,13067888143,1.01E-05,1.98861E+11,1.20E-05,5.78E-06,0.671536182,0.156091771,0.177409463,0.177409463
-53.43089532,0.030463363,10080925683,9.93E-06,17824578799,1.04E-05,2.00289E+11,1.15E-05,1.43E-05,0.923401497,0.092767227,0.124141504,0.124141504
-26.57522695,0.025916636,14950260519,1.14E-05,16691480904,9.25E-06,1.98683E+11,1.13E-05,2.37E-06,2.839427242,0.038347536,0.070243661,0.070243661
-116.1812954,0.026411648,14487986536,1.12E-05,34657489840,1.10E-05,2.01361E+11,1.27E-05,1.65E-06,1.414629177,0.209604036,0.303148335,0.303148335
-95.38778007,0.039485119,5036929232,1.06E-05,11908247238,6.23E-06,2.072E+11,1.16E-05,3.76E-05,1.132419737,0.177389207,0.231298502,0.231298502
-60.44565084,0.032168903,5265773756,1.10E-05,22511207941,8.86E-06,1.97986E+11,1.26E-05,7.18E-06,0.618844396,0.118965414,0.152370988,0.152370988
-22.37547014,0.027182778,10181458071,9.51E-06,24936181365,9.32E-06,1.90695E+11,1.23E-05,8.06E-06,2.840741358,0.041098467,0.049760549,0.049760549
-47.1753581,0.037318179,17873293039,8.23E-06,37859965581,8.15E-06,1.90065E+11,1.06E-05,1.16E-06,2.1914849,0.082094077,0.091377493,0.091377493
-110.3260329,0.025454619,9017471139,8.09E-06,16312109276,9.36E-06,1.9222E+11,1.22E-05,1.42E-05,0.614699768,0.218270561,0.208585422,0.218270561
-37.93114363,0.036152827,10994303244,1.17E-05,17472467881,5.07E-06,1.90646E+11,1.19E-05,6.31E-06,0.684921728,0.069332595,0.099759547,0.099759547
-98.01569232,0.031172111,19087739044,1.04E-05,13973619924,5.63E-06,2.09203E+11,1.07E-05,1.59E-06,2.221546382,0.148111725,0.231390478,0.231390478
-77.55767262,0.030484538,10100737084,1.12E-05,27913114685,7.77E-06,2.04467E+11,1.26E-05,1.89E-06,0.642985882,0.14876828,0.197258801,0.197258801
-27.08561559,0.0212348,12198327776,1.14E-05,18512721485,9.96E-06,1.98552E+11,1.25E-05,1.18E-05,0.85983344,0.043949461,0.070835603,0.070835603
-85.12888762,0.020846498,10416150045,1.24E-05,28181892172,6.27E-06,1.99956E+11,1.21E-05,3.57E-06,0.971854591,0.121711484,0.235507671,0.235507671
-25.81047908,0.029516877,10202742704,1.16E-05,29318643277,1.08E-05,1.93382E+11,1.13E-05,2.54E-06,0.740629879,0.040225947,0.069544478,0.069544478
-116.8271564,0.021381756,6271502720,8.27E-06,25760923094,7.94E-06,2.08768E+11,1.16E-05,4.50E-05,0.75955076,0.203322914,0.222678799,0.222678799
-104.8341511,0.028278494,6085546044,8.35E-06,30685865868,1.04E-05,2.02032E+11,1.19E-05,2.68E-05,1.212522537,0.198445846,0.207474284,0.207474284
-100.7921255,0.0397023,7232774108,8.34E-06,15860435626,5.28E-06,2.08416E+11,1.12E-05,9.49E-06,2.887677218,0.189545977,0.193584705,0.193584705
-95.35979429,0.033461973,17097118751,8.37E-06,11046480113,8.49E-06,2.07658E+11,1.26E-05,1.93E-05,0.618594241,0.205059408,0.18574732,0.205059408
-56.35733443,0.02069755,11300180887,1.21E-05,28346728742,5.52E-06,1.99446E+11,1.10E-05,4.11E-06,1.636335933,0.067953974,0.152134707,0.152134707
-63.75455573,0.027172493,16615551231,1.30E-05,20448225020,1.10E-05,1.9453E+11,1.16E-05,2.73E-06,0.880167489,0.093323037,0.190570622,0.190570622
-42.35903716,0.024587271,17727756805,1.27E-05,39080919320,1.10E-05,2.02192E+11,1.25E-05,1.03E-05,0.513371726,0.070043879,0.123196861,0.123196861
-68.69801286,0.031990269,12142646559,8.58E-06,19671092426,8.17E-06,2.09111E+11,1.18E-05,4.17E-06,1.978378133,0.130764221,0.137806552,0.137806552
-109.8680869,0.023938328,14120362386,9.31E-06,17641062112,8.83E-06,1.95465E+11,1.16E-05,8.98E-06,1.569052575,0.183149946,0.237488135,0.237488135
-117.6558803,0.030152865,8370308386,8.45E-06,22940164994,8.81E-06,1.92681E+11,1.11E-05,1.26E-06,1.026139804,0.207781628,0.23262933,0.23262933
-87.98210023,0.036705321,10364365525,9.16E-06,25849848599,9.78E-06,1.93115E+11,1.26E-05,2.76E-06,2.954795351,0.185025376,0.190699942,0.190699942
-107.9392295,0.024091968,13242825502,9.99E-06,38123876419,7.79E-06,1.98577E+11,1.11E-05,3.32E-05,2.073332498,0.161553113,0.247815876,0.247815876
-31.13202684,0.029250823,8082960045,8.00E-06,10282851223,7.51E-06,2.03385E+11,1.05E-05,6.46E-06,2.486921908,0.050645749,0.058174392,0.058174392
-103.6789817,0.038891171,6935892674,1.14E-05,20468404625,1.10E-05,2.00735E+11,1.23E-05,1.22E-06,0.612709763,0.205539052,0.275677984,0.275677984
-115.0933578,0.020437591,8678660411,1.29E-05,12660468771,1.03E-05,2.05662E+11,1.20E-05,1.33E-05,2.136195499,0.151884847,0.339819667,0.339819667
-107.5719093,0.037015594,5235549679,1.03E-05,23161834460,8.93E-06,1.9983E+11,1.11E-05,1.49E-05,1.065413158,0.186086304,0.256980176,0.256980176
-93.19654083,0.033934714,8383108354,1.03E-05,10336690679,8.61E-06,2.09605E+11,1.06E-05,2.70E-06,0.633484363,0.148736535,0.221432324,0.221432324
-85.75983006,0.026467629,7366938550,9.25E-06,20509761682,7.08E-06,2.02783E+11,1.22E-05,1.30E-05,1.93934416,0.158425048,0.182419362,0.182419362
-71.46494132,0.023482464,15301058180,1.03E-05,21431299158,8.05E-06,2.07967E+11,1.29E-05,1.24E-06,0.513904251,0.137090596,0.166744969,0.166744969
-72.24608016,0.032404679,12660944404,1.01E-05,23678897443,9.87E-06,1.95059E+11,1.21E-05,5.63E-06,0.695275907,0.137763687,0.168909076,0.168909076
-24.29784158,0.023876771,10941319979,8.03E-06,15689229735,1.00E-05,1.93431E+11,1.16E-05,2.98E-06,0.543498891,0.044061535,0.045754878,0.045754878
-76.28482575,0.035540347,10813694634,1.22E-05,34857856877,5.03E-06,2.04224E+11,1.21E-05,4.67E-06,2.298526244,0.135400471,0.209844525,0.209844525
-26.73014405,0.033065357,19369330983,1.09E-05,10387150498,1.10E-05,2.0812E+11,1.20E-05,2.25E-05,1.09252136,0.048292046,0.068375394,0.068375394
-107.6298457,0.024814529,9437578972,1.29E-05,26694862457,1.10E-05,1.97864E+11,1.21E-05,2.24E-05,1.137453083,0.162228469,0.319128248,0.319128248
-74.27128274,0.026217652,12302484731,1.20E-05,10374299589,6.28E-06,2.03825E+11,1.22E-05,5.06E-06,0.93048251,0.123216775,0.199802502,0.199802502
-61.93461594,0.033513426,11066957415,1.11E-05,18288078859,1.03E-05,2.02679E+11,1.05E-05,1.83E-06,0.667153307,0.094150744,0.160025265,0.160025265
-47.9225639,0.038427462,19993748406,8.42E-06,18314279039,5.80E-06,1.93788E+11,1.09E-05,2.44E-06,1.449755965,0.086450494,0.092990743,0.092990743
-83.02208227,0.031471208,10199258135,1.19E-05,15263793741,7.65E-06,1.95239E+11,1.19E-05,5.64E-06,1.11475922,0.140574218,0.225086673,0.225086673
-68.6926366,0.024171725,7720289655,1.02E-05,20355092855,5.13E-06,2.07191E+11,1.22E-05,6.68E-06,2.416899187,0.117458249,0.158329751,0.158329751
-58.72609916,0.028292403,6068954006,9.23E-06,34224450012,5.62E-06,1.98233E+11,1.25E-05,4.36E-06,0.550324766,0.116904089,0.122219812,0.122219812
-71.74983443,0.037994785,18375172404,8.47E-06,27521972719,6.58E-06,2.09121E+11,1.23E-05,2.38E-06,0.853060678,0.152517557,0.140134902,0.152517557
-80.89966421,0.037492386,11269960932,1.17E-05,30518499306,1.10E-05,2.08573E+11,1.30E-05,1.15E-05,1.397530828,0.164986036,0.221842935,0.221842935
-100.6514665,0.037473967,5218055302,8.43E-06,18902812966,7.95E-06,1.97343E+11,1.13E-05,4.18E-06,0.591570528,0.194028668,0.196919227,0.196919227
-69.33754757,0.032827344,18480485929,1.27E-05,36661022205,1.10E-05,1.90093E+11,1.17E-05,1.34E-05,0.668555846,0.115606501,0.203979057,0.203979057
-84.08555962,0.030284292,6082961430,1.06E-05,25705059446,8.88E-06,1.90674E+11,1.23E-05,2.53E-06,1.918583513,0.154150014,0.207234527,0.207234527
-109.5421611,0.026246097,7880995474,1.02E-05,22115438980,1.03E-05,1.94056E+11,1.24E-05,2.38E-05,0.826769175,0.201965493,0.259061441,0.259061441
-60.70809308,0.038723302,7919914965,1.09E-05,27921793752,8.79E-06,2.02262E+11,1.22E-05,1.50E-06,0.976857318,0.118678533,0.153493432,0.153493432
-26.74290459,0.038862217,14627161672,9.66E-06,22878545453,5.72E-06,1.93981E+11,1.06E-05,2.96E-05,0.513267877,0.046017365,0.058558253,0.058558253
-109.4628642,0.039975072,7323936642,1.05E-05,25022466483,1.04E-05,1.90664E+11,1.12E-05,4.79E-06,1.277105123,0.195596502,0.27117329,0.27117329
-36.3821797,0.022128856,13993065072,1.19E-05,29178104817,1.10E-05,2.00572E+11,1.27E-05,9.42E-06,0.752318915,0.060328916,0.100049138,0.100049138
-99.55546061,0.024675558,8621036382,1.12E-05,15559433849,1.10E-05,1.95509E+11,1.22E-05,1.02E-05,1.798183227,0.164096242,0.259738269,0.259738269
-110.4798473,0.031846011,6115802810,8.65E-06,27815204530,8.19E-06,1.96115E+11,1.20E-05,3.64E-06,0.991322673,0.216257247,0.222381029,0.222381029
-118.3081765,0.025560083,8442080480,1.01E-05,38699734183,1.06E-05,2.08883E+11,1.18E-05,7.91E-06,2.396191792,0.196029742,0.279619715,0.279619715
-62.92720223,0.027700348,5352057433,9.59E-06,19214690540,1.07E-05,1.99454E+11,1.24E-05,1.19E-06,1.474587865,0.119139336,0.142096407,0.142096407
-36.87772829,0.035915643,5756683235,9.67E-06,18807275451,1.00E-05,2.06549E+11,1.20E-05,1.57E-05,0.917005992,0.071685211,0.083660862,0.083660862
-86.69583258,0.02585336,5835936525,1.06E-05,32367097174,1.05E-05,1.95827E+11,1.26E-05,1.83E-06,1.663808928,0.156433378,0.213749208,0.213749208
-71.59417663,0.029070658,5018993758,1.13E-05,15765082478,6.56E-06,2.01868E+11,1.05E-05,2.71E-06,0.690246072,0.101964174,0.182341087,0.182341087
-46.41342619,0.029471233,11186713397,1.00E-05,10114541359,9.76E-06,2.01384E+11,1.19E-05,3.66E-05,1.306261692,0.08326001,0.108592511,0.108592511
-55.31810355,0.021680799,11891711087,1.22E-05,24076037755,8.39E-06,2.02296E+11,1.17E-05,1.28E-05,1.466133688,0.075174918,0.154182225,0.154182225
-50.10017118,0.024643848,9893582309,1.13E-05,10562677929,8.82E-06,1.94256E+11,1.10E-05,9.35E-06,0.581476197,0.072474214,0.128906606,0.128906606
-70.51862112,0.021170747,8506895716,1.18E-05,13862696123,8.32E-06,2.08007E+11,1.25E-05,2.89E-05,0.693465281,0.113299405,0.187993617,0.187993617
-42.62665811,0.031233021,13729361911,1.14E-05,39068059169,6.09E-06,1.92359E+11,1.25E-05,4.11E-05,2.321869718,0.078316978,0.110249608,0.110249608
-26.60994846,0.024013489,7363992032,1.25E-05,13143599747,1.04E-05,2.06792E+11,1.26E-05,6.19E-06,1.013042904,0.043314593,0.076440892,0.076440892
-52.135507,0.024934143,15095531318,1.05E-05,35807369155,9.74E-06,2.03334E+11,1.15E-05,1.77E-05,1.261682596,0.081257417,0.127094052,0.127094052
-94.0530955,0.037679695,9774456894,8.42E-06,10397723611,6.73E-06,2.07037E+11,1.21E-05,1.06E-06,1.571768165,0.193280654,0.18365077,0.193280654
-85.81682743,0.027696337,12280684741,9.42E-06,13501208159,6.57E-06,2.04509E+11,1.12E-05,1.13E-06,1.671102407,0.141692566,0.185106373,0.185106373
-74.32722234,0.029870044,14567865847,1.00E-05,18706765538,9.61E-06,1.97699E+11,1.11E-05,2.18E-06,1.563874315,0.120016469,0.174296663,0.174296663
-57.35891648,0.028079955,6029798953,1.07E-05,17936228745,1.02E-05,1.9597E+11,1.15E-05,1.10E-06,1.796797795,0.092406077,0.143018772,0.143018772
-96.8111104,0.021044977,6871609786,8.55E-06,30207462066,7.96E-06,1.92993E+11,1.09E-05,1.44E-06,0.732591368,0.150658567,0.190399545,0.190399545
-67.42222566,0.027510779,11987178664,8.88E-06,14817894174,9.16E-06,2.04999E+11,1.18E-05,1.17E-06,0.608528128,0.125851678,0.1389135,0.1389135
-79.61810076,0.022777609,10897599561,8.02E-06,12348811443,7.99E-06,1.96468E+11,1.09E-05,1.17E-06,1.482346214,0.127290694,0.148607105,0.148607105
-50.79449401,0.02655128,13863587108,1.18E-05,19130510771,9.89E-06,1.95033E+11,1.20E-05,2.54E-06,1.431794603,0.081358815,0.138149846,0.138149846
-118.6641528,0.021786874,9960547296,1.12E-05,27749206460,1.10E-05,1.93308E+11,1.24E-05,5.24E-06,1.138889982,0.194444627,0.308470196,0.308470196
-23.65814587,0.034730471,5594381387,1.29E-05,20212123016,6.48E-06,1.99927E+11,1.17E-05,2.46E-05,0.512143016,0.040181524,0.068622573,0.068622573
-47.09203522,0.03054639,6227052611,9.52E-06,29858670864,9.54E-06,1.93712E+11,1.09E-05,4.14E-05,1.498698913,0.076086051,0.104964785,0.104964785
-95.15888123,0.036808032,12578863780,8.14E-06,28188630331,8.12E-06,1.93207E+11,1.18E-05,1.32E-06,0.85324795,0.192493577,0.181135292,0.192493577
-29.28459928,0.033237655,17657573482,9.35E-06,21625039084,8.87E-06,1.9657E+11,1.19E-05,3.76E-06,2.83674234,0.055248534,0.064143231,0.064143231
-104.1866261,0.026829813,11083472437,1.19E-05,12157838772,5.14E-06,2.03967E+11,1.17E-05,3.20E-05,0.518638534,0.168914434,0.27618619,0.27618619
-70.29769953,0.033491206,8124004334,8.98E-06,25589400398,9.37E-06,1.90333E+11,1.22E-05,2.82E-05,2.00737496,0.139954047,0.148602925,0.148602925
-43.11247497,0.034221927,17792355171,9.13E-06,35173196605,5.97E-06,2.05809E+11,1.24E-05,1.85E-06,1.078347798,0.088148828,0.089988118,0.089988118
-27.25264055,0.033309335,9528764034,1.01E-05,32878063639,9.06E-06,1.93302E+11,1.09E-05,1.81E-05,0.8247952,0.045072383,0.063633791,0.063633791
-62.49532764,0.032006185,8683471598,1.06E-05,12750845328,5.84E-06,1.98046E+11,1.11E-05,3.79E-06,0.970729936,0.102724218,0.149986299,0.149986299
-92.67769076,0.035087384,8838425070,1.24E-05,27480136568,9.35E-06,1.98559E+11,1.19E-05,1.48E-06,1.954778352,0.15889048,0.26495758,0.26495758
-46.29378846,0.027495661,5797699060,8.16E-06,39580703179,5.65E-06,2.08804E+11,1.06E-05,2.79E-05,1.044433318,0.075272898,0.086205254,0.086205254
-96.33986875,0.030285625,17049358650,1.24E-05,35167131473,1.10E-05,1.98693E+11,1.26E-05,4.77E-05,1.530050601,0.170224971,0.277587177,0.277587177
-21.58061778,0.036418127,7415944716,8.76E-06,25998319410,7.82E-06,1.93614E+11,1.08E-05,2.26E-05,2.965667864,0.037194645,0.044224227,0.044224227
-34.24623899,0.029457291,16800756231,1.17E-05,12810555251,9.78E-06,1.96013E+11,1.21E-05,3.71E-05,1.527511178,0.05817785,0.092403664,0.092403664
-109.9121909,0.031164762,18738908665,1.17E-05,24779737091,1.10E-05,2.00998E+11,1.08E-05,1.23E-05,0.552132596,0.168469358,0.296671013,0.296671013
-58.42827991,0.034774046,7231559988,1.07E-05,32471346073,1.07E-05,1.90517E+11,1.18E-05,5.41E-06,0.730169313,0.107227504,0.145706502,0.145706502
-28.11486445,0.023780592,16323749962,8.30E-06,27434836345,8.29E-06,2.01179E+11,1.06E-05,1.34E-06,1.040378626,0.043348151,0.054210761,0.054210761
-116.1587391,0.023327433,14878895119,1.04E-05,17309737029,9.18E-06,1.97651E+11,1.20E-05,5.05E-06,0.969412882,0.192111468,0.279215013,0.279215013
-28.3717539,0.03464045,7111687750,1.15E-05,16854715370,1.10E-05,1.94387E+11,1.29E-05,5.45E-06,0.893265935,0.056965418,0.076118726,0.076118726
-37.04193776,0.031916003,7580317841,1.17E-05,29273684535,1.10E-05,1.9465E+11,1.26E-05,3.70E-06,0.714227708,0.069794103,0.100430225,0.100430225
-86.89214195,0.022395778,6952440306,1.23E-05,31147381283,1.04E-05,1.99181E+11,1.20E-05,2.58E-06,0.63670608,0.130879308,0.243605619,0.243605619
-83.65639689,0.029279668,9645647828,1.20E-05,35842968041,1.10E-05,1.97957E+11,1.05E-05,1.58E-05,2.267535032,0.110914807,0.233063893,0.233063893
-101.9888705,0.026490278,5372966217,8.17E-06,18379025074,8.35E-06,2.08659E+11,1.09E-05,3.06E-06,0.843457184,0.172451083,0.193974275,0.193974275
-45.47003274,0.03450406,5260015732,1.15E-05,10778393034,7.36E-06,1.94922E+11,1.18E-05,5.61E-06,1.020191243,0.08061502,0.119677879,0.119677879
-94.28023226,0.035198632,18657671620,8.46E-06,32175219629,6.35E-06,1.95027E+11,1.07E-05,2.61E-06,1.259433861,0.163168433,0.183813959,0.183813959
-78.75647348,0.033304479,7878302169,9.35E-06,24105740059,8.89E-06,1.96997E+11,1.23E-05,3.56E-06,1.110944273,0.157044591,0.171786431,0.171786431
-74.40693654,0.039991189,18318958043,1.10E-05,10799788256,1.00E-05,1.91512E+11,1.29E-05,1.72E-05,0.819259304,0.158093905,0.190904413,0.190904413
-70.25741292,0.029995002,13235412100,9.58E-06,38964310009,7.67E-06,1.99838E+11,1.08E-05,3.41E-05,1.815393998,0.110911019,0.155496315,0.155496315
-116.7748617,0.020891011,13183298974,1.03E-05,27521902215,1.06E-05,2.01799E+11,1.08E-05,2.61E-05,1.981932647,0.155388506,0.280256312,0.280256312
-117.1060105,0.030425166,10262191457,8.50E-06,12513345889,1.03E-05,1.90798E+11,1.09E-05,1.93E-05,0.594756614,0.203815723,0.234064578,0.234064578
-48.9956361,0.020479685,5364660156,1.27E-05,25330708091,5.86E-06,1.99631E+11,1.25E-05,5.41E-06,2.437958508,0.07012179,0.139078692,0.139078692
-109.6370747,0.033630312,5124913588,9.65E-06,25090166747,1.07E-05,1.9442E+11,1.28E-05,1.39E-06,0.754617635,0.231611915,0.248310737,0.248310737
-97.50490687,0.037081189,7808172572,1.23E-05,23808318891,6.58E-06,2.00603E+11,1.29E-05,1.13E-05,2.770312197,0.191836993,0.274096571,0.274096571
-48.57297223,0.035321014,5971608040,9.37E-06,31529804620,8.14E-06,1.95829E+11,1.24E-05,3.00E-05,0.838291228,0.099874084,0.105499535,0.105499535
-100.0000528,0.029132908,17569742071,1.06E-05,21643456461,1.05E-05,1.91967E+11,1.10E-05,1.95E-05,1.421367402,0.155123974,0.246917786,0.246917786
-83.86452354,0.027443272,14032369304,8.35E-06,35522732994,8.58E-06,2.0989E+11,1.18E-05,1.31E-06,0.664872896,0.159065144,0.162718242,0.162718242
-54.22853799,0.02195078,8334721165,9.03E-06,23547073066,9.43E-06,1.94274E+11,1.08E-05,7.74E-06,0.559464415,0.083104093,0.113150305,0.113150305
-119.3154276,0.03083847,9829698890,1.29E-05,36892211170,1.10E-05,1.90493E+11,1.17E-05,1.32E-06,1.830552168,0.184722842,0.358043302,0.358043302
-60.23254172,0.0203824,9358783809,1.02E-05,18275893563,6.27E-06,1.92635E+11,1.24E-05,4.96E-05,2.645243732,0.099369507,0.13965617,0.13965617
-35.34218437,0.036190239,8927985409,9.50E-06,33289048107,8.85E-06,1.997E+11,1.11E-05,8.29E-06,0.521609518,0.064128684,0.077708895,0.077708895
-44.51249852,0.030763887,8380286200,1.15E-05,22024842827,1.04E-05,1.92335E+11,1.30E-05,4.46E-05,1.832754077,0.085697508,0.118956408,0.118956408
-58.76422258,0.033143718,6405199829,8.94E-06,11794698751,7.76E-06,2.07571E+11,1.19E-05,8.34E-06,0.630197135,0.114726863,0.121216951,0.121216951
-114.4486971,0.024484862,11268274671,1.09E-05,13895294678,5.39E-06,2.02976E+11,1.20E-05,3.40E-05,1.29588523,0.186627267,0.279788529,0.279788529
-70.73124124,0.021508818,13219055240,1.26E-05,12671729793,1.04E-05,2.02555E+11,1.13E-05,4.71E-06,0.773649022,0.09057157,0.204392288,0.204392288
-94.69673543,0.021987262,13680719730,1.10E-05,20031844768,1.09E-05,2.04088E+11,1.19E-05,5.02E-06,0.631182131,0.149785043,0.240109429,0.240109429
-113.1044507,0.039585797,12382877228,1.12E-05,11537566931,1.08E-05,1.96765E+11,1.27E-05,9.25E-06,0.50292887,0.240274384,0.292930694,0.292930694
-29.60151797,0.023067011,5910439278,1.11E-05,38388306811,1.10E-05,1.94257E+11,1.27E-05,3.09E-05,1.847684874,0.050452234,0.0764098,0.0764098
-79.2387655,0.022393282,12465634770,1.20E-05,31116062003,6.70E-06,1.92791E+11,1.12E-05,2.33E-05,0.617224821,0.107781389,0.213094006,0.213094006
-57.68273866,0.03841412,6892177160,1.29E-05,21684736931,1.10E-05,1.91019E+11,1.14E-05,3.26E-06,0.879705965,0.096628159,0.173084999,0.173084999
-117.6179212,0.025414535,9548845634,8.74E-06,18227827949,7.45E-06,2.02277E+11,1.07E-05,1.10E-06,1.273105487,0.183936197,0.237213446,0.237213446
-86.06767156,0.022426464,17881010191,1.23E-05,10353875459,7.16E-06,1.90547E+11,1.25E-05,1.96E-06,0.862670673,0.137623651,0.237983037,0.237983037
-67.39738802,0.035710287,16307802162,8.44E-06,16067287902,8.84E-06,2.071E+11,1.23E-05,4.72E-06,0.7100468,0.141373968,0.133072835,0.141373968
-40.75139557,0.037763799,14410735511,1.08E-05,24612803111,1.10E-05,2.07984E+11,1.06E-05,8.86E-06,2.178120248,0.064222413,0.103641486,0.103641486
-69.17018988,0.029422548,19082635527,1.25E-05,14556704800,1.10E-05,2.02598E+11,1.25E-05,4.63E-06,0.907154698,0.121244022,0.199204953,0.199204953
-95.81840742,0.034237061,7956107035,8.54E-06,32346835012,5.27E-06,1.98185E+11,1.09E-05,5.39E-06,0.540486372,0.171430699,0.185321011,0.185321011
-28.30607938,0.028863494,16309898613,8.83E-06,30429933901,1.01E-05,1.99468E+11,1.12E-05,3.91E-05,0.698505605,0.049094904,0.058617549,0.058617549
-54.66355447,0.038554328,5395529457,1.21E-05,21191724339,5.82E-06,2.03689E+11,1.12E-05,1.39E-05,1.40693964,0.090012939,0.150405738,0.150405738
-40.65938342,0.02558845,13463943291,9.01E-06,33330459308,8.60E-06,2.0348E+11,1.22E-05,4.38E-06,1.531290331,0.074773568,0.085189841,0.085189841
-47.32420088,0.032294539,6277707592,1.21E-05,22626914569,1.06E-05,2.05123E+11,1.07E-05,4.32E-05,0.820990378,0.068772727,0.132479153,0.132479153
-112.0851033,0.03290734,16947537057,1.22E-05,12193268092,9.11E-06,1.95526E+11,1.08E-05,2.52E-06,1.931881619,0.16171674,0.316653375,0.316653375
-33.40064174,0.032999609,9047218853,1.24E-05,35890898465,9.15E-06,2.00472E+11,1.16E-05,4.70E-05,0.862098033,0.054719168,0.094843959,0.094843959
-80.45613315,0.027283838,7159167006,1.10E-05,20910423954,1.02E-05,2.01738E+11,1.09E-05,2.24E-06,0.941747638,0.117305409,0.205606959,0.205606959
-60.79749809,0.022241794,16174275490,1.12E-05,10142431305,1.01E-05,2.05836E+11,1.22E-05,2.16E-06,0.672534034,0.098750074,0.156603931,0.156603931
-22.54641283,0.036039579,15390835184,8.51E-06,13635511310,8.81E-06,2.02674E+11,1.18E-05,3.02E-05,0.975045842,0.044457122,0.045044829,0.045044829
-39.64066604,0.021735858,12426106394,1.11E-05,12004779728,1.06E-05,1.94617E+11,1.29E-05,8.68E-06,2.420201274,0.06782468,0.102512667,0.102512667
-60.70309782,0.032331228,7936663540,1.22E-05,24289062811,1.10E-05,1.90937E+11,1.27E-05,1.49E-06,1.950315934,0.112308293,0.172976366,0.172976366
-102.661685,0.039787713,18469710508,8.73E-06,11431341812,8.77E-06,2.06058E+11,1.23E-05,3.10E-05,1.800861463,0.217165999,0.211182824,0.217165999
-104.5804227,0.028238801,16530749777,9.92E-06,26905988003,7.07E-06,2.04422E+11,1.09E-05,4.54E-05,1.684230749,0.161469055,0.237949772,0.237949772
-25.89540044,0.034437369,12761461579,9.76E-06,20499843435,9.58E-06,1.97372E+11,1.10E-05,1.01E-06,0.86239088,0.044555965,0.059008493,0.059008493
-77.73378742,0.03741347,11343869052,8.16E-06,25486577571,9.10E-06,2.06653E+11,1.17E-05,4.01E-05,2.336478292,0.154617194,0.150494812,0.154617194
-52.63457702,0.03454812,9523085373,1.08E-05,39602790225,1.10E-05,1.91076E+11,1.22E-05,5.30E-06,1.922835725,0.099111693,0.134118198,0.134118198
-91.18634722,0.021539001,15231962764,9.89E-06,16838090055,5.84E-06,2.03869E+11,1.10E-05,1.64E-05,0.731027183,0.133374613,0.202695201,0.202695201
-62.08654778,0.023524834,5871527277,1.21E-05,33640775570,9.90E-06,1.97267E+11,1.11E-05,4.72E-06,1.057399082,0.081668886,0.172992529,0.172992529
-96.68107039,0.032023084,15142960261,8.91E-06,31504799561,8.82E-06,2.0093E+11,1.28E-05,1.61E-06,1.342961798,0.204246608,0.201390487,0.204246608
-54.64845525,0.031566597,7224735210,1.05E-05,19038681766,6.01E-06,2.00093E+11,1.14E-05,6.00E-06,1.518693247,0.091386468,0.130169385,0.130169385
-39.18108105,0.024724159,5603830128,1.19E-05,20761046468,6.23E-06,2.03314E+11,1.19E-05,4.79E-05,0.707871551,0.061675175,0.104300783,0.104300783
-106.754473,0.033557965,10346182912,1.17E-05,24991143594,1.10E-05,2.05244E+11,1.13E-05,1.73E-05,1.062810397,0.173891094,0.29014756,0.29014756
-96.15387501,0.038635977,7570222589,8.34E-06,25441530708,9.11E-06,2.0898E+11,1.15E-05,3.12E-05,0.742576834,0.189503468,0.188555093,0.189503468
-84.39784862,0.035761014,15344197124,1.12E-05,31463659051,5.07E-06,2.0291E+11,1.24E-05,4.23E-05,0.866081691,0.164992271,0.212502705,0.212502705
-108.1126096,0.030820629,6933142944,8.57E-06,11278387335,6.01E-06,1.99264E+11,1.08E-05,2.50E-05,1.547694515,0.180575471,0.212529951,0.212529951
-33.948651,0.039359483,10575078573,1.23E-05,35467786674,1.10E-05,1.94308E+11,1.10E-05,3.32E-05,0.627985252,0.055942892,0.096628589,0.096628589
-112.2729885,0.035025506,17125407864,1.09E-05,15582815535,1.03E-05,1.90163E+11,1.06E-05,2.60E-05,0.957742377,0.176507892,0.286095697,0.286095697
-32.77749407,0.030057935,5409794693,1.28E-05,25630578251,1.10E-05,2.07265E+11,1.22E-05,2.76E-05,0.662047296,0.055367116,0.096272393,0.096272393
-52.22808171,0.022253368,10271440554,8.28E-06,28578614865,7.95E-06,1.95247E+11,1.20E-05,3.42E-05,1.144083411,0.094371358,0.100155595,0.100155595
-28.91280698,0.021025739,9111596583,1.26E-05,16526339257,9.31E-06,1.93001E+11,1.13E-05,3.59E-06,1.432585035,0.035543143,0.083406834,0.083406834
-101.3691003,0.024711436,6880150491,1.07E-05,36211918766,7.03E-06,1.92431E+11,1.05E-05,7.67E-06,1.638984747,0.134903701,0.246203939,0.246203939
-67.5152794,0.035112272,9280583490,1.11E-05,29131729527,1.08E-05,1.91765E+11,1.25E-05,2.20E-06,1.725436805,0.130785269,0.175206606,0.175206606
-106.1342142,0.032505463,14036784911,8.53E-06,31751877924,9.33E-06,1.95102E+11,1.26E-05,3.75E-05,1.848393872,0.221123908,0.21360201,0.221123908
-21.00878859,0.032561086,12138497563,1.11E-05,19011826756,1.10E-05,2.08617E+11,1.21E-05,4.38E-05,2.002079251,0.037791026,0.054770437,0.054770437
-103.9395268,0.036398573,7256386333,8.29E-06,35741332006,8.46E-06,1.94823E+11,1.26E-05,3.73E-05,1.291363661,0.226000807,0.202534232,0.226000807
-64.04085304,0.021925255,6928761524,1.17E-05,19398666302,1.02E-05,2.02313E+11,1.23E-05,3.64E-06,0.541926568,0.104096493,0.171105835,0.171105835
-42.89002445,0.032688748,14207704011,1.08E-05,37032227349,8.95E-06,2.03583E+11,1.29E-05,3.39E-05,1.520242967,0.085552291,0.107371984,0.107371984
-25.85642764,0.033881308,11615379105,1.06E-05,38284765947,6.82E-06,2.08444E+11,1.26E-05,7.91E-06,0.875221398,0.051775106,0.062335291,0.062335291
-111.6940507,0.028655806,11205355586,1.13E-05,38933157897,1.01E-05,1.97393E+11,1.12E-05,1.15E-05,1.948564634,0.168306846,0.293905684,0.293905684
-48.86275765,0.028994158,5414814533,1.25E-05,14438379506,8.09E-06,2.07498E+11,1.24E-05,1.04E-05,0.56695624,0.085248424,0.138206845,0.138206845
-70.14254666,0.022596823,8417831471,8.87E-06,38338030662,8.26E-06,2.04866E+11,1.08E-05,3.25E-06,1.206428669,0.105363505,0.143920749,0.143920749
-45.22206478,0.030893997,16361391204,1.00E-05,15447453827,9.58E-06,1.93058E+11,1.18E-05,1.91E-05,0.648139463,0.082632107,0.104967222,0.104967222
-64.38314917,0.028414275,5822949427,8.79E-06,12933913145,8.35E-06,1.95069E+11,1.11E-05,4.07E-06,0.763875991,0.110684596,0.131107691,0.131107691
-31.39675014,0.035738716,8271991745,9.41E-06,27114004264,9.73E-06,1.94875E+11,1.18E-05,3.64E-05,2.912522257,0.059132035,0.069717051,0.069717051
-93.77099052,0.03947143,16725972238,9.37E-06,14494143220,1.10E-05,2.0585E+11,1.23E-05,1.66E-05,0.621692749,0.19687259,0.207318563,0.207318563
-50.35514144,0.024520977,10023392148,1.12E-05,16698306061,1.10E-05,1.92311E+11,1.09E-05,3.42E-06,1.190277319,0.069304,0.131212431,0.131212431
-119.9446087,0.034284809,12696788365,1.13E-05,25428685669,1.10E-05,2.01297E+11,1.17E-05,3.05E-06,0.59190461,0.214567588,0.315749212,0.315749212
-99.82092804,0.024979141,16166521446,1.00E-05,21812757908,9.25E-06,2.07683E+11,1.11E-05,7.00E-06,0.825776271,0.153918941,0.231302246,0.231302246
-40.46984574,0.026050538,9657594692,1.19E-05,11388117476,1.10E-05,1.91734E+11,1.07E-05,4.36E-05,1.638760851,0.052290107,0.112060841,0.112060841
-48.36678884,0.020598485,7060947319,8.91E-06,35318927462,5.52E-06,1.95128E+11,1.22E-05,9.55E-06,1.126647414,0.085323182,0.097319356,0.097319356
-36.02987857,0.021949339,14204864029,9.31E-06,20898962791,9.78E-06,2.07878E+11,1.13E-05,1.86E-06,1.727094447,0.055966166,0.078416548,0.078416548
-41.07962722,0.02307647,12695874652,1.10E-05,11613377415,9.80E-06,1.92631E+11,1.15E-05,1.58E-06,1.485523621,0.060502106,0.104654805,0.104654805
-25.67532621,0.02935129,13760137396,8.61E-06,38771522187,8.88E-06,1.95682E+11,1.19E-05,9.80E-06,2.205035351,0.048145766,0.051909502,0.051909502
-40.41480188,0.036169408,17362288391,1.05E-05,32798149409,1.07E-05,1.90062E+11,1.16E-05,1.01E-05,1.870821296,0.072261974,0.100125461,0.100125461
-81.96743663,0.033946741,8436116918,1.20E-05,27703754404,6.40E-06,2.03402E+11,1.18E-05,3.61E-06,1.397726278,0.140587848,0.223655421,0.223655421
-83.06212749,0.033299535,9728796911,1.29E-05,18179644108,7.42E-06,1.92013E+11,1.22E-05,1.27E-05,0.90070732,0.144112142,0.243691521,0.243691521
-100.2814261,0.032118852,15876866697,1.11E-05,18383039279,8.57E-06,1.97002E+11,1.24E-05,1.36E-06,1.185741257,0.188306406,0.256452359,0.256452359
-87.22021572,0.033611089,12424627417,1.22E-05,16859291041,9.23E-06,1.93396E+11,1.24E-05,6.38E-06,0.724642365,0.161743393,0.244914022,0.244914022
-84.56132332,0.034975811,7823981124,9.85E-06,31303421713,9.58E-06,2.08536E+11,1.30E-05,1.57E-06,2.623465918,0.177964351,0.195624422,0.195624422
-73.85559998,0.023194051,16431387269,1.11E-05,28208502572,7.15E-06,1.94755E+11,1.16E-05,2.75E-05,1.672563745,0.10978843,0.187121934,0.187121934
-63.50076728,0.039025801,5429539628,1.25E-05,35717087353,5.65E-06,1.91397E+11,1.16E-05,4.60E-05,0.559259243,0.113264464,0.178409046,0.178409046
-32.93827228,0.025658319,7440403079,1.17E-05,13685543558,9.19E-06,1.97025E+11,1.14E-05,2.75E-06,2.072852548,0.047746907,0.089067838,0.089067838
-100.1028608,0.024840269,5690622346,1.27E-05,10924460029,1.08E-05,2.00125E+11,1.17E-05,3.46E-06,1.718372638,0.140464636,0.294063337,0.294063337
-41.18013923,0.027511984,8409630589,1.23E-05,36217264658,9.62E-06,1.9461E+11,1.12E-05,5.67E-06,1.513558964,0.058297637,0.11667998,0.11667998
-47.00982865,0.027523918,6608018231,1.01E-05,28297388290,7.87E-06,2.06709E+11,1.14E-05,4.72E-05,1.347887181,0.076325394,0.10924965,0.10924965
-97.19633071,0.039696751,7346791069,1.06E-05,35649086929,1.06E-05,2.03865E+11,1.11E-05,1.79E-05,1.846862358,0.168396604,0.242175587,0.242175587
-57.29809771,0.038187174,13888473786,8.01E-06,13445578423,5.75E-06,2.08513E+11,1.16E-05,1.92E-06,1.47534147,0.113457,0.10592544,0.113457
-43.40897761,0.029558278,6246120554,1.16E-05,20538148051,9.07E-06,2.06246E+11,1.10E-05,3.72E-05,2.842775631,0.062732801,0.1165261,0.1165261
-55.59682273,0.032111177,7424423548,1.22E-05,28415312025,9.37E-06,1.98569E+11,1.30E-05,1.14E-05,0.563962484,0.108968894,0.155364183,0.155364183
-49.15773878,0.027372181,18373820315,8.50E-06,13181988531,5.60E-06,1.94662E+11,1.12E-05,3.26E-06,0.830639556,0.085521563,0.094883255,0.094883255
-111.3900796,0.024897605,18860541929,1.02E-05,25035210696,7.98E-06,2.0334E+11,1.15E-05,2.45E-05,1.625532017,0.176240436,0.261663073,0.261663073
-24.54062633,0.027127422,7071517653,9.65E-06,24914369725,9.30E-06,1.90294E+11,1.11E-05,4.26E-05,1.327091392,0.039149202,0.055155172,0.055155172
-84.25416494,0.03931271,15785837330,1.28E-05,23745306214,8.39E-06,2.01438E+11,1.24E-05,3.15E-06,1.322229429,0.159397424,0.247057635,0.247057635
-102.8797672,0.036048509,5886378002,9.94E-06,21810569001,9.84E-06,1.95539E+11,1.10E-05,1.45E-05,1.248927281,0.176599416,0.239768023,0.239768023
-84.46176734,0.027338246,18073457479,1.10E-05,12624316344,1.02E-05,2.0297E+11,1.11E-05,1.07E-05,0.503341311,0.132371483,0.213889399,0.213889399
-81.59128082,0.033375711,8262141840,1.24E-05,16568125309,1.10E-05,1.96505E+11,1.15E-05,8.26E-06,1.784001256,0.129931445,0.236181052,0.236181052
-38.57590526,0.035722563,8069551518,1.15E-05,31160277977,8.73E-06,2.07796E+11,1.18E-05,2.81E-05,0.777345118,0.069379291,0.101653596,0.101653596
-108.697113,0.036979764,5564796844,1.15E-05,30477571282,9.35E-06,1.95672E+11,1.22E-05,5.36E-06,0.65326522,0.209662153,0.288381953,0.288381953
-119.7207664,0.026562513,9963413360,9.69E-06,11568385928,6.63E-06,2.09984E+11,1.29E-05,1.21E-06,1.204785884,0.235924583,0.264578219,0.264578219
-67.01131901,0.020815827,13309693549,9.07E-06,17733113885,6.12E-06,1.9579E+11,1.17E-05,2.55E-05,0.965816632,0.111403238,0.137679705,0.137679705
-43.25624665,0.028937876,7670646652,9.19E-06,27676839504,1.01E-05,1.97544E+11,1.14E-05,4.60E-05,0.534538936,0.076979787,0.092667713,0.092667713
-48.26197119,0.037808997,7326979349,1.09E-05,12760527703,8.22E-06,1.99906E+11,1.16E-05,2.84E-06,0.868240969,0.08854576,0.120938311,0.120938311
-82.79635602,0.030820879,11869805938,1.21E-05,14888915493,1.10E-05,2.02107E+11,1.24E-05,6.43E-06,2.253680302,0.145210978,0.233626408,0.233626408
-96.12779775,0.030081311,9907810071,8.32E-06,30193242444,9.52E-06,1.92934E+11,1.14E-05,1.83E-06,1.756690691,0.17346643,0.189090312,0.189090312
-92.6387518,0.020245311,5715682505,9.46E-06,22911102465,6.63E-06,1.98607E+11,1.16E-05,3.46E-05,2.859294574,0.143750359,0.19989386,0.19989386
-87.13990783,0.03600584,8458952793,9.14E-06,10711062320,5.20E-06,1.99486E+11,1.22E-05,5.31E-06,0.99507692,0.176022071,0.181238452,0.181238452
-111.9025841,0.026625173,11165674782,1.03E-05,30710253784,6.45E-06,2.01629E+11,1.19E-05,1.72E-06,2.159724579,0.188953967,0.262200196,0.262200196
-66.65305745,0.024937619,13763712074,8.60E-06,18651828854,6.39E-06,2.04032E+11,1.07E-05,1.54E-05,2.451582392,0.102674316,0.131678243,0.131678243
-105.2724734,0.029043231,13897080703,1.25E-05,23695263666,7.63E-06,2.07337E+11,1.11E-05,2.86E-05,1.085805781,0.151533997,0.299846057,0.299846057
-57.32548108,0.028181713,17817880018,9.10E-06,26740806250,9.35E-06,1.93769E+11,1.20E-05,3.00E-06,0.873830395,0.107238001,0.121577616,0.121577616
-108.8317409,0.036284918,9721292820,1.24E-05,16699723711,8.34E-06,2.00547E+11,1.10E-05,2.44E-05,0.820534857,0.172387359,0.308864797,0.308864797
-27.06141688,0.020251197,18083107440,1.04E-05,15517357987,1.03E-05,1.93459E+11,1.24E-05,1.72E-05,0.534294267,0.046597959,0.064476261,0.064476261
-111.4546633,0.021841411,8289393329,1.23E-05,21986623740,5.74E-06,1.93197E+11,1.11E-05,6.20E-06,1.459225288,0.138747355,0.307016433,0.307016433
-77.03588958,0.039404867,6225318452,1.22E-05,33051028507,1.02E-05,1.94582E+11,1.09E-05,2.12E-05,0.944083986,0.124908775,0.217984372,0.217984372
-114.7708704,0.020277596,5503399221,9.04E-06,19660840965,8.72E-06,2.00597E+11,1.08E-05,1.56E-06,0.557646418,0.171967232,0.237970161,0.237970161
-93.04793832,0.034408491,11855723811,9.74E-06,10430906653,9.32E-06,2.02098E+11,1.18E-05,1.46E-05,0.845446175,0.176759867,0.211146673,0.211146673
-46.90148604,0.032930727,10040731437,9.03E-06,39255166610,5.78E-06,1.93388E+11,1.24E-05,1.27E-05,1.879947104,0.094159264,0.097027433,0.097027433
-75.67083041,0.027252742,11235456901,9.13E-06,32359301193,6.67E-06,2.07828E+11,1.19E-05,3.97E-05,0.680500728,0.139451011,0.157358957,0.157358957
-107.7658623,0.034828408,9160525923,8.06E-06,29160408491,1.04E-05,1.95699E+11,1.27E-05,8.10E-06,1.56492509,0.234625607,0.207802294,0.234625607
-41.83219353,0.03553594,14381756277,1.16E-05,21171642194,1.01E-05,2.08746E+11,1.10E-05,1.46E-06,0.577056842,0.068930884,0.112118106,0.112118106
-84.95426159,0.02865139,13443255531,9.92E-06,38169101773,5.25E-06,2.05495E+11,1.27E-05,8.15E-06,1.320262419,0.165669747,0.190485512,0.190485512
-97.9447612,0.036184397,19878318370,1.14E-05,11867667308,5.22E-06,1.99281E+11,1.16E-05,6.43E-06,1.205172534,0.17128914,0.251884734,0.251884734
-114.4001641,0.021624281,11060271497,1.11E-05,18683343430,6.65E-06,2.01673E+11,1.22E-05,2.34E-05,2.095993426,0.179237226,0.287382047,0.287382047
-26.34032003,0.033079733,16803497260,1.20E-05,18632097702,1.10E-05,1.91208E+11,1.30E-05,4.54E-05,1.251519697,0.051223078,0.073802079,0.073802079
-48.6002994,0.024635631,19669379907,1.03E-05,10659388958,7.06E-06,2.01368E+11,1.25E-05,3.59E-06,0.68240826,0.088521533,0.1134641,0.1134641
-26.80919573,0.037182764,13795806531,1.07E-05,12805569309,1.08E-05,1.92719E+11,1.27E-05,5.00E-06,2.883650446,0.054173502,0.067784254,0.067784254
-38.8779767,0.03408584,6262774473,1.24E-05,24132732803,7.77E-06,1.93065E+11,1.15E-05,1.36E-06,1.365363266,0.063087583,0.11050445,0.11050445
-51.57986878,0.039271465,8288174643,8.65E-06,11977756530,8.89E-06,2.06357E+11,1.16E-05,2.16E-06,0.757385296,0.101709658,0.10460878,0.10460878
-48.4130947,0.025110648,19417184722,1.14E-05,35016240570,1.10E-05,2.07694E+11,1.11E-05,7.34E-06,0.97878463,0.069175166,0.127629739,0.127629739
-52.94378082,0.024144286,7014213014,9.25E-06,15006346287,8.80E-06,2.02208E+11,1.17E-05,2.47E-05,1.403816809,0.089265007,0.113667248,0.113667248
-37.77279926,0.026362805,15181764251,1.01E-05,28598389494,6.37E-06,2.01855E+11,1.10E-05,1.77E-05,0.744804397,0.058794383,0.086474521,0.086474521
-108.391243,0.034647335,10150761176,1.17E-05,19782118049,6.33E-06,2.07057E+11,1.24E-05,3.28E-06,2.106006513,0.200283726,0.289673673,0.289673673
-103.1678587,0.037398673,7539149031,1.01E-05,27989386430,8.10E-06,2.08419E+11,1.10E-05,1.31E-06,1.942304891,0.17620864,0.242669993,0.242669993
-64.32508176,0.026772432,6725018579,1.17E-05,28580764217,1.02E-05,2.09583E+11,1.20E-05,1.42E-05,0.99639799,0.104811367,0.173366123,0.173366123
-48.13682426,0.036805248,12306594236,9.73E-06,14360480472,9.53E-06,2.02539E+11,1.06E-05,3.06E-06,0.951121636,0.080265465,0.109548687,0.109548687
-25.71426628,0.024012364,17935599439,8.77E-06,21230911636,9.14E-06,1.95148E+11,1.12E-05,2.67E-06,1.329167035,0.041682606,0.052696478,0.052696478
-30.74338855,0.037550632,17203472135,1.17E-05,19875172627,1.03E-05,2.04953E+11,1.22E-05,2.87E-05,0.888238978,0.058034094,0.083647401,0.083647401
-52.76753377,0.022773982,14129011651,1.23E-05,13099821571,7.00E-06,2.05151E+11,1.06E-05,8.62E-06,1.363390792,0.061573981,0.146950211,0.146950211
-64.76444856,0.038343848,16741235052,1.02E-05,36669351662,7.61E-06,2.02436E+11,1.09E-05,6.01E-06,0.84842001,0.111980435,0.152219871,0.152219871
-113.5298284,0.021426754,9624699208,8.68E-06,38438344840,9.18E-06,1.97635E+11,1.13E-05,1.91E-06,1.68082175,0.182390028,0.230325472,0.230325472
-52.56180521,0.038867251,18420843806,1.21E-05,21656048573,9.86E-06,1.92591E+11,1.21E-05,2.42E-05,1.631165638,0.097576474,0.147546882,0.147546882
-112.204798,0.021584406,13266832038,1.11E-05,13700198791,8.60E-06,2.05015E+11,1.16E-05,2.46E-06,2.348345718,0.160467027,0.285292342,0.285292342
-58.32046019,0.024946256,17108861956,9.82E-06,38199271522,8.57E-06,2.05199E+11,1.12E-05,8.31E-06,1.990379739,0.090023681,0.132559599,0.132559599
-58.68930813,0.02035076,10846427188,9.81E-06,11126324987,7.82E-06,2.01357E+11,1.25E-05,3.80E-05,1.618255712,0.100894692,0.132015205,0.132015205
-31.16205298,0.035971654,8095637639,1.12E-05,11620553494,5.07E-06,2.07979E+11,1.25E-05,2.17E-05,1.890763499,0.060177036,0.078748821,0.078748821
-40.02978241,0.031870317,16451947653,9.47E-06,13757886814,5.96E-06,2.04338E+11,1.09E-05,1.54E-05,0.991611524,0.066284832,0.086341642,0.086341642
-87.18884568,0.028256816,11176541765,1.27E-05,21712796376,1.10E-05,1.9658E+11,1.15E-05,2.50E-06,1.050661964,0.129390171,0.256044476,0.256044476
-65.16467346,0.035135316,9000592272,1.03E-05,10360960144,1.05E-05,2.06632E+11,1.27E-05,4.29E-06,2.001877843,0.131791892,0.158332879,0.158332879
-31.19549264,0.024223008,8471970571,1.00E-05,13323600593,6.38E-06,1.90205E+11,1.27E-05,2.55E-05,1.030765321,0.057550292,0.070976518,0.070976518
-117.3138521,0.025999354,14149388021,9.27E-06,12546999549,5.17E-06,2.04974E+11,1.26E-05,1.94E-05,1.500854406,0.226800493,0.246144077,0.246144077
-41.50068069,0.02978379,16891285310,9.68E-06,22361847515,8.81E-06,1.97872E+11,1.28E-05,1.74E-05,0.895104505,0.08370857,0.093073334,0.093073334
-49.02029232,0.0294132,9084857663,8.37E-06,16730193136,8.10E-06,2.0282E+11,1.19E-05,4.53E-06,0.875398654,0.094086535,0.095362271,0.095362271
-62.16723331,0.03160761,9242445570,1.12E-05,30019079790,1.07E-05,1.95395E+11,1.10E-05,3.21E-06,1.492731837,0.095597351,0.16205654,0.16205654
-30.83471347,0.025079061,7703244767,9.41E-06,19049356028,9.37E-06,2.09588E+11,1.12E-05,8.88E-06,0.716146197,0.049957109,0.067240312,0.067240312
-28.14869802,0.038833175,5492356868,8.17E-06,26636056267,6.85E-06,1.9977E+11,1.26E-05,1.29E-06,2.531380841,0.061625006,0.053637888,0.061625006
-52.87371188,0.029142457,6062926261,9.00E-06,18560612966,1.00E-05,1.94697E+11,1.28E-05,1.22E-06,0.973821472,0.108618638,0.111753088,0.111753088
-71.15281445,0.027116669,9012630686,9.04E-06,31123205022,9.44E-06,2.03409E+11,1.11E-05,1.59E-06,1.191520375,0.118174924,0.150394753,0.150394753
-73.58676915,0.026297285,11494675969,9.48E-06,20867174392,6.38E-06,1.94201E+11,1.06E-05,1.68E-06,2.874307844,0.107305213,0.159674232,0.159674232
-107.5394388,0.022439225,12927839243,1.29E-05,18841566997,1.10E-05,2.08209E+11,1.21E-05,5.71E-06,2.234800887,0.151099147,0.319848606,0.319848606
-104.695366,0.023110131,17189142804,1.27E-05,17193023624,1.05E-05,1.92178E+11,1.29E-05,1.49E-06,1.958889422,0.169701147,0.306666671,0.306666671
-51.31461541,0.024895511,9067941818,9.39E-06,37099770860,6.22E-06,2.04137E+11,1.15E-05,4.05E-05,1.789521072,0.084447512,0.109848739,0.109848739
-40.75288572,0.039676055,5452015180,9.69E-06,15543899689,5.04E-06,1.94485E+11,1.27E-05,3.41E-06,0.768102436,0.087972955,0.089552822,0.089552822
-42.92982744,0.037174164,16765450215,1.23E-05,27060728307,1.10E-05,1.97138E+11,1.15E-05,6.01E-06,0.953950125,0.072982246,0.122486788,0.122486788
-72.04369427,0.031339218,5473248454,8.33E-06,23927289512,6.42E-06,2.02803E+11,1.09E-05,1.18E-05,0.619174166,0.126920014,0.137294971,0.137294971
-72.29445129,0.021628907,5119261629,8.75E-06,19336560603,1.06E-05,2.08826E+11,1.11E-05,1.07E-06,0.702022754,0.115485888,0.148283372,0.148283372
-47.6678935,0.023208121,5179994861,1.01E-05,15838771425,7.28E-06,2.03358E+11,1.19E-05,1.70E-06,1.78568232,0.077694043,0.110415574,0.110415574
-86.16664339,0.029651467,9744586296,1.14E-05,18937602343,5.86E-06,1.97124E+11,1.18E-05,8.04E-06,1.163293436,0.143277014,0.22247033,0.22247033
-85.3006795,0.036478399,5671468656,1.17E-05,17112654517,6.79E-06,1.97428E+11,1.09E-05,2.11E-06,2.590794763,0.133355908,0.229006222,0.229006222
-23.11377323,0.028726976,8438090750,1.23E-05,15436482561,6.58E-06,1.95991E+11,1.16E-05,2.45E-06,1.237378591,0.035728868,0.064255932,0.064255932
-78.7670523,0.026881351,18118125321,8.24E-06,25931263695,5.35E-06,2.03164E+11,1.11E-05,1.45E-06,1.192737032,0.134256997,0.147672646,0.147672646
-86.16685703,0.022870387,9444537809,1.19E-05,10883899032,1.10E-05,2.07232E+11,1.10E-05,2.74E-06,0.919661607,0.11314762,0.236558471,0.236558471
-37.80437534,0.024505711,6970791208,9.79E-06,10095281411,8.53E-06,1.93669E+11,1.12E-05,4.83E-06,1.801765783,0.058609592,0.085624668,0.085624668
-22.6619129,0.024286364,10639763445,1.05E-05,13938364143,1.06E-05,1.95458E+11,1.22E-05,5.59E-06,2.973346812,0.038183917,0.055490658,0.055490658
-107.0646362,0.022341795,5741653783,9.02E-06,11541863475,8.75E-06,2.07834E+11,1.29E-05,2.35E-05,1.053709225,0.208779141,0.223670797,0.223670797
-51.44876313,0.020856959,18203456809,1.22E-05,10610107720,1.10E-05,1.94329E+11,1.07E-05,1.70E-05,2.144723507,0.057364067,0.144765426,0.144765426
-105.883625,0.029131847,15473679608,1.13E-05,23325512073,1.10E-05,2.06712E+11,1.17E-05,4.53E-05,1.045678204,0.174656464,0.277659411,0.277659411
-73.17181972,0.034703713,5638005043,1.25E-05,11348937139,9.37E-06,2.08904E+11,1.22E-05,3.31E-06,0.711745193,0.133176842,0.209516366,0.209516366
-114.472861,0.026495602,19036199485,1.12E-05,14629443023,6.14E-06,2.0429E+11,1.29E-05,4.20E-06,0.594827872,0.219021744,0.288030844,0.288030844
-114.5605982,0.024029824,5359321122,1.15E-05,12886842523,1.10E-05,1.90357E+11,1.26E-05,4.18E-05,2.43885668,0.190116263,0.307972351,0.307972351
-114.5477705,0.034138547,11105147722,1.19E-05,19574643974,9.65E-06,2.03398E+11,1.22E-05,1.14E-06,2.113296424,0.206024141,0.316178149,0.316178149
-116.2617105,0.020570408,14956763347,1.25E-05,26467239607,9.64E-06,2.0264E+11,1.22E-05,3.25E-06,0.806633426,0.168066249,0.331505708,0.331505708
-65.68972399,0.034197605,5902703856,1.07E-05,11133409063,6.74E-06,1.95306E+11,1.13E-05,9.23E-06,1.120878294,0.111944743,0.160677262,0.160677262
-78.50510754,0.028715315,6507150067,1.07E-05,27105686065,1.06E-05,2.00323E+11,1.19E-05,1.27E-05,1.907173096,0.133613959,0.196219841,0.196219841
-40.49359863,0.029966429,13291844934,1.17E-05,22189286871,1.05E-05,1.90653E+11,1.05E-05,6.38E-06,0.569352564,0.058096121,0.108720385,0.108720385
-82.92475465,0.030354529,8184613611,9.33E-06,20355484295,8.89E-06,1.94169E+11,1.26E-05,1.26E-05,0.883000218,0.167262138,0.179686385,0.179686385
-109.2775027,0.023298678,16864727848,9.45E-06,34561169678,8.19E-06,2.01675E+11,1.30E-05,2.51E-06,1.214172754,0.212223363,0.238003376,0.238003376
-96.31917728,0.020122818,7026084019,9.10E-06,29393559106,5.13E-06,1.90336E+11,1.05E-05,5.86E-06,1.061412881,0.133079926,0.197058967,0.197058967
-38.76197706,0.033754644,9315266065,9.91E-06,17100730094,8.69E-06,2.01548E+11,1.12E-05,5.13E-06,2.23466464,0.065898962,0.089480729,0.089480729
-92.44856196,0.02499421,5778390850,1.12E-05,11152358176,8.84E-06,1.9921E+11,1.23E-05,3.64E-06,1.417082154,0.155383264,0.238899862,0.238899862
-54.72015184,0.035773577,11954662069,9.75E-06,15640891276,1.01E-05,1.94582E+11,1.11E-05,2.85E-05,1.222085732,0.094865041,0.125450394,0.125450394
-89.70593542,0.024835273,16879473368,1.07E-05,29060741753,9.60E-06,2.03473E+11,1.26E-05,9.51E-06,1.621908664,0.158077086,0.2232678,0.2232678
-30.61857516,0.022348858,5230785891,1.16E-05,30338250173,7.28E-06,2.03675E+11,1.09E-05,2.31E-06,2.256445157,0.038613834,0.080834051,0.080834051
-58.08046189,0.022617119,6781513087,1.17E-05,11641117635,7.52E-06,2.09214E+11,1.19E-05,1.75E-05,0.956302364,0.088193618,0.153632317,0.153632317
-118.6023078,0.026904436,5205000044,1.21E-05,30953999542,9.57E-06,1.92771E+11,1.08E-05,3.98E-06,1.638807836,0.157850125,0.331494581,0.331494581
-25.2120789,0.021427219,16472465988,8.27E-06,12746026659,1.03E-05,1.97141E+11,1.29E-05,1.19E-05,2.375305093,0.049399602,0.049431445,0.049431445
-36.45427706,0.039160022,8722678573,8.74E-06,31196316875,9.04E-06,1.9375E+11,1.06E-05,4.45E-06,1.126103688,0.063716182,0.075025024,0.075025024
-29.70284613,0.0226833,9088812192,1.24E-05,20997902205,7.86E-06,1.9403E+11,1.09E-05,8.59E-06,2.244747134,0.035203137,0.083707274,0.083707274
-67.07913583,0.023872752,6942329222,1.24E-05,20104532416,8.17E-06,2.07603E+11,1.08E-05,1.83E-06,0.522801595,0.086789602,0.18697593,0.18697593
-99.09543563,0.0212498,16140699163,8.12E-06,13488731766,7.58E-06,2.06102E+11,1.05E-05,3.94E-05,1.028877107,0.148915238,0.185679078,0.185679078
-77.95961299,0.033215754,7836541478,8.01E-06,21737946214,8.33E-06,1.94621E+11,1.09E-05,1.85E-06,0.630900842,0.141505535,0.145667205,0.145667205
-23.8178741,0.038502676,17807570514,1.20E-05,19401094490,1.10E-05,2.01967E+11,1.23E-05,1.80E-06,0.63661989,0.0460806,0.066236198,0.066236198
-33.51284986,0.034617189,12826755958,1.24E-05,12831778776,9.08E-06,1.99658E+11,1.19E-05,1.05E-06,1.894314985,0.056971183,0.095691136,0.095691136
-41.82330024,0.024442857,15687747886,9.85E-06,19003231842,8.29E-06,2.00344E+11,1.13E-05,2.49E-06,2.71538671,0.065087286,0.095246289,0.095246289
-26.27526598,0.035383945,9384600031,1.14E-05,26374460727,7.42E-06,1.99418E+11,1.17E-05,5.69E-06,0.882070338,0.046745011,0.06824405,0.06824405
-79.83843525,0.038349613,6375868605,8.43E-06,18552841293,8.68E-06,2.08313E+11,1.12E-05,1.70E-05,1.287096935,0.149624304,0.158471311,0.158471311
-36.78435591,0.026194778,6572162296,1.18E-05,32615218867,1.10E-05,2.07916E+11,1.25E-05,7.19E-06,0.864118556,0.063903275,0.100102424,0.100102424
-84.76895229,0.031190425,10254886211,1.25E-05,19297569142,1.10E-05,1.9921E+11,1.24E-05,5.72E-06,0.565007872,0.153125998,0.244396624,0.244396624
-93.63828313,0.035796092,15063436389,1.28E-05,26145364505,7.36E-06,1.97746E+11,1.29E-05,1.35E-06,1.773580596,0.179681292,0.273012301,0.273012301
-66.61365364,0.026614761,15761868078,1.20E-05,29598107204,9.73E-06,1.98032E+11,1.11E-05,3.79E-05,0.941894497,0.094810336,0.183145663,0.183145663
-93.21647761,0.039314931,16962678134,8.56E-06,12650220457,6.57E-06,2.07817E+11,1.17E-05,4.34E-05,0.708270891,0.187994817,0.183658975,0.187994817
-60.04556205,0.024863589,18562192486,8.87E-06,19629562861,9.09E-06,2.07882E+11,1.20E-05,3.82E-06,2.452024436,0.107837989,0.124644492,0.124644492
-23.05593121,0.027895413,5886314288,1.26E-05,22557390117,6.44E-06,2.08836E+11,1.15E-05,4.28E-05,0.599154974,0.034898747,0.065303741,0.065303741
-108.9476666,0.030088666,7376342806,8.37E-06,28895207845,5.16E-06,1.92312E+11,1.18E-05,1.99E-06,0.906881784,0.20785456,0.207008902,0.20785456
-92.82589401,0.032350743,13957777205,1.19E-05,21547780539,1.10E-05,2.07535E+11,1.24E-05,1.48E-06,1.427885523,0.167781259,0.257453056,0.257453056
-92.62237084,0.02733571,19309095061,1.04E-05,26712893486,1.01E-05,2.039E+11,1.27E-05,4.81E-05,0.726380691,0.178172177,0.223689988,0.223689988
-78.29471361,0.034074489,18171790798,9.88E-06,26025680078,7.78E-06,2.04049E+11,1.19E-05,1.97E-06,0.720495085,0.14930742,0.17791348,0.17791348
-32.96859332,0.022711141,17433946872,8.98E-06,11523647597,8.49E-06,1.97507E+11,1.23E-05,1.90E-05,0.677766449,0.060872765,0.06818877,0.06818877
-24.12359369,0.037391367,8546394710,8.78E-06,11410318081,8.74E-06,1.96382E+11,1.15E-05,6.64E-06,0.722529489,0.046565171,0.049513593,0.049513593
-78.49206766,0.035306052,5723636885,1.22E-05,17627300729,5.09E-06,1.94344E+11,1.25E-05,2.19E-05,0.512538319,0.152796357,0.213304171,0.213304171
-68.41257229,0.028664884,18990018284,9.87E-06,10436669040,9.98E-06,2.03095E+11,1.27E-05,2.20E-05,1.003130475,0.133905529,0.157556777,0.157556777
-87.15778265,0.031269928,5595307555,1.13E-05,21791344330,5.03E-06,2.08452E+11,1.26E-05,3.14E-06,1.117507032,0.163486506,0.222438692,0.222438692
-113.7165279,0.022103216,7589001407,1.07E-05,35740840454,1.10E-05,1.95325E+11,1.15E-05,3.87E-05,1.720648219,0.16754107,0.284098074,0.284098074
-117.1481672,0.039777288,9355474005,1.23E-05,18596392372,1.10E-05,1.99164E+11,1.06E-05,3.97E-06,1.602579971,0.179697199,0.3363956,0.3363956
-61.63769467,0.038514275,5011379519,8.59E-06,38803922130,8.85E-06,2.04688E+11,1.09E-05,5.76E-06,2.33569037,0.110606976,0.124983081,0.124983081
-43.06133781,0.033431413,9493300492,1.16E-05,19005289779,1.10E-05,1.90421E+11,1.19E-05,9.19E-06,1.140663719,0.07541068,0.116094808,0.116094808
-78.92778572,0.021465182,10779921412,1.00E-05,29089752548,5.15E-06,2.03832E+11,1.27E-05,2.07E-06,1.821869822,0.140048969,0.178333407,0.178333407
-66.46306687,0.029762748,12854430317,8.08E-06,10909596362,8.01E-06,1.91124E+11,1.11E-05,3.87E-06,1.018312595,0.117693309,0.125159504,0.125159504
-24.10433198,0.024449176,17592537866,1.00E-05,30533097924,8.99E-06,2.01799E+11,1.27E-05,1.06E-05,1.202569198,0.044898255,0.055820736,0.055820736
-100.4372926,0.024216537,6036163152,1.16E-05,12092145002,1.10E-05,2.03223E+11,1.23E-05,1.96E-06,2.508827054,0.16127634,0.270901981,0.270901981
-83.5234253,0.025395761,13809426769,1.06E-05,21465908551,6.68E-06,2.0192E+11,1.25E-05,2.26E-06,1.526451524,0.148974874,0.201252895,0.201252895
-26.45140664,0.022167008,6951348985,1.13E-05,29737710235,7.21E-06,1.94082E+11,1.08E-05,5.95E-06,2.022109464,0.033522469,0.068082567,0.068082567
-90.89636114,0.021708803,19777435021,1.12E-05,10498592302,6.30E-06,1.98363E+11,1.17E-05,2.40E-06,2.35663373,0.131797807,0.230547209,0.230547209
-116.6021548,0.033940685,10848863006,1.17E-05,13779420893,1.10E-05,1.91808E+11,1.28E-05,3.86E-06,0.721274892,0.231672467,0.315630441,0.315630441
-49.38744303,0.026159664,10943864743,1.15E-05,13386205709,1.10E-05,1.93823E+11,1.05E-05,3.44E-06,0.749027435,0.066398494,0.130964209,0.130964209
-102.0316497,0.027857623,7880941393,1.19E-05,16043274764,6.89E-06,2.02584E+11,1.25E-05,2.12E-05,1.333406916,0.176001163,0.276145754,0.276145754
-113.2769849,0.036205557,19544847591,1.22E-05,33137268393,1.10E-05,2.04612E+11,1.27E-05,1.12E-05,1.091189619,0.219145905,0.322929277,0.322929277
-105.4618783,0.039059315,10046772374,9.02E-06,35225406848,8.84E-06,2.08443E+11,1.14E-05,4.91E-06,1.493958169,0.198757556,0.223447194,0.223447194
-91.35695654,0.020938555,6177761859,9.05E-06,13480286344,8.99E-06,1.9445E+11,1.18E-05,1.44E-05,1.060402846,0.152709491,0.191555602,0.191555602
-66.34325889,0.030196576,14042976483,9.73E-06,18307973880,9.56E-06,1.92253E+11,1.07E-05,2.93E-05,1.086518634,0.105068776,0.150517972,0.150517972
-21.90133586,0.032736638,13409932764,1.01E-05,14105330917,5.14E-06,1.95311E+11,1.24E-05,4.14E-05,0.563416677,0.043597894,0.049553416,0.049553416
-66.1374497,0.030966419,10247792326,1.15E-05,17966602528,1.10E-05,2.00949E+11,1.16E-05,1.38E-06,0.521782301,0.112604216,0.175579919,0.175579919
-53.22098257,0.035565911,19321199056,1.11E-05,12608955958,1.10E-05,1.92653E+11,1.15E-05,1.51E-06,1.475852955,0.091563997,0.139146624,0.139146624
-119.9576227,0.032171829,19850067521,1.19E-05,18471455289,5.15E-06,2.09242E+11,1.16E-05,4.50E-06,2.63962624,0.19464785,0.321510012,0.321510012
-101.5828074,0.031441805,11001555076,1.16E-05,12308387632,1.10E-05,1.95558E+11,1.06E-05,1.52E-05,1.943562241,0.143838797,0.276393079,0.276393079
-87.35902636,0.026526192,8699820660,9.48E-06,13014466602,7.60E-06,2.00651E+11,1.16E-05,7.06E-06,0.667559925,0.151910476,0.189323413,0.189323413
-69.40044516,0.027507391,12812355897,1.15E-05,21257743873,7.09E-06,2.03602E+11,1.17E-05,3.01E-05,2.09348036,0.108742884,0.18237156,0.18237156
-29.37020806,0.039790532,7513943862,9.33E-06,25116071007,1.06E-05,2.07124E+11,1.27E-05,3.45E-05,0.877010056,0.064132658,0.064849825,0.064849825
-100.038693,0.022314246,5852317706,9.49E-06,16295801969,9.94E-06,1.95441E+11,1.07E-05,2.61E-06,0.551838707,0.147708532,0.219411641,0.219411641
-113.9008814,0.038021438,6305651135,9.06E-06,27642563576,6.54E-06,1.93778E+11,1.20E-05,1.14E-06,0.718225976,0.232471202,0.236638932,0.236638932
-74.49687819,0.031555092,14473708219,9.36E-06,34930233075,9.82E-06,2.05212E+11,1.26E-05,3.32E-05,1.35597199,0.150167331,0.163811592,0.163811592
-44.33439303,0.035717221,15895072477,8.68E-06,12107571726,1.02E-05,1.92961E+11,1.18E-05,3.29E-06,2.230589062,0.086138482,0.091607066,0.091607066
-63.86443866,0.023346543,5033053016,1.24E-05,21005428901,1.10E-05,1.92108E+11,1.13E-05,4.33E-06,2.03251952,0.083315074,0.182685739,0.182685739
-23.59287625,0.030344509,5228866778,1.23E-05,17655608316,8.04E-06,1.93564E+11,1.10E-05,1.72E-06,0.552253071,0.035107855,0.065878532,0.065878532
-97.88893441,0.02092865,6597349664,8.79E-06,11017478662,8.46E-06,1.91293E+11,1.17E-05,1.19E-05,0.932573767,0.166200878,0.198784529,0.198784529
-64.13087883,0.038651682,15036510202,8.63E-06,12344177220,1.05E-05,1.90002E+11,1.14E-05,5.22E-06,1.13604456,0.123397533,0.131829587,0.131829587
-99.20479118,0.035792213,19907626258,9.66E-06,10426320585,6.03E-06,2.03149E+11,1.25E-05,1.93E-06,1.27731459,0.203830066,0.219247427,0.219247427
-99.0771454,0.028005263,17297987613,1.03E-05,26846689903,1.02E-05,1.96983E+11,1.16E-05,1.81E-05,2.438444204,0.165054986,0.238156048,0.238156048
-20.56723085,0.031159836,7141948287,1.24E-05,20634983837,6.78E-06,2.05569E+11,1.30E-05,7.81E-06,0.553567505,0.039780708,0.057228115,0.057228115
-112.2857146,0.029558387,11302375036,9.42E-06,22910020021,9.51E-06,2.05757E+11,1.18E-05,4.15E-06,0.644864879,0.207717827,0.245587727,0.245587727
-45.5887143,0.038215227,8900781086,1.03E-05,15376490631,1.02E-05,2.01756E+11,1.22E-05,7.78E-06,0.509547729,0.092073792,0.109029173,0.109029173
-88.20541137,0.024254668,16939228809,9.17E-06,29084827860,9.62E-06,2.05113E+11,1.26E-05,7.94E-06,2.801068108,0.166024385,0.189655753,0.189655753
-110.8663392,0.020609277,13421706570,1.06E-05,24328201322,1.06E-05,2.00181E+11,1.27E-05,2.42E-05,1.185842005,0.188905412,0.273004556,0.273004556
-90.82911831,0.026229439,11261114924,1.19E-05,19490171446,1.10E-05,2.01955E+11,1.11E-05,1.77E-06,2.851389208,0.123772691,0.252120174,0.252120174
-70.6825391,0.028833013,18180890059,1.23E-05,18525498664,5.39E-06,2.07252E+11,1.26E-05,1.37E-06,0.720829119,0.126797117,0.194997443,0.194997443
-111.2088497,0.039406087,5222452715,1.27E-05,14183824996,1.10E-05,1.97277E+11,1.24E-05,1.74E-05,0.998268412,0.212906665,0.32789166,0.32789166
-89.9270891,0.034366846,8362740531,1.10E-05,11968703202,7.34E-06,2.09401E+11,1.18E-05,7.65E-06,1.919961476,0.160139212,0.227650578,0.227650578
-60.24136728,0.029526721,6044938884,1.23E-05,32133979597,1.10E-05,1.99574E+11,1.25E-05,5.57E-06,0.542091483,0.108580629,0.170385154,0.170385154
-33.08948663,0.028150275,13453713023,1.29E-05,24513675153,8.02E-06,2.08244E+11,1.14E-05,2.95E-06,0.676271776,0.04888217,0.09643355,0.09643355
-50.96596375,0.027105918,9162959110,1.19E-05,36282083026,1.06E-05,2.05269E+11,1.18E-05,2.18E-05,1.082213278,0.080589864,0.140234514,0.140234514
-63.36194933,0.035418847,6601041796,1.26E-05,16127194952,1.10E-05,1.99298E+11,1.20E-05,2.15E-05,1.362373766,0.110172011,0.185809145,0.185809145
-96.46432863,0.024844344,10396847899,1.05E-05,25933005552,1.02E-05,1.98754E+11,1.12E-05,7.08E-06,1.432654312,0.143942685,0.235274185,0.235274185
-73.70613821,0.023767067,9199803765,1.23E-05,27598644139,1.05E-05,1.93048E+11,1.07E-05,2.56E-05,1.536813365,0.088421757,0.209413285,0.209413285
-107.6760188,0.02601149,8375161324,1.02E-05,19341535478,9.31E-06,2.02625E+11,1.06E-05,7.18E-06,0.601054843,0.159246327,0.252385589,0.252385589
-90.55068303,0.032108384,5381670929,1.24E-05,16852078044,7.90E-06,2.06964E+11,1.28E-05,1.44E-06,1.216605428,0.169712878,0.256303867,0.256303867
-81.75088707,0.028114218,10273053858,8.37E-06,28445969156,8.54E-06,1.93658E+11,1.24E-05,3.87E-06,1.300120674,0.162961026,0.160009792,0.162961026
-63.72101562,0.037321948,16069906534,1.27E-05,15413852140,5.09E-06,2.03167E+11,1.27E-05,2.48E-05,1.659434548,0.122011834,0.183335129,0.183335129
-73.20044555,0.032211008,17240665955,1.04E-05,25970469904,1.07E-05,2.01008E+11,1.16E-05,1.51E-06,0.744670069,0.129974174,0.177721748,0.177721748
-48.02496069,0.035296679,6733156741,1.23E-05,24652205083,5.75E-06,2.00408E+11,1.23E-05,2.01E-06,2.257350202,0.086243102,0.134069208,0.134069208
-40.51491268,0.03953054,5767140799,8.36E-06,12204774542,5.65E-06,2.07784E+11,1.27E-05,1.42E-06,0.647433681,0.091173519,0.077459332,0.091173519
-40.12819007,0.039536853,8047410406,8.60E-06,17677910055,7.17E-06,2.08927E+11,1.14E-05,2.27E-05,2.693975346,0.077037101,0.080546279,0.080546279
-29.03455522,0.037844425,7672882101,1.04E-05,17822174581,7.50E-06,1.92472E+11,1.11E-05,3.85E-06,0.520606223,0.051656299,0.069189292,0.069189292
-44.65427302,0.031710965,6127016053,9.20E-06,16477100193,9.21E-06,1.98064E+11,1.18E-05,2.07E-05,0.66146958,0.084356005,0.095562536,0.095562536
-28.38813222,0.037207333,7553092308,8.71E-06,19050046470,6.49E-06,1.98792E+11,1.17E-05,4.18E-05,1.431498758,0.055387163,0.057144194,0.057144194
-44.93952644,0.037631911,7357932278,8.67E-06,24337572562,6.78E-06,1.99016E+11,1.08E-05,6.72E-06,2.183497043,0.078749995,0.090458337,0.090458337
-77.79695973,0.037968802,8609918580,9.06E-06,30081224816,9.34E-06,2.09628E+11,1.27E-05,3.22E-05,0.920883938,0.168392005,0.165443547,0.168392005
-67.64862846,0.029019122,12691291008,8.20E-06,16837551917,8.18E-06,1.92585E+11,1.23E-05,4.38E-06,2.704125795,0.133830577,0.129972167,0.133830577
-82.19770834,0.025749385,11704567077,8.95E-06,33462986965,5.22E-06,1.91219E+11,1.06E-05,2.97E-05,1.315290026,0.12458014,0.16669019,0.16669019
-48.64618849,0.034278749,6457121409,1.20E-05,31419057064,9.87E-06,2.02951E+11,1.11E-05,4.71E-05,2.171547057,0.07566661,0.135317188,0.135317188
-37.46992689,0.030402093,10284625064,1.15E-05,10680853384,1.10E-05,1.9244E+11,1.06E-05,9.07E-06,1.265584272,0.052888186,0.100520964,0.100520964
-74.54046709,0.030385823,17834484402,9.75E-06,13981460850,7.62E-06,2.03144E+11,1.12E-05,2.59E-05,1.285590967,0.12563532,0.167386478,0.167386478
-90.67293571,0.035958644,10496426315,8.96E-06,18381584026,7.22E-06,2.0192E+11,1.11E-05,4.06E-05,0.543948903,0.166354524,0.18654995,0.18654995
-95.95533842,0.021268814,8425603205,1.02E-05,22498974921,5.70E-06,1.93678E+11,1.09E-05,1.94E-06,0.796806665,0.135943243,0.219213054,0.219213054
-27.65858628,0.030528031,17169304132,8.19E-06,14913976804,7.34E-06,2.09322E+11,1.19E-05,1.60E-06,1.55929572,0.053375101,0.0526704,0.053375101
-25.50636269,0.026003349,5153230851,8.99E-06,31838639500,7.70E-06,1.97536E+11,1.16E-05,2.51E-05,2.478275865,0.043539639,0.053094287,0.053094287
-91.50129274,0.033483548,19871056965,1.14E-05,34777584688,6.73E-06,1.93074E+11,1.19E-05,2.93E-06,1.610643984,0.160201785,0.238951402,0.238951402
-54.167349,0.023332309,12745730637,8.05E-06,34952930900,9.77E-06,2.0633E+11,1.11E-05,1.52E-06,2.953233949,0.088704198,0.103312321,0.103312321
-67.68800056,0.025806223,15535562603,9.11E-06,24579332211,8.57E-06,1.90764E+11,1.22E-05,1.25E-05,2.992719551,0.124364854,0.143746765,0.143746765
-51.85182932,0.035013729,10564733614,1.02E-05,23902291588,8.17E-06,2.02448E+11,1.09E-05,4.89E-06,1.813588535,0.085346353,0.122265162,0.122265162
-69.1073022,0.035449542,8140205973,8.28E-06,26103025007,7.13E-06,1.91604E+11,1.05E-05,3.34E-06,1.588441413,0.117877704,0.133118071,0.133118071
-86.74616533,0.020616591,7742234234,1.14E-05,16147813090,5.53E-06,1.91435E+11,1.27E-05,6.26E-06,0.760145175,0.144031167,0.220953434,0.220953434
-68.72284705,0.024296142,17088401226,1.20E-05,17343047450,1.09E-05,2.05228E+11,1.08E-05,1.12E-05,2.455984378,0.086625781,0.191041999,0.191041999
-35.42965029,0.03407524,5733314554,1.24E-05,31262608060,1.10E-05,2.01512E+11,1.17E-05,1.54E-05,0.881264691,0.060027709,0.101749527,0.101749527
-52.0207205,0.031147288,8922261761,1.12E-05,28371199199,1.00E-05,1.95113E+11,1.12E-05,1.04E-06,0.553689796,0.085027201,0.134487891,0.134487891
-76.47190554,0.034758755,15019814304,1.03E-05,33662226947,1.08E-05,1.91523E+11,1.28E-05,3.20E-05,2.132560792,0.155578778,0.184918306,0.184918306
-86.65260042,0.024772234,12996100577,1.22E-05,18981880299,7.01E-06,2.07237E+11,1.27E-05,1.58E-05,2.41248894,0.143187113,0.239350844,0.239350844
-46.04741922,0.032411833,9526476529,1.21E-05,10055855775,1.02E-05,1.90006E+11,1.14E-05,4.73E-05,1.336648209,0.073208072,0.129253716,0.129253716
-44.59663204,0.022415421,7465992382,1.28E-05,30427695146,1.10E-05,1.9255E+11,1.18E-05,2.93E-06,0.672028474,0.063121531,0.130474759,0.130474759
-38.94684507,0.030634123,9021617232,1.28E-05,28283438339,1.10E-05,1.9362E+11,1.26E-05,3.61E-05,1.808800239,0.067391149,0.116131312,0.116131312
-79.38190086,0.035568046,7086496839,1.14E-05,32048521970,6.87E-06,1.91359E+11,1.28E-05,1.19E-06,1.745301208,0.156842679,0.207781563,0.207781563
-77.17021274,0.033911045,7648748730,1.04E-05,19890079511,9.45E-06,2.02198E+11,1.10E-05,2.96E-06,0.590913607,0.130049853,0.186090732,0.186090732
-83.25466529,0.026484914,7190600518,9.55E-06,18235158133,6.68E-06,2.06423E+11,1.23E-05,1.24E-06,2.984020516,0.152769024,0.182380321,0.182380321
-108.5373184,0.021501104,16331007905,8.75E-06,12799606253,1.01E-05,2.00697E+11,1.22E-05,1.48E-06,1.717221745,0.194827597,0.223503015,0.223503015
-42.25504024,0.026947044,8623583613,8.71E-06,12064779851,5.77E-06,2.01961E+11,1.15E-05,1.03E-06,1.495115977,0.073958487,0.083996001,0.083996001
-63.34163601,0.020542261,8711772601,1.17E-05,17617163499,6.81E-06,1.92459E+11,1.16E-05,3.96E-05,1.197200238,0.087448469,0.166985146,0.166985146
-49.73983633,0.03991744,5933596241,9.73E-06,10604582628,8.05E-06,1.90661E+11,1.24E-05,4.03E-06,1.084354374,0.103802768,0.11238434,0.11238434
-53.18159117,0.024378999,13040284876,9.90E-06,16954478222,8.06E-06,1.96809E+11,1.23E-05,2.76E-05,0.538535577,0.097474908,0.119923372,0.119923372
-118.7352827,0.023364558,9836209725,1.23E-05,11296881034,5.13E-06,1.90051E+11,1.18E-05,3.69E-05,2.650524948,0.167695085,0.327268987,0.327268987
-82.9851262,0.03204079,5919851940,1.12E-05,14368075782,5.87E-06,2.06798E+11,1.25E-05,7.99E-06,0.657958315,0.158758984,0.209179256,0.209179256
-55.63814331,0.039148931,14561333351,1.23E-05,20144919542,8.30E-06,1.99809E+11,1.05E-05,3.16E-05,0.864440006,0.085288344,0.157356118,0.157356118
-103.7698388,0.033070486,5045198572,1.15E-05,37529418316,6.09E-06,2.09191E+11,1.15E-05,1.36E-05,0.758622359,0.176981513,0.268672181,0.268672181
-107.0276435,0.035049082,14645501061,9.34E-06,24406604719,1.03E-05,1.97778E+11,1.26E-05,1.85E-05,0.565117378,0.226904771,0.233800494,0.233800494
-91.47506086,0.03577272,6113638602,8.88E-06,24121918840,6.47E-06,2.09565E+11,1.13E-05,9.78E-06,1.669843624,0.167986141,0.187465421,0.187465421
-113.2017237,0.025509587,18893831848,1.14E-05,30915423315,1.04E-05,2.04487E+11,1.25E-05,8.54E-06,0.532588141,0.203344803,0.296294695,0.296294695
-68.03033028,0.023493214,15191531910,9.59E-06,16233371786,9.47E-06,2.07932E+11,1.09E-05,6.59E-06,0.777258486,0.102592103,0.151038607,0.151038607
-89.49724138,0.035542558,5518227052,1.10E-05,38545983063,1.10E-05,1.98986E+11,1.18E-05,1.62E-05,1.445615428,0.162222879,0.230729194,0.230729194
-110.6345608,0.032241732,13260937382,9.45E-06,35207012977,6.85E-06,1.96895E+11,1.06E-05,8.03E-06,2.018498701,0.175417328,0.240867897,0.240867897
-73.57005511,0.037959931,6735466162,1.03E-05,15782650238,6.28E-06,1.96345E+11,1.22E-05,5.67E-06,2.549802324,0.144243739,0.173150706,0.173150706
-44.53386678,0.033326988,14463573143,1.23E-05,29842608194,5.68E-06,1.90922E+11,1.18E-05,1.61E-06,0.955015973,0.07546359,0.123267638,0.123267638
-99.1795376,0.027239532,8470596837,9.98E-06,30760011249,9.71E-06,2.04307E+11,1.28E-05,1.71E-06,0.821940271,0.195003572,0.229553816,0.229553816
-94.6751128,0.036682215,10164708319,1.20E-05,24093537904,6.56E-06,1.90871E+11,1.08E-05,1.03E-05,0.668853505,0.149897802,0.257905704,0.257905704
-103.6992455,0.020969929,7100444386,8.94E-06,12297935809,7.17E-06,1.97173E+11,1.15E-05,6.70E-06,0.903989385,0.170286124,0.211793217,0.211793217
-62.28482785,0.038791722,9467907083,1.19E-05,17182585997,7.47E-06,2.0889E+11,1.15E-05,4.87E-05,2.858931485,0.107196729,0.170225474,0.170225474
-69.55476393,0.023036919,5295209558,9.12E-06,11806010276,6.19E-06,1.91838E+11,1.13E-05,6.75E-06,2.494439738,0.110377547,0.144762275,0.144762275
-117.065744,0.029795891,19291314084,1.18E-05,13458539669,1.10E-05,2.04465E+11,1.17E-05,4.01E-06,1.203793105,0.190781937,0.321827583,0.321827583
-73.45910548,0.020044175,13028901883,9.67E-06,24069926866,6.24E-06,1.91843E+11,1.28E-05,3.63E-06,0.792904288,0.134163256,0.160064324,0.160064324
-66.8044841,0.032913523,12770697999,9.82E-06,13615686195,6.87E-06,2.00302E+11,1.26E-05,1.33E-06,0.515528118,0.137915743,0.149129978,0.149129978
-20.93116403,0.035548805,11087198552,8.49E-06,39333190880,6.45E-06,1.95678E+11,1.10E-05,2.58E-05,1.592797991,0.037681072,0.04105461,0.04105461
-71.99414472,0.023601385,17845899737,1.11E-05,35290108994,8.10E-06,1.97698E+11,1.14E-05,1.09E-06,0.766196007,0.107616475,0.181644592,0.181644592
-88.51736079,0.025948494,5550156669,9.90E-06,15310433171,1.02E-05,1.94785E+11,1.28E-05,2.76E-06,1.627277615,0.169363168,0.205072661,0.205072661
-118.1839747,0.03863343,9261925101,9.62E-06,17021549063,5.43E-06,1.96745E+11,1.11E-05,3.89E-06,0.651928925,0.21453629,0.258070033,0.258070033
-84.97479661,0.029058577,17903821611,1.04E-05,16086460268,1.05E-05,2.00537E+11,1.29E-05,4.10E-06,2.952138735,0.165819998,0.206648592,0.206648592
-44.29367567,0.030303792,7445611715,9.94E-06,22590218694,5.36E-06,1.98993E+11,1.06E-05,3.31E-05,0.535192712,0.070099611,0.098919068,0.098919068
-113.8769164,0.021492795,8717216671,8.21E-06,25310631023,5.84E-06,1.97798E+11,1.19E-05,1.86E-05,2.915694799,0.199704361,0.213707859,0.213707859
-105.1987303,0.02878018,6280199291,9.15E-06,13313152192,9.27E-06,2.03818E+11,1.08E-05,8.15E-06,1.346484491,0.168112711,0.225031997,0.225031997
-65.68355243,0.035564739,8946492278,9.51E-06,16243193520,6.59E-06,1.94217E+11,1.07E-05,1.20E-05,1.609899309,0.109070957,0.143803547,0.143803547
-57.114642,0.035915451,7078016409,9.97E-06,33217563241,5.53E-06,1.94181E+11,1.15E-05,1.88E-05,1.147086254,0.104125238,0.129580802,0.129580802
-87.92777881,0.038837271,6094107319,1.11E-05,11436547636,1.08E-05,1.98249E+11,1.10E-05,2.38E-05,0.603499369,0.152401726,0.226574581,0.226574581
-80.45925465,0.024690146,17355306946,9.77E-06,24090727990,9.30E-06,2.00731E+11,1.24E-05,7.23E-06,1.694013961,0.14512688,0.182823214,0.182823214
-113.3539906,0.030564795,6290606364,1.07E-05,17826390798,1.02E-05,1.92187E+11,1.14E-05,1.27E-05,1.882513892,0.18694024,0.282531102,0.282531102
-82.90030445,0.038389089,7652192161,8.33E-06,35388161847,8.93E-06,2.0787E+11,1.14E-05,4.85E-06,0.607302542,0.161675853,0.161846679,0.161846679
-53.11824879,0.037381181,7266103126,1.28E-05,24443501998,5.96E-06,2.04723E+11,1.13E-05,1.49E-06,2.633097746,0.085276171,0.15491351,0.15491351
-73.34121455,0.031598176,7106850817,8.14E-06,39391245518,7.91E-06,2.06948E+11,1.07E-05,1.92E-06,1.201720717,0.124511516,0.139429411,0.139429411
-98.56531634,0.026319938,9915769580,1.18E-05,10471294509,1.10E-05,2.04387E+11,1.25E-05,1.37E-05,1.039371667,0.170640951,0.268792364,0.268792364
-53.05759178,0.020184146,5720660409,8.11E-06,18726662795,8.27E-06,1.99672E+11,1.25E-05,4.85E-05,0.509789525,0.103365133,0.099008471,0.103365133
-38.56184686,0.032776951,11327602098,1.09E-05,21205851905,8.94E-06,2.00276E+11,1.07E-05,2.00E-05,1.538537125,0.058680554,0.097340152,0.097340152
-46.26137238,0.02778275,9019642469,1.18E-05,11930635254,1.02E-05,1.92103E+11,1.21E-05,1.30E-06,2.400164172,0.075350765,0.127159823,0.127159823
-54.07937163,0.031668373,5254291596,1.21E-05,22381509973,1.04E-05,2.06828E+11,1.07E-05,1.71E-05,0.564887276,0.079380484,0.150942251,0.150942251
-93.9905258,0.029208737,18131950789,1.21E-05,15622629552,7.69E-06,1.90751E+11,1.20E-05,2.38E-05,2.925028098,0.151848754,0.26014207,0.26014207
-69.98258571,0.02574968,15421503901,1.27E-05,26063192469,1.10E-05,1.9715E+11,1.13E-05,3.11E-05,0.89130757,0.097381578,0.204514207,0.204514207
-85.59297164,0.0250649,7155962866,8.83E-06,21817659539,9.30E-06,1.94629E+11,1.09E-05,7.48E-06,0.664126945,0.138752657,0.175551871,0.175551871
-102.6343339,0.029327249,9984938033,1.13E-05,23825753811,7.10E-06,1.92449E+11,1.19E-05,1.11E-06,2.475631164,0.171377939,0.265142055,0.265142055
-64.80179946,0.027017481,8353429617,1.08E-05,35661732914,9.73E-06,1.91076E+11,1.23E-05,2.56E-06,1.439682946,0.113524387,0.162332778,0.162332778
-29.48368853,0.024805873,9954368566,1.08E-05,30162746308,5.80E-06,2.04922E+11,1.08E-05,5.15E-06,1.837407671,0.040905915,0.07171931,0.07171931
-117.6372382,0.026621868,18294764544,1.08E-05,24391602875,7.28E-06,2.09407E+11,1.29E-05,4.60E-06,2.900057996,0.217283801,0.291479249,0.291479249
-41.57306843,0.034280391,11744733675,1.07E-05,28006681325,9.09E-06,1.90945E+11,1.26E-05,3.27E-06,0.573959443,0.083677436,0.102214839,0.102214839
-99.4211476,0.028624025,11344054511,1.05E-05,11191966538,1.08E-05,1.9835E+11,1.23E-05,6.95E-06,1.957913056,0.179921801,0.24434903,0.24434903
-101.9082748,0.032921413,9393983914,1.02E-05,29772002904,1.02E-05,1.93963E+11,1.18E-05,8.76E-06,0.897622358,0.18767393,0.242246334,0.242246334
-95.58692818,0.026677639,5660212011,8.29E-06,19899083262,8.25E-06,2.09769E+11,1.19E-05,2.10E-05,0.67382075,0.181136598,0.183515398,0.183515398
-75.84800502,0.037045928,5812929118,1.04E-05,10291151113,9.75E-06,1.90425E+11,1.17E-05,2.69E-06,0.950713486,0.140507546,0.183450847,0.183450847
-27.76732994,0.022272159,11734605684,1.23E-05,35013993471,6.84E-06,2.06692E+11,1.13E-05,3.75E-06,1.056685535,0.036593654,0.076883286,0.076883286
-62.74562804,0.031901633,8758815338,1.25E-05,12951196261,8.38E-06,1.95565E+11,1.16E-05,8.22E-06,0.70425688,0.101483341,0.179184912,0.179184912
-44.27970948,0.036212946,19685235790,1.25E-05,39169650706,6.03E-06,1.93418E+11,1.09E-05,1.30E-05,0.929164025,0.068044666,0.125593473,0.125593473
-100.2709316,0.036119923,8407599414,1.15E-05,26339388535,1.10E-05,2.01663E+11,1.27E-05,1.12E-06,0.716785665,0.202203366,0.268720609,0.268720609
-76.12649696,0.028635524,7408171701,1.20E-05,14550907645,7.76E-06,1.94075E+11,1.06E-05,1.40E-05,0.916375032,0.103457936,0.208286298,0.208286298
-86.11753967,0.023595139,6375837630,1.07E-05,15054056593,5.14E-06,2.01757E+11,1.07E-05,3.89E-06,2.747974705,0.11393209,0.207597521,0.207597521
-58.72538466,0.025816854,18802165027,1.27E-05,20559773832,1.10E-05,1.93494E+11,1.29E-05,1.30E-06,2.247353953,0.098273552,0.173289372,0.173289372
-75.94988977,0.032849912,6344966457,1.16E-05,12114848832,1.10E-05,2.08562E+11,1.05E-05,3.04E-05,2.747405612,0.108248096,0.206263883,0.206263883
-33.27902112,0.039572617,14722841853,8.69E-06,33550498597,5.03E-06,1.91798E+11,1.05E-05,1.43E-06,0.593451379,0.058682406,0.065676339,0.065676339
-41.65637114,0.034932959,10259199210,1.00E-05,13126445866,6.85E-06,1.96489E+11,1.05E-05,3.74E-05,0.637432183,0.067315948,0.095142575,0.095142575
-59.59865493,0.032179371,6169745120,9.35E-06,36570339122,1.03E-05,2.09261E+11,1.20E-05,1.37E-06,1.208303775,0.113721291,0.131331544,0.131331544
-79.32970071,0.024498212,5394855662,9.17E-06,30617619769,9.66E-06,2.0973E+11,1.14E-05,1.24E-06,0.520641341,0.135422686,0.168403801,0.168403801
-80.09261946,0.025386612,9327725166,9.34E-06,21016586178,6.26E-06,1.96528E+11,1.22E-05,2.06E-06,0.777976759,0.148082264,0.169622043,0.169622043
-87.19151881,0.030464819,17683242931,1.23E-05,19057074419,8.79E-06,1.96792E+11,1.07E-05,1.19E-06,0.767685197,0.122675221,0.244472562,0.244472562
-22.34908998,0.031944783,17145708342,1.16E-05,27740137489,1.03E-05,2.09316E+11,1.13E-05,1.33E-06,0.516017981,0.037079358,0.059557865,0.059557865
-89.14890248,0.02727945,11055848744,1.22E-05,16303623254,5.01E-06,1.91769E+11,1.18E-05,4.51E-05,1.09217736,0.140241915,0.242449594,0.242449594
-67.66317696,0.02287892,8726714920,1.26E-05,37275668021,8.71E-06,2.06667E+11,1.25E-05,5.73E-06,2.024548157,0.103156802,0.193864904,0.193864904
-42.71165523,0.029980058,11980392244,1.03E-05,19175010680,7.87E-06,1.95523E+11,1.25E-05,7.10E-06,1.465403634,0.080931509,0.101299834,0.101299834
-118.8834135,0.029018058,18877143955,1.04E-05,16422083070,8.88E-06,2.05678E+11,1.30E-05,1.74E-06,1.716147915,0.234210145,0.287559449,0.287559449
-102.9644964,0.03032877,11019625104,1.26E-05,29474011328,6.19E-06,2.05193E+11,1.06E-05,1.04E-06,2.970974897,0.135477392,0.294404843,0.294404843
-83.54781271,0.039878404,18608737294,9.19E-06,16955130941,8.63E-06,1.98373E+11,1.26E-05,1.60E-05,2.767045388,0.17811455,0.180372333,0.180372333
-70.62101359,0.039976456,16743697759,9.80E-06,17327640918,1.07E-05,1.98351E+11,1.25E-05,3.76E-06,1.257703156,0.148418685,0.16370467,0.16370467
-106.1867831,0.025859121,7770478749,1.26E-05,11037528671,9.58E-06,2.01066E+11,1.06E-05,8.79E-06,1.49880158,0.130353136,0.306487426,0.306487426
-79.75869643,0.024203337,10959681723,9.63E-06,20880936946,6.29E-06,2.09937E+11,1.10E-05,8.23E-06,1.171350561,0.121407889,0.174526886,0.174526886
-87.56516678,0.035123008,7737192542,1.23E-05,32535802485,6.81E-06,1.94982E+11,1.24E-05,1.26E-05,1.896059986,0.159481382,0.246130306,0.246130306
-106.9546865,0.03963674,11423459562,9.67E-06,13589070296,1.08E-05,2.01843E+11,1.27E-05,4.19E-05,2.517809902,0.227878456,0.245846429,0.245846429
-79.6689846,0.033584378,15087965149,1.15E-05,22366069093,6.88E-06,2.07242E+11,1.07E-05,2.91E-06,1.551244191,0.119455414,0.209046936,0.209046936
-115.5280696,0.039001622,7568146296,1.00E-05,29633999796,9.64E-06,2.08873E+11,1.17E-05,1.99E-05,0.688102427,0.221966244,0.27024164,0.27024164
-59.92396243,0.025349099,19979472912,1.03E-05,13718091737,1.07E-05,2.06288E+11,1.28E-05,1.76E-05,0.639532372,0.114302579,0.143646486,0.143646486
-27.61145086,0.021796849,6550828797,1.26E-05,13333429932,6.11E-06,1.98116E+11,1.14E-05,5.92E-06,0.665262829,0.036560963,0.077588024,0.077588024
-29.5780295,0.02790928,7346044120,9.98E-06,12566149633,1.03E-05,1.90235E+11,1.19E-05,1.06E-05,1.683182129,0.051915634,0.069150228,0.069150228
-102.7133473,0.032081794,5996673036,8.51E-06,14686719831,6.55E-06,2.09021E+11,1.18E-05,1.03E-05,1.954155836,0.195691845,0.201932709,0.201932709
-70.7682011,0.02135119,5245913416,8.93E-06,28448578155,9.40E-06,2.09643E+11,1.14E-05,1.84E-06,0.607853385,0.11712036,0.146288188,0.146288188
-24.87790147,0.03031249,7336862036,1.02E-05,21228033895,6.65E-06,2.09307E+11,1.14E-05,3.54E-05,1.581093087,0.041487439,0.058070932,0.058070932
-43.37802437,0.034452572,5660296145,1.22E-05,24829139426,1.10E-05,2.07933E+11,1.16E-05,4.99E-06,2.979663045,0.071459147,0.124078627,0.124078627
-56.71009564,0.022029543,12896379749,1.18E-05,36792675998,1.10E-05,1.91358E+11,1.17E-05,5.08E-06,0.500907311,0.084483709,0.15308081,0.15308081
-50.55275133,0.03080977,8746344375,1.26E-05,11376749819,1.10E-05,1.92404E+11,1.17E-05,3.68E-06,0.677596581,0.081519484,0.14705926,0.14705926
-92.92116408,0.030730567,7414342799,1.28E-05,14741257021,7.81E-06,2.05342E+11,1.27E-05,4.03E-05,1.994938403,0.163974327,0.270837442,0.270837442
-75.42848041,0.021851275,7199144188,8.09E-06,17333283665,8.51E-06,1.97927E+11,1.14E-05,1.17E-06,1.215657957,0.128256348,0.142261701,0.142261701
-26.83282782,0.02152911,7544109981,1.01E-05,12201678223,6.33E-06,2.07737E+11,1.16E-05,1.11E-06,2.313836753,0.040946358,0.061833141,0.061833141
-34.87222882,0.032711798,7423195129,8.61E-06,19993194010,1.04E-05,2.01524E+11,1.21E-05,4.95E-06,1.24750841,0.068889774,0.071281081,0.071281081
-76.34587489,0.027787441,5628005217,1.14E-05,10088523180,1.05E-05,1.90394E+11,1.10E-05,2.15E-06,1.727692581,0.109417833,0.202817352,0.202817352
-51.24644572,0.030384931,9025372593,9.22E-06,28923941262,8.84E-06,1.91846E+11,1.26E-05,8.10E-06,0.741266986,0.104502855,0.109612755,0.109612755
-73.94407231,0.022540069,15168014998,1.10E-05,31328096708,7.96E-06,2.09115E+11,1.14E-05,5.92E-06,0.686574719,0.109868947,0.184575383,0.184575383
-119.281981,0.031216136,14764440088,1.08E-05,18588841119,6.92E-06,1.91657E+11,1.25E-05,7.12E-06,0.525010022,0.232854633,0.291987389,0.291987389
-90.87507762,0.021067036,6394787703,1.15E-05,12186191429,1.10E-05,1.98881E+11,1.12E-05,7.57E-06,2.46538443,0.117393144,0.242373443,0.242373443
-34.13481881,0.039696652,8373540002,8.97E-06,10354976627,7.98E-06,1.92578E+11,1.20E-05,2.77E-06,1.6907182,0.069326597,0.071565901,0.071565901
-35.54064431,0.036671627,14017806432,1.09E-05,23137298463,1.10E-05,2.00274E+11,1.20E-05,2.47E-05,2.932309905,0.065689991,0.091303875,0.091303875
-52.37882437,0.030197506,6690459378,1.00E-05,25902734413,5.48E-06,2.05587E+11,1.22E-05,1.08E-06,2.852243115,0.096906063,0.119258343,0.119258343
-38.72338633,0.022178566,11252514599,1.08E-05,19348434387,9.09E-06,2.07496E+11,1.12E-05,5.91E-06,0.956458179,0.055451831,0.095734139,0.095734139
-63.62454532,0.021159388,15084529380,1.26E-05,19888337734,1.10E-05,1.92155E+11,1.24E-05,5.27E-06,0.643198607,0.096503287,0.183397254,0.183397254
-27.68732224,0.035398523,10807371754,9.23E-06,25451204644,9.52E-06,1.90912E+11,1.08E-05,1.54E-06,1.851631524,0.04662583,0.060205692,0.060205692
-103.2833096,0.038317119,11673754125,1.22E-05,16318792589,1.10E-05,2.01276E+11,1.13E-05,1.41E-06,0.609166941,0.177028655,0.292280822,0.292280822
-38.45827367,0.036492718,16274761184,9.28E-06,11298014069,6.18E-06,2.02213E+11,1.17E-05,3.27E-05,1.910552981,0.073005983,0.082099731,0.082099731
-105.8246723,0.030521861,5102261711,9.19E-06,20606157793,9.22E-06,1.93381E+11,1.10E-05,1.26E-05,0.76699203,0.180947391,0.226415938,0.226415938
-51.51719338,0.023126059,10023524842,8.05E-06,22444734014,1.01E-05,2.05423E+11,1.26E-05,2.52E-05,2.875476622,0.100165191,0.098513341,0.100165191
-24.47045004,0.02501709,15547860638,9.40E-06,37923910066,5.62E-06,1.97372E+11,1.25E-05,6.83E-06,0.599634429,0.047029142,0.051743057,0.051743057
-64.0190778,0.036280421,9319403893,1.27E-05,32395851275,1.10E-05,1.91011E+11,1.24E-05,1.65E-05,1.675565603,0.117442516,0.188828591,0.188828591
-93.55010111,0.030161233,12958870953,9.50E-06,19551243480,6.11E-06,2.09884E+11,1.23E-05,2.19E-06,2.229779224,0.178799436,0.203339446,0.203339446
-63.69154095,0.034819872,6905898099,1.27E-05,37410196219,1.10E-05,2.06166E+11,1.19E-05,4.70E-06,0.781225335,0.110438916,0.187282424,0.187282424
-75.45318036,0.035647621,16155019212,1.15E-05,18361281741,5.62E-06,2.09353E+11,1.13E-05,9.19E-06,2.010223899,0.124957704,0.197147628,0.197147628
-119.0167105,0.021574699,8544779557,9.44E-06,33657379599,9.47E-06,1.92829E+11,1.18E-05,1.16E-05,1.046914598,0.198521445,0.260597413,0.260597413
-111.9759657,0.020852764,11096991786,9.45E-06,20457571439,9.57E-06,2.08973E+11,1.08E-05,2.94E-06,1.91365633,0.157717668,0.246565962,0.246565962
-100.3347366,0.030534377,19959558067,1.27E-05,17390950159,7.85E-06,1.90583E+11,1.28E-05,3.36E-06,1.073498587,0.182546489,0.290276583,0.290276583
-87.44644362,0.034974527,5177701649,1.15E-05,24552733561,1.10E-05,2.03036E+11,1.21E-05,1.23E-05,2.744925348,0.158156373,0.235730984,0.235730984
-42.83452305,0.022201711,19447736951,8.38E-06,17050965990,9.46E-06,1.96301E+11,1.13E-05,4.51E-06,0.836269323,0.07128465,0.083859677,0.083859677
-49.22212892,0.02023984,6555143756,1.29E-05,32288806855,1.10E-05,1.99604E+11,1.19E-05,1.93E-06,1.551962948,0.06316144,0.146490642,0.146490642
-94.62896604,0.022986026,15401279854,9.08E-06,13594187384,9.41E-06,1.99918E+11,1.08E-05,4.18E-05,2.832815496,0.140562509,0.201226968,0.201226968
-89.19392014,0.039506714,13211895499,1.14E-05,17761401253,8.41E-06,2.00494E+11,1.26E-05,3.21E-05,0.923209117,0.181968279,0.233461724,0.233461724
-119.377505,0.024274809,18536239154,1.09E-05,24796702827,1.05E-05,2.02507E+11,1.21E-05,1.41E-06,1.592107353,0.196621383,0.301457638,0.301457638
-106.678318,0.029631443,8314034998,1.11E-05,13853071488,1.10E-05,1.90059E+11,1.06E-05,1.41E-05,0.734812203,0.15714968,0.275963981,0.275963981
-105.9858924,0.028101846,13993677248,1.28E-05,12333071482,1.01E-05,2.04318E+11,1.22E-05,1.16E-06,1.07221992,0.17162178,0.311507026,0.311507026
-20.87918787,0.020723892,19526303745,9.91E-06,20405142336,7.69E-06,2.04883E+11,1.27E-05,1.49E-06,0.790955694,0.037756625,0.047123715,0.047123715
-21.40744828,0.022299013,8055373024,8.76E-06,12045551849,1.09E-05,1.9399E+11,1.29E-05,2.02E-05,1.050665294,0.042218227,0.044270374,0.044270374
-99.4275504,0.034883049,18572667103,1.06E-05,14763224776,6.02E-06,2.06922E+11,1.20E-05,1.38E-05,0.727878085,0.189371442,0.239409087,0.239409087
-40.81534305,0.03242418,12911337090,1.21E-05,10282983475,7.33E-06,1.91012E+11,1.15E-05,6.69E-06,1.830885507,0.064887889,0.112482673,0.112482673
-40.29360879,0.037471146,6426769835,1.14E-05,15854251349,9.80E-06,1.99142E+11,1.24E-05,3.47E-05,1.720260365,0.077582547,0.107191784,0.107191784
-46.31538015,0.020195346,7801541497,1.13E-05,13714019970,1.10E-05,2.07614E+11,1.23E-05,3.01E-06,1.90835139,0.07102479,0.121450535,0.121450535
-114.0182021,0.02382216,18275990109,9.75E-06,23442652651,6.20E-06,2.0819E+11,1.21E-05,2.44E-05,0.775585866,0.201054888,0.251071136,0.251071136
-117.343979,0.038247823,13437560448,8.39E-06,20859773802,1.05E-05,2.03702E+11,1.16E-05,4.05E-06,0.633893008,0.234166209,0.233477605,0.234166209
-73.42761221,0.037899003,8796031741,9.31E-06,11105308596,9.45E-06,2.01268E+11,1.26E-05,5.37E-06,1.018432816,0.156034917,0.160431321,0.160431321
-45.04793478,0.039094228,5145611098,1.10E-05,16038296646,1.08E-05,1.97348E+11,1.11E-05,2.45E-05,0.51251289,0.079539338,0.115458054,0.115458054
-29.28509622,0.028770342,7043354195,1.06E-05,25794251622,8.36E-06,2.07105E+11,1.15E-05,1.60E-06,1.504754596,0.048101536,0.07155575,0.07155575
-20.76395944,0.025135331,10176247773,9.40E-06,10798157222,9.79E-06,1.97442E+11,1.07E-05,1.83E-05,0.721741495,0.03171803,0.045386519,0.045386519
-46.61674351,0.020584368,6728659414,1.25E-05,13069461504,1.10E-05,2.08105E+11,1.30E-05,2.30E-05,2.49693964,0.07222116,0.13501988,0.13501988
-46.68280716,0.024391069,9566387887,1.04E-05,15806366977,1.01E-05,2.01404E+11,1.17E-05,1.67E-06,1.06310896,0.075904985,0.112396032,0.112396032
-69.46280954,0.025466106,12887832836,9.59E-06,20076797324,9.14E-06,1.91514E+11,1.29E-05,4.34E-06,1.836569518,0.135437485,0.155119655,0.155119655
-100.3545367,0.026267328,10335898624,1.30E-05,18028321820,1.10E-05,2.00197E+11,1.14E-05,1.89E-06,1.497252721,0.137050012,0.301258538,0.301258538
-46.0125137,0.032185065,5584111197,9.93E-06,15226861882,1.00E-05,1.92005E+11,1.07E-05,5.89E-06,0.980452171,0.073256833,0.106841605,0.106841605
-82.31182962,0.036678325,5823390418,1.16E-05,20478594543,5.80E-06,1.90308E+11,1.18E-05,1.33E-06,1.016536756,0.147933432,0.216438257,0.216438257
-91.39883067,0.022161673,5041786360,8.41E-06,13577230195,1.08E-05,2.01511E+11,1.17E-05,1.21E-06,1.665310232,0.158122859,0.182556964,0.182556964
-65.2152734,0.036903086,15245665785,9.74E-06,12326286376,9.68E-06,1.94294E+11,1.29E-05,8.25E-06,0.840656313,0.141187019,0.148503329,0.148503329
-39.39425892,0.021326561,18242236301,1.29E-05,11583343967,1.10E-05,2.09511E+11,1.17E-05,4.68E-05,1.833738612,0.050707677,0.116852224,0.116852224
-57.18655557,0.021123142,19942058705,1.28E-05,17994104289,5.69E-06,1.95219E+11,1.10E-05,2.26E-05,1.56661293,0.065532614,0.163231841,0.163231841
-106.9969812,0.039281464,5824644616,8.54E-06,13993211055,9.82E-06,2.00272E+11,1.07E-05,1.86E-06,0.62618811,0.193190499,0.215354912,0.215354912
-60.66896459,0.030931805,5098187424,1.28E-05,23667697416,5.18E-06,2.05116E+11,1.29E-05,9.82E-06,2.521243518,0.109292924,0.174408423,0.174408423
-118.0398439,0.031259647,10632911447,9.60E-06,32850829153,1.03E-05,1.90588E+11,1.18E-05,4.75E-05,2.562833884,0.214905836,0.267256363,0.267256363
-72.067153,0.038629065,14949314283,1.20E-05,20930379583,1.10E-05,2.09408E+11,1.06E-05,2.91E-06,0.641313431,0.113679594,0.200403613,0.200403613
-67.95834458,0.026335066,11498173287,1.17E-05,26465346901,1.10E-05,1.98029E+11,1.23E-05,4.22E-06,1.823376751,0.113540357,0.184544043,0.184544043
-38.69754671,0.029463323,7002656631,1.26E-05,10277691883,1.10E-05,2.04241E+11,1.10E-05,1.31E-06,2.492077779,0.053226982,0.113681615,0.113681615
-34.00139137,0.038032915,9848215534,1.19E-05,28020106856,7.08E-06,2.00851E+11,1.12E-05,4.08E-06,1.232934432,0.056585657,0.092527007,0.092527007
-119.1873332,0.027047873,8332451795,8.23E-06,30554068063,7.21E-06,1.98458E+11,1.28E-05,4.27E-06,1.508800364,0.246625728,0.227005583,0.246625728
-115.3959958,0.020902203,15261856321,1.01E-05,14279085092,6.75E-06,2.09235E+11,1.27E-05,1.90E-06,0.7226327,0.208642289,0.263537816,0.263537816
-77.67143645,0.031655783,14309522789,1.24E-05,11371567472,8.87E-06,2.06461E+11,1.19E-05,2.40E-05,0.700046691,0.131526026,0.219997695,0.219997695
-61.31839739,0.024486405,8413641378,1.29E-05,17407330174,5.07E-06,1.97868E+11,1.12E-05,1.51E-06,0.774263911,0.08099209,0.176197877,0.176197877
-35.11405513,0.030364721,13400832777,1.19E-05,35245690294,9.14E-06,1.98101E+11,1.30E-05,4.92E-05,2.806884343,0.065758981,0.096524415,0.096524415
-38.9397114,0.033089632,5491221648,1.29E-05,18174797090,8.57E-06,2.04461E+11,1.20E-05,1.36E-06,1.589180776,0.065272099,0.114760755,0.114760755
-112.2479617,0.021544264,13345132854,1.05E-05,15775213373,5.46E-06,2.03376E+11,1.28E-05,1.15E-05,0.707698393,0.201926445,0.263404899,0.263404899
-27.50495049,0.024113795,15286695899,8.99E-06,10308300198,9.27E-06,1.9635E+11,1.07E-05,2.16E-05,1.613338553,0.041012311,0.05775567,0.05775567
-55.75735728,0.032959738,6074394042,8.30E-06,32577668852,8.37E-06,1.94092E+11,1.17E-05,3.19E-06,0.699176832,0.108573338,0.107895576,0.108573338
-33.14411348,0.032945194,16342434690,1.01E-05,37673054246,8.10E-06,2.0443E+11,1.14E-05,3.22E-05,2.892336165,0.056677742,0.077445158,0.077445158
-81.78833515,0.0327833,5427828175,1.21E-05,12837234630,1.04E-05,1.97975E+11,1.07E-05,4.46E-05,0.874851157,0.120133281,0.229333475,0.229333475
-54.7044585,0.020232414,18678295969,1.04E-05,15884896410,1.05E-05,1.96958E+11,1.09E-05,3.20E-06,0.579143715,0.076396406,0.130745133,0.130745133
-31.05981623,0.035033009,13653762809,8.01E-06,15174490373,7.89E-06,2.08731E+11,1.24E-05,2.08E-05,0.645833715,0.066577153,0.057951503,0.066577153
-79.45980312,0.027515175,16083866854,1.19E-05,18466837477,6.37E-06,1.98547E+11,1.26E-05,1.99E-05,2.370514548,0.13724487,0.214158238,0.214158238
-45.35793273,0.021729127,14706875040,1.30E-05,12340173651,1.10E-05,1.99938E+11,1.28E-05,1.22E-05,0.532793539,0.073679729,0.134041943,0.134041943
-95.76676782,0.039395273,17478762057,1.16E-05,17839359523,1.10E-05,2.08335E+11,1.12E-05,1.08E-05,2.261410127,0.160879572,0.261768511,0.261768511
-41.47275251,0.02318555,5283828414,1.10E-05,33160790806,7.69E-06,2.04329E+11,1.16E-05,3.15E-06,2.636070809,0.061598733,0.104322459,0.104322459
-73.9050197,0.02822615,11911012560,1.06E-05,17140584209,6.47E-06,1.92266E+11,1.29E-05,1.39E-06,2.672596587,0.14103044,0.178079876,0.178079876
-98.76107519,0.020279753,9982612668,1.19E-05,19710607528,7.82E-06,1.93624E+11,1.24E-05,2.29E-05,2.373869358,0.146950197,0.267481041,0.267481041
-82.84389539,0.031205425,18220258818,1.02E-05,37134610893,7.49E-06,2.07307E+11,1.15E-05,3.76E-06,0.928388131,0.144582472,0.192806225,0.192806225
-91.13248544,0.030890571,8930685893,9.68E-06,10144495948,1.07E-05,2.07292E+11,1.09E-05,1.28E-05,2.621501004,0.146176653,0.208409685,0.208409685
-119.4066267,0.022997136,5676842648,9.08E-06,24190271520,8.86E-06,1.90433E+11,1.28E-05,1.45E-06,0.654982417,0.234308147,0.249909138,0.249909138
-59.84482977,0.020546915,8859592424,1.02E-05,28867542975,9.43E-06,2.08526E+11,1.09E-05,3.57E-05,0.572178102,0.085034287,0.139594562,0.139594562
-37.92358787,0.028268198,9837297581,8.97E-06,26427285394,9.10E-06,2.09304E+11,1.20E-05,1.78E-06,0.686658593,0.071671899,0.079064684,0.079064684
-82.66653566,0.026330091,6944502911,1.12E-05,10178574394,1.08E-05,2.06137E+11,1.29E-05,1.18E-05,0.996812349,0.152729159,0.215099505,0.215099505
-119.6479037,0.036567113,6907231621,1.25E-05,31725231970,8.23E-06,1.92464E+11,1.22E-05,3.41E-06,1.946730021,0.214465217,0.343750219,0.343750219
-25.1845858,0.028291166,5159848106,1.10E-05,34737859160,6.39E-06,2.08859E+11,1.28E-05,2.80E-05,2.669156018,0.046527036,0.062893946,0.062893946
-47.55286459,0.026466629,13893114126,9.50E-06,28119512787,9.27E-06,2.05085E+11,1.28E-05,1.60E-06,0.950956078,0.093629616,0.104894273,0.104894273
-75.87435654,0.023036732,5689242694,1.01E-05,14661776832,9.62E-06,2.08808E+11,1.13E-05,3.10E-05,0.57935495,0.119580481,0.176158593,0.176158593
-42.75807122,0.033625317,11802263760,1.24E-05,10401573422,6.40E-06,2.09724E+11,1.25E-05,2.68E-06,0.511550907,0.08027434,0.119251139,0.119251139
-78.86321117,0.031114024,17866230300,8.66E-06,10992187731,6.61E-06,1.94841E+11,1.29E-05,1.17E-06,1.332773571,0.167652565,0.157231901,0.167652565
-59.8602034,0.03761773,5049255828,9.32E-06,38812000323,8.92E-06,2.09755E+11,1.06E-05,3.27E-06,0.697473176,0.102716907,0.129958588,0.129958588
-45.11124538,0.033857992,7441988090,8.38E-06,27250714272,5.49E-06,2.00704E+11,1.07E-05,5.22E-06,0.674425924,0.078637087,0.086082405,0.086082405
-75.07783532,0.023947749,8980003527,1.24E-05,16060127314,8.93E-06,1.95165E+11,1.26E-05,1.99E-06,2.969074504,0.120131794,0.212667088,0.212667088
-55.91739128,0.020582985,15325198908,1.18E-05,39198595047,5.97E-06,1.91577E+11,1.16E-05,4.99E-06,1.965239725,0.074602617,0.148423595,0.148423595
-55.82906929,0.033879346,18482122669,1.24E-05,27318292979,1.00E-05,2.00126E+11,1.20E-05,1.27E-06,2.214511567,0.095743551,0.161129056,0.161129056
-114.2197724,0.033752468,9709195633,9.77E-06,14399296208,5.99E-06,2.07713E+11,1.08E-05,2.65E-05,0.999732834,0.190226953,0.25416374,0.25416374
-90.83563296,0.034676814,16398208050,1.17E-05,19626709513,5.51E-06,2.04006E+11,1.09E-05,4.92E-05,1.319116987,0.140892185,0.240619478,0.240619478
-102.430996,0.030979934,11557948068,1.17E-05,28844693656,8.15E-06,2.04073E+11,1.13E-05,2.43E-06,0.549059609,0.16721753,0.27172473,0.27172473
-114.8541107,0.02211459,16778705594,1.05E-05,11860130525,5.93E-06,2.02965E+11,1.26E-05,6.12E-06,1.892636712,0.198219427,0.27127916,0.27127916
-94.00442765,0.032431556,5987662535,8.98E-06,23055227500,8.72E-06,1.96224E+11,1.09E-05,1.19E-06,1.73811217,0.158043835,0.19758738,0.19758738
-58.35961576,0.034384036,6256990490,9.00E-06,28996424085,9.43E-06,1.93786E+11,1.28E-05,1.33E-05,2.995301218,0.123592478,0.123942738,0.123942738
-48.71121393,0.037847145,10713525105,1.11E-05,25519903249,7.61E-06,2.00903E+11,1.13E-05,2.98E-06,0.587974708,0.086116224,0.123174958,0.123174958
-94.92933231,0.030855595,19634594358,1.14E-05,12013762215,9.61E-06,2.07771E+11,1.13E-05,1.26E-05,0.757050396,0.153816799,0.249359464,0.249359464
-63.12400088,0.039657591,11526028359,1.02E-05,14086936297,1.01E-05,2.0056E+11,1.27E-05,1.37E-06,0.8490134,0.134461253,0.150824046,0.150824046
-29.52111129,0.029499893,15999110092,1.27E-05,11074034054,7.89E-06,1.91663E+11,1.15E-05,1.04E-05,0.520926275,0.046171249,0.0844606,0.0844606
-117.8563779,0.037893361,10507498984,1.21E-05,19190975899,5.45E-06,1.97666E+11,1.23E-05,1.69E-06,1.57857071,0.221864078,0.324457199,0.324457199
-97.76255248,0.030271075,13361581695,1.00E-05,21360110340,9.45E-06,1.97774E+11,1.15E-05,4.08E-06,2.741942764,0.166135718,0.229061804,0.229061804
-23.47517055,0.029134076,8301763515,1.11E-05,30885988051,1.10E-05,2.08272E+11,1.10E-05,9.66E-06,2.027637054,0.035040262,0.060764067,0.060764067
-81.02046952,0.027476425,9812308181,1.22E-05,15849878445,7.35E-06,1.97622E+11,1.25E-05,3.48E-05,1.107520312,0.138186181,0.223770485,0.223770485
-41.25342621,0.026723287,8244152055,9.99E-06,26644579314,9.99E-06,1.91186E+11,1.18E-05,1.90E-06,0.824063067,0.071793224,0.095815487,0.095815487
-96.0235126,0.039327395,11104100747,9.37E-06,20259347932,9.35E-06,2.058E+11,1.21E-05,2.61E-06,2.389926402,0.193776462,0.211991705,0.211991705
-25.70010634,0.034015326,15795273547,8.13E-06,12213238034,7.75E-06,1.97925E+11,1.22E-05,4.63E-05,0.635470401,0.053591676,0.04852936,0.053591676
-57.09256985,0.037874697,16021855546,1.01E-05,39231748350,9.35E-06,2.04238E+11,1.11E-05,3.09E-06,2.863796286,0.098662414,0.134976622,0.134976622
-93.23804604,0.027643306,18946969192,1.06E-05,17221021568,6.36E-06,2.09504E+11,1.27E-05,1.78E-05,2.751078287,0.17228125,0.224586026,0.224586026
-117.0993822,0.02720656,17745504464,1.09E-05,31368472450,1.09E-05,1.94601E+11,1.26E-05,4.27E-06,1.118081931,0.214754422,0.296446976,0.296446976
-23.59418648,0.039017375,15130450243,1.06E-05,18354357500,1.01E-05,2.06744E+11,1.08E-05,3.72E-05,2.295411097,0.039100652,0.058708046,0.058708046
-114.1714584,0.036691296,11832654039,1.26E-05,36236269546,9.47E-06,2.04177E+11,1.16E-05,2.64E-06,1.152261196,0.193485548,0.33135225,0.33135225
-62.36602651,0.038418149,8905813536,9.08E-06,12008175900,8.85E-06,1.90019E+11,1.28E-05,3.23E-05,1.08682472,0.136889348,0.132695279,0.136889348
-44.85551478,0.028186955,6908394060,8.26E-06,33228025644,9.67E-06,2.07448E+11,1.27E-05,6.26E-06,1.769968375,0.092217265,0.087661515,0.092217265
-85.50849517,0.026645085,6642684314,1.09E-05,26165578860,9.24E-06,1.98471E+11,1.30E-05,2.37E-05,0.573142563,0.165971739,0.213480055,0.213480055
-66.57044728,0.025693135,18018216579,8.85E-06,23692320303,8.49E-06,2.08952E+11,1.07E-05,3.95E-05,0.549481239,0.105785729,0.135715324,0.135715324
-24.55095862,0.036147964,14203663981,9.36E-06,25230488462,1.04E-05,2.03753E+11,1.19E-05,9.41E-06,1.179986491,0.047974467,0.054270779,0.054270779
-80.91467699,0.032398558,17561054431,1.22E-05,37588323804,6.76E-06,2.02845E+11,1.22E-05,6.23E-06,1.511239454,0.14055513,0.225168349,0.225168349
-53.14443511,0.036909212,15815260044,1.16E-05,12738473960,7.56E-06,1.9348E+11,1.14E-05,2.60E-05,2.192339638,0.089813961,0.141861549,0.141861549
-101.9018462,0.037745773,11927629595,1.06E-05,16936381552,7.90E-06,1.9191E+11,1.24E-05,1.31E-05,0.608448064,0.207529727,0.248043371,0.248043371
-44.09763264,0.02598463,8422152627,8.78E-06,12172213173,8.93E-06,2.06865E+11,1.27E-05,2.24E-06,1.130491595,0.08746503,0.090300929,0.090300929
-60.8763527,0.022669386,8096935209,1.20E-05,28099596878,1.06E-05,1.91816E+11,1.22E-05,3.39E-05,2.998914583,0.091146692,0.169050655,0.169050655
-97.05384529,0.02001943,7891601773,1.17E-05,19776643750,1.09E-05,1.98255E+11,1.14E-05,1.54E-06,2.967415703,0.124391847,0.262705128,0.262705128
-48.19140893,0.028671243,10638875043,8.79E-06,10956237934,7.31E-06,2.02317E+11,1.16E-05,2.46E-06,1.93957211,0.085851027,0.098067831,0.098067831
-33.31951004,0.02921666,5439642587,1.19E-05,10192629004,1.03E-05,2.00536E+11,1.26E-05,2.25E-06,2.711919966,0.058575478,0.092215594,0.092215594
-56.54253154,0.026726753,5531957333,1.12E-05,21239794157,5.04E-06,1.96352E+11,1.27E-05,1.31E-05,0.517236795,0.105365097,0.141087053,0.141087053
-92.50666944,0.020955832,8961699571,1.02E-05,20383562854,9.63E-06,1.90702E+11,1.26E-05,3.21E-06,1.437369897,0.159477209,0.219203334,0.219203334
-88.290513,0.036726735,9309636978,9.79E-06,31715961751,9.72E-06,1.97977E+11,1.14E-05,1.16E-05,2.669958436,0.158869177,0.203469978,0.203469978
-55.46155757,0.026150118,6757164220,9.41E-06,15150472970,7.16E-06,2.0938E+11,1.21E-05,1.37E-05,0.848587392,0.101861451,0.119352293,0.119352293
-88.82254356,0.037851607,5605871607,1.00E-05,19455835967,6.74E-06,2.02757E+11,1.25E-05,1.24E-05,2.495970769,0.181799881,0.205076384,0.205076384
-24.17613301,0.029750343,16420893384,9.81E-06,30777422975,8.82E-06,2.09183E+11,1.17E-05,2.66E-06,2.358264838,0.042090424,0.055202621,0.055202621
-97.92728701,0.022053392,19471673554,8.17E-06,23137622242,9.06E-06,1.94866E+11,1.07E-05,8.86E-06,1.696028623,0.149719193,0.187653719,0.187653719
-59.1690951,0.026500566,6011500629,1.16E-05,25781857152,1.10E-05,2.08971E+11,1.13E-05,3.60E-05,0.815065946,0.088773651,0.158398873,0.158398873
-57.81470497,0.025208906,17385976676,9.54E-06,19251321941,9.35E-06,2.03621E+11,1.24E-05,2.70E-05,1.169884474,0.106943958,0.128303348,0.128303348
-106.2571792,0.024474153,8891277869,1.26E-05,23865869086,5.37E-06,1.95017E+11,1.25E-05,2.19E-06,0.675279198,0.175444044,0.298191938,0.298191938
-45.89979263,0.027426149,13365225192,1.05E-05,32260894925,9.43E-06,1.98923E+11,1.10E-05,1.75E-06,0.766776285,0.070864878,0.110860506,0.110860506
-117.3257577,0.034185102,5921377361,1.30E-05,15048801100,1.02E-05,1.94184E+11,1.27E-05,1.39E-05,0.917903752,0.218833474,0.350731124,0.350731124
-112.8926043,0.037419926,5706243722,1.17E-05,27647425590,1.10E-05,1.94051E+11,1.05E-05,3.13E-06,1.202158084,0.171991644,0.309664361,0.309664361
-89.06745648,0.03583566,7632009504,1.23E-05,21181631040,9.47E-06,1.98669E+11,1.27E-05,1.42E-06,2.424717538,0.169730361,0.254131522,0.254131522
-61.54361777,0.028125367,5150923911,1.14E-05,16215212615,8.25E-06,2.03426E+11,1.22E-05,2.82E-05,1.114339938,0.106073789,0.160775907,0.160775907
-36.89914351,0.023573033,6430146914,1.24E-05,18429385449,9.20E-06,1.95747E+11,1.15E-05,1.32E-05,0.909477031,0.05104247,0.104666249,0.104666249
-115.2931324,0.030228602,13440578431,9.87E-06,26526580227,6.66E-06,2.04582E+11,1.10E-05,2.46E-05,2.401188904,0.185274592,0.261035354,0.261035354
-30.43702619,0.034769942,12763557874,9.97E-06,22981913663,8.40E-06,1.9454E+11,1.22E-05,5.66E-06,0.850762782,0.059518358,0.070222494,0.070222494
-41.14401921,0.034218434,7258438924,8.33E-06,13797062356,7.90E-06,2.05951E+11,1.15E-05,3.82E-06,0.794822081,0.078567957,0.079701827,0.079701827
-78.88886803,0.02901252,5231968112,1.03E-05,29586424246,9.74E-06,2.0879E+11,1.29E-05,3.70E-05,0.589167172,0.159872956,0.187600631,0.187600631
-53.93466869,0.020205123,12669680385,1.23E-05,11662908935,1.10E-05,1.90446E+11,1.07E-05,1.81E-06,2.228489075,0.058642165,0.153443588,0.153443588
-110.2300324,0.024738366,8005949721,1.09E-05,14388087927,8.03E-06,2.06861E+11,1.13E-05,5.11E-06,0.599872092,0.169891416,0.27365444,0.27365444
-24.43528459,0.025947809,17008479610,1.13E-05,11281657037,7.29E-06,1.98516E+11,1.20E-05,9.96E-06,2.365751886,0.039167128,0.063221858,0.063221858
-22.20866852,0.021667823,5129456312,1.28E-05,11756665186,7.24E-06,2.08352E+11,1.11E-05,4.12E-05,0.914115976,0.026913816,0.063895102,0.063895102
-102.5513158,0.033785387,5021692912,1.01E-05,30067720727,7.23E-06,2.00296E+11,1.07E-05,1.84E-05,0.762522903,0.167665156,0.237672953,0.237672953
-61.12144299,0.020082333,14615883761,1.25E-05,33736242194,8.62E-06,1.96587E+11,1.24E-05,3.14E-05,0.843423354,0.090636443,0.172374734,0.172374734
-104.3152393,0.032158273,13835068619,9.36E-06,18556370491,5.52E-06,1.90446E+11,1.29E-05,2.87E-06,1.697398077,0.21718149,0.222610544,0.222610544
-67.17869007,0.032658897,8195446174,8.46E-06,20263135295,5.31E-06,1.90913E+11,1.18E-05,1.19E-05,0.559779629,0.132035406,0.128757739,0.132035406
-54.73786504,0.029403084,5086123885,1.03E-05,22723937480,8.80E-06,1.9297E+11,1.23E-05,2.97E-05,0.79717422,0.102121533,0.129440588,0.129440588
-35.98851396,0.030498741,12630026917,8.05E-06,29535827910,6.80E-06,2.05322E+11,1.21E-05,4.98E-05,1.042672404,0.071729993,0.06695663,0.071729993
-65.79818238,0.022868585,11520088139,1.11E-05,14906549594,1.06E-05,1.99855E+11,1.21E-05,1.17E-06,1.045587972,0.105020472,0.169154258,0.169154258
-104.4603161,0.02315055,10010477678,8.72E-06,15411197753,1.03E-05,1.92774E+11,1.27E-05,1.67E-05,1.835761449,0.202331581,0.214943687,0.214943687
-47.57487364,0.025300197,14280676728,1.17E-05,24464198397,6.89E-06,1.92344E+11,1.15E-05,1.29E-05,0.88239781,0.070791137,0.126121906,0.126121906
-30.34980258,0.030913942,9402947436,9.25E-06,16349686607,8.81E-06,2.09966E+11,1.17E-05,1.76E-06,0.817125818,0.05626069,0.065255395,0.065255395
-93.79134581,0.030607362,15580516618,1.04E-05,17036056879,5.87E-06,1.99399E+11,1.28E-05,8.98E-06,0.523780385,0.189953646,0.219939832,0.219939832
-97.97163852,0.029357969,9361367081,1.00E-05,38250739859,7.42E-06,2.01949E+11,1.05E-05,8.50E-06,1.743975848,0.144663959,0.226035903,0.226035903
-42.79985318,0.025537922,8423886406,1.06E-05,21863837791,1.08E-05,1.927E+11,1.11E-05,1.96E-06,0.753354434,0.06514822,0.10520266,0.10520266
-39.58661899,0.027530145,5372029613,8.38E-06,19537601709,5.43E-06,2.09155E+11,1.29E-05,2.44E-06,1.737302455,0.082118917,0.075730603,0.082118917
-76.25382014,0.021230454,16843678792,1.29E-05,19254397915,5.96E-06,1.95159E+11,1.08E-05,3.41E-05,1.674948731,0.083965704,0.216205009,0.216205009
-81.54420616,0.026039562,13932315052,8.10E-06,22718925467,9.79E-06,2.0792E+11,1.25E-05,3.67E-06,2.609270141,0.162127582,0.156792421,0.162127582
-74.36479032,0.031583468,7579625813,8.31E-06,18814320754,7.09E-06,1.92388E+11,1.25E-05,4.82E-06,1.348510824,0.154909742,0.143145798,0.154909742
-28.13308262,0.037123515,10236428552,8.43E-06,12869615724,8.98E-06,1.99954E+11,1.09E-05,1.56E-05,2.824759573,0.049969607,0.056143683,0.056143683
-71.39159252,0.020463589,5826762978,1.02E-05,32707358322,5.86E-06,1.95941E+11,1.28E-05,1.48E-05,1.70199508,0.125193948,0.163642378,0.163642378
-90.23916081,0.033987407,5124079786,1.16E-05,15181204520,7.08E-06,2.1E+11,1.23E-05,3.65E-05,0.59008084,0.170619002,0.237767565,0.237767565
-66.05935894,0.031166766,11184557422,8.45E-06,16373480209,9.55E-06,2.05436E+11,1.13E-05,4.85E-06,0.779703481,0.120007538,0.131172719,0.131172719
-99.35988229,0.027471113,19412872620,9.93E-06,21325550012,7.76E-06,1.97709E+11,1.05E-05,4.91E-06,1.220062841,0.145664249,0.226756916,0.226756916
-112.497084,0.033215924,7332951190,1.05E-05,12390842873,1.10E-05,2.05392E+11,1.12E-05,9.09E-06,0.576233249,0.193039479,0.275752308,0.275752308
-38.52732969,0.02362851,5666932620,1.18E-05,22181189889,1.10E-05,1.92067E+11,1.14E-05,6.14E-06,1.919351194,0.0532899,0.105248474,0.105248474
-106.5368148,0.026979451,9501358727,9.35E-06,33817706572,8.63E-06,2.02875E+11,1.14E-05,4.24E-06,1.07887114,0.179626139,0.230786878,0.230786878
-32.29508631,0.02511388,7655864319,1.24E-05,36023395385,7.39E-06,1.9214E+11,1.28E-05,1.60E-05,0.608750975,0.056441518,0.089865925,0.089865925
-63.07879744,0.028309562,5600700944,9.55E-06,10720831055,5.81E-06,2.09615E+11,1.07E-05,1.67E-06,1.598239946,0.097445689,0.137130913,0.137130913
-53.80875922,0.03439892,8002444358,1.12E-05,25675407259,1.10E-05,1.95228E+11,1.25E-05,1.55E-05,1.220612808,0.103920554,0.140567192,0.140567192
-69.48482592,0.031731413,8018663621,1.23E-05,19394507375,1.10E-05,1.92476E+11,1.16E-05,6.23E-06,1.209070768,0.111316905,0.198831727,0.198831727
-76.99639025,0.032621451,13823751259,8.23E-06,13023685647,1.07E-05,1.96696E+11,1.29E-05,8.52E-06,1.351218607,0.167730409,0.151272127,0.167730409
-66.38182533,0.03656344,8562337607,1.20E-05,14641208599,8.48E-06,1.98294E+11,1.10E-05,3.16E-06,0.992622848,0.107097843,0.182470658,0.182470658
-105.0363807,0.030557928,15591534775,1.13E-05,11008434317,1.10E-05,1.91726E+11,1.25E-05,2.94E-06,1.815696815,0.191621596,0.278328234,0.278328234
-63.9669444,0.036251066,7442195146,9.60E-06,37149329083,9.24E-06,2.09991E+11,1.08E-05,2.55E-05,0.599739046,0.111259636,0.142736674,0.142736674
-79.01292999,0.030793998,14899309062,1.25E-05,15442508030,1.10E-05,2.06828E+11,1.27E-05,4.43E-06,0.596674411,0.146322029,0.226782907,0.226782907
-87.38251009,0.02531517,18160769888,1.20E-05,15234273713,7.91E-06,2.07957E+11,1.21E-05,4.56E-05,0.622891108,0.142845296,0.237845467,0.237845467
-102.0141047,0.033106,10432750608,1.09E-05,24268553899,7.68E-06,2.09569E+11,1.11E-05,2.02E-06,0.56880231,0.170717283,0.252695591,0.252695591
-46.07159353,0.038783861,17577019537,9.09E-06,23254064757,8.98E-06,1.99981E+11,1.26E-05,4.76E-05,0.624037017,0.1000608,0.097688842,0.1000608
-71.44389777,0.02321294,16455498603,1.19E-05,32061468712,8.69E-06,2.04564E+11,1.23E-05,3.08E-06,1.337454159,0.113438422,0.193651516,0.193651516
-34.17041939,0.026838773,16503662571,9.91E-06,30574029716,8.32E-06,1.94901E+11,1.16E-05,3.47E-05,0.552557071,0.058792556,0.077448868,0.077448868
-74.54737196,0.025902606,12033462524,1.28E-05,10449486771,7.42E-06,2.03778E+11,1.06E-05,7.22E-06,2.856654027,0.088167921,0.212626776,0.212626776
-108.5816544,0.033393621,6046658329,1.06E-05,12109266319,9.93E-06,1.90688E+11,1.19E-05,3.78E-05,1.007121647,0.200171814,0.266956552,0.266956552
-98.47777882,0.034942153,5494635395,9.93E-06,36888961936,7.07E-06,1.95261E+11,1.21E-05,1.43E-06,1.584604102,0.18875601,0.225182844,0.225182844
-96.24869354,0.035518562,12586125723,9.22E-06,15118802360,8.12E-06,1.97514E+11,1.27E-05,6.77E-06,0.515193326,0.209072419,0.204524465,0.209072419
-57.12250842,0.02473927,10626273837,1.14E-05,15148026492,1.10E-05,2.07769E+11,1.17E-05,4.85E-06,0.62281845,0.090149833,0.14967385,0.14967385
-32.79876227,0.020320619,7616738045,1.20E-05,12851534096,6.02E-06,2.05304E+11,1.15E-05,1.09E-05,0.814736928,0.043649023,0.087918806,0.087918806
-87.5636819,0.023063967,18407967242,9.38E-06,20206904081,8.94E-06,1.97613E+11,1.28E-05,1.46E-05,0.683972532,0.170087211,0.189201751,0.189201751
-51.04630684,0.035259866,13019138226,1.06E-05,11017796800,5.72E-06,1.964E+11,1.28E-05,1.33E-06,2.26796427,0.102937317,0.123661231,0.123661231
-43.30829111,0.034990921,15298456490,1.02E-05,19039927937,1.03E-05,2.06391E+11,1.19E-05,6.68E-06,2.10793675,0.08041746,0.104037097,0.104037097
-22.16738087,0.03331257,19942811663,1.29E-05,39326537026,1.10E-05,2.07497E+11,1.26E-05,4.59E-06,2.047737297,0.039637265,0.066535057,0.066535057
-61.09599808,0.025630795,17040569702,1.04E-05,23444710626,7.79E-06,1.95518E+11,1.08E-05,3.01E-06,1.200502154,0.088148563,0.145598689,0.145598689
-73.62873857,0.03057386,17916478963,9.00E-06,22178809245,8.16E-06,2.0173E+11,1.14E-05,1.83E-05,0.763522611,0.132472058,0.153337815,0.153337815
-99.97307779,0.026662591,13299967092,1.21E-05,15167237352,1.10E-05,1.92269E+11,1.29E-05,3.11E-05,1.336547171,0.178046568,0.280481648,0.280481648
-75.61562334,0.030381228,18485005469,8.20E-06,13240553056,9.12E-06,2.06718E+11,1.06E-05,2.40E-05,1.374874465,0.125327566,0.146178256,0.146178256
-76.4013264,0.030092829,8369934506,1.23E-05,38179705992,9.76E-06,2.00118E+11,1.25E-05,3.23E-06,0.879008042,0.135996406,0.216655214,0.216655214
-69.12726804,0.036546517,9508433038,1.30E-05,27774588163,1.10E-05,2.05144E+11,1.06E-05,1.24E-06,1.556525016,0.099220141,0.208901565,0.208901565
-64.66526801,0.03970654,5583518945,1.25E-05,28126658808,5.45E-06,2.05138E+11,1.19E-05,1.70E-05,0.913340852,0.117345918,0.182278035,0.182278035
-40.20372176,0.020046185,10189226911,8.54E-06,22898760140,1.09E-05,2.03235E+11,1.29E-05,6.95E-06,1.548497681,0.077412996,0.081388856,0.081388856
-86.32575302,0.021400596,8807222864,8.48E-06,14312016762,1.07E-05,1.94275E+11,1.19E-05,8.36E-06,0.725666732,0.153196243,0.172256626,0.172256626
-31.82943406,0.027399307,13269879516,9.27E-06,25369169787,9.01E-06,1.9392E+11,1.22E-05,2.13E-05,1.304060834,0.05937751,0.068763587,0.068763587
-20.4660485,0.034417181,8324430347,9.33E-06,31730631328,9.74E-06,1.95768E+11,1.23E-05,1.31E-05,2.505114111,0.040552147,0.045019109,0.045019109
-56.33638893,0.034095077,12388493065,1.02E-05,15426316223,7.49E-06,2.08367E+11,1.15E-05,2.13E-05,2.577241487,0.099131779,0.132921457,0.132921457
-42.82337341,0.022229662,5131231115,1.16E-05,16681226198,7.48E-06,2.08164E+11,1.10E-05,4.99E-05,1.321766211,0.055938019,0.112283585,0.112283585
-62.44758188,0.028068305,6157037669,8.10E-06,14965718074,7.89E-06,1.9496E+11,1.19E-05,2.21E-05,1.70504884,0.117959036,0.118109701,0.118109701
-107.8149142,0.037638171,7146456391,1.29E-05,21049771320,1.04E-05,1.95638E+11,1.23E-05,3.50E-05,0.53097665,0.202921418,0.320713005,0.320713005
-116.4144399,0.03260065,5458975149,1.05E-05,20491848972,7.02E-06,2.05884E+11,1.16E-05,3.45E-06,1.747523327,0.201322901,0.279755566,0.279755566
-66.16284674,0.030658042,14503536006,1.27E-05,24315207651,7.33E-06,1.9225E+11,1.29E-05,1.36E-05,0.806223782,0.123218128,0.189545114,0.189545114
-30.48211759,0.025705695,7349592423,1.10E-05,10378452949,6.57E-06,1.93292E+11,1.18E-05,1.52E-06,2.995405034,0.048271315,0.07621822,0.07621822
-101.2704147,0.023809035,8021839494,1.15E-05,16280615505,7.74E-06,2.05298E+11,1.27E-05,1.15E-06,2.57551664,0.169834826,0.266519042,0.266519042
-61.42955752,0.030458776,7010450001,1.14E-05,11711321785,7.02E-06,1.96574E+11,1.19E-05,2.31E-05,1.061145902,0.105250929,0.159859236,0.159859236
-102.4580741,0.032559617,5489043588,1.15E-05,17891550773,6.35E-06,1.99673E+11,1.24E-05,2.50E-05,0.592781741,0.19459662,0.266226544,0.266226544
-84.63134972,0.038576075,7253301214,9.71E-06,16158623018,1.08E-05,2.07477E+11,1.06E-05,2.99E-06,1.178013953,0.141465036,0.194481036,0.194481036
-35.48463964,0.032054443,13532174757,1.12E-05,22208239737,1.10E-05,2.05021E+11,1.17E-05,5.13E-06,1.456904043,0.060141647,0.092815646,0.092815646
-95.27014677,0.039756438,17894725186,1.01E-05,15109489736,9.79E-06,1.96416E+11,1.13E-05,5.91E-06,0.841131321,0.175676742,0.224299214,0.224299214
-29.07841441,0.026951223,12087434347,1.27E-05,33809745806,1.10E-05,1.96412E+11,1.24E-05,2.08E-05,1.467523821,0.047033371,0.085544992,0.085544992
-50.19391118,0.036811925,11004890029,8.70E-06,13254384993,6.90E-06,2.08896E+11,1.06E-05,1.59E-05,2.367253703,0.085138232,0.101441213,0.101441213
-84.43990274,0.02417843,6583629135,1.06E-05,25569101301,1.07E-05,1.93068E+11,1.08E-05,1.11E-05,2.185039614,0.116157335,0.209368836,0.209368836
-80.77805772,0.031107836,9560045386,9.95E-06,19474815896,8.51E-06,2.0392E+11,1.17E-05,2.06E-06,0.587429017,0.146493906,0.184839882,0.184839882
-98.96869336,0.032195022,10044977846,9.58E-06,36473778116,9.22E-06,2.0928E+11,1.12E-05,2.88E-05,2.27334085,0.168303123,0.222106008,0.222106008
-81.87674655,0.039120478,8185648959,1.04E-05,16202769451,1.06E-05,1.9659E+11,1.19E-05,1.75E-05,2.151636626,0.155935655,0.200052509,0.200052509
-26.05432339,0.036355209,9089922078,1.26E-05,18504879849,9.91E-06,1.93202E+11,1.29E-05,3.58E-05,0.568168953,0.052124374,0.075493077,0.075493077
-110.1037347,0.022434066,6515023579,8.39E-06,28706873361,7.85E-06,1.97415E+11,1.22E-05,2.49E-05,2.656039608,0.201419697,0.214650231,0.214650231
-100.5055589,0.034747456,5654380423,8.64E-06,22033706753,6.75E-06,2.00251E+11,1.25E-05,2.79E-06,0.557845859,0.215956249,0.198855021,0.215956249
-79.0912076,0.0256727,5741069504,1.10E-05,19149927131,7.83E-06,2.01886E+11,1.08E-05,3.53E-06,1.277163953,0.111294531,0.197987996,0.197987996
-108.912354,0.022447685,14113579982,1.14E-05,25804750940,5.86E-06,2.04846E+11,1.15E-05,8.58E-06,1.444750128,0.15422456,0.279431286,0.279431286
-44.95128931,0.030602851,17651754991,8.07E-06,19364885952,6.90E-06,2.03453E+11,1.05E-05,8.94E-06,0.613114719,0.0759259,0.083426269,0.083426269
-102.0179598,0.038902203,11335004546,1.16E-05,38447873155,1.10E-05,1.91591E+11,1.18E-05,1.79E-06,1.506402693,0.186493737,0.278044695,0.278044695
-26.20020673,0.029937583,7928680936,9.49E-06,17525600346,9.11E-06,2.01983E+11,1.09E-05,1.33E-06,0.852333203,0.043152184,0.057782079,0.057782079
-49.29687018,0.020468611,13752518884,1.05E-05,12981098107,1.07E-05,2.08144E+11,1.28E-05,2.51E-05,1.334036542,0.085377825,0.120022934,0.120022934
-61.38168228,0.037163284,13848930801,1.08E-05,14757152465,6.64E-06,2.04919E+11,1.22E-05,5.31E-06,1.59557609,0.118642337,0.152002185,0.152002185
-71.01810724,0.039108643,15406185630,1.17E-05,13459263478,7.65E-06,2.03256E+11,1.06E-05,1.66E-06,2.418548884,0.110568684,0.191065627,0.191065627
-114.2932837,0.024115344,6128514379,9.91E-06,18631298120,7.41E-06,2.05875E+11,1.07E-05,1.40E-05,0.656106561,0.168967772,0.257459734,0.257459734
-107.4735312,0.032101969,11125140818,8.74E-06,25818484835,1.05E-05,2.00261E+11,1.09E-05,4.90E-05,1.099284588,0.185329195,0.222456145,0.222456145
-26.32170105,0.024382279,6639685020,1.11E-05,18746126099,1.08E-05,2.08298E+11,1.26E-05,1.78E-05,1.535470365,0.045369436,0.068245615,0.068245615
-47.05779164,0.028978318,15413513104,1.09E-05,16234526599,5.87E-06,2.07584E+11,1.15E-05,7.38E-06,2.043693696,0.07615533,0.116061323,0.116061323
-60.39995017,0.024020123,9301523248,1.12E-05,20691266313,9.50E-06,2.08723E+11,1.12E-05,1.48E-05,2.033377274,0.084337978,0.156648744,0.156648744
-45.85601704,0.024472572,7962988530,1.29E-05,21938068232,1.10E-05,2.03115E+11,1.19E-05,2.58E-05,0.614644171,0.06894288,0.135213237,0.135213237
-82.65108736,0.021300752,14389365034,9.27E-06,28161157707,5.73E-06,1.95887E+11,1.16E-05,1.97E-06,2.110866548,0.132461131,0.173695398,0.173695398
-42.48900532,0.031419635,19805123411,1.02E-05,28751921359,1.06E-05,2.01474E+11,1.30E-05,2.28E-06,0.734913627,0.087529429,0.101463369,0.101463369
-114.0625773,0.028378839,5710744654,1.17E-05,19796072507,9.16E-06,1.95351E+11,1.28E-05,3.71E-05,1.111252658,0.211256046,0.305920614,0.305920614
-30.1015112,0.039603834,11416300825,1.18E-05,34393787442,5.90E-06,2.05163E+11,1.30E-05,1.25E-05,2.765595122,0.061960758,0.080735768,0.080735768
-77.18881191,0.027361819,18207104169,1.30E-05,22453269116,8.20E-06,1.9162E+11,1.26E-05,2.82E-05,1.202046011,0.129358366,0.227872779,0.227872779
-98.03875068,0.028385618,11408960034,1.24E-05,12623215213,1.10E-05,2.0294E+11,1.08E-05,2.18E-06,2.986934453,0.130426358,0.282638558,0.282638558
-111.861668,0.037229355,11069836341,1.05E-05,34551042601,9.56E-06,1.97346E+11,1.13E-05,2.06E-05,0.945476716,0.198758047,0.272302563,0.272302563
-87.49687264,0.034750961,7636263633,8.89E-06,25880880871,8.60E-06,2.0518E+11,1.24E-05,1.25E-05,0.612483746,0.182510801,0.180704209,0.182510801
-59.70919406,0.037628868,9243378491,1.05E-05,23453867123,9.98E-06,2.03236E+11,1.19E-05,1.20E-05,1.012724643,0.11422313,0.146140802,0.146140802
-85.6143332,0.023042836,14978589083,1.00E-05,19015528719,6.05E-06,2.06025E+11,1.20E-05,3.24E-06,1.007866276,0.143812807,0.1934873,0.1934873
-23.21495884,0.024109634,9403450640,8.55E-06,17755441599,5.58E-06,1.92861E+11,1.11E-05,1.35E-05,2.581053234,0.037464661,0.045270554,0.045270554
-96.9458626,0.036900474,18387753481,1.04E-05,36089805744,7.53E-06,1.97909E+11,1.22E-05,1.45E-06,1.162850372,0.189588123,0.232377881,0.232377881
-39.75615458,0.022812367,5889643133,9.00E-06,39919770285,9.29E-06,2.00625E+11,1.08E-05,5.49E-06,1.856056335,0.058902508,0.083619112,0.083619112
-22.99063331,0.037242014,19175033039,1.14E-05,22400196974,1.10E-05,2.01502E+11,1.13E-05,3.86E-06,1.599234349,0.038933789,0.061495801,0.061495801
-106.4703823,0.038806121,8327216775,1.02E-05,23661090320,1.08E-05,2.0129E+11,1.18E-05,8.76E-06,1.035033222,0.204805055,0.256674325,0.256674325
-71.90673658,0.020550697,5546584565,9.16E-06,39682904483,9.23E-06,2.06594E+11,1.30E-05,2.39E-05,0.671868726,0.139217422,0.15208003,0.15208003
-61.4201587,0.02931246,8224286342,1.04E-05,25297074561,9.97E-06,2.09956E+11,1.13E-05,1.76E-06,0.819811313,0.100725212,0.148783864,0.148783864
-72.6017458,0.038440712,5705849969,8.60E-06,29200530742,7.47E-06,1.96506E+11,1.12E-05,2.39E-06,1.279772482,0.136176555,0.145455227,0.145455227
-46.87848888,0.037764967,19080649982,1.19E-05,27373810350,6.09E-06,1.92293E+11,1.21E-05,1.15E-06,1.210927621,0.086609566,0.126694052,0.126694052
-59.45238415,0.021083523,8087659303,1.17E-05,22964767644,8.95E-06,1.94574E+11,1.18E-05,1.19E-05,1.044673264,0.085671716,0.159360871,0.159360871
-22.27667931,0.032456026,11436471483,1.22E-05,20642586294,7.45E-06,1.99517E+11,1.16E-05,1.18E-06,1.658318505,0.036017068,0.061892796,0.061892796
-62.6729272,0.026356857,14491886894,8.20E-06,23420567435,7.46E-06,1.96384E+11,1.09E-05,2.82E-06,1.199773363,0.10392813,0.11900351,0.11900351
-64.08091041,0.026500556,8896912972,9.72E-06,26188691417,9.01E-06,1.96899E+11,1.24E-05,4.75E-05,0.750125614,0.121017124,0.143895702,0.143895702
-43.92397977,0.035263909,15932750892,1.20E-05,11393282579,1.10E-05,2.00483E+11,1.29E-05,8.96E-06,2.94430252,0.085370731,0.123272174,0.123272174
-94.73900542,0.025332446,17070284585,1.06E-05,13170470098,9.96E-06,2.06994E+11,1.27E-05,1.85E-05,1.196202897,0.172712594,0.233902031,0.233902031
-112.1543137,0.023426033,5284105047,1.30E-05,22622382352,1.10E-05,2.03541E+11,1.12E-05,3.27E-06,1.75876712,0.139297641,0.335295858,0.335295858
-115.9322558,0.034041711,10884905481,8.31E-06,14845834691,7.85E-06,1.9291E+11,1.14E-05,1.92E-05,2.191273975,0.21521444,0.225527705,0.225527705
-104.5235116,0.025162846,10594651258,8.32E-06,18032505689,9.64E-06,1.96783E+11,1.22E-05,2.01E-06,2.529118466,0.197538989,0.205413642,0.205413642
-45.12545825,0.033458911,9085122542,8.44E-06,31795214753,5.57E-06,1.95423E+11,1.11E-05,3.65E-05,0.742990778,0.082011577,0.086801804,0.086801804
-26.08418105,0.034081373,18677547860,1.04E-05,16797084539,1.07E-05,1.99875E+11,1.21E-05,1.05E-06,0.619299517,0.049911077,0.063071758,0.063071758
-21.1872577,0.025196495,10791316501,1.22E-05,32891328527,1.02E-05,1.99337E+11,1.29E-05,2.26E-05,0.545943796,0.037798749,0.05923104,0.05923104
-102.963156,0.037072104,12830335610,8.32E-06,18400556755,8.31E-06,1.92286E+11,1.10E-05,2.26E-05,2.635554399,0.185693745,0.201756493,0.201756493
-89.46418199,0.020607963,5770770991,1.14E-05,23486443121,5.39E-06,2.09637E+11,1.23E-05,7.36E-06,1.772973433,0.137093831,0.227960213,0.227960213
-43.47194301,0.022346025,5094906375,1.08E-05,16630440791,8.84E-06,1.99062E+11,1.12E-05,3.67E-05,0.523859542,0.064230361,0.107023183,0.107023183
-47.61679965,0.03106535,16930615503,8.29E-06,16405546631,8.47E-06,2.06479E+11,1.14E-05,3.46E-06,0.796398674,0.087975359,0.092073311,0.092073311
-24.26141589,0.036663824,13781894522,9.87E-06,22423041801,9.00E-06,1.98023E+11,1.30E-05,6.42E-06,0.72338393,0.052537651,0.055600915,0.055600915
-74.05820571,0.024332272,5296788914,1.19E-05,25546399729,9.39E-06,2.06733E+11,1.28E-05,2.01E-06,2.004837782,0.126058909,0.202079988,0.202079988
-70.35355145,0.031140892,8350860541,9.13E-06,34049967595,9.89E-06,1.94654E+11,1.27E-05,1.17E-05,1.130378076,0.145389339,0.151008274,0.151008274
-51.55385117,0.023670562,16531514144,8.42E-06,15230335497,8.04E-06,2.09771E+11,1.21E-05,2.78E-06,2.222033788,0.094722647,0.100967746,0.100967746
-106.2151333,0.030472677,9189603618,8.22E-06,34294848092,7.98E-06,2.05689E+11,1.18E-05,7.96E-06,1.388482,0.20393986,0.203865443,0.20393986
-34.76903794,0.024419271,10486645562,1.18E-05,21383861530,8.36E-06,1.9374E+11,1.25E-05,2.85E-06,0.670357017,0.059002771,0.092925514,0.092925514
-81.10517909,0.037039336,10562828787,8.77E-06,32780728116,8.99E-06,2.09797E+11,1.11E-05,4.84E-06,2.458460334,0.146764372,0.167735568,0.167735568
-30.77585455,0.033558768,10292395807,1.03E-05,11994916448,8.92E-06,2.09775E+11,1.21E-05,2.03E-06,1.450543395,0.057514796,0.073889858,0.073889858
-27.53805271,0.023523046,6057951853,8.73E-06,34682144744,8.90E-06,2.07559E+11,1.18E-05,1.17E-05,2.766112567,0.047899653,0.056250608,0.056250608
-44.46106084,0.029200394,13883309259,8.74E-06,15870410668,7.95E-06,2.0011E+11,1.08E-05,4.16E-05,1.504202157,0.072508096,0.090346566,0.090346566
-22.09414435,0.038480889,10750296734,8.14E-06,14799099047,8.50E-06,2.0145E+11,1.13E-05,7.82E-06,0.653193143,0.042948851,0.04213202,0.042948851
-91.45256096,0.03631911,6210237378,1.28E-05,12968850352,9.95E-06,2.07263E+11,1.11E-05,3.87E-06,2.488030302,0.140550247,0.270747091,0.270747091
-119.5796321,0.027889194,6152510156,1.18E-05,14395532490,1.10E-05,2.08904E+11,1.07E-05,5.15E-06,2.091244757,0.160174685,0.328188562,0.328188562
-97.03500321,0.027004491,13856687098,1.06E-05,39116834510,1.07E-05,1.94174E+11,1.20E-05,1.65E-06,0.845915999,0.168935285,0.239851214,0.239851214
-38.66047141,0.022898643,13327969180,9.84E-06,11743107066,5.09E-06,2.03319E+11,1.27E-05,1.11E-05,0.585198252,0.072739056,0.084881763,0.084881763
-76.63146018,0.032566794,7033409566,8.89E-06,17301142922,5.35E-06,2.06306E+11,1.19E-05,2.91E-05,0.584458937,0.149872641,0.154028603,0.154028603
-112.4460173,0.031702241,5932801777,1.00E-05,22408051016,6.77E-06,1.958E+11,1.18E-05,1.77E-06,0.80544214,0.20641149,0.256387297,0.256387297
-87.04697391,0.032289158,8764306060,1.01E-05,10511703868,8.67E-06,1.96003E+11,1.08E-05,1.31E-06,1.391496528,0.138587078,0.203751649,0.203751649
-44.56124397,0.034240338,10836687483,9.89E-06,11451251103,6.40E-06,1.98135E+11,1.06E-05,7.35E-06,1.074738809,0.071904614,0.100793106,0.100793106
-106.1794714,0.033829885,6707330603,9.16E-06,11838910453,9.63E-06,1.97527E+11,1.23E-05,3.48E-06,2.198236397,0.211419449,0.229247366,0.229247366
-22.65167141,0.032872724,8347562705,8.80E-06,11786502618,6.26E-06,2.09716E+11,1.23E-05,5.16E-06,0.886340221,0.045804094,0.045680358,0.045804094
-77.81099413,0.030511489,8052737299,9.87E-06,23056626534,8.78E-06,2.0484E+11,1.24E-05,3.91E-05,2.595917445,0.147947238,0.178834367,0.178834367
-57.7346865,0.031534003,8265948939,8.66E-06,19124165103,6.06E-06,2.0746E+11,1.16E-05,1.07E-06,0.577183066,0.109582789,0.113704127,0.113704127
-110.1727248,0.021787083,6773881734,1.14E-05,29079101042,5.35E-06,1.94806E+11,1.22E-05,4.75E-06,0.71640687,0.176107361,0.280485517,0.280485517
-63.22451349,0.036449273,15302152934,1.25E-05,17979827365,5.36E-06,1.90481E+11,1.23E-05,9.12E-06,0.792332451,0.117194197,0.178471815,0.178471815
-77.97278207,0.029964077,6022738603,8.93E-06,37761238508,5.42E-06,1.90187E+11,1.16E-05,1.14E-05,1.678483828,0.141160633,0.158735881,0.158735881
-39.87688156,0.038882077,7885934494,8.64E-06,11901121370,8.14E-06,1.99985E+11,1.10E-05,1.34E-05,1.488458283,0.07283125,0.080740553,0.080740553
-26.00489099,0.032824702,9220027696,8.24E-06,33497551656,7.60E-06,2.07014E+11,1.08E-05,2.14E-05,1.627992755,0.044930566,0.049968799,0.049968799
-42.38761234,0.037582373,15268773039,1.10E-05,32427082325,8.68E-06,1.93256E+11,1.09E-05,1.19E-05,2.030453958,0.069267667,0.108354214,0.108354214
-71.52659426,0.030731802,7065566232,8.49E-06,21155082160,1.08E-05,1.91217E+11,1.08E-05,2.02E-06,1.150040768,0.120743554,0.144507414,0.144507414
-49.02062583,0.037097501,5200709602,1.28E-05,16652219218,1.01E-05,1.99823E+11,1.10E-05,1.65E-06,0.683604578,0.077430141,0.144429194,0.144429194
-75.96432831,0.023245035,10970772783,8.83E-06,17729913728,9.40E-06,2.01346E+11,1.17E-05,3.40E-05,2.214915835,0.129097179,0.157240215,0.157240215
-36.95333105,0.020818957,19718157452,9.89E-06,10217204562,7.61E-06,1.97691E+11,1.24E-05,2.40E-06,0.719341875,0.064485654,0.083077014,0.083077014
-41.9562794,0.026958538,13475783795,9.14E-06,10502510466,9.25E-06,2.02401E+11,1.28E-05,2.49E-05,1.903853996,0.083405054,0.089741959,0.089741959
-38.96830754,0.034637675,7039485195,1.12E-05,36996963381,8.59E-06,2.05329E+11,1.05E-05,9.10E-06,1.172398938,0.058777682,0.100756493,0.100756493
-49.52167251,0.025852303,18504912253,1.23E-05,11308420627,9.41E-06,2.00051E+11,1.08E-05,2.03E-06,0.526683688,0.067054234,0.13897847,0.13897847
-101.748613,0.029433061,5339726010,1.26E-05,17061988453,9.27E-06,2.08713E+11,1.12E-05,1.03E-06,1.896455904,0.146239248,0.294220356,0.294220356
-28.78336085,0.036062451,17847948351,8.68E-06,13750286614,8.75E-06,2.07517E+11,1.08E-05,3.39E-05,0.986254919,0.050692114,0.05855322,0.05855322
-114.9956609,0.026667266,17871583247,1.16E-05,27464493142,1.10E-05,1.99954E+11,1.23E-05,4.88E-06,1.296694922,0.194900909,0.309231301,0.309231301
-84.67825379,0.031152941,7055098260,8.39E-06,17773981020,9.20E-06,1.96611E+11,1.06E-05,4.03E-06,2.762876364,0.138574432,0.167881195,0.167881195
-81.26869463,0.030117418,19461824343,9.34E-06,14784536844,7.19E-06,1.94045E+11,1.17E-05,3.31E-06,2.332447474,0.145448313,0.175202625,0.175202625
-89.35618785,0.036342434,17219703435,1.07E-05,15757224746,6.87E-06,2.07693E+11,1.15E-05,4.57E-06,1.711937368,0.157488432,0.220232816,0.220232816
-71.68080115,0.029828073,17747730538,1.11E-05,19950125841,1.02E-05,1.923E+11,1.07E-05,2.34E-06,1.924877648,0.102755385,0.185867212,0.185867212
-117.8696735,0.031838727,5012559212,1.00E-05,13047927995,6.43E-06,1.91337E+11,1.07E-05,1.00E-06,0.87357374,0.18851341,0.269699645,0.269699645
-21.4481692,0.034546176,10344791922,1.21E-05,25192082229,7.31E-06,2.00898E+11,1.20E-05,3.54E-05,1.453052146,0.037485389,0.059445868,0.059445868
-102.2745482,0.039361628,14393263676,1.08E-05,32389270403,5.16E-06,1.94147E+11,1.29E-05,3.68E-06,1.29774397,0.21641603,0.25180813,0.25180813
-23.44280742,0.02645929,18967316715,1.21E-05,13059363101,1.10E-05,2.02717E+11,1.09E-05,2.07E-06,2.087081947,0.03114627,0.065762603,0.065762603
-80.06527382,0.034862917,15295529571,8.07E-06,19031480009,8.34E-06,1.96836E+11,1.13E-05,5.03E-06,0.892740647,0.152523196,0.151363114,0.152523196
-39.14033727,0.02038139,16642473146,9.52E-06,15329541958,9.08E-06,2.06773E+11,1.22E-05,1.09E-05,1.197642495,0.066179388,0.08624579,0.08624579
-42.41208785,0.022508664,11670444063,9.85E-06,34084220701,1.09E-05,2.05229E+11,1.18E-05,5.18E-06,1.296893162,0.069307315,0.097881936,0.097881936
-64.1955047,0.023887758,14600713952,1.03E-05,14969345947,9.71E-06,2.00933E+11,1.23E-05,1.37E-06,2.155853039,0.109705877,0.153815144,0.153815144
-25.74929421,0.02981872,15110186792,8.78E-06,18058008707,9.69E-06,2.03435E+11,1.11E-05,1.02E-06,0.902907319,0.044228548,0.053075659,0.053075659
-33.30528459,0.037801142,6280795345,1.23E-05,12619764616,9.82E-06,1.95292E+11,1.21E-05,6.55E-06,1.280580764,0.060867395,0.095233344,0.095233344
-104.0943772,0.025391773,10151708172,1.13E-05,10773464219,1.00E-05,1.96581E+11,1.05E-05,7.24E-06,2.794571242,0.133891639,0.272236238,0.272236238
-119.086372,0.021102449,7174596635,1.12E-05,11475298718,1.10E-05,2.08439E+11,1.15E-05,2.04E-06,2.896569672,0.164406773,0.310233343,0.310233343
-93.19315316,0.030859377,6774920052,1.30E-05,35198103489,1.10E-05,1.96907E+11,1.23E-05,3.89E-06,1.24347219,0.158399993,0.279609138,0.279609138
-100.7337974,0.02598805,10898584379,1.08E-05,27066264087,7.30E-06,2.08971E+11,1.16E-05,1.44E-06,0.558791795,0.16510167,0.246844066,0.246844066
-101.6617385,0.031466057,11447754108,1.09E-05,12908595857,5.12E-06,1.90974E+11,1.13E-05,1.79E-05,2.855352435,0.163410655,0.250896071,0.250896071
-44.09847313,0.032595361,14812950096,1.04E-05,10067218871,9.15E-06,1.96026E+11,1.10E-05,1.77E-06,1.530598395,0.07164179,0.106453478,0.106453478
-21.70483959,0.031575392,14831291615,9.03E-06,33559248765,8.87E-06,1.99594E+11,1.11E-05,1.26E-06,0.741942041,0.037691414,0.045588315,0.045588315
-22.82981455,0.038745044,16007171213,8.55E-06,25722190326,7.91E-06,1.9425E+11,1.12E-05,7.83E-06,0.964369193,0.04294844,0.04556981,0.04556981
-98.27728639,0.023092006,5615963838,8.25E-06,21279384823,7.84E-06,2.09942E+11,1.06E-05,1.71E-06,1.146661939,0.151810194,0.187880872,0.187880872
-22.28252861,0.026366126,13981079322,1.14E-05,21102658093,1.10E-05,2.01197E+11,1.29E-05,7.07E-06,0.81112497,0.041220638,0.059021005,0.059021005
-56.48619866,0.023023541,14350662264,9.93E-06,13678177387,6.25E-06,2.05553E+11,1.16E-05,4.76E-06,1.289812007,0.089866688,0.127112228,0.127112228
-119.1369758,0.033541574,16730162813,1.25E-05,22338224810,5.45E-06,2.06542E+11,1.22E-05,2.15E-06,1.739196694,0.207464901,0.336147267,0.336147267
-78.71612529,0.031812818,13008669492,1.22E-05,15087679426,8.85E-06,1.95247E+11,1.17E-05,7.76E-06,0.848935313,0.130036204,0.219158897,0.219158897
-76.38397839,0.02768431,5084927275,1.08E-05,26297206666,1.03E-05,2.05201E+11,1.07E-05,7.41E-06,1.969852727,0.109274839,0.191776008,0.191776008
-26.92800507,0.034843429,9972425089,1.23E-05,28700943797,9.26E-06,2.02663E+11,1.26E-05,2.70E-06,0.729510744,0.051336945,0.07606268,0.07606268
-113.6083696,0.035669204,7832607279,1.12E-05,15674421794,8.32E-06,2.07029E+11,1.14E-05,7.55E-06,0.607921469,0.200583648,0.291664533,0.291664533
-72.05761109,0.037467398,5552052650,1.11E-05,34348815668,6.15E-06,1.95647E+11,1.14E-05,7.42E-06,0.532894611,0.128763693,0.180759571,0.180759571
-47.14929136,0.03736352,16455698518,8.82E-06,35383337383,8.95E-06,1.90829E+11,1.20E-05,3.32E-06,0.874374907,0.095652492,0.097475583,0.097475583
-21.32762656,0.033677241,11084347025,8.38E-06,10674741763,8.02E-06,2.04759E+11,1.23E-05,1.01E-05,2.384946992,0.043468879,0.041875933,0.043468879
-47.3009356,0.039098888,12495927932,1.14E-05,32947690283,1.00E-05,1.98068E+11,1.25E-05,2.30E-06,0.827354887,0.094994405,0.125825869,0.125825869
-20.58086151,0.02851882,19370074151,1.27E-05,10174172278,8.25E-06,2.08195E+11,1.27E-05,2.44E-05,2.515450039,0.035304407,0.059741036,0.059741036
-59.68393517,0.021515335,10422498030,8.97E-06,10819475213,5.16E-06,1.95056E+11,1.08E-05,3.82E-05,0.504921123,0.090931029,0.119613505,0.119613505
-90.38339076,0.031011143,11062205432,1.08E-05,10731614924,1.10E-05,1.95907E+11,1.19E-05,1.48E-05,2.37925842,0.156984216,0.230108444,0.230108444
-88.3580208,0.025558322,6809244536,8.84E-06,22692674819,8.47E-06,1.97835E+11,1.20E-05,1.25E-05,0.909718297,0.162908376,0.181028162,0.181028162
-98.43281898,0.038649374,5061073548,9.84E-06,28435006292,7.90E-06,2.03367E+11,1.06E-05,1.03E-06,0.629048394,0.166983607,0.223267383,0.223267383
-94.22102175,0.027704277,9780908014,8.57E-06,10556042127,9.16E-06,2.01668E+11,1.28E-05,2.31E-06,0.611162677,0.197923941,0.187852823,0.197923941
-94.57682034,0.020789134,15677493462,9.79E-06,39969154673,9.56E-06,2.09272E+11,1.07E-05,4.01E-05,2.678763653,0.125680811,0.215390091,0.215390091
-68.8953507,0.039639203,15115863415,8.25E-06,12965024065,8.25E-06,2.05038E+11,1.09E-05,4.92E-05,2.051807562,0.126379574,0.133945846,0.133945846
-46.22848988,0.032284289,6035868513,1.08E-05,22997111419,1.05E-05,2.01038E+11,1.26E-05,2.35E-06,1.686523308,0.089216158,0.116451289,0.116451289
-103.6639339,0.029950589,11972546252,1.17E-05,24878450626,7.56E-06,2.02519E+11,1.12E-05,1.70E-06,2.482936999,0.154948611,0.27802679,0.27802679
-36.25236042,0.038231105,6692385159,9.44E-06,12641193593,9.14E-06,1.98178E+11,1.27E-05,3.10E-06,0.744059796,0.078143724,0.079913006,0.079913006
-75.6426566,0.031135717,9462966754,1.01E-05,29513044167,5.76E-06,2.00842E+11,1.28E-05,2.26E-06,0.815277147,0.15414401,0.172182745,0.172182745
-98.87103946,0.030214469,6654111764,1.20E-05,18342915582,1.10E-05,1.93161E+11,1.26E-05,2.10E-06,2.521211192,0.175629071,0.277161935,0.277161935
-31.18888258,0.030869457,15144839576,1.08E-05,14768852756,1.10E-05,1.92968E+11,1.26E-05,1.02E-05,0.585832462,0.061049305,0.078122471,0.078122471
-57.75817553,0.037501511,19996297677,9.89E-06,12377378573,9.56E-06,2.08475E+11,1.27E-05,1.81E-05,1.285783674,0.121570071,0.133844764,0.133844764
-96.55528062,0.035984118,8577408398,8.09E-06,16581308865,9.42E-06,1.99734E+11,1.24E-05,7.49E-06,1.156830646,0.206436557,0.184992554,0.206436557
-47.47207893,0.034628275,13687994722,1.01E-05,15215172531,9.85E-06,2.09894E+11,1.20E-05,1.05E-05,2.407926269,0.088887137,0.112551294,0.112551294
-118.1146005,0.039193265,7860136874,1.25E-05,19252651112,7.11E-06,1.90728E+11,1.29E-05,1.24E-06,1.216650307,0.238844827,0.337291959,0.337291959
-48.82785085,0.033578443,5726145939,9.72E-06,22371372104,9.33E-06,2.08832E+11,1.21E-05,4.89E-05,0.71354693,0.095139719,0.110302537,0.110302537
-105.9672222,0.022195706,7499071469,1.27E-05,13466895370,1.10E-05,2.01878E+11,1.14E-05,7.32E-06,1.325108102,0.13500264,0.310375852,0.310375852
-66.94864457,0.025529822,10360240367,1.03E-05,10373721029,1.04E-05,2.09035E+11,1.17E-05,1.80E-06,2.395198043,0.108079187,0.161674966,0.161674966
-56.38826614,0.022781165,15136833445,8.76E-06,18716564646,5.45E-06,2.07849E+11,1.08E-05,1.57E-06,2.551873197,0.085250953,0.112285186,0.112285186
-55.72163148,0.021716504,14456668040,1.09E-05,14512211437,8.81E-06,1.97527E+11,1.29E-05,1.39E-05,0.594223856,0.101160617,0.138219568,0.138219568
-100.8861332,0.028498078,6275984958,9.62E-06,12558803743,8.56E-06,2.00304E+11,1.19E-05,1.38E-06,0.661819916,0.184930525,0.223490553,0.223490553
-46.82459081,0.028956272,8834182494,1.21E-05,33645555893,1.10E-05,1.97656E+11,1.23E-05,4.26E-06,0.746869738,0.081192863,0.131134135,0.131134135
-100.9157625,0.028666819,6994334661,9.39E-06,14274594371,8.97E-06,2.06574E+11,1.25E-05,1.53E-06,1.407923241,0.197027532,0.220807398,0.220807398
-104.9458766,0.026712716,11234830533,1.06E-05,11773141622,1.08E-05,1.98229E+11,1.13E-05,7.74E-06,2.357613141,0.161283691,0.260304146,0.260304146
-32.37824428,0.032148539,10119081946,8.97E-06,29678325788,8.66E-06,2.04651E+11,1.24E-05,1.53E-05,1.182341107,0.065511353,0.067786331,0.067786331
-60.89948743,0.029595822,9393217653,1.13E-05,32507174391,8.56E-06,2.0198E+11,1.28E-05,1.53E-06,1.730676619,0.114908857,0.158112463,0.158112463
-35.65470268,0.027138913,13749828050,8.08E-06,16118440716,1.03E-05,1.94932E+11,1.23E-05,5.93E-06,1.795303903,0.070183925,0.068595076,0.070183925
-40.25264948,0.027334592,9784691702,1.10E-05,17576502947,1.04E-05,2.09866E+11,1.19E-05,5.02E-06,1.507156379,0.066609751,0.103431822,0.103431822
-44.46084455,0.025300941,5747408042,1.21E-05,36942185873,1.10E-05,2.05523E+11,1.24E-05,2.36E-06,0.846846612,0.073324895,0.124332484,0.124332484
-68.30268437,0.034295469,5962041384,1.22E-05,29052124430,6.00E-06,1.90055E+11,1.11E-05,3.61E-05,0.860298211,0.107863746,0.188137837,0.188137837
-115.1168001,0.030390105,10187069526,1.06E-05,18445799504,1.01E-05,1.95563E+11,1.13E-05,4.71E-06,0.712814523,0.191998151,0.284017541,0.284017541
-62.18840841,0.033855956,13681720252,1.28E-05,29759148314,6.53E-06,2.0489E+11,1.17E-05,2.74E-06,0.838103021,0.103377766,0.179861178,0.179861178
-72.56793662,0.027301758,6643179432,1.19E-05,17028537384,1.10E-05,1.94477E+11,1.13E-05,1.68E-05,2.791207905,0.105457614,0.200969,0.200969
-65.04135358,0.028299211,8919536209,1.08E-05,35287276044,1.06E-05,2.01475E+11,1.06E-05,3.99E-05,0.605357988,0.095290274,0.162181995,0.162181995
-73.06801894,0.023369233,8276404231,1.01E-05,22804836032,8.46E-06,2.06352E+11,1.19E-05,8.70E-06,2.513214901,0.119645836,0.169824985,0.169824985
-88.15910764,0.031940564,5542870058,1.21E-05,12229988864,9.39E-06,2.06763E+11,1.10E-05,1.84E-06,0.649472902,0.13568581,0.245052746,0.245052746
-108.4882289,0.025607868,11140057996,1.13E-05,35439341077,6.14E-06,2.07437E+11,1.17E-05,1.35E-05,1.590714283,0.169660441,0.276460129,0.276460129
-44.2526698,0.021580052,16587399684,1.10E-05,11163738333,5.97E-06,1.90885E+11,1.20E-05,4.63E-06,1.160164143,0.068328206,0.109544221,0.109544221
-106.3740144,0.036629192,17178494762,1.20E-05,11112657866,1.10E-05,1.97592E+11,1.27E-05,5.97E-06,0.791021749,0.210198239,0.297899879,0.297899879
-117.1486283,0.023219372,7974959264,1.05E-05,10638346480,1.10E-05,1.93566E+11,1.09E-05,1.64E-05,0.876706148,0.167316341,0.285072832,0.285072832
-98.65095969,0.033470249,9506583531,8.10E-06,26219355648,5.99E-06,2.0589E+11,1.18E-05,3.05E-06,0.578192566,0.197471104,0.182378585,0.197471104
-80.58043145,0.026737783,6989616286,1.20E-05,27311861318,8.73E-06,2.08427E+11,1.07E-05,4.14E-06,2.329675851,0.104461009,0.222291532,0.222291532
-51.86375225,0.024894958,5845721482,1.01E-05,33845642384,1.02E-05,1.99085E+11,1.22E-05,4.79E-05,2.396912105,0.089771323,0.12279452,0.12279452
-26.50467009,0.035856504,5662551883,1.27E-05,36467597197,5.61E-06,1.94597E+11,1.22E-05,6.04E-06,0.780145509,0.048091033,0.075870107,0.075870107
-115.6104362,0.025055597,19344211375,9.19E-06,29871770058,1.02E-05,2.03864E+11,1.17E-05,6.29E-06,0.637234668,0.20446837,0.247478982,0.247478982
-97.35054239,0.036693488,6038143085,1.09E-05,22002452613,5.82E-06,2.06788E+11,1.21E-05,8.06E-06,0.614056477,0.189116187,0.239088479,0.239088479
-62.85116758,0.023372446,9292307698,8.20E-06,24597904587,6.78E-06,2.02345E+11,1.24E-05,1.28E-06,0.705988938,0.123100983,0.117865738,0.123100983
-64.80074582,0.039213719,7512203658,1.12E-05,32252975209,1.08E-05,1.98568E+11,1.05E-05,8.32E-06,2.482923744,0.101261024,0.170176211,0.170176211
-115.0342979,0.03599884,11645873407,1.17E-05,35074627367,1.10E-05,2.0648E+11,1.25E-05,5.73E-06,0.590002536,0.228292471,0.310970572,0.310970572
-29.4435333,0.029107577,18114654323,1.25E-05,10652215286,1.10E-05,1.93807E+11,1.21E-05,6.92E-06,2.446078226,0.047103486,0.085862246,0.085862246
-35.74598655,0.036210156,8478806762,1.21E-05,15719621007,1.00E-05,2.05445E+11,1.20E-05,3.21E-06,1.88380909,0.063699028,0.100785859,0.100785859
-100.6611236,0.021576307,7946766329,9.54E-06,11207441285,7.40E-06,2.05903E+11,1.09E-05,3.83E-06,0.79048822,0.148311735,0.218677743,0.218677743
-53.7854012,0.035736098,8144033695,1.27E-05,15746588335,8.43E-06,2.0491E+11,1.18E-05,4.96E-05,0.700398986,0.092781587,0.156489359,0.156489359
-51.41453312,0.037597046,5003952072,9.40E-06,25922845817,7.59E-06,1.95199E+11,1.07E-05,2.24E-06,1.503051929,0.087410356,0.112232079,0.112232079
-27.8777351,0.023853079,10142797386,8.20E-06,13835721019,5.12E-06,1.91763E+11,1.29E-05,3.93E-05,1.125357375,0.056743178,0.051772864,0.056743178
-20.90127649,0.027398645,5975127798,1.13E-05,24389255844,9.93E-06,1.98087E+11,1.23E-05,3.06E-06,0.658402135,0.03672603,0.054320908,0.054320908
-37.38722463,0.020130298,9510000336,9.50E-06,11439628582,7.21E-06,2.07886E+11,1.29E-05,3.14E-06,1.009471715,0.069274383,0.080904991,0.080904991
-37.30994814,0.023059694,7404757437,1.25E-05,26729287094,7.75E-06,2.05978E+11,1.09E-05,2.32E-05,1.339605703,0.045547128,0.105905472,0.105905472
-94.74545096,0.036641696,19923364585,1.07E-05,10463890467,9.05E-06,1.92569E+11,1.11E-05,4.76E-05,0.769903607,0.162480308,0.233576868,0.233576868
-118.4617652,0.034722406,17370410948,1.06E-05,11950640092,9.75E-06,1.98194E+11,1.09E-05,2.71E-06,2.328112205,0.190822791,0.292486123,0.292486123
-66.60510828,0.029816603,16345837767,9.99E-06,25135828769,9.96E-06,2.04014E+11,1.06E-05,3.40E-06,1.513073356,0.100220049,0.155622737,0.155622737
-66.54720731,0.031492458,18327445086,1.17E-05,13382854088,1.03E-05,1.94778E+11,1.10E-05,6.97E-06,2.121626618,0.099987323,0.181521189,0.181521189
-112.0037473,0.03684458,9938295788,9.06E-06,19678654842,1.03E-05,1.93634E+11,1.19E-05,1.41E-06,0.528910562,0.226224744,0.237855113,0.237855113
-86.18556717,0.031367065,8784014829,1.22E-05,15664572003,5.12E-06,2.01338E+11,1.24E-05,2.17E-05,2.026612808,0.151861981,0.237887337,0.237887337
-98.07567881,0.025450329,8849929017,1.24E-05,11925874510,5.77E-06,1.90782E+11,1.28E-05,6.94E-06,1.302147414,0.166276652,0.27293423,0.27293423
-63.23640193,0.022931472,9375879419,9.82E-06,12421905217,1.06E-05,1.98108E+11,1.11E-05,5.60E-06,2.206891926,0.093333953,0.14575094,0.14575094
-20.0358883,0.038501766,8618667190,9.84E-06,22404327059,7.84E-06,1.9086E+11,1.18E-05,3.73E-05,1.077946641,0.038512346,0.045647342,0.045647342
-100.8510208,0.024927193,7853648856,1.27E-05,14406252544,5.87E-06,2.06806E+11,1.11E-05,4.74E-05,1.33898845,0.130148114,0.287624799,0.287624799
-54.05560432,0.037424472,5801115208,8.98E-06,13979277681,5.48E-06,2.01752E+11,1.07E-05,1.45E-05,2.362063229,0.093073227,0.111388974,0.111388974
-55.4022971,0.029005974,5446802306,1.07E-05,36856186380,6.71E-06,2.09348E+11,1.08E-05,1.27E-05,1.068546626,0.083289031,0.134879019,0.134879019
-107.2045727,0.025305553,5790196681,1.13E-05,12496031912,5.71E-06,1.9413E+11,1.29E-05,3.47E-06,2.392908525,0.192157129,0.273485056,0.273485056
-28.2096333,0.032645912,19136294103,1.25E-05,20271606261,8.29E-06,1.98717E+11,1.29E-05,1.70E-06,0.801126233,0.053970595,0.080510613,0.080510613
-45.98770644,0.028618285,6511253633,1.05E-05,10737162458,1.07E-05,2.02154E+11,1.10E-05,1.10E-06,2.092815459,0.070258484,0.112959547,0.112959547
-110.9694167,0.030968706,6033119222,9.32E-06,14726915502,9.63E-06,1.94727E+11,1.18E-05,1.16E-05,0.78088175,0.207503511,0.241264325,0.241264325
-63.03580099,0.023835567,14884849736,9.77E-06,17866252679,9.82E-06,2.04989E+11,1.18E-05,3.72E-05,1.908957321,0.104488036,0.143722265,0.143722265
-29.76188842,0.028127941,5210972360,9.52E-06,39798232481,8.11E-06,1.95382E+11,1.14E-05,6.62E-06,1.496202791,0.05012592,0.065530705,0.065530705
-62.73506391,0.038780835,12804405245,8.44E-06,32257567455,9.12E-06,1.91683E+11,1.27E-05,3.85E-06,0.555976465,0.141071639,0.124041347,0.141071639
-50.49748068,0.022106715,6620884461,8.49E-06,27753772536,7.53E-06,1.92377E+11,1.11E-05,1.35E-06,2.005592567,0.080395472,0.099120661,0.099120661
-78.44801589,0.03760902,9251412524,1.29E-05,36796754982,1.06E-05,1.91379E+11,1.27E-05,3.48E-06,0.585478386,0.15496089,0.233367103,0.233367103
-48.83902655,0.02757113,9351896282,1.03E-05,24430780298,6.46E-06,1.90608E+11,1.19E-05,3.13E-05,1.064574206,0.084153487,0.114675302,0.114675302
-100.8466444,0.034756949,8891809343,1.06E-05,17989381144,1.06E-05,2.09848E+11,1.07E-05,1.87E-05,1.873035929,0.158482957,0.251160126,0.251160126
-105.3856808,0.038912637,9471149856,1.12E-05,19962722339,6.36E-06,1.97961E+11,1.25E-05,2.82E-05,2.453001447,0.208357335,0.270078583,0.270078583
-99.94484514,0.022212549,15332739882,1.27E-05,20749456842,5.96E-06,2.08499E+11,1.28E-05,2.41E-05,0.602509211,0.163325355,0.282937286,0.282937286
-119.8672154,0.032540343,12790015987,8.68E-06,14016516109,8.96E-06,1.97983E+11,1.18E-05,6.30E-06,1.690883965,0.227453624,0.244421669,0.244421669
-106.2153161,0.035453035,9571017429,1.03E-05,22789243997,9.82E-06,2.04473E+11,1.23E-05,1.08E-05,1.561692184,0.207152244,0.254984499,0.254984499
-95.21160876,0.032236064,8291811897,1.24E-05,28740166285,1.10E-05,2.02858E+11,1.16E-05,8.01E-06,0.747236626,0.155274335,0.273560147,0.273560147
-108.218781,0.026093027,5585016320,1.09E-05,15740704766,5.89E-06,2.06557E+11,1.13E-05,2.13E-06,1.609355621,0.16398677,0.267683312,0.267683312
-98.67973332,0.033655509,17340590868,1.07E-05,25659936096,1.07E-05,2.06896E+11,1.27E-05,2.46E-06,2.283866987,0.194852639,0.247507327,0.247507327
-64.86872116,0.035520765,5317208378,1.29E-05,20205748104,7.48E-06,2.08731E+11,1.21E-05,1.52E-05,0.669728439,0.115121499,0.19023005,0.19023005
-98.23451423,0.021522749,6902789822,9.23E-06,12511048692,5.82E-06,1.94495E+11,1.24E-05,1.96E-06,2.071506372,0.174761226,0.205801712,0.205801712
-89.62906777,0.026302713,14822161339,1.25E-05,15878099541,1.10E-05,2.01229E+11,1.16E-05,1.06E-06,1.269259612,0.131501447,0.259324914,0.259324914
-89.78753225,0.024438606,11277258637,8.63E-06,37454501531,8.93E-06,2.02497E+11,1.05E-05,1.18E-05,0.567612728,0.139355114,0.179348645,0.179348645
-32.06006792,0.035787177,15005566505,9.60E-06,18832567921,5.09E-06,2.09862E+11,1.12E-05,1.43E-06,1.470028759,0.056532112,0.070000165,0.070000165
-38.19409923,0.035638203,12741717305,1.23E-05,16120114097,1.10E-05,1.94715E+11,1.17E-05,3.80E-05,0.738330136,0.066343942,0.10887707,0.10887707
-73.14005992,0.034386187,10124861721,8.79E-06,20033836284,9.04E-06,1.99216E+11,1.13E-05,3.09E-05,1.546402936,0.132510648,0.151182786,0.151182786
-40.84198828,0.032855157,15074716580,1.08E-05,11618768314,6.16E-06,1.99645E+11,1.15E-05,4.27E-05,1.632510729,0.068921019,0.100796688,0.100796688
-58.45416019,0.038490844,5441556737,1.13E-05,14530436354,8.67E-06,1.97018E+11,1.07E-05,6.87E-06,1.480091339,0.09315226,0.15325728,0.15325728
-112.8939389,0.028022489,6060522794,1.20E-05,15777923833,6.54E-06,2.01415E+11,1.16E-05,1.88E-05,2.938968357,0.171781675,0.306838007,0.306838007
-56.19743033,0.030681589,11820643984,1.05E-05,14276771881,8.26E-06,1.93537E+11,1.29E-05,2.21E-06,1.024477927,0.11161459,0.136090303,0.136090303
-97.63789706,0.027797353,17627535442,1.03E-05,13509445565,9.52E-06,2.09269E+11,1.05E-05,3.82E-05,0.926875529,0.142862312,0.232022354,0.232022354
-79.97613369,0.028556576,5710660164,1.28E-05,23942154015,1.10E-05,2.04073E+11,1.11E-05,6.82E-06,2.04087074,0.110424905,0.23659101,0.23659101
-93.51121023,0.038801837,16566537228,8.16E-06,34938912378,8.55E-06,1.95135E+11,1.16E-05,2.70E-05,1.341807523,0.185839734,0.179791355,0.185839734
-90.86625946,0.034998173,5301950830,9.41E-06,19169615725,8.50E-06,2.02874E+11,1.26E-05,8.80E-06,1.294163164,0.188619837,0.199121224,0.199121224
-55.29762839,0.038379386,5215287215,9.40E-06,28855994975,9.07E-06,1.95603E+11,1.23E-05,3.24E-06,2.239103038,0.113254308,0.122201488,0.122201488
-33.34971223,0.039541062,15854625250,9.28E-06,11257468096,9.29E-06,1.98379E+11,1.11E-05,2.14E-05,2.758902996,0.060480625,0.07301461,0.07301461
-115.2120589,0.03430418,17421339318,1.08E-05,25258953046,8.28E-06,1.9063E+11,1.12E-05,1.71E-06,1.965694712,0.191547437,0.288905609,0.288905609
-36.60782143,0.0335724,9644446730,1.06E-05,12265000031,6.57E-06,1.93805E+11,1.15E-05,3.37E-06,1.174981517,0.063440199,0.088260636,0.088260636
-106.5023351,0.037714162,10351219108,1.04E-05,11245654871,9.07E-06,2.02066E+11,1.23E-05,3.40E-06,0.853306755,0.213195086,0.257341962,0.257341962
-74.24899449,0.039725091,9794071679,1.27E-05,18534466974,1.10E-05,2.06197E+11,1.12E-05,3.14E-05,0.829767186,0.124255727,0.218583929,0.218583929
-63.06311749,0.023593716,9769056219,8.45E-06,13763611882,8.09E-06,2.07209E+11,1.24E-05,1.60E-06,2.306138908,0.118482949,0.124079471,0.124079471
-62.80588913,0.022861332,5514586666,1.15E-05,14677057162,1.10E-05,1.92616E+11,1.14E-05,2.34E-06,1.78834699,0.087429007,0.168105776,0.168105776
-114.5344453,0.034765532,5103627089,1.05E-05,39864026838,1.08E-05,2.06683E+11,1.25E-05,1.34E-05,0.606729848,0.231140561,0.281488203,0.281488203
-32.42871288,0.021453022,5072881078,1.15E-05,22377690088,5.17E-06,2.00349E+11,1.24E-05,2.84E-06,1.814272921,0.051221279,0.083186943,0.083186943
-55.49418833,0.020653525,10768607302,1.13E-05,34094755622,8.42E-06,2.00216E+11,1.10E-05,1.88E-06,0.989859693,0.071934553,0.142901498,0.142901498
-51.06276208,0.035922687,7050472927,1.11E-05,18072018379,6.01E-06,1.99112E+11,1.29E-05,2.20E-05,0.535247743,0.106911414,0.128002243,0.128002243
-44.4269115,0.02143948,17949113617,1.19E-05,13891213683,6.20E-06,2.05652E+11,1.25E-05,3.26E-05,1.806729003,0.068814987,0.118786737,0.118786737
-34.47825597,0.026203734,15517580665,1.18E-05,21849894843,5.79E-06,1.92679E+11,1.29E-05,1.69E-05,2.873094355,0.060531541,0.091892988,0.091892988
-105.3779403,0.038258822,5233893068,9.42E-06,24658869528,9.05E-06,2.0559E+11,1.23E-05,1.42E-05,0.739949928,0.219448556,0.231441979,0.231441979
-62.07091745,0.022722443,17287057623,8.70E-06,16400516682,6.34E-06,2.01496E+11,1.11E-05,3.83E-06,1.139106369,0.099363271,0.123092466,0.123092466
-62.2174253,0.039995225,5022744407,9.77E-06,14118284142,7.37E-06,1.91922E+11,1.06E-05,2.58E-05,0.809186833,0.106738712,0.140150432,0.140150432
-59.02416399,0.03853765,11573085257,1.03E-05,30118972557,1.04E-05,2.01416E+11,1.26E-05,1.44E-05,2.32080339,0.120972065,0.14379922,0.14379922
-40.64380146,0.022943532,5481670703,1.00E-05,13806243793,7.72E-06,1.94232E+11,1.24E-05,2.19E-05,0.622688069,0.073205202,0.09261779,0.09261779
-35.71782411,0.037433154,5611350038,9.73E-06,28274187275,8.00E-06,2.08205E+11,1.28E-05,2.38E-05,1.478824454,0.075687885,0.080687392,0.080687392
-63.09692751,0.038117923,15479919843,1.21E-05,34689760450,1.06E-05,1.9373E+11,1.16E-05,3.98E-05,0.774059315,0.110749589,0.177198841,0.177198841
-85.63248968,0.035395673,9851669154,1.17E-05,16549879468,5.08E-06,2.02016E+11,1.23E-05,2.21E-05,2.324777178,0.158329134,0.226736805,0.226736805
-110.8967288,0.032445029,7874432999,1.19E-05,32407949567,5.08E-06,2.01253E+11,1.15E-05,2.46E-06,2.926000358,0.177011082,0.298377733,0.298377733
-96.61370984,0.025973864,10088170751,1.02E-05,10409489677,5.78E-06,2.06312E+11,1.21E-05,1.68E-06,1.591753316,0.168906865,0.222526803,0.222526803
-101.4576073,0.035017348,14890487553,1.09E-05,26090116316,7.00E-06,1.9605E+11,1.25E-05,1.74E-06,1.035820833,0.200344003,0.25196624,0.25196624
-38.61958044,0.023347939,6710586339,1.05E-05,23257285834,8.25E-06,2.00207E+11,1.21E-05,2.50E-06,1.522348002,0.063956001,0.092992622,0.092992622
-102.4648235,0.03712102,16289833599,1.04E-05,14303676230,1.00E-05,1.92881E+11,1.14E-05,1.62E-06,1.058077705,0.183275355,0.248239509,0.248239509
-116.753873,0.020514018,7262565494,1.09E-05,20287472617,8.81E-06,2.0667E+11,1.17E-05,1.44E-05,2.607818759,0.16727033,0.293246648,0.293246648
-104.43615,0.025638147,12131668254,1.19E-05,15792433843,5.44E-06,2.04689E+11,1.16E-05,1.91E-06,0.619458926,0.160151635,0.277785891,0.277785891
-76.11303211,0.027800181,16247326942,1.19E-05,22923497278,1.09E-05,1.98945E+11,1.27E-05,6.55E-06,0.686907969,0.138194687,0.208534422,0.208534422
-52.4308433,0.035787338,10326272812,9.46E-06,15952491176,9.41E-06,2.03014E+11,1.13E-05,9.98E-06,1.32519188,0.094717613,0.116394529,0.116394529
-86.73103862,0.02086029,11259185335,1.01E-05,12434295195,9.32E-06,1.94167E+11,1.27E-05,3.33E-05,1.654047064,0.152508859,0.202529804,0.202529804
-42.26977289,0.024395752,10520398423,9.18E-06,10952634381,1.02E-05,2.00503E+11,1.11E-05,2.78E-05,1.096993503,0.066947564,0.090975856,0.090975856
-85.50236062,0.028093349,6545072923,1.07E-05,30110754740,1.03E-05,2.0891E+11,1.21E-05,8.27E-06,2.426926969,0.147904476,0.213288769,0.213288769
-44.18681906,0.026895793,9609370970,1.10E-05,26175118198,7.87E-06,2.01928E+11,1.20E-05,4.71E-06,0.796379163,0.075294743,0.11048699,0.11048699
-28.72687474,0.023555085,8857279588,1.01E-05,26047240285,1.04E-05,1.93289E+11,1.20E-05,1.16E-05,2.973073352,0.047831797,0.06762225,0.06762225
-90.52595456,0.033007933,9051761582,8.31E-06,30562260313,6.88E-06,2.03798E+11,1.09E-05,4.13E-06,1.053447074,0.158738596,0.173804114,0.173804114
-85.95551896,0.030654341,6673466870,1.18E-05,17189635710,1.10E-05,2.02459E+11,1.14E-05,2.01E-06,2.716881063,0.133533821,0.236115855,0.236115855
-101.4058406,0.022820002,5525869650,9.49E-06,13107969937,1.01E-05,1.9631E+11,1.24E-05,2.84E-06,1.623271428,0.181669165,0.225095868,0.225095868
-37.60575551,0.025085596,7501259790,1.26E-05,11033628245,1.10E-05,1.93148E+11,1.17E-05,2.67E-06,0.596919637,0.055769125,0.108512846,0.108512846
-77.24824636,0.024269158,10033958761,1.11E-05,19554432828,9.60E-06,1.9796E+11,1.19E-05,1.11E-06,1.422413476,0.122639775,0.198657646,0.198657646
-25.89345805,0.027326473,12588668858,1.14E-05,16316568752,7.27E-06,1.97297E+11,1.22E-05,3.24E-06,0.636399076,0.045244017,0.066906369,0.066906369
-96.10258383,0.033414108,5078050976,1.07E-05,13599457647,9.54E-06,1.93474E+11,1.11E-05,3.42E-06,0.818252429,0.160404515,0.237655253,0.237655253
-20.80382326,0.030451327,19165549637,1.08E-05,20103009150,1.05E-05,1.97818E+11,1.28E-05,2.55E-06,0.612288844,0.041067319,0.052094091,0.052094091
-45.40915784,0.03298493,12271460861,9.57E-06,11025278470,8.08E-06,2.08716E+11,1.06E-05,2.11E-05,2.745424521,0.071748797,0.101064127,0.101064127
-46.16409476,0.032384697,6683712055,9.30E-06,34956659485,9.25E-06,2.09353E+11,1.14E-05,1.20E-05,1.717304639,0.081384071,0.100614889,0.100614889
-102.0706439,0.029663731,6468772032,1.18E-05,10742931537,6.11E-06,2.09812E+11,1.12E-05,5.50E-06,2.830843868,0.152145502,0.27259604,0.27259604
-40.9306541,0.029618533,9168490056,9.92E-06,22042169497,9.98E-06,2.01878E+11,1.07E-05,1.55E-06,1.766933027,0.062544745,0.095137412,0.095137412
-107.9618426,0.024950848,8152208330,9.51E-06,16284561887,1.09E-05,1.91584E+11,1.27E-05,1.81E-06,1.509409339,0.205903207,0.241621646,0.241621646
-99.5185958,0.026749235,10830196633,1.28E-05,32095179488,1.10E-05,1.97049E+11,1.23E-05,1.88E-05,1.740392778,0.15784502,0.294246113,0.294246113
-25.54839972,0.03536448,10645276828,9.05E-06,14790189670,9.69E-06,2.00831E+11,1.15E-05,8.12E-06,2.675017505,0.046944488,0.054649189,0.054649189
-24.95009896,0.023250674,5611063538,1.25E-05,18948236952,1.10E-05,2.07089E+11,1.18E-05,6.04E-06,1.355430225,0.0352627,0.071741845,0.071741845
-110.8724958,0.022489973,15191296148,1.14E-05,29177031216,1.00E-05,1.97469E+11,1.28E-05,1.62E-05,1.104868263,0.191354121,0.290406753,0.290406753
-118.9813973,0.032127755,19521920492,8.33E-06,18857464928,8.51E-06,2.05172E+11,1.19E-05,2.87E-06,2.277671581,0.229979528,0.232973335,0.232973335
-24.51551224,0.039850301,5658723584,1.05E-05,12771107738,9.78E-06,1.90348E+11,1.13E-05,1.20E-06,1.055049199,0.04407677,0.060161359,0.060161359
-54.27399459,0.037734232,9062251084,8.69E-06,10825786106,8.49E-06,1.96796E+11,1.16E-05,4.15E-05,1.370269573,0.105496758,0.110695434,0.110695434
-34.80631518,0.029490914,19594591886,9.02E-06,11557608003,8.36E-06,2.05545E+11,1.21E-05,1.15E-05,0.554413969,0.067725956,0.07240515,0.07240515
-35.38665351,0.021979417,7437541905,1.16E-05,18404271710,7.39E-06,1.92512E+11,1.28E-05,5.46E-06,1.633915475,0.058932981,0.093504318,0.093504318
-103.8055772,0.037695653,12422666854,8.21E-06,38132978767,8.64E-06,2.04803E+11,1.16E-05,1.44E-06,0.751028164,0.206854277,0.199788598,0.206854277
-74.17309975,0.038119385,18362928503,9.84E-06,14109773070,9.73E-06,1.92535E+11,1.27E-05,4.11E-06,2.855055022,0.154884511,0.172006248,0.172006248
-82.60138791,0.038842243,9518126091,9.70E-06,17095138244,5.14E-06,2.0435E+11,1.13E-05,1.06E-06,0.568916499,0.154917815,0.181072075,0.181072075
-87.57186483,0.028366383,5884511650,9.76E-06,24573560580,8.49E-06,1.9968E+11,1.14E-05,4.47E-06,0.67826507,0.150107428,0.196724329,0.196724329
-80.12432043,0.034057987,7618891977,9.18E-06,34590364475,8.96E-06,2.03576E+11,1.21E-05,3.23E-06,1.526874499,0.157714727,0.1723004,0.1723004
-64.21572624,0.025656967,18520069617,1.29E-05,19370677972,7.79E-06,1.98417E+11,1.14E-05,5.99E-06,1.829372643,0.086538161,0.18801916,0.18801916
-51.09818019,0.021217636,15193974459,1.03E-05,36897491638,6.25E-06,1.9186E+11,1.11E-05,8.83E-06,1.394342567,0.07136296,0.119062743,0.119062743
-80.15846189,0.029416998,9613593820,9.85E-06,11034186355,7.20E-06,1.93737E+11,1.20E-05,2.19E-06,1.001747906,0.146479956,0.180724028,0.180724028
-33.08331845,0.022585736,6260959276,8.97E-06,19218940340,9.04E-06,1.93478E+11,1.14E-05,1.33E-06,2.834716825,0.053029806,0.069287077,0.069287077
-40.10818258,0.033673437,6475396143,8.68E-06,12257194927,6.46E-06,2.01539E+11,1.25E-05,3.62E-05,1.889255316,0.082816983,0.08037734,0.082816983
-48.51159652,0.035767063,10932690430,1.19E-05,21683980844,9.62E-06,2.04121E+11,1.23E-05,1.00E-06,1.247995236,0.090803354,0.133414773,0.133414773
-48.40868911,0.020161088,5455389329,1.17E-05,11872663632,9.70E-06,2.01194E+11,1.20E-05,4.27E-06,2.816754732,0.068487935,0.130501403,0.130501403
-61.84930442,0.033333211,11985788108,1.17E-05,32806067954,7.97E-06,2.07701E+11,1.06E-05,2.11E-05,1.844343112,0.090296266,0.166713875,0.166713875
-71.12998218,0.024589813,18987498295,9.55E-06,24497212857,6.18E-06,2.06845E+11,1.28E-05,2.30E-05,0.640273521,0.139300919,0.153255339,0.153255339
-115.7054355,0.037787787,7180618490,1.04E-05,30727443178,1.08E-05,1.99259E+11,1.17E-05,1.20E-06,2.125252214,0.21395378,0.284511228,0.284511228
-39.06810472,0.027904514,19499958802,1.24E-05,16960598917,1.10E-05,1.90785E+11,1.06E-05,5.16E-06,1.887320367,0.049556522,0.112847411,0.112847411
-70.19225397,0.025342638,14965340089,8.69E-06,15551079528,8.61E-06,2.09223E+11,1.08E-05,4.08E-06,1.030416169,0.111129915,0.141805142,0.141805142
-87.63085891,0.02962921,16129901432,1.17E-05,26495413975,1.03E-05,1.98213E+11,1.29E-05,3.11E-06,0.687181432,0.168940541,0.237120588,0.237120588
-55.62408152,0.028750384,12003260413,1.03E-05,13473766823,6.05E-06,2.08076E+11,1.06E-05,1.14E-06,1.241426556,0.082593771,0.130171149,0.130171149
-97.23097871,0.036578811,18628201319,9.92E-06,23781552146,9.98E-06,2.06408E+11,1.29E-05,9.03E-06,1.080687639,0.207410536,0.226234785,0.226234785
-79.04797952,0.031926207,5319471495,1.06E-05,22331520435,7.37E-06,2.0998E+11,1.17E-05,5.15E-06,2.845228283,0.136579016,0.192830202,0.192830202
-99.53918442,0.021477634,6208874483,8.81E-06,13080109886,8.60E-06,2.01126E+11,1.09E-05,1.94E-05,1.68257856,0.150113925,0.203651224,0.203651224
-24.92208256,0.034101565,14051597703,1.29E-05,12325607092,1.07E-05,2.08038E+11,1.14E-05,1.11E-05,1.150663911,0.039314964,0.074490856,0.074490856
-30.88054538,0.037361008,18008280986,8.93E-06,26604728411,5.70E-06,2.01173E+11,1.13E-05,1.78E-06,0.680156903,0.058148663,0.062862637,0.062862637
-88.04242468,0.028412572,5186642475,9.20E-06,12588505395,6.10E-06,2.00459E+11,1.16E-05,1.18E-06,2.933845159,0.153435618,0.185530392,0.185530392
-62.70335711,0.035426482,18440472681,9.67E-06,37482258690,5.32E-06,2.0239E+11,1.15E-05,1.23E-05,1.219573964,0.114654838,0.137926764,0.137926764
-83.79994939,0.0386429,6503974655,9.19E-06,36069742630,5.07E-06,1.92764E+11,1.22E-05,1.97E-05,0.870392986,0.17327405,0.175047303,0.175047303
-42.08554447,0.022726893,9238017396,8.22E-06,13647669017,5.28E-06,2.00989E+11,1.27E-05,1.33E-05,0.502516036,0.085393404,0.077673402,0.085393404
-93.61401916,0.027954737,15865872090,1.12E-05,29030214937,1.07E-05,1.98976E+11,1.10E-05,2.37E-06,1.186257179,0.138951379,0.243197686,0.243197686
-30.09299205,0.033284032,11433172626,1.27E-05,26532022993,1.10E-05,1.9015E+11,1.12E-05,4.28E-05,1.479860985,0.045573809,0.088488721,0.088488721
-107.6566352,0.026234489,11609832051,1.25E-05,34703598193,6.51E-06,2.09434E+11,1.13E-05,4.66E-05,1.28341046,0.149490788,0.304323748,0.304323748
-114.8844105,0.021398213,15160934711,1.26E-05,31568024988,9.34E-06,1.95209E+11,1.24E-05,2.48E-06,1.486749926,0.169322881,0.330253949,0.330253949
-25.57170323,0.028147921,5002991491,1.19E-05,30383152804,1.10E-05,2.00145E+11,1.13E-05,8.94E-06,1.582625009,0.037598442,0.070664823,0.070664823
-81.219741,0.034698754,11224531519,1.11E-05,23889195388,9.23E-06,1.92254E+11,1.07E-05,1.94E-05,2.844411187,0.124774997,0.209828713,0.209828713
-75.42178663,0.02367274,16012742972,9.26E-06,30930985352,5.55E-06,1.97183E+11,1.11E-05,2.47E-06,1.133793754,0.11797429,0.157955396,0.157955396
-98.86550819,0.035989605,6495439696,9.03E-06,18869736782,8.31E-06,2.024E+11,1.08E-05,1.27E-06,0.944681668,0.171684807,0.207800228,0.207800228
-81.57886711,0.035334565,6340183056,1.09E-05,35469506142,9.79E-06,2.07228E+11,1.10E-05,4.21E-05,1.633832882,0.132609575,0.207315037,0.207315037
-99.27896881,0.030869831,18951994274,1.01E-05,30357414024,5.02E-06,1.97449E+11,1.17E-05,2.09E-05,2.27472994,0.173491154,0.227532412,0.227532412
-114.5063947,0.038694956,12330573145,9.65E-06,25603520273,9.96E-06,2.05831E+11,1.21E-05,8.66E-06,2.36119335,0.227266335,0.260907854,0.260907854
-90.20557227,0.038274132,13166086768,1.03E-05,14239667887,6.31E-06,2.08545E+11,1.10E-05,1.90E-05,1.928708317,0.15379688,0.213663151,0.213663151
-27.20812974,0.031977731,16634187198,1.13E-05,14895836119,9.74E-06,2.00441E+11,1.08E-05,1.29E-05,1.244782843,0.041095769,0.071052807,0.071052807
-111.7350815,0.039250991,9998395520,9.70E-06,26837200284,9.87E-06,2.02077E+11,1.19E-05,6.61E-06,2.169821199,0.217910334,0.255792044,0.255792044
-102.6853549,0.03244708,5567850894,8.90E-06,29805386542,9.28E-06,2.00421E+11,1.29E-05,4.12E-06,1.029101035,0.220049115,0.214144607,0.220049115
-81.50409937,0.027612341,18297588002,9.29E-06,12712539037,9.75E-06,1.97305E+11,1.26E-05,9.52E-06,1.568840825,0.158367616,0.177442704,0.177442704
-35.55028975,0.032012268,13463730417,1.05E-05,16029555039,1.01E-05,2.02388E+11,1.12E-05,1.68E-05,1.010602272,0.05900928,0.087258383,0.087258383
-118.4056447,0.035509923,11864271257,9.51E-06,14457991734,5.40E-06,1.96973E+11,1.07E-05,1.53E-05,0.914956382,0.20063993,0.255987946,0.255987946
-109.121636,0.026808986,10120779820,1.16E-05,16742389070,7.64E-06,2.09919E+11,1.27E-05,4.33E-06,0.729879206,0.198368205,0.286043049,0.286043049
-24.1772145,0.026860883,7313542314,8.10E-06,11305013115,7.92E-06,1.99328E+11,1.28E-05,1.12E-05,0.87776809,0.050819704,0.045468345,0.050819704
-95.23907167,0.036386739,14433516652,9.06E-06,28053506572,7.92E-06,1.99512E+11,1.15E-05,2.52E-05,1.341277067,0.179906999,0.200895733,0.200895733
-38.37391932,0.020643628,6433436545,1.03E-05,14860667750,1.04E-05,2.06262E+11,1.20E-05,3.08E-05,0.522021643,0.063225018,0.090752812,0.090752812
-47.75735859,0.020769796,13006771988,1.00E-05,10548628573,5.52E-06,1.90391E+11,1.15E-05,2.01E-05,1.680839701,0.071446288,0.10777154,0.10777154
-62.01396456,0.026096521,11948890115,1.14E-05,14351614463,1.10E-05,1.99423E+11,1.24E-05,3.96E-05,1.474012378,0.105848929,0.164374108,0.164374108
-100.3862394,0.033137792,12879540091,1.29E-05,19871772102,5.98E-06,2.08126E+11,1.13E-05,4.53E-06,0.726780018,0.157827313,0.291497937,0.291497937
-109.8334455,0.023051856,15359130403,1.29E-05,15081764121,8.73E-06,2.09617E+11,1.20E-05,1.62E-06,1.086431295,0.155880849,0.322673888,0.322673888
-99.48229379,0.023515116,8517096427,9.25E-06,32543487706,8.18E-06,1.96644E+11,1.30E-05,1.66E-06,1.196681429,0.195812147,0.21224583,0.21224583
-116.3941797,0.039069277,13546518671,1.09E-05,10487387151,1.09E-05,1.98272E+11,1.20E-05,1.27E-06,0.539441036,0.228803046,0.294952332,0.294952332
-70.40492624,0.028309866,10097116439,1.17E-05,16775926517,1.10E-05,1.99626E+11,1.06E-05,3.05E-05,2.73173844,0.093795732,0.192693812,0.192693812
-50.68094901,0.025566975,7601508788,8.29E-06,37304170205,9.66E-06,2.04498E+11,1.07E-05,2.41E-05,0.891135822,0.081166993,0.09876869,0.09876869
-92.54795302,0.035658621,15985303322,1.15E-05,16926074895,8.80E-06,2.01531E+11,1.29E-05,1.19E-06,1.051592669,0.187775348,0.244623654,0.244623654
-68.26982995,0.038355105,7168345505,9.32E-06,23172730064,8.68E-06,1.96513E+11,1.17E-05,4.74E-06,0.712250589,0.134281913,0.148114675,0.148114675
-24.48761012,0.026102192,6220387761,1.15E-05,13914481639,6.96E-06,2.0696E+11,1.12E-05,7.84E-06,1.088069431,0.035723441,0.06371441,0.06371441
-24.95224107,0.038508485,15765714123,9.37E-06,15987335922,1.04E-05,1.90452E+11,1.21E-05,1.03E-05,2.028680474,0.050238937,0.055457159,0.055457159
-54.35451827,0.03575933,7250708266,1.15E-05,10225712014,1.08E-05,1.93223E+11,1.18E-05,4.80E-05,0.626607061,0.098236974,0.145642854,0.145642854
-79.55368874,0.037197135,9335556356,1.16E-05,13922292730,6.63E-06,1.97056E+11,1.18E-05,1.33E-05,0.891565917,0.14531071,0.209428611,0.209428611
-29.76637222,0.036588144,7378122652,9.52E-06,32211847765,9.27E-06,1.91617E+11,1.24E-05,2.87E-05,1.153417498,0.060696655,0.066352667,0.066352667
-50.06267826,0.03090536,13946061295,1.10E-05,24635228606,6.08E-06,2.04762E+11,1.12E-05,4.41E-05,1.27436441,0.079686881,0.125489657,0.125489657
-57.36243363,0.021755327,7146983003,8.23E-06,30750516955,7.76E-06,2.06872E+11,1.05E-05,3.54E-06,1.275996559,0.085191511,0.109313017,0.109313017
-72.22059619,0.025158538,17572072038,8.32E-06,39278956754,8.06E-06,1.97273E+11,1.29E-05,1.25E-05,0.846763074,0.150586638,0.139140076,0.150586638
-37.40977853,0.036049392,7126608549,9.63E-06,29138710374,1.01E-05,2.09169E+11,1.27E-05,1.32E-05,0.544912328,0.080149003,0.084029869,0.084029869
-39.82266968,0.025935859,5455173241,1.22E-05,35596204887,5.25E-06,2.01148E+11,1.25E-05,4.46E-06,0.582754565,0.068820376,0.108166038,0.108166038
-118.4938346,0.038311353,8561858089,1.14E-05,18250213671,9.90E-06,1.96381E+11,1.12E-05,5.26E-06,0.615299943,0.20676161,0.313630046,0.313630046
-92.85180665,0.027631976,11937567234,1.00E-05,11814597194,1.08E-05,2.04747E+11,1.16E-05,1.30E-06,0.704938042,0.159088844,0.21692814,0.21692814
-96.74761747,0.02803677,12311834235,1.18E-05,14561810780,5.12E-06,2.04477E+11,1.21E-05,3.55E-06,1.877474899,0.160354386,0.257098226,0.257098226
-33.150745,0.021241055,6471847864,1.14E-05,16152853192,1.10E-05,1.95397E+11,1.27E-05,8.45E-06,1.175250224,0.054481673,0.08780979,0.08780979
-22.93056314,0.038718984,11686299858,1.25E-05,22466211406,9.51E-06,2.0367E+11,1.06E-05,3.07E-06,1.492233886,0.034501802,0.066131458,0.066131458
-22.55105244,0.035342114,13818209956,1.30E-05,21726644802,9.48E-06,1.94891E+11,1.12E-05,1.18E-05,1.103729524,0.03518448,0.06736028,0.06736028
-45.37145907,0.027581644,10297870218,1.02E-05,21323927254,9.13E-06,2.04449E+11,1.17E-05,8.48E-06,0.618334223,0.078704817,0.106793054,0.106793054
-68.95831793,0.028392708,10110581785,1.28E-05,13088700179,6.95E-06,1.99277E+11,1.29E-05,2.21E-05,1.779515175,0.121252768,0.200738527,0.200738527
-81.15248311,0.020711689,6640265437,8.45E-06,18194497818,9.85E-06,1.97361E+11,1.07E-05,1.16E-05,0.869585889,0.121629374,0.160489277,0.160489277
-96.07115832,0.028263547,8319904028,1.00E-05,30863330384,6.99E-06,1.92005E+11,1.19E-05,1.72E-06,2.597813089,0.16760226,0.220953678,0.220953678
-21.37455804,0.032606559,6967697795,1.11E-05,22738900591,1.07E-05,1.95187E+11,1.22E-05,8.81E-06,0.715750293,0.039654048,0.055032635,0.055032635
-44.52733746,0.025396403,7951433933,1.30E-05,28812945747,1.10E-05,2.04728E+11,1.14E-05,3.03E-05,0.580051923,0.063137151,0.132331427,0.132331427
-95.76196162,0.031474288,6196989358,1.21E-05,12846836723,1.04E-05,2.02339E+11,1.11E-05,1.85E-05,1.188461648,0.144225573,0.26802981,0.26802981
-62.88764688,0.039013795,16288901845,8.84E-06,23456267283,7.68E-06,1.9284E+11,1.09E-05,4.94E-05,1.079938569,0.11397082,0.129383656,0.129383656
-80.62624349,0.029536747,18601507438,9.14E-06,12232898862,9.32E-06,1.98879E+11,1.07E-05,6.32E-06,2.638944157,0.126550162,0.17309286,0.17309286
-77.25924109,0.039234987,6093060016,1.25E-05,23622381062,1.10E-05,1.93435E+11,1.19E-05,1.69E-05,1.186062347,0.139679337,0.225799236,0.225799236
-105.7390014,0.023314528,19741477979,9.44E-06,33606265215,5.48E-06,1.93448E+11,1.09E-05,2.72E-05,2.526183286,0.155539819,0.226398012,0.226398012
-70.85242436,0.026169364,8493776023,1.07E-05,29926729554,9.15E-06,1.96213E+11,1.27E-05,2.16E-05,0.747442465,0.132856941,0.174510828,0.174510828
-27.98538035,0.036434099,6370962836,1.20E-05,25072641155,9.00E-06,2.01608E+11,1.22E-05,3.83E-06,0.733669783,0.052027235,0.077435256,0.077435256
-53.29631566,0.029901281,16048966290,1.22E-05,37402377967,5.68E-06,2.00763E+11,1.16E-05,2.18E-06,0.80591212,0.084383058,0.146528928,0.146528928
-92.15064442,0.035684122,14322568250,1.10E-05,15919706874,6.25E-06,2.08112E+11,1.09E-05,4.65E-06,0.806997473,0.150851853,0.230838983,0.230838983
-103.2742386,0.020423976,12246105605,1.25E-05,33397647521,1.10E-05,2.0615E+11,1.20E-05,1.46E-06,2.834691612,0.138141005,0.298771957,0.298771957
-62.55645464,0.039642166,12091969877,1.21E-05,20946239401,6.84E-06,1.9479E+11,1.15E-05,1.91E-06,0.668636255,0.111697664,0.171807945,0.171807945
-83.84595894,0.028053431,7798440860,1.14E-05,31868232064,8.41E-06,1.93173E+11,1.07E-05,1.19E-06,0.655220631,0.120607084,0.217038115,0.217038115
-107.9991748,0.02377671,10573877531,1.24E-05,11218204397,8.31E-06,1.99616E+11,1.19E-05,1.55E-05,0.959718667,0.159930455,0.304650436,0.304650436
-49.4553001,0.023200598,19402895173,1.15E-05,21198998360,1.10E-05,2.0748E+11,1.11E-05,4.59E-05,2.082826411,0.066140021,0.132264724,0.132264724
-92.79452998,0.038005007,8939809079,8.58E-06,10670242446,5.44E-06,1.96532E+11,1.15E-05,2.36E-05,2.997842588,0.177487833,0.183192797,0.183192797
-64.02491003,0.02097554,17952919874,1.14E-05,14084442066,7.06E-06,2.00836E+11,1.13E-05,2.41E-05,1.826017746,0.084854722,0.16490021,0.16490021
-92.05300843,0.027040284,19443754123,1.13E-05,37144886519,7.36E-06,2.0439E+11,1.15E-05,1.96E-06,2.258974243,0.140945063,0.237856541,0.237856541
-83.08867533,0.027548651,11405505906,1.09E-05,22867359383,5.72E-06,1.94685E+11,1.21E-05,3.90E-05,0.781275114,0.145332284,0.204297394,0.204297394
-29.90127993,0.031292839,19377504349,8.86E-06,24684298962,8.86E-06,2.09642E+11,1.19E-05,2.68E-06,0.760703199,0.057483217,0.061690339,0.061690339
-43.55041623,0.030443467,5539020062,1.11E-05,22346813413,9.55E-06,1.97907E+11,1.11E-05,4.24E-06,0.640609382,0.069732704,0.111351469,0.111351469
-26.31297832,0.038897197,15254534866,1.09E-05,22760690683,6.13E-06,2.01999E+11,1.21E-05,1.91E-05,0.65496463,0.051356336,0.06535424,0.06535424
-63.75446182,0.03149849,16627716329,1.17E-05,21064475310,9.04E-06,2.06415E+11,1.08E-05,2.36E-06,1.30828136,0.09349834,0.171658287,0.171658287
-96.85594057,0.021128089,5674122010,8.67E-06,38040576860,9.57E-06,1.96438E+11,1.06E-05,3.89E-05,1.040932175,0.140868553,0.19613709,0.19613709
-95.2608925,0.031386784,12166058411,9.11E-06,17841760522,1.04E-05,2.0764E+11,1.26E-05,1.26E-06,0.978165507,0.195208915,0.204537383,0.204537383
-114.5861018,0.032760071,15435970502,8.95E-06,19922737566,7.68E-06,1.9317E+11,1.22E-05,8.47E-06,2.686306749,0.224977756,0.238658115,0.238658115
-95.5798319,0.037102232,12373376132,1.21E-05,16604907863,1.10E-05,1.92422E+11,1.08E-05,1.05E-05,0.903834659,0.149546402,0.269269721,0.269269721
-86.53423549,0.036517802,6223571609,1.12E-05,24286622627,7.45E-06,2.02465E+11,1.17E-05,4.52E-06,1.405846791,0.154209904,0.222527975,0.222527975
-110.9763483,0.026325304,6164232072,8.37E-06,35029381116,7.24E-06,2.08461E+11,1.09E-05,1.23E-05,1.823807961,0.181981701,0.214908345,0.214908345
-116.2859509,0.021546052,7406610998,8.08E-06,21339795506,8.33E-06,1.96542E+11,1.12E-05,1.01E-05,1.522716926,0.191100131,0.218979886,0.218979886
-96.72427113,0.032777657,7046184640,8.48E-06,39535990556,9.96E-06,1.98243E+11,1.29E-05,2.34E-05,2.411240211,0.20759096,0.194985716,0.20759096
-28.49273428,0.038295824,19522358078,8.23E-06,35621225054,8.96E-06,2.02739E+11,1.18E-05,1.09E-05,1.418980466,0.057187843,0.055433264,0.057187843
-104.519277,0.025372326,10354641417,1.25E-05,14203991853,1.10E-05,2.09128E+11,1.09E-05,2.32E-05,1.313121703,0.134420066,0.301593151,0.301593151
-85.33860375,0.035873399,8641145640,8.93E-06,20822322510,8.00E-06,2.01966E+11,1.24E-05,1.46E-05,0.631269741,0.179075474,0.176270257,0.179075474
-80.40691381,0.026668687,6143267082,8.61E-06,14341611820,8.18E-06,2.0856E+11,1.14E-05,1.79E-05,2.658876714,0.138920569,0.161416996,0.161416996
-85.10754972,0.025888622,7036530620,9.14E-06,16053743657,8.22E-06,1.96869E+11,1.15E-05,8.34E-06,0.595534353,0.149439204,0.178641174,0.178641174
-68.61449573,0.031090334,11769788086,9.57E-06,26999717661,5.36E-06,2.09256E+11,1.24E-05,6.64E-06,1.003069387,0.134614362,0.148738906,0.148738906
-69.63551685,0.030744083,11097562647,1.08E-05,22534159901,1.09E-05,2.01941E+11,1.19E-05,4.10E-05,0.707184282,0.124339726,0.174889,0.174889
-30.99474842,0.023953351,7319220702,1.05E-05,19759740593,5.27E-06,2.03842E+11,1.14E-05,1.15E-06,0.610140748,0.048332979,0.072814776,0.072814776
-52.39459655,0.028366688,10464503235,9.96E-06,13665182354,1.01E-05,1.93413E+11,1.10E-05,4.72E-05,1.53331559,0.082046696,0.122156129,0.122156129
-61.20102378,0.029732849,8518576379,1.22E-05,38790948640,9.75E-06,1.91207E+11,1.23E-05,3.51E-05,1.141646665,0.105561693,0.171812783,0.171812783
-42.10804,0.027234096,7554373614,8.53E-06,10314071945,8.97E-06,2.05791E+11,1.22E-05,1.41E-06,1.2914482,0.080680852,0.084063388,0.084063388
-88.02237424,0.022801953,6685354121,9.40E-06,12035781900,7.56E-06,2.08569E+11,1.06E-05,1.21E-05,0.982059275,0.126409466,0.189433277,0.189433277
-53.99848653,0.037530408,6390992111,1.15E-05,29960702290,1.02E-05,1.98959E+11,1.19E-05,6.16E-06,0.563873447,0.10173655,0.143504412,0.143504412
-119.9852023,0.038240447,15618416436,1.15E-05,15019667261,1.09E-05,1.92521E+11,1.21E-05,1.93E-06,1.129620457,0.226978308,0.322096391,0.322096391
-91.75159429,0.030585035,5842705957,8.89E-06,19324230273,9.89E-06,2.02904E+11,1.25E-05,3.48E-06,1.505737434,0.185350046,0.192241842,0.192241842
-37.96101299,0.039035912,19095657512,1.10E-05,10244545684,5.02E-06,2.04493E+11,1.24E-05,5.74E-06,2.871108558,0.07458486,0.095110745,0.095110745
-106.7598304,0.033276776,6660018047,1.27E-05,28533177758,9.30E-06,1.93086E+11,1.06E-05,2.54E-05,0.682720755,0.153914605,0.310883434,0.310883434
-80.2901486,0.036245282,12718779240,9.81E-06,39905888166,8.91E-06,2.05316E+11,1.23E-05,1.71E-06,1.310406169,0.159974714,0.183720437,0.183720437
-59.98939114,0.023994933,17125890011,1.11E-05,16380574176,1.10E-05,1.96167E+11,1.26E-05,1.44E-06,0.983873448,0.104213508,0.154411165,0.154411165
-66.73719027,0.029006182,8765457823,1.12E-05,10700072855,1.10E-05,1.98224E+11,1.10E-05,2.62E-06,2.695517664,0.097851192,0.175005105,0.175005105
-113.8262895,0.031635324,18935127386,9.09E-06,10921835916,9.39E-06,1.90173E+11,1.09E-05,1.01E-06,1.513718566,0.19043315,0.242820715,0.242820715
-94.45010957,0.027675816,18285652666,1.00E-05,14827791832,8.81E-06,2.08117E+11,1.14E-05,2.74E-06,2.84977538,0.154099619,0.220057647,0.220057647
-60.49430273,0.028328275,7317780201,1.22E-05,10135387699,9.00E-06,2.06566E+11,1.22E-05,5.53E-06,1.564281188,0.099639177,0.169753053,0.169753053
-39.38233866,0.031116881,6759680957,1.09E-05,34299192802,1.05E-05,2.00228E+11,1.21E-05,2.73E-06,0.820158411,0.072102591,0.09944828,0.09944828
-96.18924658,0.02882482,19109211250,9.24E-06,24141801689,6.86E-06,1.97277E+11,1.05E-05,2.25E-06,0.890552416,0.150064327,0.203330491,0.203330491
-99.77925876,0.031821282,8538519556,9.29E-06,15331628947,8.71E-06,1.97433E+11,1.06E-05,9.58E-06,1.383350959,0.159203322,0.21617163,0.21617163
-32.67822449,0.037159023,13856989689,8.97E-06,21750332335,9.38E-06,1.99941E+11,1.17E-05,1.55E-05,0.909934334,0.063839361,0.068873727,0.068873727
-21.97986998,0.025444523,8744857086,1.01E-05,11910264426,9.98E-06,1.98278E+11,1.22E-05,3.62E-06,0.634449067,0.039666273,0.0513818,0.0513818
-85.45173749,0.024151537,11456269992,8.64E-06,11996370030,8.87E-06,2.03805E+11,1.12E-05,5.13E-06,0.913328303,0.142637476,0.171738989,0.171738989
-99.64729193,0.024533577,17114780192,9.68E-06,27098866559,8.49E-06,2.0854E+11,1.06E-05,2.94E-05,2.877072465,0.140826334,0.223659458,0.223659458
-29.60041242,0.032970539,19487821488,9.36E-06,13855515161,9.39E-06,1.97081E+11,1.29E-05,3.19E-06,0.842495952,0.062901028,0.064662607,0.064662607
-35.82660675,0.036227887,11800027539,1.04E-05,23205732233,8.74E-06,2.0191E+11,1.10E-05,9.39E-06,2.869466996,0.059662852,0.08670719,0.08670719
-30.14257559,0.037112899,5982002569,1.12E-05,22326629714,5.06E-06,1.96144E+11,1.22E-05,3.28E-05,1.437900646,0.056969633,0.076750458,0.076750458
-67.14243083,0.027286604,5625498267,9.56E-06,11761221116,7.59E-06,2.03288E+11,1.17E-05,1.62E-06,1.911535806,0.115347457,0.148050552,0.148050552
-21.75007152,0.037667227,15330193025,1.22E-05,13626290645,9.85E-06,2.07651E+11,1.12E-05,5.09E-06,2.919323823,0.035127774,0.061744168,0.061744168
-71.20160825,0.036749408,19297812392,1.17E-05,18791003927,9.46E-06,1.96409E+11,1.21E-05,1.81E-05,0.792155302,0.133219887,0.193121335,0.193121335
-47.88229542,0.029081221,6852016257,1.25E-05,10366172096,7.59E-06,1.94388E+11,1.09E-05,4.20E-06,2.702001372,0.065287991,0.136381378,0.136381378
-25.86112661,0.038350001,7678651217,9.00E-06,16641558156,8.72E-06,1.98914E+11,1.08E-05,3.03E-05,0.647017641,0.046042963,0.054247126,0.054247126
-94.31237641,0.02600707,6671243655,8.44E-06,38076349848,5.69E-06,2.05747E+11,1.17E-05,1.13E-05,1.96283488,0.16939469,0.181917917,0.181917917
-22.41357079,0.031415409,14337782139,1.04E-05,35911771139,1.06E-05,2.04507E+11,1.28E-05,3.28E-05,0.610705939,0.045632423,0.054139023,0.054139023
-22.33873902,0.035008361,12367904189,1.14E-05,18163706685,5.75E-06,2.04836E+11,1.20E-05,4.20E-05,1.706672432,0.040149415,0.057781894,0.057781894
-46.49541954,0.039439758,7584983039,1.22E-05,13623669659,6.85E-06,2.05682E+11,1.15E-05,3.86E-06,1.2654045,0.080353472,0.129197974,0.129197974
-35.51448382,0.020839707,10567701282,8.42E-06,27544980234,5.22E-06,1.91057E+11,1.17E-05,1.26E-05,1.327850933,0.060548921,0.067675153,0.067675153
-115.827797,0.027052244,12514499491,8.94E-06,15286012793,1.08E-05,1.91038E+11,1.18E-05,3.54E-06,0.770415437,0.213462833,0.243689329,0.243689329
-54.37344256,0.02964181,9653619878,9.19E-06,32077711349,9.68E-06,1.90533E+11,1.23E-05,3.12E-06,2.548380037,0.104779432,0.117597481,0.117597481
-98.92234752,0.034788695,9904671783,9.57E-06,16095338400,5.47E-06,2.07852E+11,1.17E-05,9.70E-06,1.390959687,0.184309043,0.21567734,0.21567734
-114.1064803,0.027120066,16924507563,1.02E-05,17789265138,5.14E-06,2.02183E+11,1.06E-05,2.30E-06,0.83499376,0.169116569,0.261531702,0.261531702
-42.94821174,0.02099426,8527613395,8.68E-06,10474246892,1.03E-05,2.05822E+11,1.13E-05,1.18E-06,1.11979411,0.06859433,0.087565484,0.087565484
-92.45928102,0.036020161,19582816543,1.09E-05,15894764479,1.10E-05,2.07119E+11,1.24E-05,7.03E-06,2.433916941,0.178983897,0.237348543,0.237348543
-92.79076902,0.032620456,8589868519,1.15E-05,28401969445,1.10E-05,1.97028E+11,1.12E-05,5.37E-06,2.117035728,0.146457307,0.250648848,0.250648848
-107.4291261,0.035215304,12723381750,1.04E-05,11883670903,5.39E-06,2.06056E+11,1.27E-05,3.78E-06,0.659416725,0.221476243,0.252720621,0.252720621
-113.2249485,0.026867479,5270815692,9.50E-06,19560003936,9.80E-06,2.03452E+11,1.20E-05,1.10E-05,0.588158028,0.209949829,0.249430478,0.249430478
-38.2900518,0.039279102,19171843244,1.17E-05,23709046740,6.62E-06,1.98727E+11,1.18E-05,3.87E-05,2.352219315,0.068960832,0.102588191,0.102588191
-116.7766544,0.036588181,6789322188,1.00E-05,17529389172,9.07E-06,1.91E+11,1.25E-05,9.62E-06,2.605049021,0.235958255,0.273439672,0.273439672
-59.46978256,0.036698551,10875378053,1.18E-05,30176796903,6.04E-06,2.0273E+11,1.23E-05,4.20E-05,0.940560435,0.112888115,0.15873959,0.15873959
-70.24966082,0.032693851,19502298317,1.06E-05,28739380411,8.90E-06,2.09502E+11,1.09E-05,2.04E-06,2.790829317,0.11072361,0.173742584,0.173742584
-29.22809395,0.033141511,7013364535,1.06E-05,10107629746,1.01E-05,1.9147E+11,1.21E-05,3.17E-06,0.690251362,0.055110951,0.071679731,0.071679731
-54.44447395,0.023469005,17708830910,1.01E-05,35688462126,8.03E-06,1.91071E+11,1.06E-05,1.15E-06,2.012770487,0.074413495,0.126562467,0.126562467
-112.4626158,0.027332709,9383426662,1.18E-05,23992367119,1.10E-05,2.02242E+11,1.25E-05,1.68E-06,1.762636953,0.193355537,0.308024677,0.308024677
-74.59038771,0.022908355,10001516489,8.40E-06,23374123161,8.18E-06,2.04831E+11,1.17E-05,5.83E-06,1.137043833,0.130741777,0.145306635,0.145306635
-95.42253198,0.033975707,5261798914,1.14E-05,12535911419,7.78E-06,1.99093E+11,1.06E-05,2.00E-05,2.84754682,0.141332952,0.249548943,0.249548943
-49.47891171,0.020740099,17854356110,8.98E-06,13054154483,9.30E-06,2.05976E+11,1.14E-05,6.47E-06,1.563268126,0.078507291,0.103599345,0.103599345
-75.86559657,0.024794559,8242341490,8.00E-06,25208900838,5.30E-06,2.06321E+11,1.09E-05,1.11E-05,1.23642779,0.125434223,0.138072014,0.138072014
-89.80497362,0.031025254,19807565124,8.22E-06,15530764900,7.80E-06,2.07077E+11,1.25E-05,6.61E-06,0.912831882,0.187398277,0.171511337,0.187398277
-78.05520491,0.035096569,7470622349,1.28E-05,16185341127,7.65E-06,2.01937E+11,1.07E-05,2.00E-05,2.040256474,0.112043543,0.229103381,0.229103381
-81.38677814,0.029783635,7367213176,1.13E-05,10227363630,1.10E-05,2.05714E+11,1.13E-05,4.65E-05,2.544225199,0.125531896,0.214508596,0.214508596
-84.55368795,0.024615598,6737829945,1.20E-05,11905460152,1.10E-05,2.02479E+11,1.10E-05,5.50E-06,0.66758586,0.115174032,0.234151047,0.234151047
-67.78942652,0.022894918,7195712327,9.87E-06,34480298869,9.80E-06,1.95693E+11,1.12E-05,3.28E-06,0.992896644,0.103853704,0.155316566,0.155316566
-49.51350817,0.025415321,18000288179,8.20E-06,10482735694,8.11E-06,2.09626E+11,1.23E-05,4.32E-05,0.55173664,0.097789485,0.093741382,0.097789485
-75.73519862,0.023793548,14642564256,1.16E-05,20934166765,1.04E-05,2.04259E+11,1.08E-05,5.84E-06,0.952905237,0.099500414,0.201954283,0.201954283
-56.21655276,0.025380432,5533597637,8.29E-06,15961774644,1.03E-05,2.04313E+11,1.08E-05,1.13E-06,1.926904733,0.08956467,0.110650793,0.110650793
-87.96685107,0.03766208,7420575322,1.29E-05,31289726754,8.63E-06,2.02858E+11,1.23E-05,2.92E-06,0.589606407,0.166128055,0.258865676,0.258865676
-79.92234837,0.035287826,7987339588,1.06E-05,34454265345,1.03E-05,2.03727E+11,1.10E-05,2.14E-05,0.883948782,0.133937242,0.198231669,0.198231669
-95.53303626,0.023651222,16688497134,8.22E-06,24852104793,1.08E-05,2.04159E+11,1.16E-05,1.15E-05,2.125877019,0.166100297,0.187165275,0.187165275
-64.2778573,0.03441367,8025539740,1.06E-05,10269230728,9.56E-06,1.95553E+11,1.28E-05,3.28E-05,1.390350001,0.130113084,0.158667186,0.158667186
-21.96623254,0.033244503,15069829533,8.91E-06,33014049856,8.05E-06,1.99362E+11,1.29E-05,2.95E-05,0.612108668,0.047933729,0.045259286,0.047933729
-117.8883737,0.03407045,6014519832,9.60E-06,15502095886,7.27E-06,2.06368E+11,1.18E-05,4.78E-06,0.765025367,0.224760564,0.259751498,0.259751498
-48.07072769,0.023190142,11785742809,1.05E-05,20179151254,1.08E-05,2.02908E+11,1.25E-05,3.41E-05,0.632982152,0.086044386,0.116497233,0.116497233
-103.2540306,0.036880338,18099223625,1.23E-05,10205368843,7.65E-06,2.01778E+11,1.11E-05,6.79E-06,1.355357855,0.16527997,0.28990135,0.28990135
-31.95129122,0.035032586,5645418731,9.20E-06,37525343009,6.93E-06,2.05242E+11,1.10E-05,1.10E-05,1.316116341,0.05539109,0.06779877,0.06779877
-119.7630636,0.032503692,16553769822,1.06E-05,17153266696,1.04E-05,1.95597E+11,1.29E-05,1.34E-05,0.529629928,0.247970873,0.293966584,0.293966584
-65.58063845,0.027522158,6353882594,1.25E-05,11575422854,1.10E-05,2.09079E+11,1.10E-05,5.36E-06,1.014959872,0.089782252,0.189955507,0.189955507
-82.70632311,0.022938632,8672009967,1.06E-05,26545780027,6.23E-06,1.96672E+11,1.21E-05,4.41E-05,0.590662278,0.139458619,0.196694982,0.196694982
-116.4503771,0.029680781,19495854903,1.15E-05,32618177330,1.04E-05,2.03858E+11,1.21E-05,3.06E-05,2.055521394,0.199467062,0.311663099,0.311663099
-67.59373106,0.038737993,17802367963,8.41E-06,14526914448,7.26E-06,1.99402E+11,1.25E-05,1.39E-06,1.803839737,0.145785068,0.132554014,0.145785068
-116.0813952,0.032942128,19950452337,1.16E-05,13457987982,1.05E-05,1.97368E+11,1.05E-05,1.22E-06,0.555608564,0.174530577,0.309661242,0.309661242
-92.36461533,0.023788497,12862724142,8.79E-06,29570715226,8.99E-06,1.92712E+11,1.25E-05,4.32E-06,0.994444537,0.177117893,0.188795484,0.188795484
-116.8189804,0.036746249,5479462454,1.10E-05,24158961669,6.32E-06,1.98224E+11,1.15E-05,1.68E-06,1.24592935,0.207596842,0.292291828,0.292291828
-75.99819466,0.023987194,6118960215,1.24E-05,30894306318,5.98E-06,2.06071E+11,1.29E-05,3.35E-05,0.845299265,0.13010401,0.210936621,0.210936621
-108.0089504,0.034190478,9005545560,1.15E-05,32472700072,6.87E-06,2.06934E+11,1.16E-05,6.35E-06,1.899218961,0.18289703,0.283271272,0.283271272
-41.15064254,0.030925869,9924125011,1.22E-05,38273039213,5.20E-06,2.05425E+11,1.16E-05,2.16E-06,0.782726366,0.066875071,0.112709342,0.112709342
-111.1220594,0.038435564,7434259108,1.02E-05,14014870173,1.03E-05,2.03003E+11,1.07E-05,1.10E-05,0.955117407,0.18579627,0.266424007,0.266424007
-96.90878968,0.037925209,18047976496,1.01E-05,12140759137,1.04E-05,1.93504E+11,1.09E-05,2.91E-05,0.789374969,0.167113849,0.229783473,0.229783473
-71.69690041,0.037791126,10386605801,8.06E-06,27452259932,6.15E-06,2.0975E+11,1.09E-05,7.57E-06,0.908997835,0.131830288,0.133206761,0.133206761
-98.97686268,0.03255205,7593519572,9.22E-06,17863168039,7.87E-06,1.97834E+11,1.13E-05,1.41E-06,2.253799317,0.172747363,0.212207031,0.212207031
-102.7292789,0.022017673,7171732360,1.13E-05,19606498199,9.02E-06,1.92151E+11,1.29E-05,3.62E-05,0.770728803,0.179835601,0.265714321,0.265714321
-116.007603,0.03437251,6843580785,8.20E-06,28725265825,6.41E-06,1.94196E+11,1.14E-05,9.31E-06,0.614385281,0.22300472,0.218051061,0.22300472
-21.35316738,0.038620632,12799693283,1.19E-05,21521238060,1.10E-05,2.05966E+11,1.13E-05,4.13E-05,0.621698738,0.037148774,0.058957509,0.058957509
-32.56833719,0.02067431,5907922276,9.76E-06,13834524632,9.45E-06,2.06205E+11,1.20E-05,2.77E-06,0.663298988,0.054769853,0.073197814,0.073197814
-70.52712561,0.029073779,17038344935,9.45E-06,35681415341,9.07E-06,2.00014E+11,1.29E-05,9.11E-06,0.773551417,0.144709446,0.154557316,0.154557316
-113.7169976,0.037458198,17291031862,9.45E-06,26399534694,6.02E-06,2.08336E+11,1.12E-05,1.25E-06,0.649069124,0.210325004,0.244875907,0.244875907
-23.33850476,0.020507214,12551971159,1.17E-05,38218170389,1.08E-05,2.01623E+11,1.08E-05,2.76E-05,1.643033648,0.027765289,0.063334315,0.063334315
-42.12365984,0.031605618,7991847518,1.15E-05,15077702850,6.20E-06,1.92584E+11,1.16E-05,1.06E-05,1.195568848,0.069509518,0.110165913,0.110165913
-22.9832437,0.020979247,9919642126,1.08E-05,17582852515,6.48E-06,2.00891E+11,1.29E-05,2.34E-05,0.885985469,0.040426908,0.055797047,0.055797047
-93.78351007,0.025408495,15270589754,9.78E-06,11221867394,1.02E-05,1.94724E+11,1.09E-05,2.56E-06,2.231438177,0.139316061,0.215085718,0.215085718
-63.27575364,0.024437022,11944492741,9.07E-06,34978954449,7.62E-06,1.90441E+11,1.30E-05,1.67E-05,0.889471701,0.127259205,0.131711788,0.131711788
-116.2044339,0.03799075,10193157959,1.00E-05,35421168955,9.52E-06,1.99665E+11,1.06E-05,3.80E-05,0.98949711,0.193389016,0.272101029,0.272101029
-36.73308931,0.038122056,5180858661,1.29E-05,15138144683,1.10E-05,2.02185E+11,1.07E-05,6.64E-06,2.762480492,0.053848935,0.110970982,0.110970982
-54.91999001,0.03209653,12293833339,1.01E-05,22037114355,1.04E-05,1.9681E+11,1.28E-05,9.55E-06,2.061215716,0.110144234,0.130044024,0.130044024
-108.6401254,0.037478277,13488318549,1.16E-05,30802871746,1.04E-05,2.08821E+11,1.12E-05,1.46E-05,2.900582353,0.179824441,0.29567371,0.29567371
-79.11825164,0.023322949,5801241966,1.22E-05,38118441330,1.10E-05,2.06774E+11,1.17E-05,1.38E-06,0.633544649,0.116739078,0.222311181,0.222311181
-47.84972677,0.037273938,8607519758,1.26E-05,10832076888,7.18E-06,1.93377E+11,1.16E-05,9.92E-06,0.725431116,0.08190484,0.137172168,0.137172168
-23.72898304,0.02364336,12042680380,8.63E-06,24818769408,7.75E-06,2.05867E+11,1.16E-05,2.59E-05,0.513505833,0.041881545,0.046870379,0.046870379
-50.21106307,0.021760673,14310322327,9.41E-06,32804337243,9.52E-06,1.91235E+11,1.06E-05,7.37E-06,2.624018356,0.068839882,0.110266286,0.110266286
-92.31027318,0.034489267,12880848108,1.05E-05,37120545414,7.72E-06,2.05941E+11,1.20E-05,3.11E-05,2.823923703,0.169820538,0.224145869,0.224145869
-95.29764549,0.030242289,14713900432,1.10E-05,15521125526,7.03E-06,2.01094E+11,1.28E-05,1.76E-05,2.665958585,0.180462323,0.240484424,0.240484424
-108.161428,0.030446071,14093867821,1.10E-05,24771526849,9.46E-06,1.91423E+11,1.18E-05,3.06E-05,1.436614548,0.184049109,0.275773504,0.275773504
-41.34422488,0.023900392,14107221914,1.18E-05,12899390347,6.61E-06,2.01103E+11,1.28E-05,2.26E-05,0.689614264,0.072586005,0.109365271,0.109365271
-58.6134909,0.023095162,12920166988,1.06E-05,13265080841,7.96E-06,2.09153E+11,1.15E-05,5.08E-06,1.095542858,0.089070945,0.1424777,0.1424777
-80.81263282,0.028887399,18899893446,1.17E-05,11379657634,1.05E-05,2.07945E+11,1.23E-05,3.43E-05,0.702599666,0.143150501,0.2184227,0.2184227
-48.3014571,0.025762521,10104428362,1.10E-05,24384441099,1.10E-05,2.07172E+11,1.08E-05,8.83E-06,0.535020434,0.069773861,0.122878217,0.122878217
-51.99323784,0.033284031,13129885493,9.87E-06,24785523911,5.41E-06,2.08625E+11,1.12E-05,1.67E-06,0.972622845,0.090096623,0.116399026,0.116399026
-40.55277501,0.03327188,6522230417,8.02E-06,23731336332,5.55E-06,2.0901E+11,1.28E-05,1.81E-05,2.212430998,0.088066856,0.07483995,0.088066856
-84.82124801,0.036132099,6383473487,1.26E-05,10174238609,1.10E-05,2.09494E+11,1.26E-05,1.88E-05,1.181231111,0.160396241,0.248417808,0.248417808
-46.79216092,0.032436308,9304913541,9.30E-06,33442234894,8.11E-06,1.94617E+11,1.28E-05,2.82E-06,1.985183249,0.096863823,0.10129023,0.10129023
-31.70498823,0.02135992,10786412692,1.20E-05,20998494227,6.53E-06,1.9424E+11,1.14E-05,2.18E-06,1.016028781,0.04207055,0.085633019,0.085633019
-65.1856807,0.030743823,10680382415,9.28E-06,13583798183,5.34E-06,2.04292E+11,1.11E-05,4.44E-05,2.957326211,0.108413929,0.13789423,0.13789423
-53.96269321,0.021442394,6675874319,1.27E-05,12574040707,1.08E-05,2.00759E+11,1.16E-05,2.02E-05,0.678944556,0.072315169,0.157314051,0.157314051
-52.51113907,0.033099989,10770080365,1.03E-05,14036361205,9.83E-06,2.08055E+11,1.18E-05,1.54E-06,1.932349119,0.094843994,0.126170296,0.126170296
-81.24903143,0.031335102,6435323804,1.25E-05,21635592532,1.05E-05,2.01803E+11,1.10E-05,1.64E-06,0.932938151,0.118573143,0.234522557,0.234522557
-24.25104578,0.026129943,5538811609,9.13E-06,23833917457,8.92E-06,1.95728E+11,1.21E-05,2.54E-05,0.652354143,0.045057622,0.051245588,0.051245588
-105.8746551,0.039344641,19552552259,8.63E-06,15524990060,9.35E-06,1.9402E+11,1.20E-05,1.13E-06,1.02714654,0.219297055,0.215427013,0.219297055
-63.15882691,0.02416991,9425250368,9.25E-06,12231843532,9.60E-06,2.02647E+11,1.25E-05,3.48E-05,1.234979271,0.118606353,0.13630515,0.13630515
-101.0615381,0.024081372,6319606523,1.18E-05,22851183809,7.86E-06,2.08277E+11,1.26E-05,2.92E-05,1.76957706,0.168089137,0.272837814,0.272837814
-90.11996034,0.037151317,9330392685,9.38E-06,20406339256,9.14E-06,1.91608E+11,1.20E-05,3.56E-05,1.591265029,0.178388712,0.198457793,0.198457793
-91.90736333,0.036013544,6700808614,1.23E-05,11506878758,8.11E-06,1.93844E+11,1.11E-05,3.50E-06,1.993705481,0.143063192,0.260227407,0.260227407
-64.54375509,0.036564683,6197768063,1.10E-05,39784878028,1.10E-05,2.02658E+11,1.26E-05,2.98E-05,0.697518494,0.130306759,0.165273752,0.165273752
-97.72753403,0.026407835,10204267320,1.15E-05,39212978553,6.50E-06,2.03071E+11,1.24E-05,1.56E-05,0.736401335,0.171249191,0.253964732,0.253964732
-92.36449214,0.02587937,9932504468,8.99E-06,16168460254,9.19E-06,1.92666E+11,1.15E-05,3.71E-06,2.560479938,0.157374935,0.194599839,0.194599839
-113.0819314,0.025458524,12350554869,1.10E-05,25407022733,6.38E-06,2.09693E+11,1.14E-05,7.32E-06,1.423326982,0.170915062,0.282718985,0.282718985
-117.2226452,0.02562082,6120805476,8.82E-06,16188216541,8.86E-06,2.04956E+11,1.15E-05,2.25E-06,0.83717597,0.203600701,0.240190819,0.240190819
-26.97681593,0.031275888,5083369963,9.75E-06,10040372375,9.52E-06,1.96474E+11,1.18E-05,2.02E-05,0.508313547,0.050312938,0.060852874,0.060852874
-112.0342895,0.027653627,11284297952,1.07E-05,12779137999,9.50E-06,1.97489E+11,1.14E-05,2.59E-06,2.569865928,0.176764042,0.279646228,0.279646228
-74.76698689,0.024428576,7239339074,1.25E-05,31231003459,9.66E-06,2.03761E+11,1.27E-05,1.76E-05,1.987758803,0.120678884,0.214903151,0.214903151
-97.61713184,0.034107043,6946681475,8.61E-06,24486949289,6.84E-06,1.90503E+11,1.27E-05,3.27E-06,1.729203412,0.207850126,0.194504414,0.207850126
-58.67476651,0.032272975,9207963253,1.10E-05,25288090976,7.79E-06,2.09062E+11,1.17E-05,3.66E-06,0.772209951,0.102759818,0.147097661,0.147097661
-97.66008294,0.029868751,5978674530,1.18E-05,18268119536,7.89E-06,2.04695E+11,1.28E-05,2.47E-05,1.294871631,0.181412589,0.264278399,0.264278399
-63.16093619,0.026861473,17205823459,1.26E-05,36424620286,6.19E-06,1.90153E+11,1.12E-05,1.81E-06,1.611783442,0.087441124,0.178986846,0.178986846
-27.37385642,0.022155222,18491925303,8.78E-06,26011122856,9.52E-06,1.9888E+11,1.12E-05,2.63E-06,2.275782452,0.042947208,0.056400416,0.056400416
-28.88364007,0.03033316,9479365199,8.90E-06,31939457306,9.24E-06,2.0743E+11,1.29E-05,3.66E-06,0.785844277,0.06138291,0.06001202,0.06138291
-28.36178922,0.021393405,13240691844,1.17E-05,29987025633,8.27E-06,2.00363E+11,1.13E-05,2.22E-06,1.810207395,0.037298215,0.075450809,0.075450809
-118.260287,0.027961036,15037131811,8.15E-06,30400691384,8.47E-06,2.09613E+11,1.28E-05,1.49E-05,0.514967831,0.254882319,0.222958054,0.254882319
-95.11908389,0.026849795,12343972973,1.06E-05,16791292142,7.57E-06,2.09374E+11,1.16E-05,6.69E-06,1.002073466,0.155835027,0.230318479,0.230318479
-79.85979793,0.032491996,12818786523,9.34E-06,11580984677,1.10E-05,2.00915E+11,1.07E-05,3.00E-06,1.05999547,0.130865649,0.176476328,0.176476328
-63.82639387,0.026748298,12297217216,1.08E-05,34286132488,8.72E-06,1.91196E+11,1.20E-05,5.33E-06,0.735413762,0.109503678,0.157997555,0.157997555
-93.60983133,0.028463115,6400484736,1.16E-05,25398445412,1.10E-05,2.04789E+11,1.17E-05,2.29E-05,1.236562738,0.151206622,0.252488314,0.252488314
-21.77397658,0.026848019,5793884417,1.28E-05,26620662382,1.10E-05,2.0104E+11,1.28E-05,1.03E-05,0.886026415,0.037627387,0.064023081,0.064023081
-43.71885621,0.024585431,16633346398,1.25E-05,15258309388,1.10E-05,1.98529E+11,1.28E-05,1.71E-05,0.95045075,0.073927744,0.126368465,0.126368465
-64.99541665,0.032228066,9594691149,1.03E-05,14042397001,7.58E-06,2.02477E+11,1.28E-05,6.27E-06,1.416199184,0.130124075,0.154642559,0.154642559
-60.34226911,0.038266766,6056480026,1.22E-05,18243219925,5.31E-06,2.03904E+11,1.30E-05,8.02E-06,1.912280804,0.121924134,0.166650284,0.166650284
-75.38652514,0.028682799,15155207771,1.25E-05,22108845601,1.04E-05,1.91204E+11,1.08E-05,4.59E-06,0.767243683,0.104083323,0.217185746,0.217185746
-86.20972166,0.02587343,5832470447,9.55E-06,25853751017,1.10E-05,2.07211E+11,1.28E-05,1.61E-05,0.518964898,0.173142762,0.191793734,0.191793734
-27.22149477,0.027627077,8490445023,9.10E-06,26795407914,9.11E-06,1.99265E+11,1.17E-05,3.62E-05,1.067245602,0.048727034,0.057742209,0.057742209
-105.0652573,0.031347892,5580880064,1.10E-05,16273444987,6.99E-06,1.96093E+11,1.16E-05,4.01E-06,1.066623116,0.179044891,0.26416687,0.26416687
-59.6322446,0.038553815,11349954144,9.99E-06,26503328151,9.91E-06,2.05723E+11,1.15E-05,4.57E-05,1.541548039,0.11022915,0.140088518,0.140088518
-103.4220174,0.037392474,9417007520,1.28E-05,39161248666,7.21E-06,2.0095E+11,1.05E-05,8.72E-06,1.187475062,0.151179587,0.302666316,0.302666316
-112.7007885,0.030315642,9045281517,1.03E-05,17711621725,5.13E-06,2.0899E+11,1.25E-05,1.34E-06,0.864073047,0.217090533,0.260801223,0.260801223
-23.15227589,0.032698776,13710466863,8.66E-06,14305925786,7.70E-06,1.93545E+11,1.26E-05,2.99E-05,0.810121615,0.048746176,0.046430195,0.048746176
-86.26838888,0.034471912,10957028654,1.17E-05,25622131450,9.10E-06,2.06545E+11,1.08E-05,6.90E-06,1.084944601,0.131989634,0.233239922,0.233239922
-45.65447276,0.031861542,9638570219,8.53E-06,30984426924,9.54E-06,1.94123E+11,1.22E-05,1.48E-06,0.596283648,0.092896684,0.091152147,0.092896684
-36.99598018,0.023960699,5024261865,1.29E-05,13875068579,1.10E-05,2.05782E+11,1.18E-05,4.02E-06,2.861968023,0.050630598,0.110358473,0.110358473
-90.7270042,0.036127907,11040215122,1.26E-05,35226915054,1.02E-05,2.03519E+11,1.25E-05,5.40E-06,0.901443854,0.171459379,0.2635297,0.2635297
-64.0972495,0.031756651,12669800284,9.23E-06,37290218698,8.77E-06,2.00061E+11,1.28E-05,3.17E-05,1.817214345,0.132467875,0.138300738,0.138300738
-21.81624275,0.027787781,12450253675,8.39E-06,10591859056,8.85E-06,2.06571E+11,1.17E-05,4.03E-06,1.430791529,0.039903788,0.042927807,0.042927807
-20.72525577,0.02854325,11314716533,1.30E-05,27214108683,6.91E-06,2.04646E+11,1.27E-05,2.06E-06,0.771971068,0.035980915,0.060614865,0.060614865
-73.32646519,0.02433807,16744518091,8.01E-06,32969776830,7.56E-06,1.99244E+11,1.10E-05,2.41E-06,1.07442615,0.122440863,0.135999163,0.135999163
-61.23596309,0.021619388,8400868950,8.28E-06,12430286889,8.95E-06,2.04525E+11,1.12E-05,2.84E-05,0.771365588,0.101704133,0.117925347,0.117925347
-85.23850157,0.027616555,10922143076,1.28E-05,10381419517,5.97E-06,2.02655E+11,1.15E-05,3.70E-05,0.572517795,0.129256614,0.244180993,0.244180993
-74.59230393,0.029525325,9932564020,1.08E-05,28675224363,5.88E-06,1.98484E+11,1.13E-05,4.43E-05,1.28200089,0.118900332,0.182942429,0.182942429
-38.01124476,0.038226406,10543342773,1.19E-05,22156925984,8.33E-06,2.00983E+11,1.22E-05,1.83E-06,1.906477389,0.070823594,0.104294792,0.104294792
-72.35750663,0.031906097,16622327149,1.29E-05,21080968393,9.86E-06,1.90856E+11,1.19E-05,2.67E-06,1.928131492,0.117245558,0.215804272,0.215804272
-82.11876497,0.022686595,14580370805,1.04E-05,14541499849,6.78E-06,1.93111E+11,1.07E-05,1.13E-05,1.733299063,0.110057227,0.193765623,0.193765623
-23.69408866,0.030810929,7503157156,1.08E-05,22200097941,1.09E-05,1.90493E+11,1.07E-05,1.36E-05,0.728541484,0.036186366,0.059738168,0.059738168
-112.7311692,0.030035716,7541107043,9.66E-06,10321656375,6.63E-06,2.07549E+11,1.24E-05,2.03E-05,0.561753018,0.223412269,0.247106457,0.247106457
-53.54081589,0.030540448,16672498320,8.85E-06,29972809869,7.99E-06,2.0501E+11,1.27E-05,3.51E-05,0.795353523,0.11145114,0.109577731,0.11145114
-53.77059671,0.034683539,13135645780,9.44E-06,19700230930,9.17E-06,1.9429E+11,1.24E-05,4.09E-06,0.954202205,0.109893878,0.118482829,0.118482829
-34.73614355,0.032655385,17603669800,1.28E-05,30958536207,8.58E-06,2.07882E+11,1.17E-05,3.96E-05,1.155537922,0.056515026,0.101426278,0.101426278
-47.0412248,0.02829189,13489009599,1.07E-05,19742570521,1.10E-05,2.0019E+11,1.08E-05,3.14E-06,0.559944053,0.07207726,0.116714033,0.116714033
-95.04703497,0.025721528,14152852277,1.23E-05,11349193563,1.10E-05,1.90279E+11,1.18E-05,1.20E-05,1.315208081,0.143171378,0.271584003,0.271584003
-76.522018,0.024568023,7420209015,8.80E-06,33381232743,9.22E-06,1.9668E+11,1.20E-05,2.12E-06,1.044368927,0.139747167,0.15699622,0.15699622
-36.59363838,0.034117202,11885075927,1.27E-05,31677120328,7.38E-06,2.08018E+11,1.10E-05,7.37E-06,0.893583246,0.055611581,0.105810059,0.105810059
-61.96414517,0.025798756,12853910426,9.27E-06,32713829950,7.73E-06,1.93093E+11,1.21E-05,4.49E-06,1.791774715,0.111796138,0.132589936,0.132589936
-63.20776097,0.021139617,11493518390,8.63E-06,29343850252,8.49E-06,1.95425E+11,1.30E-05,2.73E-05,2.407313394,0.122925958,0.126962006,0.126962006
-24.82340665,0.039892319,6418334607,1.24E-05,11517654077,1.10E-05,1.90112E+11,1.11E-05,1.46E-05,0.626859814,0.041843594,0.071475067,0.071475067
-115.1978966,0.021408978,16547789772,1.26E-05,17040187819,1.10E-05,2.03419E+11,1.11E-05,4.83E-06,1.879350326,0.136624565,0.334977222,0.334977222
-49.8179857,0.022640887,6744035734,1.21E-05,23473043940,5.74E-06,2.07465E+11,1.21E-05,1.90E-05,1.483441665,0.074663579,0.134899047,0.134899047
-86.5621434,0.039479199,7629611603,1.27E-05,39361073993,8.35E-06,1.9733E+11,1.19E-05,1.83E-05,2.145742258,0.153976811,0.253218425,0.253218425
-105.0961648,0.023153897,7760388993,1.15E-05,23278422764,1.10E-05,2.00907E+11,1.30E-05,1.49E-06,1.253345537,0.184557765,0.281021948,0.281021948
-114.3310934,0.027182843,11120527042,1.11E-05,12956180690,5.90E-06,1.98802E+11,1.07E-05,1.01E-06,2.500371679,0.158721013,0.287443373,0.287443373
-64.38971636,0.031490416,6615759704,9.42E-06,19513546135,9.72E-06,2.02863E+11,1.11E-05,3.66E-05,1.992490497,0.107920102,0.142639147,0.142639147
-91.06940555,0.021656,6003016900,1.21E-05,29992437465,9.55E-06,1.99898E+11,1.20E-05,1.02E-06,2.270905664,0.129694193,0.253888554,0.253888554
-53.37023234,0.024649757,5010332676,8.42E-06,16584043588,9.83E-06,1.95216E+11,1.12E-05,8.71E-06,0.776026173,0.090278347,0.105417294,0.105417294
-92.06994006,0.020456082,5223208148,8.45E-06,23078397060,9.49E-06,1.90077E+11,1.24E-05,6.82E-06,1.445543707,0.168746639,0.182313969,0.182313969
-69.89967272,0.028404418,15923317424,1.06E-05,12767437101,5.12E-06,2.07073E+11,1.07E-05,4.24E-05,1.725783287,0.102204605,0.167556209,0.167556209
-93.36424602,0.038591595,13369501986,1.08E-05,23041575589,1.07E-05,2.01324E+11,1.26E-05,2.59E-05,2.564332858,0.189425638,0.238455457,0.238455457
-68.2222759,0.021386511,5750617758,9.21E-06,19388350544,9.48E-06,1.90168E+11,1.12E-05,2.15E-05,1.314445411,0.105056388,0.146355964,0.146355964
-55.89647333,0.028471826,6512745331,9.60E-06,22264556762,7.56E-06,2.09585E+11,1.20E-05,5.14E-06,1.275345251,0.102017758,0.123529572,0.123529572
-110.1029656,0.038749692,5484480211,1.03E-05,35498102670,9.95E-06,1.96647E+11,1.22E-05,1.87E-05,0.511771286,0.224894533,0.262920421,0.262920421
-84.91615085,0.028916395,8927244215,9.98E-06,19954064216,1.05E-05,1.9743E+11,1.11E-05,2.45E-05,0.717713599,0.138535183,0.197485017,0.197485017
-69.74543409,0.039467057,8401347761,1.18E-05,21862721909,1.10E-05,2.05818E+11,1.09E-05,3.90E-06,0.784720018,0.116205177,0.191195635,0.191195635
-103.7948503,0.023720503,12735343199,1.23E-05,32485130662,7.18E-06,2.07183E+11,1.21E-05,1.79E-06,1.905562893,0.155603426,0.289735789,0.289735789
-91.2615734,0.038155158,18757418975,1.24E-05,11351829379,1.10E-05,2.03932E+11,1.11E-05,3.81E-05,1.91490128,0.145793958,0.265422839,0.265422839
-62.90117662,0.03133011,5186626125,1.01E-05,34193390145,9.72E-06,2.04432E+11,1.21E-05,2.37E-05,2.631674583,0.115661998,0.148186548,0.148186548
-42.95394653,0.026446027,15886537857,9.34E-06,21914746971,9.80E-06,1.9288E+11,1.11E-05,4.64E-05,0.671032776,0.071018933,0.093284957,0.093284957
-83.07437966,0.02968119,17959629232,1.20E-05,14575221230,1.10E-05,1.9395E+11,1.20E-05,2.42E-05,1.45360787,0.137563282,0.231884434,0.231884434
-101.026258,0.026989185,11023911181,1.18E-05,13220342893,5.36E-06,2.09278E+11,1.13E-05,1.84E-06,1.189791637,0.149166725,0.268410399,0.268410399
-63.29409598,0.039201201,5880369099,1.03E-05,10267482848,1.07E-05,2.02334E+11,1.26E-05,1.79E-06,2.065192605,0.131371273,0.153472939,0.153472939
-36.39904468,0.036552929,13538406720,1.05E-05,19280474700,1.01E-05,2.05349E+11,1.14E-05,2.20E-06,1.155168568,0.064258768,0.089610601,0.089610601
-105.6622002,0.027166181,7727159864,8.11E-06,21146412377,8.21E-06,2.04148E+11,1.19E-05,3.62E-06,0.818058596,0.202761867,0.19918554,0.202761867
-45.62611057,0.0213106,13094479590,1.09E-05,27384202472,1.09E-05,2.07287E+11,1.24E-05,1.40E-06,2.428788438,0.073928382,0.115656499,0.115656499
-115.5567522,0.031312344,5107443125,9.47E-06,28164967918,6.77E-06,2.08145E+11,1.10E-05,4.66E-06,1.034435387,0.193389202,0.250599319,0.250599319
-68.01113809,0.02002982,15428485313,1.01E-05,27141564097,5.89E-06,1.90134E+11,1.26E-05,2.37E-06,1.62415066,0.116629149,0.154923175,0.154923175
-102.6321523,0.033269701,11380241567,1.18E-05,14450065885,1.10E-05,1.98151E+11,1.13E-05,2.32E-05,1.579899198,0.163532307,0.282968487,0.282968487
-64.88514836,0.031357188,15798131359,1.10E-05,21309117002,1.10E-05,1.95312E+11,1.08E-05,3.49E-05,0.564072714,0.101412945,0.16543838,0.16543838
-55.11936205,0.020575542,8477091408,1.11E-05,19377874386,5.89E-06,1.90326E+11,1.09E-05,1.06E-05,0.734455714,0.071781081,0.137407683,0.137407683
-106.6076788,0.033885734,12977504580,9.64E-06,30087589381,7.41E-06,1.96818E+11,1.09E-05,1.10E-05,2.810126067,0.176325676,0.237988083,0.237988083
-60.78347608,0.026438283,5971693002,1.05E-05,25840414200,1.05E-05,1.93273E+11,1.22E-05,1.67E-06,2.992715284,0.10443589,0.149395508,0.149395508
-93.28843378,0.035617816,19842412843,8.78E-06,16553862352,6.92E-06,2.05033E+11,1.07E-05,4.06E-06,1.135895389,0.160285913,0.189230214,0.189230214
-75.3573964,0.029533132,10816302970,1.13E-05,14163906661,5.02E-06,2.06917E+11,1.28E-05,6.57E-06,1.542528018,0.141575784,0.192518409,0.192518409
-72.13830167,0.028802986,12288696595,8.89E-06,30631975133,5.30E-06,1.91527E+11,1.18E-05,1.21E-06,0.993223101,0.133081157,0.14546013,0.14546013
-108.2962395,0.031078474,7328177357,1.09E-05,12455419495,6.72E-06,1.9407E+11,1.07E-05,3.35E-05,0.60500048,0.167560594,0.268177316,0.268177316
-97.11613736,0.03857077,10633260637,9.72E-06,14286788970,5.57E-06,2.0563E+11,1.11E-05,1.13E-05,0.764089944,0.176201113,0.21464514,0.21464514
-84.89648777,0.023179961,12701049030,1.27E-05,11377285164,5.23E-06,2.06537E+11,1.28E-05,1.89E-06,1.370083675,0.136762521,0.240360633,0.240360633
-108.3885329,0.036069932,9135881277,1.22E-05,11170856887,1.10E-05,2.04116E+11,1.12E-05,1.63E-05,1.147549038,0.175657395,0.307213118,0.307213118
-39.1507592,0.028399827,6711358212,9.24E-06,33416064322,9.91E-06,1.93964E+11,1.22E-05,1.75E-06,0.586334717,0.075717409,0.084251493,0.084251493
-63.85605762,0.029367752,13602166046,1.29E-05,36830876146,1.03E-05,1.90034E+11,1.21E-05,1.91E-05,0.723950404,0.104666893,0.189522402,0.189522402
-43.50768782,0.022569471,16703701157,1.24E-05,37187658328,8.60E-06,1.92704E+11,1.22E-05,1.78E-05,0.897873517,0.065337745,0.122656189,0.122656189
-33.2150576,0.039859126,17468225078,1.04E-05,13130973857,8.28E-06,2.06403E+11,1.12E-05,9.32E-06,2.75649336,0.058208524,0.080626221,0.080626221
-109.3467831,0.031480235,10731323877,1.16E-05,29093475351,9.66E-06,1.96417E+11,1.25E-05,1.63E-06,0.753029543,0.204028813,0.291963859,0.291963859
-115.9483735,0.039758167,18594699580,1.12E-05,25657213682,6.22E-06,2.08225E+11,1.18E-05,4.31E-05,1.312568666,0.216637683,0.297450317,0.297450317
-30.64350363,0.028298442,18586631044,9.07E-06,34755562982,1.04E-05,2.08451E+11,1.08E-05,2.86E-05,0.715024267,0.050136319,0.065187354,0.065187354
-88.45305648,0.023555188,11938152516,1.07E-05,10502329291,1.03E-05,2.00347E+11,1.29E-05,1.02E-06,2.125824246,0.159369512,0.219436049,0.219436049
-90.06666118,0.033580926,9682652961,1.25E-05,10623744635,9.20E-06,2.02606E+11,1.17E-05,3.35E-05,0.841360391,0.150213271,0.257458032,0.257458032
-23.80870023,0.034440335,11411743540,1.06E-05,30082883398,5.88E-06,1.92881E+11,1.19E-05,3.07E-05,0.531508774,0.04495752,0.057111626,0.057111626
-47.54574695,0.039054073,5307183132,1.22E-05,14995280191,1.08E-05,1.94119E+11,1.10E-05,1.82E-06,0.918269165,0.077551648,0.134586647,0.134586647
-98.8113633,0.022646942,7803910548,8.70E-06,11855375851,8.09E-06,1.9208E+11,1.05E-05,1.82E-05,0.813360486,0.147212425,0.198175009,0.198175009
-103.6218301,0.020790128,10422985191,8.07E-06,15085831085,8.33E-06,2.02296E+11,1.18E-05,3.98E-05,1.976268975,0.179894053,0.195135621,0.195135621
-95.6466795,0.020960584,10228305442,9.74E-06,16984956251,9.95E-06,2.09975E+11,1.05E-05,2.23E-05,0.546141298,0.133118118,0.214801242,0.214801242
-43.34906938,0.039303396,5727396159,1.15E-05,11718930290,8.93E-06,2.01837E+11,1.07E-05,2.52E-06,2.16346623,0.068803378,0.116200362,0.116200362
-89.34212045,0.036858246,10743217178,1.02E-05,26653334209,1.02E-05,2.05512E+11,1.08E-05,1.23E-05,2.473334285,0.147025592,0.214729081,0.214729081
-35.18326279,0.033449609,6446002954,1.29E-05,20896684219,7.63E-06,1.92406E+11,1.13E-05,4.14E-06,0.9168621,0.054258844,0.103323137,0.103323137
-74.17999322,0.027016808,8246470245,1.23E-05,20665552513,7.37E-06,1.9336E+11,1.27E-05,5.71E-06,2.937054243,0.125453476,0.208342339,0.208342339
-80.35895674,0.023282008,16564943615,1.29E-05,23502282213,1.10E-05,1.94072E+11,1.14E-05,1.36E-06,0.801570661,0.107022659,0.238220936,0.238220936
-58.14992304,0.029380337,18081637133,8.56E-06,34126156562,7.25E-06,2.0756E+11,1.15E-05,1.02E-05,0.508519569,0.107927184,0.113945545,0.113945545
-30.26028937,0.02324882,10071419766,1.14E-05,28524978248,6.83E-06,1.9633E+11,1.27E-05,3.34E-06,0.89975127,0.05239457,0.078010349,0.078010349
-84.8476526,0.022624099,9731049445,1.08E-05,18772734227,7.39E-06,2.09298E+11,1.21E-05,1.03E-05,2.086283637,0.134674855,0.209906739,0.209906739
-70.20323453,0.030716582,6577396144,1.22E-05,35776253236,7.33E-06,2.0395E+11,1.27E-05,3.49E-05,2.981253129,0.1267111,0.195494516,0.195494516
-57.90190408,0.022403363,9169387430,1.05E-05,22477301698,1.00E-05,1.92072E+11,1.05E-05,1.55E-06,0.975425819,0.075624784,0.141299126,0.141299126
-101.5800984,0.030720707,18242906126,1.22E-05,37904580261,1.09E-05,1.96081E+11,1.25E-05,5.95E-06,0.586870407,0.187285519,0.285497853,0.285497853
-49.32504979,0.024029709,17177288377,1.29E-05,18919442456,8.98E-06,2.09871E+11,1.16E-05,3.20E-05,2.315673708,0.065982156,0.145373428,0.145373428
-28.6720665,0.029039319,6181972243,1.11E-05,10419344406,1.10E-05,2.06986E+11,1.09E-05,1.36E-05,2.309660843,0.041834941,0.074237018,0.074237018
-51.3082917,0.020297245,13936888244,8.71E-06,34428535398,6.52E-06,1.92863E+11,1.08E-05,2.97E-06,2.339313895,0.074453751,0.102204832,0.102204832
-81.12322683,0.021908906,5406409523,1.13E-05,39685853963,7.99E-06,2.05477E+11,1.18E-05,3.02E-05,2.635196294,0.11850296,0.209851159,0.209851159
-68.46963822,0.035162697,14099261065,9.24E-06,39630971376,9.65E-06,2.07573E+11,1.28E-05,1.16E-06,0.919257261,0.146285996,0.148358792,0.148358792
-44.68512262,0.032151416,8677816881,8.74E-06,13007169300,5.66E-06,2.03649E+11,1.18E-05,1.25E-05,2.376081675,0.084182086,0.089510358,0.089510358
-59.37793908,0.030178518,7820852202,1.20E-05,17047184774,8.11E-06,2.03122E+11,1.19E-05,3.79E-06,1.541989562,0.097246211,0.16362622,0.16362622
-103.1345475,0.038893128,16220063282,9.60E-06,12023146474,7.81E-06,1.99377E+11,1.28E-05,2.80E-06,1.010889431,0.224036668,0.229473231,0.229473231
-49.48863915,0.034562509,7429680797,1.04E-05,15660757453,8.86E-06,1.98845E+11,1.26E-05,1.01E-05,1.31828269,0.098330313,0.119976231,0.119976231
-90.33556448,0.025719958,16028597195,1.27E-05,24305725657,1.08E-05,2.09336E+11,1.07E-05,1.62E-05,1.230865037,0.111430898,0.26335275,0.26335275
-98.52841778,0.025951005,7495195611,1.04E-05,29813841180,7.44E-06,2.0711E+11,1.11E-05,1.92E-05,2.23785268,0.148081866,0.234120625,0.234120625
-35.85744029,0.033768741,8832495175,8.28E-06,13199653071,1.09E-05,2.01617E+11,1.06E-05,2.27E-06,0.719882996,0.061507153,0.070735611,0.070735611
-35.90645001,0.020564986,5640465137,9.69E-06,10549607018,5.69E-06,2.09925E+11,1.14E-05,8.09E-06,1.771974441,0.053610584,0.078594168,0.078594168
-60.28813642,0.025980493,17481679369,1.08E-05,18354736132,8.04E-06,1.97613E+11,1.14E-05,1.20E-06,1.194068007,0.093891422,0.149227444,0.149227444
-30.02495003,0.022739532,19541136555,1.11E-05,11652994824,6.70E-06,2.08914E+11,1.14E-05,4.80E-06,0.743491093,0.044436946,0.074923268,0.074923268
-65.95777075,0.033916535,17942161489,1.06E-05,14939885843,1.05E-05,1.99688E+11,1.30E-05,1.67E-05,1.417567871,0.135123233,0.164059245,0.164059245
-60.44850274,0.02588042,14769537317,9.63E-06,14535567824,1.01E-05,1.94235E+11,1.16E-05,3.52E-05,0.753379176,0.103715699,0.135506397,0.135506397
-47.15599015,0.029740283,14590821260,1.05E-05,19162381385,5.24E-06,1.91998E+11,1.09E-05,2.51E-05,1.853589315,0.072199442,0.112370393,0.112370393
-97.60625505,0.022659413,9259290452,1.17E-05,14320585144,1.10E-05,2.01109E+11,1.08E-05,2.09E-05,1.115080785,0.122281293,0.265185015,0.265185015
-80.7491491,0.036458606,15206658162,1.24E-05,22481703763,7.55E-06,2.00188E+11,1.12E-05,6.41E-06,1.428490189,0.129755553,0.2292957,0.2292957
-96.92001758,0.023936656,12102258713,1.22E-05,17456387930,7.47E-06,1.90388E+11,1.29E-05,1.22E-06,2.535681814,0.16266782,0.269273272,0.269273272
-49.11017873,0.032784807,5562531471,1.07E-05,17697549357,1.08E-05,2.03241E+11,1.05E-05,7.37E-06,1.605024553,0.073517508,0.123564212,0.123564212
-78.11588402,0.034889346,17092006519,8.10E-06,26410378253,6.24E-06,1.94284E+11,1.29E-05,3.52E-05,1.539574563,0.173742525,0.146227648,0.173742525
-116.5225977,0.027808485,7084367100,8.40E-06,12237717575,9.11E-06,1.93763E+11,1.16E-05,1.18E-06,0.788272387,0.214304688,0.22864232,0.22864232
-28.60171051,0.022336468,7761861636,9.49E-06,23001558916,6.82E-06,1.91701E+11,1.09E-05,3.88E-06,2.911607274,0.041351916,0.062153415,0.062153415
-60.51913986,0.038404087,6283046235,1.25E-05,13505917715,1.09E-05,1.93538E+11,1.17E-05,2.58E-06,0.739825589,0.107126713,0.175673353,0.175673353
-99.10897618,0.024878821,12817291345,1.26E-05,21965138089,1.10E-05,2.01612E+11,1.20E-05,2.67E-06,0.772905334,0.151586094,0.286177552,0.286177552
-51.1679405,0.025017954,18095098373,8.51E-06,23069702797,8.40E-06,2.06916E+11,1.11E-05,3.76E-06,1.278969541,0.084257994,0.101304874,0.101304874
-84.69489271,0.033432721,10477362204,1.13E-05,23692177737,6.99E-06,2.01024E+11,1.07E-05,2.01E-05,2.417686632,0.12741128,0.219786825,0.219786825
-90.27974936,0.026813352,9715270810,1.03E-05,16766588818,6.96E-06,2.04792E+11,1.06E-05,1.43E-05,0.634509925,0.132561049,0.210264885,0.210264885
-37.36311087,0.039834723,15171994609,1.20E-05,39435671178,1.10E-05,1.92038E+11,1.15E-05,1.29E-06,2.954930603,0.064967522,0.105019288,0.105019288
-56.77907404,0.030259553,12227407242,9.53E-06,22236372116,7.28E-06,1.92797E+11,1.29E-05,4.69E-06,2.003879113,0.116042503,0.124730341,0.124730341
-84.19814242,0.027965146,10866299650,1.20E-05,12051963478,9.81E-06,2.0529E+11,1.19E-05,3.05E-05,1.049996775,0.135274912,0.233228333,0.233228333
-77.84323262,0.03807744,6924084673,1.25E-05,21258070791,9.58E-06,1.9502E+11,1.25E-05,2.20E-05,2.113769801,0.147562402,0.225379651,0.225379651
-36.07525864,0.035481443,14233095701,1.08E-05,13395937781,6.37E-06,1.9645E+11,1.25E-05,2.69E-06,0.799577749,0.072072283,0.088742176,0.088742176
-116.5132187,0.025553355,15665300538,9.20E-06,33372484555,8.70E-06,2.03297E+11,1.30E-05,3.99E-05,1.752596394,0.232897878,0.249340195,0.249340195
-110.3495949,0.039922439,15572386830,8.21E-06,31359783885,5.23E-06,2.06523E+11,1.22E-05,2.36E-06,0.67082602,0.238466522,0.206705223,0.238466522
-22.92867437,0.020775986,11027474543,1.14E-05,13718448629,1.10E-05,1.99745E+11,1.26E-05,1.34E-06,1.341804544,0.037049891,0.060586354,0.060586354
-40.17396522,0.032275556,6889076638,1.13E-05,18367904696,5.04E-06,1.96163E+11,1.22E-05,1.18E-05,0.85063213,0.073470287,0.102135655,0.102135655
-93.93742889,0.031013921,15506743083,1.15E-05,10903380048,6.71E-06,1.9735E+11,1.24E-05,1.34E-05,2.727782,0.169290298,0.246167792,0.246167792
-80.64976462,0.038693076,7664823297,1.08E-05,11323954105,9.76E-06,1.99392E+11,1.10E-05,2.17E-06,1.015689721,0.137418775,0.203746249,0.203746249
-28.49859267,0.033371535,7748200766,1.05E-05,17388674587,1.05E-05,2.07096E+11,1.09E-05,1.92E-05,0.580848915,0.046874042,0.069868599,0.069868599
-30.19298101,0.036670684,9915815875,9.62E-06,11480577456,8.02E-06,2.0833E+11,1.22E-05,3.40E-06,0.56611253,0.061706031,0.066932335,0.066932335
-22.23893567,0.03077483,8654714161,9.94E-06,28468517757,7.75E-06,2.03606E+11,1.07E-05,5.32E-06,0.520260689,0.035681802,0.050465348,0.050465348
-26.65190287,0.022717968,18619490637,1.03E-05,19816493886,1.04E-05,2.04297E+11,1.06E-05,2.77E-05,1.013272055,0.036325416,0.063569799,0.063569799
-29.06887544,0.03965075,18863613156,1.21E-05,29817498473,7.21E-06,1.91281E+11,1.07E-05,2.26E-05,1.798180814,0.045642907,0.080799281,0.080799281
-24.34223833,0.036617186,5775255397,1.20E-05,38154255445,6.05E-06,1.94411E+11,1.05E-05,1.12E-05,1.860703375,0.035986739,0.066374486,0.066374486
-97.37105211,0.031523129,7269213212,1.09E-05,19647102470,1.05E-05,2.06815E+11,1.27E-05,2.70E-06,0.566118016,0.193524638,0.245456006,0.245456006
-117.5455926,0.029971133,7737184539,8.57E-06,10003730578,8.35E-06,1.91875E+11,1.22E-05,4.69E-06,1.770463559,0.229779995,0.23532987,0.23532987
-53.47037758,0.037904231,8463743888,8.70E-06,16737362155,8.87E-06,2.09017E+11,1.08E-05,1.07E-06,0.594999044,0.09631963,0.108656477,0.108656477
-23.97773528,0.028459106,14134329840,1.13E-05,18699068387,8.92E-06,1.97846E+11,1.18E-05,3.46E-05,1.676386641,0.039431537,0.062593923,0.062593923
-27.73895639,0.035829942,19535757118,1.11E-05,31293487624,8.18E-06,2.0573E+11,1.18E-05,3.69E-06,0.503921443,0.051590293,0.070415733,0.070415733
-119.0218237,0.026694803,17810664051,9.39E-06,11561503678,8.04E-06,2.02111E+11,1.19E-05,1.60E-06,0.74316893,0.215793069,0.256816002,0.256816002
-25.99048928,0.038953695,11114828892,9.44E-06,20360730327,7.29E-06,1.91234E+11,1.23E-05,3.68E-05,0.55668225,0.054553281,0.056369019,0.056369019
-75.24364077,0.03848535,17123583862,1.11E-05,14836976922,5.89E-06,2.09072E+11,1.29E-05,9.49E-06,2.811304933,0.155545023,0.191040835,0.191040835
-52.68974016,0.02990628,7994966900,1.17E-05,10419808123,1.03E-05,1.96612E+11,1.20E-05,2.94E-06,1.226357445,0.08898018,0.142776678,0.142776678
-23.78680411,0.028563503,6681986193,9.18E-06,21807106845,9.88E-06,1.94927E+11,1.24E-05,4.02E-05,1.959990667,0.045568122,0.051368993,0.051368993
-97.50655723,0.033506169,5816538513,9.58E-06,33034947781,9.22E-06,1.9352E+11,1.06E-05,2.11E-05,2.726073879,0.155446543,0.21912188,0.21912188
-39.4497911,0.024344718,9256216139,9.07E-06,13520805382,6.90E-06,2.09026E+11,1.25E-05,2.16E-05,2.340938901,0.073508149,0.082187382,0.082187382
-96.36168132,0.034964949,19234654307,1.03E-05,10883288623,8.74E-06,1.98774E+11,1.24E-05,1.23E-05,0.507777156,0.194866881,0.229059511,0.229059511
-37.8423966,0.020873555,8706881543,8.30E-06,12356487422,1.00E-05,2.09145E+11,1.14E-05,1.06E-05,0.501285726,0.064261207,0.073192884,0.073192884
-67.75691325,0.039827614,11378228397,1.02E-05,23626049539,8.25E-06,2.00203E+11,1.17E-05,1.54E-06,0.823609788,0.129831202,0.159748222,0.159748222
-91.9650203,0.02580119,14467874710,1.22E-05,16987304378,1.06E-05,1.97198E+11,1.12E-05,2.65E-05,2.557882194,0.125594742,0.259567975,0.259567975
-101.4415,0.021286679,9055635390,9.57E-06,25575585918,8.02E-06,1.90111E+11,1.16E-05,7.44E-06,0.861639588,0.16295463,0.222313437,0.222313437
-33.60218647,0.031353062,16598258278,1.02E-05,22930321093,9.55E-06,2.07045E+11,1.07E-05,4.22E-05,1.346546888,0.051849881,0.079996796,0.079996796
-119.9014601,0.026652079,11226490069,1.14E-05,19564306412,1.08E-05,2.0702E+11,1.12E-05,4.04E-05,0.683764815,0.183145716,0.315148462,0.315148462
-60.96586308,0.025969063,9369113769,8.48E-06,19156062988,8.48E-06,2.04157E+11,1.28E-05,2.23E-05,2.281224775,0.122437232,0.120872203,0.122437232
-50.9146259,0.028958464,12933610724,1.15E-05,10024030870,1.09E-05,2.03201E+11,1.14E-05,2.31E-06,0.527331947,0.081786874,0.135618519,0.135618519
-37.9981164,0.030798027,8207888485,9.38E-06,17620155542,9.57E-06,1.93681E+11,1.15E-05,1.04E-05,0.739366775,0.068297178,0.083104678,0.083104678
-61.99603578,0.023977848,5697099821,1.11E-05,31691478704,9.25E-06,2.02956E+11,1.15E-05,1.49E-05,0.730522508,0.094726651,0.157462293,0.157462293
-71.34088822,0.038492469,16258655826,9.73E-06,10000657355,9.41E-06,1.90314E+11,1.15E-05,1.37E-06,0.76284532,0.134196856,0.162073933,0.162073933
-73.46993655,0.020871743,12631890421,9.68E-06,32745230903,9.58E-06,2.08557E+11,1.25E-05,7.67E-06,2.884751158,0.126695088,0.165756992,0.165756992
-119.4729677,0.022129011,5175899066,1.20E-05,14602930824,9.79E-06,1.90146E+11,1.17E-05,1.43E-06,0.841955882,0.172351591,0.327141993,0.327141993
-86.61900919,0.033724592,18561837956,1.11E-05,27833659488,9.88E-06,1.95907E+11,1.27E-05,1.21E-05,2.602837671,0.16895377,0.224046885,0.224046885
-83.14946504,0.020645472,13585254193,1.30E-05,16195334742,8.90E-06,2.01333E+11,1.08E-05,2.11E-06,1.748531741,0.088471909,0.238352967,0.238352967
-20.02250109,0.035382204,13984670965,1.25E-05,39830954128,9.37E-06,1.97108E+11,1.05E-05,2.68E-06,1.736197431,0.028424852,0.057911499,0.057911499
-77.29213355,0.023923358,19646397481,1.13E-05,36613514369,1.10E-05,1.97542E+11,1.14E-05,5.90E-06,2.82363189,0.111139336,0.203364681,0.203364681
-91.56703423,0.037648484,14908776980,8.87E-06,34115176707,8.99E-06,1.95091E+11,1.09E-05,1.22E-05,1.029760988,0.164297549,0.19061921,0.19061921
-25.74825211,0.038662372,12867038365,1.13E-05,28026253767,1.10E-05,1.96559E+11,1.23E-05,1.70E-06,1.008607038,0.050517177,0.067867627,0.067867627
-59.0556295,0.03363762,7000019771,1.22E-05,12537873174,9.02E-06,1.94434E+11,1.09E-05,3.55E-05,0.518297332,0.092036864,0.164939211,0.164939211
-101.2144196,0.022500717,8551385510,1.25E-05,14611928520,6.86E-06,2.05933E+11,1.26E-05,4.17E-06,1.458878911,0.158157491,0.285022242,0.285022242
-76.65906478,0.037265758,14879315112,1.08E-05,10606418829,1.06E-05,2.01644E+11,1.24E-05,9.63E-06,0.962744368,0.152380895,0.193356407,0.193356407
-84.72936426,0.03144434,14246226249,1.10E-05,13492246233,8.48E-06,1.95299E+11,1.17E-05,2.13E-06,2.283961002,0.144249642,0.214477936,0.214477936
-36.51311747,0.021409394,13908279193,9.91E-06,22014444600,1.03E-05,1.93038E+11,1.26E-05,1.30E-05,1.45514493,0.064154983,0.084396405,0.084396405
-32.47265806,0.020632381,13362418067,8.40E-06,14359417828,8.59E-06,2.04549E+11,1.15E-05,1.58E-06,0.742576629,0.054616726,0.06316023,0.06316023
-29.71801869,0.033363908,12230475629,1.15E-05,36328729549,5.71E-06,1.96357E+11,1.24E-05,1.61E-06,1.260021103,0.0555549,0.077251358,0.077251358
-59.73808223,0.022229115,11624089738,8.27E-06,17003775440,8.50E-06,2.03951E+11,1.11E-05,1.32E-05,2.052618057,0.096054087,0.115359322,0.115359322
-32.04015765,0.031484155,14318748687,9.70E-06,10585280835,9.35E-06,2.00718E+11,1.21E-05,4.04E-05,2.188338004,0.059759715,0.072768817,0.072768817
-58.5359282,0.026969126,8354654293,8.55E-06,10480257429,1.05E-05,1.90836E+11,1.20E-05,1.25E-05,1.427237226,0.109228786,0.118755801,0.118755801
-51.77482956,0.039536517,8601569279,8.99E-06,36124043355,8.95E-06,2.04719E+11,1.26E-05,2.60E-05,1.435597616,0.112004233,0.109437893,0.112004233
-72.24138314,0.02919078,5258297589,8.66E-06,10758745299,8.45E-06,1.95582E+11,1.20E-05,2.41E-06,1.141679706,0.137741891,0.145814024,0.145814024
-99.88086824,0.030254657,11078140252,8.69E-06,12047982767,8.09E-06,2.09729E+11,1.19E-05,2.52E-05,0.98599592,0.190863704,0.201420918,0.201420918
-66.05081773,0.0307594,9030734575,9.00E-06,12918901194,6.07E-06,1.968E+11,1.06E-05,3.59E-05,1.02380372,0.107365022,0.135844294,0.135844294
-64.3012792,0.026558565,7752333959,1.29E-05,16912946962,1.10E-05,2.04046E+11,1.24E-05,4.16E-06,2.487158867,0.10221294,0.191612169,0.191612169
-32.87374483,0.037987473,10936039568,1.18E-05,34501756890,1.10E-05,2.03775E+11,1.13E-05,3.59E-05,0.792445857,0.056400137,0.090558504,0.090558504
-92.00230554,0.035100021,8360715827,1.21E-05,32912463750,1.03E-05,2.01771E+11,1.13E-05,3.13E-06,0.677469194,0.153686283,0.256163671,0.256163671
-91.28162423,0.024495616,5507555770,1.00E-05,38715205320,7.30E-06,1.91182E+11,1.28E-05,1.86E-05,0.628062688,0.176265379,0.207060673,0.207060673
-75.51074652,0.032481088,5105581734,1.23E-05,33157998250,1.10E-05,1.93242E+11,1.11E-05,1.63E-05,0.957827785,0.114820145,0.215880256,0.215880256
-67.35143564,0.03740444,8122714061,9.33E-06,30689566171,6.72E-06,2.08232E+11,1.22E-05,3.56E-05,1.123129051,0.137135339,0.144669124,0.144669124
-58.99189399,0.027452577,8709768079,1.13E-05,16435555058,1.10E-05,1.97625E+11,1.11E-05,8.58E-06,1.614722859,0.086280554,0.15613143,0.15613143
-95.02593668,0.03761504,5618938668,1.07E-05,30741335432,9.37E-06,2.06649E+11,1.16E-05,8.14E-06,1.167712168,0.173774791,0.235778371,0.235778371
-33.9234228,0.027125884,5988576790,1.27E-05,11753898419,7.76E-06,2.0293E+11,1.23E-05,3.83E-05,2.201921935,0.05415407,0.098034963,0.098034963
-80.54580792,0.031178572,19049310406,1.25E-05,13282947778,1.10E-05,2.07632E+11,1.16E-05,1.40E-06,0.827802403,0.129500399,0.232200947,0.232200947
-57.46541631,0.037049657,9225037167,8.16E-06,20593668868,8.25E-06,2.09889E+11,1.19E-05,1.35E-06,1.402109832,0.116554449,0.110210042,0.116554449
-109.4264209,0.028964489,6486308842,1.08E-05,17916324989,1.01E-05,2.09689E+11,1.06E-05,1.42E-06,0.702835481,0.162674643,0.273047855,0.273047855
-85.3889471,0.022828673,8811071775,1.20E-05,25284776934,1.10E-05,2.03508E+11,1.21E-05,3.13E-05,1.032551142,0.130539478,0.236241369,0.236241369
-81.66682902,0.027881969,8064519930,8.78E-06,11442715166,9.92E-06,2.04416E+11,1.20E-05,1.14E-05,1.535308262,0.153244596,0.169043087,0.169043087
-42.51658659,0.034129464,7515848337,8.22E-06,16538760214,6.59E-06,2.03026E+11,1.25E-05,3.64E-05,2.489413493,0.089159175,0.081121704,0.089159175
-25.26002718,0.028504201,10306270268,1.26E-05,19009648352,9.36E-06,2.04699E+11,1.22E-05,6.30E-06,1.076563913,0.04143913,0.073021943,0.073021943
-51.24773995,0.025038717,13448533723,1.15E-05,16981783091,7.39E-06,1.9491E+11,1.20E-05,9.59E-06,1.569990279,0.081517979,0.134212864,0.134212864
-84.81909516,0.021306419,19112328972,1.04E-05,12685362329,5.63E-06,2.06444E+11,1.12E-05,2.45E-05,1.754956491,0.119252929,0.198757,0.198757
-110.0617652,0.038869717,7563926172,1.17E-05,10108501117,7.40E-06,2.08339E+11,1.19E-05,1.87E-05,2.505136578,0.201623394,0.29550986,0.29550986
-65.82192902,0.033703201,10230228042,1.10E-05,17268169243,6.00E-06,2.04658E+11,1.27E-05,1.41E-05,1.162422961,0.12956269,0.164213759,0.164213759
-53.55347138,0.029767719,14806615403,1.02E-05,11049222432,6.49E-06,1.9301E+11,1.28E-05,2.70E-06,0.91583878,0.106139348,0.123816718,0.123816718
-116.2959643,0.034330523,13925159447,9.08E-06,21280340294,9.19E-06,1.92118E+11,1.22E-05,1.08E-06,2.785675171,0.230386677,0.24855157,0.24855157
-54.32507886,0.026987068,6124119135,1.25E-05,11111689426,7.25E-06,2.05523E+11,1.28E-05,1.86E-05,1.02496495,0.095244601,0.153563503,0.153563503
-45.61632403,0.025072278,11134861065,1.15E-05,37600560327,8.33E-06,2.03962E+11,1.21E-05,7.60E-06,0.90818999,0.074656304,0.119502378,0.119502378
-110.6062181,0.036780617,9426038155,1.29E-05,22613819616,1.10E-05,1.94127E+11,1.14E-05,1.07E-05,0.511038323,0.187673398,0.328060105,0.328060105
-90.80655675,0.039298041,12507131426,8.87E-06,38581877970,8.45E-06,1.92064E+11,1.26E-05,8.33E-06,0.981573746,0.196697967,0.188403022,0.196697967
-26.33794851,0.026430181,15040034738,1.25E-05,15352341417,5.57E-06,2.04677E+11,1.15E-05,3.43E-06,1.583831489,0.037931629,0.073741274,0.073741274
-37.53205175,0.026506986,7140158714,9.22E-06,39454489170,5.47E-06,2.00006E+11,1.11E-05,1.94E-06,1.740778093,0.060805357,0.078574672,0.078574672
-20.80735156,0.025033302,6109158527,1.04E-05,14418317124,8.99E-06,1.9112E+11,1.16E-05,3.75E-06,0.813141668,0.033856206,0.049825502,0.049825502
-89.0532679,0.03538377,6499517346,1.19E-05,12434483931,1.10E-05,2.09475E+11,1.28E-05,7.44E-06,2.915803533,0.171499838,0.24871599,0.24871599
-36.17959775,0.02093389,16478563562,8.26E-06,10601935912,1.09E-05,2.04667E+11,1.23E-05,1.40E-05,1.30707349,0.066620048,0.070977815,0.070977815
-22.44866391,0.027748948,17247244981,1.07E-05,23504110293,7.81E-06,1.90625E+11,1.15E-05,1.70E-06,1.286718657,0.036005118,0.055023133,0.055023133
-77.14106939,0.035442703,10377681665,8.20E-06,12612823641,6.64E-06,1.92136E+11,1.11E-05,3.84E-06,0.563234922,0.144289433,0.145371028,0.145371028
-70.17965169,0.039898976,12160940653,1.19E-05,34808498111,5.48E-06,1.99866E+11,1.16E-05,7.80E-06,1.048910856,0.125174978,0.189738468,0.189738468
-26.88980949,0.024210247,16057287680,8.67E-06,11064387136,8.98E-06,1.9632E+11,1.19E-05,2.14E-06,2.794505315,0.047438584,0.054606327,0.054606327
-79.26337655,0.028141786,7714985361,1.21E-05,12959223307,6.25E-06,1.9742E+11,1.27E-05,5.12E-06,0.581687065,0.145516529,0.214958941,0.214958941
-96.37629483,0.021885319,6821474367,1.29E-05,10446466262,9.54E-06,1.99126E+11,1.09E-05,1.33E-06,0.697394513,0.114227231,0.279568832,0.279568832
-114.3871746,0.036874872,5844712492,1.28E-05,15734789177,9.86E-06,1.91636E+11,1.10E-05,2.88E-05,1.281796384,0.177990646,0.338585249,0.338585249
-45.69413043,0.034989122,5267898034,1.13E-05,31649325419,1.10E-05,2.0122E+11,1.27E-05,9.46E-06,0.625907011,0.092042453,0.119931348,0.119931348
-101.3195567,0.03756834,5634467810,8.04E-06,22003790086,6.89E-06,1.95202E+11,1.18E-05,2.32E-05,1.06221039,0.206500561,0.189116586,0.206500561
-95.84282044,0.034552044,8647120500,1.30E-05,19599629125,8.91E-06,1.92941E+11,1.09E-05,1.53E-05,1.999485698,0.139489252,0.285972205,0.285972205
-113.6029358,0.031345145,5171042844,8.22E-06,18049486608,7.93E-06,2.05049E+11,1.20E-05,2.01E-05,1.207387016,0.224024771,0.217669205,0.224024771
-62.56741008,0.022563852,13899842671,9.23E-06,15670308435,9.44E-06,1.95213E+11,1.24E-05,1.59E-06,0.676687177,0.116259008,0.133656608,0.133656608
-102.2099838,0.032089943,13998323699,1.22E-05,33883662753,7.84E-06,2.0171E+11,1.20E-05,1.84E-05,0.516392065,0.181354961,0.281874709,0.281874709
-60.34484804,0.032142618,15317386383,8.74E-06,13560632283,1.03E-05,1.97384E+11,1.07E-05,4.37E-06,0.885304454,0.10176981,0.124575139,0.124575139
-80.0112709,0.036487213,18636598907,1.11E-05,10732585101,9.14E-06,1.99849E+11,1.06E-05,5.28E-06,0.66049664,0.12761282,0.204322872,0.204322872
-76.8093144,0.039899772,9294501695,9.64E-06,29871070766,9.54E-06,2.07691E+11,1.18E-05,3.36E-05,1.947702724,0.148922111,0.174316352,0.174316352
-41.00348747,0.035697266,10724550095,1.09E-05,14871012346,8.51E-06,1.94711E+11,1.15E-05,9.20E-06,2.738487047,0.071150015,0.103486764,0.103486764
-92.34253292,0.032000184,5219059547,9.62E-06,11229540177,6.49E-06,2.09661E+11,1.19E-05,2.36E-06,0.588549007,0.176377857,0.201903552,0.201903552
-77.01652281,0.036624631,12633207627,1.09E-05,10073705662,1.07E-05,1.93827E+11,1.17E-05,4.95E-06,1.149888889,0.139267665,0.196112488,0.196112488
-27.70361872,0.026051024,18155293612,1.05E-05,29362057115,1.07E-05,2.09197E+11,1.20E-05,1.54E-06,0.829182457,0.047872886,0.067888961,0.067888961
-45.18995827,0.033180856,16886366632,8.98E-06,19337259518,9.46E-06,1.98634E+11,1.16E-05,4.63E-05,0.647788397,0.085146196,0.09477616,0.09477616
-48.68313649,0.036457501,7669470913,9.78E-06,12125922029,9.41E-06,2.00972E+11,1.18E-05,9.45E-06,0.516465958,0.094195389,0.11041549,0.11041549
-35.68566004,0.024760382,17633216370,1.04E-05,36917128184,5.10E-06,2.0243E+11,1.14E-05,8.84E-06,0.866004926,0.056355887,0.083265479,0.083265479
-61.08325471,0.033926904,14697144783,1.12E-05,12067238137,1.10E-05,1.93857E+11,1.10E-05,2.12E-05,2.11446879,0.096325047,0.161159741,0.161159741
-27.33749733,0.024583953,10283215192,1.04E-05,15617393710,6.22E-06,2.03266E+11,1.18E-05,1.45E-05,1.456127247,0.044396989,0.064723803,0.064723803
-74.7715557,0.029148604,12608457697,8.91E-06,21455172779,9.16E-06,2.05984E+11,1.25E-05,6.78E-06,1.574470522,0.147825279,0.156108805,0.156108805
-58.90773037,0.022819733,6540164140,8.30E-06,10578891864,8.48E-06,2.02153E+11,1.29E-05,1.21E-05,0.522623537,0.12198414,0.112745211,0.12198414
-38.66329157,0.03084169,8048687423,9.13E-06,21646208016,9.02E-06,1.91493E+11,1.20E-05,1.12E-06,0.678498016,0.07433357,0.081998131,0.081998131
-65.08597955,0.037054758,16393697418,8.01E-06,32224749112,8.24E-06,2.0983E+11,1.10E-05,3.86E-06,2.46498333,0.118758156,0.122976008,0.122976008
-52.20617824,0.029026733,9268949461,1.09E-05,12524206903,1.10E-05,2.08778E+11,1.12E-05,1.89E-05,1.7576615,0.081008814,0.132789116,0.132789116
-21.44175735,0.022512092,15695435562,8.24E-06,26385271105,8.25E-06,1.98366E+11,1.14E-05,4.21E-05,0.790618523,0.036505651,0.040915314,0.040915314
-86.80622392,0.031503618,5829793031,8.19E-06,14423816429,5.58E-06,1.989E+11,1.26E-05,4.16E-06,2.358558658,0.182085901,0.16316142,0.182085901
-83.49762388,0.020705733,6836701420,1.24E-05,38510005068,8.86E-06,1.95844E+11,1.22E-05,1.41E-05,2.419662053,0.117026233,0.236981793,0.236981793
-23.64756453,0.033013359,18568313205,9.43E-06,39127039174,9.96E-06,2.07397E+11,1.29E-05,1.12E-06,0.935791978,0.049851212,0.052303466,0.052303466
-107.5445144,0.028967561,19559076151,1.12E-05,20130285917,8.84E-06,1.98654E+11,1.12E-05,4.61E-05,0.586290466,0.170843481,0.274590038,0.274590038
-49.21664128,0.036462894,12972298503,1.03E-05,34009093590,8.50E-06,1.99029E+11,1.26E-05,8.46E-06,1.448052655,0.100271299,0.117259008,0.117259008
-87.45144525,0.02311647,7465771974,1.12E-05,26054191478,5.22E-06,2.09684E+11,1.29E-05,1.15E-06,0.794499404,0.156877227,0.217942775,0.217942775
-31.48662049,0.023717578,17229842477,1.26E-05,29042072019,8.65E-06,1.98964E+11,1.27E-05,3.61E-06,0.577777551,0.052822349,0.089628393,0.089628393
-49.3952828,0.027711358,11457548696,1.00E-05,34801859725,6.11E-06,2.07024E+11,1.09E-05,4.41E-05,1.64744001,0.07598287,0.112924163,0.112924163
-89.24891792,0.031879788,11710074369,1.21E-05,11364741305,8.13E-06,2.01004E+11,1.08E-05,6.06E-06,2.72463871,0.127985539,0.247784394,0.247784394
-33.99176623,0.024010628,15169619111,8.54E-06,17329966366,6.49E-06,1.90251E+11,1.27E-05,1.45E-06,0.799503628,0.068043708,0.066198467,0.068043708
-58.28607045,0.024106091,5076412906,9.36E-06,10185464850,5.94E-06,2.02501E+11,1.30E-05,1.12E-06,2.265872217,0.113432293,0.124224663,0.124224663
-68.37296056,0.031197609,7711694325,8.41E-06,15317323959,8.02E-06,1.99197E+11,1.17E-05,1.66E-06,2.11036439,0.128009957,0.134442967,0.134442967
-118.8467284,0.038983311,5000239303,8.73E-06,24485060108,5.86E-06,2.00613E+11,1.18E-05,4.91E-05,0.690687705,0.239518453,0.237283979,0.239518453
-81.82166937,0.029573111,9778864837,9.71E-06,10180938432,9.33E-06,2.0281E+11,1.30E-05,6.34E-06,2.006919904,0.166034218,0.185518613,0.185518613
-75.10625149,0.035244964,8262745597,9.34E-06,38844545521,1.08E-05,1.95936E+11,1.16E-05,3.83E-05,1.679630562,0.139783494,0.166606976,0.166606976
-47.80152579,0.032079036,5647264687,1.16E-05,15277089160,1.10E-05,1.9874E+11,1.18E-05,3.53E-06,0.566517808,0.083328316,0.128769619,0.128769619
-61.51899649,0.029946868,5509547547,1.30E-05,17565922752,7.83E-06,1.93269E+11,1.14E-05,4.64E-05,0.852688274,0.092024693,0.18076572,0.18076572
-105.465748,0.024676713,10923736412,9.96E-06,23559004463,1.02E-05,2.03127E+11,1.13E-05,2.33E-05,1.957948292,0.163840543,0.245659002,0.245659002
-104.2536976,0.03100873,14830504434,9.93E-06,39470679347,9.27E-06,2.07141E+11,1.25E-05,1.51E-06,0.641470323,0.206957888,0.23949067,0.23949067
-109.8102088,0.039294612,5560699446,9.86E-06,10920284729,6.02E-06,2.0683E+11,1.12E-05,2.86E-06,2.978338581,0.196412696,0.248840241,0.248840241
-115.9938718,0.035400727,7927051526,9.91E-06,17277870284,1.02E-05,1.92044E+11,1.22E-05,2.81E-06,0.705005433,0.232078487,0.268717217,0.268717217
-88.74341458,0.031408075,6103536042,1.28E-05,27105335931,8.72E-06,2.0784E+11,1.08E-05,1.56E-06,0.812429489,0.125841852,0.258794131,0.258794131
-20.13775689,0.034776783,5006672128,1.29E-05,30288301414,8.32E-06,1.95607E+11,1.19E-05,1.22E-05,1.779939264,0.033691334,0.059779688,0.059779688
-53.09056326,0.03258402,11013550227,9.95E-06,28824344482,1.03E-05,1.91952E+11,1.22E-05,2.95E-06,1.396905024,0.10103508,0.124070989,0.124070989
-104.3738384,0.023239627,11697846003,1.13E-05,38010408399,9.62E-06,2.03837E+11,1.19E-05,1.11E-06,1.6174825,0.159780135,0.271018306,0.271018306
-42.03154545,0.031639847,16655329553,1.22E-05,36535961443,6.27E-06,1.92926E+11,1.29E-05,1.03E-06,1.175964126,0.07977246,0.11635874,0.11635874
-77.46243679,0.03006465,5039337299,1.18E-05,10749042534,7.84E-06,2.0241E+11,1.22E-05,4.31E-05,1.385000377,0.133430492,0.208275354,0.208275354
-83.40440646,0.028282003,19609675381,1.19E-05,17800462557,5.78E-06,2.05211E+11,1.28E-05,4.39E-06,1.133023499,0.15133921,0.224287504,0.224287504
-103.8693873,0.022835238,13322647777,1.24E-05,29461136135,6.92E-06,1.96501E+11,1.10E-05,2.61E-06,0.50696346,0.138153833,0.286923143,0.286923143
-33.54189089,0.033495099,7602637801,1.09E-05,39767013874,5.96E-06,1.93642E+11,1.08E-05,3.17E-06,2.638383286,0.052130227,0.083193096,0.083193096
-114.5086699,0.027407859,8232698876,1.23E-05,22142961516,9.10E-06,2.05616E+11,1.29E-05,4.55E-06,0.573790973,0.212349412,0.320025965,0.320025965
-109.0128911,0.034455742,16821507851,1.15E-05,32012289494,6.00E-06,2.06895E+11,1.17E-05,2.75E-05,2.286965687,0.185929119,0.286452379,0.286452379
-49.79731772,0.021906741,13070220813,8.14E-06,12388239005,9.94E-06,1.9022E+11,1.24E-05,3.57E-05,1.608428227,0.094601265,0.095812095,0.095812095
-39.75995145,0.032742234,10610296825,9.21E-06,32994805925,7.22E-06,2.06606E+11,1.16E-05,2.37E-05,0.831589577,0.074017462,0.084194487,0.084194487
-110.7968054,0.039719886,17654898188,1.30E-05,18101370751,6.59E-06,1.93531E+11,1.13E-05,2.58E-05,0.538009766,0.188487102,0.324200881,0.324200881
-30.40093908,0.039730765,9176258082,1.02E-05,37730124537,5.26E-06,2.06043E+11,1.05E-05,1.44E-06,2.195708344,0.049531333,0.070674439,0.070674439
-64.61044895,0.023665375,9430624732,8.12E-06,15552799663,8.47E-06,1.92739E+11,1.26E-05,2.04E-05,2.108488272,0.12696263,0.122724009,0.12696263
-108.2334335,0.027147036,8293889477,1.21E-05,30204027334,6.28E-06,1.92984E+11,1.12E-05,4.46E-05,1.384629999,0.155186066,0.295878293,0.295878293
-57.40343835,0.024152217,5112877586,1.13E-05,29263179268,9.76E-06,1.98202E+11,1.11E-05,4.45E-06,0.661482502,0.082224412,0.148644653,0.148644653
-68.33483693,0.022858913,14810018899,1.14E-05,24676963162,5.69E-06,2.06627E+11,1.18E-05,2.81E-05,1.177056986,0.103374938,0.174924192,0.174924192
-68.56937857,0.039141272,5499906718,1.18E-05,26890962809,9.15E-06,1.95106E+11,1.23E-05,2.42E-06,2.302811378,0.130540411,0.187350902,0.187350902
-101.7096641,0.020754924,5388395759,1.24E-05,26077187658,1.10E-05,2.06436E+11,1.09E-05,1.51E-05,0.769966386,0.121307484,0.289449321,0.289449321
-51.39559547,0.038409164,5827340384,1.27E-05,18587530415,1.10E-05,2.09096E+11,1.07E-05,2.47E-06,0.989102529,0.07865076,0.151351253,0.151351253
-51.90269036,0.022553039,15702972932,9.18E-06,12258444261,8.83E-06,2.04505E+11,1.20E-05,4.97E-05,0.737488827,0.091119432,0.109960429,0.109960429
-118.4526718,0.034196845,12979973188,1.13E-05,17213925949,1.10E-05,1.9105E+11,1.27E-05,4.56E-05,0.510350151,0.239214945,0.309354094,0.309354094
-98.45856182,0.021038447,9006841655,1.24E-05,35339833868,1.10E-05,1.9943E+11,1.08E-05,5.25E-06,0.56861863,0.118499327,0.279423071,0.279423071
-118.908725,0.035728077,8100196195,1.15E-05,29405176180,7.73E-06,1.9922E+11,1.13E-05,1.38E-06,2.741443821,0.197012054,0.315426797,0.315426797
-57.80513071,0.029727294,6010758986,1.14E-05,10069739069,1.06E-05,2.08463E+11,1.07E-05,5.85E-06,1.919379721,0.082648802,0.153356703,0.153356703
-48.97034327,0.032715961,8971561703,1.06E-05,14318048053,8.22E-06,1.91025E+11,1.13E-05,1.02E-06,0.904585037,0.083130008,0.119274473,0.119274473
-115.0327239,0.024022874,5520381493,1.30E-05,21875905512,1.08E-05,2.00633E+11,1.08E-05,7.39E-06,2.300226225,0.133590463,0.337658798,0.337658798
-119.8195516,0.039074016,15238807850,1.19E-05,31138538332,1.10E-05,1.96006E+11,1.11E-05,1.36E-05,0.938497212,0.202732854,0.331501162,0.331501162
-48.56061373,0.03769964,6570629254,8.73E-06,20220389045,5.48E-06,1.92475E+11,1.07E-05,2.02E-06,2.490888641,0.084450936,0.097376498,0.097376498
-26.46791411,0.038563812,19016791620,8.08E-06,10610187331,1.02E-05,2.01457E+11,1.12E-05,2.70E-05,2.167654745,0.050141978,0.051290052,0.051290052
-78.10251711,0.02039777,7949531347,1.15E-05,17283928793,9.37E-06,2.00174E+11,1.08E-05,2.45E-05,1.175282555,0.09518569,0.206211621,0.206211621
-64.45784145,0.023924456,9766265501,1.03E-05,16797985472,9.05E-06,1.98615E+11,1.05E-05,1.97E-05,2.047272886,0.086324947,0.153141704,0.153141704
-106.1558091,0.025217111,13648075850,1.12E-05,11078003435,8.52E-06,1.97038E+11,1.22E-05,2.63E-06,0.81213119,0.179918014,0.271015522,0.271015522
-73.02694116,0.024522093,15385393470,1.14E-05,21769574656,6.03E-06,1.93487E+11,1.26E-05,4.52E-05,1.840007582,0.124295457,0.187348715,0.187348715
-28.81420847,0.02975194,8878144981,8.41E-06,11148102927,8.03E-06,1.99925E+11,1.13E-05,1.15E-06,1.679106548,0.050876868,0.056546076,0.056546076
-52.78082903,0.032323854,6625153917,1.25E-05,14621027910,8.51E-06,2.0016E+11,1.14E-05,1.41E-05,0.742204049,0.083769006,0.150159545,0.150159545
-117.5491991,0.027671483,14899742665,1.25E-05,26382621842,6.03E-06,2.02302E+11,1.11E-05,1.30E-06,2.677201845,0.159527622,0.332802333,0.332802333
-50.15108617,0.026084787,7578464952,9.63E-06,19984617563,9.59E-06,1.93001E+11,1.09E-05,5.75E-06,2.906647447,0.075691164,0.112962434,0.112962434
-104.6431271,0.029848689,7050853506,8.26E-06,27334462448,8.50E-06,2.08861E+11,1.28E-05,2.77E-06,0.995075973,0.223455978,0.202018839,0.223455978
-24.20149186,0.022610899,19154241595,8.18E-06,27329636215,6.20E-06,2.05605E+11,1.17E-05,2.18E-05,0.685121362,0.043245084,0.045034515,0.045034515
-94.81154384,0.037540148,17744358852,8.17E-06,10806063761,1.06E-05,2.07358E+11,1.14E-05,1.95E-06,0.65638317,0.185441704,0.18412542,0.185441704
-78.65038919,0.020983837,8467581592,8.95E-06,27858997023,8.76E-06,1.90539E+11,1.14E-05,4.65E-06,1.087236398,0.125603934,0.163056904,0.163056904
-51.50060953,0.034325778,6742035320,1.00E-05,14247589824,9.66E-06,1.92999E+11,1.29E-05,2.39E-05,1.23056385,0.10776473,0.120552264,0.120552264
-25.06453731,0.031106347,15782267809,1.07E-05,21461408507,1.10E-05,1.96242E+11,1.26E-05,2.94E-05,1.258715264,0.04805393,0.062961952,0.062961952
-64.18953772,0.037305642,12232131885,8.49E-06,15733520689,8.51E-06,1.96508E+11,1.15E-05,4.48E-06,0.539575704,0.126184871,0.126805909,0.126805909
-95.07873517,0.027027852,14238661106,8.28E-06,36015327772,7.96E-06,2.02689E+11,1.12E-05,9.92E-06,0.561807922,0.168254733,0.181437173,0.181437173
-66.79457091,0.034927536,8254111424,1.02E-05,18614814691,5.55E-06,2.05574E+11,1.16E-05,3.42E-05,1.746347074,0.120264973,0.154839474,0.154839474
-61.65468595,0.02632685,16239371039,8.59E-06,12382828153,5.15E-06,2.0483E+11,1.12E-05,3.07E-05,2.120847264,0.103475992,0.120443467,0.120443467
-64.30398535,0.02491069,5313202839,1.03E-05,27710815870,6.27E-06,1.95755E+11,1.19E-05,2.66E-05,1.652771119,0.10662289,0.150230464,0.150230464
-31.83683324,0.039075422,14670434299,8.49E-06,31995765313,1.02E-05,2.02125E+11,1.22E-05,2.68E-05,1.358749817,0.066640342,0.064383227,0.066640342
-112.1813017,0.025102467,5652465080,8.96E-06,20704020973,5.96E-06,2.01136E+11,1.23E-05,2.09E-06,1.501993865,0.210173752,0.228914221,0.228914221
-52.19094875,0.034286094,12201844634,1.20E-05,37341330292,7.12E-06,1.91977E+11,1.08E-05,3.38E-05,0.620317237,0.080815899,0.141765266,0.141765266
-49.31281662,0.024976464,8780635408,8.66E-06,24652159471,6.67E-06,2.03365E+11,1.13E-05,2.85E-06,1.158388472,0.083024282,0.09788526,0.09788526
-60.10220993,0.037327365,7383978219,9.67E-06,13749757527,5.59E-06,2.00424E+11,1.18E-05,1.35E-05,0.676434089,0.11684329,0.132008315,0.132008315
-82.03275616,0.022585367,5385731585,8.46E-06,29836561570,5.93E-06,1.97583E+11,1.19E-05,3.44E-05,0.52568505,0.150956436,0.156431087,0.156431087
-42.30289653,0.036115472,17260227196,1.14E-05,11447337529,7.36E-06,1.95226E+11,1.08E-05,4.42E-05,0.601661496,0.068198268,0.10955895,0.10955895
-55.0800945,0.020039287,6562522919,9.17E-06,18394586576,8.42E-06,1.96923E+11,1.14E-05,5.96E-06,2.227192139,0.084781086,0.11693054,0.11693054
-56.03043541,0.023180413,6098115088,8.13E-06,24789648534,8.50E-06,2.09749E+11,1.14E-05,3.90E-06,0.845083668,0.097091692,0.105908741,0.105908741
-113.7496126,0.036476473,6622356958,1.14E-05,14091618094,1.10E-05,2.02224E+11,1.19E-05,4.62E-05,1.429565419,0.205725686,0.304242177,0.304242177
-29.13725671,0.03365949,7984511243,1.08E-05,36968152514,6.75E-06,1.92527E+11,1.10E-05,1.02E-05,0.663314581,0.0480428,0.071228191,0.071228191
-116.7408169,0.036759529,5436028763,1.12E-05,10577764755,7.95E-06,1.93412E+11,1.20E-05,1.76E-06,0.537875271,0.223120674,0.298427875,0.298427875
-59.52897152,0.02119259,19229799881,9.71E-06,11885547795,9.54E-06,2.08893E+11,1.16E-05,2.22E-05,0.517506742,0.096899072,0.132829251,0.132829251
-97.78535131,0.02540664,6299843322,9.17E-06,10147947892,5.67E-06,1.9617E+11,1.19E-05,7.03E-06,1.137219906,0.174045445,0.203351947,0.203351947
-45.44659416,0.023270459,6429771273,1.06E-05,34831750167,8.59E-06,2.09112E+11,1.25E-05,8.19E-06,1.811506593,0.078280965,0.110694149,0.110694149
-45.84150024,0.024415127,14788789078,1.28E-05,38303172721,8.39E-06,1.9614E+11,1.28E-05,1.20E-05,1.557186029,0.074475283,0.133556645,0.133556645
-36.55410481,0.031032431,12319760925,1.14E-05,13274501020,6.61E-06,2.0285E+11,1.15E-05,1.12E-05,0.562785598,0.061154188,0.094283633,0.094283633
-92.27068965,0.030751863,5097201016,1.25E-05,13390925074,5.02E-06,1.99869E+11,1.11E-05,4.04E-06,1.037265674,0.136653873,0.257993118,0.257993118
-118.1503145,0.026699058,5289594574,9.88E-06,19133315959,5.67E-06,2.08363E+11,1.11E-05,6.28E-06,1.109189567,0.187036297,0.264149979,0.264149979
-106.8625464,0.02334874,10118868557,9.95E-06,15894661332,6.47E-06,2.09857E+11,1.14E-05,1.04E-06,0.500531256,0.172682604,0.23890022,0.23890022
-109.7388538,0.03255022,15528073326,1.07E-05,17877036314,1.07E-05,2.00375E+11,1.18E-05,9.80E-06,2.157669052,0.193795999,0.275585718,0.275585718
-64.44300438,0.027432944,6506436743,8.33E-06,12881031735,9.77E-06,1.98036E+11,1.11E-05,2.35E-06,1.206938377,0.109717755,0.12664411,0.12664411
-20.22195031,0.030192944,16019218836,9.99E-06,10771308866,7.54E-06,2.05824E+11,1.12E-05,3.63E-05,1.868236359,0.033357699,0.046570505,0.046570505
-61.59974726,0.03368022,16834402361,1.21E-05,19418900007,1.10E-05,1.9725E+11,1.09E-05,2.08E-06,0.727815916,0.094328347,0.172662869,0.172662869
-39.04558684,0.036850848,5951290026,1.04E-05,19488585778,6.99E-06,2.00087E+11,1.16E-05,4.13E-05,2.717654182,0.070410653,0.093515755,0.093515755
-41.71683008,0.037753001,11176188837,1.04E-05,30219165302,5.08E-06,1.9907E+11,1.15E-05,2.96E-06,0.939510791,0.076519198,0.098141944,0.098141944
-32.49354263,0.026154722,6766542880,9.71E-06,16013100584,9.22E-06,1.92605E+11,1.23E-05,2.59E-06,1.473673753,0.059467653,0.073369398,0.073369398
-103.5897979,0.028853487,7291620712,1.08E-05,27227524458,6.02E-06,2.06969E+11,1.07E-05,2.06E-05,0.768660981,0.15504266,0.251356033,0.251356033
-81.53440038,0.031614172,6442327313,1.22E-05,18139148237,9.84E-06,2.01705E+11,1.21E-05,3.95E-06,0.57280186,0.143871683,0.22715561,0.22715561
-49.34650244,0.033204442,19620813167,1.11E-05,20123415285,5.90E-06,1.98586E+11,1.23E-05,3.18E-06,2.476029489,0.090680232,0.124785474,0.124785474
-102.1361182,0.02816967,12082836276,1.18E-05,12993518598,5.84E-06,1.96678E+11,1.10E-05,8.96E-06,1.848605651,0.144980258,0.273245147,0.273245147
-41.71436413,0.038279871,10955096370,1.12E-05,10462412839,1.07E-05,1.9584E+11,1.09E-05,2.07E-06,0.709359185,0.070281222,0.108686733,0.108686733
-80.31024083,0.039115612,14466849326,1.11E-05,15905397648,1.10E-05,2.03193E+11,1.12E-05,1.33E-05,1.983117665,0.137229811,0.209889532,0.209889532
-104.4261108,0.025132178,8013651599,9.82E-06,10717081868,9.69E-06,2.08067E+11,1.09E-05,2.48E-05,1.198969716,0.157921881,0.238484682,0.238484682
-63.70519476,0.031073136,16912221381,8.98E-06,12124874853,8.00E-06,2.06192E+11,1.06E-05,1.47E-05,1.14775791,0.103285787,0.132740988,0.132740988
-30.23453972,0.036838248,13513555979,8.42E-06,17856623651,6.60E-06,1.97181E+11,1.08E-05,2.78E-05,0.84407623,0.053985286,0.058707293,0.058707293
-32.86402581,0.035942493,16078294943,1.16E-05,33759132998,8.64E-06,1.96088E+11,1.09E-05,1.31E-06,2.197734765,0.051790764,0.087967767,0.087967767
-57.04226148,0.022643596,8236107552,1.01E-05,23392435111,9.68E-06,2.00301E+11,1.20E-05,1.21E-05,2.325001271,0.0936808,0.133870439,0.133870439
-39.47696145,0.022495928,17778582159,9.84E-06,37002981028,6.54E-06,2.03547E+11,1.27E-05,9.53E-06,2.027442385,0.071044276,0.088461479,0.088461479
-69.55726597,0.021929731,5933775537,9.19E-06,14245466883,8.88E-06,1.95925E+11,1.28E-05,2.44E-06,1.027116803,0.132996956,0.148008287,0.148008287
-110.7951898,0.032080854,6069559302,1.19E-05,30018365801,1.10E-05,1.98374E+11,1.20E-05,2.80E-05,1.380217651,0.191535898,0.306140049,0.306140049
-93.94619849,0.037770838,6770572970,1.22E-05,19077553990,1.08E-05,2.05282E+11,1.07E-05,2.85E-06,2.305464805,0.141753564,0.268607621,0.268607621
-109.3294098,0.03805036,15397077712,9.99E-06,15724257244,1.05E-05,1.91758E+11,1.06E-05,3.12E-06,0.625479155,0.184213333,0.255695076,0.255695076
-61.19350888,0.025569968,5330217571,1.02E-05,34913774285,9.83E-06,1.95061E+11,1.16E-05,3.13E-05,2.021175446,0.099376422,0.145120895,0.145120895
-86.96547668,0.03984013,9185124412,1.24E-05,15423239412,9.84E-06,2.04557E+11,1.23E-05,1.01E-05,2.547965076,0.163704796,0.250579877,0.250579877
-71.08994,0.036522777,10066765671,8.36E-06,38923600178,8.15E-06,1.99285E+11,1.09E-05,1.25E-05,0.650074964,0.130348466,0.13838949,0.13838949
-88.10758543,0.030841163,13120590083,8.42E-06,19734982555,9.70E-06,2.09486E+11,1.20E-05,4.55E-05,1.596849269,0.170572549,0.175515153,0.175515153
-58.89661639,0.020757875,10278271923,1.17E-05,23037633003,1.10E-05,2.08767E+11,1.22E-05,6.04E-06,1.207397192,0.088807162,0.159135711,0.159135711
-42.1415405,0.037916601,13352169243,8.15E-06,35939256149,7.97E-06,1.95122E+11,1.11E-05,1.28E-06,1.320338788,0.078915182,0.080576244,0.080576244
-24.71181049,0.039810756,15209469723,1.09E-05,22000277559,1.10E-05,2.00452E+11,1.13E-05,1.66E-06,0.535819686,0.044828287,0.06309479,0.06309479
-49.97654422,0.037873501,16887032053,8.95E-06,15652706340,9.22E-06,1.90767E+11,1.29E-05,9.85E-06,1.490056818,0.110322876,0.105386259,0.110322876
-67.15936202,0.029879716,6027703205,9.68E-06,36342406714,5.85E-06,2.02694E+11,1.06E-05,1.73E-05,0.618414032,0.106736488,0.146948435,0.146948435
-37.68956735,0.038259108,5707353022,9.27E-06,14380227599,5.65E-06,2.00882E+11,1.18E-05,7.11E-06,0.654093542,0.074544922,0.079534253,0.079534253
-86.57570669,0.020670875,8040571240,8.88E-06,16768973422,7.58E-06,2.00714E+11,1.23E-05,5.55E-06,0.718788762,0.156783372,0.175753882,0.175753882
-40.71909368,0.035854788,9803907344,1.27E-05,22242079555,1.10E-05,1.99804E+11,1.10E-05,8.50E-06,0.97779507,0.062585474,0.120355007,0.120355007
-68.04950623,0.034145191,19053136079,1.06E-05,10412989035,5.59E-06,1.94329E+11,1.21E-05,2.76E-06,0.975017724,0.129197687,0.162699805,0.162699805
-88.5120275,0.025678752,8059086317,9.58E-06,24282001915,8.66E-06,2.03155E+11,1.12E-05,1.36E-06,1.762460263,0.140641746,0.19669011,0.19669011
-102.888584,0.030044756,12078884431,9.03E-06,23070565887,5.56E-06,2.06662E+11,1.10E-05,6.40E-06,0.987162649,0.173260283,0.211137076,0.211137076
-85.55603822,0.021600167,13773977491,8.28E-06,30384349529,8.02E-06,1.99757E+11,1.05E-05,7.43E-06,1.787471379,0.125608186,0.164618241,0.164618241
-110.4589699,0.030495438,9294708039,8.17E-06,18134062956,9.18E-06,1.97235E+11,1.16E-05,7.80E-06,0.603061867,0.211821991,0.211085062,0.211821991
-25.3120315,0.021598532,10470769142,1.30E-05,28115119410,6.37E-06,2.0364E+11,1.25E-05,3.03E-05,1.519606769,0.037109746,0.073789558,0.073789558
-89.22460531,0.03438258,17510906221,1.06E-05,27121147991,7.28E-06,1.96453E+11,1.07E-05,5.27E-06,1.734009413,0.13998883,0.218374189,0.218374189
-90.44622614,0.029445413,12555589873,1.18E-05,10836403052,9.41E-06,1.90966E+11,1.16E-05,5.72E-06,2.148307084,0.14298325,0.245944818,0.245944818
-98.9558946,0.02787623,10160182105,8.97E-06,18110661532,7.42E-06,1.99445E+11,1.15E-05,2.04E-05,1.76391816,0.17255835,0.205011803,0.205011803
-93.4423698,0.022222829,7778093933,1.13E-05,39271067148,1.10E-05,2.0327E+11,1.15E-05,1.29E-06,1.701685446,0.13222395,0.245703653,0.245703653
-113.2326996,0.034463282,8035816925,1.20E-05,10263921414,7.04E-06,1.99003E+11,1.17E-05,9.75E-06,1.359737986,0.192644464,0.308781462,0.308781462
-98.1201443,0.036852536,5907055054,1.15E-05,23575492284,1.03E-05,1.95947E+11,1.23E-05,1.53E-05,0.961255921,0.187818825,0.261980465,0.261980465
-89.96388454,0.02128018,5244823759,1.24E-05,12698610183,1.04E-05,1.99857E+11,1.21E-05,1.45E-05,0.592424465,0.134213592,0.253585558,0.253585558
-52.7369229,0.020865097,16034852037,8.02E-06,16733494308,9.66E-06,1.94106E+11,1.29E-05,5.75E-06,1.170593323,0.105107382,0.099540247,0.105107382
-31.77963804,0.030132262,12095560836,9.07E-06,22576214873,1.08E-05,2.08296E+11,1.11E-05,1.64E-06,1.482883064,0.053949128,0.068348494,0.068348494
-46.94289768,0.024634109,6121188683,8.24E-06,25268237752,1.03E-05,2.06952E+11,1.07E-05,2.98E-05,0.795937805,0.075037973,0.091326611,0.091326611
-29.13884434,0.021220799,7479544047,9.90E-06,27987770402,9.55E-06,1.96709E+11,1.20E-05,1.85E-05,1.076028086,0.048146419,0.066787212,0.066787212
-111.8403641,0.031454817,9764828989,1.25E-05,11327816008,8.16E-06,1.90354E+11,1.26E-05,2.50E-06,2.753097869,0.198086382,0.321251062,0.321251062
-57.76329157,0.029478534,8604345907,1.30E-05,27795773794,7.64E-06,1.99803E+11,1.12E-05,1.32E-06,2.289139318,0.080772719,0.170612811,0.170612811
-24.62697472,0.037971163,9800955055,1.15E-05,24322431819,7.43E-06,2.03141E+11,1.06E-05,1.93E-05,2.205778555,0.037921618,0.065176444,0.065176444
-76.33423767,0.023337219,7936612169,1.11E-05,21515750100,5.60E-06,2.07504E+11,1.07E-05,2.28E-05,1.176279935,0.100581233,0.190413711,0.190413711
-26.95366428,0.03123955,8251907358,1.08E-05,20116224655,9.52E-06,2.08798E+11,1.13E-05,1.32E-06,2.814700282,0.043450334,0.067566752,0.067566752
-57.0621937,0.030866604,10881044025,1.14E-05,15571704824,5.25E-06,1.97819E+11,1.16E-05,8.43E-06,1.382406126,0.09340389,0.146832518,0.146832518
-28.28400268,0.023940655,16686762317,1.28E-05,19510390304,1.10E-05,1.91092E+11,1.22E-05,5.51E-06,1.729622625,0.04170924,0.083743776,0.083743776
-59.89673069,0.028631315,9952161682,8.27E-06,16897037155,1.02E-05,1.9189E+11,1.23E-05,2.09E-05,1.37308872,0.119553977,0.117576408,0.119553977
-117.9317572,0.020827538,10466206339,1.06E-05,12475190390,1.07E-05,1.98522E+11,1.20E-05,9.08E-06,0.539910583,0.19119477,0.288426584,0.288426584
-61.88505119,0.038060492,5783599136,9.90E-06,10344023760,7.66E-06,1.93919E+11,1.06E-05,1.87E-06,0.776288893,0.104162719,0.141180781,0.141180781
-66.59777284,0.031512263,8108790649,1.23E-05,39946825197,6.95E-06,2.05527E+11,1.21E-05,1.58E-05,0.555301401,0.11706286,0.18440959,0.18440959
-63.59639314,0.038543848,5320837239,9.94E-06,10946698266,6.20E-06,1.94748E+11,1.11E-05,1.51E-06,0.696984235,0.114132455,0.14411476,0.14411476
-52.78596675,0.03948534,13449964753,9.97E-06,17472448654,1.04E-05,2.09063E+11,1.10E-05,5.31E-06,0.755173287,0.094243216,0.123556803,0.123556803
-105.7560343,0.028881059,9303989414,1.02E-05,31423421035,1.01E-05,2.01055E+11,1.14E-05,2.35E-05,0.887693273,0.177386007,0.250078933,0.250078933
-32.70838543,0.023104269,18918297981,1.19E-05,11745187506,5.21E-06,2.09704E+11,1.19E-05,1.81E-06,1.347703532,0.048404798,0.087279327,0.087279327
-77.09034119,0.031184919,10359692614,1.03E-05,31552656799,8.47E-06,1.94904E+11,1.20E-05,7.41E-06,0.668094126,0.142549774,0.181842062,0.181842062
-82.66093668,0.021606663,17898166957,1.30E-05,37650402808,9.19E-06,1.97516E+11,1.18E-05,1.56E-06,2.058028734,0.107996032,0.244979548,0.244979548
-87.82635721,0.029288988,8453204011,1.12E-05,14654341251,1.10E-05,1.93729E+11,1.06E-05,2.96E-06,1.095679198,0.125345379,0.229747196,0.229747196
-30.53617591,0.029757998,5880182731,1.27E-05,27869663852,6.47E-06,1.99588E+11,1.29E-05,3.45E-05,0.903385314,0.055685354,0.087388255,0.087388255
-50.40971826,0.022143876,19793857522,9.75E-06,19988097293,1.04E-05,2.09795E+11,1.11E-05,2.42E-05,2.987138178,0.073605366,0.115284738,0.115284738
-117.4660633,0.03507446,9945752949,8.72E-06,17109021517,6.70E-06,1.98443E+11,1.23E-05,7.07E-06,1.664074643,0.240992506,0.236837484,0.240992506
-116.3333131,0.035631379,11577144120,1.13E-05,24858080657,8.24E-06,1.96951E+11,1.15E-05,3.98E-06,2.55992339,0.197475144,0.303599233,0.303599233
-119.2542452,0.022458149,14586290612,9.21E-06,12081977212,8.87E-06,2.05901E+11,1.23E-05,8.62E-06,1.937928604,0.212706164,0.255177369,0.255177369
-109.0176203,0.028688392,13267604250,1.14E-05,20724671860,1.10E-05,2.05481E+11,1.10E-05,1.05E-06,1.635444294,0.158650582,0.291016989,0.291016989
-101.1254082,0.025075212,12889548925,8.83E-06,25670638319,1.00E-05,1.98822E+11,1.15E-05,2.81E-06,1.394010947,0.173088094,0.210128543,0.210128543
-81.69725737,0.03371644,6791288702,9.81E-06,11690566545,1.01E-05,1.93197E+11,1.21E-05,2.42E-06,0.630110396,0.160404514,0.186905494,0.186905494
-29.92631176,0.028820487,7574600036,9.02E-06,12059630978,7.00E-06,2.06776E+11,1.10E-05,1.73E-05,2.293868635,0.049002233,0.062309383,0.062309383
-25.12173634,0.032255195,10939728738,9.52E-06,19087552717,8.73E-06,1.99347E+11,1.18E-05,1.26E-06,1.036446555,0.046719008,0.055594669,0.055594669
-109.6611597,0.028527248,5775209537,9.32E-06,10833882509,9.09E-06,2.03827E+11,1.05E-05,7.23E-06,0.601758862,0.17299214,0.236482025,0.236482025
-93.38800388,0.024832315,8375287328,9.12E-06,25980787683,9.37E-06,1.94598E+11,1.26E-05,1.73E-06,0.909258255,0.181387658,0.198125996,0.198125996
-36.63358895,0.024548755,8133040278,1.08E-05,39397244603,1.10E-05,1.91437E+11,1.14E-05,6.42E-06,0.710229606,0.056812145,0.091403165,0.091403165
-23.52892254,0.024349672,6868574867,9.87E-06,12069221381,8.22E-06,1.99476E+11,1.14E-05,1.49E-05,1.702264103,0.036814174,0.053575042,0.053575042
-71.05316049,0.030262156,18869631850,8.62E-06,14737864800,8.18E-06,1.90683E+11,1.26E-05,1.51E-05,0.643653959,0.148300181,0.141798315,0.148300181
-74.70952129,0.030062701,13173468205,1.25E-05,25908915803,7.38E-06,1.96996E+11,1.28E-05,5.00E-06,0.7343605,0.138418422,0.211283768,0.211283768
-93.43760147,0.03831727,18270244230,9.31E-06,18095605062,7.26E-06,2.04808E+11,1.23E-05,2.45E-06,1.820461419,0.192476087,0.201781691,0.201781691
-85.21251295,0.030963271,19358697045,1.27E-05,36683995799,8.96E-06,2.04587E+11,1.16E-05,2.62E-06,2.712443408,0.130569013,0.249822432,0.249822432
-97.09383412,0.029509049,7677197608,1.04E-05,10010071165,9.98E-06,2.03753E+11,1.23E-05,2.86E-05,2.820692914,0.176817359,0.23707752,0.23707752
-109.5865034,0.032263207,15662438228,8.83E-06,39100361018,5.51E-06,2.07048E+11,1.25E-05,4.69E-06,0.695690662,0.228209534,0.219562191,0.228209534
-116.1749652,0.023455221,8461297957,8.72E-06,17378243051,7.32E-06,2.0541E+11,1.13E-05,1.68E-05,1.377159942,0.192059113,0.233309327,0.233309327
-107.1541325,0.032862926,9227863725,8.56E-06,12935153183,8.80E-06,1.97165E+11,1.07E-05,1.26E-06,0.567427078,0.186011982,0.213417984,0.213417984
-110.7425991,0.020409745,17533710198,9.92E-06,21795179694,7.11E-06,1.91801E+11,1.24E-05,4.99E-06,1.171955965,0.188263746,0.249862091,0.249862091
-38.42327472,0.034240638,8163009665,9.91E-06,29619849958,9.73E-06,1.93178E+11,1.10E-05,1.63E-05,0.530410734,0.066331063,0.088387718,0.088387718
-86.44131081,0.021485732,16139868389,1.14E-05,23347267074,1.10E-05,2.00102E+11,1.09E-05,1.69E-06,1.35700503,0.10915597,0.229286564,0.229286564
-95.55226598,0.034313197,6285081492,8.47E-06,15339948014,9.81E-06,1.93713E+11,1.24E-05,1.41E-05,1.402950754,0.198103968,0.191750878,0.198103968
-37.02956283,0.035813296,7187354334,1.21E-05,16618261661,5.18E-06,1.94193E+11,1.17E-05,1.74E-06,2.86514838,0.063025863,0.101893381,0.101893381
-84.20490845,0.030909137,7022267165,1.18E-05,38059458970,9.75E-06,2.01125E+11,1.17E-05,2.85E-05,1.695112302,0.13703254,0.229824215,0.229824215
-45.30099911,0.039430426,19886883400,9.27E-06,19317796084,9.65E-06,2.039E+11,1.23E-05,1.08E-05,1.917447325,0.093963543,0.099241783,0.099241783
-119.646605,0.020160365,19008959623,8.66E-06,36159744747,8.98E-06,2.06847E+11,1.22E-05,1.00E-06,0.857105042,0.215397095,0.240158158,0.240158158
-53.71013904,0.034780205,17980909014,1.26E-05,10857905838,6.00E-06,2.08235E+11,1.22E-05,3.18E-06,1.603896021,0.094483096,0.153371944,0.153371944
-27.18925328,0.030296873,19243286021,1.26E-05,30656567703,1.09E-05,1.9786E+11,1.20E-05,6.02E-06,1.254370155,0.044765458,0.079098039,0.079098039
-49.54305425,0.028693464,6234963759,1.04E-05,24748485258,8.41E-06,1.93139E+11,1.22E-05,4.27E-06,1.09965072,0.090392526,0.118481659,0.118481659
-21.86547823,0.030455162,11850366753,9.23E-06,17926356782,5.49E-06,1.96101E+11,1.08E-05,9.26E-06,0.870698193,0.035738689,0.045764304,0.045764304
-116.9869759,0.025848626,17264383455,1.05E-05,28607273052,1.03E-05,2.09008E+11,1.10E-05,4.40E-06,2.656448004,0.170303029,0.287546262,0.287546262
-73.26132991,0.02577725,5894173107,1.02E-05,13739155367,9.91E-06,1.99006E+11,1.17E-05,9.86E-06,0.662456733,0.123679313,0.172363208,0.172363208
-59.44307521,0.022173949,5593134448,1.21E-05,15726459051,1.10E-05,2.00388E+11,1.24E-05,3.89E-05,0.945361739,0.093305675,0.165380797,0.165380797
-76.90811726,0.020701785,5598581088,8.91E-06,13056601954,8.95E-06,2.01838E+11,1.09E-05,1.32E-05,1.818418578,0.112682697,0.15955594,0.15955594
-57.88165762,0.020665917,6816253117,1.20E-05,16709472769,8.51E-06,2.08674E+11,1.24E-05,4.16E-05,2.463553932,0.086176424,0.158318688,0.158318688
-69.43321504,0.030285929,11714667706,1.20E-05,14725014253,6.60E-06,1.90156E+11,1.09E-05,1.00E-05,1.089961849,0.100772415,0.188333046,0.188333046
-101.4818257,0.031795349,11593801871,1.07E-05,13043682054,1.08E-05,2.02394E+11,1.30E-05,1.99E-06,2.87995982,0.201041253,0.256216252,0.256216252
-66.99074745,0.030598328,15844504008,9.71E-06,18759777890,1.08E-05,1.91789E+11,1.09E-05,1.10E-06,1.472965205,0.107637382,0.153398961,0.153398961
-114.7710081,0.025726604,5757695536,8.95E-06,12228592760,7.33E-06,1.96134E+11,1.08E-05,5.82E-06,0.942592424,0.181792896,0.235758233,0.235758233
-21.78079817,0.020255554,18705333968,1.04E-05,15546827960,9.66E-06,1.90504E+11,1.06E-05,4.16E-06,0.937827043,0.028185338,0.052212181,0.052212181
-23.17480864,0.020906582,18535710843,9.30E-06,10032411669,9.22E-06,1.91583E+11,1.07E-05,1.92E-06,1.41280443,0.032657031,0.050084381,0.050084381
-46.44728609,0.035692089,13146770894,1.08E-05,35363558001,1.09E-05,2.07865E+11,1.08E-05,4.96E-06,0.846176439,0.075884666,0.117022382,0.117022382
-55.80633064,0.025911384,5475052624,1.06E-05,27050996241,7.69E-06,2.062E+11,1.14E-05,1.85E-06,0.837534995,0.08826705,0.134643148,0.134643148
-103.4685688,0.031457224,10625920179,1.14E-05,17894550451,5.21E-06,2.05591E+11,1.15E-05,1.73E-06,1.128062831,0.17166549,0.264766184,0.264766184
-30.34975349,0.0201753,5121961519,9.74E-06,13388376263,9.07E-06,1.99155E+11,1.20E-05,5.50E-06,2.088472766,0.048983776,0.068457029,0.068457029
-55.78238403,0.02382321,9211490624,1.04E-05,27741465394,5.81E-06,2.00229E+11,1.26E-05,3.82E-06,1.77697578,0.098700144,0.131593933,0.131593933
-94.53550115,0.026782321,14402287174,1.20E-05,15266338388,5.47E-06,1.99226E+11,1.18E-05,1.19E-05,1.565671114,0.146487971,0.25482518,0.25482518
-54.84755288,0.039424744,6885498307,1.05E-05,12874460754,1.04E-05,2.02288E+11,1.20E-05,4.29E-06,0.973921745,0.106459278,0.135188073,0.135188073
-118.2162216,0.033959214,19626739581,1.26E-05,39850861777,7.12E-06,2.0974E+11,1.11E-05,1.64E-06,2.320317926,0.178869848,0.341218054,0.341218054
-49.56846161,0.028939778,11361199824,1.10E-05,23151483303,1.10E-05,1.9604E+11,1.21E-05,4.46E-05,0.536143016,0.089302542,0.125923628,0.125923628
-44.21095294,0.038287711,13084965682,1.30E-05,20189362415,9.46E-06,1.98114E+11,1.17E-05,1.29E-05,1.046177314,0.076174552,0.132321901,0.132321901
-110.017594,0.022662812,9485863407,1.07E-05,35325453009,5.98E-06,1.99551E+11,1.13E-05,1.48E-05,1.484612106,0.160308354,0.265938569,0.265938569
-102.3348482,0.031520408,14790021125,1.21E-05,13074736748,5.33E-06,1.90213E+11,1.14E-05,2.75E-05,1.036511553,0.162226978,0.277402752,0.277402752
-103.8536929,0.031679416,11856992454,1.25E-05,21904415167,7.35E-06,1.96875E+11,1.26E-05,1.37E-05,0.736810194,0.190939877,0.294311821,0.294311821
-111.0546422,0.026826155,11977527295,1.03E-05,10118753077,6.23E-06,2.09229E+11,1.07E-05,1.65E-05,2.090781804,0.159658653,0.260182052,0.260182052
-64.16233717,0.024625061,11927347654,1.12E-05,35269494516,6.88E-06,2.06768E+11,1.26E-05,1.02E-06,2.64204806,0.109972463,0.163844652,0.163844652
-45.05766527,0.024229842,6882718077,1.12E-05,11051040709,8.75E-06,2.02574E+11,1.06E-05,8.96E-06,1.593506308,0.058359708,0.115484933,0.115484933
-23.3140547,0.034969465,13052578857,1.07E-05,27517044160,8.00E-06,1.92331E+11,1.08E-05,1.02E-06,1.16574854,0.037229697,0.057490327,0.057490327
-105.9014677,0.028556726,16992194662,1.05E-05,29908921577,6.71E-06,1.94267E+11,1.15E-05,5.13E-06,1.045366592,0.174984226,0.252710069,0.252710069
-30.39998257,0.0320971,10039046568,1.05E-05,15229017426,1.07E-05,1.9187E+11,1.12E-05,1.23E-05,0.680928719,0.05132737,0.074384887,0.074384887
-21.3662098,0.037865346,17679055141,9.26E-06,25340634505,8.03E-06,2.05371E+11,1.12E-05,1.23E-06,0.593803216,0.039514684,0.045745598,0.045745598
-111.2951927,0.036258815,17696216836,1.14E-05,19261633949,9.17E-06,2.09846E+11,1.06E-05,9.45E-06,0.632185338,0.175591664,0.292531371,0.292531371
-42.91912297,0.034262721,19046722165,1.27E-05,20028705536,8.37E-06,2.02358E+11,1.17E-05,2.59E-05,1.989172257,0.069853525,0.125159692,0.125159692
-81.294994,0.033950059,11566858403,1.04E-05,10590516950,5.40E-06,2.09836E+11,1.16E-05,1.50E-06,1.215793212,0.14511706,0.192124929,0.192124929
-68.65523967,0.036268932,5681167710,1.11E-05,33933032045,5.60E-06,1.98596E+11,1.07E-05,2.42E-06,2.782080603,0.107245736,0.173696923,0.173696923
-74.85635831,0.036074165,10858153959,1.04E-05,21305707470,1.05E-05,2.05095E+11,1.14E-05,4.62E-06,0.748884584,0.134502061,0.181925185,0.181925185
-44.35359653,0.034734223,19967386862,1.09E-05,36290177543,1.10E-05,2.05188E+11,1.11E-05,2.53E-05,0.802599793,0.07391863,0.113349911,0.113349911
-89.67245258,0.02707266,15778544247,8.37E-06,27719386140,5.03E-06,1.96321E+11,1.13E-05,1.73E-06,2.023201393,0.155059541,0.170648035,0.170648035
-100.7895495,0.037545967,11382372697,9.88E-06,19187553608,9.97E-06,2.05602E+11,1.23E-05,2.86E-06,0.941330343,0.205240568,0.233467425,0.233467425
-48.06439221,0.031404171,11383665306,8.17E-06,19402802711,7.68E-06,1.95489E+11,1.21E-05,3.02E-06,1.040383066,0.096424662,0.091410035,0.096424662
-117.84735,0.031826511,15961341725,8.30E-06,31477611173,8.11E-06,2.09328E+11,1.13E-05,1.96E-05,1.718645023,0.213234284,0.228853349,0.228853349
-91.41886975,0.038605684,10840606825,9.30E-06,27236096127,1.07E-05,1.95291E+11,1.29E-05,1.14E-06,0.8012451,0.202405955,0.20074797,0.202405955
-64.63488026,0.02890657,19794969175,1.08E-05,10365503725,1.07E-05,2.08645E+11,1.23E-05,3.11E-06,1.792558971,0.116168288,0.162883218,0.162883218
-48.05694093,0.022882482,11287997850,1.19E-05,24963108516,1.10E-05,2.0955E+11,1.18E-05,1.97E-05,0.761607452,0.071730483,0.131789386,0.131789386
-111.8105203,0.034025665,9810791203,1.22E-05,13943003658,7.62E-06,1.99437E+11,1.26E-05,6.77E-06,0.695014317,0.21372182,0.30986732,0.30986732
-115.5395489,0.025001878,9318148582,1.04E-05,23279147747,5.04E-06,2.05861E+11,1.26E-05,1.24E-05,2.050947608,0.208828046,0.270096306,0.270096306
-111.2623138,0.03156431,5147447939,1.08E-05,18013692390,7.84E-06,1.91717E+11,1.16E-05,1.58E-05,1.037590135,0.191824396,0.275518911,0.275518911
-77.0827237,0.0306194,10012321876,1.07E-05,27790762099,1.07E-05,2.06383E+11,1.30E-05,1.16E-05,1.11914703,0.153691305,0.192999805,0.192999805
-99.05238853,0.025638773,15367890150,1.12E-05,18935052155,1.08E-05,1.99855E+11,1.15E-05,2.33E-05,0.695745056,0.156608736,0.255650098,0.255650098
-76.40296579,0.030508919,5209104492,1.02E-05,16496791019,1.00E-05,2.05978E+11,1.15E-05,1.87E-06,0.610109484,0.133123993,0.180518844,0.180518844
-38.79080383,0.036969995,13841584989,8.83E-06,11264332700,8.45E-06,1.96447E+11,1.22E-05,2.63E-05,0.503461646,0.081423976,0.079433936,0.081423976
-73.86074818,0.035318563,6696616018,8.85E-06,20430443492,1.06E-05,1.96764E+11,1.11E-05,1.15E-05,2.801774639,0.131095913,0.155842291,0.155842291
-102.8597613,0.038596969,11046616727,1.29E-05,23519779701,1.10E-05,2.02435E+11,1.26E-05,1.66E-05,0.99997816,0.197693537,0.308423449,0.308423449
-56.57652691,0.034421717,6786087840,1.02E-05,33202856036,9.45E-06,1.98619E+11,1.27E-05,5.61E-06,2.317141344,0.113433682,0.135474584,0.135474584
-72.3204167,0.028614808,15559525398,1.29E-05,32579550161,1.00E-05,2.05507E+11,1.30E-05,4.91E-06,0.758178507,0.131293522,0.213356062,0.213356062
-74.47242352,0.031912237,14118983445,9.02E-06,35564518344,9.57E-06,2.05623E+11,1.13E-05,2.77E-05,1.356665885,0.132656283,0.157905336,0.157905336
-28.02837425,0.032769028,11773431776,1.24E-05,14325627755,7.76E-06,1.95375E+11,1.12E-05,3.50E-05,1.401096156,0.042954325,0.079326767,0.079326767
-35.6908049,0.024327728,5031902730,1.12E-05,25218001846,9.73E-06,1.94774E+11,1.23E-05,3.17E-05,2.359745874,0.05839768,0.092314942,0.092314942
-60.5781413,0.021311247,5257521130,1.02E-05,29776478863,5.40E-06,1.93311E+11,1.13E-05,6.05E-06,1.631829958,0.088468892,0.139252908,0.139252908
-48.74982197,0.032072142,11099183229,1.06E-05,24834759375,8.87E-06,2.08209E+11,1.26E-05,5.69E-06,1.480508351,0.094142952,0.119461735,0.119461735
-72.81821429,0.035252911,18502407409,8.39E-06,27186616026,8.55E-06,1.96722E+11,1.09E-05,1.46E-06,2.392751339,0.12900755,0.143943334,0.143943334
-29.86069136,0.02510623,11475764954,1.26E-05,27811831507,5.03E-06,1.98389E+11,1.06E-05,1.90E-05,0.921693545,0.036434521,0.08345721,0.08345721
-73.39716274,0.031250716,5809392345,9.73E-06,18212272398,9.51E-06,2.00828E+11,1.12E-05,2.02E-06,0.736407651,0.125442257,0.166092654,0.166092654
-87.54254255,0.031035264,6227972810,9.69E-06,26454729431,5.27E-06,2.07328E+11,1.26E-05,2.32E-05,1.031759817,0.17500016,0.192008713,0.192008713
-38.02984442,0.023202379,11817506754,1.21E-05,37940157833,5.84E-06,2.00132E+11,1.24E-05,1.74E-05,2.612859599,0.058829093,0.103959968,0.103959968
-99.86009915,0.038075483,13315706133,1.28E-05,10446710450,1.10E-05,2.00086E+11,1.25E-05,1.80E-05,0.850563481,0.190578575,0.296762827,0.296762827
-40.4372364,0.037354298,17180241925,1.29E-05,10880245382,7.60E-06,1.91773E+11,1.22E-05,7.23E-06,2.241151722,0.072459155,0.119259417,0.119259417
-72.19753897,0.030172462,11637541162,8.28E-06,12082807021,6.06E-06,1.94488E+11,1.08E-05,2.78E-06,2.194819912,0.121295505,0.137549256,0.137549256
-58.14631261,0.028467765,17195228914,1.23E-05,39164607829,1.10E-05,1.91411E+11,1.21E-05,5.87E-06,0.793543394,0.097120097,0.164995282,0.164995282
-22.42063335,0.031732697,13107730169,1.25E-05,15926872844,1.02E-05,2.04877E+11,1.25E-05,1.01E-06,1.316595926,0.039786911,0.06475754,0.06475754
-60.81918791,0.036421265,16195707175,1.27E-05,30181684443,1.10E-05,2.06932E+11,1.25E-05,2.58E-06,0.92851538,0.114815903,0.179860782,0.179860782
-47.9994566,0.034231859,19831253665,1.05E-05,24716442676,9.94E-06,2.07996E+11,1.20E-05,1.07E-06,0.896961624,0.089715997,0.117812259,0.117812259
-37.33001861,0.03988919,13815064104,1.10E-05,13671564277,1.02E-05,1.98813E+11,1.12E-05,6.43E-06,0.968522514,0.066029808,0.095784786,0.095784786
-65.23576184,0.023693564,8502867259,1.02E-05,13408181174,5.29E-06,1.93213E+11,1.06E-05,8.44E-06,1.070748347,0.090260462,0.148886617,0.148886617
-61.99370023,0.022546469,17716220293,1.26E-05,10948797015,1.10E-05,1.90854E+11,1.25E-05,9.78E-06,0.813428431,0.096780543,0.17889649,0.17889649
-66.250783,0.030068732,8741783638,1.16E-05,12657496071,8.17E-06,2.03331E+11,1.05E-05,1.50E-06,0.604114328,0.094953682,0.174598808,0.174598808
-55.98994903,0.034448125,12432395066,8.88E-06,15320203941,6.79E-06,1.96458E+11,1.20E-05,4.58E-05,0.519787355,0.112352991,0.113659266,0.113659266
-90.64820007,0.035706849,5041627611,1.25E-05,10551289082,1.10E-05,1.94982E+11,1.15E-05,1.30E-05,0.581750351,0.153701642,0.262762973,0.262762973
-48.781507,0.027315883,9934548247,1.21E-05,38561209300,5.10E-06,1.98161E+11,1.26E-05,5.77E-06,1.331310502,0.083713114,0.132720739,0.132720739
-111.5229855,0.022615528,14510637283,8.37E-06,13158856910,8.54E-06,1.92052E+11,1.28E-05,1.07E-06,0.810658515,0.22275829,0.216265443,0.22275829
-50.61528032,0.020282777,15695701168,8.25E-06,13905857777,6.63E-06,1.91432E+11,1.08E-05,1.90E-06,1.834221694,0.076363253,0.0957862,0.0957862
-77.52363114,0.027215369,6267838653,1.28E-05,23340270656,9.70E-06,1.99045E+11,1.13E-05,1.91E-06,1.284224774,0.10882991,0.227084399,0.227084399
-69.01192204,0.036146899,5116947760,8.91E-06,10118293846,9.35E-06,1.91703E+11,1.16E-05,2.38E-06,0.651206933,0.133521744,0.14378618,0.14378618
-48.72403539,0.020328412,11741505799,1.04E-05,38354152238,6.17E-06,1.91045E+11,1.21E-05,2.18E-05,1.968403856,0.076989514,0.114086216,0.114086216
-54.59556308,0.027668146,6549706715,8.73E-06,17760970603,8.98E-06,1.98789E+11,1.29E-05,7.65E-06,2.149865354,0.111440699,0.111809546,0.111809546
-30.71678114,0.033306051,6637954824,1.30E-05,11224448228,9.65E-06,2.0609E+11,1.13E-05,3.71E-06,1.860755,0.046275311,0.092112233,0.092112233
-61.36398801,0.020437703,9263829082,1.24E-05,12689569937,1.10E-05,2.06252E+11,1.11E-05,4.30E-06,2.527190071,0.071194149,0.176328387,0.176328387
-38.31075504,0.037687693,17313142833,1.19E-05,25704876016,1.10E-05,2.02323E+11,1.19E-05,2.53E-06,0.899748609,0.070258662,0.105943421,0.105943421
-34.28557206,0.021087949,14862761413,9.43E-06,37985406553,9.79E-06,1.91959E+11,1.15E-05,9.16E-06,2.120482398,0.053164689,0.075548971,0.075548971
-60.5345427,0.021121284,6060808705,1.29E-05,11161936908,1.10E-05,2.04575E+11,1.19E-05,2.06E-05,0.719553115,0.083440264,0.178083013,0.178083013
-103.4989181,0.030569476,6172944614,1.11E-05,35965738570,6.80E-06,1.94472E+11,1.15E-05,2.61E-06,0.751513632,0.174186517,0.260974175,0.260974175
-55.3515647,0.024138945,7249767696,1.04E-05,23809921622,1.06E-05,1.92588E+11,1.06E-05,1.23E-06,1.50080355,0.074714122,0.134633557,0.134633557
-21.55954995,0.023618937,10514187914,1.20E-05,22706615458,5.77E-06,1.92503E+11,1.15E-05,8.37E-06,0.666064105,0.031241366,0.057653976,0.057653976
-66.48340665,0.023916254,5365964769,1.19E-05,18253816649,1.06E-05,2.08398E+11,1.08E-05,2.37E-05,2.618929847,0.08366377,0.183472622,0.183472622
-63.47882953,0.033466095,7115711394,8.91E-06,26825301882,6.74E-06,2.07598E+11,1.25E-05,9.24E-06,2.378080387,0.130463749,0.130686124,0.130686124
-51.70983812,0.0231434,11996235717,1.26E-05,11702493698,5.26E-06,2.03038E+11,1.22E-05,2.53E-05,0.521818361,0.080597838,0.144122513,0.144122513
-49.89581086,0.03707314,13662372666,8.86E-06,30239829209,7.57E-06,1.94569E+11,1.18E-05,3.45E-06,1.005312874,0.098651339,0.102598579,0.102598579
-73.72611234,0.021002256,17613827158,9.84E-06,16409899717,6.08E-06,2.0475E+11,1.21E-05,2.53E-06,1.311202771,0.122754089,0.164130589,0.164130589
-49.61270443,0.024758766,13828810958,1.29E-05,24892458325,5.92E-06,1.98603E+11,1.25E-05,3.33E-05,0.692623299,0.080433606,0.142469063,0.142469063
-86.49512591,0.026180802,9833664972,1.17E-05,22396164345,6.41E-06,1.96172E+11,1.09E-05,2.74E-05,0.619749874,0.122628126,0.227677359,0.227677359
-72.1760779,0.034532176,6897131400,8.46E-06,18174352246,8.90E-06,1.97798E+11,1.16E-05,1.59E-06,2.461328147,0.136665798,0.144062771,0.144062771
-71.23395546,0.038371478,8695693505,1.15E-05,10295640132,1.10E-05,2.0025E+11,1.23E-05,2.28E-05,0.628916043,0.140640519,0.190401723,0.190401723
-77.64524695,0.021936302,7451527441,1.04E-05,14617957244,5.88E-06,2.05955E+11,1.10E-05,4.35E-06,2.705822808,0.105727403,0.183359735,0.183359735
-45.19361506,0.030827737,10776941758,8.34E-06,18079195510,6.76E-06,1.94066E+11,1.24E-05,1.08E-06,1.267405624,0.092586539,0.087027905,0.092586539
-71.30154303,0.037776515,6755368969,1.10E-05,13359175928,1.10E-05,1.90136E+11,1.08E-05,2.20E-05,1.865774901,0.114851371,0.184496262,0.184496262
-100.3970186,0.026774635,15059377928,1.10E-05,12994236280,1.07E-05,1.93797E+11,1.18E-05,4.71E-05,0.544598621,0.16997809,0.255632786,0.255632786
-63.40138546,0.021050968,15654480544,1.21E-05,36761575140,1.10E-05,1.93695E+11,1.21E-05,4.52E-05,2.788214252,0.089579595,0.17830424,0.17830424
-86.37622709,0.03964327,6924610897,1.00E-05,39147498077,1.03E-05,1.96197E+11,1.13E-05,8.09E-06,1.588503222,0.156502563,0.204118202,0.204118202
-117.0191088,0.023493711,17139733391,9.93E-06,12180596129,1.07E-05,1.97553E+11,1.10E-05,3.58E-05,1.05690183,0.173321171,0.27138518,0.27138518
-41.13053712,0.037340798,5203300686,1.20E-05,17809837095,1.10E-05,1.92161E+11,1.28E-05,2.79E-06,0.516244849,0.084064914,0.114187413,0.114187413
-113.8395483,0.030694857,16435064439,8.07E-06,11356334845,5.82E-06,1.92196E+11,1.24E-05,1.98E-05,0.923747829,0.236232765,0.210191037,0.236232765
-48.10950021,0.035819155,13417934213,8.22E-06,12946533914,8.78E-06,1.99719E+11,1.20E-05,6.54E-06,2.051973691,0.096891646,0.093407717,0.096891646
-83.32788411,0.030653136,7561240246,1.17E-05,13203279960,1.10E-05,2.06011E+11,1.08E-05,3.44E-06,0.729669219,0.123655218,0.226770047,0.226770047
-50.30805352,0.034209993,14426047368,9.80E-06,27652942949,8.21E-06,2.09419E+11,1.08E-05,7.53E-06,0.636169473,0.084289352,0.113587729,0.113587729
-105.4454629,0.022220364,10182859109,1.12E-05,15306932581,8.11E-06,1.90098E+11,1.21E-05,4.81E-05,1.415579123,0.166331589,0.268908611,0.268908611
-96.69472938,0.020786321,8756725012,1.26E-05,11393003822,5.92E-06,2.03991E+11,1.12E-05,2.09E-06,1.701067855,0.114730843,0.273618869,0.273618869
-95.99643803,0.024805406,12248498398,1.13E-05,10274059682,6.92E-06,2.06017E+11,1.14E-05,7.62E-06,1.250807806,0.14151023,0.246754447,0.246754447
-68.3335399,0.023839161,5193347402,9.93E-06,15028302006,9.48E-06,1.94419E+11,1.29E-05,6.25E-06,0.735594185,0.130795743,0.156705319,0.156705319
-41.0353569,0.036725013,13949389940,1.15E-05,13705247218,8.55E-06,2.04636E+11,1.22E-05,1.94E-06,1.282549401,0.077058504,0.109011272,0.109011272
-65.36006771,0.024126553,16498182293,1.04E-05,31874935174,1.00E-05,2.04057E+11,1.26E-05,1.77E-05,2.105161898,0.116462584,0.158462774,0.158462774
-31.60723493,0.026786,15688884808,9.43E-06,32646176445,7.92E-06,1.96541E+11,1.08E-05,1.54E-06,0.596045884,0.049853317,0.068256035,0.068256035
-72.66510725,0.025345279,14818837673,1.04E-05,10995841586,5.39E-06,1.91497E+11,1.20E-05,8.40E-06,1.254748498,0.123468015,0.169895215,0.169895215
-104.0662624,0.027367704,13620599261,9.36E-06,15942361306,9.26E-06,2.00035E+11,1.20E-05,6.15E-06,2.134392549,0.18823268,0.227686245,0.227686245
-50.74745963,0.039570242,15454196232,1.07E-05,26969285951,1.03E-05,2.0356E+11,1.11E-05,1.65E-05,1.228379348,0.087944651,0.12693676,0.12693676
-30.90767841,0.025241404,10655285238,1.04E-05,12608503535,5.98E-06,2.01847E+11,1.23E-05,2.27E-05,1.01861755,0.054739192,0.072536777,0.072536777
-104.6431435,0.026186978,18871056545,1.26E-05,14038988834,8.83E-06,2.0647E+11,1.12E-05,1.20E-05,0.965079029,0.145558773,0.300212383,0.300212383
-53.03136546,0.026590672,16233183090,1.24E-05,23355647967,8.26E-06,1.98929E+11,1.07E-05,1.68E-05,0.880663897,0.068605773,0.149649375,0.149649375
-110.3837671,0.0205226,14913901071,1.10E-05,17957115448,5.27E-06,1.93599E+11,1.06E-05,6.39E-06,1.861812147,0.132130134,0.273371615,0.273371615
-41.02818433,0.030088849,13720239804,8.77E-06,24476569295,9.04E-06,2.09656E+11,1.11E-05,1.15E-06,0.577808135,0.071822085,0.083588044,0.083588044
-59.64912602,0.037777653,7703078116,1.29E-05,11093585353,7.93E-06,1.9965E+11,1.20E-05,1.93E-05,2.015777566,0.105173919,0.176359212,0.176359212
-51.06964003,0.021603389,7221352035,8.46E-06,15778055496,8.33E-06,2.03468E+11,1.21E-05,2.02E-06,1.361436408,0.091553067,0.100379389,0.100379389
-101.3682123,0.031703257,5628418524,1.18E-05,24628369744,1.10E-05,2.0544E+11,1.20E-05,5.60E-06,1.176636314,0.175641714,0.279213926,0.279213926
-97.45153541,0.038103058,15601479267,9.13E-06,18468134267,9.55E-06,2.06503E+11,1.11E-05,6.17E-06,2.614703613,0.175825549,0.210344427,0.210344427
-107.5119767,0.037216485,6802853385,1.09E-05,17653038347,8.39E-06,1.93461E+11,1.15E-05,1.79E-05,0.580714153,0.196351282,0.269495127,0.269495127
-96.00548269,0.027559811,5636281597,8.26E-06,25984648881,7.72E-06,1.97609E+11,1.09E-05,8.57E-06,0.772698006,0.162117536,0.18335782,0.18335782
-87.286917,0.022013386,5567344929,9.62E-06,21702043652,5.32E-06,2.00027E+11,1.06E-05,9.11E-06,1.091147257,0.121376214,0.188933889,0.188933889
-48.39847276,0.020294951,8011814429,1.16E-05,15135863450,1.00E-05,1.96031E+11,1.22E-05,2.86E-06,1.524757635,0.072345877,0.129511224,0.129511224
-59.42103069,0.021565966,6412033340,9.94E-06,26551012390,8.38E-06,1.94856E+11,1.10E-05,4.68E-06,0.825104796,0.086824996,0.13522474,0.13522474
-67.31148471,0.024452133,5081208826,1.16E-05,31478150236,1.06E-05,2.07528E+11,1.11E-05,9.28E-06,2.610558722,0.091645383,0.180884613,0.180884613
-74.98013462,0.029187178,6329116131,1.20E-05,16972406545,8.19E-06,1.97572E+11,1.19E-05,1.10E-06,2.262891891,0.121259833,0.205595241,0.205595241
-95.08346593,0.023738921,18817738794,1.16E-05,33593238311,1.01E-05,2.0186E+11,1.06E-05,7.55E-06,0.979322582,0.120781776,0.25345123,0.25345123
-89.8956702,0.027988564,19161785995,1.02E-05,16967913130,5.41E-06,2.03087E+11,1.13E-05,9.13E-06,0.550736415,0.151196835,0.205208822,0.205208822
-90.92730789,0.038095986,6521400550,8.61E-06,11234212418,1.05E-05,2.05459E+11,1.09E-05,9.74E-06,1.434921453,0.162928422,0.186768051,0.186768051
-84.05592435,0.02404057,13074785794,1.23E-05,11085464876,1.10E-05,1.99846E+11,1.07E-05,2.27E-05,2.299870077,0.10009245,0.240480421,0.240480421
-41.5377427,0.032280857,5290076545,8.33E-06,28801938944,8.32E-06,1.99034E+11,1.18E-05,1.90E-06,0.507182249,0.082547064,0.080242089,0.082547064
-24.25474164,0.022707132,7312533694,9.36E-06,33840442165,5.37E-06,2.04078E+11,1.25E-05,2.01E-05,0.967336419,0.044449394,0.051129398,0.051129398
-77.92087063,0.02937237,18138009316,1.13E-05,15497289581,1.10E-05,2.05454E+11,1.07E-05,7.26E-06,0.623602379,0.115460315,0.204711893,0.204711893
-74.89870538,0.036096303,14317883421,1.19E-05,28565785735,7.40E-06,1.93102E+11,1.24E-05,1.63E-06,1.113061471,0.141375869,0.203515194,0.203515194
-116.6592777,0.020026251,7838741802,8.82E-06,22985345845,9.12E-06,1.92618E+11,1.16E-05,2.07E-06,2.733771559,0.187567827,0.2402467,0.2402467
-68.44919258,0.035502254,12062133699,1.01E-05,15982878964,8.61E-06,2.04784E+11,1.27E-05,1.36E-06,1.234889567,0.140313842,0.160734982,0.160734982
-56.51713432,0.029201308,5635231895,9.98E-06,11648433937,9.95E-06,2.0836E+11,1.10E-05,4.19E-06,1.164505266,0.090378052,0.131684764,0.131684764
-69.74307163,0.021763794,15915157369,1.19E-05,14219994972,9.47E-06,2.04628E+11,1.21E-05,3.58E-06,0.791327457,0.106492366,0.189965824,0.189965824
-36.86276449,0.020178261,6838279157,8.09E-06,17119706519,1.08E-05,1.94818E+11,1.17E-05,1.70E-05,1.783509355,0.062952964,0.07094323,0.07094323
-38.90156854,0.038848303,9450054258,8.16E-06,10593629175,9.22E-06,1.98263E+11,1.08E-05,2.77E-05,1.209847767,0.070669571,0.075205855,0.075205855
-36.40119235,0.038066072,6738106369,9.24E-06,19237917748,1.01E-05,1.95835E+11,1.13E-05,2.80E-06,1.005966538,0.067532655,0.079389738,0.079389738
-115.5107424,0.03324614,19070062305,8.04E-06,16513952289,6.17E-06,2.0414E+11,1.07E-05,2.84E-05,2.349936023,0.197999496,0.21479476,0.21479476
-55.76064882,0.037561424,15056679440,1.07E-05,12394996277,1.05E-05,2.08619E+11,1.27E-05,7.63E-06,2.167104898,0.113758486,0.1402794,0.1402794
-58.58809609,0.02403766,11723763242,9.10E-06,26723290386,7.74E-06,2.07654E+11,1.22E-05,7.70E-06,0.854336481,0.108198489,0.122388665,0.122388665
-91.66895921,0.026227021,10174516845,1.00E-05,22780582719,7.96E-06,2.00965E+11,1.12E-05,1.33E-05,0.925932022,0.146193541,0.211043242,0.211043242
-26.13345541,0.039712581,12407722810,1.03E-05,19861460752,9.84E-06,2.01166E+11,1.09E-05,5.51E-06,0.652768603,0.045826143,0.062809269,0.062809269
-81.89398034,0.023804346,19837606287,1.24E-05,31754074982,1.10E-05,1.94216E+11,1.18E-05,5.63E-06,1.374631689,0.118332045,0.23383789,0.23383789
-28.98424975,0.024984662,11505699730,1.19E-05,10624856121,7.72E-06,2.03728E+11,1.25E-05,3.81E-06,1.089364379,0.04820254,0.078546063,0.078546063
-34.22376009,0.025493827,14003031008,1.21E-05,15349385883,1.10E-05,1.99072E+11,1.19E-05,1.92E-06,1.195571641,0.052480758,0.096100988,0.096100988
-107.4951844,0.038295451,19754030626,1.15E-05,12836066548,1.10E-05,2.06678E+11,1.25E-05,2.84E-05,1.704355274,0.210941736,0.290568997,0.290568997
-31.41004013,0.028198086,9805801931,8.71E-06,21122370852,9.17E-06,1.97882E+11,1.20E-05,2.94E-05,2.428331059,0.058877252,0.064295024,0.064295024
-34.4940467,0.022284332,11293579505,1.16E-05,19195288723,7.59E-06,1.94667E+11,1.19E-05,4.93E-05,1.142314652,0.051234765,0.090647207,0.090647207
-27.51322449,0.022506883,16717465721,8.08E-06,18487986696,7.30E-06,2.01693E+11,1.10E-05,1.74E-06,2.383201123,0.043949725,0.05154806,0.05154806
-112.1038517,0.036105257,5137427282,9.77E-06,29370472942,5.11E-06,1.97216E+11,1.28E-05,3.50E-06,0.953920962,0.237738354,0.248331213,0.248331213
-112.9979933,0.035577508,16762425244,1.21E-05,31179928349,7.45E-06,2.08664E+11,1.23E-05,4.67E-05,1.328835333,0.208866626,0.311481921,0.311481921
-54.75327663,0.039733556,9122746234,8.93E-06,14696607151,8.44E-06,2.09856E+11,1.20E-05,3.11E-06,0.525569174,0.11327609,0.113545649,0.113545649
-57.65580438,0.022638141,13103633800,8.60E-06,27399923145,7.09E-06,1.91697E+11,1.30E-05,7.50E-06,0.75156738,0.116712586,0.113346065,0.116712586
-76.75348284,0.030917546,18523304932,1.07E-05,33709595654,8.28E-06,2.02187E+11,1.23E-05,1.07E-05,1.842627435,0.141418831,0.18971711,0.18971711
-101.816904,0.027000965,14862342915,1.06E-05,13885071800,8.35E-06,2.0876E+11,1.08E-05,1.23E-06,0.686067284,0.152380067,0.245958933,0.245958933
-43.91208414,0.022357953,13722315654,1.22E-05,23177656278,6.80E-06,2.06123E+11,1.22E-05,4.29E-05,2.296029502,0.064868622,0.120799737,0.120799737
-50.88780118,0.022970368,7249186058,8.29E-06,15868701780,8.27E-06,2.05736E+11,1.23E-05,8.75E-06,2.0079353,0.094998849,0.098373412,0.098373412
-22.0348666,0.028776268,13631361816,1.29E-05,31140994496,5.72E-06,2.0031E+11,1.13E-05,2.92E-05,0.967879488,0.031713313,0.063871109,0.063871109
-113.4537864,0.026125485,6368911773,1.27E-05,10466926711,9.32E-06,2.03271E+11,1.19E-05,1.11E-05,0.624694555,0.176077843,0.328866187,0.328866187
-34.41435455,0.033186292,11159286792,8.24E-06,16002981617,5.19E-06,1.9859E+11,1.29E-05,7.73E-06,0.629926662,0.076059882,0.064368389,0.076059882
-72.797186,0.033159326,8558409763,1.29E-05,18119047764,5.50E-06,2.07001E+11,1.12E-05,4.78E-06,1.314187449,0.11043436,0.211476868,0.211476868
-29.01173613,0.029841572,6462294239,1.11E-05,22295756661,7.91E-06,2.03534E+11,1.25E-05,4.18E-05,2.51245677,0.052979724,0.074287541,0.074287541
-85.91370329,0.031101012,13672630474,9.28E-06,19822672854,6.45E-06,2.05699E+11,1.20E-05,1.24E-06,2.689698634,0.161040636,0.183367274,0.183367274
-41.42700102,0.03180883,13638210284,1.25E-05,35122692468,1.10E-05,2.06122E+11,1.17E-05,8.18E-06,2.881266023,0.066135322,0.120544732,0.120544732
-111.7455971,0.026257705,6535500262,8.05E-06,19773870249,7.75E-06,2.0706E+11,1.15E-05,2.16E-06,2.564433083,0.199522927,0.209873704,0.209873704
-32.68654976,0.031262753,9700948113,8.51E-06,10871586773,8.49E-06,1.9412E+11,1.24E-05,2.98E-06,2.72937701,0.065786415,0.065297356,0.065786415
-45.76481477,0.024967841,19249690253,1.10E-05,13082034234,8.43E-06,1.9637E+11,1.09E-05,4.24E-05,1.009976197,0.064898796,0.115238508,0.115238508
-20.17551852,0.029182095,5753600123,1.02E-05,18558965134,9.80E-06,1.92073E+11,1.14E-05,1.38E-05,0.515592342,0.034368024,0.04735822,0.04735822
-59.31382006,0.038274764,14696309433,1.06E-05,11341098599,8.48E-06,2.07491E+11,1.21E-05,5.83E-06,0.591453499,0.117217586,0.144980568,0.144980568
-107.3277653,0.038470207,9282420539,9.06E-06,35616961589,5.44E-06,2.03694E+11,1.19E-05,3.09E-06,2.831919574,0.213050713,0.223220974,0.223220974
-70.98975536,0.027762037,19759694624,1.15E-05,10918500601,8.27E-06,1.91127E+11,1.10E-05,1.92E-06,2.53297592,0.102025202,0.186844115,0.186844115
-98.20969562,0.030432595,8536887338,1.00E-05,16716673551,1.01E-05,2.09801E+11,1.17E-05,4.45E-06,0.70630679,0.176318425,0.229202597,0.229202597
-74.44944599,0.03121735,18846052119,8.42E-06,34020796147,8.49E-06,2.08188E+11,1.08E-05,9.29E-06,2.762895715,0.125816817,0.147306366,0.147306366
-116.5972331,0.025374639,13098375785,8.27E-06,22100798462,9.17E-06,2.05255E+11,1.09E-05,3.08E-06,1.602940061,0.190563877,0.226555466,0.226555466
-54.47896545,0.032605451,6137946359,1.17E-05,35084447506,1.10E-05,2.04285E+11,1.06E-05,1.30E-06,0.604838518,0.081649279,0.147177493,0.147177493
-46.60790794,0.033077431,15655533765,8.32E-06,36783367606,5.95E-06,2.06178E+11,1.14E-05,8.11E-06,1.095126273,0.08685232,0.089026498,0.089026498
-34.52501046,0.037402103,14631333309,9.08E-06,24073458967,9.17E-06,2.08231E+11,1.08E-05,1.61E-06,2.07829954,0.059801613,0.073824009,0.073824009
-32.20013554,0.035359622,10720817826,8.46E-06,18444664375,5.54E-06,2.03743E+11,1.10E-05,1.38E-06,0.561945029,0.05879252,0.061951492,0.061951492
-110.6571464,0.033535671,6449011627,1.16E-05,11593745252,9.31E-06,1.98169E+11,1.14E-05,4.34E-06,1.013812807,0.182757501,0.296881834,0.296881834
-63.87634525,0.023898294,12666565632,1.23E-05,11896078340,1.10E-05,2.05283E+11,1.20E-05,2.34E-06,2.618018256,0.093245738,0.18256505,0.18256505
-95.86935749,0.029781041,12439614323,8.90E-06,23775445539,7.31E-06,2.02046E+11,1.29E-05,1.80E-05,1.143334985,0.201578106,0.196706343,0.201578106
-33.77984153,0.021412331,18353447025,1.12E-05,23288083018,1.01E-05,1.99149E+11,1.23E-05,4.35E-05,0.984285067,0.053901872,0.087297514,0.087297514
-36.27187167,0.038456684,6230399992,9.58E-06,28075901230,1.06E-05,1.92421E+11,1.26E-05,4.43E-05,2.067580269,0.075969834,0.082369744,0.082369744
-81.47153573,0.032065455,6321929659,1.05E-05,31911599362,8.09E-06,1.96234E+11,1.21E-05,6.35E-06,0.819723663,0.151527236,0.195815717,0.195815717
-76.86377721,0.020960282,8151207843,1.15E-05,17907836318,8.89E-06,2.00332E+11,1.17E-05,1.88E-05,1.805590938,0.107626571,0.203332463,0.203332463
-57.50208138,0.026689825,16899911626,1.29E-05,22076675697,1.10E-05,2.08702E+11,1.18E-05,2.07E-05,0.988361477,0.085311491,0.171186237,0.171186237
-118.6597198,0.020312672,15748319652,8.39E-06,12689169341,5.06E-06,2.01579E+11,1.29E-05,4.39E-05,0.558606403,0.237258293,0.222437873,0.237258293
-52.58193107,0.023975183,9326196862,8.99E-06,30855106216,5.42E-06,1.93888E+11,1.20E-05,1.13E-06,1.434075487,0.093951425,0.107142112,0.107142112
-42.732538,0.023167706,12266188730,9.10E-06,34895454268,6.26E-06,1.90819E+11,1.13E-05,3.22E-06,1.031202285,0.068725764,0.088399815,0.088399815
-31.77619346,0.039379509,12029142300,8.66E-06,11637620300,8.33E-06,1.96837E+11,1.13E-05,2.25E-06,1.15212888,0.060253038,0.064525622,0.064525622
-80.03317293,0.037304221,10057469370,8.45E-06,19793608932,1.02E-05,2.05899E+11,1.18E-05,4.63E-06,2.331067309,0.157704713,0.161412227,0.161412227
-103.9484333,0.028491625,5555483972,8.03E-06,35157340516,7.23E-06,1.90433E+11,1.27E-05,1.39E-05,1.955809115,0.216085616,0.193885441,0.216085616
-77.13468332,0.033338959,8820093528,1.16E-05,10236779398,1.10E-05,2.09908E+11,1.30E-05,4.36E-06,2.543240907,0.150801934,0.210109199,0.210109199
-48.29193534,0.034246725,5029585051,1.03E-05,12724225016,8.31E-06,2.09037E+11,1.24E-05,2.08E-05,1.228591642,0.094957981,0.114788577,0.114788577
-106.4452634,0.039771059,14070970624,1.06E-05,38671407815,1.07E-05,2.06051E+11,1.07E-05,2.09E-06,2.84329705,0.175376954,0.266922609,0.266922609
-112.6595372,0.02653364,10308859466,1.25E-05,15061001677,1.10E-05,2.08377E+11,1.10E-05,1.70E-06,0.702257443,0.155149885,0.324595168,0.324595168
-95.47727917,0.027767085,7533991092,9.89E-06,15156671736,9.40E-06,2.05785E+11,1.30E-05,4.69E-05,2.652696245,0.188298292,0.220345998,0.220345998
-78.54919869,0.038140279,5309296756,1.28E-05,16604902269,6.97E-06,1.94053E+11,1.20E-05,3.41E-05,0.927968423,0.141561115,0.229275525,0.229275525
-78.5554868,0.02323849,13520429759,1.14E-05,22166390698,1.10E-05,2.02998E+11,1.27E-05,1.19E-06,2.965740722,0.131590589,0.208805752,0.208805752
-29.8462797,0.031967332,8498848361,1.22E-05,18580436231,7.09E-06,2.09005E+11,1.09E-05,5.29E-06,1.394837549,0.043847059,0.082917658,0.082917658
-59.34540943,0.02748088,10919111745,1.19E-05,11458402614,1.10E-05,1.99523E+11,1.18E-05,1.14E-06,0.533413758,0.09761795,0.16212968,0.16212968
-107.0426835,0.039373609,14219323949,8.11E-06,17511982837,8.19E-06,2.01588E+11,1.24E-05,7.59E-06,2.890110254,0.230933938,0.204938653,0.230933938
-35.94651263,0.026941385,12473880225,1.21E-05,16323757738,9.88E-06,2.03493E+11,1.23E-05,1.52E-06,1.699783048,0.058943971,0.100529608,0.100529608
-101.7127167,0.021178996,10328220412,1.21E-05,10189160096,9.73E-06,1.9367E+11,1.05E-05,2.31E-05,1.933964414,0.111662893,0.28300075,0.28300075
-25.16410728,0.028019503,9629768371,1.01E-05,30205883406,1.00E-05,2.0077E+11,1.10E-05,1.16E-06,2.0380976,0.039118911,0.059361291,0.059361291
-73.82740487,0.031760642,16919598705,1.12E-05,18856169696,9.44E-06,2.08043E+11,1.13E-05,4.42E-06,0.699635474,0.1215894,0.190958619,0.190958619
-49.26825346,0.022110941,6956333959,9.12E-06,12340241299,8.10E-06,1.93836E+11,1.30E-05,3.32E-05,0.502217715,0.098670816,0.102578475,0.102578475
-91.86732295,0.02203212,15857598324,1.24E-05,13853184744,5.41E-06,1.96077E+11,1.22E-05,4.17E-06,2.326999298,0.133157139,0.255530115,0.255530115
-78.08242616,0.039382066,6328646830,9.65E-06,17421681021,7.06E-06,2.06851E+11,1.17E-05,9.89E-06,1.642229559,0.149684745,0.17420346,0.17420346
-87.42213234,0.031388767,8429971465,8.05E-06,13300962039,6.81E-06,2.01163E+11,1.06E-05,3.72E-06,1.589545772,0.146980877,0.163125932,0.163125932
-63.37984969,0.029169449,12988933334,1.12E-05,24168638797,8.64E-06,2.06228E+11,1.16E-05,6.53E-06,2.835778889,0.101525194,0.16390694,0.16390694
-106.9396919,0.033813248,5542018777,1.07E-05,39751044042,6.23E-06,1.98721E+11,1.11E-05,1.14E-05,0.753925666,0.179556308,0.258779618,0.258779618
-34.57199945,0.034697225,5079271102,8.68E-06,21839060390,9.18E-06,1.97177E+11,1.18E-05,1.75E-06,2.067334768,0.066525009,0.070808734,0.070808734
-29.64560966,0.022028542,9480926242,8.68E-06,23298085821,5.05E-06,1.95255E+11,1.27E-05,2.62E-05,1.104355339,0.057137564,0.058040542,0.058040542
-87.61034633,0.021532608,7777115199,1.29E-05,20249767076,1.07E-05,1.9639E+11,1.28E-05,1.39E-06,0.745028908,0.139509568,0.25817715,0.25817715
-61.28372953,0.037237432,5834076659,1.08E-05,14067478446,8.33E-06,1.93726E+11,1.26E-05,1.55E-05,2.364935918,0.122893761,0.153365454,0.153365454
-34.84976333,0.036201536,10693213335,8.49E-06,15976376312,8.30E-06,1.94532E+11,1.25E-05,1.79E-06,0.548767554,0.075602454,0.068763111,0.075602454
-66.68100001,0.028650903,8782178753,1.07E-05,19699542622,1.07E-05,2.09227E+11,1.09E-05,1.30E-05,1.261797773,0.099920021,0.167303548,0.167303548
-34.6976425,0.020264138,5007946582,1.23E-05,13436036286,9.14E-06,2.05259E+11,1.30E-05,4.81E-05,0.900079106,0.056068852,0.097069588,0.097069588
-21.20211462,0.034066231,5927132469,8.32E-06,14669344898,9.95E-06,2.08698E+11,1.19E-05,1.17E-05,1.232717551,0.041925142,0.041891866,0.041925142
-71.11277322,0.032337143,7957689885,1.29E-05,17501593902,5.30E-06,1.91821E+11,1.14E-05,1.12E-06,0.977722374,0.109344364,0.205885834,0.205885834
-49.81132835,0.032402971,14272756305,1.21E-05,26953430298,1.10E-05,1.94246E+11,1.17E-05,2.10E-05,0.758803628,0.083369876,0.139948326,0.139948326
-102.5062869,0.039460969,8045084711,1.16E-05,35824313207,6.30E-06,1.97943E+11,1.26E-05,2.76E-06,1.923255465,0.203265937,0.272758974,0.272758974
-60.42531115,0.020286611,6190100784,9.03E-06,28455714076,9.38E-06,1.91298E+11,1.26E-05,1.51E-05,1.808693661,0.109991011,0.12726237,0.12726237
-78.24033652,0.036292454,13909775023,8.48E-06,14391771083,5.49E-06,2.0576E+11,1.17E-05,2.98E-06,2.450279687,0.151724011,0.152481528,0.152481528
-44.57515677,0.023387031,7914029959,1.13E-05,22080756081,6.12E-06,1.90291E+11,1.23E-05,2.13E-06,0.514106388,0.075549235,0.112083712,0.112083712
-25.14376362,0.038430064,8847295498,8.83E-06,17693165381,8.23E-06,1.99599E+11,1.15E-05,3.76E-05,1.575910073,0.0479404,0.052015881,0.052015881
-46.07179494,0.025185597,16553089314,1.03E-05,11055669052,1.06E-05,2.07532E+11,1.20E-05,2.24E-05,1.758553271,0.078122755,0.11105588,0.11105588
-116.1192468,0.020658905,5015963225,1.07E-05,15273035064,9.43E-06,1.9315E+11,1.10E-05,8.32E-06,2.308710338,0.153121094,0.286567552,0.286567552
-114.3931307,0.036341355,9098126067,9.50E-06,20868388012,9.83E-06,1.99729E+11,1.30E-05,1.31E-05,2.071831722,0.246774622,0.256203472,0.256203472
-89.54424921,0.022297049,13429855000,9.87E-06,24801961344,5.28E-06,2.0169E+11,1.20E-05,1.00E-05,0.993728925,0.15083646,0.198472621,0.198472621
-54.4377539,0.027366662,16483331934,1.08E-05,33989525483,1.06E-05,2.04403E+11,1.07E-05,3.39E-06,2.859401956,0.076833894,0.137614968,0.137614968
-51.78462337,0.030859093,11967416765,1.19E-05,13135915259,8.74E-06,2.00068E+11,1.17E-05,3.38E-05,1.271778453,0.084626637,0.141530697,0.141530697
-53.22817287,0.03574312,9545483390,1.28E-05,18745126443,6.26E-06,2.03225E+11,1.27E-05,1.97E-06,2.783738168,0.098872669,0.154603867,0.154603867
-96.59184435,0.020238431,7493024403,1.19E-05,28936849151,9.74E-06,2.0261E+11,1.25E-05,2.99E-05,0.716984568,0.151829452,0.262562823,0.262562823
-65.50436225,0.022050842,12502333261,8.86E-06,13680732742,8.53E-06,2.02085E+11,1.15E-05,3.06E-05,1.240396432,0.108070401,0.134565514,0.134565514
-63.52278084,0.032581656,12536277324,9.69E-06,11013301791,7.62E-06,1.93405E+11,1.23E-05,1.71E-06,2.048676876,0.122905801,0.142369963,0.142369963
-52.30985062,0.027382674,9405388579,1.28E-05,24367240329,7.71E-06,2.09104E+11,1.11E-05,1.02E-06,1.051202197,0.071165708,0.151509156,0.151509156
-104.3542306,0.03561836,9616269505,1.09E-05,31056750213,1.10E-05,2.04919E+11,1.29E-05,4.96E-06,2.380192739,0.211442567,0.267300778,0.267300778
-77.82623468,0.020257229,9683643689,1.23E-05,16761693572,1.10E-05,2.07E+11,1.20E-05,2.29E-05,1.843355394,0.106303737,0.221704344,0.221704344
-61.224562,0.037662739,15680726347,1.28E-05,29571784469,1.10E-05,2.08681E+11,1.14E-05,1.08E-06,1.490079182,0.100277433,0.182954569,0.182954569
-76.29883417,0.027819223,8230071713,8.37E-06,16597139314,5.31E-06,1.90813E+11,1.15E-05,3.22E-05,1.230064687,0.137483761,0.145355876,0.145355876
-40.87397107,0.027088482,6796798154,1.26E-05,17541739891,9.90E-06,1.91352E+11,1.20E-05,4.36E-05,0.901189393,0.064195721,0.118154754,0.118154754
-29.33802404,0.030629905,7226815831,1.30E-05,27859165615,8.56E-06,1.94675E+11,1.29E-05,1.01E-06,0.79358877,0.053942115,0.086746789,0.086746789
-114.2593242,0.027464141,9886440193,1.04E-05,12291987096,1.08E-05,1.98127E+11,1.17E-05,2.40E-05,2.216062734,0.189255399,0.278277277,0.278277277
-20.22919933,0.027948681,9266764610,1.18E-05,17700970089,5.91E-06,1.91678E+11,1.30E-05,3.11E-05,2.247690055,0.036998287,0.053854735,0.053854735
-60.71585206,0.039341488,8188351125,1.03E-05,13280012291,8.98E-06,2.02992E+11,1.20E-05,1.84E-05,0.605401527,0.120899818,0.144747243,0.144747243
-115.7772931,0.027684815,11627622062,9.07E-06,11696262885,8.53E-06,1.9536E+11,1.28E-05,1.13E-06,2.520531488,0.230566533,0.244915937,0.244915937
-114.1648708,0.036922495,5213218005,1.13E-05,24755641248,6.97E-06,1.94158E+11,1.18E-05,2.43E-05,1.358168038,0.205534295,0.295984947,0.295984947
-44.7012281,0.03034004,14691601404,8.44E-06,14699393294,1.05E-05,2.09384E+11,1.18E-05,7.01E-06,0.887873588,0.085064836,0.089384922,0.089384922
-116.4784243,0.024003289,17001429730,1.16E-05,36775326458,8.71E-06,1.97901E+11,1.20E-05,2.29E-05,0.773135708,0.185877158,0.307933773,0.307933773
-96.24920758,0.037623165,9997553490,1.18E-05,28469948825,1.10E-05,1.989E+11,1.15E-05,1.83E-06,2.456612888,0.164299245,0.266593364,0.266593364
-88.72122517,0.030421818,13216905688,8.03E-06,34031914639,8.28E-06,2.02409E+11,1.14E-05,1.13E-05,0.687306844,0.165750957,0.165924913,0.165924913
-25.07798872,0.039925571,9205804661,8.33E-06,17054823133,8.27E-06,1.94291E+11,1.08E-05,5.56E-06,1.168106867,0.045832633,0.049070252,0.049070252
-119.0845456,0.032186273,8774564696,1.04E-05,37323039390,9.54E-06,2.01534E+11,1.30E-05,7.10E-06,1.058749847,0.243885527,0.288636869,0.288636869
-23.13655308,0.033836419,10589401729,1.02E-05,13141604404,1.08E-05,1.96319E+11,1.16E-05,6.06E-06,0.510805812,0.042521524,0.055214522,0.055214522
-35.11957717,0.034438705,7007253782,9.44E-06,12666484110,7.48E-06,1.92373E+11,1.28E-05,3.89E-05,0.906186984,0.074321196,0.076460509,0.076460509
-90.49009234,0.024105115,6787784591,1.22E-05,17063060516,1.10E-05,2.02697E+11,1.09E-05,3.55E-05,2.590428355,0.112809426,0.256591528,0.256591528
-45.57130279,0.031706452,12927576742,8.13E-06,34177885352,7.78E-06,1.91896E+11,1.14E-05,1.11E-05,0.994335118,0.085369309,0.086310649,0.086310649
-97.41471929,0.036251568,19072704872,9.61E-06,12072280617,7.59E-06,2.09907E+11,1.28E-05,2.70E-05,1.435939023,0.207095073,0.216687481,0.216687481
-98.62100102,0.038811431,5056941635,1.08E-05,19907915934,9.23E-06,1.97887E+11,1.15E-05,4.85E-05,2.283304976,0.176935075,0.2475684,0.2475684
-85.26584335,0.025600721,6331083294,1.07E-05,16252230026,1.08E-05,2.08169E+11,1.07E-05,1.12E-05,0.60107679,0.123463334,0.211354194,0.211354194
-103.1900126,0.032981339,16679484285,1.23E-05,14265764962,7.85E-06,2.06212E+11,1.15E-05,1.51E-05,0.698312532,0.170911044,0.289310787,0.289310787
-24.02440361,0.028977723,7246582023,9.80E-06,32178052281,9.64E-06,1.95718E+11,1.12E-05,1.11E-06,0.704582483,0.039919352,0.054670077,0.054670077
-105.8372164,0.035346036,13465745536,1.01E-05,14862845962,5.91E-06,1.95847E+11,1.06E-05,4.31E-05,0.717510694,0.17275107,0.24358691,0.24358691
-73.04486384,0.029365628,15908571889,1.07E-05,11889831260,1.07E-05,2.0262E+11,1.19E-05,1.20E-05,2.592334801,0.124473774,0.18385986,0.18385986
-64.92519435,0.034396306,5399521790,1.24E-05,13150207081,6.72E-06,2.00447E+11,1.07E-05,6.94E-06,0.639245054,0.097546442,0.182241067,0.182241067
-28.42185119,0.036926247,10869389476,1.09E-05,33531292708,1.02E-05,1.91607E+11,1.12E-05,3.10E-06,1.311793621,0.048466081,0.072603812,0.072603812
-41.56844299,0.028060375,8528825149,1.25E-05,14509186115,9.43E-06,2.03925E+11,1.14E-05,4.94E-06,1.582747681,0.059966772,0.119816169,0.119816169
-33.12672054,0.027232654,11243200134,1.11E-05,27300965061,5.59E-06,1.91724E+11,1.09E-05,3.36E-05,2.308091255,0.04724071,0.08300726,0.08300726
-34.81600927,0.035435276,13969355026,1.21E-05,16304441260,1.10E-05,1.95483E+11,1.10E-05,3.81E-05,1.297543159,0.054407086,0.09788513,0.09788513
-38.13369732,0.035705331,8074761424,1.27E-05,30145735178,1.07E-05,2.01305E+11,1.24E-05,6.62E-06,0.509478106,0.071957178,0.111097921,0.111097921
-56.42783281,0.038216847,11388243831,1.06E-05,17176332644,9.30E-06,1.92062E+11,1.13E-05,3.54E-05,1.455631094,0.099638233,0.139889628,0.139889628
-49.88365756,0.035302581,6740225720,1.10E-05,28804298932,6.32E-06,2.03172E+11,1.14E-05,2.77E-06,1.67422828,0.085337644,0.124964907,0.124964907
-87.71950456,0.029419479,12909865096,1.05E-05,17717697517,6.32E-06,1.95765E+11,1.27E-05,1.56E-05,2.190398387,0.166998193,0.209475312,0.209475312
-23.90151409,0.036074651,13567223831,1.03E-05,17442926145,1.06E-05,1.9163E+11,1.08E-05,2.75E-06,0.791466038,0.039881061,0.057731988,0.057731988
-45.06924865,0.036316972,15000482017,8.62E-06,16444917091,8.36E-06,2.00216E+11,1.15E-05,1.58E-06,2.37659695,0.084971212,0.091261777,0.091261777
-78.36454757,0.039815765,8595934534,9.69E-06,19097919373,7.04E-06,1.92555E+11,1.13E-05,2.31E-05,1.127658388,0.144286833,0.175268472,0.175268472
-68.1765807,0.031751092,8752611735,9.40E-06,13351171614,9.98E-06,2.04821E+11,1.08E-05,2.91E-05,1.651811123,0.11103349,0.150865417,0.150865417
-53.93547255,0.022076007,13642925996,9.95E-06,33546836166,9.86E-06,2.06409E+11,1.19E-05,1.68E-06,0.832193532,0.089385564,0.124252498,0.124252498
-109.0501387,0.030653371,11199332795,8.97E-06,14179545235,9.54E-06,1.93243E+11,1.08E-05,1.47E-06,1.065709353,0.181397522,0.229338823,0.229338823
-54.40946633,0.030324356,17999125056,1.14E-05,12594426605,7.58E-06,1.96623E+11,1.13E-05,3.51E-06,0.878140465,0.08702132,0.141530409,0.141530409
-114.8065615,0.021376476,14775559125,1.29E-05,15250776440,8.28E-06,2.0125E+11,1.16E-05,5.07E-06,0.856340819,0.151566546,0.333811453,0.333811453
-40.37435206,0.034200184,6618478064,1.21E-05,34809858912,1.10E-05,1.96205E+11,1.26E-05,4.66E-06,1.057375066,0.076327758,0.113263556,0.113263556
-48.91067222,0.02133688,15017929646,1.01E-05,23641518537,8.35E-06,1.974E+11,1.09E-05,1.14E-06,1.925916228,0.066555428,0.113959571,0.113959571
-76.80095248,0.030400116,7645018282,1.03E-05,10707129148,6.47E-06,2.03896E+11,1.23E-05,1.06E-06,0.637881459,0.146687261,0.178647024,0.178647024
-85.03199023,0.027990445,15822015321,1.21E-05,36402939834,1.10E-05,1.966E+11,1.13E-05,3.44E-05,0.684956294,0.1282448,0.237250518,0.237250518
-92.0585622,0.022971657,6140028165,1.22E-05,16949785623,1.10E-05,1.90392E+11,1.21E-05,1.53E-06,0.586158902,0.144846795,0.25707907,0.25707907
-87.39923766,0.022025884,5239300184,1.27E-05,34400713103,1.10E-05,1.99011E+11,1.25E-05,1.82E-05,0.831765454,0.134188068,0.254259286,0.254259286
-90.77249775,0.031915129,16803989386,1.28E-05,37645588361,1.07E-05,2.02684E+11,1.08E-05,4.06E-05,0.778593393,0.130291192,0.268441804,0.268441804
-117.7200628,0.03653503,6192547848,9.39E-06,14664012767,1.06E-05,1.97207E+11,1.10E-05,2.73E-06,0.683030543,0.21050207,0.260296811,0.260296811
-35.35267418,0.030001533,8418611634,1.28E-05,13695028349,1.10E-05,2.0192E+11,1.16E-05,5.00E-06,2.735332561,0.052775879,0.105102482,0.105102482
-76.27908553,0.029088466,16200118783,1.05E-05,23470790014,1.01E-05,2.08521E+11,1.24E-05,1.50E-05,0.805809969,0.143441288,0.185161692,0.185161692
-80.90623341,0.038853911,13558367542,1.09E-05,27502812056,6.16E-06,1.96247E+11,1.18E-05,4.08E-06,1.346270654,0.150807586,0.202191875,0.202191875
-36.66384108,0.031001643,15992059904,1.04E-05,29631785511,7.44E-06,1.95509E+11,1.07E-05,2.33E-06,1.222684938,0.056371137,0.087124743,0.087124743
-114.1016893,0.031667479,10609033787,1.25E-05,35819615845,1.10E-05,2.04598E+11,1.13E-05,6.53E-06,2.957594088,0.171152225,0.331570595,0.331570595
-37.27182173,0.030713859,17268986594,1.28E-05,30512810482,9.59E-06,2.09513E+11,1.28E-05,3.99E-06,0.510237055,0.069646618,0.10877804,0.10877804
-58.47260287,0.039543062,9156075111,8.31E-06,11848387233,8.17E-06,1.91225E+11,1.25E-05,9.17E-06,1.540884353,0.126635251,0.114231865,0.126635251
-67.65289951,0.027588452,13299354247,1.04E-05,14204746978,9.53E-06,1.94298E+11,1.08E-05,2.89E-06,1.057961829,0.101376213,0.162472513,0.162472513
-74.4865612,0.038916812,7458189110,1.24E-05,10039188777,1.10E-05,1.96104E+11,1.22E-05,1.39E-05,1.225569547,0.13832499,0.214915932,0.214915932
-103.9632531,0.030595484,11448416161,8.32E-06,26288360429,7.82E-06,2.03394E+11,1.23E-05,1.20E-06,1.648856254,0.208189633,0.201763602,0.208189633
-118.8689517,0.030276066,10599127044,1.22E-05,10846967561,1.10E-05,1.95973E+11,1.24E-05,1.16E-06,1.460846417,0.208972198,0.336879262,0.336879262
-97.69104248,0.034686075,19603566938,9.41E-06,20073124806,8.38E-06,1.92975E+11,1.15E-05,2.96E-05,0.627371146,0.182821485,0.212500067,0.212500067
-30.16184032,0.032652482,14882490989,8.71E-06,27591942544,9.11E-06,2.01626E+11,1.20E-05,2.91E-05,0.500202053,0.060470651,0.061102499,0.061102499
-95.79091131,0.036943002,11585603468,8.10E-06,19433945003,7.95E-06,2.0349E+11,1.27E-05,1.23E-05,1.793477445,0.209526971,0.182141909,0.209526971
-48.97124894,0.026577955,5327163176,1.09E-05,24486933894,1.09E-05,1.93283E+11,1.22E-05,3.20E-05,1.326411704,0.084443967,0.124965342,0.124965342
-112.7254652,0.027112937,13065117231,8.93E-06,32869026198,8.84E-06,2.03694E+11,1.08E-05,1.88E-06,1.985313245,0.177223276,0.235240305,0.235240305
-75.18572022,0.039954709,10313063989,1.10E-05,12409765253,6.24E-06,2.06899E+11,1.29E-05,2.87E-05,1.854318077,0.157778563,0.189826667,0.189826667
-58.2235453,0.023759082,12060399084,1.15E-05,12695228435,1.10E-05,1.95035E+11,1.25E-05,5.04E-06,1.893398084,0.09582679,0.156326108,0.156326108
-93.16332016,0.028910711,8884371023,9.08E-06,25429000508,1.01E-05,1.9678E+11,1.17E-05,4.81E-06,2.243862732,0.16744076,0.199575219,0.199575219
-65.56402208,0.027828595,15283517147,1.09E-05,11635357807,7.46E-06,1.97311E+11,1.09E-05,1.09E-05,1.126076568,0.097660282,0.162518123,0.162518123
-48.1614753,0.027152837,17319786252,1.19E-05,10859821092,1.10E-05,1.9443E+11,1.05E-05,1.75E-05,0.669815426,0.06456985,0.132678373,0.132678373
-43.04387793,0.036113994,5310971117,8.96E-06,10976100750,9.34E-06,1.94626E+11,1.14E-05,2.92E-06,1.381923017,0.079722549,0.090827052,0.090827052
-101.2620733,0.028628032,15719975728,1.29E-05,10792893044,1.10E-05,2.01014E+11,1.15E-05,4.43E-05,2.017814185,0.145413246,0.303801238,0.303801238
-102.6137345,0.039005331,8259786894,1.25E-05,32205734504,7.43E-06,1.96969E+11,1.05E-05,1.84E-05,1.343715352,0.153534164,0.294339759,0.294339759
-64.34753437,0.02665962,10976919450,8.34E-06,14884495218,1.03E-05,2.00751E+11,1.30E-05,2.47E-05,1.803495308,0.13437199,0.127430446,0.13437199
-49.13518854,0.024206509,5210038709,1.10E-05,32938527774,7.76E-06,1.90529E+11,1.17E-05,1.27E-05,0.958668572,0.076493227,0.12278381,0.12278381
-88.05829787,0.033263139,6470839942,1.21E-05,28854249984,5.54E-06,2.01311E+11,1.09E-05,6.55E-06,1.295467118,0.133049524,0.240128246,0.240128246
-23.66283905,0.03103082,5920310301,1.26E-05,28773531057,1.10E-05,2.00209E+11,1.17E-05,1.27E-06,1.619442512,0.037139482,0.069190977,0.069190977
-108.3518016,0.028870159,11254086581,8.29E-06,15101612398,7.99E-06,1.90573E+11,1.08E-05,1.33E-06,0.8654657,0.184060039,0.20848558,0.20848558
-104.9081845,0.033746465,12798682963,1.02E-05,17801024723,9.97E-06,1.95871E+11,1.09E-05,2.19E-05,2.339294142,0.169983386,0.252041936,0.252041936
-70.85787376,0.026447299,18550642159,9.86E-06,35647316459,6.94E-06,2.05515E+11,1.21E-05,4.62E-06,1.169687402,0.127016943,0.159588829,0.159588829
-110.4869147,0.03700372,7826626290,8.86E-06,10313838319,5.95E-06,2.00864E+11,1.08E-05,5.97E-06,2.177951564,0.192494151,0.225458822,0.225458822
-65.76822486,0.026940928,7544275457,1.06E-05,24265782481,1.03E-05,1.90002E+11,1.06E-05,3.15E-06,0.888178241,0.094526229,0.161451836,0.161451836
-78.4676265,0.024618601,5614849150,1.05E-05,33104087359,1.03E-05,2.05156E+11,1.26E-05,6.75E-06,1.771221083,0.1394278,0.192481847,0.192481847
-83.73826912,0.036435092,10785361134,8.16E-06,37962968995,8.60E-06,2.08852E+11,1.12E-05,4.09E-05,0.56117993,0.159940424,0.159629428,0.159940424
-82.09480183,0.033980879,5993123112,8.56E-06,23495616126,6.53E-06,2.03299E+11,1.22E-05,1.13E-06,0.855253764,0.16836894,0.161576991,0.16836894
-108.0244858,0.024352052,16105293942,9.16E-06,31329308047,9.01E-06,2.02052E+11,1.12E-05,1.09E-06,1.786182958,0.17168073,0.230610778,0.230610778
-63.01623765,0.038980713,14852710727,1.18E-05,15399211302,7.57E-06,2.00031E+11,1.23E-05,2.03E-05,0.986784976,0.121343398,0.170710577,0.170710577
-106.4350197,0.02524941,6013529803,1.26E-05,25064421585,1.10E-05,2.03794E+11,1.06E-05,1.15E-06,0.511654019,0.137063924,0.30624582,0.30624582
-47.04614827,0.027737892,14934515820,8.25E-06,15598631794,1.05E-05,2.06879E+11,1.07E-05,1.52E-05,1.710582982,0.07639987,0.092482432,0.092482432
-85.85222676,0.028359999,5275608269,9.64E-06,12188143727,1.03E-05,2.00826E+11,1.30E-05,6.76E-06,1.303073251,0.17388235,0.19404425,0.19404425
-40.65988209,0.036573019,9706107037,9.17E-06,13711376524,9.67E-06,1.94098E+11,1.06E-05,2.86E-06,2.386508037,0.067489713,0.088133294,0.088133294
-65.06379237,0.02303075,15001415605,1.03E-05,23247994680,1.08E-05,2.05723E+11,1.10E-05,8.78E-06,1.657093347,0.092953399,0.156869209,0.156869209
-73.79992121,0.028869241,18653367086,1.18E-05,26034134982,1.10E-05,2.06457E+11,1.24E-05,2.14E-06,0.90288478,0.131100706,0.202380558,0.202380558
-116.8520569,0.024754032,8890173849,8.64E-06,33305068922,5.94E-06,1.94009E+11,1.25E-05,1.09E-05,1.317738404,0.22641366,0.230147739,0.230147739
-91.84328415,0.020571828,9983223988,1.22E-05,12442747220,1.10E-05,1.94937E+11,1.20E-05,1.07E-06,1.521816423,0.128809558,0.25970372,0.25970372
-35.29311032,0.025557674,13471729086,1.30E-05,25365006110,1.05E-05,1.9883E+11,1.21E-05,1.15E-06,2.034661276,0.052415596,0.105444172,0.105444172
-107.7925768,0.032233611,5169378823,1.15E-05,26873378392,6.67E-06,2.01196E+11,1.25E-05,9.92E-06,2.193985038,0.198521518,0.282469515,0.282469515
-108.194203,0.026878481,17409844540,1.13E-05,24522315511,1.03E-05,2.0648E+11,1.23E-05,1.80E-06,0.768598228,0.189283581,0.28256096,0.28256096
-82.3916677,0.021660828,7866502520,9.35E-06,22650658788,7.04E-06,1.9627E+11,1.14E-05,1.43E-05,1.361366521,0.129584714,0.176037362,0.176037362
-108.2702535,0.034944727,12174940549,9.38E-06,28989207486,8.32E-06,2.04249E+11,1.15E-05,1.42E-05,1.404259122,0.199900853,0.236456886,0.236456886
-42.76174009,0.036239922,15842436339,8.49E-06,25041258601,8.23E-06,1.99157E+11,1.28E-05,5.03E-06,1.51944197,0.093420535,0.085141054,0.093420535
-23.174652,0.033807418,11528143779,8.99E-06,16496940788,7.04E-06,2.04645E+11,1.09E-05,7.02E-06,1.098434971,0.040134466,0.048092933,0.048092933
-20.01448508,0.039620918,6017771897,9.30E-06,18819424995,9.00E-06,2.08254E+11,1.18E-05,1.25E-06,1.655938714,0.039349969,0.043719299,0.043719299
-87.88011094,0.03196384,17606533177,1.01E-05,21477584869,1.03E-05,2.04869E+11,1.12E-05,4.43E-06,1.628491111,0.147238749,0.207964284,0.207964284
-58.57331418,0.034299702,11773355520,1.16E-05,21248891925,1.10E-05,1.92026E+11,1.06E-05,1.64E-06,2.003914402,0.086161291,0.159188545,0.159188545
-115.7489052,0.034035243,5462560080,9.77E-06,28954603432,6.41E-06,1.91388E+11,1.09E-05,3.36E-06,2.101759349,0.190996882,0.259619249,0.259619249
-61.1967613,0.026052461,11640450955,1.02E-05,16333625604,1.00E-05,2.07445E+11,1.09E-05,5.59E-06,2.14105708,0.090635738,0.145256632,0.145256632
-105.3174133,0.028491652,8286745629,9.62E-06,28139537302,9.81E-06,2.03133E+11,1.14E-05,4.81E-06,0.668295728,0.183004811,0.235320096,0.235320096
-43.79050998,0.030267832,7698770196,1.16E-05,13224989341,9.99E-06,2.02092E+11,1.07E-05,1.77E-05,2.28511812,0.061596041,0.118257775,0.118257775
-109.2033323,0.034112551,17737947566,9.86E-06,39148559574,8.59E-06,1.93695E+11,1.10E-05,4.22E-06,0.808960634,0.187133344,0.249258474,0.249258474
-113.9607972,0.029143179,15802062284,1.02E-05,16335698082,7.33E-06,1.95177E+11,1.14E-05,2.84E-05,2.319942751,0.187965466,0.26613857,0.26613857
-111.3455337,0.039452513,7528083502,1.21E-05,38589839780,7.01E-06,1.93159E+11,1.05E-05,1.84E-05,1.027684203,0.17263683,0.306537971,0.306537971
-27.827554,0.020515268,9395066229,1.06E-05,33620233710,7.20E-06,1.95618E+11,1.29E-05,9.21E-06,0.653771352,0.049735296,0.066736765,0.066736765
-88.98334098,0.024989532,12050779923,1.05E-05,37671919465,1.05E-05,1.90289E+11,1.07E-05,3.84E-05,2.000105986,0.122546307,0.21919775,0.21919775
-50.98380949,0.027954154,6104118110,9.89E-06,10532638684,9.49E-06,2.00002E+11,1.24E-05,1.22E-05,0.770557287,0.097116407,0.116894235,0.116894235
-38.44072616,0.039632852,6477531462,8.18E-06,18963580873,8.87E-06,2.05063E+11,1.22E-05,9.34E-06,1.000864017,0.081582185,0.074246907,0.081582185
-23.26086769,0.036589729,6828811037,1.08E-05,21670096998,8.13E-06,2.06419E+11,1.21E-05,1.07E-06,1.804657539,0.04386316,0.058315348,0.058315348
-62.75691239,0.035546798,9252842499,8.11E-06,27172936186,7.74E-06,2.08974E+11,1.17E-05,4.47E-05,1.912466436,0.123320577,0.119283844,0.123320577
-94.54593279,0.021485832,9505435714,9.59E-06,37199485104,1.08E-05,2.09955E+11,1.28E-05,1.29E-05,2.588320594,0.172974961,0.213344509,0.213344509
-51.9239139,0.021086591,10083844407,8.65E-06,21299225875,9.33E-06,2.04992E+11,1.27E-05,4.01E-06,0.661167729,0.100137863,0.10416384,0.10416384
-69.25788007,0.037964199,10556968233,1.12E-05,15175829841,5.36E-06,1.94371E+11,1.18E-05,3.86E-05,1.533741658,0.126551304,0.176350322,0.176350322
-65.36316226,0.035965875,6584106440,1.29E-05,25965752435,1.04E-05,1.98045E+11,1.19E-05,2.79E-06,1.475942785,0.111986509,0.195161767,0.195161767
-99.57248155,0.026541956,5433775582,9.90E-06,18154057384,6.59E-06,2.01819E+11,1.16E-05,1.75E-05,0.65228174,0.169874733,0.223301546,0.223301546
-88.93695713,0.038514644,19796095009,1.05E-05,19479473245,5.46E-06,2.03909E+11,1.27E-05,1.01E-05,1.302843728,0.18506673,0.212529618,0.212529618
-28.64515605,0.036830095,12489065121,8.56E-06,32936063742,8.07E-06,1.92219E+11,1.25E-05,2.61E-06,1.080343344,0.060942608,0.057254981,0.060942608
-30.22215762,0.031689265,5413680039,1.15E-05,34714780616,7.12E-06,1.94502E+11,1.14E-05,1.90E-06,1.033161982,0.049153425,0.078955546,0.078955546
-50.73862316,0.037919074,6807745775,9.66E-06,16612807789,5.42E-06,2.08439E+11,1.05E-05,6.25E-06,1.669345971,0.08330366,0.112001843,0.112001843
-94.90717643,0.022086909,8587626539,8.93E-06,18169560392,9.77E-06,1.91147E+11,1.20E-05,8.95E-06,1.697841316,0.164117667,0.198658132,0.198658132
-77.4418451,0.020305836,18764645414,1.20E-05,19410564947,9.97E-06,1.97284E+11,1.11E-05,2.95E-06,0.910292813,0.095569984,0.213256005,0.213256005
-111.587235,0.032327249,5393404718,1.01E-05,15095953214,6.37E-06,2.05782E+11,1.24E-05,2.90E-06,1.221401746,0.218061735,0.256840665,0.256840665
-97.10445125,0.029612036,6753622903,9.64E-06,32289703327,5.46E-06,2.07332E+11,1.28E-05,3.21E-05,1.161649594,0.195405049,0.212108741,0.212108741
-94.42758192,0.032840619,19026449321,8.34E-06,16504917149,5.68E-06,2.03444E+11,1.10E-05,2.21E-05,0.611829661,0.170810933,0.179166347,0.179166347
-51.74540601,0.022057992,10508753243,1.03E-05,31380536520,8.68E-06,2.06186E+11,1.28E-05,2.90E-05,1.1137833,0.092822764,0.122920485,0.122920485
-101.5544786,0.024733042,6463060831,1.21E-05,17000324684,8.46E-06,1.94547E+11,1.07E-05,1.81E-05,1.604150962,0.126161872,0.280223793,0.280223793
-26.17011389,0.03589789,10761773284,1.30E-05,11660466753,8.88E-06,1.9573E+11,1.27E-05,1.18E-05,1.052686756,0.049589323,0.078058293,0.078058293
-103.0907442,0.026350962,15773545655,1.09E-05,29494083893,8.01E-06,2.01349E+11,1.29E-05,4.91E-06,1.289564187,0.193128292,0.25765867,0.25765867
-76.67275405,0.025486077,14636232506,1.07E-05,39942437005,1.04E-05,1.90551E+11,1.07E-05,2.19E-06,0.657964671,0.10952881,0.189000706,0.189000706
-77.90275557,0.03225833,9969338412,1.00E-05,27622143395,9.91E-06,2.0486E+11,1.22E-05,8.00E-06,2.250025953,0.146799057,0.183485224,0.183485224
-34.0875964,0.021093657,16956448603,8.86E-06,33510834817,6.42E-06,1.90847E+11,1.28E-05,9.67E-06,2.304050709,0.064520735,0.069056552,0.069056552
-44.29253337,0.023508713,7294746725,1.17E-05,18961749886,1.10E-05,1.91795E+11,1.08E-05,4.07E-05,1.546538052,0.056437733,0.120499404,0.120499404
-76.19075627,0.028165401,18052821841,1.05E-05,34605412253,5.43E-06,1.99E+11,1.27E-05,1.36E-06,1.654292161,0.143372828,0.181643263,0.181643263
-103.3161503,0.020340487,14241432930,8.15E-06,11833160727,5.05E-06,1.93816E+11,1.22E-05,1.50E-05,0.908651311,0.191511357,0.189714812,0.191511357
-90.12321628,0.024919709,7275302224,1.21E-05,11913000613,6.62E-06,2.0565E+11,1.24E-05,1.49E-05,1.408870682,0.146856234,0.245650353,0.245650353
-81.61153394,0.035238172,7721523346,8.99E-06,26355855039,9.39E-06,1.92999E+11,1.16E-05,1.57E-05,0.947558141,0.154578408,0.172090847,0.172090847
-75.66408943,0.036184861,16676970885,1.05E-05,24405349588,1.09E-05,2.00229E+11,1.16E-05,1.78E-05,0.543903281,0.140721446,0.185407979,0.185407979
-42.63431103,0.031976852,8030165605,1.30E-05,24448579584,8.53E-06,1.99499E+11,1.25E-05,1.41E-06,0.783879365,0.075860652,0.125959657,0.125959657
-77.72756602,0.028435561,6921670539,1.29E-05,20814305279,1.10E-05,1.90464E+11,1.06E-05,4.96E-05,0.804283141,0.100840573,0.228510929,0.228510929
-43.68284328,0.020369165,8912602738,1.01E-05,29384873023,7.92E-06,1.91868E+11,1.25E-05,2.19E-05,0.857740885,0.075392049,0.101015151,0.101015151
-91.52661275,0.033552199,16062414656,1.06E-05,11512332515,9.24E-06,2.0976E+11,1.18E-05,5.53E-06,1.160917718,0.164841749,0.224550408,0.224550408
-110.2175454,0.027359689,10449066726,9.72E-06,15751819289,8.20E-06,1.93913E+11,1.19E-05,1.09E-06,2.949769534,0.193147709,0.248271679,0.248271679
-59.23004869,0.020510581,6347771950,1.01E-05,20227132392,1.06E-05,2.07223E+11,1.29E-05,1.59E-05,1.611322882,0.105608627,0.139574129,0.139574129
-81.69709566,0.028789165,6432584107,1.24E-05,20232909834,1.06E-05,2.04263E+11,1.14E-05,3.25E-05,0.551117538,0.125961826,0.232741867,0.232741867
-90.02356272,0.024513949,5995321361,1.27E-05,11525842396,1.10E-05,1.99965E+11,1.08E-05,2.87E-06,1.16003899,0.110119739,0.26329762,0.26329762
-43.93807257,0.025097102,16529138847,1.02E-05,25012985827,1.09E-05,2.08516E+11,1.11E-05,2.17E-05,0.560120028,0.068465806,0.104074268,0.104074268
-69.73101835,0.037018407,18168120316,1.14E-05,28359744034,1.10E-05,2.0742E+11,1.25E-05,1.77E-05,2.110453105,0.135208722,0.186002099,0.186002099
-45.50279781,0.034052192,7217174337,9.42E-06,27009682235,8.18E-06,1.90979E+11,1.13E-05,6.46E-06,1.24045977,0.080508624,0.099536381,0.099536381
-82.08914302,0.022092702,18400249957,9.71E-06,15098011619,9.93E-06,1.91814E+11,1.19E-05,8.74E-06,1.148364578,0.136227345,0.185397982,0.185397982
-55.65308053,0.038477112,6588327248,1.26E-05,23427664536,1.10E-05,1.94693E+11,1.14E-05,9.21E-06,0.560401568,0.095483206,0.161890289,0.161890289
-65.26837948,0.034922919,18770959081,1.08E-05,33470338600,1.08E-05,1.90035E+11,1.13E-05,1.55E-05,1.322780997,0.111484231,0.165599677,0.165599677
-53.71755007,0.03322761,10266334954,1.29E-05,25864287830,5.05E-06,1.93799E+11,1.07E-05,4.22E-06,2.53709746,0.074253088,0.156637309,0.156637309
-99.91015969,0.021678089,8568800798,1.07E-05,38987090243,1.07E-05,2.08787E+11,1.22E-05,9.24E-06,2.310527275,0.158925763,0.249378109,0.249378109
-100.0419887,0.037214649,5137653743,1.22E-05,19122099219,1.10E-05,2.02806E+11,1.23E-05,2.51E-05,1.997868184,0.18567529,0.285717487,0.285717487
-73.70600594,0.020530532,10278660844,1.29E-05,23862084184,1.10E-05,2.05343E+11,1.07E-05,1.84E-06,0.680487676,0.082156843,0.212001975,0.212001975
-39.33950025,0.033189297,5917715172,1.20E-05,34884156438,8.98E-06,1.95392E+11,1.23E-05,2.09E-05,1.071316921,0.070946121,0.10850172,0.10850172
-65.43166373,0.025287498,19584811081,9.08E-06,17147031992,5.61E-06,1.96237E+11,1.28E-05,8.23E-06,1.834439657,0.127759335,0.135116644,0.135116644
-45.80424106,0.021448366,6793033024,1.29E-05,14028626005,1.07E-05,1.97758E+11,1.30E-05,2.76E-06,0.815007389,0.073790329,0.134752247,0.134752247
-71.30294819,0.022339742,13657376376,1.30E-05,20777459099,7.05E-06,1.93161E+11,1.06E-05,1.35E-05,1.490023886,0.077388283,0.200784384,0.200784384
-93.0500747,0.036498109,19353636498,1.15E-05,17595712893,1.10E-05,1.98303E+11,1.26E-05,4.60E-06,0.818279374,0.184074457,0.249577027,0.249577027
-87.03105658,0.035301409,15339830414,1.08E-05,13742072486,1.07E-05,2.01343E+11,1.28E-05,2.09E-06,1.801179477,0.176169403,0.221113246,0.221113246
-107.9807436,0.028234296,11686006692,1.13E-05,21395403641,1.10E-05,2.06589E+11,1.08E-05,2.05E-05,0.628261755,0.159409003,0.282635236,0.282635236
-54.45891609,0.029340239,14169446578,1.25E-05,15207484699,5.23E-06,2.01069E+11,1.23E-05,1.14E-05,0.756752598,0.093675894,0.152790872,0.152790872
-72.83271935,0.034431612,9691813825,1.09E-05,15534763668,5.51E-06,2.09066E+11,1.09E-05,1.65E-06,2.01375357,0.114687037,0.18118404,0.18118404
-64.66704071,0.034367937,7958443772,9.65E-06,15712908361,9.24E-06,1.97582E+11,1.20E-05,9.40E-06,0.967287151,0.124175369,0.145494732,0.145494732
-62.39391644,0.032921859,7960556767,1.23E-05,20771003849,7.55E-06,1.90108E+11,1.12E-05,4.90E-06,0.616111709,0.098658022,0.174098438,0.174098438
-71.56581939,0.021749037,10046371719,8.65E-06,25099191790,5.98E-06,1.95603E+11,1.13E-05,2.24E-06,2.91514012,0.11333598,0.141416731,0.141416731
-84.787603,0.02821964,5915425312,1.23E-05,24946670740,8.20E-06,2.05929E+11,1.29E-05,2.19E-06,0.50554082,0.15797095,0.236074382,0.236074382
-56.5650484,0.029031389,19574080805,1.26E-05,11240847566,6.95E-06,1.954E+11,1.28E-05,1.59E-05,1.219071372,0.100360129,0.16129453,0.16129453
-22.73548141,0.029154886,5059387567,9.09E-06,11263381384,6.73E-06,1.94965E+11,1.16E-05,2.32E-06,1.972094786,0.040168958,0.047530715,0.047530715
-42.54881437,0.032931613,12833710392,1.18E-05,10843778248,6.14E-06,1.9224E+11,1.17E-05,6.98E-06,1.863184516,0.071162737,0.114166142,0.114166142
-71.89350069,0.033512364,6713282818,1.19E-05,30688903236,1.10E-05,1.97422E+11,1.20E-05,2.13E-06,2.373263131,0.124116104,0.200269594,0.200269594
-108.3141222,0.025182812,6978260345,1.10E-05,12663425949,1.06E-05,2.07778E+11,1.17E-05,1.28E-06,0.597629626,0.176211449,0.273785134,0.273785134
-32.195679,0.03858183,11441394062,1.01E-05,26991760844,1.02E-05,1.92899E+11,1.28E-05,3.32E-06,2.580787613,0.067973575,0.076812424,0.076812424
-31.45919501,0.024304523,10769630898,1.06E-05,17517673191,9.37E-06,2.09992E+11,1.25E-05,4.30E-05,0.642030275,0.056388389,0.076581474,0.076581474
-68.88998595,0.03920109,5865601128,1.28E-05,33966249423,1.02E-05,1.97525E+11,1.05E-05,3.58E-06,0.509891656,0.105913759,0.202918857,0.202918857
-116.2447774,0.035416314,7531424927,9.04E-06,29615375384,8.62E-06,2.04947E+11,1.13E-05,1.69E-05,2.922980704,0.210252901,0.246624822,0.246624822
-111.6025994,0.0301452,6635247738,1.11E-05,14063724967,6.96E-06,1.95783E+11,1.17E-05,2.71E-06,0.715457203,0.191426128,0.279964833,0.279964833
-57.21716447,0.036657786,11220894202,9.86E-06,26742896054,9.67E-06,1.98646E+11,1.21E-05,3.59E-06,1.042804351,0.11229245,0.132066608,0.132066608
-20.65187791,0.031932399,17634491434,1.30E-05,14159776667,1.10E-05,2.03711E+11,1.29E-05,9.59E-06,0.806780385,0.038496218,0.061838043,0.061838043
-81.79392921,0.029051595,6798824988,1.11E-05,22309233849,1.08E-05,2.08669E+11,1.19E-05,2.81E-06,1.747930144,0.138574425,0.211425975,0.211425975
-115.9196623,0.029658412,10294082311,1.10E-05,11029445457,6.07E-06,1.95661E+11,1.27E-05,1.16E-05,2.346759157,0.217433826,0.289728237,0.289728237
-62.34048147,0.026426511,18456310569,8.57E-06,26810435730,9.00E-06,1.93121E+11,1.23E-05,9.15E-06,1.174115773,0.120426084,0.124879368,0.124879368
-77.49368229,0.037885905,17016075561,1.18E-05,30769148665,5.59E-06,2.03997E+11,1.28E-05,1.17E-06,2.647175435,0.154220017,0.208380188,0.208380188
-39.53935649,0.031525945,14045960045,1.27E-05,10698346814,8.89E-06,1.92734E+11,1.18E-05,1.41E-05,0.729075952,0.064769961,0.114374202,0.114374202
-31.86451015,0.025955493,14552832813,1.18E-05,24299397690,1.01E-05,2.03007E+11,1.22E-05,4.17E-05,2.272033352,0.0516481,0.087247005,0.087247005
-116.9820366,0.034633987,6794469716,1.02E-05,22772326707,6.90E-06,2.06597E+11,1.10E-05,4.39E-05,0.565506683,0.202222615,0.272134177,0.272134177
-111.9298573,0.035477636,9653762147,1.10E-05,23634686943,9.16E-06,1.94176E+11,1.07E-05,2.16E-05,0.51239747,0.182795955,0.282599898,0.282599898
-79.9303039,0.024360695,5556547745,9.05E-06,30846513604,8.89E-06,1.97625E+11,1.16E-05,9.83E-06,2.218851629,0.13491816,0.168714896,0.168714896
-89.1025884,0.038905307,10132220776,8.52E-06,37221241776,7.46E-06,1.96189E+11,1.11E-05,1.26E-06,1.484952201,0.16512566,0.177060279,0.177060279
-69.25228652,0.033434663,10758553188,1.00E-05,16843418103,8.88E-06,2.07538E+11,1.22E-05,2.73E-05,0.995780635,0.133704767,0.161243703,0.161243703
-102.0847052,0.033974862,18545145361,1.21E-05,34343869769,1.10E-05,2.03409E+11,1.27E-05,1.11E-06,1.028704869,0.195346438,0.28831641,0.28831641
-117.439805,0.024782516,16642405995,8.26E-06,20851850587,6.84E-06,2.07367E+11,1.07E-05,2.53E-06,1.822344232,0.183947217,0.223839934,0.223839934
-40.45009956,0.020222825,18588440228,8.82E-06,38483034233,8.78E-06,2.00811E+11,1.09E-05,3.78E-05,1.134960655,0.060111325,0.082715563,0.082715563
-30.54459239,0.038669126,9454536868,1.04E-05,26311202203,7.88E-06,2.0091E+11,1.20E-05,1.05E-06,1.600748205,0.058951921,0.0733455,0.0733455
-21.07191796,0.022758666,14061418422,1.21E-05,15168103631,6.54E-06,2.02645E+11,1.14E-05,3.81E-06,0.706868192,0.029356031,0.057257553,0.057257553
-49.75242486,0.037524278,10584291217,1.24E-05,26487365391,1.08E-05,2.00017E+11,1.12E-05,2.04E-05,1.996126789,0.080000204,0.144301378,0.144301378
-80.24917158,0.033041056,10146256506,1.14E-05,13723356360,5.54E-06,2.07835E+11,1.14E-05,8.18E-06,2.460175088,0.130358711,0.207340217,0.207340217
-57.15519707,0.029190704,19649942538,8.47E-06,25533893706,6.34E-06,1.99203E+11,1.12E-05,1.50E-05,1.60623453,0.099685841,0.111279121,0.111279121
-46.21762887,0.031110424,8213903077,1.24E-05,18030242839,1.10E-05,1.91936E+11,1.14E-05,3.84E-06,1.256865769,0.071357491,0.132883619,0.132883619
-91.5935416,0.038626064,9319771673,1.29E-05,19421578617,9.03E-06,1.92887E+11,1.22E-05,7.47E-06,1.203334345,0.168067715,0.271411343,0.271411343
-108.6570743,0.039860841,17163468538,1.22E-05,27917322942,1.10E-05,1.9547E+11,1.06E-05,4.82E-05,2.503818081,0.167349639,0.309534786,0.309534786
-92.53642594,0.023477162,14450525990,8.91E-06,28396932543,7.68E-06,1.9097E+11,1.10E-05,3.26E-06,1.353058321,0.144687553,0.190195664,0.190195664
-106.5569204,0.030814293,17314948222,8.25E-06,33419753828,5.27E-06,1.90179E+11,1.21E-05,4.34E-06,2.079458237,0.210186055,0.200947067,0.210186055
-59.5554835,0.035418493,6489080059,1.09E-05,10521591419,6.15E-06,1.92366E+11,1.14E-05,5.44E-06,2.976877256,0.101516716,0.148701211,0.148701211
-34.92883746,0.034412819,16859998151,8.74E-06,19109875539,8.73E-06,2.05182E+11,1.12E-05,1.22E-06,1.749694196,0.063023306,0.071719988,0.071719988
-37.66893871,0.022369821,18334094675,1.08E-05,35105833217,9.28E-06,1.92956E+11,1.30E-05,2.65E-06,2.638101726,0.066690149,0.094115288,0.094115288
-51.64143388,0.037708402,6314039762,1.21E-05,30469239062,1.10E-05,2.03175E+11,1.25E-05,1.22E-05,0.53800739,0.102405062,0.144183247,0.144183247
-119.8917844,0.026592825,9813479939,1.03E-05,30633351071,1.01E-05,2.03461E+11,1.11E-05,1.76E-05,1.695631385,0.183901563,0.289170377,0.289170377
-114.6799028,0.039565398,16376357084,8.22E-06,12446289901,5.72E-06,1.98015E+11,1.20E-05,3.05E-05,1.786367014,0.237803638,0.217614749,0.237803638
-67.91344945,0.034174206,7644688808,8.88E-06,13713664365,6.79E-06,2.00596E+11,1.17E-05,1.50E-06,0.538841152,0.131943297,0.137928153,0.137928153
-20.87744006,0.023466329,11912206153,1.21E-05,10405321026,1.10E-05,1.96392E+11,1.16E-05,4.24E-06,1.26382324,0.029481664,0.058366911,0.058366911
-47.45114017,0.039776775,9142825958,1.07E-05,30458935153,8.70E-06,2.07745E+11,1.18E-05,1.57E-05,1.986118551,0.088946492,0.11849573,0.11849573
-28.23009736,0.033898738,13426585306,1.24E-05,21442246391,6.61E-06,1.96208E+11,1.18E-05,1.43E-05,2.225823454,0.047048079,0.079715736,0.079715736
-39.08886467,0.02925142,7110980794,1.20E-05,20965817899,5.36E-06,1.92102E+11,1.15E-05,2.42E-05,1.795191443,0.059850971,0.105518646,0.105518646
-116.0696058,0.027199722,14166871352,9.97E-06,13611027597,9.90E-06,1.92505E+11,1.21E-05,2.97E-05,1.069279098,0.209304794,0.269362402,0.269362402
-22.26406269,0.039554898,14170392429,9.06E-06,27303220716,8.71E-06,1.90071E+11,1.14E-05,2.56E-06,0.943575496,0.042336522,0.047201743,0.047201743
-49.08966644,0.020210759,15963950840,8.18E-06,22677556282,1.10E-05,2.08685E+11,1.11E-05,3.14E-06,1.858697017,0.077627161,0.095630617,0.095630617
-85.14341665,0.020555917,7430033895,9.39E-06,20723578516,6.30E-06,2.09447E+11,1.13E-05,3.47E-06,1.055703505,0.129700385,0.181079107,0.181079107
-35.21653747,0.032312913,6465484723,8.54E-06,12755291630,8.78E-06,1.99021E+11,1.16E-05,2.40E-06,0.73267705,0.067226682,0.070196949,0.070196949
-115.8938876,0.031208169,16928352995,1.20E-05,26798131899,1.08E-05,2.04899E+11,1.09E-05,1.03E-06,1.572422582,0.167766758,0.324839828,0.324839828
-66.28727619,0.02419143,7707043233,9.43E-06,37832151009,5.30E-06,1.92673E+11,1.14E-05,1.09E-05,0.558391065,0.111347519,0.139982369,0.139982369
-82.22521496,0.030125499,5064304963,1.11E-05,11273099279,5.91E-06,1.99416E+11,1.18E-05,9.87E-06,0.506936981,0.145400871,0.20468284,0.20468284
-88.78178827,0.038536181,14651630132,1.07E-05,26324865152,7.86E-06,2.00001E+11,1.28E-05,3.30E-05,0.811554742,0.187830773,0.218949917,0.218949917
-27.01990112,0.030397357,9590024938,8.48E-06,12463510299,7.10E-06,2.06987E+11,1.13E-05,4.88E-05,1.837067113,0.047729851,0.053109015,0.053109015
-71.99479599,0.036373085,9650374684,9.21E-06,13913810058,9.62E-06,2.04541E+11,1.28E-05,7.71E-06,1.737263953,0.154149627,0.156303474,0.156303474
-110.3200476,0.021800888,11252847448,8.84E-06,11710793518,9.05E-06,1.94802E+11,1.27E-05,4.72E-05,1.826057795,0.209215757,0.227486815,0.227486815
-45.16637191,0.023440044,9138001772,1.03E-05,28352143349,8.76E-06,1.93235E+11,1.15E-05,8.37E-06,0.75079649,0.071287471,0.106578123,0.106578123
-46.36117028,0.030938929,8612916001,8.79E-06,27597897960,8.97E-06,2.03387E+11,1.10E-05,8.74E-06,1.467841697,0.079557046,0.095494842,0.095494842
-74.20521811,0.0271771,12334315351,1.15E-05,29248772007,9.49E-06,1.96716E+11,1.26E-05,1.34E-06,2.862478421,0.129813435,0.198002683,0.198002683
-77.38369767,0.020774436,19483409006,1.29E-05,18215666530,6.77E-06,1.98648E+11,1.27E-05,1.09E-06,1.816307521,0.114544847,0.225207321,0.225207321
-115.6325875,0.031737059,18058782743,1.02E-05,34867323017,9.90E-06,1.97495E+11,1.06E-05,1.25E-06,1.492091841,0.178807959,0.275307274,0.275307274
-89.17019333,0.023534832,11746519481,8.47E-06,13990734562,8.81E-06,1.9369E+11,1.11E-05,3.41E-05,0.928008533,0.147077968,0.175812926,0.175812926
-39.95498012,0.033928379,10094605433,1.11E-05,27078570943,8.76E-06,2.03526E+11,1.07E-05,1.31E-06,2.978592422,0.060320089,0.102846767,0.102846767
-108.5572978,0.031723593,16264863419,1.24E-05,24423241232,1.10E-05,2.01789E+11,1.13E-05,1.54E-05,2.507968791,0.163362137,0.312951291,0.312951291
-111.3444435,0.022610485,5015084335,1.24E-05,30336237609,1.10E-05,1.95139E+11,1.19E-05,1.02E-06,2.399674058,0.157288519,0.318611849,0.318611849
-90.10243793,0.035138318,5574914720,9.12E-06,19941821361,6.82E-06,1.97503E+11,1.11E-05,1.25E-06,1.208752396,0.160172279,0.189348031,0.189348031
-110.0516048,0.025688327,7281810464,1.12E-05,14683842566,7.80E-06,1.97971E+11,1.11E-05,4.09E-06,0.658766502,0.16422204,0.27868567,0.27868567
-87.8479926,0.030236715,17661107658,9.37E-06,13927456970,6.55E-06,1.96399E+11,1.13E-05,2.35E-06,2.82936241,0.150017052,0.189230002,0.189230002
-111.7187806,0.023120675,8029901554,1.26E-05,16975731852,1.10E-05,2.06157E+11,1.21E-05,6.86E-06,2.351144412,0.161315966,0.326718921,0.326718921
-42.15749845,0.025120161,5527537754,8.35E-06,32961080816,5.93E-06,1.97333E+11,1.15E-05,2.33E-06,2.100343965,0.072986116,0.08057619,0.08057619
-85.77291163,0.023762678,15030591841,1.05E-05,30604000704,7.80E-06,1.9084E+11,1.13E-05,4.34E-05,0.804792088,0.130435049,0.204978852,0.204978852
-75.47858162,0.036267629,11897620556,8.20E-06,36582992771,6.71E-06,2.00642E+11,1.26E-05,3.60E-05,0.500093952,0.167165904,0.142021132,0.167165904
-100.5772202,0.024064307,10649183931,9.53E-06,13548286521,6.46E-06,1.91487E+11,1.19E-05,2.03E-05,2.575780348,0.171286606,0.218953115,0.218953115
-96.79796905,0.024526923,9445172353,8.10E-06,27499205891,5.63E-06,1.97946E+11,1.18E-05,9.09E-06,0.860234213,0.177893825,0.178223611,0.178223611
-22.9707247,0.02011001,14873581058,1.23E-05,14983855433,7.32E-06,1.96905E+11,1.24E-05,9.35E-06,0.802296974,0.034032729,0.063707086,0.063707086
-31.24734396,0.031146766,13386137459,1.09E-05,13325565643,1.10E-05,1.92266E+11,1.11E-05,2.00E-06,1.966113505,0.048679916,0.080262225,0.080262225
-90.4627547,0.030697158,18941723575,1.16E-05,11411341502,8.44E-06,1.90712E+11,1.07E-05,2.00E-06,2.696372001,0.12781548,0.240808143,0.240808143
-104.0251294,0.037205105,8631742035,1.09E-05,24529857934,6.80E-06,1.94504E+11,1.16E-05,1.87E-06,1.369313984,0.187702131,0.259597973,0.259597973
-47.10585252,0.031831526,14519833522,9.95E-06,12531053056,9.93E-06,2.02365E+11,1.20E-05,2.66E-06,0.502966172,0.089464681,0.108549831,0.108549831
-89.87127083,0.032120327,14328574139,1.17E-05,10461236911,6.21E-06,2.03946E+11,1.08E-05,1.23E-06,0.560932949,0.138947313,0.236682079,0.236682079
-21.81263885,0.035330723,7092190479,8.81E-06,20455750347,1.06E-05,2.07617E+11,1.14E-05,4.06E-06,2.726729003,0.04006968,0.045843171,0.045843171
-53.19440337,0.02910517,6860798567,1.22E-05,11313699478,1.10E-05,2.02535E+11,1.07E-05,1.55E-06,0.598380035,0.074551216,0.149432639,0.149432639
-68.83753258,0.039521316,16591096661,9.84E-06,22753985139,9.66E-06,1.96281E+11,1.24E-05,6.36E-06,1.486369025,0.141950785,0.159167685,0.159167685
-91.43874199,0.039366405,19860350298,9.34E-06,11193787036,9.09E-06,2.08603E+11,1.30E-05,2.31E-06,0.774696702,0.204854786,0.199546083,0.204854786
-87.47922029,0.036826954,12574686894,1.08E-05,10444960466,8.08E-06,1.93635E+11,1.21E-05,4.35E-06,2.235168653,0.165637036,0.219390719,0.219390719
-69.37060932,0.037825967,13767041171,1.24E-05,15296603999,1.09E-05,1.96128E+11,1.21E-05,6.71E-06,1.140680905,0.126211175,0.200266363,0.200266363
-75.20783076,0.038832301,5964636042,1.14E-05,11759007993,1.10E-05,1.9947E+11,1.23E-05,7.29E-06,0.765226205,0.148731982,0.19970116,0.19970116
-54.21789118,0.022597047,6964421320,9.75E-06,22430925554,1.01E-05,2.08997E+11,1.10E-05,1.51E-06,1.150665606,0.08028648,0.123255618,0.123255618
-76.162404,0.038180427,9440206487,8.21E-06,37068849705,7.46E-06,2.00584E+11,1.11E-05,4.28E-06,1.579157534,0.141453575,0.14614242,0.14614242
-59.13348864,0.025360708,14605053469,1.01E-05,21342539730,9.95E-06,2.02059E+11,1.10E-05,1.57E-06,2.184786174,0.087977899,0.138932343,0.138932343
-83.44841596,0.03450043,13369129786,9.25E-06,23886838946,9.54E-06,2.06698E+11,1.06E-05,2.21E-06,1.205127727,0.137018747,0.181304733,0.181304733
-93.52380876,0.036173371,9769458509,1.29E-05,20261446993,8.64E-06,1.99533E+11,1.23E-05,2.24E-05,0.549817798,0.173273801,0.274604422,0.274604422
-59.11135521,0.038802161,6482918656,1.27E-05,18050306379,1.10E-05,2.09703E+11,1.22E-05,2.45E-06,1.011181895,0.110023953,0.175023251,0.175023251
-84.27277141,0.03992663,9879603211,8.18E-06,14123879571,7.54E-06,1.95433E+11,1.06E-05,2.11E-05,1.32538431,0.15114647,0.161303459,0.161303459
-118.7317027,0.037880677,10153721787,1.06E-05,10092675663,1.09E-05,1.94354E+11,1.07E-05,1.14E-06,2.605593274,0.1921167,0.297992603,0.297992603
-79.63526152,0.037130347,18232533227,1.18E-05,13799997996,1.04E-05,2.0115E+11,1.30E-05,3.38E-06,0.566604865,0.165874971,0.217835782,0.217835782
-26.69665456,0.036959795,18149653831,1.23E-05,18803855544,9.72E-06,1.95776E+11,1.15E-05,4.64E-06,2.108151238,0.044667405,0.075978124,0.075978124
-33.47074598,0.023506963,5375022939,1.09E-05,15815597502,9.04E-06,2.09312E+11,1.14E-05,2.05E-06,1.449196646,0.049259921,0.084333132,0.084333132
-86.85605548,0.026928404,6412352300,1.01E-05,16911046184,1.03E-05,1.97013E+11,1.19E-05,9.44E-06,0.688222128,0.152450448,0.20429315,0.20429315
-23.96198877,0.02224727,11009524016,1.25E-05,19838883713,1.10E-05,2.08397E+11,1.08E-05,1.09E-05,0.758207254,0.028730064,0.068804577,0.068804577
-36.13352726,0.037796479,11188420341,1.08E-05,19089641757,1.07E-05,1.99992E+11,1.23E-05,3.56E-06,1.883585587,0.070396376,0.091811186,0.091811186
-41.98487381,0.039824107,12607166461,1.25E-05,26770642700,1.10E-05,1.94738E+11,1.12E-05,4.00E-05,1.508424989,0.069612641,0.122715975,0.122715975
-119.3146124,0.022971529,13958806592,9.99E-06,14127811042,8.49E-06,2.03218E+11,1.07E-05,3.25E-06,1.723494967,0.165646306,0.274956071,0.274956071
-102.9720977,0.020067844,5547109808,9.82E-06,24242653937,8.94E-06,2.01647E+11,1.05E-05,7.77E-06,2.266753878,0.132262399,0.23405171,0.23405171
-54.96337079,0.035932014,5591003264,1.03E-05,31427113282,1.08E-05,1.94669E+11,1.23E-05,3.74E-06,1.081706474,0.107893797,0.133691246,0.133691246
-49.92218809,0.03416427,15288574487,9.54E-06,12394095910,8.12E-06,2.09783E+11,1.06E-05,2.41E-05,1.11185058,0.081026312,0.110403456,0.110403456
-32.63977369,0.022352025,9787374493,1.17E-05,24672682644,1.10E-05,2.02634E+11,1.17E-05,1.32E-06,2.303672659,0.046147257,0.088958933,0.088958933
-29.23782299,0.023395844,6444955516,8.57E-06,31595900067,5.68E-06,2.04671E+11,1.06E-05,1.57E-05,0.919499674,0.044371306,0.056846694,0.056846694
-96.07793173,0.032872014,13860308097,8.09E-06,21880811902,8.27E-06,1.90872E+11,1.23E-05,2.28E-06,1.099639492,0.199574867,0.181943051,0.199574867
-33.89777332,0.028747414,10215053371,1.16E-05,32442585459,1.10E-05,2.05263E+11,1.13E-05,3.48E-05,0.963472162,0.052427092,0.091429966,0.091429966
-65.71664022,0.021238245,8894467658,8.59E-06,15456918224,8.55E-06,1.9643E+11,1.17E-05,1.78E-06,1.134580941,0.11236083,0.131038326,0.131038326
-102.7703109,0.033654653,14423011869,1.10E-05,10306298831,6.78E-06,2.04615E+11,1.13E-05,2.06E-05,0.876226267,0.173410276,0.257265437,0.257265437
-34.79667328,0.029959169,19576684819,1.06E-05,13564888744,1.08E-05,2.04352E+11,1.10E-05,1.37E-06,1.644432488,0.053838817,0.08643075,0.08643075
-80.99490481,0.033848967,9713763753,1.23E-05,11020124269,5.15E-06,1.96742E+11,1.17E-05,1.30E-06,1.331349287,0.134959999,0.225349431,0.225349431
-117.5834838,0.031865558,6297369456,1.21E-05,12281183920,1.09E-05,1.90564E+11,1.23E-05,8.67E-06,2.92868797,0.205714999,0.332450361,0.332450361
-41.25885513,0.028123179,8114908770,1.11E-05,16932744047,1.09E-05,1.91448E+11,1.18E-05,2.16E-06,1.54804068,0.06777108,0.107050197,0.107050197
-80.60909968,0.02517571,18723033549,1.26E-05,24768433347,1.03E-05,1.99485E+11,1.16E-05,9.68E-06,0.902363426,0.116087709,0.232418303,0.232418303
-22.16166401,0.026851792,13093610073,9.65E-06,13160763768,5.37E-06,2.06086E+11,1.08E-05,1.80E-05,0.732254111,0.034238464,0.048185802,0.048185802
-42.36511963,0.034799957,12502667008,1.07E-05,19883622257,5.25E-06,1.91263E+11,1.15E-05,1.53E-05,0.907481233,0.074457991,0.102279277,0.102279277
-96.50374507,0.03577929,14360564416,1.16E-05,15678122983,1.08E-05,2.09472E+11,1.16E-05,3.46E-05,0.99071277,0.167877573,0.261636745,0.261636745
-57.55519326,0.025067303,19964217759,1.10E-05,25603953665,6.18E-06,1.98324E+11,1.08E-05,1.26E-06,1.531990391,0.078921801,0.14338901,0.14338901
-107.155787,0.026526954,12554387157,1.18E-05,33510119824,1.10E-05,2.04195E+11,1.10E-05,2.36E-06,2.204397842,0.148035601,0.29380652,0.29380652
-111.3417478,0.036719401,5868754563,1.05E-05,21715214526,5.81E-06,1.99521E+11,1.30E-05,4.12E-06,1.46111362,0.234114504,0.266804902,0.266804902
-52.06077473,0.020324316,12945142493,1.11E-05,16657534048,1.08E-05,1.93349E+11,1.25E-05,2.01E-06,2.087050649,0.082506989,0.134488712,0.134488712
-23.92470229,0.028705488,11732554185,8.48E-06,20190983327,8.62E-06,2.01043E+11,1.15E-05,2.50E-05,2.070491311,0.042701661,0.047583256,0.047583256
-63.13363585,0.031645369,5956924240,1.09E-05,20588416538,8.55E-06,1.96434E+11,1.27E-05,2.17E-06,1.159232658,0.123185464,0.158095757,0.158095757
-62.72497932,0.035001086,6288631804,8.71E-06,10986748533,8.62E-06,2.01778E+11,1.21E-05,1.83E-05,2.190438261,0.124751669,0.128313855,0.128313855
-56.16253578,0.020916956,16659554159,1.24E-05,10483830738,1.10E-05,2.00475E+11,1.22E-05,1.57E-06,2.561539344,0.078883016,0.161615084,0.161615084
-54.93251123,0.039933021,19970679510,8.35E-06,16136623095,9.98E-06,2.07805E+11,1.28E-05,5.81E-06,0.650486345,0.124803506,0.108570775,0.124803506
-45.93868226,0.030250873,19416258351,8.19E-06,14927993907,5.83E-06,1.9615E+11,1.20E-05,1.08E-05,1.138376228,0.08974325,0.086173449,0.08974325
-111.3245116,0.027282733,6987259112,8.53E-06,29715440328,8.60E-06,2.04423E+11,1.27E-05,6.80E-06,2.169605411,0.224767837,0.222312421,0.224767837
-46.1193637,0.026637039,6938764592,8.18E-06,20500132276,5.10E-06,2.0599E+11,1.07E-05,4.38E-06,0.514690269,0.076475713,0.084910176,0.084910176
-25.08170088,0.032528867,9959367359,1.03E-05,13596221565,6.25E-06,2.06612E+11,1.26E-05,2.97E-06,0.93465008,0.049814064,0.058852519,0.058852519
-49.65625182,0.024371625,10444188034,1.01E-05,21628922523,8.41E-06,1.96242E+11,1.24E-05,3.07E-05,1.032754875,0.088679722,0.11571549,0.11571549
-34.32406097,0.028045399,11230693257,1.08E-05,36124291804,1.07E-05,1.97784E+11,1.07E-05,1.32E-05,2.217042278,0.048988089,0.086937893,0.086937893
-42.85245078,0.029932488,8393176797,1.15E-05,19468020833,1.10E-05,2.0568E+11,1.13E-05,2.79E-05,2.286315897,0.065961817,0.115434444,0.115434444
-23.00472545,0.025421586,5109541080,9.55E-06,38825881529,8.52E-06,1.90209E+11,1.16E-05,1.07E-05,0.681526976,0.039545247,0.050547342,0.050547342
-108.0798032,0.038932085,6543378966,1.03E-05,14251967775,5.69E-06,2.02896E+11,1.21E-05,1.57E-05,1.962241234,0.210110936,0.255428992,0.255428992
-91.03565874,0.032454605,5374554181,9.11E-06,13398309944,9.36E-06,1.93145E+11,1.26E-05,1.35E-05,1.686936903,0.186313367,0.194724844,0.194724844
-32.99192542,0.03555757,15430717195,1.11E-05,18852579136,1.04E-05,2.0592E+11,1.12E-05,5.35E-06,1.500293074,0.05454213,0.085968809,0.085968809
-96.97800452,0.02740801,6872722731,1.05E-05,13416336385,1.08E-05,2.06941E+11,1.21E-05,9.06E-06,1.317094328,0.17067663,0.238542217,0.238542217
-41.41193145,0.03944875,18694254918,1.29E-05,13767838334,6.10E-06,2.02831E+11,1.22E-05,2.58E-05,2.940482366,0.075142065,0.121637158,0.121637158
-22.14258419,0.02049312,7197073842,8.05E-06,31943038847,5.31E-06,2.06299E+11,1.12E-05,3.98E-05,2.036102065,0.035799163,0.040495751,0.040495751
-51.48872535,0.034151199,7485987055,1.15E-05,26946008622,6.13E-06,1.96729E+11,1.30E-05,2.94E-06,1.362331092,0.10301126,0.134716013,0.134716013
-76.0840855,0.027307169,15728957756,1.22E-05,21947844730,7.71E-06,2.08575E+11,1.13E-05,1.22E-06,0.892376864,0.111952908,0.210262306,0.210262306
-64.51047746,0.033452062,17024933217,1.13E-05,14133301423,1.10E-05,2.07318E+11,1.11E-05,1.47E-05,2.223078838,0.102876904,0.170455733,0.170455733
-27.79512147,0.020680307,11882805308,8.33E-06,10171368970,8.43E-06,2.04589E+11,1.14E-05,4.82E-05,2.454342357,0.045328568,0.054017781,0.054017781
-83.34528286,0.035470796,11559970545,8.65E-06,11123769118,8.62E-06,1.91716E+11,1.18E-05,3.69E-06,0.640516196,0.166175705,0.167887578,0.167887578
-43.58626425,0.027240123,10291710734,8.35E-06,11565632689,8.46E-06,1.9529E+11,1.24E-05,2.13E-06,1.936327443,0.086045624,0.085202626,0.086045624
-32.19126615,0.027484794,9287989087,8.43E-06,19181107971,7.33E-06,2.02949E+11,1.20E-05,1.09E-05,1.190649438,0.061035414,0.062723697,0.062723697
-72.164915,0.033485853,5807501849,1.29E-05,12241465093,8.69E-06,2.01448E+11,1.19E-05,2.74E-05,2.667004427,0.117629672,0.214064644,0.214064644
-32.52050044,0.03333814,17430387896,8.58E-06,25173525707,7.52E-06,2.03108E+11,1.26E-05,2.83E-06,1.215372365,0.068687669,0.064782939,0.068687669
-108.9977951,0.033208115,6370356891,8.61E-06,13867414401,8.74E-06,1.93843E+11,1.14E-05,2.00E-06,0.925569325,0.203451515,0.219456789,0.219456789
-88.46035118,0.037434618,16901170050,1.03E-05,15838235621,8.69E-06,2.03581E+11,1.23E-05,3.36E-06,0.517535553,0.181042967,0.210695203,0.210695203
-62.0803018,0.032275122,11883731040,1.08E-05,11618647482,1.07E-05,1.93872E+11,1.14E-05,8.58E-06,2.369230302,0.102125843,0.157951117,0.157951117
-72.38988346,0.027976383,6264666748,1.16E-05,13654915799,7.15E-06,2.00656E+11,1.26E-05,1.21E-06,2.381110997,0.128422272,0.190845874,0.190845874
-42.64815151,0.034723666,12731903477,1.30E-05,38307428211,1.10E-05,1.90769E+11,1.12E-05,2.62E-05,0.715304513,0.067186352,0.127624477,0.127624477
-94.01123572,0.036470044,19932982280,1.07E-05,11553996089,9.98E-06,2.05964E+11,1.08E-05,3.23E-05,1.268534514,0.153252682,0.234261527,0.234261527
-34.03625681,0.02415806,12643805751,1.19E-05,14101022549,1.05E-05,1.93603E+11,1.28E-05,3.84E-05,2.385816799,0.057389611,0.093536676,0.093536676
-67.73399907,0.021068033,12903896950,1.03E-05,28977032476,9.05E-06,2.01899E+11,1.12E-05,4.02E-05,1.038387898,0.096809186,0.160885132,0.160885132
-95.50797132,0.031433517,7870628871,1.08E-05,15430616179,6.28E-06,2.00609E+11,1.29E-05,2.53E-06,1.496046754,0.189046379,0.234228183,0.234228183
-77.21168971,0.022562276,5718668610,8.25E-06,36254832040,7.08E-06,2.00735E+11,1.13E-05,3.44E-05,0.580116909,0.131918064,0.145492065,0.145492065
-110.6190577,0.035908116,14987949598,8.12E-06,15453658969,9.32E-06,2.07776E+11,1.09E-05,2.23E-05,1.825297745,0.199930891,0.21326224,0.21326224
-55.86369745,0.025668167,5156833168,1.02E-05,15845575685,1.01E-05,2.00851E+11,1.12E-05,1.06E-05,1.752545733,0.085419124,0.133521406,0.133521406
-28.56110441,0.03202977,6161067494,1.12E-05,16505251333,1.10E-05,2.05655E+11,1.15E-05,1.00E-05,0.564395264,0.048488499,0.074443222,0.074443222
-109.5573625,0.023511669,11717594528,1.01E-05,12718944784,6.71E-06,1.90643E+11,1.12E-05,2.13E-06,2.729180344,0.161640361,0.25174422,0.25174422
-95.91704895,0.022163731,15522546469,1.20E-05,11864716965,1.10E-05,2.0538E+11,1.10E-05,1.17E-05,0.76874137,0.124780114,0.26504672,0.26504672
-54.88560853,0.020220814,15048464448,1.07E-05,25471879012,7.49E-06,1.99623E+11,1.20E-05,2.29E-06,1.517286544,0.084463571,0.133358539,0.133358539
-54.62368919,0.029712712,8131159353,1.23E-05,36755825275,8.14E-06,1.93621E+11,1.29E-05,3.24E-05,2.99427959,0.099017079,0.153957586,0.153957586
-56.93664853,0.039441596,11846159214,9.04E-06,12784035476,7.56E-06,1.91065E+11,1.16E-05,1.82E-06,2.468108735,0.109896779,0.120117454,0.120117454
-116.0461938,0.031425673,15671352039,1.22E-05,30435380638,1.09E-05,1.94135E+11,1.26E-05,1.65E-05,0.836438235,0.213019123,0.328070506,0.328070506
-100.9214202,0.038690988,14087724841,1.13E-05,32643734542,9.01E-06,2.05064E+11,1.06E-05,3.61E-05,1.552580464,0.158820769,0.264312955,0.264312955
-95.67405067,0.038983786,7069115422,1.17E-05,22805161916,1.10E-05,2.0969E+11,1.21E-05,1.37E-06,0.968423144,0.182232614,0.261773964,0.261773964
-68.40494832,0.035435993,11043255435,1.25E-05,17156506177,5.24E-06,1.99779E+11,1.14E-05,1.25E-06,2.37078916,0.110330464,0.193461375,0.193461375
-111.0944001,0.038957823,7456536238,1.27E-05,10287065914,6.83E-06,1.92681E+11,1.14E-05,3.15E-05,1.809762118,0.184581984,0.322606595,0.322606595
-65.14995642,0.031410924,12209611676,9.66E-06,27819769714,9.73E-06,1.97914E+11,1.09E-05,2.27E-06,1.955771543,0.10507249,0.147616481,0.147616481
-51.66668982,0.039453611,15370606409,1.18E-05,11750501949,1.10E-05,2.03157E+11,1.22E-05,1.92E-06,0.58380407,0.101116484,0.142174022,0.142174022
-81.98306434,0.03088192,7072487728,8.39E-06,18536276192,9.69E-06,2.00997E+11,1.18E-05,2.08E-06,1.291858525,0.156548925,0.162574957,0.162574957
-53.58982884,0.032207941,17578864890,9.83E-06,22840485402,6.68E-06,1.93592E+11,1.28E-05,1.25E-06,1.006663192,0.10955379,0.120428012,0.120428012
-109.7586248,0.028388277,10081949383,1.03E-05,21865531244,5.93E-06,1.9175E+11,1.05E-05,1.41E-05,2.545399875,0.157311404,0.257694635,0.257694635
-41.20644241,0.022261702,12273892334,1.29E-05,13360216036,6.55E-06,2.00317E+11,1.07E-05,1.99E-06,0.566274864,0.048147498,0.115905654,0.115905654
-42.51578655,0.036750564,8532324116,8.35E-06,11845155151,8.50E-06,2.03846E+11,1.08E-05,1.31E-06,1.995810307,0.075286495,0.083672999,0.083672999
-71.93210858,0.027905005,7183636847,1.06E-05,24252369351,9.24E-06,2.07383E+11,1.11E-05,4.48E-06,1.299188018,0.110446201,0.175723274,0.175723274
-111.6620725,0.022227778,13702383218,9.47E-06,22954084367,7.00E-06,2.08922E+11,1.13E-05,1.32E-06,0.504154296,0.181585141,0.238948579,0.238948579
-106.8120389,0.028340401,9502397918,1.04E-05,17647335900,1.00E-05,2.08926E+11,1.17E-05,4.44E-05,2.211459159,0.180022843,0.258695824,0.258695824
-74.10674655,0.031125913,8146056701,1.08E-05,14833938322,1.00E-05,2.06392E+11,1.07E-05,1.72E-06,2.989617766,0.109465874,0.186445349,0.186445349
-73.43710175,0.035262894,10526787640,1.10E-05,36947927541,5.94E-06,2.02691E+11,1.22E-05,1.64E-05,0.541368852,0.142801304,0.182798286,0.182798286
-66.18511165,0.030506866,10852490136,9.65E-06,10649514037,5.51E-06,2.08834E+11,1.23E-05,1.06E-06,0.539683408,0.129841276,0.143725321,0.143725321
-20.32749223,0.025312418,9660107534,1.18E-05,26230039370,6.12E-06,2.00795E+11,1.19E-05,2.91E-06,0.596680093,0.032474431,0.053757063,0.053757063
-94.41675616,0.025896116,6494101763,8.89E-06,19327267746,9.07E-06,1.99308E+11,1.29E-05,2.80E-06,1.420668887,0.190711857,0.196092716,0.196092716
-99.15682924,0.039223753,6311070626,9.29E-06,32157779996,9.09E-06,1.9822E+11,1.13E-05,1.20E-05,2.282090149,0.183392517,0.21673281,0.21673281
-56.13072669,0.029320912,8485380866,8.93E-06,26258187551,1.04E-05,2.08494E+11,1.21E-05,2.74E-05,1.02640494,0.107836562,0.118226568,0.118226568
-39.85624735,0.038171639,15741154575,1.02E-05,17915882642,1.00E-05,1.93052E+11,1.14E-05,1.38E-05,1.698249001,0.071741685,0.095767405,0.095767405
-108.8611624,0.036871754,12483150346,8.41E-06,34843240352,1.08E-05,2.03613E+11,1.14E-05,1.04E-05,1.188997083,0.207045881,0.218956962,0.218956962
-51.0454374,0.033418753,7100892200,1.07E-05,14299764866,1.10E-05,1.95018E+11,1.18E-05,4.56E-06,1.178634836,0.091226101,0.127598853,0.127598853
-101.0879121,0.023302911,17238474973,1.15E-05,22539188191,9.96E-06,1.91781E+11,1.20E-05,2.39E-06,1.687193431,0.155620182,0.268418448,0.268418448
-85.88263732,0.039290019,18698222721,9.63E-06,14056921407,1.00E-05,2.02074E+11,1.13E-05,2.83E-05,0.886984759,0.15983129,0.19444495,0.19444495
-60.53235381,0.029226129,6147836227,1.26E-05,37056949105,1.10E-05,2.07853E+11,1.25E-05,8.72E-06,1.641456263,0.103141878,0.17646348,0.17646348
-100.5930986,0.021025979,8598384386,8.04E-06,24568915494,7.72E-06,2.03684E+11,1.30E-05,2.69E-05,2.79627858,0.201062653,0.188053856,0.201062653
-85.197096,0.020342952,11443417614,1.14E-05,14236782337,6.74E-06,2.03854E+11,1.14E-05,8.61E-06,0.510883751,0.121352896,0.216081562,0.216081562
-25.00660704,0.037292232,16253645001,1.17E-05,26591253492,7.78E-06,1.98177E+11,1.29E-05,3.74E-06,0.595309197,0.051584013,0.066674244,0.066674244
-46.33598182,0.02621436,11417614547,9.54E-06,26980105744,9.49E-06,1.90385E+11,1.23E-05,2.46E-05,1.123291311,0.086220654,0.102895118,0.102895118
-40.91448223,0.0251894,7612567332,1.19E-05,24539201178,1.05E-05,1.95616E+11,1.30E-05,1.55E-06,0.576289442,0.074821536,0.111357018,0.111357018
-55.47461433,0.033910877,13138125214,1.03E-05,16171912350,1.06E-05,1.91148E+11,1.30E-05,1.57E-05,1.352888808,0.114997837,0.13472579,0.13472579
-89.73523413,0.036159566,5975825164,8.69E-06,13539088728,9.14E-06,1.94451E+11,1.17E-05,8.28E-06,1.581685415,0.174686609,0.183865295,0.183865295
-78.23305731,0.028407808,5832276386,8.23E-06,34159351723,8.71E-06,2.00891E+11,1.07E-05,2.89E-06,0.542484661,0.13280183,0.149496552,0.149496552
-40.73722572,0.025618756,5753366493,8.02E-06,34414247123,1.00E-05,1.9499E+11,1.10E-05,2.87E-05,0.537601442,0.070293422,0.076737267,0.076737267
-78.38925361,0.022920723,8584665487,8.85E-06,11061311178,8.30E-06,1.99797E+11,1.20E-05,3.34E-06,0.971002951,0.140074804,0.160330072,0.160330072
-58.49727445,0.0345906,11780722494,9.66E-06,10436086386,7.98E-06,1.91994E+11,1.09E-05,2.79E-06,2.391563572,0.09767832,0.131346516,0.131346516
-67.57143961,0.020823549,6207161790,9.32E-06,26547900653,9.65E-06,1.92977E+11,1.12E-05,1.73E-06,1.218359024,0.10307739,0.146531708,0.146531708
-58.0325111,0.034834226,8563688950,1.20E-05,20324343694,1.10E-05,2.07442E+11,1.11E-05,4.66E-05,1.332765637,0.091748353,0.162209172,0.162209172
-72.45718551,0.025231469,7132074330,1.19E-05,27207290629,5.33E-06,1.96123E+11,1.22E-05,1.16E-06,2.179665953,0.11500001,0.193617048,0.193617048
-67.03466055,0.033322697,13229923747,9.66E-06,11108949254,9.27E-06,2.06533E+11,1.16E-05,2.26E-06,2.596498833,0.120108506,0.151837978,0.151837978
-25.03540695,0.022954976,14444017212,1.26E-05,13328111833,6.54E-06,2.0567E+11,1.10E-05,6.89E-06,2.01900273,0.030470218,0.070988704,0.070988704
-33.32665337,0.024082864,9163069608,1.14E-05,13908713776,1.10E-05,1.96301E+11,1.25E-05,3.27E-05,1.113865666,0.056100011,0.088086682,0.088086682
-93.95274671,0.036350638,16667902092,1.16E-05,17737046766,1.10E-05,2.01995E+11,1.16E-05,1.63E-06,1.590772207,0.162162891,0.254757978,0.254757978
-30.04018546,0.027992291,14624682276,1.22E-05,33785097337,8.76E-06,1.90255E+11,1.15E-05,2.21E-05,2.209726405,0.044252161,0.084247627,0.084247627
-61.49426171,0.036639196,13577268207,9.40E-06,32598135872,5.95E-06,2.07126E+11,1.28E-05,2.21E-06,0.691841879,0.132685968,0.131617935,0.132685968
-46.99957483,0.039229652,6550496265,1.28E-05,37982714839,1.06E-05,2.09219E+11,1.28E-05,3.94E-06,1.070228293,0.093426278,0.139895958,0.139895958
-95.91131378,0.037266845,11813874116,8.59E-06,25515426662,1.01E-05,1.90621E+11,1.17E-05,1.88E-05,1.136725498,0.187880049,0.195387861,0.195387861
-67.88236408,0.03323331,15149929326,8.63E-06,33564738112,6.66E-06,1.96287E+11,1.17E-05,1.54E-05,0.650053624,0.132211171,0.134287793,0.134287793
-24.1292986,0.020365614,13338327526,1.24E-05,28788056243,9.68E-06,1.92947E+11,1.20E-05,1.28E-06,1.329373738,0.032991269,0.068633644,0.068633644
-57.03405063,0.026476344,7678046850,9.17E-06,10666015366,6.87E-06,2.06447E+11,1.28E-05,2.43E-06,2.26992357,0.111785898,0.120203374,0.120203374
-99.68875199,0.037463563,19099387664,1.30E-05,14610017210,1.10E-05,2.05555E+11,1.15E-05,2.69E-06,1.01716682,0.165685135,0.300235458,0.300235458
-32.01838782,0.033589019,7641439022,8.67E-06,10651623247,9.80E-06,2.07789E+11,1.19E-05,3.67E-06,1.534727027,0.062209489,0.06565787,0.06565787
-31.69263378,0.02926465,11112988700,9.77E-06,12671427724,9.52E-06,1.98342E+11,1.24E-05,2.58E-06,0.604438371,0.061856066,0.071714421,0.071714421
-93.924041,0.032765643,11133869796,1.00E-05,39721087112,9.53E-06,1.93674E+11,1.23E-05,3.73E-05,0.50738608,0.187792052,0.21701004,0.21701004
-36.92549956,0.027417578,5986020629,8.70E-06,29896528573,7.73E-06,2.08774E+11,1.28E-05,5.80E-06,2.122559001,0.07454048,0.074560184,0.074560184
-73.62004287,0.030958572,11699529815,1.09E-05,24115604716,7.45E-06,1.909E+11,1.12E-05,1.07E-06,0.533108976,0.122605189,0.181759788,0.181759788
-75.72987223,0.035971177,15619672960,1.05E-05,32403974258,1.08E-05,1.95447E+11,1.25E-05,8.36E-06,1.544631578,0.151264499,0.187614212,0.187614212
-25.46570179,0.030971675,14738106907,1.27E-05,13659137082,7.27E-06,2.0848E+11,1.19E-05,1.71E-05,1.708243813,0.040981257,0.073796466,0.073796466
-71.81943362,0.034598115,12879859553,9.86E-06,39481190837,1.02E-05,2.01889E+11,1.20E-05,1.10E-06,0.873303985,0.138588371,0.165976226,0.165976226
-71.72272324,0.029506945,6500293061,1.08E-05,37105130689,7.85E-06,2.04826E+11,1.10E-05,6.14E-06,0.540816792,0.113744904,0.175879572,0.175879572
-69.86567403,0.029590265,7389046355,9.30E-06,15811722655,6.97E-06,2.05145E+11,1.22E-05,1.94E-06,1.58645301,0.132131453,0.149393502,0.149393502
-48.77560418,0.022845629,12783787211,1.01E-05,25347797723,9.72E-06,1.91562E+11,1.06E-05,2.49E-06,0.78700483,0.06770567,0.113996159,0.113996159
-83.23861684,0.024980484,5923475476,1.04E-05,20117575888,1.00E-05,2.05861E+11,1.11E-05,2.96E-06,1.006447666,0.125444326,0.200452765,0.200452765
-38.39936539,0.020357926,9364208733,9.97E-06,39932555933,1.07E-05,1.9864E+11,1.06E-05,1.59E-05,1.585576996,0.050188508,0.089455282,0.089455282
-117.8938964,0.038327188,13115774637,9.53E-06,18522923258,9.38E-06,1.96179E+11,1.20E-05,2.30E-06,0.695232516,0.237497572,0.262163641,0.262163641
-112.0530133,0.037275788,5643460909,8.11E-06,17289208810,7.93E-06,1.97213E+11,1.29E-05,2.96E-05,2.570940473,0.250989725,0.213692745,0.250989725
-84.59461253,0.029268261,16849741940,1.19E-05,22733464898,1.10E-05,1.93946E+11,1.09E-05,1.27E-06,2.05472286,0.119399924,0.234914767,0.234914767
-61.84799677,0.036374492,10486152392,1.15E-05,31586491840,1.10E-05,1.99194E+11,1.25E-05,4.53E-06,0.571133791,0.122431624,0.164595846,0.164595846
-91.81469319,0.033566931,6593206383,1.22E-05,37890071130,8.85E-06,1.92087E+11,1.13E-05,2.06E-06,1.66068722,0.143722002,0.258664978,0.258664978
-60.39124264,0.032343797,18121815633,1.25E-05,27012115887,1.10E-05,1.93564E+11,1.09E-05,4.51E-06,2.91989287,0.0866597,0.176138405,0.176138405
-103.9113531,0.03395703,9272216233,8.72E-06,13034959999,8.26E-06,2.06077E+11,1.27E-05,1.28E-06,2.238488051,0.220097049,0.212076388,0.220097049
-70.20607997,0.025218047,7402209857,1.21E-05,25112541716,1.10E-05,2.08935E+11,1.10E-05,7.17E-06,1.238021414,0.094529726,0.196375366,0.196375366
-97.23872945,0.026444481,11870289440,1.27E-05,28149988266,1.01E-05,1.91314E+11,1.13E-05,3.96E-05,1.583431171,0.133397886,0.283874965,0.283874965
-85.66588313,0.034734846,7781745941,9.55E-06,13513036934,7.52E-06,2.08345E+11,1.15E-05,1.27E-06,2.463114125,0.154502767,0.189616229,0.189616229
-33.03669055,0.035628299,10409497455,1.27E-05,36504600555,6.99E-06,1.99494E+11,1.28E-05,9.66E-06,0.516179192,0.064898098,0.094423712,0.094423712
-56.58563692,0.031080777,19031182755,1.12E-05,38869983491,1.08E-05,2.09392E+11,1.25E-05,2.72E-06,2.607110466,0.104267511,0.148085809,0.148085809
-78.53818792,0.033374316,5515847392,1.27E-05,17370244928,9.88E-06,2.06927E+11,1.19E-05,1.99E-05,1.845353165,0.129867345,0.230824099,0.230824099
-86.12010999,0.027086764,10696838440,1.12E-05,12790402041,1.10E-05,2.02036E+11,1.14E-05,8.52E-06,1.905189219,0.13107435,0.225225288,0.225225288
-80.73974681,0.021020325,18782212674,1.08E-05,29907549983,9.80E-06,1.95901E+11,1.23E-05,3.19E-06,2.882052282,0.128732236,0.201827502,0.201827502
-115.3240621,0.020687996,11859456737,9.43E-06,23917410954,9.70E-06,1.90729E+11,1.05E-05,1.49E-05,2.010621794,0.155126728,0.253616906,0.253616906
-22.05284626,0.020037536,7898030181,9.24E-06,11634690208,9.23E-06,1.9221E+11,1.17E-05,3.90E-05,2.629262543,0.03494369,0.047490153,0.047490153
-53.5050633,0.02027245,5667667346,8.17E-06,16177346759,9.77E-06,2.05398E+11,1.07E-05,1.34E-06,1.188039064,0.080467587,0.102772419,0.102772419
-53.3433488,0.030958052,5489748513,1.03E-05,21262842206,1.06E-05,2.04924E+11,1.08E-05,3.25E-05,1.331435738,0.082552532,0.128859066,0.128859066
-74.68562627,0.03977903,7942922842,8.40E-06,13236831502,7.02E-06,2.00746E+11,1.10E-05,4.09E-05,0.929716868,0.139304245,0.145646012,0.145646012
-20.38608775,0.024884174,7973485223,9.55E-06,11293524870,9.93E-06,1.90651E+11,1.23E-05,3.15E-05,1.600939111,0.036959475,0.045559596,0.045559596
-55.3011313,0.038126729,9861775864,1.27E-05,32107046182,1.09E-05,1.94343E+11,1.16E-05,3.00E-05,1.980127311,0.093169023,0.164290734,0.164290734
-56.00949037,0.021650462,9300031828,1.16E-05,18756100789,1.02E-05,1.95366E+11,1.25E-05,3.94E-06,0.934747606,0.09063389,0.149352782,0.149352782
-101.2867632,0.034134127,13783716416,1.10E-05,38231021798,9.95E-06,1.92207E+11,1.20E-05,1.68E-05,1.168034139,0.185827646,0.259686648,0.259686648
-107.6900661,0.027241735,14178894506,1.01E-05,23542316405,8.54E-06,1.99764E+11,1.19E-05,5.90E-06,2.759879436,0.184861777,0.252878828,0.252878828
-118.2747482,0.033047007,14224647595,9.73E-06,26035539762,1.09E-05,2.08595E+11,1.24E-05,1.63E-06,2.797136232,0.231908857,0.272568485,0.272568485
-75.76833022,0.020223328,7096861983,1.21E-05,15357685813,9.94E-06,1.95459E+11,1.24E-05,1.69E-06,0.895562935,0.114291667,0.210047183,0.210047183
-66.36153176,0.032364498,9584363228,1.23E-05,25324020415,1.07E-05,2.06476E+11,1.10E-05,1.26E-06,2.219212587,0.097495106,0.189260252,0.189260252
-106.9768494,0.036708766,5967625779,1.18E-05,17327353191,1.10E-05,1.9477E+11,1.30E-05,1.35E-05,1.764197367,0.215488883,0.295191986,0.295191986
-101.8290034,0.033873382,7878476785,1.18E-05,16737789903,5.79E-06,2.07606E+11,1.23E-05,1.08E-06,1.897870294,0.185021928,0.271841476,0.271841476
-92.47797709,0.034149099,5288950285,1.14E-05,30872568527,1.10E-05,1.96844E+11,1.28E-05,1.86E-06,0.654304632,0.186786897,0.245033798,0.245033798
-116.1129888,0.02081072,6915233348,1.07E-05,26754078798,5.01E-06,1.99234E+11,1.26E-05,3.24E-05,0.562251271,0.203729481,0.27659572,0.27659572
-47.78120478,0.022457051,5100369914,1.24E-05,11707105750,5.04E-06,1.98131E+11,1.06E-05,3.67E-05,0.703923348,0.0564502,0.131810979,0.131810979
-20.62508449,0.039752997,11662464124,9.78E-06,20905846549,7.13E-06,2.03094E+11,1.26E-05,3.91E-05,1.424772798,0.043383793,0.046617037,0.046617037
-43.40837163,0.021964875,11666278160,8.88E-06,20965184342,8.71E-06,1.91E+11,1.12E-05,3.17E-06,1.649396523,0.068035187,0.089650469,0.089650469
-107.4129328,0.024100454,18312086863,1.28E-05,13060429115,5.21E-06,1.99705E+11,1.17E-05,1.84E-06,2.930939437,0.145394736,0.308614402,0.308614402
-113.6595981,0.027827653,14365484746,1.06E-05,15876833672,1.03E-05,1.90892E+11,1.24E-05,2.86E-05,0.748409571,0.210460805,0.278652341,0.278652341
-74.82005695,0.031399777,17078380716,9.02E-06,14578524036,6.97E-06,2.08187E+11,1.08E-05,1.61E-05,0.809658736,0.125324427,0.154888246,0.154888246
-44.08368674,0.0245381,6243401757,1.01E-05,38087005150,8.37E-06,2.09132E+11,1.21E-05,4.07E-06,1.998283907,0.075271442,0.102833672,0.102833672
-118.9743065,0.025369707,6271135231,8.56E-06,36526309337,7.81E-06,2.04704E+11,1.15E-05,3.53E-06,1.775307482,0.206631976,0.236260634,0.236260634
-101.9534352,0.028353975,8591048182,1.04E-05,17133936065,9.93E-06,1.95954E+11,1.13E-05,3.65E-06,2.699204747,0.162247476,0.246763183,0.246763183
-36.47786041,0.025019948,15108950692,1.16E-05,39591201691,8.14E-06,1.96254E+11,1.15E-05,8.13E-06,0.589384504,0.055750391,0.095809468,0.095809468
-95.45270345,0.033989575,19671078486,1.06E-05,27411722667,1.07E-05,2.09527E+11,1.06E-05,2.17E-05,1.423599679,0.147260937,0.236766192,0.236766192
-35.16269233,0.030187556,7575659114,1.13E-05,19660502964,8.53E-06,1.91808E+11,1.17E-05,1.08E-06,1.021626097,0.058716257,0.091605814,0.091605814
-43.18714862,0.034139488,7492424851,9.29E-06,16416370498,9.58E-06,2.03318E+11,1.14E-05,1.95E-05,1.194134029,0.077860558,0.094195819,0.094195819
-53.65475543,0.025256727,12163212568,1.16E-05,10595620270,5.00E-06,2.0127E+11,1.07E-05,1.22E-06,0.821266078,0.072449756,0.138591583,0.138591583
-111.8018117,0.035234413,9133182612,9.68E-06,31290970039,9.25E-06,2.01705E+11,1.21E-05,2.28E-06,1.293216092,0.217821585,0.253063418,0.253063418
-46.1432771,0.024087681,12544706237,1.25E-05,32460751515,5.24E-06,2.02245E+11,1.20E-05,1.63E-06,2.75806783,0.066792738,0.12980306,0.12980306
-63.86682842,0.025922161,16204001020,1.29E-05,33253689315,1.03E-05,2.0374E+11,1.14E-05,7.54E-06,1.042995376,0.088195075,0.188646147,0.188646147
-58.79364437,0.031838961,18448748811,9.54E-06,19706910228,9.05E-06,2.0482E+11,1.25E-05,3.72E-06,0.67397557,0.118511006,0.130022185,0.130022185
-43.69782906,0.021832699,8105276402,1.02E-05,18435826267,5.63E-06,1.97761E+11,1.15E-05,1.64E-05,1.791504554,0.065719215,0.100398895,0.100398895
-118.0822902,0.020150225,7511472675,1.03E-05,18927753976,5.16E-06,2.08695E+11,1.08E-05,3.29E-05,1.797460996,0.154753397,0.272570189,0.272570189
-65.71809763,0.033963629,12870545090,1.00E-05,10527073335,9.74E-06,1.92747E+11,1.18E-05,2.51E-05,0.807744614,0.123273252,0.153137675,0.153137675
-85.27124665,0.021442489,19727114794,9.04E-06,32242971633,8.74E-06,2.02277E+11,1.21E-05,1.09E-06,0.724402889,0.15095043,0.177741078,0.177741078
-101.640136,0.036182543,8404432618,1.21E-05,26802056907,8.61E-06,1.93234E+11,1.18E-05,7.15E-06,2.970045447,0.175549044,0.284695844,0.284695844
-94.32431641,0.024658208,11569411516,1.05E-05,14142756583,8.16E-06,2.01242E+11,1.19E-05,1.07E-06,2.082580328,0.152923772,0.228079351,0.228079351
-28.10836093,0.024708123,7607151589,8.91E-06,11142723449,9.99E-06,1.95667E+11,1.15E-05,1.04E-05,1.29070787,0.04737857,0.058842463,0.058842463
-44.12271543,0.036710521,8966005573,1.18E-05,12003719210,1.09E-05,2.02413E+11,1.07E-05,4.87E-06,1.716593355,0.067245225,0.121731615,0.121731615
-79.13483764,0.026960164,5144807298,9.64E-06,20570055055,9.98E-06,2.09808E+11,1.28E-05,3.26E-06,0.900444063,0.15661716,0.17776291,0.17776291
-83.57399938,0.02028764,12839710707,8.57E-06,32315631091,9.04E-06,1.92237E+11,1.06E-05,9.47E-06,2.403074427,0.11876816,0.167506612,0.167506612
-81.05617113,0.036389091,19568363179,9.32E-06,19046508178,1.05E-05,1.98427E+11,1.24E-05,4.02E-06,1.362885393,0.165924728,0.178881786,0.178881786
-80.31853968,0.021871446,14937748662,1.08E-05,13093617033,9.41E-06,1.95507E+11,1.12E-05,2.53E-05,0.932074321,0.11372747,0.198843468,0.198843468
-71.76372489,0.027419898,12391430853,1.20E-05,11324896718,1.10E-05,1.92328E+11,1.24E-05,1.67E-05,2.829240973,0.119435229,0.200708584,0.200708584
-82.23568704,0.033010516,5458223226,9.11E-06,32907091543,8.62E-06,2.05924E+11,1.06E-05,2.57E-06,0.876887853,0.135205776,0.174321014,0.174321014
-45.98896533,0.021555177,10616270016,1.01E-05,36550569162,1.02E-05,1.91117E+11,1.25E-05,1.43E-06,1.623547658,0.079444168,0.108540303,0.108540303
-40.33346916,0.031920953,9488150623,9.39E-06,31625622170,7.87E-06,1.95446E+11,1.20E-05,3.32E-06,2.941665317,0.076048908,0.088005996,0.088005996
-82.79671707,0.039614435,13304352448,8.96E-06,33644569984,8.92E-06,1.96978E+11,1.18E-05,3.29E-06,1.126809347,0.1650368,0.174260405,0.174260405
-113.8012759,0.022668152,16576973895,8.60E-06,32182971740,1.09E-05,2.03982E+11,1.28E-05,2.99E-06,2.426724215,0.222071838,0.232470506,0.232470506
-47.97674426,0.032663567,5435450738,1.03E-05,27492451035,1.07E-05,1.96983E+11,1.15E-05,2.24E-05,1.572861186,0.083452012,0.116309159,0.116309159
-86.31104192,0.020618644,5071607432,1.01E-05,14379885138,1.02E-05,1.95115E+11,1.30E-05,1.07E-05,2.534288439,0.153895399,0.204016465,0.204016465
-60.75089955,0.030471516,14494747088,8.35E-06,18845176694,7.57E-06,2.04231E+11,1.14E-05,2.69E-06,0.656625712,0.112343577,0.117188184,0.117188184
-108.6809338,0.035591272,6961962741,8.12E-06,12506275765,9.44E-06,1.98211E+11,1.18E-05,1.73E-05,1.011797216,0.21783334,0.208813978,0.21783334
-44.75721648,0.031661159,9081465393,1.26E-05,22174158790,6.96E-06,2.02837E+11,1.14E-05,2.10E-06,1.477037128,0.068714199,0.128544381,0.128544381
-58.01200484,0.027717023,9631309184,1.00E-05,13961180957,5.71E-06,2.06618E+11,1.05E-05,1.65E-05,1.545950814,0.084376179,0.132188551,0.132188551
-69.02844361,0.032720032,5062844223,1.22E-05,10725193489,1.02E-05,1.98806E+11,1.09E-05,3.90E-06,2.064040395,0.10159966,0.194895312,0.194895312
-47.70240202,0.021108463,6719448518,8.50E-06,35091461968,5.58E-06,1.97219E+11,1.29E-05,1.08E-05,2.381796895,0.092382191,0.092217128,0.092382191
-33.58774811,0.02063901,6420987585,9.98E-06,10098317639,7.17E-06,2.03016E+11,1.18E-05,6.52E-06,2.311016541,0.051944473,0.076568056,0.076568056
-77.60784185,0.025295626,5445381216,1.12E-05,14566595047,5.15E-06,1.93306E+11,1.12E-05,4.86E-05,1.075634199,0.112836143,0.195023595,0.195023595
-115.7336544,0.029606911,10338922186,1.01E-05,28332799022,6.61E-06,1.90677E+11,1.14E-05,1.20E-06,1.936671273,0.192439054,0.268469607,0.268469607
-113.3336178,0.026071327,5074162851,1.07E-05,15130904417,5.45E-06,2.0895E+11,1.15E-05,1.62E-05,1.211970358,0.178178088,0.27366339,0.27366339
-84.40611205,0.0208435,7687867085,9.53E-06,18207499766,6.56E-06,2.08662E+11,1.11E-05,8.69E-06,2.264219495,0.122767914,0.183259077,0.183259077
-30.29385165,0.028761214,16125601104,9.47E-06,19662399966,5.92E-06,1.93717E+11,1.13E-05,1.79E-05,1.10084569,0.051012672,0.065262741,0.065262741
-76.56747633,0.022108202,7470938343,8.29E-06,10095348654,7.83E-06,1.93829E+11,1.23E-05,2.54E-06,1.666901053,0.141909366,0.147232043,0.147232043
-113.9393842,0.029245518,15489373200,8.30E-06,18659935433,8.52E-06,1.92853E+11,1.08E-05,4.17E-05,1.344396596,0.191526205,0.221489169,0.221489169
-93.67104738,0.029254339,8865790900,1.26E-05,36351506362,5.33E-06,1.92644E+11,1.11E-05,2.00E-05,1.778765156,0.131603867,0.265583146,0.265583146
-89.02965968,0.037651433,19989701360,1.21E-05,31221504813,8.64E-06,2.06586E+11,1.08E-05,4.23E-06,2.080994956,0.137774153,0.24824165,0.24824165
-62.86286879,0.03837872,5952870541,8.92E-06,16428050205,5.66E-06,2.00553E+11,1.07E-05,1.31E-06,1.0306548,0.109653785,0.128431807,0.128431807
-117.7389404,0.020388674,9758648965,1.03E-05,23552303883,9.96E-06,1.9093E+11,1.21E-05,3.20E-06,0.626236175,0.196415129,0.277965118,0.277965118
-92.81021128,0.022306252,15214886693,1.28E-05,24059071002,8.64E-06,1.91457E+11,1.20E-05,1.42E-06,1.488924039,0.129925086,0.271308614,0.271308614
-84.5096282,0.037941733,15718880598,1.07E-05,14988907395,5.37E-06,1.95334E+11,1.15E-05,3.02E-05,2.734562203,0.150258669,0.205556058,0.205556058
-48.66207133,0.030074522,11465126199,1.24E-05,33094651896,9.13E-06,2.06975E+11,1.28E-05,2.78E-05,0.694264256,0.090269125,0.137732921,0.137732921
-110.5411392,0.028114507,6525600019,9.79E-06,10302366415,6.90E-06,1.90242E+11,1.28E-05,2.20E-06,1.453899229,0.217698988,0.247734025,0.247734025
-43.15190652,0.028344163,18395630044,9.43E-06,16396353975,1.04E-05,2.03246E+11,1.14E-05,3.74E-05,0.644215445,0.075352404,0.095085865,0.095085865
-104.7234722,0.02578867,5506721220,1.04E-05,14922601288,5.58E-06,2.02089E+11,1.20E-05,4.48E-06,2.259659834,0.176652637,0.24686505,0.24686505
-31.64361401,0.028447241,12404122696,1.08E-05,10267777244,7.23E-06,2.03849E+11,1.17E-05,1.48E-06,2.902142042,0.051851033,0.078414977,0.078414977
-71.85084436,0.039983624,10079478026,1.18E-05,34017955894,9.80E-06,2.04607E+11,1.06E-05,5.02E-06,0.96901155,0.113856314,0.197526857,0.197526857
-41.8677963,0.023822902,15509252708,9.48E-06,15921380227,9.52E-06,1.98409E+11,1.22E-05,3.71E-05,1.010111561,0.074796556,0.092266466,0.092266466
-72.48106616,0.038023148,8704492931,8.75E-06,10897906188,8.71E-06,1.98995E+11,1.25E-05,2.60E-06,0.814901277,0.155193623,0.148363303,0.155193623
-57.30158801,0.029341894,6871139879,9.95E-06,11810327754,9.60E-06,2.0928E+11,1.27E-05,1.25E-06,1.052368727,0.11309388,0.13271091,0.13271091
-99.54931982,0.03822914,13388142180,1.28E-05,38950916787,1.05E-05,1.92319E+11,1.19E-05,3.57E-06,1.146954431,0.175919066,0.29507436,0.29507436
-119.7889769,0.028718749,10516165598,1.23E-05,11956208365,7.89E-06,1.97693E+11,1.22E-05,2.00E-05,2.015123169,0.19889789,0.335304221,0.335304221
-91.04329815,0.029175854,16549430208,1.19E-05,34320101544,8.44E-06,1.90722E+11,1.20E-05,4.21E-06,1.048502518,0.152577257,0.248734849,0.248734849
-108.4463274,0.03119167,6150798269,1.08E-05,30882497659,1.02E-05,1.90553E+11,1.27E-05,5.39E-06,2.773988834,0.205993675,0.274784618,0.274784618
-78.04635641,0.031470293,11757328083,8.15E-06,21361113069,7.76E-06,1.92343E+11,1.21E-05,2.78E-05,2.970339693,0.155289158,0.148823,0.155289158
-97.88212692,0.028811144,8909470236,1.30E-05,15966315400,6.93E-06,2.0743E+11,1.24E-05,1.22E-05,2.986024635,0.158786974,0.288753953,0.288753953
-83.8092092,0.037977436,15977166966,1.15E-05,23144360086,6.57E-06,1.99845E+11,1.10E-05,3.72E-06,0.675813882,0.140844147,0.218459745,0.218459745
-104.7710618,0.021707562,14838725043,1.11E-05,14646237581,1.10E-05,2.09819E+11,1.15E-05,1.35E-06,1.537484503,0.149063254,0.270463806,0.270463806
-69.85187529,0.035147963,13353211568,1.27E-05,20620105193,1.07E-05,2.01774E+11,1.25E-05,5.65E-06,1.525082742,0.128421143,0.205414916,0.205414916
-60.61912033,0.020491161,7157979714,8.60E-06,27573838567,8.56E-06,1.98426E+11,1.17E-05,1.95E-06,0.55350192,0.105176772,0.119882508,0.119882508
-75.48934773,0.023616078,12840594345,1.06E-05,12349465153,8.85E-06,1.92171E+11,1.29E-05,1.69E-06,1.783326807,0.136459001,0.184164366,0.184164366
-65.94018481,0.023070003,5239197034,1.03E-05,33683904288,9.47E-06,2.02326E+11,1.27E-05,4.94E-06,2.059769368,0.116961836,0.158218896,0.158218896
-98.83323022,0.028533504,11194638632,8.03E-06,11272425381,7.81E-06,2.00369E+11,1.08E-05,2.48E-06,0.930673808,0.167424657,0.184464289,0.184464289
-99.50954263,0.030579836,14284915177,8.55E-06,34459803324,7.12E-06,1.9991E+11,1.08E-05,1.96E-05,2.142754526,0.166814678,0.197197255,0.197197255
-109.1050459,0.024129938,7136432117,1.27E-05,19632641106,8.44E-06,2.05453E+11,1.24E-05,7.38E-06,1.193318842,0.170912779,0.315530493,0.315530493
-24.30521613,0.036305378,19381622181,9.53E-06,29189834748,9.50E-06,2.07025E+11,1.13E-05,1.81E-05,2.328403056,0.043523405,0.054502912,0.054502912
-97.81218302,0.034889303,5580136754,1.11E-05,23030500902,1.10E-05,1.93554E+11,1.10E-05,9.38E-06,0.776421175,0.161663366,0.254183652,0.254183652
-59.96815345,0.028440828,13677560834,1.22E-05,26196872320,8.70E-06,1.93129E+11,1.23E-05,1.46E-06,2.690894204,0.099105883,0.168176755,0.168176755
-55.86513199,0.031375437,15635146913,1.21E-05,15457841875,1.04E-05,2.00042E+11,1.17E-05,1.11E-06,1.145746545,0.091510717,0.156402258,0.156402258
-42.45914314,0.037260983,6994947100,9.29E-06,12856680303,5.34E-06,1.95595E+11,1.25E-05,2.62E-06,0.615009864,0.089902954,0.08942779,0.089902954
-68.34870505,0.035979805,7933040535,8.87E-06,12737553133,9.33E-06,1.98779E+11,1.19E-05,2.89E-05,1.864080298,0.134642393,0.142974203,0.142974203
-75.27301329,0.033840813,18436052476,1.14E-05,12806751795,1.10E-05,2.05156E+11,1.18E-05,2.67E-05,0.772142499,0.133310809,0.199412837,0.199412837
-63.18279006,0.033999487,13625690127,9.45E-06,35764922422,9.60E-06,2.04411E+11,1.28E-05,7.33E-06,1.11691333,0.132268997,0.139916558,0.139916558
-114.9259138,0.022316227,6294664428,8.44E-06,32657599903,8.14E-06,2.02981E+11,1.08E-05,1.21E-05,0.685483074,0.181929875,0.223532975,0.223532975
-62.46386207,0.033445603,12453124724,1.19E-05,39516148282,1.06E-05,1.95802E+11,1.27E-05,2.03E-06,1.183440059,0.119024443,0.17294728,0.17294728
-94.834079,0.020605652,18102835518,9.66E-06,29557135786,8.05E-06,2.01502E+11,1.10E-05,1.76E-06,2.12382758,0.133401692,0.210788708,0.210788708
-22.79440742,0.029343497,18689585626,9.00E-06,14255328490,1.05E-05,1.92438E+11,1.27E-05,1.97E-06,1.864905768,0.045792453,0.048578142,0.048578142
-65.41519018,0.025502473,9176772166,1.06E-05,13297134616,7.75E-06,1.96554E+11,1.14E-05,1.12E-06,2.908197375,0.099114835,0.159559738,0.159559738
-100.9887742,0.031825207,13481817020,1.17E-05,26883592561,5.81E-06,2.09548E+11,1.11E-05,3.32E-06,2.674403765,0.153820391,0.267148406,0.267148406
-47.71308966,0.024684702,5270125608,1.03E-05,23117982327,1.05E-05,2.00982E+11,1.24E-05,7.21E-06,1.038326611,0.084396914,0.114916989,0.114916989
-93.89230891,0.030159452,7919177369,1.10E-05,20485872758,5.79E-06,2.05792E+11,1.26E-05,5.34E-06,2.92240141,0.17372276,0.234437027,0.234437027
-94.5891881,0.035188294,10736884846,1.04E-05,24197445590,1.00E-05,2.07714E+11,1.22E-05,3.29E-05,1.273682278,0.182415643,0.230021726,0.230021726
-117.2770176,0.039045341,12116272367,9.72E-06,33388211534,6.66E-06,2.08093E+11,1.06E-05,2.88E-05,1.900261818,0.195959359,0.262817542,0.262817542
-35.01861108,0.028738461,6776519715,8.57E-06,11249686241,6.38E-06,2.08643E+11,1.07E-05,2.97E-05,0.869416488,0.05714433,0.068694238,0.068694238
-112.7730461,0.034051046,15498225724,9.27E-06,14799273734,9.02E-06,2.06814E+11,1.11E-05,2.93E-06,1.252356986,0.196354683,0.244374558,0.244374558
-52.64358779,0.033369906,10596180386,1.19E-05,16188578145,6.83E-06,1.9964E+11,1.07E-05,3.97E-05,1.613317313,0.077277211,0.14288027,0.14288027
-60.85559853,0.024268165,14927793355,1.29E-05,26522387893,8.43E-06,2.09016E+11,1.25E-05,2.62E-05,2.717989194,0.093878996,0.179095962,0.179095962
-29.16120153,0.027731211,6201738646,8.60E-06,12861029670,5.24E-06,1.93862E+11,1.26E-05,1.38E-05,1.271213473,0.058847142,0.056969589,0.058847142
-86.92818609,0.024684838,12964036037,8.13E-06,27024479528,7.55E-06,2.04438E+11,1.18E-05,1.28E-06,1.557940714,0.15926927,0.163947591,0.163947591
-107.8332093,0.034349535,13012047156,1.27E-05,20164992181,1.10E-05,2.03788E+11,1.18E-05,2.60E-06,1.216140641,0.180644519,0.317840113,0.317840113
-47.11913847,0.039412821,18801125684,1.08E-05,17185047069,8.71E-06,2.05294E+11,1.17E-05,1.60E-05,1.335171652,0.087841414,0.117846507,0.117846507
-76.55029567,0.028878157,19336008465,1.13E-05,20613786958,8.87E-06,2.03232E+11,1.16E-05,1.52E-06,1.003361041,0.125308107,0.199348969,0.199348969
-84.02082909,0.031023596,15588687867,1.08E-05,21186602678,8.77E-06,1.96936E+11,1.26E-05,1.51E-05,1.109826117,0.16172117,0.209176886,0.209176886
-111.6324588,0.036840993,6971759328,1.08E-05,14048206832,1.10E-05,2.01285E+11,1.06E-05,7.83E-06,0.749830975,0.180182435,0.281977012,0.281977012
-25.62759794,0.029447316,12182042740,1.30E-05,17069576684,9.55E-06,2.02144E+11,1.15E-05,3.18E-05,1.956860392,0.037356764,0.076472905,0.076472905
-30.08057114,0.034910339,7175081731,1.28E-05,38480574288,9.87E-06,2.06854E+11,1.14E-05,2.22E-05,1.326297245,0.047913093,0.089043747,0.089043747
-49.24276263,0.028425335,13727614632,1.07E-05,10235744647,6.21E-06,2.00526E+11,1.23E-05,2.77E-05,1.916274048,0.087806002,0.119940638,0.119940638
-48.33630244,0.039566329,7089092973,8.73E-06,27889061733,8.47E-06,2.06991E+11,1.16E-05,3.00E-05,1.729957218,0.094054846,0.099140372,0.099140372
-113.4836417,0.022380296,5686207105,1.12E-05,26369184654,8.50E-06,2.07859E+11,1.16E-05,4.41E-06,0.835272141,0.168763693,0.28908872,0.28908872
-38.98921799,0.022472532,5504221701,9.24E-06,19272468916,7.27E-06,2.02483E+11,1.09E-05,5.19E-06,0.621852429,0.059490277,0.082009567,0.082009567
-79.17498623,0.025877611,7331114214,1.25E-05,26133960497,6.50E-06,2.09592E+11,1.05E-05,2.39E-05,0.958990957,0.097778299,0.222791821,0.222791821
-113.7081751,0.033833951,8444693963,9.57E-06,18003163287,6.57E-06,2.02925E+11,1.06E-05,1.15E-05,2.685384928,0.182091832,0.2505152,0.2505152
-76.04955799,0.034523392,9227207866,1.07E-05,22665475476,1.06E-05,2.06698E+11,1.28E-05,2.26E-06,0.629415086,0.157531279,0.18855386,0.18855386
-92.42812157,0.023552201,11380569562,1.05E-05,14804521959,1.06E-05,1.95645E+11,1.13E-05,2.33E-06,0.691412607,0.142099911,0.223950335,0.223950335
-75.15072888,0.035457792,9624301981,8.04E-06,35940866699,7.74E-06,2.08734E+11,1.28E-05,2.71E-05,0.882861934,0.166670076,0.140832675,0.166670076
-117.7559403,0.037094517,14569973006,1.13E-05,14480886004,1.02E-05,1.94516E+11,1.14E-05,9.03E-06,2.79231776,0.20036511,0.310584985,0.310584985
-114.2856476,0.025050512,5207783876,1.22E-05,24040038626,5.01E-06,2.03823E+11,1.17E-05,3.12E-05,1.392972089,0.169053145,0.311385591,0.311385591
-22.69205578,0.030016492,7381106252,9.98E-06,28602407753,7.02E-06,1.94816E+11,1.27E-05,6.56E-06,0.546045169,0.045621638,0.051440191,0.051440191
-54.30997124,0.028191984,6454223985,1.18E-05,13031455557,5.56E-06,1.98493E+11,1.23E-05,1.29E-05,1.199208723,0.092554669,0.144635911,0.144635911
-114.8100553,0.023886474,11514371221,8.59E-06,12618086828,8.63E-06,2.00439E+11,1.22E-05,4.22E-06,1.965087318,0.212668493,0.230205368,0.230205368
-77.53897459,0.020995158,19437818134,9.78E-06,38762868536,9.82E-06,2.01856E+11,1.09E-05,2.07E-05,1.262169655,0.10965371,0.17619867,0.17619867
-87.08902526,0.026708251,6931069008,8.43E-06,11197098711,1.01E-05,2.08177E+11,1.23E-05,5.22E-06,1.843141593,0.16929416,0.174004989,0.174004989
-69.32687568,0.034802157,17061189007,1.19E-05,35878649224,1.10E-05,1.99376E+11,1.08E-05,5.65E-06,1.249996354,0.106188351,0.193090592,0.193090592
-104.6105563,0.037107005,6212722666,8.42E-06,10968799478,8.73E-06,2.01203E+11,1.23E-05,1.81E-06,0.755700736,0.222926615,0.206230114,0.222926615
-30.67001223,0.032111267,5418407389,9.48E-06,11137735240,9.22E-06,2.02772E+11,1.15E-05,1.59E-05,1.464064487,0.054857667,0.068025464,0.068025464
-45.86289625,0.030642283,5872356714,9.45E-06,11343886947,8.18E-06,1.90996E+11,1.07E-05,4.62E-05,1.004066074,0.073818461,0.100240505,0.100240505
-112.567399,0.023419486,5617003512,9.23E-06,17239867941,5.37E-06,1.99989E+11,1.27E-05,1.56E-06,1.413373892,0.213776213,0.234829017,0.234829017
-30.42850599,0.028398635,5777229096,9.82E-06,19757990358,9.88E-06,2.09565E+11,1.16E-05,1.20E-06,2.018730824,0.051870511,0.070010814,0.070010814
-44.78449325,0.034352227,15835182649,8.81E-06,26978204388,9.28E-06,1.94672E+11,1.28E-05,2.02E-06,1.972757029,0.095412996,0.093054901,0.095412996
-24.65699148,0.034921859,7841756655,8.40E-06,13954136060,6.58E-06,1.9414E+11,1.16E-05,1.58E-05,0.784565829,0.047864879,0.047672842,0.047864879
-88.42643802,0.020945866,11614349992,8.93E-06,26513335990,7.21E-06,2.00157E+11,1.22E-05,3.65E-06,1.35156412,0.156934952,0.181089482,0.181089482
-115.6286859,0.02852562,8985796142,1.03E-05,29800903100,6.77E-06,2.06686E+11,1.10E-05,3.88E-05,1.334554002,0.18009238,0.271413849,0.271413849
-21.18697185,0.023356587,8072326743,1.03E-05,10050396270,1.06E-05,2.02609E+11,1.29E-05,2.63E-06,0.575080943,0.040311189,0.050357187,0.050357187
-78.34369723,0.038670122,5478587236,1.17E-05,28333635010,1.10E-05,1.90341E+11,1.06E-05,2.95E-05,2.144517275,0.121456106,0.215227799,0.215227799
-24.66930524,0.021264301,18404538313,1.04E-05,19972013175,1.05E-05,1.99411E+11,1.27E-05,1.22E-05,0.575774283,0.044072999,0.059094657,0.059094657
-103.8158428,0.022556185,15641078343,1.17E-05,19837615263,7.34E-06,2.06865E+11,1.19E-05,1.58E-05,2.917105526,0.152240191,0.275927328,0.275927328
-118.8021337,0.029959734,6849761281,1.20E-05,10407803272,8.34E-06,2.04285E+11,1.13E-05,7.14E-06,1.447518318,0.179734871,0.327437084,0.327437084
-27.04314279,0.021325902,15713224947,8.80E-06,12893222887,7.46E-06,1.98707E+11,1.17E-05,7.79E-06,1.55517612,0.045346685,0.054798234,0.054798234
-110.828356,0.031958584,6657101351,1.12E-05,21314675982,5.11E-06,2.0613E+11,1.15E-05,1.45E-05,1.238086514,0.185050181,0.280549637,0.280549637
-26.78957466,0.028534839,10678942943,1.03E-05,10539526462,5.49E-06,2.0478E+11,1.21E-05,9.97E-06,1.309605161,0.047631608,0.062545074,0.062545074
-92.10819254,0.034528904,5800545929,9.39E-06,11496985032,1.07E-05,2.04535E+11,1.25E-05,3.60E-06,1.423804064,0.187381728,0.204715156,0.204715156
-101.118074,0.035958638,17596676627,9.46E-06,33742507764,9.93E-06,2.01911E+11,1.18E-05,2.93E-06,1.187790948,0.192899485,0.224956372,0.224956372
-68.10172906,0.027571744,19771223205,1.28E-05,20567479224,1.08E-05,2.05126E+11,1.25E-05,4.77E-06,0.920916518,0.114036023,0.201262305,0.201262305
-83.3042422,0.029383829,17785239627,1.27E-05,16748500817,8.47E-06,1.91493E+11,1.12E-05,4.24E-05,1.380723157,0.119526711,0.242450825,0.242450825
-57.8535745,0.027722227,11878212494,1.19E-05,17077341918,5.11E-06,2.06511E+11,1.16E-05,1.03E-06,2.567195707,0.088001253,0.154364328,0.154364328
-36.04743689,0.033386418,19644909455,1.05E-05,28388634877,8.29E-06,1.90463E+11,1.06E-05,3.73E-06,1.97604455,0.05540746,0.087475401,0.087475401
-82.3166203,0.039669601,6331662108,8.40E-06,15236451552,9.11E-06,1.9228E+11,1.24E-05,3.02E-05,1.887183675,0.176140178,0.163708771,0.176140178
-47.21609289,0.026789333,6422953546,1.25E-05,11876021221,1.07E-05,1.97593E+11,1.21E-05,1.30E-05,1.443314544,0.074259001,0.135962371,0.135962371
-108.8131201,0.03868113,8298809289,1.20E-05,14702002220,5.29E-06,1.91108E+11,1.23E-05,2.67E-06,1.131795054,0.207020947,0.295884438,0.295884438
-106.0909812,0.029064875,17440825911,1.12E-05,25642686418,6.31E-06,2.01295E+11,1.07E-05,3.94E-05,1.915091751,0.151182803,0.271113174,0.271113174
-83.60390434,0.030350708,6240864495,1.14E-05,13260039505,5.50E-06,1.92024E+11,1.29E-05,1.98E-06,1.784427127,0.159280272,0.215347937,0.215347937
-105.6179478,0.020304107,5162950438,1.06E-05,12421196661,1.09E-05,2.04097E+11,1.20E-05,3.41E-06,1.410862049,0.164028399,0.260224254,0.260224254
-114.0543064,0.026769902,16787876288,9.67E-06,22469604307,9.39E-06,2.07461E+11,1.17E-05,3.74E-05,0.660453506,0.201162601,0.255021375,0.255021375
-83.34779075,0.024852907,7819205948,8.14E-06,19024363305,1.00E-05,1.9706E+11,1.06E-05,4.40E-06,0.837029723,0.13301165,0.159904479,0.159904479
-75.54081102,0.03404479,13878770865,1.25E-05,16804752173,5.63E-06,2.07264E+11,1.26E-05,7.26E-06,0.950105429,0.141432941,0.213553655,0.213553655
-49.82911211,0.03833521,10618460569,8.48E-06,31703985199,1.06E-05,1.96759E+11,1.30E-05,4.37E-05,1.121975998,0.112364852,0.100867875,0.112364852
-53.46898364,0.028431284,11431076726,1.08E-05,10560075026,8.72E-06,2.04101E+11,1.19E-05,3.52E-05,1.888547228,0.0900155,0.133653764,0.133653764
-71.1998899,0.022841394,9675579972,1.27E-05,14519426330,8.67E-06,1.95974E+11,1.08E-05,5.01E-06,2.343381733,0.081925593,0.205327201,0.205327201
-47.49981343,0.030237163,13202732536,1.21E-05,26263863344,1.10E-05,1.96615E+11,1.22E-05,4.80E-05,1.103269461,0.081530058,0.133903142,0.133903142
-43.97792239,0.023908471,5694520300,1.19E-05,13826067473,8.77E-06,2.04629E+11,1.20E-05,2.29E-06,2.749455587,0.06606226,0.119755955,0.119755955
-105.3555117,0.023609647,15310171973,9.04E-06,30628000821,8.04E-06,2.0843E+11,1.30E-05,2.69E-05,1.655502559,0.207988007,0.220299536,0.220299536
-29.80610926,0.033099171,7969160763,8.72E-06,31921003843,1.05E-05,1.90613E+11,1.16E-05,4.26E-06,2.543132098,0.05518978,0.061908797,0.061908797
-82.54366102,0.034633823,14932072961,1.17E-05,33929778790,1.10E-05,1.97006E+11,1.21E-05,2.41E-05,2.924328534,0.148288816,0.226017008,0.226017008
-60.06756398,0.039058749,5537266776,8.70E-06,18710394024,5.15E-06,2.06518E+11,1.08E-05,4.47E-05,1.019451828,0.108095353,0.119322679,0.119322679
-108.0329951,0.039978357,12074515517,9.34E-06,21830228757,1.10E-05,1.93894E+11,1.05E-05,8.41E-06,2.956222035,0.182489306,0.240846141,0.240846141
-118.9556648,0.025086024,12069537805,1.26E-05,37353853167,9.71E-06,2.03576E+11,1.11E-05,3.29E-06,1.643738791,0.154986327,0.344178453,0.344178453
-110.4268881,0.027401202,5335511491,8.27E-06,33234950942,5.06E-06,2.04426E+11,1.14E-05,3.90E-06,2.159487176,0.194511237,0.20811412,0.20811412
-31.76156958,0.022763211,9725261313,1.11E-05,20751905449,9.12E-06,1.92481E+11,1.19E-05,4.77E-05,1.250440923,0.04934146,0.081215929,0.081215929
-52.84010756,0.030544872,8489316006,1.10E-05,25051775546,8.79E-06,1.98628E+11,1.15E-05,2.18E-05,0.926289448,0.088135932,0.134089306,0.134089306
-104.3135616,0.028604732,14231611432,1.13E-05,14584624647,7.25E-06,2.02368E+11,1.05E-05,6.44E-06,2.164696362,0.142368038,0.27004095,0.27004095
-56.24156119,0.036100403,18833415621,1.18E-05,11547969049,9.53E-06,1.99472E+11,1.29E-05,9.81E-06,1.931266314,0.111615552,0.154570634,0.154570634
-63.62075535,0.033894246,14064201248,8.14E-06,21759145961,8.17E-06,2.09477E+11,1.05E-05,3.92E-06,1.206064017,0.10802046,0.121385117,0.121385117
-83.06179565,0.024783671,6389562695,1.20E-05,12457011484,1.10E-05,2.01427E+11,1.12E-05,3.01E-06,1.448153523,0.114035409,0.230511163,0.230511163
-97.55390922,0.025146971,5876026686,1.28E-05,37553956774,8.01E-06,1.93258E+11,1.30E-05,9.91E-06,0.565849451,0.171615488,0.282189985,0.282189985
-107.84063,0.031550963,6606602952,1.07E-05,11937670769,1.05E-05,1.95117E+11,1.29E-05,4.48E-05,0.523560288,0.220250642,0.267398045,0.267398045
-41.32544243,0.026385549,10914655391,1.15E-05,36727781702,9.51E-06,2.04571E+11,1.29E-05,2.28E-05,0.99774978,0.075254879,0.109560637,0.109560637
-63.6304549,0.031161185,12255021817,1.02E-05,27173858819,9.07E-06,2.03569E+11,1.22E-05,4.83E-06,1.152973916,0.119019769,0.150617503,0.150617503
-101.2329594,0.026932705,5693327635,1.22E-05,21337902320,8.43E-06,2.03022E+11,1.20E-05,2.35E-05,1.882873077,0.15916826,0.281834055,0.281834055
-97.31981618,0.037531545,18776290999,1.10E-05,14735867508,9.71E-06,2.06092E+11,1.12E-05,5.78E-06,1.544286456,0.167273201,0.248788211,0.248788211
-85.45940905,0.036161736,17892904020,1.12E-05,12319547930,5.95E-06,2.04896E+11,1.14E-05,1.00E-05,1.117422946,0.148032189,0.217049412,0.217049412
-70.49525055,0.034460813,8579882458,1.16E-05,20054413490,1.06E-05,2.08961E+11,1.21E-05,3.98E-06,1.726596955,0.126389157,0.191700671,0.191700671
-59.79769102,0.021885924,6853949401,1.18E-05,35910457094,1.08E-05,2.05469E+11,1.09E-05,9.15E-06,2.466964388,0.07251886,0.164132647,0.164132647
-26.02771747,0.03078649,17224370486,8.18E-06,37117259268,8.44E-06,1.97771E+11,1.11E-05,1.75E-06,1.424453911,0.045838154,0.049925939,0.049925939
-50.46841878,0.023736352,5647101845,9.20E-06,13664797736,9.67E-06,2.07556E+11,1.17E-05,1.41E-06,1.855455619,0.084622493,0.10869491,0.10869491
-56.91117811,0.032952029,17536111509,1.27E-05,19915601228,7.88E-06,1.99969E+11,1.19E-05,2.03E-06,2.255318485,0.09376947,0.165339719,0.165339719
-91.30910858,0.0216173,8330925044,9.65E-06,21760011305,9.52E-06,1.92175E+11,1.22E-05,1.37E-05,1.161220395,0.156796362,0.20448048,0.20448048
-59.69513681,0.038221299,15595755903,1.09E-05,32863647546,5.44E-06,1.91981E+11,1.23E-05,9.94E-06,1.514181855,0.116937485,0.148134336,0.148134336
-87.51782575,0.023399177,7790395451,1.02E-05,22253089137,9.72E-06,2.0087E+11,1.30E-05,1.05E-05,1.236221313,0.164870485,0.206168169,0.206168169
-69.7276663,0.028080216,6053085052,1.05E-05,23938033152,5.97E-06,1.96651E+11,1.24E-05,5.89E-06,2.299161455,0.126307776,0.165792472,0.165792472
-98.11272619,0.026581338,15954879114,1.09E-05,17686089002,7.66E-06,1.99934E+11,1.22E-05,2.30E-06,2.402927422,0.166982195,0.246065502,0.246065502
-104.513643,0.039511746,5178698719,9.26E-06,37960392790,9.68E-06,1.98531E+11,1.06E-05,1.46E-06,0.620780584,0.182660735,0.22669447,0.22669447
-64.96886722,0.036984011,17422799737,8.56E-06,21562402690,8.07E-06,1.98938E+11,1.14E-05,1.56E-05,2.045726953,0.121995314,0.130355692,0.130355692
-23.26314823,0.037441221,10496358573,1.07E-05,13434715307,1.10E-05,1.98243E+11,1.28E-05,4.90E-05,1.288624335,0.047995265,0.058555677,0.058555677
-65.98106109,0.026794959,17461702966,8.65E-06,22067082496,9.44E-06,2.05278E+11,1.11E-05,2.00E-06,1.81218115,0.109444099,0.13427466,0.13427466
-73.23788619,0.025574726,11806477156,1.02E-05,34675325288,5.26E-06,1.90362E+11,1.24E-05,3.84E-06,1.522524742,0.131374102,0.16785592,0.16785592
-70.46031655,0.02484978,5780555558,1.19E-05,28424607328,1.01E-05,2.04517E+11,1.27E-05,1.82E-06,2.342018618,0.119053132,0.193567582,0.193567582
-23.09429094,0.032963885,10338155261,9.28E-06,16032184567,8.83E-06,1.91828E+11,1.15E-05,3.46E-05,1.959682656,0.041668943,0.050169938,0.050169938
-77.66126795,0.028736169,5520853050,9.82E-06,27683629956,1.01E-05,2.06722E+11,1.08E-05,4.62E-06,2.683009231,0.118702506,0.179126218,0.179126218
-82.23407284,0.029527493,5346916300,1.16E-05,23513511422,1.10E-05,2.09596E+11,1.30E-05,3.07E-06,2.338209223,0.154654723,0.222516102,0.222516102
-47.33672564,0.035482158,15936863314,1.02E-05,11828878096,1.07E-05,1.9483E+11,1.28E-05,1.71E-05,1.183702955,0.098374806,0.113544295,0.113544295
-56.28453305,0.023502841,6479255602,1.16E-05,16050246434,6.69E-06,1.96068E+11,1.10E-05,1.34E-05,1.27830192,0.074985161,0.147340934,0.147340934
-32.80605908,0.031792092,12510797842,1.01E-05,21374869250,6.55E-06,2.07324E+11,1.28E-05,2.79E-05,0.737977423,0.067061686,0.075243162,0.075243162
-109.9891715,0.031748495,7104550383,1.09E-05,22963283487,1.06E-05,2.06657E+11,1.28E-05,2.99E-06,0.664867613,0.219794707,0.277586572,0.277586572
-74.03391442,0.029926769,10984124157,1.18E-05,15029252193,8.75E-06,2.0858E+11,1.22E-05,9.61E-06,1.978842212,0.126123771,0.201566755,0.201566755
-33.73612223,0.020620527,11350657404,8.24E-06,10687292478,8.38E-06,1.94423E+11,1.14E-05,4.00E-06,0.585789156,0.057187958,0.064127948,0.064127948
-88.32079309,0.026190074,12835726343,1.28E-05,24410410052,7.73E-06,2.09521E+11,1.20E-05,1.28E-05,1.306352998,0.135059764,0.256231824,0.256231824
-69.17768905,0.034201733,6384719712,9.49E-06,15899780676,9.16E-06,2.00251E+11,1.17E-05,6.68E-06,1.252690042,0.129417223,0.153481064,0.153481064
-88.17576817,0.039903946,8008625303,8.65E-06,25555543609,7.88E-06,2.02979E+11,1.06E-05,5.25E-06,2.099486474,0.154223734,0.178659025,0.178659025
-31.54282354,0.03994669,8305161511,8.97E-06,31495940205,5.91E-06,1.99359E+11,1.14E-05,4.82E-05,2.430161047,0.059970806,0.065242021,0.065242021
-112.491461,0.020488582,9628820888,1.20E-05,38644794476,1.00E-05,1.98536E+11,1.13E-05,1.17E-05,2.279070601,0.140472365,0.310809802,0.310809802
-70.09355445,0.023140398,16260870356,8.07E-06,13928605748,8.50E-06,1.94998E+11,1.09E-05,4.20E-06,0.675508452,0.114639,0.131210593,0.131210593
-28.69869761,0.020469742,7925043794,9.51E-06,11424829293,6.46E-06,2.00788E+11,1.10E-05,5.05E-06,1.082027493,0.041758756,0.061880024,0.061880024
-58.13244808,0.021985732,11031811778,1.28E-05,35080698516,5.33E-06,1.99372E+11,1.21E-05,1.91E-05,0.981167742,0.083995779,0.165299863,0.165299863
-46.3207946,0.032390047,5657159552,1.22E-05,10014952303,5.05E-06,2.06281E+11,1.25E-05,1.30E-06,1.537528298,0.083292625,0.127118736,0.127118736
-110.1324996,0.02542305,5359308474,1.01E-05,12249986514,5.01E-06,2.06119E+11,1.13E-05,4.21E-06,2.200196635,0.170887004,0.251049725,0.251049725
-89.27592437,0.031653651,6048805566,9.15E-06,17919720726,8.92E-06,2.00053E+11,1.29E-05,6.56E-06,2.68072585,0.185316185,0.191550529,0.191550529
-20.83000303,0.020939383,8269312919,1.27E-05,17256668630,8.49E-06,2.0725E+11,1.16E-05,4.86E-06,0.92051214,0.027221892,0.059799642,0.059799642
-113.0321769,0.037510066,6669476535,1.04E-05,37729561675,1.04E-05,1.95265E+11,1.20E-05,2.50E-05,2.642988071,0.214055871,0.275844719,0.275844719
-37.5038361,0.033345486,19406603729,1.01E-05,13243771687,1.09E-05,1.95689E+11,1.09E-05,1.05E-06,0.621313739,0.062916442,0.088449557,0.088449557
-44.62288123,0.031882187,5762418156,9.05E-06,10570687475,7.62E-06,2.0325E+11,1.24E-05,4.28E-05,1.159754067,0.089859148,0.093436102,0.093436102
-22.3746043,0.037372981,6574846726,1.10E-05,22523027546,7.45E-06,2.00322E+11,1.25E-05,2.72E-06,1.123765438,0.044498998,0.056361746,0.056361746
-25.3937167,0.03968898,17761753856,9.94E-06,35051399134,8.43E-06,1.94739E+11,1.24E-05,1.26E-05,0.610370829,0.052987556,0.058394224,0.058394224
-118.5620527,0.031446972,11651294153,9.22E-06,17025952706,6.07E-06,2.08268E+11,1.10E-05,1.08E-06,2.119446709,0.199472879,0.250495343,0.250495343
-38.10920126,0.024406165,12540397116,9.87E-06,36684331441,9.86E-06,2.0073E+11,1.21E-05,6.98E-06,2.553098288,0.06577382,0.087861207,0.087861207
-111.773005,0.027611304,9379917883,1.30E-05,36484625214,6.48E-06,1.93136E+11,1.26E-05,8.50E-06,0.616822756,0.192207585,0.325389815,0.325389815
-109.2662836,0.026512977,14259745530,1.05E-05,30048103647,1.03E-05,2.03335E+11,1.09E-05,2.62E-05,0.525795788,0.169003307,0.264556526,0.264556526
-115.7638463,0.023307647,5314455333,1.20E-05,36241320853,1.10E-05,2.09579E+11,1.25E-05,1.45E-06,1.558277419,0.186076289,0.321785947,0.321785947
-117.3910165,0.034845274,13712953021,1.29E-05,10524304683,1.10E-05,1.94662E+11,1.05E-05,1.42E-05,2.201690802,0.162612626,0.351372883,0.351372883
-52.91385738,0.035887143,5090328674,8.94E-06,27036686251,8.64E-06,1.93742E+11,1.15E-05,3.51E-06,0.620725712,0.101408039,0.109984073,0.109984073
-112.6514055,0.038337515,14543456530,9.86E-06,37318445086,5.70E-06,1.96928E+11,1.05E-05,1.53E-06,0.535853115,0.191611408,0.251508219,0.251508219
-85.41655401,0.027627973,5379057744,1.27E-05,27353831633,1.02E-05,1.93484E+11,1.10E-05,1.47E-06,2.518818547,0.113224591,0.249943762,0.249943762
-77.48372513,0.029918432,10716824655,9.43E-06,26352041275,9.67E-06,1.97473E+11,1.07E-05,6.21E-06,0.82357369,0.124280946,0.170514574,0.170514574
-56.76492787,0.025919097,6367242649,9.69E-06,29049166726,9.87E-06,2.05235E+11,1.10E-05,7.86E-06,1.917237091,0.08680336,0.12867756,0.12867756
-63.28594923,0.025739542,8126189832,8.69E-06,12579339948,8.15E-06,1.96019E+11,1.06E-05,4.57E-06,2.503277968,0.096743386,0.128065024,0.128065024
-52.3322915,0.031962966,6425706423,1.15E-05,31684605326,1.10E-05,2.03292E+11,1.17E-05,2.75E-05,0.799206975,0.089462071,0.139532609,0.139532609
-77.11929384,0.036099158,9477059666,1.08E-05,34130569889,1.10E-05,2.08186E+11,1.26E-05,2.34E-05,2.415123194,0.153141224,0.19696613,0.19696613
-44.04409455,0.031591433,7999145852,1.07E-05,31410906697,5.08E-06,1.9508E+11,1.25E-05,2.94E-05,0.594138865,0.085673712,0.105486429,0.105486429
-59.22255859,0.029311623,12563334706,1.24E-05,27555148837,6.84E-06,1.96227E+11,1.07E-05,1.87E-06,1.197933064,0.080710026,0.166093872,0.166093872
-98.32872865,0.03664779,6693856505,9.82E-06,26818675187,6.17E-06,1.95411E+11,1.24E-05,5.00E-05,1.70876579,0.198896141,0.221309023,0.221309023
-79.90452667,0.037645212,5760638410,1.02E-05,16668300243,7.83E-06,2.05415E+11,1.21E-05,1.78E-05,1.457371839,0.155610506,0.189068801,0.189068801
-71.24254218,0.034227554,9272291564,1.20E-05,31473574213,6.06E-06,2.03076E+11,1.08E-05,4.64E-05,0.756415188,0.108301281,0.193626609,0.193626609
-110.6883556,0.036278619,8545260634,8.63E-06,15990567425,8.00E-06,1.97767E+11,1.19E-05,1.55E-05,0.524461875,0.22548801,0.220767893,0.22548801
-119.4082643,0.036629169,8213069412,1.26E-05,14073246719,6.52E-06,1.98874E+11,1.17E-05,5.41E-06,0.582238055,0.209209361,0.339783128,0.339783128
-32.83403387,0.035107004,6077315289,9.21E-06,31929691606,1.03E-05,1.96518E+11,1.21E-05,1.22E-05,1.284844434,0.065155077,0.071480073,0.071480073
-92.54450763,0.034687119,19724371478,9.31E-06,21504803529,9.19E-06,2.05067E+11,1.18E-05,3.15E-06,0.757129093,0.178297319,0.200950049,0.200950049
-56.47639699,0.037033012,5908442011,9.68E-06,10237008147,9.49E-06,1.90826E+11,1.10E-05,3.05E-05,0.612863921,0.100349625,0.12727265,0.12727265
-102.1072619,0.039176265,7609061280,9.01E-06,12925266708,1.09E-05,2.07345E+11,1.26E-05,3.20E-06,1.313611568,0.220085398,0.219163777,0.220085398
-77.69637979,0.027789248,11953897371,8.51E-06,15201334150,8.95E-06,1.90592E+11,1.21E-05,3.10E-06,1.287812623,0.14831008,0.154880919,0.154880919
-49.69356456,0.033727492,5051495062,1.03E-05,31968429504,8.45E-06,1.91734E+11,1.19E-05,4.60E-06,0.627000156,0.093468423,0.118098249,0.118098249
-52.0809497,0.02447883,8977129186,1.04E-05,22595725596,7.52E-06,2.06431E+11,1.24E-05,4.40E-05,1.227101259,0.091892827,0.123352797,0.123352797
-43.43997143,0.026998049,13565834319,1.02E-05,17431339965,1.04E-05,2.02268E+11,1.16E-05,4.56E-05,1.689283461,0.072100386,0.103292696,0.103292696
-90.70041362,0.022636265,16817524709,1.15E-05,13217749070,1.10E-05,1.95385E+11,1.19E-05,4.54E-06,0.820958168,0.138905052,0.241734687,0.241734687
-53.61933534,0.020928881,7682526179,1.07E-05,13155866305,6.04E-06,1.90993E+11,1.12E-05,3.78E-06,1.510125149,0.07400341,0.12897542,0.12897542
-45.00104406,0.022139748,8646867599,9.83E-06,35295997876,6.29E-06,2.09127E+11,1.18E-05,4.15E-06,1.662150133,0.072305728,0.100474137,0.100474137
-31.01256484,0.031580717,13374119378,1.19E-05,14488406072,7.95E-06,2.09556E+11,1.28E-05,1.50E-06,1.692427411,0.057877089,0.084715394,0.084715394
-113.5607425,0.033397187,13930744407,8.69E-06,22827499238,8.98E-06,2.00722E+11,1.09E-05,1.01E-06,2.706709475,0.195145086,0.232385969,0.232385969
-100.8625516,0.021050533,5420570635,1.25E-05,32779482898,8.81E-06,1.99978E+11,1.26E-05,1.40E-06,2.036467915,0.150621919,0.287268288,0.287268288
-113.0186098,0.021366028,19913679884,8.10E-06,17740340992,6.83E-06,2.02673E+11,1.18E-05,2.91E-06,1.371799061,0.198787811,0.21039324,0.21039324
-86.25143567,0.036229055,18791155016,9.84E-06,28807610744,9.49E-06,2.07708E+11,1.06E-05,3.19E-05,0.85826969,0.142926836,0.198092115,0.198092115
-110.5726477,0.031354968,5631646156,1.18E-05,13250361883,9.65E-06,1.9497E+11,1.29E-05,2.61E-05,0.540267393,0.219003766,0.298186023,0.298186023
-95.20638829,0.029271686,7237070617,1.14E-05,15400289557,5.34E-06,2.0205E+11,1.27E-05,3.30E-05,0.709675275,0.179187005,0.24403318,0.24403318
-106.7160826,0.024516273,5699532753,9.82E-06,24947460492,1.08E-05,2.00575E+11,1.16E-05,1.87E-06,2.065980077,0.172920645,0.246388117,0.246388117
-106.5532512,0.026142789,6715719751,1.13E-05,18254949769,1.09E-05,1.96892E+11,1.22E-05,2.85E-06,0.665916077,0.182758205,0.278928636,0.278928636
-46.94702882,0.035761655,7357223163,1.07E-05,15812331280,1.07E-05,1.95006E+11,1.17E-05,2.52E-06,0.69124242,0.086152956,0.117041324,0.117041324
-55.44455204,0.032829156,5197324739,1.14E-05,24372784015,6.92E-06,1.96334E+11,1.08E-05,2.23E-05,1.792874843,0.083784199,0.144432808,0.144432808
-36.54780928,0.020839215,18189212510,1.26E-05,14981914608,1.10E-05,2.00903E+11,1.26E-05,1.74E-06,2.676596232,0.05424378,0.106084069,0.106084069
-20.28054936,0.026078191,10404195063,1.00E-05,37875569818,9.56E-06,2.09044E+11,1.21E-05,1.93E-06,0.528590427,0.036859079,0.046726473,0.046726473
-37.58488209,0.029922038,5734926194,1.17E-05,31176237014,1.03E-05,2.08304E+11,1.19E-05,1.80E-06,1.637092287,0.062549635,0.102264954,0.102264954
-78.06751357,0.022368053,11156295037,8.53E-06,21025812890,8.81E-06,1.95882E+11,1.07E-05,4.95E-05,1.366194576,0.11876,0.155226932,0.155226932
-50.20968268,0.024578917,7088439151,1.07E-05,25395024654,7.24E-06,2.06256E+11,1.15E-05,4.11E-05,0.521247054,0.080200853,0.120771174,0.120771174
-94.33453874,0.030241096,12447724150,1.17E-05,18686509276,1.10E-05,1.96785E+11,1.26E-05,6.75E-06,2.567222253,0.170140836,0.258857427,0.258857427
-47.60885627,0.036887037,13554422872,1.05E-05,35372746777,5.28E-06,1.91022E+11,1.14E-05,4.95E-05,0.71400026,0.086033597,0.113079142,0.113079142
-20.95459583,0.037515814,10247356185,1.17E-05,15111586686,1.10E-05,1.98694E+11,1.28E-05,1.94E-06,0.727120522,0.042597985,0.057243674,0.057243674
-67.56668434,0.037311006,6714245304,1.12E-05,36633010851,6.45E-06,1.99171E+11,1.26E-05,1.18E-05,0.985487136,0.135329104,0.172299458,0.172299458
-114.7305677,0.035748751,5497537064,1.13E-05,12247599476,1.10E-05,1.98086E+11,1.14E-05,4.46E-06,1.990127414,0.194689627,0.304703889,0.304703889
-23.68008348,0.039713471,17284864526,1.11E-05,28437391566,1.10E-05,2.05417E+11,1.14E-05,5.52E-06,0.840045644,0.042548587,0.061426456,0.061426456
-77.31897833,0.036368621,17968264602,8.30E-06,28485396232,1.01E-05,1.90266E+11,1.17E-05,4.15E-05,1.656291694,0.15173172,0.152862513,0.152862513
-68.48826848,0.028972168,12687630897,9.80E-06,26771144079,1.02E-05,1.97435E+11,1.10E-05,1.12E-05,1.42947897,0.109278669,0.157354503,0.157354503
-93.81662986,0.038365763,11270792668,8.16E-06,13838009263,8.13E-06,1.92875E+11,1.18E-05,5.80E-06,0.582037091,0.193871142,0.178423304,0.193871142
-59.98972256,0.020749307,7848069507,9.10E-06,33066102756,5.04E-06,1.92423E+11,1.26E-05,2.42E-06,1.017361402,0.110292905,0.122632345,0.122632345
-108.1382554,0.025149479,10054415524,1.04E-05,27474643722,6.64E-06,1.91577E+11,1.29E-05,1.09E-06,0.674690661,0.20931501,0.252874024,0.252874024
-113.4335957,0.026641941,14663346372,1.00E-05,26451731261,1.04E-05,2.012E+11,1.16E-05,3.49E-06,0.541211018,0.195981949,0.263274158,0.263274158
-72.10278782,0.037058606,5598207976,1.22E-05,27144400152,8.08E-06,2.05076E+11,1.17E-05,5.58E-06,2.484269219,0.12395431,0.203125354,0.203125354
-41.12281257,0.023437847,6647394831,1.24E-05,19833729957,6.45E-06,2.05394E+11,1.05E-05,6.07E-06,1.47738511,0.047242577,0.11415508,0.11415508
-88.84628872,0.03764523,9598278576,1.02E-05,11501652443,1.00E-05,1.98072E+11,1.15E-05,2.81E-05,1.706042979,0.162370469,0.212849102,0.212849102
-37.23185276,0.032471354,9058179831,1.01E-05,14131745333,6.60E-06,1.92901E+11,1.09E-05,2.23E-05,1.789897486,0.059718299,0.086163096,0.086163096
-44.25748277,0.0293736,9557409403,1.07E-05,23728063523,1.02E-05,1.91065E+11,1.20E-05,1.81E-06,2.516160377,0.077278893,0.110390432,0.110390432
-98.71173326,0.037484435,5883226874,1.00E-05,29226012943,8.54E-06,1.90196E+11,1.13E-05,7.60E-06,0.670754952,0.180514148,0.228699364,0.228699364
-89.82902295,0.034659671,6590354587,8.54E-06,15064126560,8.39E-06,2.03305E+11,1.16E-05,1.97E-05,0.744279391,0.174462836,0.178807098,0.178807098
-99.93314147,0.03177943,9062717077,1.13E-05,31100699322,8.82E-06,1.9047E+11,1.15E-05,7.99E-06,0.940207987,0.167106097,0.259432228,0.259432228
-58.95608337,0.038106203,15737718931,1.07E-05,11916131688,6.66E-06,1.90014E+11,1.29E-05,4.51E-05,2.021067897,0.12358934,0.14516786,0.14516786
-41.67931075,0.028014048,14293885411,9.46E-06,15646405441,7.10E-06,2.06707E+11,1.15E-05,1.46E-05,1.872394302,0.071313307,0.09071573,0.09071573
-51.13487689,0.028554264,13519326550,9.99E-06,10516562098,9.46E-06,2.02422E+11,1.15E-05,1.70E-05,1.478079868,0.085645857,0.118997453,0.118997453
-74.13329548,0.02643876,6846985252,1.27E-05,32621666422,8.36E-06,1.92839E+11,1.26E-05,1.49E-05,1.340248495,0.122663307,0.213875614,0.213875614
-73.18198978,0.029605423,18344694067,1.17E-05,12855917187,1.10E-05,1.90316E+11,1.16E-05,1.53E-05,0.547013478,0.121115237,0.197242899,0.197242899
-70.4119643,0.023698853,19282211783,9.96E-06,34537566862,9.91E-06,1.93899E+11,1.15E-05,1.20E-06,2.092133464,0.110729146,0.163616907,0.163616907
-46.90862336,0.020739948,5095804677,1.19E-05,25155970675,1.10E-05,2.09418E+11,1.07E-05,1.06E-06,1.57921095,0.053842573,0.129548569,0.129548569
-69.69320305,0.025827054,5069252262,8.21E-06,24108571745,8.45E-06,1.97706E+11,1.11E-05,1.01E-06,2.793403238,0.116378818,0.134081462,0.134081462
-88.62640166,0.029648309,8256605437,1.01E-05,36066430931,9.69E-06,2.02583E+11,1.06E-05,4.14E-06,2.417068485,0.132500023,0.208960562,0.208960562
-112.5242233,0.033198457,6024052743,8.31E-06,24904485710,1.01E-05,2.0305E+11,1.13E-05,7.97E-06,0.931757875,0.208916178,0.221547417,0.221547417
-24.85326111,0.021146836,12381495806,9.30E-06,37257468214,6.50E-06,1.93279E+11,1.15E-05,4.33E-05,0.71055239,0.04041332,0.052298471,0.052298471
-86.69624387,0.036037139,11589258018,1.05E-05,15476071022,6.00E-06,2.0674E+11,1.30E-05,7.04E-06,1.352107682,0.181627994,0.206997248,0.206997248
-103.3877578,0.028830061,8211158640,1.26E-05,35704932801,1.10E-05,2.05308E+11,1.26E-05,2.41E-05,0.919083102,0.180157194,0.301043608,0.301043608
-85.69694933,0.021847135,17384075649,9.62E-06,17542979002,5.27E-06,2.08408E+11,1.06E-05,1.85E-05,1.666916671,0.118320467,0.185938087,0.185938087
-111.0788025,0.039009403,5344091979,1.16E-05,36650704337,6.71E-06,2.01232E+11,1.10E-05,2.78E-06,1.008912338,0.186028046,0.293725691,0.293725691
-31.13442616,0.038526572,6144701259,9.29E-06,12630523871,9.60E-06,2.02535E+11,1.12E-05,2.25E-05,2.507446714,0.056359077,0.06835546,0.06835546
-82.70515359,0.033469919,5046374198,1.21E-05,14072295870,1.10E-05,2.01903E+11,1.25E-05,3.77E-05,0.514521005,0.157800577,0.231230532,0.231230532
-119.5409957,0.024246591,8985279147,8.46E-06,27929083214,5.19E-06,1.94392E+11,1.14E-05,3.92E-05,0.598275314,0.209687838,0.227481048,0.227481048
-70.07929873,0.025864941,17624407082,1.27E-05,20988393551,6.49E-06,1.9671E+11,1.17E-05,2.13E-05,0.805092243,0.104430908,0.199497275,0.199497275
-68.23851301,0.033111135,13166981839,8.95E-06,14592943551,9.13E-06,1.99388E+11,1.15E-05,1.98E-06,0.620316113,0.127437306,0.142192347,0.142192347
-96.69512988,0.023478163,13821758069,8.20E-06,10425082637,7.86E-06,2.08282E+11,1.19E-05,4.76E-06,0.961816329,0.178428153,0.183517484,0.183517484
-69.21635561,0.026380295,19007966961,8.08E-06,19918123937,8.40E-06,2.03595E+11,1.16E-05,5.39E-06,0.519762223,0.129851741,0.129471118,0.129851741
-58.64802761,0.032613901,6079545943,1.04E-05,21724141718,5.38E-06,1.92446E+11,1.17E-05,4.79E-06,0.709608519,0.105967418,0.138169937,0.138169937
-45.69875519,0.039042585,7284813606,1.23E-05,37663632183,1.10E-05,2.04217E+11,1.23E-05,1.72E-06,1.69974334,0.086439219,0.131470523,0.131470523
-32.278584,0.023379823,9734450504,1.10E-05,13590713157,1.09E-05,1.9166E+11,1.10E-05,3.60E-05,0.581911848,0.046447303,0.082051882,0.082051882
-97.43516226,0.022320538,8652222897,1.24E-05,37964665504,1.09E-05,2.04742E+11,1.06E-05,6.49E-06,2.9433143,0.109497773,0.278775491,0.278775491
-56.62601139,0.022444875,8258182847,8.38E-06,13481568930,7.42E-06,2.0194E+11,1.16E-05,2.48E-06,0.610534309,0.099399645,0.108633996,0.108633996
-55.34508761,0.038301359,11933115195,8.71E-06,25782970427,1.03E-05,2.01465E+11,1.08E-05,1.17E-05,2.04163289,0.097229189,0.114886095,0.114886095
-34.27214197,0.036975786,10744590147,8.06E-06,22118133315,7.24E-06,1.96843E+11,1.13E-05,6.29E-06,1.649917268,0.065206694,0.064521694,0.065206694
-73.36478332,0.025127592,12784172157,1.02E-05,35924744253,1.09E-05,2.00879E+11,1.22E-05,4.78E-05,0.60075049,0.130956741,0.174401799,0.174401799
-83.1378354,0.026031138,15822003133,1.06E-05,23090723842,1.04E-05,2.05543E+11,1.13E-05,1.17E-05,1.944582432,0.126875277,0.206507538,0.206507538
-25.35786829,0.029992729,14560754469,9.63E-06,10566674089,9.56E-06,1.90813E+11,1.09E-05,5.68E-06,2.659976752,0.040385537,0.057251375,0.057251375
-70.16040805,0.039146016,7075554210,1.26E-05,22697361085,6.19E-06,2.09912E+11,1.24E-05,1.52E-06,0.786823888,0.134702069,0.200267143,0.200267143
-99.83580527,0.0349084,16840465606,1.01E-05,25685588418,6.56E-06,1.91392E+11,1.15E-05,1.47E-06,0.616713189,0.182275278,0.229055895,0.229055895
-46.71464111,0.02943447,10209455672,8.52E-06,20919903735,8.56E-06,1.95746E+11,1.14E-05,1.35E-05,2.180213639,0.083259045,0.093291135,0.093291135
-78.5844861,0.028362563,6958067066,8.27E-06,11985468689,1.06E-05,1.91411E+11,1.19E-05,1.17E-06,0.816461364,0.151427755,0.153909245,0.153909245
-24.72750075,0.027872155,11358308879,1.20E-05,11839177946,9.28E-06,1.90358E+11,1.13E-05,3.77E-05,1.494536075,0.035971403,0.068381454,0.068381454
-31.23132783,0.030665626,9037482982,8.64E-06,34599752858,1.07E-05,1.98634E+11,1.13E-05,4.21E-05,0.604787635,0.056915465,0.063649735,0.063649735
-107.2455827,0.023954474,5142362856,9.41E-06,33954206743,6.50E-06,1.95867E+11,1.29E-05,1.02E-05,1.807323184,0.20771234,0.230445109,0.230445109
-51.96492965,0.029463318,6301859920,8.43E-06,26787462758,8.66E-06,1.92147E+11,1.22E-05,6.24E-06,1.540082684,0.10239086,0.102689081,0.102689081
-98.79843234,0.036594575,8876617116,1.18E-05,14022930514,6.25E-06,1.91596E+11,1.19E-05,1.19E-05,0.960486231,0.178166539,0.264552494,0.264552494
-74.95198505,0.029938356,8736195627,8.77E-06,11665229624,6.53E-06,1.9261E+11,1.15E-05,1.59E-06,1.212892202,0.135857819,0.150962748,0.150962748
-26.88489725,0.030830534,17670929935,8.44E-06,21130321737,6.09E-06,2.00415E+11,1.14E-05,2.72E-05,0.906536287,0.049392301,0.051940083,0.051940083
-65.07423712,0.03908738,11707566837,8.62E-06,18006184439,8.36E-06,2.04141E+11,1.16E-05,4.04E-05,1.018979286,0.127694126,0.131323878,0.131323878
-102.7783871,0.026930929,9825378742,9.67E-06,14208848485,9.20E-06,1.91331E+11,1.05E-05,3.85E-05,0.801011246,0.153672972,0.230248007,0.230248007
-89.78608549,0.031771043,6667201337,1.08E-05,38503925431,8.84E-06,2.07833E+11,1.27E-05,3.25E-05,2.869013332,0.172669033,0.225110528,0.225110528
-88.57352247,0.02372132,6833199556,8.88E-06,22703290460,9.10E-06,1.92388E+11,1.12E-05,1.41E-06,1.409087744,0.142938268,0.183561662,0.183561662
-21.29028392,0.032131503,8227292320,8.50E-06,14466400013,1.09E-05,2.09967E+11,1.20E-05,3.87E-05,0.673128418,0.042304319,0.042921643,0.042921643
-46.22957032,0.024324695,13248447590,9.50E-06,14209767296,6.94E-06,2.07676E+11,1.25E-05,3.74E-05,1.280178235,0.085369389,0.100416954,0.100416954
-91.48598398,0.036618497,12174887624,1.21E-05,36529528051,1.10E-05,1.91199E+11,1.19E-05,2.13E-05,1.109782284,0.162930699,0.258281328,0.258281328
-60.80590351,0.03715378,5856559945,1.13E-05,11544181008,9.33E-06,2.03478E+11,1.29E-05,1.04E-05,1.518462171,0.124983153,0.15909747,0.15909747
-112.3354767,0.035344627,9356270255,1.24E-05,14898714133,1.10E-05,2.08322E+11,1.21E-05,3.50E-05,1.393822395,0.199426514,0.32559963,0.32559963
-24.59198786,0.024139198,7813935674,1.26E-05,16170067257,7.66E-06,2.00193E+11,1.24E-05,1.09E-06,1.094310359,0.038351682,0.070295489,0.070295489
-91.84406511,0.034832188,15353935670,8.84E-06,24232842170,7.66E-06,1.97305E+11,1.13E-05,1.75E-06,0.550206246,0.171350694,0.187046879,0.187046879
-68.79876291,0.030992501,5060953526,1.06E-05,34234087843,1.02E-05,2.05913E+11,1.24E-05,2.45E-06,2.20755595,0.127644019,0.171209994,0.171209994
-115.8444023,0.021687895,8642416264,1.08E-05,12021849282,1.08E-05,2.01129E+11,1.10E-05,1.27E-06,1.281718665,0.157033325,0.291169566,0.291169566
-23.79518951,0.03567448,8090753864,9.37E-06,12583970967,9.59E-06,2.09168E+11,1.29E-05,1.62E-06,2.618573927,0.050440923,0.05255313,0.05255313
-72.40721134,0.031620393,10288399836,1.10E-05,15955542675,1.01E-05,1.96684E+11,1.10E-05,4.36E-05,2.806492444,0.1116751,0.186623253,0.186623253
-21.6599281,0.037088354,14034486218,1.07E-05,10690069653,1.08E-05,2.02424E+11,1.27E-05,1.16E-05,1.065856579,0.044295235,0.054439646,0.054439646
-111.2279336,0.037718287,12524000187,1.08E-05,37171499894,7.93E-06,1.9319E+11,1.21E-05,4.67E-06,0.516985185,0.22036574,0.274693603,0.274693603
-86.48438861,0.039417463,17527978805,1.30E-05,18296362657,5.55E-06,1.93346E+11,1.26E-05,4.00E-05,0.915282847,0.167687715,0.252987959,0.252987959
-94.21962188,0.02013206,18046462844,1.25E-05,21715090327,1.10E-05,2.06349E+11,1.13E-05,8.35E-06,1.63480263,0.114288239,0.270850294,0.270850294
-27.63474546,0.027899129,8183468631,1.14E-05,35982584922,5.20E-06,1.98576E+11,1.12E-05,8.40E-06,1.385857483,0.041247826,0.071123321,0.071123321
-43.53147538,0.036142682,10990082978,1.06E-05,11147794174,5.88E-06,1.93881E+11,1.23E-05,5.11E-06,1.073102928,0.085034255,0.104735139,0.104735139
-51.73202482,0.021102654,15607718507,1.23E-05,25769118068,1.08E-05,2.02372E+11,1.29E-05,9.37E-06,2.290813442,0.081882579,0.147414514,0.147414514
-20.67059497,0.033019209,6147854067,1.23E-05,23650286355,8.13E-06,2.00853E+11,1.17E-05,1.28E-05,2.704286539,0.033366343,0.058625876,0.058625876
-88.95125757,0.020679694,10973653356,1.19E-05,39990276053,9.63E-06,2.00383E+11,1.12E-05,3.04E-06,0.92027749,0.115151585,0.242925262,0.242925262
-64.41505889,0.03054867,18630831350,9.55E-06,15105584587,9.08E-06,1.93121E+11,1.25E-05,2.57E-05,0.60703401,0.129851482,0.142281138,0.142281138
-109.3155557,0.026059107,6851257094,1.28E-05,29395264901,1.10E-05,2.08149E+11,1.27E-05,1.56E-05,0.745965038,0.186917614,0.321915752,0.321915752
-90.1611295,0.02858898,6415342435,9.55E-06,33446278292,8.37E-06,2.0575E+11,1.29E-05,1.23E-05,0.546966973,0.187246679,0.1976087,0.1976087
-117.6713241,0.030335965,15753422097,1.03E-05,11388351281,9.01E-06,2.02707E+11,1.29E-05,3.88E-06,0.657470858,0.240378793,0.279890325,0.279890325
-109.9521677,0.032351293,8599404532,8.40E-06,36702389667,5.17E-06,2.05498E+11,1.17E-05,1.12E-05,0.708769229,0.213369773,0.209499021,0.213369773
-59.01532292,0.029624546,19225788716,1.03E-05,15122076940,8.13E-06,2.03976E+11,1.27E-05,1.12E-06,0.946381218,0.114961012,0.139941391,0.139941391
-41.37385251,0.036306385,7714074822,9.97E-06,20099970438,6.43E-06,1.98261E+11,1.25E-05,1.85E-06,2.351216344,0.083786499,0.094814555,0.094814555
-112.1167961,0.039035011,6415376176,8.55E-06,33002584997,8.46E-06,1.93645E+11,1.28E-05,1.04E-06,2.714554499,0.246982022,0.225925461,0.246982022
-36.23017341,0.032859957,5764287072,1.13E-05,20344695260,9.95E-06,2.03281E+11,1.19E-05,1.94E-05,0.833159688,0.064670982,0.094996476,0.094996476
-68.53868031,0.033960128,8795618311,1.30E-05,13104060958,1.10E-05,2.03355E+11,1.05E-05,1.63E-06,2.113496986,0.093135791,0.205454624,0.205454624
-59.71817159,0.024286797,13617235233,1.19E-05,36143342606,8.16E-06,2.0253E+11,1.17E-05,5.65E-06,0.778227478,0.090771978,0.160705348,0.160705348
-33.44091017,0.022522155,5006565813,1.23E-05,12050585789,1.10E-05,2.08516E+11,1.08E-05,4.20E-05,1.44206245,0.039774214,0.095040502,0.095040502
-65.9109831,0.025043662,12345946013,1.08E-05,18930701401,1.04E-05,1.94357E+11,1.09E-05,3.90E-05,1.107005075,0.093521566,0.16566949,0.16566949
-42.20410116,0.03073841,10529808479,1.28E-05,18528163134,6.62E-06,2.09927E+11,1.28E-05,5.34E-06,2.455135406,0.074891299,0.122791662,0.122791662
-73.5269172,0.021551326,5729707421,8.84E-06,23753543053,6.36E-06,1.99995E+11,1.27E-05,5.23E-06,1.365933635,0.138635284,0.148223626,0.148223626
-94.88243232,0.02449204,5903302504,1.17E-05,27330973331,1.10E-05,2.04975E+11,1.23E-05,3.96E-06,0.570341914,0.160910419,0.255247831,0.255247831
-34.34535921,0.020908665,7619985688,1.20E-05,12450382980,7.05E-06,1.93361E+11,1.28E-05,2.93E-06,2.037724422,0.054598362,0.093355888,0.093355888
-91.21745901,0.027602557,6237239347,1.24E-05,24877307528,5.57E-06,1.98082E+11,1.19E-05,1.29E-06,0.963100835,0.14323131,0.254379838,0.254379838
-72.97704145,0.038564037,10318620719,1.02E-05,19231176594,9.93E-06,1.93239E+11,1.10E-05,3.30E-06,1.446240643,0.126100486,0.174979716,0.174979716
-73.63040682,0.036412611,11655136898,1.20E-05,23964168121,1.10E-05,1.90717E+11,1.10E-05,2.46E-05,0.69244263,0.119182431,0.204570849,0.204570849
-92.75082141,0.02551905,7154684093,1.17E-05,14113480982,9.02E-06,2.06162E+11,1.06E-05,1.85E-05,1.121133832,0.120308949,0.248968764,0.248968764
-83.97757652,0.033350938,10399107552,1.25E-05,29658571044,7.30E-06,2.07879E+11,1.29E-05,1.79E-06,0.878914315,0.161724125,0.238500137,0.238500137
-99.31174297,0.021739635,17259266989,1.07E-05,22047241143,8.05E-06,1.98863E+11,1.29E-05,1.74E-06,2.628369872,0.172657362,0.243586615,0.243586615
-91.68579164,0.025438293,17797601549,9.22E-06,34666899961,6.14E-06,2.09342E+11,1.05E-05,7.95E-06,1.293322759,0.136110662,0.192582553,0.192582553
-54.39289069,0.024708343,6270477813,1.23E-05,39694685807,1.10E-05,1.96072E+11,1.09E-05,1.86E-05,0.672523225,0.071863841,0.153374802,0.153374802
-71.68922372,0.020373018,7132979401,9.21E-06,12524305763,9.46E-06,1.96968E+11,1.29E-05,5.43E-06,2.593959129,0.132194391,0.154184383,0.154184383
-103.0577866,0.022996409,8949641850,9.31E-06,21248902661,5.41E-06,1.96306E+11,1.08E-05,6.11E-06,2.821811048,0.15065071,0.217656609,0.217656609
-90.63037829,0.03733824,7343323004,1.26E-05,31516624084,9.54E-06,1.92227E+11,1.05E-05,3.90E-06,2.87829511,0.131114938,0.263853536,0.263853536
-105.9706539,0.026021296,12111072692,1.28E-05,21091343513,1.10E-05,1.92703E+11,1.20E-05,4.98E-05,0.551350499,0.16774355,0.31138864,0.31138864
-43.20021304,0.024560848,9096617167,9.79E-06,26699106008,1.02E-05,1.94995E+11,1.21E-05,1.23E-06,2.583770299,0.074454079,0.09908391,0.09908391
-69.80449074,0.02721069,10945876632,1.21E-05,15349078768,6.26E-06,2.05374E+11,1.26E-05,2.51E-05,0.55748468,0.124858608,0.188423268,0.188423268
-100.5249476,0.033030525,6453153826,9.57E-06,23009794327,9.35E-06,2.08635E+11,1.10E-05,3.38E-05,1.853842676,0.16798664,0.225359258,0.225359258
-68.80079607,0.023632023,10388151926,1.30E-05,12602619692,8.83E-06,1.94796E+11,1.14E-05,2.37E-06,0.63063423,0.093455681,0.202152194,0.202152194
-70.38935835,0.037684606,7079491123,8.53E-06,23722890529,5.81E-06,1.90175E+11,1.28E-05,3.19E-05,0.997438175,0.155271913,0.137698016,0.155271913
-70.69826714,0.026273645,19265098207,1.23E-05,12002498139,1.05E-05,1.9536E+11,1.09E-05,2.10E-06,1.183859906,0.093914563,0.201383421,0.201383421
-26.93649308,0.03049008,11150991158,1.29E-05,15251623708,1.10E-05,1.96747E+11,1.16E-05,9.87E-06,0.562542324,0.042825776,0.079774704,0.079774704
-39.7139036,0.026021586,7733796146,9.61E-06,33492497080,6.83E-06,1.98095E+11,1.29E-05,1.29E-05,0.899055873,0.078615769,0.08701418,0.08701418
-25.45258474,0.037490715,11303571124,9.01E-06,18794849832,8.24E-06,1.98543E+11,1.17E-05,1.71E-05,2.880674791,0.048864938,0.053757215,0.053757215
-104.9625543,0.022919054,5216448776,1.19E-05,39667468522,9.39E-06,1.93226E+11,1.27E-05,1.56E-06,1.056299642,0.173519947,0.286719853,0.286719853
-22.88896904,0.022326051,12599954307,1.01E-05,31012897840,1.06E-05,1.95316E+11,1.18E-05,1.55E-06,0.752083847,0.037155047,0.053772674,0.053772674
-50.37480372,0.023883356,16639069984,1.18E-05,33923015151,5.21E-06,1.97317E+11,1.10E-05,3.69E-06,0.598598685,0.069962398,0.132068983,0.132068983
-43.02156546,0.025506527,10603449356,1.04E-05,19499560332,7.19E-06,2.03559E+11,1.20E-05,3.18E-06,1.498411741,0.072887998,0.102111681,0.102111681
-38.28468902,0.030953615,6924527325,9.26E-06,21537965733,8.91E-06,2.09531E+11,1.22E-05,1.20E-05,0.69606438,0.074852987,0.082240936,0.082240936
-31.38321861,0.035220035,11684058617,1.11E-05,11477630776,8.05E-06,1.97241E+11,1.15E-05,2.80E-06,1.399222657,0.054306272,0.080448346,0.080448346
-27.29552724,0.025028046,16021286371,1.09E-05,33259564305,1.07E-05,2.07369E+11,1.08E-05,2.32E-06,1.524238555,0.037712458,0.069093725,0.069093725
-20.50930086,0.025348347,11898062997,9.80E-06,27697764324,1.02E-05,1.95333E+11,1.22E-05,2.59E-05,0.780099771,0.037070939,0.046780996,0.046780996
-29.39417106,0.032811489,6233721193,9.73E-06,11888452859,9.27E-06,2.09075E+11,1.23E-05,1.25E-06,1.303709575,0.057169458,0.066792979,0.066792979
-50.05467073,0.031017957,6400286609,1.30E-05,28833404344,7.10E-06,2.02441E+11,1.12E-05,2.95E-05,0.711081488,0.074580516,0.146578696,0.146578696
-103.3816764,0.027260522,16120497576,1.23E-05,39732720009,5.41E-06,2.07381E+11,1.14E-05,1.64E-06,0.888671908,0.152686524,0.284234142,0.284234142
-50.75184481,0.034489321,13603082801,1.26E-05,10897035775,1.10E-05,2.01742E+11,1.19E-05,6.78E-06,2.343219713,0.085527422,0.149440981,0.149440981
-48.46958081,0.035098318,11128619231,1.17E-05,10855874498,1.10E-05,2.09536E+11,1.15E-05,7.57E-06,1.383800469,0.082162455,0.13272111,0.13272111
-117.9938492,0.029051614,9022011717,9.13E-06,33041303297,1.05E-05,2.08915E+11,1.28E-05,4.55E-06,1.858914258,0.238776114,0.25464289,0.25464289
-69.2039419,0.022406552,8202757924,1.21E-05,10751817954,1.08E-05,1.90229E+11,1.21E-05,2.33E-06,2.096532346,0.101644977,0.193184979,0.193184979
-84.08717784,0.039218705,11425488044,1.07E-05,36810306004,5.85E-06,1.97228E+11,1.26E-05,1.11E-05,1.025496467,0.173587534,0.205538801,0.205538801
-104.6852931,0.026749474,17062453474,1.03E-05,27610369948,6.44E-06,2.02019E+11,1.27E-05,3.27E-05,2.406321515,0.194007575,0.246106602,0.246106602
-50.03808619,0.024453962,5427368479,1.26E-05,11370622023,1.10E-05,2.01685E+11,1.26E-05,1.02E-05,2.557464999,0.078902541,0.14577613,0.14577613
-80.67819159,0.037366363,19422910403,1.26E-05,12730368038,6.06E-06,2.01958E+11,1.29E-05,1.05E-05,0.509269993,0.16341598,0.229183448,0.229183448
-39.68372266,0.028836554,19901473810,8.31E-06,23790764236,8.24E-06,1.92804E+11,1.21E-05,1.20E-06,0.914634534,0.077556046,0.076797045,0.077556046
-74.29683896,0.034533819,9855360616,9.29E-06,36170133575,8.07E-06,2.08629E+11,1.26E-05,9.72E-06,0.793985027,0.154903535,0.15973771,0.15973771
-40.89735321,0.029716753,7952050170,9.16E-06,34218939595,9.53E-06,1.90127E+11,1.17E-05,4.00E-06,0.508812115,0.076225137,0.086974095,0.086974095
-115.4382722,0.020922657,6250752313,1.01E-05,12706351783,7.02E-06,1.93148E+11,1.19E-05,3.35E-05,2.176835604,0.181731985,0.266672816,0.266672816
-72.9538408,0.026242046,12942187725,1.24E-05,20681626296,1.10E-05,1.99626E+11,1.08E-05,4.65E-05,0.560597565,0.098043922,0.20802075,0.20802075
-30.49517388,0.024313928,10684000325,8.16E-06,17524888007,9.84E-06,1.93072E+11,1.23E-05,2.11E-05,1.039532326,0.058965046,0.058686093,0.058965046
-74.88517137,0.029125904,16471588430,1.24E-05,17071177193,1.02E-05,2.04543E+11,1.12E-05,2.93E-05,0.504401499,0.113731903,0.213068572,0.213068572
-115.6670707,0.035062778,18024107277,1.22E-05,31044150201,8.67E-06,1.95272E+11,1.17E-05,1.39E-06,0.579131838,0.203790701,0.322600436,0.322600436
-83.7177558,0.030768202,7862127576,8.48E-06,11933823852,8.91E-06,2.02618E+11,1.11E-05,1.37E-05,1.003690337,0.147582962,0.166279463,0.166279463
-33.68622877,0.023389951,15648644680,8.67E-06,17875460495,7.55E-06,2.08706E+11,1.17E-05,8.68E-06,0.510424936,0.059935587,0.066705531,0.066705531
-103.0766184,0.032012039,6726763795,1.24E-05,11599340640,1.10E-05,2.08784E+11,1.10E-05,4.44E-06,1.732316211,0.15126603,0.296941573,0.296941573
-97.286882,0.03164963,9754026274,1.04E-05,27346684325,8.82E-06,1.94986E+11,1.27E-05,4.44E-05,1.453855744,0.191919903,0.234293651,0.234293651
-41.97213886,0.022988726,12803743438,1.01E-05,16932134661,6.67E-06,2.00243E+11,1.23E-05,2.62E-05,0.781512315,0.073920761,0.096285092,0.096285092
-75.05469029,0.032917151,10456962495,1.21E-05,39548266454,5.80E-06,1.90984E+11,1.11E-05,2.36E-05,0.531717419,0.119750017,0.204314571,0.204314571
-43.63295854,0.033773656,7795057589,1.09E-05,19811028556,1.10E-05,2.0374E+11,1.25E-05,6.67E-06,2.101357142,0.083920927,0.111738887,0.111738887
-67.84276576,0.032160831,7868230425,9.85E-06,38693786272,1.03E-05,2.0782E+11,1.09E-05,2.20E-06,0.531502237,0.113899929,0.155408139,0.155408139
-95.65725667,0.039327495,7195064900,1.08E-05,22944954751,8.73E-06,2.04022E+11,1.16E-05,9.95E-06,0.727651618,0.179526288,0.237746629,0.237746629
-81.65012715,0.033316152,15402757401,1.10E-05,13762014726,6.21E-06,1.97935E+11,1.20E-05,3.79E-05,0.880989974,0.149126653,0.20455441,0.20455441
-93.00144958,0.020689057,8455316505,1.09E-05,12473101630,9.21E-06,1.97716E+11,1.29E-05,1.02E-05,2.803678602,0.157245745,0.233237617,0.233237617
-26.67994308,0.034567162,7186780221,9.19E-06,28380012711,1.04E-05,1.99555E+11,1.29E-05,1.69E-06,1.444106456,0.057224944,0.058047118,0.058047118
-28.44170014,0.023606647,18965069929,1.22E-05,14007554859,1.10E-05,1.90614E+11,1.20E-05,3.33E-06,1.387234504,0.042351954,0.080046997,0.080046997
-96.87321509,0.020139671,6153321881,1.11E-05,34505198771,6.33E-06,2.0421E+11,1.19E-05,6.17E-06,0.992055293,0.145118942,0.24097903,0.24097903
-36.70272841,0.021192891,11763038573,1.15E-05,38000131109,7.31E-06,1.99117E+11,1.20E-05,1.09E-06,2.534963399,0.053526317,0.095794416,0.095794416
-27.2869243,0.026920662,18544907838,9.91E-06,11168041127,5.99E-06,2.04549E+11,1.25E-05,2.40E-05,0.731545318,0.051655832,0.06110149,0.06110149
-49.60271055,0.035902007,17461646706,8.70E-06,35971534792,8.98E-06,2.05842E+11,1.21E-05,1.21E-06,0.537416529,0.102501305,0.100544062,0.102501305
-79.58893924,0.031891206,17977756524,8.09E-06,29935538755,7.03E-06,2.04326E+11,1.21E-05,1.28E-05,0.917271224,0.160585574,0.148922373,0.160585574
-100.7592751,0.02089239,6347274422,1.10E-05,10512849924,9.06E-06,1.96423E+11,1.10E-05,5.59E-06,0.606345234,0.136922817,0.252840996,0.252840996
-109.5296465,0.022034582,6981729717,9.48E-06,23619032658,9.21E-06,1.97928E+11,1.27E-05,1.66E-05,0.574795873,0.209611724,0.238599427,0.238599427
-34.18149115,0.03302776,13957829545,9.45E-06,33949457590,7.47E-06,1.96279E+11,1.07E-05,1.25E-06,1.36055082,0.055831698,0.074617734,0.074617734
-54.79980655,0.030221113,9449213720,1.11E-05,20560271506,7.84E-06,1.94308E+11,1.25E-05,4.89E-05,1.165289305,0.10087432,0.139686324,0.139686324
-96.45868073,0.02308569,13285089327,1.28E-05,20082314755,9.92E-06,2.04203E+11,1.20E-05,2.39E-05,1.464311151,0.137126431,0.283527606,0.283527606
-21.64132639,0.033239172,5326946919,8.04E-06,15219691113,8.06E-06,2.01908E+11,1.22E-05,3.52E-06,0.623213553,0.045140837,0.040477966,0.045140837
-102.8046994,0.020097975,16098092573,8.95E-06,17398935471,7.40E-06,2.00086E+11,1.24E-05,1.37E-05,0.555853959,0.189598661,0.208961526,0.208961526
-94.71253585,0.032676489,5304800960,1.17E-05,11043276746,9.43E-06,2.01549E+11,1.24E-05,2.70E-05,0.570308226,0.177794254,0.255016426,0.255016426
-73.76127444,0.035879558,10755403187,8.75E-06,18573025659,6.44E-06,2.08312E+11,1.27E-05,7.08E-06,0.634282556,0.160925118,0.147798047,0.160925118
-107.0581478,0.026377252,8799676086,1.18E-05,14780114046,7.13E-06,2.00667E+11,1.26E-05,5.45E-06,1.222147463,0.186120824,0.285650066,0.285650066
-55.45568712,0.036276508,5555702339,8.95E-06,31812568399,9.17E-06,1.95404E+11,1.21E-05,3.09E-06,1.708005157,0.110793227,0.116793516,0.116793516
-39.65689143,0.032880346,8386925305,8.20E-06,17586719198,1.01E-05,1.97638E+11,1.24E-05,6.12E-06,0.966620259,0.082452664,0.077156747,0.082452664
-118.5188148,0.038041166,15493540656,9.88E-06,14592409840,5.27E-06,2.08085E+11,1.05E-05,1.98E-06,2.175269045,0.193310579,0.267333698,0.267333698
-68.84159796,0.037881128,10251381483,1.02E-05,26158738811,7.06E-06,1.94225E+11,1.18E-05,3.59E-05,1.469031521,0.129578429,0.162206481,0.162206481
-116.0055248,0.039312812,19600162852,1.28E-05,38975197680,1.10E-05,1.99116E+11,1.20E-05,4.37E-05,0.754859599,0.213585451,0.345418084,0.345418084
-60.47363711,0.026341034,10689673966,1.27E-05,28715504547,6.52E-06,1.96631E+11,1.25E-05,1.01E-06,0.509734078,0.103673922,0.171907202,0.171907202
-69.12433435,0.036504564,11033067185,1.04E-05,33707255823,5.35E-06,1.92655E+11,1.23E-05,6.97E-06,0.609449602,0.139080014,0.162169626,0.162169626
-68.15290962,0.038032596,6985820794,1.07E-05,22976502751,1.06E-05,2.08755E+11,1.10E-05,1.14E-05,0.937128345,0.116084848,0.171196995,0.171196995
-71.41226565,0.037924559,13558356715,1.14E-05,24372081069,1.10E-05,2.06613E+11,1.29E-05,9.60E-06,0.848340525,0.148977142,0.19001745,0.19001745
-81.19128512,0.037831203,16441341767,1.09E-05,13423575954,1.10E-05,1.94507E+11,1.29E-05,1.03E-05,2.182839193,0.16876478,0.20913073,0.20913073
-73.67035738,0.023709826,5172758211,9.79E-06,12120450499,6.81E-06,2.04199E+11,1.16E-05,1.60E-06,0.577572968,0.123352422,0.163038322,0.163038322
-28.56174337,0.02265631,9181661363,1.29E-05,34492347342,7.83E-06,1.91957E+11,1.19E-05,1.35E-05,0.632441532,0.041247635,0.082597673,0.082597673
-66.24966435,0.03944346,9014570015,8.96E-06,21056049668,9.35E-06,1.99512E+11,1.12E-05,8.30E-06,0.553281201,0.125563611,0.138810276,0.138810276
-102.1373647,0.025195461,5875338779,1.10E-05,11728860972,1.10E-05,1.94384E+11,1.08E-05,1.18E-06,1.458533528,0.14028859,0.262540791,0.262540791
-21.09247999,0.029617358,8865015636,1.16E-05,35488458151,6.74E-06,1.96112E+11,1.17E-05,4.55E-05,1.852068433,0.033978159,0.055640486,0.055640486
-32.46360476,0.028897185,12049265629,8.39E-06,33800756766,7.34E-06,2.01456E+11,1.24E-05,7.08E-06,2.325996187,0.064620644,0.063261462,0.064620644
-55.179239,0.026822689,16712813487,9.76E-06,22168901070,7.01E-06,1.98701E+11,1.15E-05,1.07E-05,0.544721765,0.094738628,0.122176636,0.122176636
-117.0334382,0.023014796,12728754654,8.77E-06,20522154496,7.35E-06,1.91504E+11,1.29E-05,3.10E-05,1.152542432,0.231634314,0.235853212,0.235853212
-71.85747564,0.039740988,7231544934,9.34E-06,21386134732,1.01E-05,2.05689E+11,1.26E-05,1.69E-06,1.612971017,0.153054724,0.158814777,0.158814777
-104.8752651,0.026417898,5807556479,1.17E-05,20018269231,5.33E-06,1.90031E+11,1.19E-05,1.29E-06,0.941061927,0.169289357,0.275440578,0.275440578
-39.84960314,0.032130969,10831926675,9.79E-06,22859806443,1.03E-05,1.92533E+11,1.26E-05,4.58E-05,0.801729531,0.080206415,0.091322079,0.091322079
-95.18672694,0.038307145,11825260580,8.52E-06,12463559560,1.01E-05,1.95964E+11,1.23E-05,6.99E-06,1.09187929,0.201508649,0.192600547,0.201508649
-86.36409004,0.023926277,6677463973,1.10E-05,15707911074,8.35E-06,1.95001E+11,1.10E-05,1.44E-05,0.810459017,0.12297196,0.217546312,0.217546312
-44.18237029,0.031078327,15990286248,8.52E-06,17174215156,8.31E-06,1.98497E+11,1.14E-05,2.69E-06,2.523969819,0.079530909,0.088155414,0.088155414
-40.16950976,0.039034197,10393566269,8.59E-06,14449822789,8.26E-06,1.9636E+11,1.10E-05,3.44E-06,1.713019909,0.073391943,0.080999852,0.080999852
-28.78717283,0.022467677,6669574902,1.10E-05,15633094833,9.59E-06,1.98145E+11,1.21E-05,3.61E-05,1.211255302,0.04613857,0.072743219,0.072743219
-63.90679509,0.026126217,11437410407,9.98E-06,11194115327,8.46E-06,2.07939E+11,1.29E-05,2.88E-06,2.31437792,0.122536263,0.147633206,0.147633206
-69.5979712,0.039598498,6872289526,9.90E-06,18402888987,8.97E-06,2.03462E+11,1.28E-05,2.11E-06,1.019745326,0.150434742,0.160763147,0.160763147
-43.57208033,0.025850253,9886467772,9.96E-06,12040013279,6.04E-06,1.95039E+11,1.19E-05,9.06E-06,0.759171149,0.076375248,0.097983367,0.097983367
-29.85572459,0.037314206,11794670685,1.16E-05,37465326900,1.10E-05,1.91673E+11,1.13E-05,3.75E-06,2.772367019,0.049833885,0.08109048,0.08109048
-50.9211954,0.031604556,5627033053,8.46E-06,32833683112,8.13E-06,2.00343E+11,1.19E-05,1.19E-06,0.858829629,0.099842523,0.100241938,0.100241938
-53.89979096,0.027870953,12072100622,1.16E-05,16102122321,1.10E-05,1.95664E+11,1.19E-05,4.27E-05,1.504872369,0.08761252,0.145918927,0.145918927
-28.67237883,0.032317131,8691394243,1.09E-05,37421443833,5.18E-06,2.09944E+11,1.14E-05,1.11E-06,2.161115007,0.047220888,0.071017388,0.071017388
-90.34849,0.035156136,6364454497,9.78E-06,15023497573,9.60E-06,2.09434E+11,1.28E-05,5.62E-06,1.462184049,0.188116303,0.207149478,0.207149478
-29.67482951,0.034667413,13180910732,1.14E-05,23560360587,1.10E-05,1.97892E+11,1.27E-05,1.91E-05,1.375649056,0.057971498,0.078940235,0.078940235
-22.68289992,0.037427103,12120029358,1.20E-05,21789683560,1.10E-05,2.09261E+11,1.27E-05,3.35E-06,0.58447508,0.045537407,0.063244891,0.063244891
-81.43328386,0.026607916,5462178279,1.15E-05,14179951438,1.10E-05,1.9142E+11,1.07E-05,1.09E-06,1.767535189,0.109162703,0.217348747,0.217348747
-61.60140206,0.025028489,11919584918,1.17E-05,15010893541,8.28E-06,1.97468E+11,1.25E-05,1.95E-05,0.629710921,0.106554846,0.163867856,0.163867856
-36.32846907,0.027157339,11903826828,1.21E-05,16574368193,5.54E-06,2.07895E+11,1.15E-05,3.26E-06,2.615178869,0.053416733,0.099083802,0.099083802
-55.38130234,0.025340856,5168084822,8.76E-06,10848124976,6.52E-06,2.0978E+11,1.18E-05,3.97E-06,0.988096146,0.0995229,0.110834497,0.110834497
-45.66939461,0.030056363,8998814584,1.06E-05,27567381284,8.63E-06,2.00673E+11,1.21E-05,5.56E-06,2.432978814,0.080878066,0.112552177,0.112552177
-20.38038153,0.034483836,7845698632,1.20E-05,14154680201,9.78E-06,2.08639E+11,1.27E-05,4.54E-06,2.312950183,0.038678985,0.056594857,0.056594857
-104.2188589,0.032638857,19219182232,9.05E-06,37239974520,5.38E-06,1.96749E+11,1.29E-05,9.90E-06,2.540452904,0.220385896,0.215428881,0.220385896
-115.858405,0.022986278,8038274502,8.48E-06,19649975423,1.05E-05,1.97645E+11,1.28E-05,8.53E-06,0.823016654,0.232733085,0.231138154,0.232733085
-93.22092282,0.035307707,9050533239,9.47E-06,28508266309,9.77E-06,2.03145E+11,1.09E-05,8.79E-06,2.354062721,0.157334442,0.208160335,0.208160335
-52.9731189,0.029455133,5569948679,1.18E-05,26926648455,6.91E-06,2.0731E+11,1.12E-05,1.05E-05,0.81727357,0.080405948,0.141797509,0.141797509
-30.96880131,0.025643293,12110001999,8.92E-06,17003453703,9.39E-06,2.07962E+11,1.12E-05,4.40E-06,1.217668135,0.051316567,0.064590159,0.064590159
-32.0978589,0.03575023,7776183715,8.18E-06,16591271643,9.25E-06,1.91672E+11,1.21E-05,2.03E-06,0.905692272,0.066560917,0.061940098,0.066560917
-35.85727994,0.030576351,14088916198,1.28E-05,15324408833,1.10E-05,2.03211E+11,1.08E-05,1.64E-05,2.500049202,0.048205898,0.106701738,0.106701738
-49.044779,0.032346331,7064073687,9.57E-06,35679073144,9.04E-06,1.99026E+11,1.27E-05,1.72E-05,0.99911929,0.100699958,0.109318261,0.109318261
-84.14767482,0.030021936,12412789789,8.69E-06,12982930325,9.40E-06,1.99728E+11,1.27E-05,1.78E-06,2.893652391,0.172412922,0.172588815,0.172588815
-79.32723128,0.036860129,5860464977,9.04E-06,39230165116,9.06E-06,2.065E+11,1.07E-05,2.56E-05,0.787705821,0.137031533,0.167599908,0.167599908
-103.1800512,0.024361333,6855401170,9.97E-06,33101994973,9.95E-06,1.95636E+11,1.19E-05,2.24E-06,0.901546182,0.175022845,0.238837859,0.238837859
-114.6013026,0.030223206,12105139049,1.12E-05,28879285145,9.76E-06,1.99185E+11,1.25E-05,1.05E-05,2.056114213,0.2085667,0.297734584,0.297734584
-100.9565149,0.03652612,7567574338,1.06E-05,39960625394,6.34E-06,1.98072E+11,1.08E-05,3.93E-06,2.992127997,0.162684763,0.245605984,0.245605984
-114.0318535,0.027267822,19726366963,9.52E-06,27770304393,8.86E-06,1.90936E+11,1.05E-05,3.54E-06,1.261312307,0.170055381,0.252139117,0.252139117
-56.70264364,0.03106333,11221614582,1.12E-05,38752349738,7.74E-06,1.94872E+11,1.25E-05,1.73E-06,1.04786649,0.1065234,0.145176087,0.145176087
-109.3535501,0.039137468,12198695458,1.07E-05,18068499588,1.10E-05,1.97808E+11,1.10E-05,3.79E-06,1.499706479,0.186633083,0.276724601,0.276724601
-61.30220024,0.027457113,12626835478,1.24E-05,36397902793,7.11E-06,1.96918E+11,1.13E-05,9.84E-06,0.506388574,0.092011082,0.170524606,0.170524606
-43.11772604,0.036413403,12144749459,1.19E-05,35070448731,6.12E-06,2.00816E+11,1.13E-05,4.97E-06,1.472541978,0.071173917,0.116651645,0.116651645
-31.28169639,0.032224574,7418609713,1.01E-05,34925909463,1.04E-05,2.04623E+11,1.09E-05,7.09E-06,1.42645232,0.0504126,0.074034433,0.074034433
-20.54501404,0.033250793,5606196830,9.45E-06,18146555150,9.32E-06,2.06275E+11,1.17E-05,2.49E-05,1.196867399,0.037792712,0.045442446,0.045442446
-34.14680112,0.038920333,5339324541,8.18E-06,13348411875,7.83E-06,1.98674E+11,1.28E-05,4.58E-06,1.940999997,0.076111746,0.065633645,0.076111746
-96.75661307,0.038761443,8669200632,9.47E-06,17093575557,9.95E-06,1.95275E+11,1.09E-05,2.03E-05,0.65401416,0.173793381,0.21461362,0.21461362
-21.89724481,0.031458151,7994090901,8.92E-06,35417019609,8.76E-06,1.99882E+11,1.15E-05,4.34E-06,1.850023841,0.039340193,0.04573707,0.04573707
-98.13855651,0.031762192,17851529556,1.06E-05,15480418592,1.09E-05,2.00512E+11,1.27E-05,1.26E-05,2.936077684,0.190963314,0.244768122,0.244768122
-39.26005845,0.032962064,16906490877,8.39E-06,37692627934,7.35E-06,1.90372E+11,1.09E-05,2.31E-05,0.637994353,0.069421016,0.076062144,0.076062144
-91.99917251,0.025436807,8870295725,1.11E-05,37308038827,1.10E-05,1.91777E+11,1.07E-05,4.25E-05,0.642329525,0.128522144,0.23725199,0.23725199
-56.08736869,0.027547629,7287237819,1.09E-05,18817781102,5.11E-06,2.08064E+11,1.10E-05,2.08E-06,0.98862707,0.084844461,0.136843234,0.136843234
-27.35625972,0.023015395,19528338503,8.34E-06,16634472592,8.68E-06,2.08538E+11,1.08E-05,3.48E-06,1.67066338,0.042605219,0.053316976,0.053316976
-37.78657809,0.032680916,5532016760,1.08E-05,23297177871,1.10E-05,2.04746E+11,1.17E-05,4.24E-05,0.756764523,0.067100101,0.095655933,0.095655933
-71.35823772,0.039973204,6110015279,1.08E-05,31794872001,1.05E-05,1.99051E+11,1.09E-05,3.95E-06,0.911540932,0.122449841,0.179881416,0.179881416
-89.76172948,0.031623499,8279759074,1.12E-05,25162954390,6.65E-06,2.08749E+11,1.28E-05,2.48E-05,1.56712074,0.172741485,0.229767059,0.229767059
-118.2286603,0.033418949,18431310338,1.20E-05,11779317115,7.07E-06,2.05003E+11,1.22E-05,1.05E-06,0.505760432,0.218612689,0.320038175,0.320038175
-119.3458959,0.035940611,6763556467,9.35E-06,20452289719,9.41E-06,1.92529E+11,1.11E-05,2.92E-06,0.578917327,0.215039427,0.259703006,0.259703006
-30.533093,0.023118699,8659133070,8.58E-06,18219662297,8.29E-06,1.91548E+11,1.19E-05,2.21E-06,0.590972229,0.055738437,0.060372814,0.060372814
-41.84389039,0.038059919,11802228696,9.06E-06,14944790706,9.10E-06,1.90579E+11,1.29E-05,2.18E-06,0.952053698,0.092849016,0.088929173,0.092849016
-57.97471585,0.028006682,9458156072,9.01E-06,27442859439,7.43E-06,2.00569E+11,1.07E-05,7.29E-06,0.601331295,0.093359936,0.119686618,0.119686618
-64.9498571,0.03332244,10129114256,1.01E-05,17599120759,8.03E-06,2.00791E+11,1.25E-05,2.90E-06,1.93642486,0.127665185,0.151661672,0.151661672
-25.34885247,0.037605374,15793637169,1.16E-05,15936454792,1.06E-05,1.98824E+11,1.09E-05,1.98E-06,2.840704433,0.040399346,0.068937915,0.068937915
-40.32550118,0.022488864,9846658962,1.09E-05,22523502416,1.06E-05,1.90759E+11,1.09E-05,3.68E-05,0.815993756,0.054997177,0.101875344,0.101875344
-51.89858119,0.025892553,6680900871,1.02E-05,20063754578,8.42E-06,1.91451E+11,1.06E-05,1.59E-05,1.997085751,0.07318057,0.121718491,0.121718491
-112.5912212,0.03275089,19825320034,8.76E-06,12483121187,5.94E-06,1.9028E+11,1.17E-05,3.08E-06,0.675044054,0.217426705,0.224517425,0.224517425
-27.7459281,0.036899428,12650697040,8.74E-06,13540144025,8.67E-06,2.04865E+11,1.20E-05,5.07E-06,0.548153281,0.056714504,0.056422057,0.056714504
-99.33655801,0.021459034,15807284030,1.00E-05,25457557563,9.94E-06,2.07346E+11,1.26E-05,2.58E-05,2.756484468,0.173676506,0.231879039,0.231879039
-49.44240777,0.037034342,5465666461,1.07E-05,16483945522,7.93E-06,1.97262E+11,1.13E-05,3.41E-06,2.294427646,0.085545711,0.122633719,0.122633719
-69.66235673,0.034336177,18351494640,9.78E-06,11692260937,6.16E-06,1.91831E+11,1.22E-05,7.65E-06,1.417944708,0.135343299,0.155777724,0.155777724
-58.91435276,0.031798812,18016636175,8.72E-06,17674057865,6.09E-06,1.91345E+11,1.25E-05,1.03E-06,1.343436576,0.120453783,0.117760239,0.120453783
-82.5491661,0.027931348,5964140808,1.01E-05,10102872651,5.91E-06,1.91565E+11,1.06E-05,2.52E-06,0.546504476,0.126039652,0.188073464,0.188073464
-34.77214317,0.026291303,5587313778,9.46E-06,13571341524,7.14E-06,1.97734E+11,1.12E-05,1.17E-06,2.498703943,0.055489496,0.075672854,0.075672854
-84.5182611,0.035392358,16196698793,1.13E-05,11366178026,9.66E-06,2.0477E+11,1.28E-05,1.10E-05,1.980904862,0.168317328,0.221920535,0.221920535
-73.89470976,0.026028376,11592099468,1.23E-05,12194505617,1.10E-05,2.04338E+11,1.25E-05,3.22E-05,1.124509256,0.123087464,0.210681522,0.210681522
-35.00530332,0.029591443,14129580628,8.92E-06,13150043532,8.92E-06,2.02531E+11,1.17E-05,2.90E-06,2.296879986,0.063226995,0.073217934,0.073217934
-104.1372774,0.03951588,10435570362,9.49E-06,16223040985,8.69E-06,1.91169E+11,1.05E-05,3.96E-06,0.8165379,0.177889404,0.230258146,0.230258146
-116.6805183,0.020306974,8793337574,8.92E-06,33036011832,9.42E-06,1.97994E+11,1.11E-05,1.76E-05,1.822702447,0.174566951,0.243181425,0.243181425
-42.98414332,0.021976782,12707957247,1.08E-05,23228432351,5.06E-06,1.90257E+11,1.09E-05,7.87E-06,1.774502962,0.056695684,0.104096085,0.104096085
-80.99590699,0.033892393,14386686387,1.22E-05,14776656509,1.10E-05,2.08407E+11,1.14E-05,2.65E-06,2.21823424,0.129563499,0.230636999,0.230636999
-69.96787539,0.029808483,7294883729,1.09E-05,19102986164,8.71E-06,1.99885E+11,1.12E-05,1.80E-06,0.954878425,0.11205754,0.175285581,0.175285581
-116.3949071,0.037561763,14294702095,8.40E-06,11205124077,8.11E-06,2.08488E+11,1.24E-05,1.00E-06,0.789778629,0.250598593,0.228031998,0.250598593
-74.87833064,0.025165888,19817864023,8.10E-06,11555798269,8.31E-06,2.06447E+11,1.13E-05,1.84E-05,1.120367461,0.130186793,0.141458748,0.141458748
-105.1325409,0.025746614,9115086467,9.70E-06,29297157278,7.92E-06,2.06884E+11,1.15E-05,9.52E-06,1.143843771,0.174467089,0.234533981,0.234533981
-79.95451711,0.038734151,13149931155,9.58E-06,23798571764,1.02E-05,1.98152E+11,1.25E-05,2.83E-06,2.779720894,0.165937802,0.18138307,0.18138307
-55.09363949,0.034715295,14353837249,8.58E-06,14338937960,9.96E-06,1.91556E+11,1.14E-05,5.20E-06,0.898322062,0.104107097,0.111665231,0.111665231
-28.52751447,0.023065719,5182229500,1.25E-05,39404534834,1.03E-05,2.05852E+11,1.14E-05,5.56E-06,1.400278694,0.037808501,0.081863307,0.081863307
-56.26946908,0.02095918,12574511739,1.20E-05,22561068311,1.10E-05,2.0978E+11,1.13E-05,3.88E-05,1.973857698,0.071288162,0.156531279,0.156531279
-91.16873193,0.038609836,19309945028,8.19E-06,12550255796,9.88E-06,1.9746E+11,1.25E-05,1.12E-05,2.353661384,0.196412564,0.178388689,0.196412564
-67.93952415,0.021038605,18175029207,1.27E-05,29344865532,6.87E-06,2.00438E+11,1.10E-05,4.88E-06,0.694647173,0.082754962,0.192795554,0.192795554
-23.06393774,0.022927497,7309393881,1.02E-05,11609790469,9.34E-06,1.93512E+11,1.21E-05,3.16E-06,0.716108108,0.039538295,0.053998369,0.053998369
-64.50618922,0.027024229,15828545010,8.25E-06,16153353280,7.95E-06,1.96659E+11,1.11E-05,1.47E-06,0.696387527,0.11263258,0.123128303,0.123128303
-61.88303175,0.027495355,9552824184,1.04E-05,21477459773,1.01E-05,1.97327E+11,1.07E-05,2.89E-05,0.531240397,0.093918025,0.148510772,0.148510772
-26.38176213,0.026961527,5245928872,9.59E-06,26623863433,6.56E-06,1.95084E+11,1.15E-05,2.04E-06,1.945743435,0.04384843,0.057916666,0.057916666
-54.98288341,0.028320853,10547647648,8.90E-06,17212189543,1.05E-05,2.06035E+11,1.26E-05,2.15E-06,2.525147774,0.108626165,0.11604511,0.11604511
-70.72696468,0.029388594,5572947930,9.94E-06,35591188970,1.03E-05,2.05299E+11,1.22E-05,3.07E-06,2.782960989,0.129811858,0.165333741,0.165333741
-80.52546974,0.039654958,11170393486,1.07E-05,32040062537,5.89E-06,2.04959E+11,1.27E-05,1.71E-06,1.000186395,0.169117069,0.196110768,0.196110768
-54.52377432,0.028894581,19710107166,8.53E-06,16990251390,5.54E-06,1.90743E+11,1.22E-05,2.23E-06,2.246388315,0.105764437,0.1063669,0.1063669
-81.19304223,0.03794996,6748443721,1.26E-05,21135575849,7.72E-06,1.96944E+11,1.11E-05,2.89E-06,0.543568288,0.133503316,0.232677198,0.232677198
-66.93425113,0.021614984,6811022338,9.22E-06,30644134605,7.36E-06,1.97669E+11,1.07E-05,5.63E-06,2.173013209,0.094325173,0.141821146,0.141821146
-26.71639118,0.026143585,12008836519,8.50E-06,12602358207,6.94E-06,2.08556E+11,1.09E-05,1.22E-05,0.956952049,0.043838711,0.05219709,0.05219709
-92.59852673,0.027093991,10824801331,8.15E-06,35457544114,6.60E-06,2.08868E+11,1.17E-05,9.64E-06,2.223123152,0.168787182,0.174236667,0.174236667
-110.2935124,0.021483159,7965372495,1.09E-05,24665363766,6.15E-06,1.91009E+11,1.10E-05,2.60E-06,1.921524685,0.145557392,0.272397755,0.272397755
-21.67214063,0.032372283,11190604163,1.28E-05,12378572233,1.07E-05,1.9494E+11,1.07E-05,6.91E-06,0.602796989,0.031014803,0.063746708,0.063746708
-45.5824469,0.028624056,17042633886,8.49E-06,17664889380,1.06E-05,1.95566E+11,1.11E-05,1.33E-06,1.767918806,0.077537163,0.092151425,0.092151425
-102.7800378,0.026763641,11147635829,1.01E-05,12170823379,6.02E-06,2.06579E+11,1.28E-05,1.21E-05,0.985208692,0.199191083,0.234204539,0.234204539
-78.00185619,0.038112143,5747064864,8.22E-06,13167027667,6.05E-06,1.91466E+11,1.25E-05,6.33E-06,0.802800846,0.170297907,0.147328793,0.170297907
-115.483914,0.026767602,10490860498,8.63E-06,24179247272,9.61E-06,2.02497E+11,1.06E-05,8.27E-06,0.635019457,0.184288117,0.232671568,0.232671568
-41.87712202,0.028906533,5804210703,1.20E-05,23944190890,7.48E-06,2.07728E+11,1.23E-05,2.16E-06,1.876358271,0.071191039,0.114300588,0.114300588
-117.7913291,0.035892276,18961638056,8.23E-06,12676692233,5.26E-06,1.98504E+11,1.19E-05,1.06E-06,0.673204026,0.241180293,0.22061985,0.241180293
-118.7337986,0.022377148,6696919076,1.29E-05,11743920877,1.10E-05,1.96488E+11,1.21E-05,3.07E-06,1.862532125,0.166838278,0.353047343,0.353047343
-23.83486636,0.022715081,14153963962,9.77E-06,11629248085,6.10E-06,2.03806E+11,1.11E-05,2.98E-05,1.846418062,0.035328999,0.052854201,0.052854201
-94.617643,0.034598011,11282430407,9.08E-06,35876854286,7.60E-06,2.04981E+11,1.13E-05,1.92E-05,1.677549399,0.170234435,0.199466989,0.199466989
-76.94247208,0.027106174,7822524347,1.22E-05,12825270100,1.10E-05,1.95993E+11,1.21E-05,3.16E-05,0.837847678,0.125667869,0.216924518,0.216924518
-55.9307523,0.02163751,11037712577,9.27E-06,16201687885,8.99E-06,1.9348E+11,1.11E-05,4.10E-05,2.962121594,0.083053378,0.120669477,0.120669477
-53.24000798,0.028999969,7895028041,8.37E-06,29333043286,9.99E-06,2.02988E+11,1.21E-05,4.65E-06,0.827661729,0.104514378,0.105032931,0.105032931
-83.90076894,0.035531825,10676138574,1.02E-05,14412808553,1.01E-05,2.07606E+11,1.24E-05,1.94E-05,1.106526091,0.168174314,0.199492008,0.199492008
-45.52213786,0.030834934,6992560827,8.39E-06,36628013777,7.00E-06,2.06013E+11,1.27E-05,9.98E-06,2.739544359,0.09453477,0.088608091,0.09453477
-97.56147734,0.036923326,10406610076,1.29E-05,17226767915,1.10E-05,1.98018E+11,1.25E-05,3.52E-05,0.650468414,0.185181258,0.290536189,0.290536189
-113.7505836,0.022188534,5355540147,1.10E-05,10387280381,8.68E-06,1.95768E+11,1.27E-05,2.25E-05,0.766318523,0.197636251,0.286109535,0.286109535
-112.9244629,0.02470035,11540695822,1.20E-05,20698570609,1.05E-05,2.08933E+11,1.15E-05,4.22E-05,2.722647957,0.157928279,0.315302987,0.315302987
-78.78287733,0.035861539,14706334690,1.24E-05,28666516176,5.75E-06,2.01722E+11,1.06E-05,3.68E-05,1.890490795,0.115115204,0.221117961,0.221117961
-79.50430854,0.0210538,18674302564,8.21E-06,26271593916,9.03E-06,1.99604E+11,1.24E-05,7.09E-06,0.863591324,0.151470155,0.152154886,0.152154886
-99.18869299,0.033702375,9346539555,1.18E-05,15995185794,1.10E-05,1.92742E+11,1.06E-05,3.78E-05,0.775511039,0.148013591,0.272976807,0.272976807
-100.286999,0.026343581,14674567634,1.18E-05,21165258642,8.35E-06,2.03958E+11,1.30E-05,2.21E-06,2.371861503,0.178883328,0.271735789,0.271735789
-49.67072716,0.021808957,7396975216,1.20E-05,20836162891,8.07E-06,2.04068E+11,1.30E-05,2.54E-05,1.461842167,0.082351275,0.1358605,0.1358605
-97.3122115,0.031390912,8942550651,1.12E-05,10644085089,1.09E-05,2.04773E+11,1.25E-05,1.11E-06,1.131113622,0.182242855,0.254870322,0.254870322
-43.38419418,0.033642611,17715228763,1.23E-05,37453557684,7.38E-06,1.94881E+11,1.19E-05,3.53E-05,1.047476154,0.074565946,0.12123795,0.12123795
-71.35522163,0.028841047,7700194296,1.01E-05,12442673215,9.91E-06,1.98355E+11,1.13E-05,2.55E-06,1.903037646,0.116505779,0.167835973,0.167835973
-110.743106,0.027347145,13499509586,1.01E-05,10630977508,9.50E-06,1.90891E+11,1.23E-05,1.95E-06,2.746212999,0.198641785,0.261429946,0.261429946
-112.8512553,0.024829078,11364430741,1.10E-05,21488609450,7.16E-06,1.91936E+11,1.08E-05,1.75E-05,1.878586528,0.154426417,0.28309796,0.28309796
-39.71084126,0.024930951,11471446818,1.18E-05,28889566305,1.10E-05,1.97097E+11,1.15E-05,2.90E-05,1.840850427,0.057726524,0.108902841,0.108902841
-53.08315133,0.039669492,7020355418,1.07E-05,12588538780,1.04E-05,2.08214E+11,1.19E-05,3.02E-06,1.482874908,0.101295657,0.13299296,0.13299296
-103.6497961,0.039868862,9414004846,1.18E-05,38375304563,6.42E-06,2.01682E+11,1.28E-05,1.32E-05,0.746791374,0.215294648,0.27755952,0.27755952
-73.42717463,0.035732631,15452777472,1.23E-05,10154355490,1.10E-05,2.05468E+11,1.25E-05,4.33E-05,2.386032679,0.136980036,0.210295716,0.210295716
-83.58005124,0.023798542,13697184144,9.74E-06,16878312690,6.79E-06,2.02462E+11,1.25E-05,1.63E-05,1.73181563,0.150651034,0.185863602,0.185863602
-119.3030852,0.029099952,8236633113,1.30E-05,30340607115,9.33E-06,1.91458E+11,1.09E-05,1.45E-06,0.93560481,0.162782714,0.354078235,0.354078235
-61.36334143,0.021556211,11333167092,9.16E-06,29553119416,6.43E-06,2.07577E+11,1.17E-05,5.21E-06,1.98317774,0.099861735,0.12820613,0.12820613
-67.08525495,0.029487595,7705752076,1.22E-05,33597481783,1.10E-05,2.0069E+11,1.10E-05,3.39E-05,0.921859429,0.097756823,0.189285993,0.189285993
-34.67079045,0.034029934,14054047058,1.00E-05,18491193645,9.81E-06,1.9646E+11,1.27E-05,9.74E-06,1.144594474,0.070377109,0.081392878,0.081392878
-35.04472616,0.035612115,14659767570,1.25E-05,31631534375,5.57E-06,1.98753E+11,1.19E-05,4.33E-05,1.248693665,0.060428795,0.099259082,0.099259082
-39.92734823,0.023878353,17432472040,1.01E-05,30243547133,1.02E-05,1.99548E+11,1.22E-05,3.57E-05,1.813194505,0.068705022,0.094080191,0.094080191
-31.06963291,0.037418099,12891829303,1.01E-05,25589011600,7.92E-06,2.06604E+11,1.27E-05,3.13E-05,1.575434644,0.064544024,0.073038946,0.073038946
-111.1243811,0.032189786,15933861406,1.10E-05,12903495203,1.07E-05,1.90487E+11,1.08E-05,3.16E-06,1.231728613,0.170304447,0.285305414,0.285305414
-102.5834863,0.033818784,10706001296,9.27E-06,32210100126,8.32E-06,1.98889E+11,1.18E-05,2.81E-05,0.83570818,0.19549817,0.220472911,0.220472911
-46.75422547,0.022484251,18925115381,1.19E-05,11089311711,8.28E-06,2.02551E+11,1.29E-05,1.72E-06,0.891742928,0.07906737,0.126720008,0.126720008
-57.9284899,0.029675354,5745767024,1.26E-05,23839223725,5.92E-06,1.98735E+11,1.11E-05,8.21E-06,1.379806813,0.082786562,0.164948845,0.164948845
-119.6690784,0.036524244,7753156071,1.23E-05,30830757273,8.55E-06,2.07735E+11,1.27E-05,2.32E-06,2.931724616,0.22889047,0.340180412,0.340180412
-94.87538162,0.033126908,19258292274,1.17E-05,13775823115,7.18E-06,2.04967E+11,1.11E-05,3.29E-05,2.23674646,0.147263283,0.254789349,0.254789349
-31.04410438,0.03480801,5300540940,1.14E-05,20154646311,5.21E-06,1.99064E+11,1.22E-05,2.63E-06,1.278837554,0.057575464,0.080231428,0.080231428
-66.68412053,0.025282032,6106378626,8.07E-06,31257675812,5.83E-06,2.00971E+11,1.14E-05,6.88E-06,0.597177477,0.120215784,0.12200006,0.12200006
-114.6304905,0.036513132,19169956276,1.27E-05,35411276093,5.31E-06,1.919E+11,1.06E-05,3.23E-06,2.187995309,0.166108451,0.328387034,0.328387034
-85.06487331,0.025180455,16613049043,1.21E-05,16466153398,7.68E-06,1.98299E+11,1.10E-05,2.66E-05,0.664101808,0.116682011,0.2321163,0.2321163
-108.8210507,0.024277547,7058057597,1.25E-05,30956617532,1.10E-05,1.93445E+11,1.21E-05,2.00E-05,2.674929575,0.162222013,0.314838189,0.314838189
-70.82655688,0.025533955,13432133146,1.22E-05,15389161874,1.10E-05,2.06104E+11,1.30E-05,8.41E-06,2.139272851,0.122821956,0.201082063,0.201082063
-100.1458736,0.03503523,8453587196,8.77E-06,35125828238,1.05E-05,1.93436E+11,1.10E-05,8.03E-06,2.632540736,0.176177883,0.209398677,0.209398677
-40.94382996,0.020404748,6949202133,1.29E-05,10815517843,1.10E-05,2.00924E+11,1.20E-05,5.33E-06,1.071862554,0.05480593,0.121580555,0.121580555
-80.71313375,0.038510887,11321474833,9.13E-06,10851416365,9.42E-06,1.96523E+11,1.12E-05,5.07E-06,0.666987645,0.150098133,0.172469663,0.172469663
-101.3091301,0.036167428,17152827855,1.22E-05,13340436345,1.10E-05,2.09736E+11,1.10E-05,1.79E-05,0.696827942,0.162977037,0.287511958,0.287511958
-50.85995529,0.034181528,7203321374,8.89E-06,27946284967,1.01E-05,1.91849E+11,1.25E-05,2.73E-06,1.904660038,0.105195083,0.10718917,0.10718917
-93.46978506,0.027457448,7377437142,9.79E-06,39561970108,1.04E-05,2.03554E+11,1.21E-05,2.60E-06,2.068751758,0.168557679,0.214949844,0.214949844
-54.83585433,0.025928301,6088562445,1.29E-05,30262571123,5.67E-06,1.90805E+11,1.26E-05,4.45E-06,2.203682166,0.088273954,0.159412478,0.159412478
-52.27232652,0.036236651,19861769931,1.10E-05,36264880402,1.10E-05,2.01284E+11,1.22E-05,3.34E-05,2.137562288,0.098538593,0.135525121,0.135525121
-100.1794074,0.033127745,8170286699,8.17E-06,30799341418,8.28E-06,2.01169E+11,1.24E-05,1.66E-05,1.048713308,0.210196174,0.191564156,0.210196174
-97.85044861,0.021733114,10048106159,1.11E-05,35136821730,6.09E-06,2.08011E+11,1.26E-05,3.19E-05,2.6034912,0.161646228,0.244837505,0.244837505
-115.1337141,0.02257526,6861229352,1.09E-05,26236369736,8.20E-06,2.02791E+11,1.06E-05,3.12E-06,1.746089032,0.146401525,0.287797433,0.287797433
-53.67480603,0.027035671,14053603828,1.02E-05,33482544926,9.19E-06,2.05644E+11,1.30E-05,1.42E-06,1.800061781,0.104402906,0.127151055,0.127151055
-50.67648979,0.033538486,6237314616,1.26E-05,38606025096,1.10E-05,2.01261E+11,1.21E-05,8.64E-06,0.914146286,0.088956662,0.147485004,0.147485004
-28.83208162,0.029913138,7471849609,8.47E-06,12373910865,7.80E-06,2.03512E+11,1.20E-05,1.17E-05,2.598992799,0.055186848,0.056989902,0.056989902
-89.90355071,0.033874011,12712884661,1.11E-05,13097597451,1.10E-05,1.98832E+11,1.05E-05,3.97E-06,2.740603284,0.132410291,0.235375018,0.235375018
-83.53089033,0.027346925,7655941058,8.34E-06,19437425698,8.18E-06,1.96237E+11,1.22E-05,6.48E-06,2.014056326,0.161843704,0.162783126,0.162783126
-34.37658148,0.029673759,6491846926,1.29E-05,18127572740,9.18E-06,2.0229E+11,1.08E-05,2.71E-05,1.304729569,0.046121546,0.101548847,0.101548847
-39.31085404,0.039260669,7109425821,8.37E-06,12914143517,9.12E-06,1.97656E+11,1.23E-05,9.02E-06,1.102095292,0.0834036,0.077723868,0.0834036
-28.46739476,0.032975012,6887396951,8.81E-06,18910002129,1.04E-05,1.94723E+11,1.12E-05,1.36E-05,1.828223314,0.050190306,0.05956893,0.05956893
-33.9137806,0.038537249,7975970431,8.06E-06,16446838896,8.69E-06,2.06724E+11,1.25E-05,1.45E-05,0.893051537,0.074552565,0.064385896,0.074552565
-21.33158791,0.021901353,5478054213,1.09E-05,12756262774,9.02E-06,2.03343E+11,1.21E-05,3.11E-05,2.660653346,0.033459676,0.053592289,0.053592289
-72.87784696,0.024248176,16403134829,1.24E-05,15404658658,1.10E-05,2.04442E+11,1.28E-05,1.27E-05,2.436986518,0.119923358,0.209289991,0.209289991
-77.57197958,0.036657717,14438845077,1.10E-05,16023198382,9.86E-06,2.08651E+11,1.16E-05,3.46E-06,1.799841505,0.136785166,0.199107888,0.199107888
-103.7404622,0.036767492,8382020826,1.04E-05,27937276584,1.00E-05,2.00254E+11,1.28E-05,1.45E-05,1.382568838,0.215035995,0.253130256,0.253130256
-72.48673051,0.026574336,13062854550,1.26E-05,10810396984,9.51E-06,1.99055E+11,1.07E-05,1.21E-06,1.749269701,0.090868256,0.209751682,0.209751682
-20.98811623,0.038757934,10964480771,1.02E-05,20710642789,6.13E-06,1.96868E+11,1.13E-05,1.89E-05,2.069145679,0.037500588,0.049202086,0.049202086
-50.83484891,0.031547071,18319248284,8.47E-06,12036790505,8.07E-06,1.95686E+11,1.19E-05,6.11E-06,1.126612324,0.098892345,0.100333458,0.100333458
-90.95358611,0.032792411,8584777180,9.01E-06,24129466946,8.69E-06,1.98095E+11,1.28E-05,3.66E-05,0.507843531,0.195690826,0.189521146,0.195690826
-50.35734414,0.031787862,6875776421,1.19E-05,19689642855,5.29E-06,2.03933E+11,1.11E-05,4.49E-05,0.765140876,0.078103007,0.13423483,0.13423483
-104.6760806,0.026794769,10197440200,1.28E-05,30974288212,1.10E-05,1.91889E+11,1.11E-05,2.02E-05,2.031002054,0.139431925,0.31012857,0.31012857
-38.34734445,0.032993689,17925979074,1.18E-05,19070410266,6.95E-06,2.0094E+11,1.12E-05,2.49E-05,0.557945579,0.062148912,0.102504729,0.102504729
-37.00176969,0.031854886,6935624915,1.09E-05,12156221055,1.03E-05,1.90808E+11,1.06E-05,9.30E-06,2.491489665,0.05440415,0.094513199,0.094513199
-79.2246411,0.035704695,14529331794,1.26E-05,37914717567,1.10E-05,1.95866E+11,1.07E-05,8.05E-06,1.403996338,0.116920823,0.232508305,0.232508305
-56.08256451,0.021503815,9103274662,8.84E-06,19080343459,8.37E-06,1.95345E+11,1.12E-05,2.01E-06,1.646743843,0.08813409,0.114986643,0.114986643
-92.46016617,0.035572246,8785984184,1.05E-05,34140603832,9.55E-06,2.03888E+11,1.17E-05,1.57E-06,1.262908641,0.167655374,0.225415111,0.225415111
-37.40002129,0.037758955,7645919383,9.41E-06,15797556968,9.61E-06,1.92456E+11,1.27E-05,1.24E-05,1.241147517,0.079652465,0.082799947,0.082799947
-72.70921566,0.021224972,18746753190,1.05E-05,14002419201,9.88E-06,2.07975E+11,1.24E-05,1.62E-05,1.649715759,0.121138118,0.177097134,0.177097134
-94.17250817,0.035371888,10461552974,1.03E-05,11398386169,9.98E-06,1.95913E+11,1.20E-05,4.84E-06,0.714332735,0.180984398,0.224997847,0.224997847
-52.72156094,0.027549025,9374628117,1.16E-05,20883015335,1.10E-05,2.07758E+11,1.27E-05,1.61E-05,0.504280675,0.098311062,0.140783433,0.140783433
-106.7786932,0.028451893,14710876089,1.23E-05,26421695665,9.47E-06,1.96258E+11,1.21E-05,1.71E-05,0.508102076,0.181308428,0.300118318,0.300118318
-68.59418103,0.036999683,9898419095,1.29E-05,28033244592,6.08E-06,1.90907E+11,1.27E-05,1.98E-05,0.818605931,0.131725383,0.200497497,0.200497497
-90.31401873,0.034162281,5323717059,8.89E-06,33762740382,8.58E-06,2.01318E+11,1.05E-05,3.93E-05,1.11601256,0.149162924,0.187533624,0.187533624
-89.61852433,0.023230905,19700952212,9.76E-06,21981540291,8.77E-06,1.92189E+11,1.07E-05,1.82E-05,0.598029479,0.131858699,0.200569548,0.200569548
-81.37311231,0.022631131,17026702932,1.16E-05,25459827491,8.51E-06,2.01483E+11,1.24E-05,8.05E-06,2.089137998,0.13007356,0.215631119,0.215631119
-37.47467444,0.039586982,10802548504,1.09E-05,23405039940,6.95E-06,1.97091E+11,1.15E-05,1.80E-05,1.607640389,0.067919109,0.09399679,0.09399679
-78.41635204,0.027110105,14211982831,9.83E-06,38133464266,8.83E-06,2.0715E+11,1.14E-05,3.76E-05,0.55163085,0.133512631,0.177032651,0.177032651
-25.31652988,0.035873602,11535171698,1.25E-05,10718067839,1.10E-05,2.08021E+11,1.21E-05,2.53E-06,0.555148562,0.046234935,0.072947903,0.072947903
-116.3587878,0.023847265,13037393186,8.81E-06,18452858942,5.72E-06,1.92788E+11,1.14E-05,3.70E-06,2.130327036,0.192788803,0.233367939,0.233367939
-115.3613348,0.025580383,7849211502,9.56E-06,15433886317,9.08E-06,2.07179E+11,1.28E-05,1.29E-05,0.587268255,0.229710085,0.253975626,0.253975626
-32.39420749,0.029565887,5150554146,8.01E-06,32732191549,8.19E-06,1.98747E+11,1.22E-05,9.38E-06,1.827536648,0.064591105,0.060879022,0.064591105
-88.22735877,0.0274472,7222097665,1.29E-05,16075756410,7.67E-06,2.00591E+11,1.21E-05,1.37E-05,0.628836321,0.141784356,0.25738522,0.25738522
-76.09425906,0.023909959,8960187451,1.15E-05,14479233000,1.10E-05,1.91249E+11,1.07E-05,2.07E-06,1.064335918,0.098509096,0.202524255,0.202524255
-34.89796099,0.03558301,16539368096,9.47E-06,14694671252,6.16E-06,1.95481E+11,1.30E-05,3.43E-05,0.569778013,0.076619353,0.075157882,0.076619353
-49.42717271,0.029789725,7593946246,1.24E-05,17335341804,5.31E-06,1.9202E+11,1.18E-05,4.07E-05,0.533612624,0.082232852,0.136096176,0.136096176
-106.104014,0.029810611,14718711581,1.11E-05,17556562048,1.10E-05,2.03071E+11,1.17E-05,3.58E-06,2.270808007,0.175292239,0.276467722,0.276467722
-102.4145942,0.038203711,17055617624,1.17E-05,11468459072,9.34E-06,1.98139E+11,1.20E-05,7.21E-06,0.87153359,0.190782135,0.277539694,0.277539694
-93.84546039,0.029003111,6335464142,9.25E-06,29346583570,1.10E-05,2.00071E+11,1.23E-05,2.19E-06,2.49373407,0.17843421,0.206049821,0.206049821
-53.80189488,0.033920829,13838057512,9.97E-06,10036604352,7.82E-06,2.00892E+11,1.26E-05,2.07E-05,2.13977446,0.107649627,0.124212259,0.124212259
-80.13967163,0.020005233,8620762104,1.05E-05,15530462252,8.80E-06,2.07371E+11,1.17E-05,4.66E-06,2.384951986,0.116538298,0.194206568,0.194206568
-21.03874327,0.030354747,8275114923,1.01E-05,10391073497,1.01E-05,1.99137E+11,1.23E-05,4.04E-06,0.8675065,0.040132307,0.049550408,0.049550408
-37.54677433,0.03821142,14231032609,1.13E-05,12481334409,1.10E-05,1.92517E+11,1.07E-05,1.70E-06,2.195941249,0.059748827,0.099703031,0.099703031
-36.30896588,0.029437141,19147146927,1.23E-05,28973549378,6.11E-06,2.07426E+11,1.29E-05,1.85E-06,0.526028874,0.068694958,0.099879902,0.099879902
-107.0969388,0.020882016,5188805923,1.22E-05,34206466959,7.81E-06,2.04105E+11,1.09E-05,1.69E-05,0.87115752,0.128254597,0.29512049,0.29512049
-41.39692483,0.031123062,7941036677,1.16E-05,16353508697,1.10E-05,1.90053E+11,1.08E-05,3.65E-06,0.731348715,0.06199873,0.111467868,0.111467868
-26.51868467,0.033117584,15891081706,1.14E-05,12017641717,7.96E-06,2.01033E+11,1.23E-05,1.32E-06,1.8296883,0.048643609,0.069261322,0.069261322
-70.05580582,0.023256026,6584592521,1.28E-05,16247358392,8.80E-06,2.02701E+11,1.11E-05,9.14E-06,2.220269508,0.086087018,0.204348652,0.204348652
-34.51717732,0.023414724,7830451371,9.29E-06,28653234311,9.64E-06,1.96116E+11,1.07E-05,2.20E-05,2.663213931,0.049841354,0.075050261,0.075050261
-92.97242395,0.033504844,9371726678,8.05E-06,14013071583,5.06E-06,2.09098E+11,1.13E-05,1.37E-05,0.783707822,0.17472408,0.170345167,0.17472408
-105.6276136,0.021139494,10986289003,1.09E-05,35154236078,1.05E-05,2.01422E+11,1.06E-05,1.14E-05,1.192534452,0.132719892,0.266285801,0.266285801
-29.0207128,0.021284527,10799577569,1.13E-05,28177484693,1.10E-05,2.02831E+11,1.24E-05,1.65E-06,1.50348971,0.046015319,0.076098753,0.076098753
-43.25256138,0.022158499,16242504610,8.14E-06,20147998181,7.89E-06,1.93586E+11,1.16E-05,1.77E-06,2.212513766,0.074548523,0.081885143,0.081885143
-50.800376,0.031044523,14836917151,1.14E-05,22526365556,8.52E-06,2.03498E+11,1.23E-05,1.11E-05,2.884060527,0.090248027,0.133620067,0.133620067
-56.4448412,0.024859906,7759850154,8.49E-06,11335951919,7.30E-06,1.94456E+11,1.30E-05,2.63E-05,0.583171172,0.118378368,0.109699765,0.118378368
-30.30005715,0.0201134,5132099837,1.28E-05,13884416693,1.10E-05,2.02708E+11,1.08E-05,1.69E-06,1.714524079,0.032381958,0.087559673,0.087559673
-32.25811079,0.034710383,14742981245,1.10E-05,16866110544,5.53E-06,2.02509E+11,1.28E-05,4.41E-06,2.556300019,0.064078674,0.080537005,0.080537005
-63.96076838,0.033062803,9988320147,9.09E-06,23994842692,6.79E-06,2.04278E+11,1.22E-05,5.52E-06,2.649361997,0.12528259,0.13429876,0.13429876
-41.60487248,0.029554215,14174249756,1.17E-05,18068778627,8.55E-06,1.99087E+11,1.08E-05,2.80E-05,2.389185364,0.058473882,0.111795336,0.111795336
-78.3222005,0.030203867,5135280348,1.23E-05,10910293862,5.00E-06,2.01046E+11,1.22E-05,1.13E-05,2.329642608,0.130576653,0.216413662,0.216413662
-22.76819546,0.023913891,8835235618,9.60E-06,21214083505,1.00E-05,2.00486E+11,1.15E-05,1.13E-06,0.747026913,0.037451074,0.050826003,0.050826003
-94.50697137,0.020061307,18918655132,9.90E-06,24257909190,9.45E-06,1.98603E+11,1.05E-05,2.72E-05,0.867378235,0.125085142,0.215716646,0.215716646
-116.9315373,0.022749328,6504500617,1.05E-05,29530441088,1.01E-05,1.92298E+11,1.22E-05,6.06E-06,0.926105128,0.198437947,0.283843851,0.283843851
-118.1313554,0.029148386,6360846882,8.44E-06,10802403703,8.54E-06,2.00822E+11,1.24E-05,3.16E-05,0.556665098,0.241710483,0.230942465,0.241710483
-64.4528701,0.028808891,7164776174,1.08E-05,20072234061,1.07E-05,1.92087E+11,1.09E-05,3.60E-06,0.577627871,0.099268559,0.161307413,0.161307413
-33.37371023,0.027029785,9133320068,8.87E-06,23596838939,5.64E-06,1.91884E+11,1.09E-05,2.39E-05,2.44088765,0.053638636,0.067580172,0.067580172
-94.14621303,0.03924939,8278746444,1.18E-05,15571349296,1.10E-05,2.07795E+11,1.10E-05,1.17E-05,1.45013047,0.155536786,0.260083242,0.260083242
-94.46288618,0.036029941,11366958870,8.73E-06,10531068385,9.27E-06,1.99696E+11,1.08E-05,2.51E-05,0.733366948,0.167513835,0.19329351,0.19329351
-96.57914379,0.020020968,13327442912,1.20E-05,13976461122,1.10E-05,1.9576E+11,1.12E-05,1.13E-05,2.750196166,0.115726606,0.269242609,0.269242609
-114.9427213,0.023705477,5577443562,9.78E-06,18693203566,9.98E-06,2.03467E+11,1.28E-05,2.23E-06,0.544286787,0.222700674,0.259310665,0.259310665
-116.8754181,0.023782341,12530693616,1.24E-05,10310631182,5.17E-06,1.99974E+11,1.08E-05,2.07E-05,2.74348516,0.141071358,0.325591668,0.325591668
-56.10751231,0.037189344,7685339507,8.54E-06,26866059613,9.01E-06,1.90234E+11,1.26E-05,6.51E-06,1.593097422,0.120464394,0.112981474,0.120464394
-21.47192872,0.039241823,6176462695,1.02E-05,10677786110,7.50E-06,1.95656E+11,1.17E-05,6.32E-06,0.654323035,0.04142725,0.050185188,0.050185188
-57.70988495,0.026665438,11500387889,1.28E-05,19206704840,1.05E-05,1.90734E+11,1.14E-05,3.03E-06,1.308843831,0.081286855,0.170461273,0.170461273
-54.15894885,0.027070362,5420891544,1.06E-05,22589451201,1.03E-05,2.01761E+11,1.19E-05,5.00E-05,1.62787984,0.09108867,0.13328211,0.13328211
-84.20476628,0.035219247,10162920122,1.03E-05,31920561436,1.07E-05,2.09489E+11,1.12E-05,1.73E-05,1.077509915,0.145265429,0.204089172,0.204089172
-58.25212176,0.035466758,8281721580,9.83E-06,15798612695,1.01E-05,2.02351E+11,1.21E-05,4.59E-05,1.605472365,0.112974265,0.134762201,0.134762201
-100.5680966,0.023323172,11007749602,8.77E-06,11771217746,7.37E-06,1.90223E+11,1.20E-05,2.15E-05,1.410797639,0.179502308,0.202942509,0.202942509
-82.16320528,0.02205052,17729437501,1.22E-05,20388841756,7.73E-06,1.93027E+11,1.30E-05,3.38E-06,0.883767846,0.138036144,0.226588592,0.226588592
-78.4548085,0.026984386,13773384166,9.11E-06,29907643759,9.10E-06,2.03497E+11,1.15E-05,2.96E-05,2.084367227,0.13415287,0.167224659,0.167224659
-30.67873981,0.022747273,10782318447,9.81E-06,27432834121,1.01E-05,2.01735E+11,1.08E-05,1.16E-06,1.353748115,0.043835576,0.070174868,0.070174868
-23.34972829,0.03855267,7482593997,1.02E-05,10688986913,1.01E-05,1.96812E+11,1.25E-05,4.39E-06,1.560959465,0.047679917,0.056058781,0.056058781
-20.1119012,0.0215938,6974475046,1.24E-05,25731842956,5.45E-06,2.03045E+11,1.15E-05,1.61E-06,0.568399452,0.0273862,0.055313991,0.055313991
-58.802874,0.033474393,12374978874,1.13E-05,34744655429,5.92E-06,2.07473E+11,1.11E-05,1.69E-05,0.701496315,0.095419695,0.150239852,0.150239852
-105.7932068,0.033134534,14867592487,8.40E-06,15561676545,8.01E-06,1.92076E+11,1.27E-05,1.00E-06,1.942540277,0.224413302,0.208005752,0.224413302
-65.6128753,0.034084685,10613203224,8.56E-06,22887390394,1.01E-05,1.90785E+11,1.16E-05,2.33E-05,1.260769205,0.124481297,0.133263141,0.133263141
-38.83252249,0.022950294,6073441796,8.54E-06,25377973811,1.05E-05,1.98371E+11,1.18E-05,2.74E-06,1.264469304,0.068320792,0.078306018,0.078306018
-107.779695,0.02401579,8193294790,1.26E-05,29955527283,1.10E-05,2.04278E+11,1.24E-05,6.54E-06,1.609249368,0.168109139,0.313140159,0.313140159
-75.03223208,0.032584461,5670611168,1.14E-05,37832338020,1.10E-05,1.90248E+11,1.13E-05,1.33E-06,1.415377022,0.121225548,0.199417869,0.199417869
-94.05883258,0.02732024,11396371173,1.02E-05,11208579902,9.97E-06,1.92553E+11,1.23E-05,1.62E-06,1.060619414,0.170515982,0.22419404,0.22419404
-109.9791073,0.032075824,7744993543,1.29E-05,18418334493,6.48E-06,2.01006E+11,1.11E-05,2.40E-06,1.359016681,0.160101392,0.320889454,0.320889454
-42.3015764,0.021595452,5980810416,1.27E-05,37849416061,1.10E-05,1.97283E+11,1.23E-05,1.16E-06,1.283785072,0.061778042,0.123893843,0.123893843
-99.60770972,0.026249204,9145879923,1.28E-05,23880422528,7.24E-06,2.04255E+11,1.28E-05,3.95E-06,0.925263951,0.170468232,0.288625978,0.288625978
-63.43422346,0.023728481,6312903909,9.10E-06,10339927368,8.72E-06,2.03541E+11,1.11E-05,1.60E-06,0.679134466,0.101942472,0.133238445,0.133238445
-60.13489983,0.02768646,5398152193,1.27E-05,23212810474,1.01E-05,1.96993E+11,1.28E-05,1.34E-05,0.731792645,0.106297681,0.175082643,0.175082643
-72.97802574,0.032820694,10371671617,1.20E-05,12826140357,7.16E-06,2.04681E+11,1.10E-05,2.65E-05,0.512897884,0.115920055,0.197859357,0.197859357
-112.6038142,0.029509938,6815058842,1.28E-05,39351495140,7.19E-06,1.97993E+11,1.27E-05,3.18E-05,0.830326067,0.200868262,0.326589077,0.326589077
-67.69222868,0.025278413,7504248805,9.33E-06,14711699419,9.49E-06,1.92753E+11,1.22E-05,2.38E-05,2.690078065,0.121855979,0.147912562,0.147912562
-92.88879635,0.028511484,16319509877,9.00E-06,30816286761,6.51E-06,2.03766E+11,1.13E-05,2.57E-05,1.101203263,0.160091156,0.191424915,0.191424915
-93.83919895,0.030110331,9666502461,8.88E-06,11021793371,8.95E-06,2.0436E+11,1.21E-05,1.07E-05,1.347577848,0.18023676,0.19492378,0.19492378
-70.4341695,0.021835454,6345618384,8.96E-06,35505172631,8.90E-06,1.90694E+11,1.12E-05,1.34E-06,0.627785345,0.112922168,0.14555198,0.14555198
-70.66358177,0.023584705,8985600437,1.01E-05,32110124484,1.01E-05,2.0528E+11,1.12E-05,6.50E-06,1.108581261,0.107476642,0.16649196,0.16649196
-29.19460113,0.033600415,6167535969,9.56E-06,13935721793,9.51E-06,1.92272E+11,1.07E-05,3.40E-06,0.785843057,0.048078515,0.065156299,0.065156299
-24.6096342,0.028441216,17770044617,1.27E-05,39979700294,1.10E-05,2.09202E+11,1.15E-05,1.28E-05,2.155705213,0.035943987,0.072541329,0.072541329
-84.43975209,0.029047339,10317039281,1.14E-05,14948505738,5.70E-06,2.02118E+11,1.20E-05,8.91E-06,2.643836705,0.140326558,0.218666954,0.218666954
-31.67436399,0.026105112,16419417964,1.03E-05,14573478252,9.67E-06,2.04034E+11,1.24E-05,1.12E-06,0.588895136,0.058444088,0.074880298,0.074880298
-27.4454652,0.033543422,19181130635,1.13E-05,30011536010,7.13E-06,2.0017E+11,1.18E-05,1.86E-06,2.262487669,0.047944696,0.070801879,0.070801879
-87.3377302,0.034301481,14781511716,1.28E-05,23410592325,8.58E-06,1.94039E+11,1.23E-05,2.60E-06,0.638531872,0.159069623,0.255597163,0.255597163
-91.02816728,0.027532765,13491789528,1.07E-05,17901442413,7.12E-06,1.95419E+11,1.08E-05,6.74E-06,2.427921149,0.131007535,0.222064516,0.222064516
-44.99807755,0.03536628,9895563018,1.12E-05,20261681162,1.10E-05,1.94412E+11,1.12E-05,1.80E-05,0.947021981,0.075067115,0.118169193,0.118169193
-81.42158489,0.030848531,18197678464,9.53E-06,23013426120,1.05E-05,2.07923E+11,1.28E-05,4.04E-06,0.779907577,0.167962435,0.181971516,0.181971516
-65.05314676,0.031714128,16816412389,1.19E-05,26444612756,5.68E-06,2.0611E+11,1.17E-05,2.31E-06,0.549378233,0.111770306,0.172800872,0.172800872
-30.23378079,0.038870796,17551851774,1.09E-05,27149863923,1.10E-05,2.05563E+11,1.10E-05,6.90E-06,1.472012713,0.051273438,0.077644396,0.077644396
-113.5760623,0.025603815,9702188687,8.31E-06,33137450670,9.87E-06,1.90368E+11,1.07E-05,4.81E-06,1.664305774,0.180407538,0.223207285,0.223207285
-33.76677673,0.024997484,12027507418,8.97E-06,17437382937,7.94E-06,1.93942E+11,1.15E-05,1.24E-06,2.098213808,0.056623629,0.070219826,0.070219826
-93.34174942,0.022797194,7214813653,8.62E-06,30304750233,1.08E-05,2.06009E+11,1.08E-05,1.01E-06,0.717769159,0.146409739,0.189301484,0.189301484
-37.21605455,0.039409682,10669936002,1.14E-05,16831042248,7.28E-06,1.92162E+11,1.11E-05,8.16E-06,1.549409512,0.062590309,0.097373621,0.097373621
-106.8216707,0.028847982,8111218682,1.10E-05,16787765270,6.56E-06,2.05048E+11,1.12E-05,4.05E-05,2.951292285,0.162723378,0.267001175,0.267001175
-115.3451752,0.038374561,7269634893,8.04E-06,32764466168,8.91E-06,2.05135E+11,1.26E-05,1.35E-05,0.932694951,0.256176769,0.218742884,0.256176769
-97.00800395,0.020983755,12445509117,1.08E-05,10535309911,7.99E-06,1.99921E+11,1.20E-05,3.12E-05,1.238874996,0.151716785,0.238347588,0.238347588
-110.2657694,0.020760466,9882734017,8.68E-06,22666680452,5.16E-06,1.94947E+11,1.29E-05,7.28E-06,1.875095956,0.210923682,0.21648484,0.21648484
-65.23027457,0.027833644,9069370824,1.27E-05,20382450133,1.10E-05,2.05071E+11,1.11E-05,1.64E-05,1.78859594,0.088682458,0.191880148,0.191880148
-105.2369444,0.031942935,7138687462,8.75E-06,12817238226,8.49E-06,1.99716E+11,1.12E-05,1.49E-06,1.214133166,0.186972497,0.214909074,0.214909074
-107.8883898,0.03767009,12970091653,1.04E-05,26348110527,8.85E-06,1.99574E+11,1.14E-05,2.96E-05,0.721315222,0.197383299,0.259721372,0.259721372
-110.1608216,0.021858669,16258420931,1.18E-05,13950993824,1.10E-05,2.05504E+11,1.17E-05,2.48E-05,1.386291112,0.156923521,0.300511787,0.300511787
-67.29228106,0.029904226,13104266050,1.08E-05,20419154952,1.07E-05,2.01392E+11,1.26E-05,3.30E-05,2.353883815,0.126013806,0.170037554,0.170037554
-34.44614856,0.028915447,18290749080,1.04E-05,34970407147,7.94E-06,1.98399E+11,1.22E-05,6.09E-06,0.507479026,0.063963401,0.081686164,0.081686164
-56.37379354,0.024327735,7055362709,1.03E-05,19481062996,9.97E-06,2.08355E+11,1.07E-05,1.23E-06,1.201499215,0.079047707,0.134610475,0.134610475
-55.67844288,0.033621716,15873089934,8.67E-06,28364933026,8.53E-06,2.04532E+11,1.28E-05,4.40E-05,1.155428185,0.118969589,0.11290311,0.118969589
-65.30681375,0.02322349,7369208194,1.05E-05,11469688730,5.43E-06,1.98942E+11,1.18E-05,2.08E-05,1.116307157,0.104006072,0.154054925,0.154054925
-41.66593006,0.033168097,15351124024,1.03E-05,37586802103,1.07E-05,1.91976E+11,1.29E-05,2.43E-05,1.21973154,0.085558003,0.10099841,0.10099841
-54.10262302,0.021686096,19290137242,8.81E-06,17014313317,1.06E-05,2.09393E+11,1.23E-05,1.14E-06,1.442246659,0.097859181,0.11244473,0.11244473
-50.33185137,0.02342793,18303653804,1.11E-05,16099203025,6.09E-06,1.93773E+11,1.12E-05,3.91E-05,0.79306392,0.072200344,0.125682822,0.125682822
-65.46272106,0.037732158,9923593372,1.07E-05,38211232848,1.04E-05,1.99401E+11,1.07E-05,9.99E-06,1.048041144,0.106757146,0.164464591,0.164464591
-97.38838895,0.038124004,17496164521,9.02E-06,26712674918,5.90E-06,2.03211E+11,1.21E-05,1.61E-05,2.485946928,0.197414484,0.202315039,0.202315039
-82.00176443,0.028091463,8992698753,8.13E-06,14329671735,9.70E-06,2.09426E+11,1.22E-05,7.82E-06,0.964245279,0.162534865,0.157356384,0.162534865
-81.80827239,0.030015799,9977637427,1.09E-05,15048789968,1.10E-05,1.93946E+11,1.06E-05,1.10E-06,0.725432531,0.121514832,0.207391479,0.207391479
-40.8510534,0.03546103,18158481403,1.04E-05,12312328493,1.07E-05,1.90742E+11,1.29E-05,5.46E-06,1.068623491,0.084969386,0.099783559,0.099783559
-87.81948218,0.039251807,9309495775,8.05E-06,35189955878,9.70E-06,1.99018E+11,1.11E-05,1.17E-05,2.683720632,0.16402909,0.168969717,0.168969717
-84.27566137,0.02500127,7596504119,1.28E-05,31862740304,1.10E-05,2.06116E+11,1.18E-05,7.30E-06,2.586731474,0.119550583,0.249797158,0.249797158
-47.80095509,0.03122261,9241099348,1.26E-05,10009740701,5.52E-06,2.06031E+11,1.23E-05,1.76E-05,0.656875092,0.08365009,0.135078606,0.135078606
-79.21448839,0.03202002,15951028688,1.03E-05,11992061777,6.84E-06,2.03624E+11,1.23E-05,1.75E-05,0.938282953,0.151878545,0.185655589,0.185655589
-29.86703282,0.035057383,14911597023,1.16E-05,11049822556,1.10E-05,1.99799E+11,1.07E-05,1.48E-06,0.658294465,0.046545558,0.080831275,0.080831275
-111.6310814,0.036198079,9072779983,1.10E-05,12492827393,1.09E-05,2.05356E+11,1.11E-05,1.67E-05,2.355078087,0.183819353,0.288716291,0.288716291
-47.24494813,0.020375017,11453600753,1.25E-05,25841189602,7.25E-06,1.90949E+11,1.06E-05,3.62E-06,2.297395644,0.049285352,0.130821289,0.130821289
-102.9367941,0.037557813,5999310405,1.26E-05,10615067397,9.16E-06,2.0933E+11,1.29E-05,3.86E-05,1.305125582,0.202757392,0.298618503,0.298618503
-50.65331999,0.021212501,5468405282,1.21E-05,10085554354,6.61E-06,1.98327E+11,1.25E-05,1.78E-05,0.844146721,0.078912057,0.137903161,0.137903161
-22.82851866,0.035640088,7980572877,9.83E-06,11129157544,9.08E-06,1.9275E+11,1.15E-05,4.73E-06,1.102221473,0.041736352,0.052357755,0.052357755
-95.83201941,0.021892381,12511290555,8.61E-06,14789974788,8.21E-06,1.93104E+11,1.06E-05,8.92E-06,0.860738273,0.143124584,0.190603046,0.190603046
-78.9844619,0.026717031,12025767246,1.13E-05,25019517196,9.28E-06,1.99962E+11,1.16E-05,7.15E-06,0.913682538,0.125417763,0.205413365,0.205413365
-82.50232741,0.023267357,10621671202,1.26E-05,25659972353,1.08E-05,2.05597E+11,1.24E-05,4.26E-06,2.070415413,0.124637954,0.23957909,0.23957909
-119.5573972,0.026080763,16354990362,1.18E-05,35030514699,6.42E-06,1.97167E+11,1.05E-05,4.80E-05,0.688604796,0.157647003,0.317601901,0.317601901
-83.44495591,0.035208523,7521802711,9.80E-06,28001165793,1.03E-05,2.07516E+11,1.10E-05,1.40E-05,1.930307229,0.141641038,0.192875697,0.192875697
-22.68474911,0.035933617,12949312638,1.28E-05,11484570808,6.21E-06,2.02322E+11,1.07E-05,8.91E-06,0.54240991,0.034491447,0.065105951,0.065105951
-100.5369583,0.020952505,6152448615,1.24E-05,25752587187,7.15E-06,2.00355E+11,1.08E-05,1.22E-05,1.569720732,0.115139174,0.280825752,0.280825752
-39.6029375,0.027542121,10061824658,1.11E-05,10119879862,1.05E-05,2.06278E+11,1.09E-05,4.35E-06,2.074754936,0.05704903,0.102591765,0.102591765
-58.84122602,0.033826751,7907925640,8.08E-06,20420049689,7.54E-06,2.05186E+11,1.11E-05,6.67E-06,1.011854723,0.108134108,0.110657378,0.110657378
-36.78885815,0.025785398,15845123424,1.14E-05,17357427042,6.91E-06,2.03682E+11,1.24E-05,1.02E-06,1.576587247,0.062628403,0.095073788,0.095073788
-79.3462213,0.03894342,9944427210,1.15E-05,10506562388,7.26E-06,2.02899E+11,1.22E-05,8.57E-06,0.798036533,0.15468198,0.208894254,0.208894254
-107.2038162,0.034761054,7041006618,9.54E-06,37218436280,1.00E-05,2.03439E+11,1.29E-05,1.03E-06,1.390496296,0.227650085,0.240672658,0.240672658
-108.4485248,0.02857331,8233048645,1.01E-05,12765451163,9.73E-06,1.97266E+11,1.21E-05,2.17E-05,0.719791425,0.198528362,0.254244669,0.254244669
-29.67223413,0.022866502,6215997162,1.09E-05,19731194554,7.97E-06,1.9669E+11,1.10E-05,1.45E-06,0.918662643,0.041183212,0.073683748,0.073683748
-69.08139621,0.033774035,10271200927,8.33E-06,11422768451,8.62E-06,1.98317E+11,1.26E-05,2.34E-06,1.619218094,0.145848362,0.135316033,0.145848362
-38.26130956,0.037597165,6025117353,9.08E-06,11684585573,8.83E-06,1.96019E+11,1.29E-05,1.41E-05,0.895168159,0.084462072,0.081237913,0.084462072
-35.27909579,0.027058616,12754858562,9.52E-06,34242061889,6.01E-06,2.03433E+11,1.09E-05,1.02E-05,1.328030838,0.054850099,0.076404117,0.076404117
-36.44177479,0.034586576,14337349389,1.10E-05,17162688535,1.09E-05,2.06132E+11,1.18E-05,2.18E-06,1.742070287,0.06494886,0.093840183,0.093840183
-64.64525994,0.027744858,8957044031,1.25E-05,16135764517,8.93E-06,1.99747E+11,1.18E-05,4.04E-05,2.106607585,0.097733829,0.185747757,0.185747757
-103.0451497,0.039207003,8880927963,1.08E-05,12313207225,9.94E-06,2.04504E+11,1.29E-05,3.43E-06,1.551957953,0.217261923,0.2611972,0.2611972
-44.45413444,0.037352479,10730345426,9.00E-06,30504580127,8.07E-06,1.93103E+11,1.08E-05,4.51E-05,1.357183136,0.077259748,0.093297409,0.093297409
-102.3791554,0.032745434,8339196333,8.31E-06,32085801681,9.85E-06,2.00482E+11,1.21E-05,3.46E-06,1.567598812,0.204868781,0.201879897,0.204868781
-81.09348595,0.034256396,8804399220,8.24E-06,36004538789,6.19E-06,1.9877E+11,1.17E-05,2.22E-05,1.043513318,0.158656454,0.153709927,0.158656454
-34.62919919,0.028711197,18468934899,1.01E-05,20161257150,5.76E-06,1.98663E+11,1.11E-05,2.49E-06,0.661939746,0.05680687,0.0788038,0.0788038
-72.44497986,0.037833217,6138198159,1.03E-05,18638641014,9.27E-06,1.91317E+11,1.11E-05,2.36E-06,2.292662229,0.125352426,0.175064032,0.175064032
-30.69175838,0.025354939,9825827100,9.54E-06,15335981954,8.21E-06,1.99459E+11,1.21E-05,8.26E-06,0.527908528,0.056032362,0.066977266,0.066977266
-37.19725486,0.025766385,17240770293,1.14E-05,25959654212,8.95E-06,1.9775E+11,1.09E-05,3.03E-05,0.651779452,0.05337707,0.096836478,0.096836478
-57.67544112,0.039833134,9097187779,8.85E-06,31962309968,8.65E-06,2.04188E+11,1.07E-05,9.31E-06,0.961394007,0.10206906,0.119560809,0.119560809
-88.19511344,0.03752346,16092775398,1.28E-05,18989031681,1.10E-05,2.02556E+11,1.28E-05,1.13E-06,1.478479391,0.170269616,0.262818172,0.262818172
-45.48660962,0.032298267,16457103075,1.05E-05,30591835861,1.01E-05,1.9606E+11,1.12E-05,1.68E-05,1.223299913,0.075862377,0.111372056,0.111372056
-48.4421743,0.037452014,12379686742,1.20E-05,35796020998,9.63E-06,1.98054E+11,1.30E-05,1.05E-05,1.023970189,0.098772379,0.13478123,0.13478123
-28.17506933,0.034816431,8769291904,9.16E-06,13343657498,8.53E-06,1.96338E+11,1.27E-05,2.43E-05,0.866539879,0.06001471,0.060075514,0.060075514
-93.13761383,0.036067027,10735714410,1.14E-05,15828231041,9.19E-06,2.07144E+11,1.26E-05,1.29E-06,1.169320304,0.183544158,0.246194783,0.246194783
-40.18717249,0.024067143,9581832381,9.95E-06,10189171466,9.82E-06,1.9846E+11,1.20E-05,1.50E-06,1.971224633,0.06738913,0.093276877,0.093276877
-33.74660553,0.024731466,8713623794,1.25E-05,20712213137,1.10E-05,1.97457E+11,1.13E-05,1.06E-05,0.933951526,0.045972253,0.097243099,0.097243099
-98.39397325,0.02007854,9592331054,1.10E-05,36435817581,1.09E-05,1.97842E+11,1.28E-05,1.29E-05,0.670620463,0.169751703,0.249063473,0.249063473
-32.15731411,0.035803679,16092918266,9.48E-06,39052727394,5.50E-06,2.01657E+11,1.17E-05,1.84E-06,2.61774973,0.060211507,0.069765459,0.069765459
-63.58283601,0.032859562,15748637805,9.92E-06,12215117234,9.63E-06,1.99063E+11,1.30E-05,6.89E-06,2.139526622,0.131365907,0.14773496,0.14773496
-52.51705172,0.024217444,11215413877,9.10E-06,15478871915,1.09E-05,2.05431E+11,1.10E-05,1.82E-05,0.788805073,0.08296686,0.112241545,0.112241545
-33.68231901,0.033502562,13023869023,1.27E-05,18213149242,1.01E-05,2.06004E+11,1.19E-05,2.17E-06,2.499592757,0.055944947,0.099025409,0.099025409
-85.91925666,0.020542614,18680978707,1.28E-05,10243831867,1.10E-05,2.06021E+11,1.22E-05,4.74E-05,0.572315347,0.125313709,0.250559394,0.250559394
-34.21480218,0.035084055,12392048409,1.18E-05,28910271750,6.68E-06,1.91134E+11,1.09E-05,2.05E-05,1.052499094,0.053027308,0.092105534,0.092105534
-94.29281762,0.022325436,5111334176,1.25E-05,10141099475,1.10E-05,1.91305E+11,1.24E-05,1.82E-06,1.871578549,0.141261028,0.272088522,0.272088522
-38.8126599,0.024935427,8992577464,1.05E-05,10943048326,1.09E-05,2.06086E+11,1.06E-05,5.29E-06,2.153925551,0.052994057,0.095779301,0.095779301
-36.12724148,0.028132664,12753159544,1.29E-05,29462907846,6.89E-06,2.08617E+11,1.29E-05,6.47E-06,0.713021231,0.064896914,0.104495399,0.104495399
-85.68968814,0.036006254,12465644749,8.09E-06,31528505419,8.24E-06,2.04844E+11,1.11E-05,1.11E-05,2.136733673,0.157303874,0.163296827,0.163296827
-43.95401881,0.031270918,11562217377,1.09E-05,15666821419,1.10E-05,1.99769E+11,1.21E-05,2.16E-06,1.690015169,0.078315226,0.111965044,0.111965044
-27.45773054,0.025200639,12040544414,1.15E-05,30391627453,7.06E-06,2.09665E+11,1.29E-05,1.46E-05,0.739280463,0.050367122,0.071084394,0.071084394
-61.82249917,0.035177703,6254798138,8.73E-06,12926877191,9.81E-06,1.98638E+11,1.22E-05,1.55E-06,0.979885238,0.126695269,0.127359511,0.127359511
-106.649281,0.025431746,7284803485,1.04E-05,10961001345,1.03E-05,2.04482E+11,1.18E-05,1.66E-06,0.534277008,0.18390569,0.254923969,0.254923969
-89.30010825,0.036056175,13605927242,1.24E-05,12292283164,5.39E-06,2.0105E+11,1.14E-05,5.54E-06,0.983416381,0.147102984,0.250080647,0.250080647
-60.2700848,0.023761578,15917730643,8.19E-06,35553203626,7.84E-06,1.98255E+11,1.24E-05,3.99E-06,0.582834992,0.118951503,0.113630336,0.118951503
-29.50623221,0.036324901,8778037517,1.15E-05,18969966131,5.29E-06,2.06207E+11,1.28E-05,5.43E-06,0.613811253,0.060106804,0.076196221,0.076196221
-67.21754229,0.032593737,5756111212,9.08E-06,35256681775,6.81E-06,1.9169E+11,1.17E-05,1.25E-06,1.440356839,0.125511293,0.140622902,0.140622902
-87.88619887,0.026390142,9671765612,1.23E-05,11406716395,6.30E-06,1.92397E+11,1.12E-05,1.88E-06,2.228468799,0.119896365,0.245226511,0.245226511
-38.69106858,0.022102823,10671265823,8.90E-06,22816704439,6.14E-06,2.06049E+11,1.30E-05,4.97E-05,1.970959303,0.075070372,0.078539253,0.078539253
-24.08513321,0.022890164,5221898078,8.92E-06,10759737045,1.01E-05,1.95715E+11,1.07E-05,3.55E-06,1.451337533,0.035702461,0.050496057,0.050496057
-77.4096526,0.02418556,18886509436,1.01E-05,13284231651,5.32E-06,1.95853E+11,1.28E-05,4.44E-06,0.524905943,0.150035587,0.17377398,0.17377398
-98.305238,0.033355536,10071888782,9.42E-06,11187794104,6.83E-06,1.95189E+11,1.07E-05,4.88E-06,2.904523224,0.159760712,0.213619196,0.213619196
-98.35231694,0.020186231,5337372055,9.22E-06,14636332782,9.38E-06,2.06507E+11,1.20E-05,2.90E-06,2.963847689,0.162298215,0.211532189,0.211532189
-65.93486395,0.032246542,5116187609,8.71E-06,22659241307,8.43E-06,1.96735E+11,1.14E-05,3.91E-06,0.523221122,0.122594547,0.132944375,0.132944375
-68.75406961,0.031436929,7691197154,1.13E-05,25585325538,9.44E-06,2.09714E+11,1.23E-05,3.04E-06,0.543080004,0.128703235,0.177911883,0.177911883
-24.8051192,0.032459789,7028348580,1.04E-05,14295743296,1.05E-05,2.04269E+11,1.12E-05,1.99E-05,0.501039038,0.042488942,0.059998226,0.059998226
-75.81212673,0.024952702,6247012683,9.39E-06,30287283225,9.57E-06,2.07137E+11,1.15E-05,1.18E-06,1.34009106,0.126171315,0.166079267,0.166079267
-28.0337575,0.036796273,9902254166,1.20E-05,10476509172,1.10E-05,2.04176E+11,1.06E-05,2.64E-06,0.960361756,0.042800969,0.078302218,0.078302218
-30.91607482,0.025236587,5949825363,9.22E-06,36845493177,8.73E-06,2.01252E+11,1.22E-05,1.46E-05,1.858538655,0.056258432,0.066334283,0.066334283
-31.7358987,0.032204376,7901578133,1.15E-05,14911701804,6.08E-06,1.99084E+11,1.12E-05,9.70E-06,0.609120174,0.051417339,0.081988445,0.081988445
-47.89960429,0.027261269,14425814721,9.56E-06,24753412785,9.56E-06,1.96674E+11,1.14E-05,5.20E-06,0.54936784,0.082071677,0.10591117,0.10591117
-35.30057168,0.020847734,8957455573,1.16E-05,31186544558,1.10E-05,2.0752E+11,1.25E-05,2.23E-06,1.571639704,0.054942395,0.095052689,0.095052689
-72.35916667,0.038253304,13477470717,1.17E-05,16223565225,1.10E-05,1.96278E+11,1.10E-05,6.34E-06,1.778744404,0.117420214,0.198855976,0.198855976
-80.27527203,0.022384182,14798235146,1.13E-05,31204725762,9.22E-06,2.04374E+11,1.22E-05,8.90E-06,2.658512135,0.125140926,0.208509408,0.208509408
-86.53571697,0.032026449,17400243963,1.07E-05,19371967068,1.06E-05,2.01377E+11,1.12E-05,1.93E-05,2.036973368,0.140873956,0.2171384,0.2171384
-41.53672867,0.029496716,8739352725,1.00E-05,25079874874,1.01E-05,2.04219E+11,1.29E-05,6.92E-06,1.753557913,0.082902968,0.097341967,0.097341967
-38.2079227,0.02352738,7165642575,1.14E-05,20974956212,1.09E-05,1.93493E+11,1.28E-05,3.58E-06,0.572059598,0.068243929,0.100111934,0.100111934
-37.75934163,0.032805148,6130080436,8.75E-06,20534916607,6.27E-06,1.94313E+11,1.10E-05,1.35E-06,2.470222235,0.065539259,0.076122166,0.076122166
-43.65056349,0.030521437,5563200576,8.33E-06,13780991235,5.68E-06,1.97496E+11,1.12E-05,5.82E-06,1.463385138,0.077506612,0.083250894,0.083250894
-119.1594974,0.031432918,7724931632,8.31E-06,15972398862,8.74E-06,1.97672E+11,1.18E-05,1.13E-06,0.640077158,0.233807811,0.230887977,0.233807811
-82.27992719,0.035603371,5466542380,8.04E-06,34729751746,8.15E-06,2.08497E+11,1.14E-05,2.90E-06,0.699867311,0.160292875,0.154396534,0.160292875
-30.93037875,0.039158317,15472445680,9.58E-06,18892505173,1.07E-05,2.07085E+11,1.17E-05,1.12E-05,1.263700056,0.05948246,0.070189276,0.070189276
-108.3373899,0.020015714,6597653976,1.16E-05,30031984106,7.48E-06,2.07159E+11,1.05E-05,1.10E-06,2.166071517,0.119593492,0.286506813,0.286506813
-43.83056418,0.02857645,8593858564,1.23E-05,19750991089,5.46E-06,2.043E+11,1.12E-05,2.83E-06,2.404408109,0.062315363,0.121118875,0.121118875
-47.27530939,0.029103701,7686226634,1.12E-05,14366935198,9.26E-06,1.99173E+11,1.13E-05,4.68E-05,1.083547478,0.073976054,0.122257828,0.122257828
-86.78749898,0.032836366,8079797666,1.15E-05,15038230989,9.02E-06,1.91649E+11,1.08E-05,2.60E-05,1.256295591,0.130859556,0.230701786,0.230701786
-42.05778413,0.021647562,13511421219,9.69E-06,12966952971,9.42E-06,1.96906E+11,1.08E-05,1.01E-06,1.934915044,0.058383436,0.094775707,0.094775707
-21.23156949,0.036447769,6337726027,1.08E-05,12951154158,1.04E-05,1.98732E+11,1.12E-05,3.89E-05,1.417359738,0.036144188,0.053791239,0.053791239
-27.14805946,0.020498979,10552086140,9.99E-06,14374538556,8.14E-06,1.92095E+11,1.11E-05,1.92E-05,0.983146797,0.039071199,0.06204206,0.06204206
-66.94938655,0.039496928,11501945295,8.07E-06,15067403706,5.07E-06,2.01616E+11,1.20E-05,4.50E-06,2.777430847,0.138936066,0.124306179,0.138936066
-70.32046731,0.035043348,5292804268,1.08E-05,30603512296,7.88E-06,2.05514E+11,1.23E-05,3.03E-06,1.069530966,0.135496813,0.174612137,0.174612137
-66.11116551,0.027910978,5051084191,1.24E-05,16016064902,1.10E-05,1.96922E+11,1.06E-05,6.27E-06,1.189984499,0.085478086,0.189792931,0.189792931
-107.4658785,0.02814203,8514910508,1.11E-05,13498838639,1.10E-05,2.07803E+11,1.24E-05,1.44E-06,2.264604052,0.190197169,0.278992873,0.278992873
-84.62729828,0.037724712,6307414663,1.22E-05,17850842013,9.59E-06,2.02667E+11,1.06E-05,2.99E-05,2.779078189,0.126809729,0.240290217,0.240290217
-20.74105442,0.026203811,9076175258,9.51E-06,34335099252,9.96E-06,2.0206E+11,1.28E-05,8.99E-06,1.401634378,0.040281987,0.046177359,0.046177359
-65.58399829,0.035309362,9474592413,1.02E-05,28562920871,1.04E-05,1.98491E+11,1.18E-05,4.74E-06,1.184900442,0.121480855,0.157237891,0.157237891
-57.2843852,0.02106057,8732891493,8.04E-06,22094403636,1.09E-05,2.01108E+11,1.23E-05,1.03E-05,0.591367001,0.109080911,0.108765767,0.109080911
-66.26412235,0.037026402,15237459305,8.28E-06,31847147710,9.22E-06,1.95883E+11,1.23E-05,3.56E-05,0.782039122,0.140935101,0.129208484,0.140935101
-85.15458502,0.023614329,16306941673,1.12E-05,20664523116,1.09E-05,1.90608E+11,1.18E-05,1.11E-05,0.508789027,0.136659263,0.219559234,0.219559234
-43.2800807,0.038199766,5968736858,8.87E-06,37369509436,6.17E-06,1.91161E+11,1.15E-05,1.00E-05,2.960509683,0.081762909,0.088722118,0.088722118
-35.92253337,0.034212187,12559982483,1.03E-05,14432580247,6.07E-06,2.06374E+11,1.15E-05,4.05E-06,1.004533137,0.063691974,0.08459039,0.08459039
-26.55328322,0.038528931,6804491020,8.29E-06,13078675023,8.14E-06,2.06309E+11,1.12E-05,1.00E-05,0.689390582,0.050510846,0.051379523,0.051379523
-22.00287841,0.031714506,12417966901,1.01E-05,38759285234,8.40E-06,2.03659E+11,1.10E-05,2.56E-05,0.659584422,0.036493469,0.051345082,0.051345082
-107.382813,0.0383436,5986289895,1.04E-05,12283643685,1.04E-05,2.01147E+11,1.25E-05,2.83E-05,2.868659651,0.21747631,0.263581569,0.263581569
-84.98391006,0.039067379,8511009983,1.12E-05,31021075379,7.18E-06,2.08815E+11,1.06E-05,2.48E-05,2.761833958,0.133171539,0.219123425,0.219123425
-65.37194665,0.033564433,10451560804,1.05E-05,11684728069,6.51E-06,1.90479E+11,1.10E-05,2.14E-05,2.784406326,0.104877097,0.157263973,0.157263973
-117.7004355,0.024319054,8842085540,8.38E-06,11669198768,8.23E-06,1.92905E+11,1.21E-05,1.81E-06,1.69270811,0.217582999,0.229754775,0.229754775
-57.89276823,0.039341359,12035552506,1.21E-05,22498807620,1.10E-05,1.91368E+11,1.22E-05,4.04E-06,0.788841153,0.110598931,0.163611401,0.163611401
-54.01015175,0.021571796,11606223765,9.62E-06,19972779053,9.23E-06,2.04202E+11,1.09E-05,7.60E-06,1.27020796,0.078182232,0.120392673,0.120392673
-97.82360834,0.038160593,6731792975,9.36E-06,21485547313,8.23E-06,1.98981E+11,1.10E-05,2.28E-06,0.847266894,0.175931137,0.212700867,0.212700867
-62.98412729,0.035052082,10133238551,9.48E-06,28902740700,9.54E-06,2.02789E+11,1.27E-05,2.73E-06,2.308949476,0.13087384,0.140461811,0.140461811
-90.04265558,0.02187558,6572821941,1.23E-05,22799034960,7.99E-06,1.97079E+11,1.17E-05,2.36E-05,0.884888867,0.125474681,0.249674024,0.249674024
-114.9610549,0.020420749,16216439638,8.68E-06,19702819534,9.82E-06,2.00955E+11,1.10E-05,2.07E-05,1.09085157,0.174996502,0.233355335,0.233355335
-79.12708588,0.038363562,10796546128,8.14E-06,39642977155,7.00E-06,1.96705E+11,1.20E-05,7.00E-06,1.076424342,0.164050962,0.149694961,0.164050962
-30.80427623,0.028745064,17909069277,1.25E-05,13355508861,9.70E-06,1.9558E+11,1.14E-05,1.50E-05,0.514971188,0.047507535,0.087659192,0.087659192
-52.90588099,0.026918169,7155785558,8.81E-06,13026562547,1.06E-05,1.96544E+11,1.08E-05,1.47E-06,1.267499837,0.084550398,0.110327677,0.110327677
-89.32861545,0.028858672,14567462385,9.21E-06,23197694194,9.94E-06,1.92869E+11,1.11E-05,2.66E-06,0.645000499,0.151460637,0.191815259,0.191815259
-90.75039389,0.034673301,5339946805,1.19E-05,36610271859,9.19E-06,2.02336E+11,1.07E-05,2.49E-06,0.761314365,0.138413961,0.249285047,0.249285047
-78.66989286,0.033800777,8573002020,1.12E-05,34528545953,5.34E-06,2.01393E+11,1.21E-05,2.89E-05,0.749242279,0.146309376,0.19773207,0.19773207
-46.48328121,0.03064956,9339280281,1.10E-05,10868325784,9.28E-06,1.96697E+11,1.27E-05,1.16E-05,2.127211273,0.088484741,0.118188984,0.118188984
-113.3513869,0.038642452,7096380298,1.16E-05,28702926472,1.10E-05,2.03935E+11,1.30E-05,7.46E-06,1.439688935,0.235069417,0.307792828,0.307792828
-108.9966558,0.020318791,15744190045,9.62E-06,29696018006,5.42E-06,1.93985E+11,1.23E-05,1.03E-05,2.045792638,0.184235572,0.236541198,0.236541198
-102.8667076,0.026607265,7560735307,8.03E-06,31663078440,9.18E-06,2.01434E+11,1.20E-05,1.59E-05,0.692248975,0.2009444,0.193289856,0.2009444
-88.89407848,0.026910603,6450715500,1.25E-05,11625008069,5.75E-06,2.03389E+11,1.25E-05,1.36E-05,0.729918856,0.150989452,0.248336014,0.248336014
-26.0596525,0.029161022,14732283906,8.17E-06,23189397942,1.02E-05,2.02083E+11,1.21E-05,3.39E-06,0.785226966,0.05183238,0.050369307,0.05183238
-111.1977936,0.025812917,9041218860,1.12E-05,22434174640,6.48E-06,2.06397E+11,1.30E-05,3.69E-05,0.693779608,0.209463401,0.281160366,0.281160366
-92.87737769,0.02969432,5143525273,8.13E-06,20469780616,5.99E-06,2.0795E+11,1.06E-05,1.52E-05,2.523471786,0.151623606,0.173808848,0.173808848
-69.98636572,0.022847364,6121850386,9.86E-06,10280365708,7.29E-06,2.0022E+11,1.24E-05,3.08E-05,0.590373181,0.127585395,0.156427035,0.156427035
-47.52556787,0.038874847,18731947573,1.17E-05,21583592396,1.02E-05,1.90521E+11,1.07E-05,1.53E-06,1.049333948,0.075651627,0.129548352,0.129548352
-86.82685528,0.027840924,10700075717,1.22E-05,27214908867,1.10E-05,2.05936E+11,1.14E-05,1.10E-06,0.632053963,0.133227245,0.243428808,0.243428808
-35.09468589,0.023047185,6287960526,1.30E-05,12205329008,1.10E-05,1.94486E+11,1.19E-05,2.75E-05,1.100876694,0.049169776,0.10461326,0.10461326
-115.9392673,0.034573131,17928595256,8.91E-06,22872676306,9.07E-06,2.0032E+11,1.12E-05,2.76E-06,2.866672106,0.205919173,0.243422392,0.243422392
-29.77516584,0.039856578,16350877454,8.92E-06,22901924285,9.74E-06,1.96476E+11,1.11E-05,8.65E-06,2.983012695,0.054700612,0.063037413,0.063037413
-116.2483708,0.03190307,6879680946,8.19E-06,23740667850,8.25E-06,2.04012E+11,1.23E-05,1.66E-06,1.338772515,0.237181107,0.222868489,0.237181107
-48.8157398,0.037912196,15545074510,1.16E-05,10617515247,7.16E-06,1.92508E+11,1.20E-05,4.83E-05,1.154657299,0.091027145,0.129152943,0.129152943
-75.56017721,0.027271876,6388737762,1.17E-05,13965205897,6.97E-06,1.93864E+11,1.17E-05,4.42E-06,0.54774797,0.123528371,0.198160524,0.198160524
-80.45545826,0.02105958,5869053097,1.20E-05,16785948939,1.10E-05,1.94909E+11,1.14E-05,1.94E-06,0.8610972,0.10705686,0.223065528,0.223065528
-24.40560344,0.021069352,19192451233,1.12E-05,36130689616,6.60E-06,2.07548E+11,1.19E-05,3.26E-05,0.52838165,0.038168274,0.061145176,0.061145176
-95.4354754,0.03645389,10894973939,8.80E-06,16361250346,6.93E-06,2.03065E+11,1.08E-05,2.14E-05,0.679480756,0.168487346,0.193170728,0.193170728
-28.58245578,0.03750148,5929592013,8.70E-06,14892475490,1.07E-05,1.90739E+11,1.29E-05,3.49E-06,0.67853245,0.063801327,0.058944586,0.063801327
-96.97270581,0.023460466,5216525634,1.15E-05,33264494590,9.20E-06,2.08061E+11,1.21E-05,8.65E-06,0.561262363,0.158663211,0.253927272,0.253927272
-67.04088488,0.022855074,13078031264,9.18E-06,17782903759,1.04E-05,2.09162E+11,1.24E-05,2.38E-06,1.401283663,0.121897335,0.14454043,0.14454043
-59.48879075,0.033647806,12214833598,9.86E-06,12285495914,9.68E-06,2.0634E+11,1.25E-05,3.37E-05,0.912028346,0.119880732,0.136837633,0.136837633
-94.22992806,0.022531218,17346356185,1.27E-05,15309631895,6.29E-06,1.99189E+11,1.15E-05,1.36E-06,2.368824182,0.12054282,0.27031742,0.27031742
-114.1840726,0.039433009,5275895666,1.01E-05,23852425780,1.06E-05,2.02962E+11,1.16E-05,4.87E-06,0.882317683,0.216230723,0.270540741,0.270540741
-105.6286583,0.036769714,12240763319,1.05E-05,16346296690,8.33E-06,2.09942E+11,1.28E-05,4.71E-05,0.762244077,0.221780243,0.254631758,0.254631758
-81.06378874,0.024049783,6184993610,1.15E-05,34508496703,6.18E-06,1.97452E+11,1.18E-05,5.87E-06,1.714295385,0.122304752,0.210761745,0.210761745
-24.05600415,0.035281952,8387938603,1.11E-05,14166694270,1.00E-05,2.00524E+11,1.25E-05,3.56E-05,2.691545252,0.046100643,0.062288653,0.062288653
-33.69859175,0.036608945,14395331544,1.15E-05,10130659195,1.10E-05,1.97392E+11,1.22E-05,3.34E-06,2.701532684,0.062339173,0.091235892,0.091235892
-113.5466809,0.034018062,10014215472,9.09E-06,14221218765,9.31E-06,1.98311E+11,1.11E-05,6.34E-06,1.350649524,0.199994654,0.242445075,0.242445075
-75.33291232,0.032475043,16293675247,1.04E-05,16873063171,8.50E-06,2.08955E+11,1.21E-05,2.46E-05,1.33570142,0.140028925,0.181817414,0.181817414
-73.98310006,0.024443361,8200522215,1.02E-05,15211074740,9.75E-06,2.01521E+11,1.11E-05,1.02E-06,1.754703588,0.110041844,0.175604125,0.175604125
-82.06615482,0.033747948,18224214792,9.71E-06,14463893305,1.00E-05,1.94199E+11,1.24E-05,1.19E-05,1.001365886,0.164839749,0.186642924,0.186642924
-58.86940947,0.023634508,14479925104,1.01E-05,20011968577,5.21E-06,1.95151E+11,1.17E-05,1.30E-06,0.982560141,0.095919146,0.133196648,0.133196648
-29.49500733,0.027980834,6308085827,8.28E-06,12403539929,8.25E-06,1.95958E+11,1.21E-05,4.57E-06,1.438248088,0.056821143,0.05705722,0.05705722
-74.80728902,0.034854297,7767292742,1.04E-05,21070582794,1.03E-05,1.96629E+11,1.08E-05,7.92E-06,1.651391257,0.121210352,0.183343358,0.183343358
-24.76522894,0.039183839,5332450947,1.08E-05,19719045379,9.97E-06,1.93921E+11,1.18E-05,1.66E-05,0.531189203,0.047654609,0.061920691,0.061920691
-96.51287052,0.022441737,7828593136,8.71E-06,10964907056,8.31E-06,1.93108E+11,1.27E-05,2.38E-06,2.166665365,0.183923618,0.195350231,0.195350231
-28.42962284,0.0293921,12578801526,1.28E-05,17293580798,7.17E-06,2.06759E+11,1.24E-05,1.27E-05,0.571460261,0.049206063,0.082056086,0.082056086
-31.32215443,0.034423838,15456147430,1.27E-05,38358904213,9.03E-06,2.04399E+11,1.25E-05,1.31E-05,2.679292453,0.056157498,0.092016301,0.092016301
-46.81272205,0.025665296,8822485176,9.53E-06,13121514041,7.70E-06,1.92597E+11,1.08E-05,1.07E-05,1.556328508,0.070548123,0.102800225,0.102800225
-119.5846876,0.033095471,13736252551,8.43E-06,13785489258,9.49E-06,2.03757E+11,1.10E-05,1.48E-05,2.431394587,0.210769398,0.238843156,0.238843156
-48.53153886,0.036132566,6602531847,8.27E-06,15726576389,8.00E-06,1.91533E+11,1.11E-05,3.91E-06,2.179522153,0.088464757,0.094213408,0.094213408
-31.46531596,0.039952864,8476108987,1.10E-05,31033396153,1.05E-05,1.91966E+11,1.17E-05,3.50E-06,0.505044762,0.059606602,0.080416449,0.080416449
-31.9310691,0.027648145,5354287184,8.43E-06,25616795304,5.19E-06,2.09489E+11,1.30E-05,3.80E-06,0.605912874,0.068188983,0.060744763,0.068188983
-21.93353713,0.02147108,11244899666,1.24E-05,24343421867,1.02E-05,2.09818E+11,1.06E-05,1.48E-06,0.939375403,0.0249375,0.062261841,0.062261841
-82.47427376,0.032396096,10725812978,1.30E-05,39562109291,1.10E-05,1.9436E+11,1.19E-05,2.06E-06,1.827743945,0.132760536,0.248930109,0.248930109
-33.60309422,0.021203427,5255717184,8.38E-06,20843214819,8.02E-06,2.03322E+11,1.19E-05,1.42E-06,0.693491577,0.06012573,0.064829589,0.064829589
-59.35811858,0.039197847,8191572042,1.28E-05,13400825998,8.50E-06,1.95502E+11,1.18E-05,1.44E-06,2.648734347,0.103315438,0.175774712,0.175774712
-102.1642749,0.036817685,9246385866,1.14E-05,32925945958,7.64E-06,1.97555E+11,1.23E-05,5.38E-06,0.523128896,0.202030728,0.264391495,0.264391495
-65.46110941,0.033747295,5055430367,1.16E-05,10214369555,9.14E-06,2.09962E+11,1.07E-05,3.06E-06,0.749841525,0.100185724,0.175254851,0.175254851
-78.26778186,0.025736397,7461731857,1.02E-05,32274744175,5.11E-06,1.99813E+11,1.16E-05,2.24E-05,0.771596067,0.130685563,0.179122485,0.179122485
-54.56160656,0.039725519,5194253984,1.07E-05,35552265108,9.72E-06,1.93822E+11,1.21E-05,5.86E-06,1.111203737,0.107046922,0.136062586,0.136062586
-35.40647476,0.021944695,14967808965,1.28E-05,10127602520,5.66E-06,1.98062E+11,1.21E-05,2.40E-06,0.556970813,0.05246782,0.100579705,0.100579705
-80.39985741,0.02007955,16508496712,1.22E-05,36180876533,9.32E-06,1.92125E+11,1.12E-05,2.94E-06,1.966608186,0.097188861,0.224667164,0.224667164
-52.49062152,0.031265073,12855864662,1.06E-05,37393576267,9.77E-06,2.02168E+11,1.16E-05,6.22E-06,1.034104795,0.090091803,0.129164718,0.129164718
-33.65317366,0.027151701,18210341148,1.16E-05,30717317548,8.97E-06,2.04803E+11,1.13E-05,4.55E-06,2.128137519,0.049468232,0.090158113,0.090158113
-105.9303193,0.023131748,14753826540,9.73E-06,34382693525,7.44E-06,2.02205E+11,1.11E-05,1.67E-06,2.458362696,0.157627317,0.236750022,0.236750022
-74.02015021,0.026524813,5025084688,9.83E-06,14821402157,9.50E-06,1.91329E+11,1.10E-05,2.20E-06,2.479291773,0.112963158,0.169824345,0.169824345
-37.89437132,0.030421588,10030955167,8.52E-06,26932872108,7.09E-06,1.93958E+11,1.27E-05,3.60E-05,2.702715186,0.078094969,0.07485689,0.078094969
-37.07036,0.035597601,5158682642,1.06E-05,28950360152,6.70E-06,1.90605E+11,1.26E-05,4.73E-06,2.11890791,0.073537844,0.090049246,0.090049246
-30.00281919,0.027376892,7890034096,9.13E-06,23406600569,9.18E-06,1.91932E+11,1.15E-05,2.84E-05,0.986822838,0.052234493,0.063816659,0.063816659
-104.0278511,0.028246327,14119891477,1.08E-05,16879267002,1.07E-05,1.97227E+11,1.15E-05,4.80E-06,1.946703645,0.16840606,0.261855737,0.261855737
-79.8427188,0.034656916,15970684289,8.72E-06,19229675069,5.18E-06,1.94837E+11,1.16E-05,1.49E-06,2.249135499,0.150530639,0.159176224,0.159176224
-46.37404925,0.037927614,7864024406,1.18E-05,38859690732,5.73E-06,1.92365E+11,1.12E-05,7.16E-06,1.871981133,0.077207491,0.124612582,0.124612582
-21.15844009,0.027466583,5649709491,8.79E-06,19218904921,1.01E-05,2.05566E+11,1.16E-05,3.30E-05,0.699152416,0.038402026,0.043596943,0.043596943
-62.82763712,0.034491896,16985403714,8.85E-06,19619099182,8.97E-06,2.08214E+11,1.24E-05,2.22E-05,2.486695009,0.127821406,0.130938811,0.130938811
-66.84298504,0.03734777,12438444131,9.26E-06,14092242525,1.04E-05,2.04455E+11,1.06E-05,4.03E-05,0.646678255,0.114464383,0.145675073,0.145675073
-94.13008868,0.032053405,9007259340,9.57E-06,38656002176,8.81E-06,2.01744E+11,1.30E-05,1.66E-05,2.681773628,0.195470519,0.210451206,0.210451206
-99.44784513,0.036372684,5031562826,1.06E-05,12774124343,1.03E-05,1.96891E+11,1.10E-05,6.73E-06,2.062137594,0.165901674,0.247754031,0.247754031
-27.99774829,0.027708216,7850578627,8.84E-06,22648894538,8.52E-06,1.91541E+11,1.16E-05,5.66E-06,0.503898085,0.051399438,0.057044666,0.057044666
-39.2026354,0.034336463,18312850447,8.12E-06,28544495760,7.66E-06,1.90796E+11,1.22E-05,8.47E-06,0.682543036,0.081951454,0.073942156,0.081951454
-74.23887166,0.024556244,12132561258,8.31E-06,17364803078,1.07E-05,1.96852E+11,1.06E-05,1.77E-05,0.61782219,0.117440578,0.14547437,0.14547437
-80.23902053,0.025311515,13875817971,8.50E-06,12656677245,8.03E-06,2.0558E+11,1.29E-05,3.31E-06,2.494341871,0.161581867,0.158876591,0.161581867
-26.64029369,0.027161444,11767869436,1.02E-05,36438477612,5.25E-06,1.90081E+11,1.21E-05,4.28E-06,0.94895993,0.047489445,0.061451574,0.061451574
-64.55107132,0.020744907,17586187932,1.30E-05,27891236397,5.95E-06,2.05377E+11,1.06E-05,4.70E-06,0.854814297,0.06826046,0.178759314,0.178759314
-104.86031,0.028991064,14775684876,9.58E-06,19345819871,9.93E-06,2.04872E+11,1.26E-05,6.96E-06,1.104949963,0.206790346,0.234851926,0.234851926
-20.42284581,0.039838071,14574691934,9.74E-06,13952809706,1.01E-05,2.05365E+11,1.19E-05,1.05E-05,1.007357751,0.040445489,0.046826749,0.046826749
-86.01802103,0.022407123,8839985512,1.25E-05,13272611599,1.10E-05,1.96523E+11,1.25E-05,4.21E-05,1.304846116,0.131644911,0.248517515,0.248517515
-51.47267871,0.02596096,5132664285,8.83E-06,20441541608,6.62E-06,2.03886E+11,1.26E-05,2.18E-06,0.9837852,0.101827279,0.103885687,0.103885687
-40.45859889,0.023355886,12538797882,9.05E-06,25988996360,9.40E-06,1.97827E+11,1.24E-05,4.56E-06,2.433626034,0.073705642,0.085748937,0.085748937
-83.17802997,0.021693682,7304173640,8.59E-06,36868500956,9.79E-06,2.05468E+11,1.16E-05,5.42E-06,0.667770652,0.142648324,0.166516755,0.166516755
-51.56785209,0.033177623,5183812941,9.19E-06,23831617230,5.86E-06,1.91628E+11,1.27E-05,4.13E-05,1.491435528,0.107211554,0.108427906,0.108427906
-102.2945176,0.038727072,7392423252,1.27E-05,19980219542,6.65E-06,1.97811E+11,1.06E-05,1.12E-05,1.041532001,0.154263953,0.295146514,0.295146514
-57.18392235,0.021180928,5428888389,1.16E-05,11334565302,1.10E-05,2.04471E+11,1.29E-05,2.93E-05,1.405956596,0.094796932,0.154130581,0.154130581
-70.55145762,0.034316441,9870561384,1.27E-05,20885517832,5.44E-06,1.97146E+11,1.05E-05,2.42E-06,1.66804147,0.098117642,0.202252315,0.202252315
-106.5260034,0.027924216,12612120849,8.15E-06,21916344975,8.24E-06,1.90591E+11,1.11E-05,1.74E-05,2.3651749,0.183329033,0.203539699,0.203539699
-118.3434809,0.021728485,13868415384,9.05E-06,14877019787,1.04E-05,1.98452E+11,1.12E-05,3.77E-06,0.895890968,0.187863509,0.25079779,0.25079779
-97.15784464,0.027416894,17274510738,1.18E-05,11523088385,9.94E-06,1.93453E+11,1.06E-05,4.38E-05,1.46027791,0.129354644,0.264756567,0.264756567
-55.0604317,0.039292372,8103731246,1.03E-05,10659955362,9.88E-06,1.9712E+11,1.15E-05,1.14E-05,2.346330681,0.101051065,0.133347413,0.133347413
-43.12570962,0.025657464,19478050537,1.18E-05,23175843874,1.10E-05,1.91339E+11,1.08E-05,1.57E-06,0.733923609,0.058655868,0.117853789,0.117853789
-95.50859771,0.028328363,7641212336,1.17E-05,25901576057,1.10E-05,2.01627E+11,1.07E-05,4.76E-05,2.330581555,0.130779208,0.259984726,0.259984726
-90.13604476,0.026272236,12989724122,1.06E-05,22474486388,1.06E-05,1.99122E+11,1.08E-05,4.48E-05,1.952341808,0.128492904,0.223226743,0.223226743
-36.0800045,0.039293501,13673457754,9.17E-06,38358939125,9.42E-06,1.94295E+11,1.24E-05,4.84E-05,0.915233221,0.07625211,0.077725927,0.077725927
-77.94285044,0.031363112,6204992667,1.02E-05,33140969227,9.38E-06,1.93611E+11,1.19E-05,1.23E-06,1.004978318,0.141569883,0.185482924,0.185482924
-109.5078486,0.027312992,7015438743,1.26E-05,10083109782,7.60E-06,1.94028E+11,1.08E-05,3.33E-06,2.002196677,0.139917958,0.315173221,0.315173221
-37.07282634,0.027066501,7397447002,1.14E-05,10771780403,1.10E-05,2.00156E+11,1.17E-05,1.41E-05,0.584894142,0.060741583,0.098000443,0.098000443
-31.59987164,0.034899883,15102681089,8.85E-06,34647018967,9.35E-06,1.9226E+11,1.14E-05,3.36E-05,0.798574384,0.058993956,0.065596638,0.065596638
-36.31286182,0.028079795,10660470600,8.42E-06,33195110547,8.82E-06,1.955E+11,1.29E-05,3.03E-06,2.079025079,0.075978181,0.071790076,0.075978181
-83.04379885,0.02895427,18827384915,9.43E-06,15909828035,8.73E-06,2.00406E+11,1.08E-05,6.89E-06,0.591820978,0.134705548,0.180564916,0.180564916
-87.76358937,0.025239996,6096135884,1.30E-05,13531797792,1.04E-05,2.06981E+11,1.27E-05,4.39E-05,0.962110603,0.145386188,0.260863934,0.260863934
-94.49779782,0.039090511,6287281672,9.94E-06,18958661086,9.61E-06,1.9266E+11,1.25E-05,6.51E-06,2.158207159,0.195553523,0.220881957,0.220881957
-107.126151,0.029296585,13969260969,9.70E-06,22309441966,5.58E-06,1.92563E+11,1.26E-05,1.94E-05,1.265777085,0.208982607,0.235819497,0.235819497
-115.0218874,0.024718164,10097350927,8.79E-06,23739566186,7.22E-06,2.05027E+11,1.19E-05,1.79E-06,0.641173526,0.21227555,0.230890135,0.230890135
-108.5745145,0.030031502,10521292183,8.39E-06,19941984567,8.31E-06,2.05649E+11,1.10E-05,6.12E-06,0.543285817,0.193429124,0.210690014,0.210690014
-54.75096524,0.029543269,5771908185,9.99E-06,28039428993,8.46E-06,2.05022E+11,1.21E-05,3.37E-05,0.580561628,0.10280801,0.125463038,0.125463038
-36.74424764,0.021256974,12355460365,1.24E-05,13526577426,7.48E-06,1.90314E+11,1.18E-05,1.94E-06,1.014817213,0.050640744,0.102669966,0.102669966
-90.60835446,0.033411241,5792413024,1.15E-05,15161823298,6.81E-06,1.91726E+11,1.18E-05,5.09E-06,0.532229069,0.163194957,0.234470666,0.234470666
-84.13859368,0.029449278,10875367526,1.13E-05,15694500591,1.08E-05,1.9117E+11,1.12E-05,1.50E-05,1.722562835,0.12790022,0.222130447,0.222130447
-115.2362368,0.023757185,16178004727,8.03E-06,16036845801,7.32E-06,2.01302E+11,1.23E-05,1.26E-06,1.151235942,0.223460824,0.213773169,0.223460824
-58.41288764,0.032548235,5173470671,1.28E-05,30417090106,9.50E-06,1.99164E+11,1.26E-05,1.20E-06,0.740998257,0.106920736,0.171039486,0.171039486
-71.50376813,0.025100347,14541145152,8.05E-06,33941224237,8.19E-06,2.01224E+11,1.09E-05,5.69E-06,1.023866053,0.118936864,0.134045632,0.134045632
-81.96536618,0.030341709,5861002505,1.15E-05,18083696551,1.10E-05,1.97167E+11,1.23E-05,3.06E-05,1.367066909,0.146564927,0.219685958,0.219685958
-30.639377,0.026831759,9749919610,1.21E-05,16677825060,1.10E-05,1.96863E+11,1.07E-05,3.17E-05,2.149446257,0.039326621,0.086080338,0.086080338
-65.87151126,0.038034764,19657968162,1.05E-05,38901673880,6.66E-06,2.0729E+11,1.12E-05,9.00E-06,0.561608739,0.117612308,0.157440907,0.157440907
-104.3190678,0.029162856,10824869199,1.29E-05,12142528087,1.10E-05,1.99692E+11,1.26E-05,4.31E-06,0.624525657,0.185180325,0.308255262,0.308255262
-85.38415223,0.032886789,5449906612,8.80E-06,10349057156,9.85E-06,2.09825E+11,1.20E-05,1.32E-05,2.817626112,0.165201506,0.177928915,0.177928915
-66.08587822,0.023685603,9075269186,1.08E-05,30585829742,6.58E-06,1.99775E+11,1.14E-05,1.21E-06,2.974801005,0.097015354,0.161652165,0.161652165
-62.40059859,0.033163894,8658206611,8.54E-06,38451457900,8.11E-06,1.94446E+11,1.24E-05,2.08E-05,2.376694691,0.127268586,0.124710075,0.127268586
-111.9259326,0.036700461,15993953202,1.30E-05,26220452536,1.10E-05,1.93896E+11,1.12E-05,3.67E-06,0.723434386,0.17971574,0.336394117,0.336394117
-103.519478,0.034325634,7387906176,9.64E-06,10935491396,9.23E-06,1.91191E+11,1.10E-05,5.04E-06,2.145057503,0.175869229,0.233790184,0.233790184
-100.2516132,0.029660059,15848647501,1.00E-05,30727276670,9.78E-06,1.99824E+11,1.12E-05,4.93E-06,0.521242703,0.170644497,0.231875569,0.231875569
-94.95402742,0.030439143,12457939640,1.19E-05,18664007579,6.98E-06,2.09549E+11,1.25E-05,4.26E-05,1.765894758,0.169042124,0.257537815,0.257537815
-57.02390687,0.023463049,6858485823,1.27E-05,11215876486,1.06E-05,1.95534E+11,1.21E-05,2.83E-05,2.787908938,0.082553567,0.166884142,0.166884142
-90.37917694,0.021813658,6986557968,9.88E-06,32330789819,5.49E-06,1.94372E+11,1.13E-05,3.02E-06,2.606405996,0.134156735,0.201840157,0.201840157
-106.3472296,0.039324538,7454278849,1.11E-05,25111039462,1.05E-05,2.06292E+11,1.24E-05,4.10E-06,1.218027139,0.21239823,0.276743956,0.276743956
-66.53029301,0.032212137,5777056565,8.59E-06,34580795794,8.52E-06,2.01089E+11,1.14E-05,1.43E-06,2.527676821,0.120593754,0.134193922,0.134193922
-33.43580709,0.038446594,5849656825,8.41E-06,10032721227,1.08E-05,1.92389E+11,1.29E-05,1.43E-05,2.825969382,0.074265502,0.067508856,0.074265502
-70.96627682,0.021832433,10144646009,9.31E-06,15816408550,9.14E-06,2.0535E+11,1.16E-05,1.82E-05,1.654907132,0.114111751,0.153611942,0.153611942
-85.09908957,0.025041577,5480874343,1.24E-05,17711213857,1.10E-05,1.9886E+11,1.16E-05,3.12E-06,1.231758623,0.122010074,0.244249457,0.244249457
-107.6940482,0.02370363,7303504252,8.16E-06,29450074625,8.23E-06,1.98707E+11,1.20E-05,1.47E-05,1.542902659,0.197946577,0.204839549,0.204839549
-65.84081793,0.021361902,6579167031,9.88E-06,11252715313,9.84E-06,1.91859E+11,1.28E-05,1.06E-06,1.246102015,0.11900305,0.1510483,0.1510483
-109.7924991,0.037904133,15445660739,1.16E-05,10837649974,9.29E-06,2.03775E+11,1.07E-05,1.68E-06,2.662630928,0.169737919,0.296552642,0.296552642
-26.09652022,0.020006959,19002157844,1.29E-05,30902147822,1.06E-05,2.00515E+11,1.26E-05,2.27E-05,1.275053867,0.037614797,0.077321035,0.077321035
-39.41133455,0.024468308,8366952642,1.29E-05,19360669007,5.79E-06,1.96036E+11,1.09E-05,2.65E-06,0.860910011,0.049307748,0.113354517,0.113354517
-57.52876484,0.027085582,7623350817,1.27E-05,22149154316,1.01E-05,1.91123E+11,1.09E-05,1.07E-05,0.688983778,0.077717014,0.16720512,0.16720512
-83.72208529,0.037117451,6829093222,1.13E-05,17990031650,8.48E-06,1.92036E+11,1.27E-05,2.11E-06,1.30037879,0.167990583,0.218208675,0.218208675
-76.2478359,0.035581778,8492074648,8.24E-06,22138087857,7.89E-06,1.92188E+11,1.07E-05,3.85E-06,2.89081937,0.132106597,0.147530408,0.147530408
-89.50031078,0.024883685,19386638102,8.65E-06,16167224080,1.04E-05,1.96158E+11,1.07E-05,1.75E-06,1.071661065,0.140554888,0.182530049,0.182530049
-27.8504057,0.026293041,5273410211,9.15E-06,34357487517,9.38E-06,2.02821E+11,1.23E-05,1.96E-05,2.888598769,0.05170926,0.059721725,0.059721725
-80.84771055,0.028722303,5358318849,1.25E-05,33885911298,1.10E-05,1.948E+11,1.07E-05,6.21E-06,0.539949607,0.112611296,0.232019688,0.232019688
-68.24713549,0.03460627,5202427935,9.35E-06,38671772993,1.09E-05,2.01808E+11,1.07E-05,4.01E-05,0.716832446,0.114763546,0.150468878,0.150468878
-112.5618688,0.02142064,5929967983,1.01E-05,12469601212,9.92E-06,1.97754E+11,1.26E-05,5.22E-06,0.835977025,0.199310064,0.263961604,0.263961604
-35.5876073,0.031740061,8612490421,9.78E-06,15278248350,6.65E-06,2.09536E+11,1.17E-05,1.80E-06,2.64282468,0.063306186,0.079953241,0.079953241
-29.99237302,0.039335911,19895579811,1.11E-05,12815987552,6.69E-06,1.92979E+11,1.27E-05,4.22E-05,2.46148495,0.060999338,0.07621511,0.07621511
-88.25991365,0.028480881,5484233314,1.10E-05,26587768164,5.81E-06,1.93468E+11,1.10E-05,1.38E-06,0.73563927,0.136216759,0.2180486,0.2180486
-83.34081797,0.029638731,7730519564,8.52E-06,34617635375,7.03E-06,1.91878E+11,1.24E-05,3.12E-06,0.547494668,0.170736683,0.162418787,0.170736683
-49.16354005,0.03352661,10685911540,8.05E-06,20012171239,8.48E-06,2.00665E+11,1.30E-05,1.51E-05,0.866890984,0.10997101,0.092708678,0.10997101
-83.27537963,0.039019915,8824055029,1.12E-05,35212874770,7.43E-06,2.00972E+11,1.05E-05,1.51E-06,2.719494246,0.129734201,0.215211042,0.215211042
-57.25478109,0.032851258,9666296799,1.07E-05,22580026474,7.63E-06,2.08086E+11,1.25E-05,2.09E-05,1.891959883,0.109979811,0.14143321,0.14143321
-55.56098168,0.038665735,11791429260,1.29E-05,21909373916,6.44E-06,1.93441E+11,1.21E-05,1.33E-06,1.512428267,0.10008433,0.162506009,0.162506009
-66.43135126,0.021742872,5251693200,1.21E-05,10161472992,9.04E-06,1.93284E+11,1.22E-05,1.04E-05,2.948671512,0.097474347,0.184320025,0.184320025
-40.38374504,0.029119795,13270897501,1.26E-05,21838605536,6.39E-06,2.00236E+11,1.15E-05,5.03E-06,2.182955887,0.059989047,0.115032464,0.115032464
-21.50764541,0.026731896,11925489338,9.73E-06,29566119746,9.74E-06,2.04233E+11,1.24E-05,4.88E-06,2.89944907,0.039421737,0.049016648,0.049016648
-32.8894917,0.028708371,12845849103,1.05E-05,10210062726,8.97E-06,2.06941E+11,1.26E-05,1.48E-06,1.750017539,0.06127203,0.080005607,0.080005607
-86.99003265,0.038994414,6611951590,9.77E-06,22427591444,1.01E-05,1.98552E+11,1.22E-05,2.12E-05,1.336254364,0.174989498,0.200257462,0.200257462
-89.41313924,0.028931369,17113972453,1.29E-05,35605506882,1.10E-05,1.92946E+11,1.18E-05,1.61E-06,1.033927223,0.139404015,0.266849605,0.266849605
-87.7362165,0.039991164,5402243319,1.12E-05,24717491230,1.10E-05,2.08005E+11,1.29E-05,1.50E-06,0.711307194,0.18746338,0.229321844,0.229321844
-75.29057408,0.027637284,5936260365,1.04E-05,18992591379,5.74E-06,2.00101E+11,1.25E-05,4.85E-05,0.738254469,0.141786809,0.17643565,0.17643565
-51.2123735,0.022318144,8662381295,1.14E-05,10046130456,5.40E-06,1.9383E+11,1.09E-05,6.10E-06,2.804868487,0.064983398,0.131667437,0.131667437
-96.28582692,0.032430706,9664021131,9.49E-06,16365832787,1.03E-05,1.96044E+11,1.09E-05,2.27E-06,0.890104725,0.162445869,0.214413222,0.214413222
-114.3527719,0.028722113,13141141362,8.21E-06,20393767668,9.21E-06,1.9601E+11,1.23E-05,5.72E-06,2.626811637,0.226562272,0.221790006,0.226562272
-57.54280018,0.026891351,17791862047,9.24E-06,13111871488,8.78E-06,2.09379E+11,1.22E-05,4.01E-05,1.320687838,0.107111462,0.123662487,0.123662487
-38.650853,0.033028904,6355523489,1.23E-05,13683888772,1.08E-05,2.07167E+11,1.21E-05,2.38E-06,2.421815877,0.065935362,0.110649183,0.110649183
-59.17316104,0.038969853,7928867892,8.86E-06,24727045987,5.58E-06,2.08005E+11,1.21E-05,1.34E-06,0.649522491,0.123050973,0.119505477,0.123050973
-97.59533316,0.024070397,10419185348,8.50E-06,20341733104,7.82E-06,2.01872E+11,1.18E-05,3.92E-06,1.39595139,0.174950304,0.192187219,0.192187219
-60.14792019,0.023999149,18616159502,1.13E-05,20300683475,5.24E-06,1.99431E+11,1.08E-05,4.01E-06,1.909664117,0.078715461,0.152256244,0.152256244
-20.50743054,0.024241696,16341785670,8.01E-06,22221114136,1.07E-05,2.03645E+11,1.15E-05,3.26E-05,1.013952579,0.036399174,0.039068074,0.039068074
-83.39555467,0.031052556,7806701459,1.28E-05,33810612529,7.35E-06,2.08852E+11,1.17E-05,1.11E-05,1.879751031,0.129167625,0.2439205,0.2439205
-115.3410365,0.032897675,5530134816,1.09E-05,16523002061,7.14E-06,2.02593E+11,1.16E-05,1.68E-06,1.258790036,0.198029345,0.287696753,0.287696753
-50.31575569,0.035149223,8450586687,9.38E-06,24984208597,8.99E-06,1.90668E+11,1.10E-05,9.89E-06,0.67975692,0.089020902,0.109806949,0.109806949
-40.5862709,0.028436728,11053206230,1.13E-05,30050250541,1.03E-05,1.94707E+11,1.10E-05,1.26E-05,0.57030453,0.062002957,0.106009786,0.106009786
-43.32827694,0.037277398,5369272716,1.25E-05,34340861285,7.46E-06,2.00769E+11,1.09E-05,4.58E-06,1.630237269,0.066891461,0.123711015,0.123711015
-38.25168704,0.023275206,5523083184,1.25E-05,10938029135,7.43E-06,1.91904E+11,1.24E-05,6.20E-06,1.387461487,0.059302485,0.1079049,0.1079049
-60.60367647,0.035234159,6912742305,1.21E-05,12176557270,5.25E-06,1.99918E+11,1.16E-05,1.42E-05,2.323528617,0.101626822,0.165862431,0.165862431
-94.95775658,0.030360187,10455565320,8.56E-06,12362812451,8.43E-06,2.02751E+11,1.28E-05,2.06E-06,0.830990167,0.201440634,0.189097567,0.201440634
-71.63245059,0.038996524,6559037691,8.52E-06,13377970733,8.27E-06,1.96561E+11,1.23E-05,2.48E-06,1.209278319,0.151928948,0.143027815,0.151928948
-78.19079153,0.02574623,8430986733,1.10E-05,31242557207,1.10E-05,1.9082E+11,1.21E-05,1.74E-06,0.798539868,0.132347997,0.200173923,0.200173923
-56.83161347,0.022741219,7030319736,9.70E-06,11245268573,9.57E-06,1.98774E+11,1.22E-05,5.82E-06,0.844425943,0.099722037,0.127620599,0.127620599
-40.06064966,0.02015453,17772129195,1.14E-05,27543118900,7.83E-06,1.91919E+11,1.24E-05,1.60E-05,1.131216339,0.06298245,0.103475424,0.103475424
-65.27565267,0.032301366,7371845348,1.02E-05,16905511446,1.05E-05,2.04598E+11,1.29E-05,2.06E-06,1.145144089,0.133282573,0.155715382,0.155715382
-83.20339078,0.031628931,9434775896,8.14E-06,24473897115,9.62E-06,1.9395E+11,1.14E-05,1.01E-05,2.906121084,0.151850202,0.161035227,0.161035227
-70.88643817,0.035649346,5029641914,1.23E-05,17968061929,1.10E-05,1.92606E+11,1.09E-05,1.02E-05,1.834440641,0.107724907,0.203537234,0.203537234
-117.199202,0.026424525,6407959100,9.06E-06,31585395622,9.03E-06,2.0727E+11,1.18E-05,2.57E-05,1.894654466,0.206796479,0.24815663,0.24815663
-84.39935029,0.021913505,6826041469,1.01E-05,22265336560,1.01E-05,2.04781E+11,1.30E-05,2.78E-05,0.957407923,0.157548694,0.196705049,0.196705049
-67.62104685,0.03174552,14685754837,9.53E-06,32587984727,5.77E-06,2.01507E+11,1.29E-05,1.63E-05,1.350282565,0.139930935,0.146822662,0.146822662
-78.93440831,0.024063771,11815110559,8.47E-06,17397471976,8.16E-06,2.03609E+11,1.23E-05,1.10E-06,2.274042097,0.147304909,0.155767082,0.155767082
-104.8186471,0.024179361,7768144002,1.12E-05,13731505769,1.02E-05,1.9108E+11,1.30E-05,1.97E-05,0.851101312,0.192402206,0.271538203,0.271538203
-116.8939999,0.031251169,16771857808,1.08E-05,23520379203,9.60E-06,2.02938E+11,1.08E-05,9.40E-06,1.241944148,0.178141538,0.294376813,0.294376813
-46.41374903,0.033149637,9606411990,8.60E-06,14933447271,9.08E-06,2.01679E+11,1.13E-05,3.03E-06,0.944392144,0.084555282,0.093658644,0.093658644
-46.56939697,0.022930956,6215060440,1.10E-05,18614778318,1.10E-05,1.98656E+11,1.23E-05,1.91E-05,1.621388955,0.075710681,0.119384841,0.119384841
-46.5932801,0.03491499,6259226136,9.41E-06,10984267368,6.31E-06,2.00662E+11,1.21E-05,3.78E-05,2.058669199,0.090893787,0.100816662,0.100816662
-103.0159566,0.032704373,7462416086,1.13E-05,17481434678,9.40E-06,1.92029E+11,1.28E-05,1.32E-05,2.212069439,0.1998919,0.270153826,0.270153826
-64.53457226,0.030788438,6518071039,1.20E-05,24619533972,6.31E-06,1.97298E+11,1.10E-05,1.93E-06,0.545474386,0.098126755,0.17418566,0.17418566
-75.12398463,0.027501394,10254410997,1.20E-05,25182418516,9.24E-06,2.08156E+11,1.24E-05,1.31E-05,0.700929503,0.130026596,0.206735642,0.206735642
-25.11303828,0.02474357,7555129762,9.70E-06,36194783467,8.75E-06,1.97111E+11,1.08E-05,1.06E-05,0.930020207,0.03753198,0.056206548,0.056206548
-39.72787967,0.036966313,8217043923,1.18E-05,33999220471,8.59E-06,1.95957E+11,1.15E-05,1.43E-05,0.524212571,0.070272244,0.107012543,0.107012543
-38.17547732,0.026691238,11339776633,1.01E-05,11110960474,9.10E-06,2.03276E+11,1.13E-05,9.50E-06,0.576593153,0.0631863,0.088245643,0.088245643
-108.7709632,0.031306788,14072684392,1.26E-05,24257083425,6.07E-06,1.92548E+11,1.25E-05,8.45E-06,0.567838373,0.198177001,0.308260719,0.308260719
-103.7327022,0.039551091,19365222701,1.16E-05,30150339840,7.98E-06,1.92825E+11,1.29E-05,1.51E-05,0.6210525,0.21902869,0.276295054,0.276295054
-37.34310014,0.021161943,10114844866,1.22E-05,15922913945,6.36E-06,2.0303E+11,1.20E-05,4.11E-06,0.969984319,0.053453336,0.102023056,0.102023056
-102.3248574,0.023361947,5473093063,1.13E-05,12897898375,1.10E-05,2.02875E+11,1.06E-05,3.77E-06,2.805072154,0.126644607,0.269593041,0.269593041
-33.86667197,0.024544629,9192231361,1.28E-05,10704777967,6.30E-06,2.07392E+11,1.30E-05,3.65E-06,2.819280569,0.056043721,0.097458706,0.097458706
-20.48157339,0.031840564,6438116619,8.99E-06,27123324069,8.96E-06,2.05741E+11,1.12E-05,7.94E-06,2.538115249,0.035477339,0.043228546,0.043228546
-21.00775134,0.024862871,12760333728,1.06E-05,12981163521,6.90E-06,1.91474E+11,1.24E-05,7.66E-06,1.73865846,0.036616193,0.050830668,0.050830668
-95.62259518,0.025531269,17758439444,1.26E-05,17300448350,7.53E-06,1.90192E+11,1.21E-05,2.64E-06,2.226786861,0.146297556,0.272999611,0.272999611
-34.06866361,0.031518971,13810008668,1.22E-05,19141004686,1.10E-05,2.09193E+11,1.06E-05,2.11E-05,0.593573943,0.049370447,0.095842177,0.095842177
-42.5609994,0.021526041,16362773302,1.22E-05,17513908430,1.10E-05,1.98431E+11,1.17E-05,1.07E-05,0.863176544,0.059765578,0.119565142,0.119565142
-66.83244802,0.033762481,15250634150,1.12E-05,23204276506,1.08E-05,1.95359E+11,1.17E-05,5.11E-06,2.998765933,0.113946904,0.176257374,0.176257374
-109.1650184,0.028799589,10876302181,9.88E-06,18037890710,7.78E-06,2.09679E+11,1.15E-05,1.89E-05,1.364744685,0.184642407,0.248288593,0.248288593
-105.1669181,0.02219324,17642640206,9.32E-06,23149295306,6.15E-06,2.00289E+11,1.15E-05,4.94E-05,2.764380264,0.167065279,0.223381507,0.223381507
-56.63744515,0.024052665,16159516366,1.21E-05,36745336462,1.00E-05,1.97836E+11,1.25E-05,1.08E-05,1.661146449,0.091467544,0.158268666,0.158268666
-57.96830836,0.034874895,8765991735,8.84E-06,10980832398,7.59E-06,2.08221E+11,1.13E-05,2.89E-05,1.239718754,0.106562254,0.118963746,0.118963746
-117.125044,0.039236841,6291687835,9.59E-06,31316441192,5.35E-06,2.0583E+11,1.13E-05,8.14E-06,1.227749649,0.217449317,0.256185839,0.256185839
-67.27761235,0.033620276,10502677255,1.05E-05,14851348198,7.29E-06,1.93749E+11,1.17E-05,6.24E-06,2.457082397,0.118568715,0.162168243,0.162168243
-81.01649644,0.02647,8366169972,8.45E-06,23664141898,8.29E-06,2.03962E+11,1.08E-05,1.42E-05,0.835672895,0.132755459,0.158772458,0.158772458
-54.28338816,0.020736855,5358840046,1.00E-05,26665330600,5.82E-06,1.98414E+11,1.08E-05,2.23E-06,0.987363641,0.073920157,0.12236144,0.12236144
-33.18868559,0.027863138,13396477506,1.02E-05,31396595928,9.64E-06,2.09455E+11,1.24E-05,1.48E-05,1.866685566,0.060915144,0.078794648,0.078794648
-56.80764711,0.032664145,5592344063,8.48E-06,22831299343,1.06E-05,2.01594E+11,1.18E-05,9.01E-06,0.588290765,0.111086947,0.113756025,0.113756025
-83.1924856,0.031599004,6410452344,1.03E-05,37632389863,9.80E-06,1.92445E+11,1.06E-05,2.39E-05,1.665472223,0.127164502,0.200211442,0.200211442
-78.96346742,0.028477052,6767699787,1.26E-05,24225618666,6.75E-06,1.93428E+11,1.12E-05,3.56E-06,1.33023201,0.111613725,0.225140304,0.225140304
-68.86899723,0.032892291,5550106863,8.89E-06,30131856619,5.77E-06,2.01831E+11,1.06E-05,1.15E-05,0.60215224,0.115392778,0.139076772,0.139076772
-51.96572701,0.020098486,9043481704,8.76E-06,24018937844,9.20E-06,2.09158E+11,1.16E-05,3.21E-06,1.070575026,0.085194008,0.105895446,0.105895446
-38.32914616,0.029724656,8432416002,1.24E-05,30937761654,1.07E-05,2.00817E+11,1.28E-05,5.47E-06,0.664596344,0.071064056,0.109721417,0.109721417
-65.53138771,0.037192216,13226157019,8.12E-06,17555776311,1.01E-05,1.98465E+11,1.09E-05,1.74E-05,0.78226515,0.120109429,0.126366378,0.126366378
-82.94659054,0.03361292,7796565558,1.26E-05,16256440815,6.22E-06,1.92305E+11,1.08E-05,3.44E-06,1.515069704,0.120707475,0.236052128,0.236052128
-113.19213,0.038708898,5891693787,8.82E-06,13431141023,8.60E-06,1.91296E+11,1.22E-05,5.98E-06,0.78306222,0.238182647,0.233090462,0.238182647
-118.595665,0.03105802,8703722512,1.15E-05,16882275618,5.65E-06,2.08253E+11,1.23E-05,1.46E-06,1.168929718,0.212520222,0.308168897,0.308168897
-77.79404889,0.020071083,13589568034,1.21E-05,21216195073,7.02E-06,2.09361E+11,1.21E-05,4.78E-05,2.510621634,0.109259315,0.212173279,0.212173279
-39.00901534,0.035913544,7360566373,1.13E-05,19957704458,7.03E-06,1.92283E+11,1.19E-05,1.51E-05,0.777692661,0.071190759,0.100772691,0.100772691
-50.40380852,0.030887778,13931950327,9.19E-06,29839826852,8.73E-06,2.01716E+11,1.13E-05,8.03E-06,2.697874098,0.086895351,0.108396397,0.108396397
-24.01335638,0.026647282,5233328537,9.35E-06,14192163187,6.11E-06,2.09031E+11,1.25E-05,5.70E-06,0.988946888,0.046040884,0.051065654,0.051065654
-58.6270648,0.038144733,8678196550,1.18E-05,28065985441,1.10E-05,2.02136E+11,1.06E-05,3.46E-05,2.712055093,0.088906238,0.162595952,0.162595952
-22.84792562,0.031879649,19775657428,1.15E-05,13621289807,1.10E-05,1.98953E+11,1.09E-05,1.58E-06,0.868475881,0.034982145,0.060952154,0.060952154
-69.33617118,0.028373517,7883409304,8.91E-06,20574361663,5.42E-06,2.09173E+11,1.15E-05,2.87E-05,1.251881059,0.123156253,0.140406027,0.140406027
-64.74951672,0.037843281,17685490171,9.44E-06,29073239653,9.86E-06,1.97684E+11,1.16E-05,7.01E-06,1.691014114,0.121703613,0.144218025,0.144218025
-119.7666702,0.039628275,5642195895,9.25E-06,13734493154,9.42E-06,2.02794E+11,1.17E-05,4.97E-05,0.938672453,0.236229742,0.260155951,0.260155951
-32.54409929,0.029650391,5855501805,1.27E-05,12964177909,9.34E-06,2.09183E+11,1.27E-05,6.00E-06,0.632082911,0.058612494,0.093961463,0.093961463
-26.1820228,0.038326133,12569417486,9.51E-06,18422398515,1.01E-05,2.07134E+11,1.12E-05,2.41E-06,0.856923255,0.047918043,0.058575926,0.058575926
-35.50095798,0.039393118,6058752461,8.66E-06,16488895726,1.01E-05,2.073E+11,1.16E-05,5.54E-06,2.582446417,0.068814145,0.073321366,0.073321366
-38.11151845,0.034872975,5787367726,9.43E-06,13753736504,7.93E-06,2.02132E+11,1.12E-05,1.50E-05,0.633233584,0.068520617,0.08289082,0.08289082
-89.43910348,0.024214537,5467949209,1.24E-05,13336979315,1.01E-05,2.08869E+11,1.11E-05,3.74E-06,0.817585955,0.119838889,0.254163678,0.254163678
-71.82489021,0.021196423,11536232734,1.05E-05,11319193932,1.06E-05,2.00681E+11,1.07E-05,2.59E-06,2.624830414,0.091700481,0.176555269,0.176555269
-56.83953508,0.025441274,7058656284,9.85E-06,16230706733,8.74E-06,1.9411E+11,1.06E-05,1.49E-06,1.407387155,0.081968029,0.129527308,0.129527308
-68.78016839,0.031382041,6883669661,1.09E-05,19849312745,6.34E-06,1.94754E+11,1.12E-05,1.47E-05,2.838277507,0.109030373,0.17117515,0.17117515
-61.07802738,0.027389941,6631928185,1.16E-05,11255345709,6.13E-06,1.95872E+11,1.15E-05,2.88E-05,1.626550176,0.093209965,0.160856257,0.160856257
-46.9239559,0.021938032,6159422946,1.19E-05,33844976272,9.50E-06,2.09743E+11,1.08E-05,1.49E-06,1.914533902,0.056513594,0.128229495,0.128229495
-95.03745816,0.035371407,15926509427,1.06E-05,18565019092,5.70E-06,1.99578E+11,1.29E-05,2.17E-05,1.672799984,0.195265603,0.2291807,0.2291807
-20.4500645,0.033285818,16689644393,8.62E-06,19674644818,1.08E-05,2.06638E+11,1.21E-05,1.33E-05,2.116254337,0.040383931,0.042130119,0.042130119
-43.76540206,0.023646352,12549822251,1.14E-05,37797711570,1.10E-05,1.98491E+11,1.16E-05,2.88E-06,2.600703884,0.063933512,0.116416642,0.116416642
-61.71516556,0.030757502,10509936774,8.64E-06,36391376079,8.28E-06,1.9518E+11,1.29E-05,9.34E-06,2.103298864,0.129647639,0.124597699,0.129647639
-34.59777772,0.037512791,8134860358,1.20E-05,33344152531,8.78E-06,1.95241E+11,1.29E-05,2.79E-06,0.832574938,0.070576646,0.095450605,0.095450605
-107.2702847,0.029336028,9598193022,1.24E-05,13636332675,5.85E-06,2.0102E+11,1.25E-05,2.25E-06,0.728182543,0.189953205,0.299447232,0.299447232
-108.7768093,0.039803506,18804045660,1.11E-05,37207392660,8.67E-06,1.93971E+11,1.26E-05,1.50E-05,0.526459491,0.228727114,0.276500523,0.276500523
-61.01426022,0.022605047,6349724549,8.98E-06,31435436632,1.04E-05,2.09246E+11,1.15E-05,3.44E-05,0.842064926,0.101965125,0.128436292,0.128436292
-90.42362332,0.022276719,8120964982,8.77E-06,20225266960,6.21E-06,1.9076E+11,1.11E-05,1.70E-05,2.398793584,0.141105535,0.181304399,0.181304399
-32.58626586,0.037594084,5268976429,9.49E-06,18321870876,1.01E-05,2.01209E+11,1.11E-05,1.95E-06,1.420485774,0.058303851,0.073004771,0.073004771
-84.94215958,0.02803161,16116179609,8.98E-06,13101539118,5.56E-06,2.08054E+11,1.16E-05,1.06E-06,0.737774658,0.152610701,0.172549016,0.172549016
-67.31520874,0.028489907,6508048129,9.09E-06,15193615905,1.10E-05,1.90595E+11,1.13E-05,4.37E-06,1.719547168,0.114327223,0.145124685,0.145124685
-115.1639121,0.033254271,18592722870,8.02E-06,18087896016,5.51E-06,2.07065E+11,1.27E-05,1.55E-05,1.063599562,0.250895935,0.211517312,0.250895935
-37.74139639,0.023567106,11109011827,1.15E-05,21964586664,5.53E-06,1.97951E+11,1.18E-05,4.90E-05,2.423442625,0.056051066,0.09794191,0.09794191
-92.17431101,0.030145606,14454587597,1.09E-05,25077320045,1.10E-05,2.04662E+11,1.18E-05,1.83E-06,0.502072854,0.164422603,0.23229486,0.23229486
-22.86819338,0.029851615,12999865353,8.64E-06,15033395743,8.37E-06,2.01993E+11,1.16E-05,1.52E-05,2.894480727,0.041606307,0.046238827,0.046238827
-79.80893174,0.024921924,17991220510,8.27E-06,22056786419,8.04E-06,2.09366E+11,1.13E-05,1.30E-05,0.828189378,0.138649029,0.15287304,0.15287304
-103.9115042,0.037506207,7527153700,1.14E-05,31805923544,1.06E-05,1.9355E+11,1.20E-05,1.04E-06,1.425960468,0.193943378,0.276299918,0.276299918
-80.87014915,0.022788783,5472314473,1.10E-05,20846497027,5.05E-06,1.92111E+11,1.24E-05,3.51E-06,0.58476634,0.140110855,0.197338375,0.197338375
-56.04112035,0.030477445,5501779004,1.28E-05,26300910768,1.02E-05,1.93327E+11,1.10E-05,7.17E-06,0.736080334,0.080423492,0.164851085,0.164851085
-47.21270407,0.027139298,9519555423,9.37E-06,10620094392,9.33E-06,1.95804E+11,1.18E-05,1.21E-06,1.929756102,0.08304379,0.103459045,0.103459045
-30.57230824,0.020151557,17519411848,1.03E-05,15622581990,1.07E-05,1.90964E+11,1.23E-05,3.34E-05,0.985379952,0.05014926,0.073086359,0.073086359
-105.094776,0.03369094,13193005626,1.18E-05,34038268858,8.89E-06,1.99567E+11,1.06E-05,4.53E-06,1.685193131,0.153702824,0.28615606,0.28615606
-98.05464528,0.024594824,6072563408,8.92E-06,18286755527,6.59E-06,1.99331E+11,1.15E-05,2.82E-06,0.897397251,0.167578988,0.199552241,0.199552241
-114.9067272,0.039167286,8295564391,1.04E-05,17318094996,5.87E-06,2.07755E+11,1.19E-05,5.15E-06,0.789688215,0.223977343,0.271259534,0.271259534
-39.49461595,0.028758723,5314930528,1.05E-05,24843379306,6.98E-06,1.9105E+11,1.20E-05,1.02E-05,0.571743608,0.071385912,0.094222921,0.094222921
-28.25818816,0.039092013,10998034456,9.63E-06,22277644408,7.64E-06,2.01824E+11,1.25E-05,1.26E-05,2.775438133,0.05895454,0.063315278,0.063315278
-22.50262742,0.035172086,7659835690,1.13E-05,17355475289,8.15E-06,1.91303E+11,1.17E-05,1.42E-06,0.569550186,0.040731981,0.057864732,0.057864732
-28.96548387,0.035965272,7747309364,9.09E-06,38861300311,7.70E-06,2.0859E+11,1.28E-05,1.07E-05,0.641592042,0.062758195,0.060800207,0.062758195
-110.1479069,0.038008552,5114673485,1.28E-05,31268938914,8.65E-06,1.94786E+11,1.18E-05,9.66E-06,0.659103582,0.195915643,0.32270115,0.32270115
-97.19609977,0.026901484,16401250159,1.29E-05,10888202138,7.01E-06,2.07635E+11,1.17E-05,4.36E-06,1.645425962,0.140642613,0.284588863,0.284588863
-51.36458249,0.034605474,12471874776,8.07E-06,37494234636,6.52E-06,2.09655E+11,1.15E-05,3.09E-05,2.653527142,0.09804499,0.096287478,0.09804499
-44.65478961,0.022372395,14401537020,1.08E-05,31040176785,9.83E-06,2.08273E+11,1.19E-05,1.92E-06,0.725043199,0.071305324,0.111309165,0.111309165
-92.6280316,0.028579721,7985608586,1.12E-05,10783106169,5.55E-06,2.0436E+11,1.18E-05,4.77E-06,0.896304169,0.15499159,0.234186662,0.234186662
-25.20083432,0.032816016,8505134732,9.04E-06,23214686810,8.55E-06,1.91394E+11,1.10E-05,4.48E-06,0.548306075,0.044626739,0.052712296,0.052712296
-73.98712726,0.022589287,9333966073,9.61E-06,29649074106,5.24E-06,2.01761E+11,1.08E-05,6.45E-06,0.691186267,0.109684944,0.15932057,0.15932057
-62.022517,0.020903915,9844445559,1.11E-05,13040398777,6.18E-06,2.00387E+11,1.09E-05,2.21E-06,2.251669794,0.078678058,0.156004731,0.156004731
-99.98785326,0.021956211,10842567918,9.61E-06,11305305301,9.28E-06,1.97115E+11,1.25E-05,4.10E-05,1.088409763,0.180913516,0.222480279,0.222480279
-37.61220061,0.022622287,6704489873,9.42E-06,14171553571,9.00E-06,2.06144E+11,1.17E-05,6.03E-06,0.578641453,0.063594893,0.081505785,0.081505785
-35.62674561,0.033527994,16230923281,1.30E-05,27846929101,9.72E-06,2.06455E+11,1.18E-05,1.58E-06,0.976301604,0.058773667,0.106281949,0.106281949
-80.94602595,0.030410931,16811992262,1.01E-05,31076183839,1.00E-05,2.04997E+11,1.12E-05,5.25E-06,2.247336665,0.132097358,0.191548538,0.191548538
-70.91319474,0.020431145,10580239784,1.28E-05,14652165676,1.06E-05,1.90514E+11,1.05E-05,1.55E-06,2.210609844,0.071663407,0.200471669,0.200471669
-61.66761022,0.023295804,18112419133,1.07E-05,38725606871,7.63E-06,1.97034E+11,1.26E-05,1.40E-06,1.662884073,0.107754274,0.150630032,0.150630032
-112.6747476,0.030639021,15941860709,9.11E-06,18880233142,6.39E-06,2.03504E+11,1.19E-05,1.39E-05,1.470639,0.210417949,0.23548406,0.23548406
-47.49285676,0.039556927,9496474877,9.30E-06,15487418012,6.04E-06,1.90435E+11,1.21E-05,3.35E-06,1.924491373,0.095920402,0.101710247,0.101710247
-106.9060892,0.020891066,6092112775,1.10E-05,37073657825,5.56E-06,2.02164E+11,1.28E-05,1.20E-06,2.672049265,0.179090753,0.265538076,0.265538076
-113.6472585,0.031850649,13257495044,1.00E-05,29273028027,8.83E-06,2.01376E+11,1.18E-05,1.29E-06,0.65291577,0.210555548,0.263140966,0.263140966
-105.5532386,0.031081057,6006082512,1.07E-05,17633181818,9.13E-06,1.93996E+11,1.20E-05,1.96E-05,0.557176553,0.195460584,0.260316415,0.260316415
-101.7984442,0.022145909,15224362786,1.21E-05,37006906981,1.10E-05,2.02932E+11,1.24E-05,1.39E-06,1.624015242,0.155968327,0.284208571,0.284208571
-97.69180274,0.02247878,14209108407,1.00E-05,24428094348,9.99E-06,1.9892E+11,1.26E-05,6.60E-06,2.846452779,0.172909124,0.228578025,0.228578025
-59.61455805,0.024161932,6580562679,9.56E-06,16755670820,5.61E-06,1.90406E+11,1.07E-05,6.09E-06,2.501495004,0.086294588,0.129325607,0.129325607
-53.83475294,0.025474961,14186205234,1.11E-05,17947552132,8.03E-06,2.02629E+11,1.16E-05,2.81E-06,0.72423263,0.085758665,0.136256928,0.136256928
-103.9792642,0.023863932,12322372403,1.19E-05,31090891759,5.70E-06,2.09733E+11,1.18E-05,1.72E-05,0.644043684,0.159101059,0.275625873,0.275625873
-53.42894249,0.026975807,14375893540,9.50E-06,13829839760,5.17E-06,1.96596E+11,1.25E-05,4.08E-05,0.943281166,0.102755913,0.114510622,0.114510622
-73.20668867,0.020167869,10461971359,1.05E-05,13424616409,5.57E-06,1.9193E+11,1.24E-05,4.29E-06,2.809494392,0.117727747,0.173967664,0.173967664
-53.88489597,0.036991126,6325597917,1.02E-05,34793934367,5.11E-06,1.95279E+11,1.09E-05,4.25E-05,2.445695912,0.090131059,0.12475269,0.12475269
-108.769424,0.023407228,6477144869,9.03E-06,14604313047,8.94E-06,1.97971E+11,1.13E-05,2.03E-06,0.782329426,0.177941946,0.227363137,0.227363137
-82.83424093,0.023973752,5315833505,9.34E-06,12498775235,9.12E-06,2.07989E+11,1.16E-05,8.81E-06,1.658761998,0.137595596,0.180046592,0.180046592
-66.91295643,0.037445331,8309380455,9.04E-06,33031002168,9.10E-06,1.98176E+11,1.22E-05,7.71E-06,2.44827865,0.135673153,0.142470264,0.142470264
-24.74088335,0.022951162,12975760723,9.68E-06,31562984634,1.02E-05,1.90983E+11,1.13E-05,1.87E-05,0.956068799,0.038829273,0.0557787,0.0557787
-90.23875158,0.032907236,7814328907,1.25E-05,10752202900,1.10E-05,1.94277E+11,1.23E-05,4.96E-06,0.613574142,0.16377248,0.260189863,0.260189863
-37.15560225,0.038143552,15376227298,8.80E-06,19450771628,7.25E-06,2.07985E+11,1.25E-05,4.66E-05,2.472051882,0.0783259,0.076114287,0.0783259
-35.98411295,0.032533422,5697717038,1.08E-05,27632881096,1.10E-05,1.95527E+11,1.17E-05,1.35E-06,0.732950344,0.063762689,0.090925664,0.090925664
-48.55039219,0.033627851,18706615519,1.00E-05,17307693195,1.04E-05,2.02131E+11,1.21E-05,1.36E-05,2.12835556,0.091893397,0.114389392,0.114389392
-23.60420251,0.036297882,7259382252,8.14E-06,13940496778,1.02E-05,1.95915E+11,1.12E-05,2.92E-05,1.414276624,0.044086388,0.045856362,0.045856362
-27.92955274,0.03098079,9103940045,8.78E-06,17579892729,8.88E-06,1.98394E+11,1.15E-05,1.23E-06,1.290226415,0.050461735,0.05740884,0.05740884
-87.90694197,0.029324748,7602919867,1.09E-05,16388914204,1.06E-05,2.04637E+11,1.16E-05,9.69E-06,0.6981193,0.147686647,0.222388415,0.222388415
-63.66973562,0.021200644,5896827492,1.16E-05,28293130544,5.67E-06,1.9132E+11,1.09E-05,1.79E-05,1.562661205,0.079016913,0.165949479,0.165949479
-52.46455996,0.027940281,6964825635,1.17E-05,16106281139,9.97E-06,2.07593E+11,1.05E-05,2.58E-06,1.080379238,0.070740678,0.141337629,0.141337629
-94.64260234,0.033685618,17101572780,9.59E-06,13203884117,8.87E-06,2.0793E+11,1.10E-05,7.28E-06,2.54439857,0.158791212,0.212320423,0.212320423
-39.99602193,0.029483758,15117240926,1.22E-05,16826895552,9.64E-06,2.0112E+11,1.21E-05,1.09E-05,1.546917959,0.06650189,0.112714231,0.112714231
-116.9441757,0.030150852,13276770321,1.22E-05,14139660266,5.80E-06,1.99273E+11,1.06E-05,1.83E-05,0.581110534,0.165092632,0.318425402,0.318425402
-79.74834847,0.026627028,9939598648,9.72E-06,20533547991,9.26E-06,2.07895E+11,1.20E-05,5.46E-06,0.527585824,0.146863369,0.178466303,0.178466303
-66.49422136,0.024074983,5432325149,1.16E-05,20920584021,9.75E-06,1.97395E+11,1.06E-05,2.13E-05,1.236068443,0.083613839,0.176897806,0.176897806
-27.96714529,0.028584135,5111705028,9.47E-06,17451522782,8.47E-06,1.98308E+11,1.06E-05,2.14E-06,2.39445765,0.042153083,0.061598174,0.061598174
-38.08388212,0.037218072,11119375098,9.19E-06,17965602389,1.07E-05,1.9586E+11,1.07E-05,2.00E-06,0.960176499,0.06588016,0.082848384,0.082848384
-107.3130121,0.035639698,15217960739,8.29E-06,39427577411,9.71E-06,2.01783E+11,1.26E-05,1.38E-05,0.644791121,0.235837035,0.209512263,0.235837035
-88.59843281,0.027102566,15902855994,9.31E-06,16888910036,1.02E-05,1.97155E+11,1.26E-05,1.76E-06,1.852407278,0.170544654,0.194111382,0.194111382
-97.27521632,0.034982498,9539805286,1.03E-05,14605046154,1.10E-05,2.08359E+11,1.17E-05,1.08E-05,1.292380569,0.178005536,0.236556604,0.236556604
-73.3110568,0.022173863,5517079880,1.22E-05,12679250258,5.52E-06,2.00467E+11,1.23E-05,9.42E-06,1.961467766,0.109448045,0.200542708,0.200542708
-68.32982969,0.037579151,19463989748,9.40E-06,16532257474,9.05E-06,1.92851E+11,1.27E-05,1.66E-05,2.478133978,0.14415028,0.150886257,0.150886257
-43.07573872,0.026510121,18042498677,1.02E-05,26860001050,7.38E-06,1.90283E+11,1.22E-05,1.63E-06,0.542692539,0.078840864,0.09986713,0.09986713
-117.2897001,0.037374949,6008312620,1.01E-05,13781977792,1.00E-05,1.97311E+11,1.25E-05,1.36E-06,2.535478494,0.237155172,0.279171386,0.279171386
-75.3862896,0.028844155,16216638432,1.10E-05,21753224047,1.07E-05,1.90196E+11,1.27E-05,1.55E-06,2.471481124,0.140385638,0.193284077,0.193284077
-54.13283345,0.03875165,17391761892,1.11E-05,19612024745,6.01E-06,2.04094E+11,1.16E-05,1.32E-06,0.84005695,0.099382518,0.136435288,0.136435288
-54.64973766,0.027571886,8339732669,1.04E-05,17430085362,9.99E-06,2.09249E+11,1.22E-05,7.32E-06,1.988843128,0.09649634,0.132279979,0.132279979
-111.5316468,0.038583106,7128962142,9.09E-06,10674918095,5.89E-06,1.91101E+11,1.08E-05,1.14E-05,0.660831745,0.200398153,0.231242502,0.231242502
-97.05797039,0.025329115,6722449219,1.07E-05,23120785550,7.15E-06,2.03804E+11,1.24E-05,1.46E-06,2.579463076,0.169210359,0.236714099,0.236714099
-101.3800999,0.030109508,14300128133,1.07E-05,10050044302,8.21E-06,1.94648E+11,1.29E-05,1.59E-05,0.701303315,0.202204477,0.249061688,0.249061688
-58.12615161,0.032940392,11984567820,1.26E-05,13823999326,1.10E-05,2.06341E+11,1.14E-05,3.63E-05,0.965023275,0.091572465,0.169407102,0.169407102
-42.88336743,0.02568009,14162584291,1.29E-05,11821748773,6.47E-06,1.95142E+11,1.13E-05,1.10E-05,2.181571786,0.056827462,0.125361411,0.125361411
-74.60390918,0.026568144,16084997018,9.75E-06,16944331686,7.20E-06,2.02543E+11,1.13E-05,4.98E-06,0.5302206,0.12456104,0.165148535,0.165148535
-86.87719015,0.032535881,16604721545,1.11E-05,23589595854,6.39E-06,2.04058E+11,1.28E-05,7.04E-06,0.643387525,0.173728207,0.217759308,0.217759308
-77.39576236,0.024656487,8973835777,1.01E-05,13132439212,9.81E-06,2.07584E+11,1.13E-05,1.30E-06,2.367005509,0.119235324,0.182688624,0.182688624
-48.20373939,0.038707618,11091470305,1.01E-05,31821215004,6.55E-06,1.94602E+11,1.09E-05,3.85E-05,0.731396001,0.084348825,0.110883021,0.110883021
-105.0189992,0.031681472,9790762822,1.04E-05,33766619930,5.20E-06,1.95574E+11,1.13E-05,1.57E-05,0.811056611,0.177031099,0.247045439,0.247045439
-90.2885666,0.023405101,13694991636,1.25E-05,14412882292,6.22E-06,2.08316E+11,1.28E-05,3.63E-06,0.966786112,0.1491157,0.25305968,0.25305968
-79.52288425,0.034340065,11515852540,1.05E-05,10788921105,6.55E-06,1.97051E+11,1.11E-05,2.69E-05,1.781422204,0.131974349,0.190358087,0.190358087
-109.2557183,0.030212986,19275863240,1.05E-05,39707627971,6.39E-06,1.99657E+11,1.24E-05,5.44E-06,0.910613603,0.207402497,0.26001159,0.26001159
-103.4424345,0.031997994,15050042102,1.13E-05,30242641872,8.93E-06,2.00541E+11,1.08E-05,1.60E-05,0.769750184,0.159990616,0.268216295,0.268216295
-79.53935274,0.025801376,16071536881,9.61E-06,18280416928,1.01E-05,2.05988E+11,1.28E-05,2.33E-06,2.076148058,0.15349169,0.179251349,0.179251349
-24.42527521,0.033793825,6816268017,1.02E-05,13650267679,1.07E-05,2.04173E+11,1.16E-05,1.05E-06,2.668381034,0.043290415,0.058948878,0.058948878
-27.92647987,0.032874851,13974541621,1.28E-05,11844023169,7.70E-06,2.03418E+11,1.08E-05,4.32E-06,2.600206072,0.0387866,0.081793906,0.081793906
-118.7547037,0.021259561,11752855173,8.75E-06,36369532319,6.33E-06,2.02732E+11,1.10E-05,3.17E-06,0.840950141,0.18539832,0.23590296,0.23590296
-101.1932396,0.037988204,12941105117,1.16E-05,39265353508,1.09E-05,2.01082E+11,1.11E-05,2.53E-05,0.763821612,0.171294975,0.273923399,0.273923399
-44.67147121,0.035665619,14357181475,1.16E-05,17262623984,1.10E-05,1.92801E+11,1.19E-05,2.98E-06,1.456104526,0.079864478,0.120826868,0.120826868
-113.5003523,0.03511997,8811511726,8.62E-06,13871688606,8.58E-06,1.97191E+11,1.08E-05,3.71E-06,2.943970437,0.196603863,0.230297418,0.230297418
-87.08297119,0.031138491,7526378347,9.83E-06,17413833009,9.43E-06,2.05543E+11,1.22E-05,1.74E-06,0.872006902,0.166422162,0.199055636,0.199055636
-72.74723056,0.02675826,5741638740,1.11E-05,27978576684,7.61E-06,2.06644E+11,1.29E-05,2.55E-06,0.686300653,0.138435892,0.183707766,0.183707766
-40.60787223,0.024411119,5860717147,1.02E-05,39881655735,6.65E-06,2.09631E+11,1.21E-05,3.23E-06,1.388904931,0.068845591,0.094175167,0.094175167
-94.34551713,0.025403845,9352827235,1.23E-05,13036307406,7.63E-06,1.92352E+11,1.23E-05,4.23E-06,1.493799637,0.150767521,0.263302592,0.263302592
-85.73044476,0.034835126,5376577213,1.15E-05,12094071299,7.32E-06,2.02614E+11,1.28E-05,2.85E-05,2.700170943,0.168031092,0.227069161,0.227069161
-35.7891658,0.03367818,15725164364,1.11E-05,19309245243,7.67E-06,1.99291E+11,1.24E-05,8.54E-06,1.645836389,0.067068817,0.091640707,0.091640707
-114.2712748,0.02454518,14982791407,8.43E-06,39877161739,8.87E-06,1.9271E+11,1.19E-05,2.33E-06,2.626901291,0.206140225,0.226026912,0.226026912
-39.32929785,0.03461298,6450322259,8.60E-06,17355402660,8.60E-06,1.93027E+11,1.07E-05,6.03E-06,1.121147436,0.06753298,0.079264855,0.079264855
-40.02103875,0.028818799,16963970293,9.56E-06,12718859130,9.41E-06,1.95981E+11,1.30E-05,3.18E-05,1.896166515,0.081016616,0.089444251,0.089444251
-110.0313464,0.030300159,9324131172,9.62E-06,34062729059,9.75E-06,2.07357E+11,1.22E-05,3.36E-06,1.275379031,0.207985814,0.247663996,0.247663996
-116.9277168,0.024553271,17448371493,1.15E-05,34253109731,6.26E-06,2.00138E+11,1.26E-05,3.16E-05,0.814251162,0.204651033,0.3025612,0.3025612
-73.09681236,0.028987803,19327431054,8.02E-06,18264962530,7.32E-06,1.93652E+11,1.18E-05,3.58E-06,2.010665394,0.138375501,0.136421503,0.138375501
-111.0598114,0.032900554,11690493427,1.19E-05,12326650052,1.10E-05,1.98931E+11,1.26E-05,3.18E-06,2.451103826,0.206314189,0.309184044,0.309184044
-76.53941472,0.024195333,6866797010,1.04E-05,18974337600,6.50E-06,2.00147E+11,1.15E-05,1.89E-06,0.998590072,0.119798694,0.180469597,0.180469597
-36.84892206,0.021720913,9828379657,1.29E-05,12274443982,7.53E-06,2.0732E+11,1.11E-05,4.89E-06,1.144653411,0.043698025,0.107342096,0.107342096
-61.91030013,0.038211327,10156237698,1.10E-05,10293578926,6.42E-06,2.05387E+11,1.18E-05,4.56E-05,0.849775888,0.116280727,0.154868608,0.154868608
-78.18139021,0.02319493,12214218381,1.23E-05,24012661250,8.74E-06,1.96219E+11,1.14E-05,1.29E-06,1.595919978,0.103945381,0.21949214,0.21949214
-38.81759266,0.030677592,16521254632,9.18E-06,17972728499,7.97E-06,2.03723E+11,1.16E-05,4.80E-06,1.841199231,0.069572695,0.082793811,0.082793811
-117.8147333,0.032408051,13900877171,9.06E-06,15695360347,5.97E-06,2.02454E+11,1.29E-05,9.47E-06,0.611738366,0.255075832,0.242250459,0.255075832
-59.32220859,0.029705854,13127107633,9.01E-06,24933761750,8.08E-06,2.0954E+11,1.24E-05,1.05E-06,0.662922183,0.118455563,0.123297658,0.123297658
-85.27848832,0.039116556,8713555161,9.89E-06,35578363528,5.75E-06,1.95878E+11,1.12E-05,2.72E-06,1.24332111,0.154262319,0.19277119,0.19277119
-38.15255651,0.032628829,5864770326,8.94E-06,21953128783,6.89E-06,2.03324E+11,1.09E-05,1.79E-05,2.47278974,0.064451237,0.078910491,0.078910491
-78.6476879,0.029094657,8002936175,8.03E-06,25749361345,8.66E-06,2.04797E+11,1.23E-05,6.81E-06,0.635751922,0.161424087,0.14720413,0.161424087
-28.8668932,0.021345821,10740573477,1.12E-05,29424199382,7.61E-06,1.96445E+11,1.19E-05,1.87E-05,0.803634198,0.043856663,0.072974191,0.072974191
-78.90058347,0.037676129,10960693294,1.27E-05,17780019833,1.10E-05,2.07673E+11,1.24E-05,1.04E-06,0.959699695,0.149047529,0.233211656,0.233211656
-96.40042677,0.032237146,8789964687,1.30E-05,35952595361,8.06E-06,2.08282E+11,1.25E-05,3.50E-06,1.598535043,0.169023047,0.286093423,0.286093423
-99.3927402,0.033714019,6819223891,1.27E-05,13634185582,5.08E-06,1.98006E+11,1.14E-05,2.09E-05,1.18058408,0.157398519,0.284378259,0.284378259
-55.23336995,0.035287243,8113039639,1.11E-05,21547964468,1.04E-05,2.01576E+11,1.28E-05,1.06E-05,1.856316574,0.110491388,0.143918197,0.143918197
-69.4723973,0.027384161,6567871425,1.01E-05,36402040260,8.30E-06,1.91246E+11,1.08E-05,3.48E-05,0.674085053,0.106546047,0.161006929,0.161006929
-32.80439604,0.021496651,14793481154,8.65E-06,13542849789,8.31E-06,2.01135E+11,1.13E-05,3.75E-05,1.172409569,0.053274639,0.065748601,0.065748601
-31.29331517,0.021929862,5388122069,1.29E-05,28195417129,7.58E-06,2.0393E+11,1.21E-05,5.33E-06,0.804050715,0.045138218,0.090819778,0.090819778
-79.97720775,0.026537006,6497571579,1.04E-05,15294256781,5.02E-06,2.0413E+11,1.07E-05,1.38E-05,2.232060622,0.113548117,0.186802323,0.186802323
-109.7210389,0.029399719,16327917511,1.28E-05,27248450920,8.38E-06,2.06549E+11,1.21E-05,3.68E-06,1.129465001,0.17909245,0.320202552,0.320202552
-56.97009619,0.022962999,8900839952,1.11E-05,12288928995,7.80E-06,1.97477E+11,1.20E-05,3.31E-06,1.755838759,0.088179747,0.14472921,0.14472921
-73.79403623,0.036778292,12592833550,8.07E-06,12173485630,1.04E-05,2.01399E+11,1.20E-05,3.55E-06,1.602120326,0.150699788,0.142517513,0.150699788
-49.93738584,0.021002333,8045399182,1.11E-05,16821408124,1.10E-05,2.04028E+11,1.26E-05,1.48E-05,0.614924723,0.084742939,0.128094128,0.128094128
-43.62835468,0.02684478,5628970112,9.09E-06,13309880733,7.22E-06,2.06871E+11,1.21E-05,2.08E-06,1.092635753,0.080988952,0.091127636,0.091127636
-58.19436592,0.032485401,5281366612,9.47E-06,19850513479,1.06E-05,1.92812E+11,1.08E-05,1.00E-05,1.657768445,0.094975984,0.13024848,0.13024848
-50.14841376,0.020335831,8666641324,9.71E-06,18730964687,1.06E-05,1.91403E+11,1.18E-05,2.10E-05,0.947112128,0.080875593,0.113538014,0.113538014
-44.06231583,0.02166229,6303657027,1.06E-05,14544773712,1.04E-05,2.07297E+11,1.16E-05,5.10E-06,0.929950143,0.066454497,0.107924735,0.107924735
-92.89291171,0.035183796,16152459471,1.14E-05,11713971946,1.10E-05,1.92358E+11,1.27E-05,2.82E-06,1.085464011,0.183815143,0.247378682,0.247378682
-98.48863384,0.030079619,11070986498,8.80E-06,10020290605,8.92E-06,1.91036E+11,1.22E-05,4.35E-05,0.569803708,0.196599407,0.200987842,0.200987842
-75.89021479,0.039661106,8317753076,1.20E-05,12361968588,8.41E-06,1.99245E+11,1.30E-05,1.73E-06,2.541643027,0.154837222,0.210780521,0.210780521
-64.77480866,0.035205145,5984734068,8.38E-06,12636123088,9.48E-06,1.99298E+11,1.27E-05,2.30E-05,1.525932315,0.140139095,0.128520695,0.140139095
-88.62775503,0.036786172,7148416450,1.15E-05,32311209455,7.86E-06,1.92453E+11,1.19E-05,1.08E-06,1.409357631,0.161298914,0.233748561,0.233748561
-85.35152285,0.029228612,12017985403,9.23E-06,15382619925,7.50E-06,1.91481E+11,1.22E-05,2.68E-05,1.545131227,0.161621134,0.181925263,0.181925263
-61.47201015,0.021789725,9580268191,1.06E-05,11418924868,9.13E-06,1.97812E+11,1.27E-05,2.11E-05,2.040993614,0.105567296,0.150650697,0.150650697
-54.57991053,0.023382511,18342849622,8.67E-06,20583577637,6.78E-06,2.08587E+11,1.16E-05,3.64E-05,1.752262194,0.092726491,0.108601039,0.108601039
-46.63223754,0.036335363,7207070696,1.25E-05,11178507462,8.90E-06,2.08374E+11,1.06E-05,6.33E-06,1.699309543,0.067747666,0.134192763,0.134192763
-44.76062782,0.03780958,13125308263,1.10E-05,17554731815,1.10E-05,1.91224E+11,1.25E-05,4.40E-06,2.258456323,0.088350991,0.115978401,0.115978401
-59.26220953,0.025818206,14834341344,8.83E-06,33677351441,9.21E-06,2.01477E+11,1.11E-05,6.10E-06,0.83943536,0.098581782,0.121856785,0.121856785
-105.5170896,0.025586453,15973086495,1.30E-05,11674042528,6.67E-06,2.04853E+11,1.16E-05,1.33E-05,1.332180694,0.14903783,0.308345049,0.308345049
-37.08744923,0.025463156,5146634153,8.92E-06,27181986812,8.27E-06,1.90866E+11,1.16E-05,2.68E-05,2.290555028,0.063779325,0.076932887,0.076932887
-92.06842837,0.024186695,6959391787,1.09E-05,39210979317,1.10E-05,2.00031E+11,1.28E-05,1.24E-05,1.165587492,0.166034238,0.233941396,0.233941396
-119.4862893,0.023585755,19122494060,1.07E-05,20597233408,8.92E-06,2.09224E+11,1.05E-05,2.13E-06,1.983794343,0.154803131,0.294181675,0.294181675
-21.61593024,0.02170057,7551027945,1.02E-05,10457049545,9.85E-06,2.06067E+11,1.13E-05,1.51E-06,1.190744951,0.032012413,0.05129767,0.05129767
-51.62572045,0.037254364,13205900617,8.34E-06,35869839249,7.05E-06,1.91156E+11,1.18E-05,1.18E-06,1.369363093,0.103417261,0.10007029,0.103417261
-85.97387617,0.025082276,16867974808,1.25E-05,13613610569,7.25E-06,2.02882E+11,1.14E-05,4.07E-05,1.194557165,0.11992193,0.242783591,0.242783591
-37.64062189,0.026256761,9398603479,8.13E-06,11602959200,6.76E-06,2.0156E+11,1.11E-05,2.11E-06,1.012641837,0.064626271,0.07038221,0.07038221
-40.71247628,0.026633212,15349848249,9.54E-06,27072835014,7.68E-06,1.90792E+11,1.08E-05,1.18E-06,1.635141017,0.06244673,0.089516016,0.089516016
-26.13709931,0.026801461,8629278591,1.13E-05,38901091370,1.10E-05,2.05698E+11,1.16E-05,2.33E-05,2.72211027,0.040574864,0.068796434,0.068796434
-47.32925567,0.028086302,7306597529,1.21E-05,22835390605,1.10E-05,1.99776E+11,1.30E-05,8.97E-06,2.978135321,0.085462634,0.13308766,0.13308766
-72.2635244,0.024728394,9794674762,1.12E-05,14714904493,6.18E-06,2.04191E+11,1.29E-05,1.93E-05,1.709471653,0.128552692,0.183672222,0.183672222
-119.6950537,0.022124043,10347659560,9.18E-06,19428904373,7.34E-06,1.94319E+11,1.09E-05,1.73E-05,1.041977786,0.179432705,0.251406928,0.251406928
-82.75141458,0.030171409,12899310881,9.38E-06,10746156738,7.19E-06,1.97343E+11,1.20E-05,3.03E-05,0.519057458,0.158290469,0.176954147,0.176954147
-76.7227438,0.030415021,19212621301,9.37E-06,18339918488,9.01E-06,1.98497E+11,1.22E-05,3.22E-05,2.731572551,0.145123557,0.168202081,0.168202081
-72.82248403,0.022071811,6895607571,8.58E-06,28315551178,9.51E-06,2.00679E+11,1.10E-05,7.53E-06,2.379824213,0.112066696,0.146807883,0.146807883
-76.88748647,0.025141853,7474921167,1.08E-05,24028611046,6.27E-06,2.0782E+11,1.16E-05,3.99E-05,1.885928834,0.119614687,0.18774223,0.18774223
-21.12332279,0.02598819,12525129635,9.60E-06,31092316711,9.10E-06,2.0733E+11,1.15E-05,4.68E-06,0.906274958,0.035427321,0.046975817,0.046975817
-45.25286095,0.034914411,17529763946,1.18E-05,31645350365,1.10E-05,1.93769E+11,1.16E-05,3.63E-06,0.617108037,0.078424546,0.124232851,0.124232851
-53.75632297,0.033603574,5543472087,1.20E-05,21000690865,1.10E-05,1.94094E+11,1.24E-05,2.39E-06,0.681697909,0.100097952,0.148963767,0.148963767
-82.71663524,0.03251484,10535810049,8.94E-06,13413071215,5.05E-06,2.05083E+11,1.06E-05,2.59E-06,1.28720522,0.135166176,0.168104648,0.168104648
-71.58423649,0.027042065,5554516003,8.68E-06,28566433768,8.74E-06,2.09447E+11,1.25E-05,1.57E-06,1.180113044,0.142047332,0.144858374,0.144858374
-30.59319852,0.029919197,12261285617,8.35E-06,11004560527,1.09E-05,2.04012E+11,1.18E-05,4.69E-05,1.367893512,0.05809391,0.060977667,0.060977667
-111.2540673,0.023562284,7477324066,1.07E-05,32826945400,8.83E-06,2.08759E+11,1.13E-05,2.28E-06,1.467051035,0.163369584,0.274115196,0.274115196
-52.41353996,0.030946826,11593033560,1.15E-05,17747569129,9.87E-06,1.95043E+11,1.08E-05,1.53E-05,0.562571927,0.07991685,0.138569737,0.138569737
-60.91643427,0.025167539,11353548120,1.07E-05,14807782386,9.05E-06,1.92627E+11,1.13E-05,4.16E-06,2.26879365,0.091559803,0.150644285,0.150644285
-66.40999659,0.025490497,12140678869,9.68E-06,28777027424,1.03E-05,1.92809E+11,1.25E-05,4.67E-05,2.987751096,0.121459626,0.151029356,0.151029356
-113.7789152,0.038598952,13504153211,1.29E-05,18824954076,6.73E-06,1.95283E+11,1.24E-05,6.13E-06,1.974861653,0.210565454,0.333758376,0.333758376
-29.20840923,0.024820893,8018785048,1.27E-05,10051686178,6.64E-06,1.9234E+11,1.18E-05,1.76E-05,0.859081827,0.04255224,0.083382162,0.083382162
-21.53208815,0.03252044,5388694347,9.86E-06,18603834933,6.80E-06,1.99544E+11,1.21E-05,1.28E-06,0.713300005,0.041381132,0.048470043,0.048470043
-87.68011111,0.035495799,10928915515,1.26E-05,24974176844,1.09E-05,2.07412E+11,1.17E-05,2.26E-06,2.468976472,0.145521015,0.258217236,0.258217236
-67.09204849,0.029890324,6539483691,9.81E-06,12518973780,7.40E-06,2.00282E+11,1.26E-05,1.86E-06,1.093225334,0.132414812,0.151182501,0.151182501
-23.76214662,0.028175223,13314981892,1.15E-05,36838878192,6.62E-06,2.00688E+11,1.10E-05,2.79E-05,1.015092143,0.034827355,0.062115447,0.062115447
-24.37523231,0.03775728,12823377323,9.59E-06,14744456936,8.45E-06,2.03193E+11,1.08E-05,6.63E-06,1.298990937,0.041841773,0.054495489,0.054495489
-106.3264406,0.026868806,5165174274,1.03E-05,16707918773,5.47E-06,1.9688E+11,1.23E-05,1.34E-06,0.554076951,0.198105909,0.244487704,0.244487704
-27.34719082,0.022236863,19129588137,8.06E-06,10004467921,8.36E-06,1.98333E+11,1.30E-05,1.99E-06,0.507318923,0.057000259,0.050837502,0.057000259
-60.04613201,0.028332273,8522584507,1.13E-05,10022631448,5.47E-06,2.02525E+11,1.16E-05,3.85E-05,1.288957402,0.096509238,0.152282383,0.152282383
-61.47333939,0.027592748,11058361859,8.18E-06,10745114929,7.79E-06,1.97377E+11,1.10E-05,1.44E-05,1.037363301,0.104696476,0.116807805,0.116807805
-105.0503288,0.023097584,13316274066,9.96E-06,32362582116,8.12E-06,1.95629E+11,1.07E-05,3.25E-05,2.017414487,0.146188276,0.240906001,0.240906001
-59.56531231,0.039265268,7773635769,1.22E-05,22350121500,1.10E-05,2.03532E+11,1.14E-05,3.69E-05,1.496052847,0.101260709,0.170293647,0.170293647
-62.20163381,0.023571616,11831426738,1.00E-05,24453978141,9.79E-06,1.92563E+11,1.19E-05,4.68E-05,1.128734732,0.10374421,0.144458064,0.144458064
-93.58334514,0.029747083,17417031454,1.14E-05,21564397912,7.49E-06,1.94058E+11,1.30E-05,2.26E-06,2.144211527,0.178284031,0.244161642,0.244161642
-31.9721264,0.035811273,6273594499,1.06E-05,22689572398,8.12E-06,2.05692E+11,1.11E-05,1.83E-06,2.215945534,0.053430139,0.078202077,0.078202077
-43.85447743,0.027803473,6203485686,1.26E-05,32677939757,1.10E-05,2.07969E+11,1.30E-05,2.03E-05,1.713233048,0.077673045,0.128415035,0.128415035
-41.26369803,0.028247873,18058882681,1.22E-05,29277741049,6.72E-06,1.95753E+11,1.05E-05,1.33E-05,1.529442629,0.053658332,0.113747162,0.113747162
-100.0739401,0.036346473,17322272194,8.72E-06,39891902623,7.16E-06,1.93701E+11,1.12E-05,1.04E-06,2.958864754,0.181124191,0.203156047,0.203156047
-102.2530645,0.036941415,6402334811,1.19E-05,29131528149,6.94E-06,2.00075E+11,1.10E-05,1.35E-06,0.858610416,0.166860318,0.277977881,0.277977881
-36.34891516,0.035349185,8396429709,1.17E-05,13900600720,6.49E-06,1.98438E+11,1.18E-05,8.81E-06,2.102801633,0.063430825,0.097330475,0.097330475
-44.15382413,0.021637236,16574504961,8.17E-06,35501251416,1.05E-05,2.0638E+11,1.15E-05,1.27E-05,1.244003586,0.074780479,0.085476188,0.085476188
-81.36113168,0.024791026,9276115054,9.67E-06,11922083450,9.59E-06,1.95144E+11,1.26E-05,4.18E-06,0.503090457,0.156541789,0.181208701,0.181208701
-119.4461353,0.03400333,6800313833,9.81E-06,16124915049,7.14E-06,1.98847E+11,1.29E-05,1.32E-06,1.41241412,0.249348267,0.269800642,0.269800642
-82.36505725,0.033406092,17562977656,8.72E-06,36359468434,8.81E-06,2.08089E+11,1.21E-05,2.50E-06,1.811995969,0.162975394,0.168687342,0.168687342
-98.63931489,0.022195376,5152846970,1.25E-05,32064411514,1.10E-05,1.91998E+11,1.07E-05,3.01E-05,0.666205555,0.118546976,0.282086387,0.282086387
-87.64238961,0.024911997,14378293195,9.83E-06,34829408698,9.60E-06,2.06299E+11,1.10E-05,4.92E-05,1.867867614,0.131472469,0.200770066,0.200770066
-99.78199106,0.024305233,8310371785,1.23E-05,12513329647,1.10E-05,2.03888E+11,1.13E-05,1.42E-06,2.011692171,0.134211985,0.285313336,0.285313336
-61.71126678,0.027132804,5670436239,8.36E-06,30291222586,7.55E-06,2.08136E+11,1.28E-05,1.99E-05,2.725917606,0.126495036,0.119953389,0.126495036
-72.68553891,0.024633939,14443428975,9.05E-06,17892579425,8.65E-06,1.91632E+11,1.13E-05,1.52E-05,1.097745208,0.120201667,0.152624306,0.152624306
-80.03048924,0.020047032,15889167649,1.12E-05,28288162288,1.09E-05,1.93226E+11,1.05E-05,1.72E-05,0.58933893,0.098517309,0.20551979,0.20551979
-32.63365577,0.036329016,7519822296,1.13E-05,38526843673,8.90E-06,2.03813E+11,1.14E-05,1.73E-05,0.599957361,0.057495363,0.084789585,0.084789585
-113.9138765,0.028501835,16375755706,9.84E-06,11784296039,9.45E-06,2.07383E+11,1.06E-05,5.18E-06,0.683346173,0.176417073,0.259624928,0.259624928
-53.37937896,0.021318765,11402292596,8.36E-06,16390100438,1.05E-05,1.91713E+11,1.17E-05,1.98E-05,1.874553472,0.091107298,0.105764911,0.105764911
-23.87418408,0.027250825,12337534028,1.02E-05,21009513255,9.53E-06,2.04348E+11,1.19E-05,1.17E-06,0.877370116,0.04149178,0.056207266,0.056207266
-28.63574015,0.021320276,7220288093,9.12E-06,10694375860,9.18E-06,2.03874E+11,1.14E-05,5.74E-06,0.676840163,0.046143394,0.060325933,0.060325933
-88.86780764,0.020118299,13715561064,1.14E-05,11071503399,9.83E-06,2.02886E+11,1.10E-05,3.95E-05,0.834121824,0.113200954,0.233064203,0.233064203
-34.01496943,0.034122369,12195327570,9.59E-06,11091932800,9.36E-06,1.92862E+11,1.29E-05,1.01E-06,0.918370053,0.072286799,0.076143039,0.076143039
-98.50271053,0.038918788,6547596761,8.15E-06,39305660773,8.09E-06,2.01892E+11,1.15E-05,3.39E-06,1.776931661,0.193861796,0.188948585,0.193861796
-53.90416964,0.0286905,12868929231,1.26E-05,28898551448,5.98E-06,2.08553E+11,1.29E-05,3.33E-06,2.530614223,0.095018418,0.153347902,0.153347902
-72.87492414,0.02276959,14533600366,9.60E-06,22620425167,7.95E-06,2.06886E+11,1.06E-05,3.13E-06,2.713666434,0.100540999,0.161353291,0.161353291
-97.52968409,0.026486778,16383750734,1.15E-05,12078435852,7.03E-06,2.01078E+11,1.08E-05,3.73E-06,1.0207195,0.135476218,0.253655614,0.253655614
-115.0691308,0.035004889,6139275523,1.09E-05,11964002795,5.43E-06,2.02723E+11,1.30E-05,2.16E-06,0.703718374,0.241271047,0.282626352,0.282626352
-72.72647799,0.029561194,8627978621,1.11E-05,37803806815,8.07E-06,1.9972E+11,1.07E-05,1.55E-06,2.497019262,0.104652299,0.186374518,0.186374518
-57.78924477,0.025884853,5688809522,1.26E-05,12128799925,9.31E-06,2.0587E+11,1.16E-05,3.45E-06,0.584155515,0.08700848,0.165330538,0.165330538
-38.59681661,0.031304362,16711041809,1.20E-05,27735946827,1.10E-05,1.98119E+11,1.16E-05,1.95E-06,0.550338154,0.064502929,0.10679659,0.10679659
-56.13760132,0.023224947,7840101400,1.12E-05,19593624858,1.10E-05,1.98441E+11,1.26E-05,2.35E-06,1.44256268,0.095145333,0.146453249,0.146453249
-99.8927859,0.020918912,11626272100,8.35E-06,15843001648,8.48E-06,2.08717E+11,1.15E-05,2.21E-05,1.472457355,0.166544659,0.193982385,0.193982385
-105.4774255,0.026184583,15066180382,9.82E-06,31619874575,9.96E-06,1.96818E+11,1.09E-05,1.07E-06,1.245167498,0.162124573,0.241632732,0.241632732
-87.68711098,0.03872003,7388008506,1.06E-05,18873742087,1.10E-05,1.91692E+11,1.09E-05,9.70E-06,0.942085503,0.14969397,0.218724521,0.218724521
-42.6892747,0.036330528,18784773756,9.15E-06,21159469557,8.94E-06,1.94955E+11,1.29E-05,7.63E-06,0.854200809,0.093205772,0.091193921,0.093205772
-100.4008835,0.020200486,7491059181,1.29E-05,25886047902,6.28E-06,2.04005E+11,1.22E-05,2.45E-06,1.142550848,0.137877032,0.289853278,0.289853278
-70.0613638,0.037232883,10085024011,1.05E-05,33361250194,1.07E-05,1.93912E+11,1.13E-05,1.04E-05,0.76455892,0.12462758,0.17151835,0.17151835
-65.02219042,0.030516751,9605133404,9.46E-06,21898266867,6.59E-06,1.96196E+11,1.21E-05,3.29E-05,1.487712279,0.122519139,0.14105868,0.14105868
-51.3185288,0.024640449,10475712260,1.27E-05,28096712915,1.10E-05,2.066E+11,1.27E-05,1.85E-06,0.904772255,0.085100539,0.150429755,0.150429755
-52.13623494,0.037950195,13052332352,8.76E-06,13812167232,9.24E-06,1.90899E+11,1.06E-05,2.01E-05,1.606883208,0.089959797,0.107797837,0.107797837
-84.06883848,0.020351664,7236537169,1.04E-05,34106862967,1.05E-05,2.01544E+11,1.10E-05,4.41E-05,2.467566381,0.111688662,0.204281114,0.204281114
-67.20523645,0.02276379,17005363540,8.61E-06,19167687522,8.71E-06,1.9983E+11,1.26E-05,2.99E-05,2.809394638,0.127075944,0.135146962,0.135146962
-97.91158195,0.022533014,18250274010,8.51E-06,17561699942,1.06E-05,1.97406E+11,1.25E-05,2.46E-06,1.714455517,0.185352419,0.197358021,0.197358021
-91.55609501,0.022499939,19664516481,1.11E-05,19900167656,1.07E-05,1.93025E+11,1.29E-05,1.29E-05,0.555698414,0.166234488,0.233424103,0.233424103
-89.1299236,0.028698203,5941440522,8.93E-06,38321703758,5.30E-06,1.90027E+11,1.29E-05,3.35E-06,0.693098831,0.186664317,0.179714491,0.186664317
-117.5332364,0.03076709,6161295789,1.05E-05,27950315901,5.54E-06,1.92896E+11,1.21E-05,2.44E-06,0.883137673,0.217127611,0.278071581,0.278071581
-56.20026409,0.028575426,10555975307,1.20E-05,22914564957,1.10E-05,2.0587E+11,1.14E-05,4.23E-05,0.559285571,0.088085356,0.155500831,0.155500831
-116.5565516,0.027936788,8554228469,1.01E-05,24046987258,8.26E-06,1.91985E+11,1.13E-05,2.13E-05,0.764645053,0.192127654,0.271124461,0.271124461
-45.23709188,0.037172341,16494434237,1.13E-05,31732745832,6.41E-06,2.04171E+11,1.22E-05,4.02E-06,1.258204204,0.085736219,0.116680126,0.116680126
-102.3531771,0.033176198,15276348467,1.09E-05,28518273487,1.10E-05,2.00511E+11,1.13E-05,8.09E-06,1.366697987,0.171271356,0.261205857,0.261205857
-55.19112422,0.022702558,9968606785,9.98E-06,17485209855,1.04E-05,1.99652E+11,1.16E-05,2.69E-05,0.728550368,0.089236343,0.127815341,0.127815341
-94.08227271,0.028065347,8759245262,8.95E-06,11790077201,9.06E-06,2.00405E+11,1.10E-05,1.25E-05,1.154206836,0.154958857,0.196679823,0.196679823
-88.00397714,0.030123345,16296247023,9.07E-06,34553007937,9.22E-06,1.99699E+11,1.16E-05,8.54E-06,1.280531407,0.158335317,0.186827977,0.186827977
-54.02420148,0.032447425,14509257177,1.22E-05,37781198233,9.36E-06,1.94352E+11,1.16E-05,1.13E-05,0.958172149,0.088558242,0.151808814,0.151808814
-102.5743166,0.027219597,18375812567,9.26E-06,21134250643,9.02E-06,1.90411E+11,1.10E-05,3.31E-05,1.229087017,0.165554304,0.221148031,0.221148031
-85.58602708,0.020052123,9841855617,8.53E-06,10104756572,9.00E-06,2.06678E+11,1.22E-05,1.53E-05,2.812760372,0.15104639,0.170769748,0.170769748
-108.4850841,0.030050751,9994474412,1.25E-05,11723029248,8.07E-06,1.91175E+11,1.09E-05,1.92E-06,0.603727283,0.15874532,0.307767309,0.307767309
-79.71401309,0.035018065,11736426520,1.07E-05,27260911519,1.07E-05,1.92632E+11,1.11E-05,3.67E-05,1.772339662,0.131658478,0.200938039,0.200938039
-31.09451791,0.039589132,12921832240,1.22E-05,10929613473,5.12E-06,2.0591E+11,1.10E-05,3.43E-05,2.732689538,0.049840674,0.086002797,0.086002797
-58.21060364,0.026411967,10906929647,1.24E-05,29724404074,5.66E-06,1.99427E+11,1.18E-05,2.30E-06,1.644272129,0.087831518,0.162531218,0.162531218
-25.24144401,0.039264768,6654936824,1.09E-05,34914424538,7.20E-06,1.99256E+11,1.06E-05,3.97E-06,0.593189061,0.041798494,0.062764901,0.062764901
-78.21672827,0.035503785,14147608176,1.23E-05,35849799420,6.12E-06,2.07662E+11,1.26E-05,3.34E-06,0.802991528,0.150060573,0.216787477,0.216787477
-82.95815963,0.021704807,11327413488,9.64E-06,17936687605,9.24E-06,2.09144E+11,1.20E-05,1.54E-05,1.13311315,0.139560478,0.185188671,0.185188671
-39.59238429,0.03868068,8068916683,1.02E-05,17719700396,9.99E-06,2.09335E+11,1.05E-05,1.45E-06,0.787591182,0.065272271,0.094163311,0.094163311
-52.16780108,0.021185088,10806343649,9.75E-06,38445950542,7.80E-06,2.07077E+11,1.18E-05,1.68E-05,0.500456004,0.087248267,0.115279625,0.115279625
-62.16195218,0.033866222,13405960771,9.27E-06,36950412775,9.71E-06,2.0008E+11,1.28E-05,1.14E-05,1.096761403,0.130845753,0.13532266,0.13532266
-100.8199502,0.026091338,9513205790,1.11E-05,31985334689,1.08E-05,1.99046E+11,1.14E-05,4.50E-06,2.670458353,0.15150601,0.261887318,0.261887318
-93.50618654,0.02385203,11722394796,1.05E-05,11954307357,1.07E-05,1.99486E+11,1.20E-05,1.67E-06,1.900103367,0.152606698,0.229844545,0.229844545
-20.52350183,0.027813166,13114417027,1.25E-05,17810383539,6.40E-06,2.05775E+11,1.29E-05,1.59E-06,2.568766716,0.035976419,0.057965566,0.057965566
-74.10702546,0.02116646,10173799680,9.16E-06,10782280391,9.15E-06,2.02949E+11,1.15E-05,6.38E-06,1.023784038,0.119768517,0.15746981,0.15746981
-87.27515916,0.037059584,5264224141,1.03E-05,30362914336,9.93E-06,1.98811E+11,1.13E-05,3.28E-05,1.925493117,0.153603578,0.211313747,0.211313747
-61.0354708,0.027218725,7030367717,9.35E-06,21591884534,7.19E-06,1.93081E+11,1.08E-05,1.63E-05,1.760421353,0.094431849,0.131255755,0.131255755
-50.53005455,0.021458125,7204725366,8.60E-06,25296940748,1.01E-05,2.02577E+11,1.25E-05,5.24E-06,1.198663603,0.094935893,0.102105844,0.102105844
-82.06098864,0.0263045,5192503055,1.14E-05,18724538965,8.34E-06,2.04734E+11,1.27E-05,2.15E-05,0.672304856,0.149969499,0.212306181,0.212306181
-109.3963243,0.036544568,6535584788,1.25E-05,16088125867,9.89E-06,2.01445E+11,1.07E-05,1.08E-06,1.263515456,0.163472321,0.315687866,0.315687866
-36.0889868,0.021277505,6459099090,1.30E-05,18948895556,7.65E-06,1.96772E+11,1.13E-05,2.67E-05,2.084279912,0.042319107,0.106143729,0.106143729
-109.4540172,0.038285351,7122077420,8.00E-06,31776411569,1.07E-05,1.98341E+11,1.18E-05,1.04E-06,2.045065145,0.222280004,0.210888803,0.222280004
-86.3976749,0.026173929,6188774240,8.65E-06,21048245344,6.95E-06,1.97129E+11,1.29E-05,1.17E-06,0.70666186,0.179075693,0.170945424,0.179075693
-110.5534037,0.038013472,6016178463,1.21E-05,28501924498,6.33E-06,2.0905E+11,1.21E-05,4.45E-05,1.651231593,0.203807443,0.305131812,0.305131812
-80.35967206,0.036122962,11991902890,8.92E-06,17475195605,8.34E-06,2.06435E+11,1.22E-05,1.04E-06,0.522101384,0.166938665,0.165937933,0.166938665
-88.29452381,0.02970213,11677128741,1.26E-05,21785807835,6.69E-06,1.95893E+11,1.13E-05,3.57E-05,0.855688554,0.132537397,0.251565295,0.251565295
-53.69374855,0.029708952,5302952410,9.55E-06,17607314476,1.00E-05,1.96701E+11,1.25E-05,1.85E-06,1.510959081,0.105035671,0.120346864,0.120346864
-76.44342944,0.036964732,14081229295,8.32E-06,18627593120,5.60E-06,2.04025E+11,1.26E-05,1.28E-06,0.54440801,0.168622613,0.144800953,0.168622613
-48.04775152,0.035886605,18437036095,1.17E-05,14486841938,6.29E-06,1.92818E+11,1.16E-05,3.23E-05,1.179743659,0.082818989,0.128025306,0.128025306
-28.75566332,0.026587056,17841094849,8.90E-06,23020609807,1.03E-05,1.91612E+11,1.25E-05,2.83E-05,0.923486746,0.056642669,0.060215002,0.060215002
-59.16174559,0.036502048,19686936790,9.18E-06,10657342385,8.40E-06,1.93519E+11,1.20E-05,1.61E-06,0.515699509,0.119450601,0.125497104,0.125497104
-47.79864146,0.035811117,13495290189,9.89E-06,25739554642,9.50E-06,1.94547E+11,1.29E-05,2.97E-06,0.982076907,0.101860904,0.110358682,0.110358682
-44.86226149,0.020388158,18087915908,8.22E-06,18348376779,9.26E-06,2.02712E+11,1.22E-05,2.77E-06,0.651436433,0.0827688,0.085752964,0.085752964
-36.72889446,0.028088717,13986906314,8.55E-06,12407412974,7.78E-06,2.07511E+11,1.07E-05,7.88E-06,1.899801111,0.059150157,0.07301951,0.07301951
-33.01094446,0.034940608,18890810013,1.22E-05,15486933682,1.10E-05,2.01105E+11,1.15E-05,3.46E-06,2.870954403,0.053896695,0.093983992,0.093983992
-66.03920069,0.033803709,5769924001,1.09E-05,34788296738,1.09E-05,1.9616E+11,1.28E-05,1.96E-05,1.157506535,0.132342193,0.167815893,0.167815893
-71.41416464,0.029195257,17153734781,1.27E-05,14856037834,1.04E-05,2.03217E+11,1.18E-05,1.84E-06,1.224145026,0.110874803,0.209339078,0.209339078
-68.658877,0.025321802,7277517922,1.02E-05,37511849076,1.06E-05,2.01848E+11,1.19E-05,1.15E-05,0.966151062,0.117152046,0.163653675,0.163653675
-50.27073964,0.038761997,12615147216,8.08E-06,27408913730,9.29E-06,2.00452E+11,1.09E-05,4.25E-05,1.98254934,0.092553761,0.096604797,0.096604797
-95.35708337,0.036953839,7434193347,1.03E-05,12302685088,1.06E-05,2.08288E+11,1.28E-05,2.35E-05,1.378912185,0.199287955,0.230541988,0.230541988
-55.28171819,0.038699166,5731937423,8.84E-06,32239043045,8.65E-06,2.00742E+11,1.24E-05,9.16E-06,1.059445562,0.117719606,0.114550043,0.117719606
-37.54923002,0.037740561,10136962637,1.06E-05,27288095568,1.09E-05,1.9269E+11,1.14E-05,2.29E-05,2.442870305,0.065942624,0.094333877,0.094333877
-37.8836563,0.028420047,6040922433,1.26E-05,23971045746,1.07E-05,2.07088E+11,1.20E-05,2.05E-05,2.000549729,0.059207256,0.110941628,0.110941628
-66.31630557,0.025581756,5512112317,1.24E-05,25125625689,8.42E-06,1.92238E+11,1.06E-05,5.87E-06,0.583360922,0.085044017,0.186367507,0.186367507
-60.94377582,0.039818721,5487429136,1.08E-05,15254314679,5.47E-06,1.94404E+11,1.17E-05,2.09E-06,2.155045584,0.113377607,0.14995707,0.14995707
-23.50055024,0.032798045,6199167559,9.71E-06,12262058427,1.06E-05,2.07217E+11,1.21E-05,1.10E-05,1.213753079,0.045033198,0.053764653,0.053764653
-92.24544662,0.037825751,7624229936,1.26E-05,11483014602,1.10E-05,2.09929E+11,1.21E-05,1.61E-06,2.171555398,0.165868128,0.271722932,0.271722932
-73.50858792,0.039355122,14029695710,1.12E-05,27693573947,9.86E-06,1.9477E+11,1.16E-05,1.27E-05,1.39731027,0.133565004,0.192815552,0.192815552
-66.73883119,0.025525175,16106229223,9.46E-06,37784380866,8.36E-06,1.91853E+11,1.18E-05,4.37E-05,0.94944042,0.116104672,0.145632929,0.145632929
-37.95189319,0.026110249,12727324767,1.04E-05,18920412026,1.04E-05,2.07742E+11,1.13E-05,1.67E-05,1.709287282,0.058430254,0.092411349,0.092411349
-20.21955312,0.02600414,5383319758,1.04E-05,25203222987,1.05E-05,1.95373E+11,1.06E-05,3.82E-05,2.255103737,0.028300489,0.049120926,0.049120926
-32.40186654,0.036606294,6101957286,1.28E-05,15610860985,1.08E-05,1.97011E+11,1.17E-05,7.62E-06,0.86845534,0.055464674,0.096414534,0.096414534
-85.95564517,0.021673776,14526881102,9.52E-06,12144806902,5.50E-06,2.06316E+11,1.22E-05,2.69E-06,1.988508985,0.147519498,0.185056044,0.185056044
-45.74186306,0.022361412,5243204191,9.51E-06,14047283250,6.16E-06,1.92722E+11,1.18E-05,1.31E-05,0.861331417,0.076616983,0.098360739,0.098360739
-32.10401186,0.025513449,16722353656,1.23E-05,30911907266,1.10E-05,1.98703E+11,1.15E-05,4.74E-06,1.317737631,0.045770881,0.091273669,0.091273669
-107.6084737,0.028569125,6627416491,1.05E-05,19466495509,7.67E-06,2.07811E+11,1.26E-05,1.61E-05,2.305963336,0.200490317,0.260771473,0.260771473
-52.60643672,0.033740193,5955791701,1.13E-05,10232083598,5.50E-06,2.05405E+11,1.29E-05,1.36E-05,1.376939995,0.104449712,0.135110895,0.135110895
-93.69678965,0.039963533,9367813748,1.23E-05,32759260540,8.78E-06,1.92576E+11,1.17E-05,2.25E-06,1.759192678,0.165388148,0.26691578,0.26691578
-77.00561021,0.039874672,5896276903,9.10E-06,15034725914,9.38E-06,1.97485E+11,1.11E-05,1.33E-05,2.984889014,0.140737478,0.165734687,0.165734687
-105.4932575,0.026111473,5421720917,1.25E-05,20139337261,5.83E-06,1.94877E+11,1.25E-05,2.07E-05,0.846425507,0.177383081,0.294490462,0.294490462
-76.84507843,0.023754274,8321773386,1.18E-05,10260393460,9.42E-06,2.05248E+11,1.26E-05,1.10E-05,2.239318923,0.125952578,0.208822059,0.208822059
-20.19712642,0.024358908,12707025058,1.28E-05,10078805044,8.37E-06,1.9556E+11,1.15E-05,2.47E-06,1.077474048,0.027540188,0.058736306,0.058736306
-82.19385323,0.022668246,5763802982,1.28E-05,10998688578,1.10E-05,1.97507E+11,1.28E-05,4.29E-06,0.887017532,0.13282362,0.2424018,0.2424018
-77.44387525,0.026560616,15964232623,8.06E-06,14743789396,8.40E-06,1.9293E+11,1.16E-05,1.14E-06,1.804601662,0.141065127,0.146267622,0.146267622
-58.27253602,0.031669053,8792574755,1.20E-05,15491704157,9.65E-06,1.9895E+11,1.23E-05,1.17E-06,1.181498066,0.103570845,0.161739569,0.161739569
-62.6479655,0.031993075,18128766990,9.50E-06,15472582787,8.20E-06,1.96636E+11,1.23E-05,9.64E-06,1.337601537,0.121986703,0.138058816,0.138058816
-82.34529888,0.025612791,5349039147,1.13E-05,36111165386,6.40E-06,2.0517E+11,1.17E-05,4.36E-05,0.825716554,0.130566738,0.208896289,0.208896289
-70.01860957,0.039942236,9071548222,1.11E-05,11982109916,6.48E-06,1.97201E+11,1.09E-05,2.45E-05,1.703396823,0.11654206,0.178379672,0.178379672
-105.2278129,0.02406096,12778613381,8.84E-06,27965149186,8.67E-06,1.99784E+11,1.27E-05,2.10E-05,0.502756017,0.211150941,0.213764609,0.213764609
-51.82816012,0.038824199,7245273008,1.27E-05,11291389452,5.71E-06,2.06104E+11,1.05E-05,1.08E-05,1.870280708,0.076744081,0.14884793,0.14884793
-107.3715556,0.031695967,17402338226,9.75E-06,26912574198,7.94E-06,1.94557E+11,1.29E-05,2.56E-06,1.706356325,0.21986262,0.242381077,0.242381077
-106.3750254,0.032221256,9574049090,8.09E-06,21521141393,7.93E-06,2.04164E+11,1.08E-05,1.40E-06,1.110262874,0.185979846,0.201002656,0.201002656
-38.40836123,0.025546366,13351933577,1.21E-05,28132796135,7.18E-06,2.06364E+11,1.25E-05,2.05E-05,1.321045654,0.06345046,0.105713868,0.105713868
-55.54008559,0.024168448,5577697713,1.04E-05,14534787323,8.62E-06,1.92759E+11,1.21E-05,1.38E-05,2.185968235,0.09284764,0.133758035,0.133758035
-110.9280745,0.029503179,12634718788,1.01E-05,33688593104,1.03E-05,1.9794E+11,1.30E-05,1.13E-05,1.059318288,0.224728008,0.262085068,0.262085068
-67.97741036,0.023173527,12085323027,1.28E-05,13174527116,6.10E-06,2.03004E+11,1.07E-05,1.40E-06,1.097515927,0.078446638,0.191127611,0.191127611
-99.32086205,0.028609485,6328261474,1.10E-05,11975730651,1.10E-05,2.0501E+11,1.28E-05,1.08E-06,0.779376958,0.19069417,0.255070125,0.255070125
-69.62725285,0.034502029,13161037358,1.07E-05,11818928292,9.92E-06,2.094E+11,1.07E-05,1.47E-06,1.943854412,0.108450318,0.174747099,0.174747099
-75.70449445,0.03877322,9197527603,1.24E-05,38472353742,1.09E-05,1.92413E+11,1.13E-05,9.28E-06,0.645659355,0.129499698,0.218409517,0.218409517
-41.76846632,0.030710079,12226943627,1.09E-05,39536953710,1.06E-05,2.0226E+11,1.19E-05,6.84E-06,1.820657198,0.072343345,0.106646429,0.106646429
-91.09427359,0.032672949,8828988414,9.25E-06,26767915219,5.84E-06,1.94382E+11,1.23E-05,7.31E-06,1.952414159,0.179337107,0.192895325,0.192895325
-38.00096236,0.030161683,17618145721,1.24E-05,12397902999,1.10E-05,1.98136E+11,1.06E-05,1.18E-05,0.89627061,0.052218402,0.108759237,0.108759237
-92.19706676,0.021010798,8049208028,1.23E-05,22284547268,1.07E-05,1.97136E+11,1.15E-05,9.43E-06,1.743568482,0.119252913,0.260827597,0.260827597
-21.83656901,0.025272419,5046421618,1.05E-05,10580705974,9.08E-06,1.96736E+11,1.11E-05,1.31E-06,0.833649681,0.032969819,0.052881701,0.052881701
-76.92603432,0.030103768,5966684795,8.74E-06,22637502835,6.79E-06,2.08401E+11,1.12E-05,1.40E-06,2.505697412,0.132140457,0.155360983,0.155360983
-24.36262513,0.034853947,19208085342,1.14E-05,13475052873,7.84E-06,2.0852E+11,1.18E-05,7.90E-06,1.940732214,0.042651708,0.06403871,0.06403871
-107.7355646,0.028594471,7505913286,9.90E-06,11385204883,9.07E-06,1.99742E+11,1.28E-05,2.62E-06,1.157878147,0.21288178,0.247308849,0.247308849
-31.90535671,0.036956397,16512384065,9.15E-06,21666450289,9.11E-06,2.08113E+11,1.06E-05,4.41E-06,0.760830069,0.05475221,0.068253999,0.068253999
-21.25214217,0.024615972,13230907314,1.28E-05,19295158231,5.26E-06,1.95822E+11,1.13E-05,4.10E-05,0.707209823,0.029074996,0.06035526,0.06035526
-54.48768078,0.038818089,18261987141,1.00E-05,14198947614,8.71E-06,1.96557E+11,1.23E-05,6.50E-06,2.302262212,0.109421902,0.127326696,0.127326696
-63.97899452,0.031985915,13089808882,1.06E-05,10681544443,8.57E-06,1.91112E+11,1.14E-05,1.53E-06,1.386645322,0.108043987,0.156992561,0.156992561
-87.26981913,0.034518574,7750310653,1.12E-05,16726374181,8.54E-06,2.05107E+11,1.11E-05,1.89E-06,1.119329258,0.142162606,0.226164712,0.226164712
-41.31165569,0.027475229,11240972313,8.17E-06,39255157977,8.27E-06,1.92772E+11,1.23E-05,3.24E-05,2.317307087,0.08119184,0.079062572,0.08119184
-90.50443673,0.036286115,6294365698,9.92E-06,26072803199,6.24E-06,1.98932E+11,1.25E-05,3.51E-05,0.684364531,0.186438718,0.204340311,0.204340311
-101.1917333,0.025794151,6461592261,9.05E-06,30486977421,9.47E-06,1.97089E+11,1.07E-05,1.58E-05,0.856482549,0.158524368,0.213449574,0.213449574
-117.4159832,0.034272728,5732740275,9.40E-06,20631001312,9.85E-06,1.9773E+11,1.21E-05,2.46E-06,2.573668334,0.228317007,0.260234319,0.260234319
-79.71954993,0.029179974,5998228810,9.65E-06,13311205148,9.30E-06,2.02282E+11,1.23E-05,4.98E-05,0.613527192,0.155116885,0.17795583,0.17795583
-22.18210614,0.027225626,10171575507,9.92E-06,21272475539,5.06E-06,2.00372E+11,1.08E-05,1.26E-05,0.774572384,0.034145989,0.049464501,0.049464501
-33.36350288,0.024319742,5452087883,1.22E-05,18324361697,1.10E-05,2.02018E+11,1.25E-05,5.05E-06,0.593936464,0.056118383,0.093445775,0.093445775
-23.37612035,0.031318558,12186302817,1.28E-05,38233959155,1.10E-05,2.04482E+11,1.09E-05,1.60E-05,0.592702388,0.034194177,0.068669617,0.068669617
-20.16123989,0.034949055,18760330214,1.20E-05,11826202085,6.05E-06,1.96861E+11,1.26E-05,3.80E-06,2.414395431,0.037845686,0.054998166,0.054998166
-68.66231534,0.024339904,6824358014,9.13E-06,26124780185,7.77E-06,2.07182E+11,1.18E-05,4.29E-05,0.87542598,0.120580349,0.143999932,0.143999932
-75.58840061,0.034234349,6130591411,8.87E-06,11173573218,9.25E-06,2.04313E+11,1.15E-05,6.00E-06,1.007997634,0.141885692,0.157340964,0.157340964
-100.4496779,0.021767122,10242244458,1.23E-05,16208409594,6.44E-06,2.08474E+11,1.12E-05,4.14E-06,0.815812247,0.130797839,0.277011659,0.277011659
-67.46047027,0.024823798,11549202244,8.67E-06,14750858874,9.04E-06,2.01972E+11,1.30E-05,1.86E-06,1.994562808,0.135977416,0.136933914,0.136933914
-95.15432624,0.028930977,8481624078,1.05E-05,12582920663,5.20E-06,1.98239E+11,1.22E-05,3.32E-06,0.579565803,0.177324285,0.223440083,0.223440083
-116.4149607,0.036682559,17645772297,1.04E-05,12918257183,1.05E-05,1.91374E+11,1.30E-05,1.04E-06,0.834203011,0.248529137,0.282992179,0.282992179
-106.0293105,0.035944331,17160536575,1.26E-05,35712326192,5.17E-06,1.97894E+11,1.19E-05,5.94E-06,0.546625364,0.190819032,0.298270922,0.298270922
-77.34470719,0.038101726,9737257283,9.65E-06,16472310708,7.85E-06,1.9523E+11,1.20E-05,1.56E-05,0.936163038,0.154249169,0.172774285,0.172774285
-81.33033937,0.025060642,18064473623,1.02E-05,14554511689,9.31E-06,2.06564E+11,1.07E-05,1.16E-05,1.270703521,0.116959774,0.192112134,0.192112134
-60.1651105,0.035441653,6606165859,8.80E-06,25878107195,8.50E-06,2.06235E+11,1.15E-05,1.59E-05,1.78117282,0.112974523,0.124158044,0.124158044
-94.98234582,0.030589751,18912009961,1.18E-05,25003755660,5.01E-06,1.99791E+11,1.21E-05,3.39E-05,0.516915007,0.169370596,0.249797922,0.249797922
-25.43598094,0.031235679,5191217992,8.10E-06,26161794431,7.94E-06,2.00753E+11,1.12E-05,4.06E-06,0.850924954,0.046253257,0.04801219,0.04801219
-99.04879968,0.022910391,16757002261,8.81E-06,32738869417,1.02E-05,1.97603E+11,1.16E-05,3.08E-05,0.831734555,0.170545452,0.204275975,0.204275975
-68.91796058,0.028023445,17340752635,1.30E-05,18048427679,5.81E-06,2.00779E+11,1.21E-05,1.04E-06,0.605631411,0.112156561,0.19966911,0.19966911
-35.17920754,0.024608564,12362947061,1.24E-05,37367913881,1.10E-05,2.03051E+11,1.15E-05,1.02E-06,2.292505448,0.048191538,0.10100553,0.10100553
-81.31136464,0.021109971,6083742638,1.22E-05,29653041706,1.10E-05,2.02846E+11,1.27E-05,1.09E-05,1.597909121,0.127240781,0.2287113,0.2287113
-106.9283862,0.024227371,13766917685,9.85E-06,18102942202,9.48E-06,1.91748E+11,1.14E-05,2.16E-05,0.948893545,0.17242373,0.244028051,0.244028051
-45.77439661,0.027843826,11871384710,1.27E-05,21109206000,8.99E-06,1.94804E+11,1.24E-05,4.50E-05,0.681450054,0.076951341,0.132728491,0.132728491
-86.97252047,0.036481469,19398976414,1.29E-05,10912133358,7.94E-06,1.94415E+11,1.24E-05,1.06E-05,0.650626432,0.163747979,0.254436849,0.254436849
-95.34045319,0.020578999,10225177707,1.25E-05,28218175396,8.26E-06,1.93045E+11,1.18E-05,3.04E-05,1.022609946,0.128805511,0.268873463,0.268873463
-76.00487695,0.031728948,9121575585,8.45E-06,13373645191,9.23E-06,2.05801E+11,1.14E-05,3.31E-05,0.851825241,0.14031304,0.150745627,0.150745627
-50.62151334,0.033187092,17356654758,9.80E-06,22148355650,1.02E-05,2.02169E+11,1.09E-05,1.40E-05,1.119532378,0.084346284,0.116410976,0.116410976
-62.58967755,0.039369789,14271604347,8.24E-06,10325447446,8.10E-06,2.06996E+11,1.15E-05,1.21E-05,2.687587316,0.121536566,0.121496224,0.121536566
-98.15820422,0.036435013,8957570094,9.88E-06,32298771104,7.98E-06,2.0227E+11,1.21E-05,3.70E-06,2.049024554,0.190343277,0.225178392,0.225178392
-64.71690648,0.026950833,7589091156,1.18E-05,21419659920,1.01E-05,2.04543E+11,1.20E-05,1.76E-05,0.928832047,0.105267637,0.175621676,0.175621676
-86.47922644,0.03487303,15100693482,9.47E-06,28233910176,9.35E-06,2.00125E+11,1.24E-05,1.38E-05,0.528322925,0.178588643,0.190014731,0.190014731
-66.91927235,0.027020742,15467400228,1.29E-05,16281292119,1.10E-05,1.95905E+11,1.27E-05,6.44E-06,0.649067244,0.115315443,0.198852654,0.198852654
-55.01994444,0.034538095,12663653135,8.47E-06,28065133847,5.37E-06,1.93854E+11,1.14E-05,3.23E-06,2.346129175,0.1027287,0.106893124,0.106893124
-60.98733256,0.035429567,10370382572,8.98E-06,34629468670,6.62E-06,2.01262E+11,1.20E-05,1.00E-05,0.81364211,0.12114809,0.125808729,0.125808729
-62.03902758,0.03877087,10891868233,8.45E-06,15244693714,6.85E-06,2.00498E+11,1.30E-05,1.19E-06,2.065390805,0.1394456,0.121905403,0.1394456
-77.31104451,0.021856585,11653572681,1.15E-05,26477954125,9.36E-06,1.98288E+11,1.16E-05,2.23E-05,0.775257345,0.112547822,0.203076,0.203076
-118.6960371,0.036349414,8085379843,1.06E-05,39780380915,1.07E-05,1.93794E+11,1.26E-05,1.78E-06,1.24673492,0.240437509,0.295583039,0.295583039
-103.2038907,0.020346605,5529394675,1.21E-05,26401278485,1.10E-05,1.9505E+11,1.12E-05,3.43E-06,1.022315909,0.130332981,0.287138377,0.287138377
-88.35774196,0.033405479,17692121209,1.16E-05,10633230986,6.46E-06,1.98969E+11,1.24E-05,7.72E-06,0.513038098,0.169543895,0.230202993,0.230202993
-36.22855491,0.028922763,5226603419,1.07E-05,33350944531,1.09E-05,2.03117E+11,1.15E-05,3.05E-06,2.186728383,0.058740418,0.091297069,0.091297069
-75.5751683,0.026866064,16372282310,1.26E-05,28495266536,1.08E-05,1.91823E+11,1.10E-05,2.30E-05,2.172007058,0.100350271,0.220816168,0.220816168
-52.57749468,0.033390061,13658054564,1.27E-05,25257535582,1.10E-05,1.97056E+11,1.20E-05,3.61E-06,1.359215045,0.089120645,0.155227153,0.155227153
-61.71693336,0.039949029,12653962406,9.94E-06,16669579600,6.93E-06,2.01987E+11,1.29E-05,5.18E-06,1.223511507,0.134701801,0.141353129,0.141353129
-55.03529047,0.034033292,10884801736,9.56E-06,10812644884,7.91E-06,2.08809E+11,1.11E-05,4.92E-05,0.654667509,0.096446608,0.121154025,0.121154025
-111.4018501,0.031280016,7507092046,1.02E-05,27367365411,6.70E-06,2.07351E+11,1.18E-05,1.17E-05,0.857563183,0.201921464,0.259860531,0.259860531
-57.48857772,0.02794437,6630064201,1.17E-05,11099653043,8.57E-06,1.93322E+11,1.22E-05,5.26E-06,1.06703641,0.097942222,0.153839263,0.153839263
-82.93033062,0.036809694,15702750610,9.39E-06,15824083556,8.21E-06,1.98345E+11,1.23E-05,1.78E-06,2.886153912,0.166981438,0.181978317,0.181978317
-70.57901155,0.038949545,16987151945,8.06E-06,34703472990,7.58E-06,2.03302E+11,1.27E-05,1.15E-06,1.255489876,0.15666605,0.13308061,0.15666605
-95.08667003,0.022153097,12679100467,9.92E-06,37465545900,1.06E-05,2.09087E+11,1.18E-05,1.22E-06,1.133369863,0.154981497,0.220087959,0.220087959
-31.22823569,0.025711674,9389545999,1.12E-05,27577196560,1.08E-05,1.97853E+11,1.15E-05,1.90E-06,2.620091577,0.046937638,0.081436405,0.081436405
-90.70107607,0.028251935,10661681329,8.77E-06,21619399257,6.36E-06,1.93012E+11,1.12E-05,1.47E-05,1.172729937,0.155959591,0.182135337,0.182135337
-109.8989995,0.02616216,16489710580,1.15E-05,27261467520,8.54E-06,1.99681E+11,1.06E-05,2.01E-06,0.779273999,0.148451847,0.289293216,0.289293216
-20.07406094,0.025589965,6596600955,8.58E-06,18619350510,5.40E-06,1.91096E+11,1.16E-05,1.03E-06,0.669227909,0.035986749,0.038886517,0.038886517
-44.72204725,0.035226367,9698461912,8.46E-06,22605853363,7.86E-06,2.05947E+11,1.20E-05,2.55E-05,1.23139803,0.089749977,0.088281619,0.089749977
-93.10751263,0.034274122,10749850225,1.04E-05,13552937520,6.96E-06,1.97095E+11,1.07E-05,3.54E-05,2.00889894,0.147049303,0.221883934,0.221883934
-76.7773052,0.035209265,19343074506,8.64E-06,35349910662,8.68E-06,2.08788E+11,1.08E-05,1.89E-06,1.735595616,0.133424885,0.155938434,0.155938434
-73.37588843,0.029260975,5288529915,9.33E-06,17204836140,5.92E-06,2.06218E+11,1.09E-05,1.91E-05,1.229497436,0.118880595,0.155984436,0.155984436
-56.88350882,0.030376307,13575862849,8.11E-06,18544565576,1.02E-05,1.98028E+11,1.19E-05,1.49E-05,0.889245168,0.111484563,0.109469035,0.111484563
-93.71468982,0.030900703,10911616870,9.91E-06,15749565610,1.03E-05,1.93607E+11,1.25E-05,5.34E-06,1.753390384,0.181952229,0.218095003,0.218095003
-28.21726452,0.039596277,11845424940,1.10E-05,13183447876,1.07E-05,2.03677E+11,1.12E-05,7.51E-06,0.784027624,0.049943146,0.072421213,0.072421213
-75.79420102,0.039157114,9211248815,1.18E-05,13005747411,1.10E-05,1.93655E+11,1.14E-05,3.94E-05,1.549838802,0.131119262,0.209520603,0.209520603
-29.43083319,0.034402727,8995632524,9.46E-06,19523670121,8.66E-06,2.04935E+11,1.20E-05,5.46E-06,1.269924206,0.056905895,0.064885201,0.064885201
-76.68981888,0.036578601,6051301905,1.05E-05,25277940981,7.60E-06,1.94086E+11,1.20E-05,6.85E-06,1.734754431,0.144695589,0.18610439,0.18610439
-110.6730512,0.03516586,6029453054,1.04E-05,22860262112,1.07E-05,2.02234E+11,1.12E-05,7.52E-06,1.515671384,0.189540016,0.271992658,0.271992658
-74.77681995,0.023959416,5659082052,1.11E-05,17273380760,1.10E-05,1.92384E+11,1.16E-05,4.87E-05,1.247751322,0.114108713,0.193207757,0.193207757
-93.72361,0.038325601,5005663989,1.28E-05,13563878873,5.53E-06,2.02769E+11,1.19E-05,2.56E-06,2.287730269,0.164141917,0.271975051,0.271975051
-89.80224522,0.032313994,7783992572,8.51E-06,11577869024,6.91E-06,2.04654E+11,1.10E-05,3.00E-05,0.548221723,0.161579878,0.175061702,0.175061702
-114.426828,0.039918681,13027474244,1.13E-05,37760397771,1.09E-05,1.96659E+11,1.24E-05,4.75E-06,1.031783464,0.227801337,0.302986006,0.302986006
-70.9202998,0.024962198,7054068453,8.23E-06,24592420857,7.27E-06,1.93315E+11,1.27E-05,1.51E-05,1.689061682,0.142057449,0.135113584,0.142057449
-108.6108113,0.030988875,10604667543,8.46E-06,15461071382,5.34E-06,1.95339E+11,1.10E-05,2.13E-05,0.88482446,0.190069601,0.2088884,0.2088884
-107.5419295,0.027665231,7791941105,1.21E-05,23534109901,6.75E-06,1.93556E+11,1.19E-05,6.49E-06,1.521384656,0.17121269,0.295340594,0.295340594
-59.82001874,0.028234246,8160628942,1.04E-05,15059004279,7.77E-06,1.96846E+11,1.14E-05,1.20E-05,2.573888309,0.096317062,0.143868651,0.143868651
-98.77266128,0.034656634,16601494472,1.04E-05,14147524545,1.03E-05,1.90162E+11,1.19E-05,4.06E-06,0.822769226,0.184371975,0.239986205,0.239986205
-36.02284147,0.034817484,16950717666,1.16E-05,19746065567,5.95E-06,1.93578E+11,1.10E-05,3.81E-05,1.378325156,0.056860641,0.094860558,0.094860558
-51.43549479,0.020144429,14546718962,8.37E-06,14350077440,7.79E-06,1.9115E+11,1.22E-05,5.06E-06,2.118032643,0.092033907,0.09977325,0.09977325
-36.84575852,0.028001598,11168519578,1.23E-05,15944653909,1.10E-05,2.09458E+11,1.05E-05,8.13E-06,2.777778691,0.046438092,0.105228434,0.105228434
-105.6946543,0.027924199,15009714521,8.86E-06,32520418973,8.29E-06,2.04772E+11,1.09E-05,7.86E-06,2.554654069,0.170380557,0.218332424,0.218332424
-79.42289478,0.034263567,8749605211,8.51E-06,36979595917,7.11E-06,1.93687E+11,1.21E-05,2.41E-06,1.368584213,0.159326548,0.156653753,0.159326548
-41.08672069,0.036916937,10018823735,1.20E-05,24609732194,1.10E-05,2.06075E+11,1.19E-05,4.70E-05,1.11281942,0.073589669,0.114565677,0.114565677
-105.1798594,0.038890885,9761186898,1.17E-05,17807886926,6.32E-06,1.99229E+11,1.05E-05,4.19E-06,2.415081667,0.161531988,0.281167522,0.281167522
-51.6691981,0.026139721,12955786448,9.28E-06,31895459047,7.41E-06,2.01567E+11,1.23E-05,7.45E-06,0.998256965,0.097014855,0.110061409,0.110061409
-62.45366356,0.02818127,12409995618,8.01E-06,29949420995,8.13E-06,2.02094E+11,1.21E-05,1.69E-05,1.881951343,0.12152362,0.117177957,0.12152362
-52.43092651,0.036442877,8816939409,1.22E-05,25450646419,5.51E-06,1.98917E+11,1.29E-05,1.05E-05,1.922530814,0.103009433,0.14509022,0.14509022
-104.0380431,0.02010342,6360496712,8.90E-06,31781519898,7.49E-06,1.97632E+11,1.15E-05,2.24E-06,2.755328601,0.164877949,0.213390797,0.213390797
-105.5921087,0.039896618,14767676183,1.14E-05,38099477494,9.09E-06,2.04154E+11,1.26E-05,1.87E-05,0.842849289,0.215224252,0.27818742,0.27818742
-64.23347162,0.025324641,12053666969,1.08E-05,16112932670,5.74E-06,1.91742E+11,1.07E-05,6.65E-06,1.383714326,0.08813763,0.156328714,0.156328714
-40.98274448,0.022005814,11836609961,8.89E-06,15588270012,7.26E-06,1.91553E+11,1.12E-05,2.78E-05,1.762807581,0.064611858,0.083745373,0.083745373
-65.63942055,0.036217576,7002047380,1.21E-05,15510938620,5.79E-06,2.0522E+11,1.26E-05,2.22E-05,0.752584953,0.1271482,0.179882299,0.179882299
-81.71583033,0.033799359,6554133575,1.01E-05,10030116049,9.83E-06,2.03983E+11,1.25E-05,1.47E-06,0.746305467,0.165154868,0.191918451,0.191918451
-97.97691262,0.026348952,7727725464,1.16E-05,13571221016,1.10E-05,2.03908E+11,1.11E-05,1.28E-05,0.639308373,0.143965037,0.262801403,0.262801403
-42.1065761,0.027965782,18400239697,9.54E-06,31444259626,5.38E-06,2.01427E+11,1.26E-05,2.93E-05,1.372195587,0.081880318,0.091073625,0.091073625
-99.70709363,0.021857867,5749686847,9.15E-06,17463209075,7.07E-06,1.96721E+11,1.14E-05,1.54E-05,1.380586652,0.159547903,0.208858909,0.208858909
-49.18601215,0.027917807,8392074065,1.02E-05,17206688112,6.82E-06,1.91642E+11,1.20E-05,1.77E-06,1.933452066,0.085682502,0.114639005,0.114639005
-74.74141723,0.033379034,15524474952,8.06E-06,29604417354,7.88E-06,1.99324E+11,1.19E-05,5.68E-06,1.186603662,0.148686944,0.140797494,0.148686944
-113.2781534,0.038988619,15592965700,8.46E-06,13270215485,7.07E-06,2.08478E+11,1.21E-05,3.56E-06,0.761815027,0.236971152,0.221766432,0.236971152
-67.19463241,0.021294922,6039221806,9.21E-06,24086553189,8.84E-06,1.92951E+11,1.28E-05,2.29E-06,0.674486708,0.128875144,0.142479962,0.142479962
-58.80835554,0.023687144,12343258351,1.01E-05,21425210304,9.95E-06,2.09428E+11,1.14E-05,1.40E-05,1.631100008,0.091514809,0.137755704,0.137755704
-25.96436997,0.030985326,8686139297,8.62E-06,10493640313,7.20E-06,2.01111E+11,1.17E-05,1.14E-06,1.873544497,0.04820156,0.051878501,0.051878501
-94.77233661,0.027429754,12011323038,1.22E-05,20683690461,1.10E-05,1.95776E+11,1.30E-05,2.64E-05,0.599060806,0.176776543,0.265085422,0.265085422
-36.99455028,0.022459303,7070331128,1.23E-05,12414666800,6.77E-06,1.93499E+11,1.23E-05,6.95E-06,2.474585122,0.055659162,0.102491757,0.102491757
-44.80943603,0.035072893,8556833138,1.08E-05,23080586000,1.10E-05,2.09905E+11,1.22E-05,4.16E-05,1.86360772,0.08451536,0.114094846,0.114094846
-67.43875113,0.032145607,5116672646,1.04E-05,29719039556,5.30E-06,2.00107E+11,1.06E-05,1.52E-05,1.028252666,0.103534237,0.15830014,0.15830014
-68.07833359,0.026823013,11546424122,1.19E-05,26572064672,1.10E-05,1.94968E+11,1.26E-05,1.65E-05,1.615863747,0.117656503,0.18836033,0.18836033
-69.15704303,0.029987732,9109769972,9.31E-06,12103207354,6.99E-06,2.0946E+11,1.24E-05,1.87E-06,2.012279013,0.134955996,0.148380681,0.148380681
-25.92994468,0.030804049,7121601041,8.72E-06,27190678506,9.48E-06,2.03415E+11,1.21E-05,1.89E-05,1.555811527,0.050558773,0.053263889,0.053263889
-82.80289496,0.035057094,19836882474,9.11E-06,19538410892,5.94E-06,2.04576E+11,1.26E-05,2.64E-06,1.767799704,0.172965305,0.173044804,0.173044804
-110.4660449,0.037211235,7180856305,1.21E-05,17091248038,1.10E-05,2.01554E+11,1.26E-05,2.05E-05,0.573735008,0.219085141,0.309414835,0.309414835
-86.42847415,0.036361791,10240018787,1.24E-05,13820687612,8.54E-06,2.01882E+11,1.05E-05,8.73E-06,2.553343499,0.124882812,0.246788236,0.246788236
-104.7740383,0.029587288,11309054078,8.88E-06,29706834701,9.36E-06,1.94734E+11,1.07E-05,3.14E-05,0.863338649,0.172158844,0.217409229,0.217409229
-36.65125624,0.037288457,19306589842,9.33E-06,13188160908,5.76E-06,2.01326E+11,1.29E-05,3.77E-05,1.122655982,0.079754627,0.078164478,0.079754627
-119.3685018,0.02115765,11291724402,9.51E-06,32384204720,9.10E-06,1.91938E+11,1.15E-05,2.10E-05,0.646050051,0.193865652,0.261101073,0.261101073
-89.5412128,0.028199762,7358397935,1.27E-05,12909363587,1.10E-05,1.93363E+11,1.19E-05,7.62E-06,2.251424366,0.136615605,0.263482795,0.263482795
-32.35289836,0.026194617,8635944518,9.27E-06,39112703003,5.73E-06,1.93053E+11,1.14E-05,2.62E-05,0.553142986,0.055413736,0.067565371,0.067565371
-60.17806676,0.032034119,12640800284,9.18E-06,23108072502,5.69E-06,2.06177E+11,1.08E-05,2.05E-06,1.301606106,0.100360101,0.126039124,0.126039124
-46.53915894,0.02135254,9125310492,1.07E-05,12697117253,9.18E-06,1.93651E+11,1.26E-05,5.03E-06,1.978483771,0.077997335,0.114828015,0.114828015
-100.2169862,0.03730276,8014295108,1.23E-05,13112581955,5.10E-06,2.05333E+11,1.13E-05,2.06E-05,2.827666275,0.16410879,0.279232281,0.279232281
-106.4213908,0.020388862,18509728953,1.01E-05,24024033444,8.63E-06,1.94466E+11,1.08E-05,2.05E-06,0.798814318,0.146567076,0.245478929,0.245478929
-26.74634955,0.032363516,19957723691,8.36E-06,14966950191,8.56E-06,2.04262E+11,1.15E-05,9.83E-06,0.976176216,0.050291807,0.052327592,0.052327592
-89.53172901,0.032644107,14344430155,8.04E-06,39311897001,1.07E-05,1.95267E+11,1.11E-05,1.57E-05,1.096011252,0.162711105,0.172099021,0.172099021
-107.9050585,0.037141234,13047934744,1.03E-05,34408200811,9.84E-06,2.04669E+11,1.10E-05,1.10E-05,0.690590547,0.186704675,0.259422095,0.259422095
-115.8426295,0.034010986,6393080828,1.16E-05,25371760910,1.09E-05,1.95593E+11,1.09E-05,2.05E-05,0.765748957,0.181990335,0.312189249,0.312189249
-111.1647383,0.026681471,16980265262,1.09E-05,11803576861,8.94E-06,2.02996E+11,1.23E-05,7.94E-06,1.084100964,0.196523877,0.277645479,0.277645479
-109.6701988,0.025709275,19247877639,1.23E-05,17854883445,1.10E-05,2.06418E+11,1.07E-05,2.80E-06,0.937520423,0.141831621,0.311849644,0.311849644
-45.297148,0.039682527,6746690223,8.76E-06,16536370351,9.07E-06,1.97905E+11,1.28E-05,1.31E-06,0.891641779,0.100723351,0.093201428,0.100723351
-33.07995481,0.025757935,8899265804,1.05E-05,30363697488,7.51E-06,1.94591E+11,1.07E-05,1.26E-06,0.709037255,0.047873532,0.07879191,0.07879191
-46.02842059,0.031894768,13543774267,1.05E-05,24989126904,9.47E-06,2.07901E+11,1.07E-05,3.76E-06,1.225700244,0.071214886,0.112766869,0.112766869
-109.0616636,0.020528723,8566451915,9.48E-06,10973373985,1.05E-05,1.95413E+11,1.07E-05,7.74E-06,1.950750754,0.14923278,0.242386505,0.242386505
-70.79516297,0.032759704,8205050969,9.61E-06,23464456118,6.67E-06,1.99713E+11,1.20E-05,6.22E-06,2.552535026,0.1323091,0.156555417,0.156555417
-118.2907098,0.032724959,7812556665,1.02E-05,14063200218,1.05E-05,2.08819E+11,1.07E-05,1.95E-05,0.748057615,0.189492655,0.282621506,0.282621506
-34.61625525,0.039619917,5085034754,1.12E-05,14767132751,7.91E-06,2.01601E+11,1.30E-05,5.19E-06,0.769399057,0.073737523,0.088968004,0.088968004
-32.98413571,0.034318137,10061891106,8.54E-06,17112790539,8.36E-06,1.93085E+11,1.18E-05,6.72E-06,1.35837858,0.064440972,0.065981782,0.065981782
-38.5068409,0.023446852,5704837648,1.16E-05,14183524326,8.52E-06,1.96189E+11,1.26E-05,5.27E-06,0.545455518,0.066712662,0.101190074,0.101190074
-104.3693656,0.025532731,8165431738,1.29E-05,27641467271,8.12E-06,2.06245E+11,1.27E-05,2.71E-05,2.798767225,0.167978861,0.30698807,0.30698807
-58.29206988,0.038198693,18859084792,9.74E-06,29239857301,1.02E-05,2.0238E+11,1.06E-05,3.79E-06,1.078056339,0.097453735,0.133659151,0.133659151
-96.04445435,0.025773168,5416601605,1.14E-05,14270971739,7.32E-06,2.05311E+11,1.17E-05,1.04E-05,0.690370065,0.154247076,0.248014421,0.248014421
-106.0186831,0.024462011,7117444231,1.28E-05,21038505671,5.91E-06,2.06909E+11,1.28E-05,3.60E-06,0.635153023,0.180678288,0.301948569,0.301948569
-44.99361874,0.036380484,6031405583,1.16E-05,15378304944,5.99E-06,2.06745E+11,1.22E-05,1.16E-06,1.349461865,0.083451782,0.118832378,0.118832378
-39.95641295,0.020445862,6682904800,9.95E-06,13668278640,1.02E-05,1.96131E+11,1.18E-05,2.57E-05,0.506087324,0.064996095,0.091509495,0.091509495
-49.75463942,0.026291133,6193839953,9.77E-06,18164922706,9.93E-06,1.96605E+11,1.20E-05,3.37E-06,2.893841672,0.086982214,0.113880266,0.113880266
-63.56541909,0.037282742,12484562028,1.25E-05,10896203974,1.09E-05,1.97045E+11,1.27E-05,7.70E-06,0.94621585,0.123821811,0.1852133,0.1852133
-104.8937892,0.02251709,5589281380,1.20E-05,11137688721,1.07E-05,2.02934E+11,1.26E-05,2.43E-06,2.907484753,0.165085656,0.291864115,0.291864115
-80.20989531,0.028143981,9647942175,1.06E-05,18190122225,1.09E-05,1.98447E+11,1.24E-05,1.44E-06,0.911309549,0.147804039,0.198799121,0.198799121
-112.8123747,0.039601409,7185999842,1.20E-05,25480205643,1.10E-05,1.91643E+11,1.27E-05,2.03E-06,0.637481058,0.231688913,0.315058107,0.315058107
-88.43947246,0.023624518,6612787744,9.88E-06,19639220633,5.46E-06,2.02222E+11,1.25E-05,1.29E-06,2.593061576,0.157399049,0.197820476,0.197820476
-25.40954448,0.038131493,14188614817,1.13E-05,24692113517,7.05E-06,1.95474E+11,1.06E-05,5.52E-06,0.52996203,0.040996853,0.065332077,0.065332077
-77.86305254,0.023312188,7298742397,1.08E-05,23275912574,8.68E-06,1.90685E+11,1.12E-05,1.01E-05,2.509907735,0.109903317,0.192888776,0.192888776
-94.77663131,0.02873489,5794922791,1.06E-05,32018676349,8.23E-06,2.03939E+11,1.16E-05,1.44E-05,0.579943699,0.162593944,0.229033955,0.229033955
-75.78424941,0.037974898,6777985818,8.64E-06,14227124283,5.40E-06,2.00564E+11,1.13E-05,3.20E-06,1.464527071,0.142539141,0.150159326,0.150159326
-89.07091064,0.026700293,11836867280,9.80E-06,38644359849,9.49E-06,2.0173E+11,1.06E-05,2.68E-05,0.532464345,0.135864533,0.201378001,0.201378001
-90.59950525,0.023547759,13740124481,1.29E-05,11942195997,8.24E-06,2.02781E+11,1.23E-05,2.73E-05,2.601812767,0.133994966,0.266366567,0.266366567
-64.20466837,0.021255711,7658129632,1.19E-05,33406581017,1.10E-05,1.99903E+11,1.07E-05,1.40E-05,0.648439987,0.079065281,0.175896357,0.175896357
-96.63516745,0.036558807,9634817296,8.51E-06,28612234106,9.56E-06,1.94635E+11,1.09E-05,5.79E-06,1.901803346,0.170937641,0.194971864,0.194971864
-92.31507718,0.032978216,5789112339,8.81E-06,28968256830,8.48E-06,1.92373E+11,1.18E-05,1.96E-06,0.924008731,0.177449043,0.189562486,0.189562486
-42.43298303,0.032507481,6565606394,1.19E-05,11921763427,1.10E-05,1.90019E+11,1.28E-05,1.61E-05,1.345383611,0.080597544,0.117574399,0.117574399
-91.64757896,0.021379643,7280402192,1.19E-05,10966516373,1.06E-05,1.95739E+11,1.22E-05,1.28E-06,0.976192029,0.139127407,0.251332615,0.251332615
-117.9837884,0.023277002,19212411568,9.23E-06,33244713422,8.86E-06,1.9339E+11,1.24E-05,3.29E-06,0.635779528,0.22108341,0.250886072,0.250886072
-105.7169512,0.038797983,6317790612,9.28E-06,23589830380,9.45E-06,2.00044E+11,1.12E-05,4.24E-06,0.602577154,0.198198345,0.229133636,0.229133636
-119.231463,0.036615249,7295993925,9.51E-06,13691401110,9.90E-06,2.05637E+11,1.09E-05,2.20E-05,2.078458955,0.20512066,0.267495322,0.267495322
-106.6783886,0.032514153,17822826588,1.24E-05,25247847437,9.25E-06,2.08741E+11,1.05E-05,2.12E-06,2.224088116,0.145084668,0.30639968,0.30639968
-38.8905824,0.030684152,13149599909,1.06E-05,30828681363,1.02E-05,1.91905E+11,1.28E-05,6.18E-06,0.660648286,0.077723927,0.09528875,0.09528875
-61.4064198,0.037818447,11738893640,1.04E-05,20656801169,1.01E-05,2.05668E+11,1.14E-05,3.84E-05,0.828719462,0.111742996,0.149257933,0.149257933
-87.78103593,0.028779894,5678325460,9.74E-06,32662621480,1.04E-05,1.90342E+11,1.14E-05,2.28E-05,1.553176573,0.146854726,0.20088066,0.20088066
-81.92237558,0.021777455,5902261311,9.96E-06,13789400463,6.88E-06,1.98475E+11,1.16E-05,3.37E-06,1.163977193,0.128443621,0.185418709,0.185418709
-96.52723046,0.033052031,13047003010,9.29E-06,10761297594,6.80E-06,1.9456E+11,1.05E-05,2.22E-06,0.525860765,0.159962776,0.204373223,0.204373223
-28.81877398,0.036246468,16462964826,9.38E-06,34442178510,6.76E-06,2.00264E+11,1.10E-05,6.66E-06,1.033579474,0.050690182,0.062176896,0.062176896
-106.0316008,0.020715317,10631530331,8.31E-06,38175609518,8.72E-06,2.01803E+11,1.27E-05,3.23E-05,0.646439902,0.209743746,0.203732009,0.209743746
-48.2301996,0.029424098,8514514134,8.88E-06,23376866248,1.09E-05,1.95166E+11,1.20E-05,2.87E-06,0.655559199,0.093219805,0.100968238,0.100968238
-101.6298879,0.022267656,9110871284,1.13E-05,15120056125,1.08E-05,2.04905E+11,1.29E-05,6.93E-06,0.970707011,0.178244731,0.266029416,0.266029416
-99.24416862,0.039490688,18663526576,8.26E-06,35757647310,1.02E-05,1.9959E+11,1.20E-05,1.43E-05,0.758032827,0.207487734,0.194717068,0.207487734
-39.36980059,0.0206246,11317029856,1.16E-05,19584125537,6.31E-06,2.09811E+11,1.19E-05,1.07E-06,1.029236198,0.056936071,0.102865254,0.102865254
-46.17605329,0.034803929,9477818012,9.44E-06,10199024988,8.30E-06,1.92779E+11,1.10E-05,6.45E-06,1.18228093,0.079937276,0.101291086,0.101291086
-89.93401742,0.024809917,5298430803,9.50E-06,21406565680,9.39E-06,2.07592E+11,1.24E-05,1.31E-05,1.301679045,0.16508371,0.198833527,0.198833527
-49.96983273,0.027621286,6172748973,8.62E-06,38915958545,5.68E-06,2.01214E+11,1.06E-05,2.42E-05,2.833524429,0.078118654,0.09850591,0.09850591
-78.84946113,0.033699275,17491001502,1.20E-05,39021801937,8.22E-06,2.03591E+11,1.27E-05,2.21E-06,2.075342816,0.148701929,0.217360179,0.217360179
-29.35270809,0.032137916,16381765774,1.30E-05,10199009258,1.10E-05,1.90523E+11,1.20E-05,1.45E-05,1.539709477,0.048426605,0.088395164,0.088395164
-68.15104983,0.025257907,12647931784,8.13E-06,17231246166,9.70E-06,1.93974E+11,1.09E-05,1.91E-06,2.928276598,0.11033175,0.131284949,0.131284949
-60.56654837,0.038192529,14021846037,1.29E-05,38414246390,1.04E-05,1.93354E+11,1.29E-05,5.76E-06,0.564260931,0.122108173,0.179500252,0.179500252
-39.79107614,0.024121683,10576932153,8.08E-06,14848112888,5.56E-06,1.97288E+11,1.13E-05,4.19E-06,0.560226207,0.06952893,0.072673906,0.072673906
-45.26441525,0.038520591,9539043837,1.17E-05,18888848020,5.60E-06,1.98785E+11,1.26E-05,8.66E-06,1.471635942,0.089948314,0.119838216,0.119838216
-58.77788641,0.021361801,12491464268,1.20E-05,26566270005,9.76E-06,2.03709E+11,1.23E-05,4.53E-06,0.663793248,0.091995312,0.161395486,0.161395486
-25.82701568,0.024969999,7118914455,1.18E-05,25820817665,1.10E-05,1.98768E+11,1.13E-05,3.45E-05,0.524162793,0.038226674,0.070050406,0.070050406
-104.5436278,0.02605792,5328520378,1.21E-05,29668027888,5.61E-06,1.99366E+11,1.12E-05,1.07E-06,0.714407107,0.150280722,0.282444687,0.282444687
-65.3358652,0.035928658,15202685522,1.22E-05,39439696792,6.06E-06,2.04043E+11,1.28E-05,2.63E-05,0.948468103,0.128747329,0.180792429,0.180792429
-31.89325282,0.027591735,6133228371,9.38E-06,13544374235,6.41E-06,2.02469E+11,1.26E-05,4.87E-05,2.115885375,0.061748397,0.068470485,0.068470485
-40.26301438,0.023740054,16421447383,1.02E-05,10257849265,1.03E-05,1.90885E+11,1.30E-05,3.57E-05,1.576042963,0.075406757,0.095366013,0.095366013
-27.17313021,0.036490713,6168739964,1.29E-05,21986699900,1.10E-05,1.9828E+11,1.28E-05,4.10E-06,2.664801524,0.05135104,0.081899517,0.081899517
-102.5393497,0.02080557,9876893774,1.17E-05,12243481872,6.68E-06,2.06233E+11,1.16E-05,2.69E-05,2.050598557,0.139735371,0.270226328,0.270226328
-66.50921152,0.032419294,6000651654,8.86E-06,29023025288,8.55E-06,2.07948E+11,1.26E-05,1.18E-06,2.807305956,0.136214605,0.138184363,0.138184363
-22.54122195,0.026555963,16938269741,1.08E-05,20670770633,8.57E-06,2.05759E+11,1.30E-05,2.07E-06,0.746076597,0.043496045,0.05556996,0.05556996
-66.75547166,0.036653497,8137095427,9.37E-06,14883473691,5.62E-06,1.96204E+11,1.05E-05,1.13E-06,0.748697742,0.112199318,0.142350985,0.142350985
-109.0810363,0.03335044,6518147073,8.12E-06,18760370236,8.10E-06,2.05889E+11,1.19E-05,3.76E-05,1.559768184,0.215114016,0.207727734,0.215114016
-100.6287971,0.030628428,18617233858,8.44E-06,37606773379,1.06E-05,1.94586E+11,1.14E-05,2.94E-05,1.530102183,0.182824249,0.202326915,0.202326915
-31.43904893,0.036833809,9420090673,9.01E-06,22437395035,8.50E-06,1.98E+11,1.16E-05,1.99E-05,1.73796472,0.059779048,0.066345805,0.066345805
-85.4555383,0.031539129,11755969289,9.70E-06,23981881377,8.24E-06,2.00946E+11,1.20E-05,4.43E-06,2.276871037,0.158493777,0.192534776,0.192534776
-61.75890911,0.035184458,6482248905,1.20E-05,11585592507,1.08E-05,2.09095E+11,1.20E-05,1.80E-06,1.087520238,0.110816919,0.172432195,0.172432195
-98.9053072,0.038237142,17310363421,9.90E-06,20553410750,1.00E-05,2.0408E+11,1.06E-05,4.19E-05,0.592297753,0.168928208,0.228535829,0.228535829
-46.85030848,0.038794464,11726527578,9.61E-06,24976694526,6.22E-06,2.02817E+11,1.23E-05,1.43E-06,0.646201501,0.097031593,0.102714378,0.102714378
-84.60275783,0.035831634,18828961984,1.13E-05,15193674413,1.09E-05,1.9214E+11,1.17E-05,1.38E-06,2.736463547,0.148313561,0.224945658,0.224945658
-76.38111339,0.027996707,12147906433,8.28E-06,25560497446,5.79E-06,2.05348E+11,1.22E-05,4.76E-06,1.410010118,0.148915063,0.144769246,0.148915063
-98.54582617,0.037494105,5959820367,1.04E-05,10222704989,8.31E-06,1.95179E+11,1.25E-05,3.99E-06,2.585021702,0.197426987,0.238644617,0.238644617
-86.10097174,0.028467944,9220784409,1.15E-05,24195462808,5.94E-06,2.05057E+11,1.24E-05,1.37E-05,2.775354368,0.14904818,0.223743205,0.223743205
-67.51846006,0.036774721,6541810513,8.09E-06,11934024518,9.59E-06,2.02236E+11,1.24E-05,3.28E-05,1.138279032,0.144151803,0.129692343,0.144151803
-62.33007082,0.039743226,18455807097,1.09E-05,36496575537,9.01E-06,2.09052E+11,1.24E-05,3.08E-05,1.430419099,0.124749848,0.157453676,0.157453676
-57.45736756,0.028812426,9027432804,8.77E-06,28188999160,1.07E-05,2.08074E+11,1.19E-05,1.24E-05,0.973401436,0.107535882,0.119153789,0.119153789
-66.70642635,0.035952509,7626699353,1.24E-05,11683394647,9.37E-06,1.92663E+11,1.17E-05,4.51E-06,1.326883623,0.114286573,0.190652775,0.190652775
-33.8543752,0.029795704,7177872094,1.07E-05,21976725900,5.62E-06,2.08691E+11,1.28E-05,1.97E-05,0.52705123,0.067508922,0.081484279,0.081484279
-106.3105023,0.026712154,15422576726,1.27E-05,15904929325,1.04E-05,1.98691E+11,1.24E-05,1.67E-05,2.44713734,0.171133861,0.312173451,0.312173451
-45.03428309,0.020634244,14662404966,9.66E-06,27876039800,7.44E-06,1.9738E+11,1.24E-05,1.72E-06,1.272608547,0.077972763,0.099387702,0.099387702
-53.40563698,0.027351455,5721592503,9.15E-06,21085228971,7.58E-06,1.90329E+11,1.27E-05,2.41E-06,1.06924178,0.105993556,0.112513539,0.112513539
-106.0674295,0.024877954,15511339821,8.85E-06,33576241270,7.89E-06,1.95469E+11,1.06E-05,3.10E-05,1.237190201,0.160181727,0.217024152,0.217024152
-20.67348317,0.025935457,10995816951,1.10E-05,29250372088,1.10E-05,2.00576E+11,1.21E-05,1.56E-05,0.826015331,0.035068731,0.05303598,0.05303598
-53.07787232,0.037145064,5666086413,1.11E-05,14975906235,5.00E-06,1.98795E+11,1.15E-05,4.14E-05,0.541798265,0.096371712,0.131791729,0.131791729
-70.75670071,0.036935382,8197160803,1.07E-05,10716053462,5.19E-06,1.92648E+11,1.18E-05,3.21E-05,2.162103305,0.129530111,0.172571457,0.172571457
-98.67571554,0.03896288,10332616907,9.21E-06,27902055182,5.93E-06,1.9451E+11,1.20E-05,1.88E-05,0.506550419,0.202250877,0.206548259,0.206548259
-75.82079339,0.023969773,9408352834,1.29E-05,12498578734,7.89E-06,2.01661E+11,1.15E-05,3.42E-06,1.224782196,0.100713356,0.222391801,0.222391801
-37.32099554,0.022684778,5334355794,9.86E-06,38068376974,9.41E-06,1.99451E+11,1.23E-05,8.24E-06,2.023042825,0.064140454,0.085517134,0.085517134
-39.04454779,0.035597625,7520090380,9.11E-06,25086851328,9.37E-06,1.96316E+11,1.07E-05,1.82E-05,0.540704342,0.067314809,0.082883151,0.082883151
-44.89704779,0.030097446,13014012291,1.25E-05,11332958297,1.04E-05,1.99948E+11,1.16E-05,1.57E-06,0.53654262,0.072412367,0.12911025,0.12911025
-98.09810988,0.029704255,8094010981,9.76E-06,13522533666,9.38E-06,1.95225E+11,1.16E-05,1.05E-06,2.056745872,0.169117694,0.223827939,0.223827939
-104.755218,0.026275251,6558026865,1.24E-05,11270436443,6.67E-06,1.94336E+11,1.06E-05,2.88E-06,1.054251838,0.131738344,0.293848566,0.293848566
-76.7854855,0.030877216,9189970181,1.10E-05,16418502141,1.04E-05,1.91235E+11,1.28E-05,1.39E-05,1.067805576,0.149139024,0.196620695,0.196620695
-27.08112285,0.03809319,8982062915,1.21E-05,17453309259,1.10E-05,2.09834E+11,1.19E-05,1.60E-05,0.933334254,0.049257317,0.076406923,0.076406923
-95.93478507,0.033063345,11644047553,1.14E-05,20923982401,8.43E-06,2.06343E+11,1.27E-05,3.96E-06,0.924550003,0.185915529,0.251279574,0.251279574
-63.41347497,0.022095745,13180834433,1.18E-05,20004753960,9.62E-06,2.02855E+11,1.09E-05,4.93E-06,0.95313478,0.080738539,0.171414239,0.171414239
-47.36565913,0.027855502,17930090245,1.18E-05,12310138789,9.64E-06,2.09139E+11,1.12E-05,4.52E-05,0.838834573,0.07043532,0.128820553,0.128820553
-113.3943376,0.029880928,16785529490,1.06E-05,21556363969,8.41E-06,2.06265E+11,1.05E-05,1.38E-05,1.724508931,0.164971012,0.276677158,0.276677158
-73.57758168,0.032713928,10379119448,1.11E-05,37199185359,1.06E-05,2.02509E+11,1.06E-05,2.51E-06,1.17151813,0.109512737,0.190372418,0.190372418
-106.6630576,0.023300441,12912048022,1.06E-05,15583620416,1.02E-05,2.09713E+11,1.29E-05,2.56E-05,2.423927033,0.192142434,0.26371441,0.26371441
-25.9908503,0.037280286,10241770443,1.00E-05,24880178529,1.04E-05,2.00799E+11,1.27E-05,3.97E-05,2.519124522,0.05360553,0.061568554,0.061568554
-44.81915328,0.03464516,7316024386,1.13E-05,10158227199,1.09E-05,2.09443E+11,1.23E-05,1.82E-06,0.852073028,0.085503188,0.117739721,0.117739721
-72.02598623,0.03489212,9684785519,1.15E-05,11787262036,5.62E-06,2.00987E+11,1.24E-05,1.40E-05,1.732107601,0.136163144,0.18738698,0.18738698
-59.91618963,0.035400748,5693298100,9.37E-06,12554908125,9.63E-06,1.972E+11,1.13E-05,2.23E-06,1.488771663,0.107350342,0.132060102,0.132060102
-81.44387126,0.027657653,12399025854,1.13E-05,32446584044,7.74E-06,1.94974E+11,1.27E-05,1.24E-05,0.924999615,0.149865098,0.209366355,0.209366355
-52.05604575,0.023961619,12740271984,8.36E-06,18598953468,1.02E-05,1.91138E+11,1.16E-05,2.54E-05,1.425772322,0.090981562,0.102923002,0.102923002
-48.24981431,0.023866226,14285478542,1.27E-05,27244382038,1.10E-05,1.98538E+11,1.07E-05,1.08E-05,0.526420254,0.06026756,0.139399994,0.139399994
-112.7608215,0.038397096,5270596863,1.15E-05,25830317503,5.76E-06,1.99352E+11,1.10E-05,1.96E-05,2.622700656,0.18342379,0.294583941,0.294583941
-58.98292058,0.035128129,11544187734,8.13E-06,12888283881,8.40E-06,2.0769E+11,1.08E-05,2.23E-06,1.411984098,0.104480205,0.112774827,0.112774827
-91.18441437,0.0306936,5127876699,1.07E-05,33286713996,1.09E-05,1.97072E+11,1.16E-05,1.16E-06,2.340025721,0.152515702,0.229981803,0.229981803
-117.4238818,0.033456713,8919321119,1.14E-05,26059365259,7.97E-06,1.96059E+11,1.22E-05,2.73E-05,2.363562123,0.213574636,0.307178744,0.307178744
-30.14581542,0.034581312,8416732029,1.09E-05,14587052619,5.86E-06,2.02567E+11,1.06E-05,2.97E-05,2.935841556,0.045507524,0.075153496,0.075153496
-115.2161667,0.025832195,12302593045,9.75E-06,10378303442,9.88E-06,2.03165E+11,1.17E-05,1.91E-06,0.527910151,0.201491757,0.259525083,0.259525083
-35.63240406,0.024765083,13702429298,9.85E-06,10063307910,9.48E-06,1.95653E+11,1.27E-05,4.88E-05,1.677476236,0.066716415,0.081718081,0.081718081
-67.83014636,0.035845518,6706700486,1.23E-05,11516119650,1.08E-05,1.99542E+11,1.28E-05,1.50E-05,1.511679613,0.131111076,0.194223526,0.194223526
-94.85338169,0.021786197,19140639411,1.00E-05,30151503730,9.95E-06,2.06881E+11,1.29E-05,1.35E-06,0.768472125,0.177942187,0.220229314,0.220229314
-82.4733263,0.025482566,18187599189,1.28E-05,38614097959,1.07E-05,2.09608E+11,1.25E-05,1.02E-05,0.527498784,0.138835275,0.240833118,0.240833118
-87.07847258,0.036798639,11660767791,8.11E-06,23307158578,8.48E-06,1.94857E+11,1.28E-05,2.57E-06,0.824183976,0.195948885,0.165585897,0.195948885
-83.93925349,0.035153809,11144305107,1.10E-05,32094722048,7.31E-06,2.01487E+11,1.16E-05,1.53E-06,1.452145222,0.146877545,0.212027834,0.212027834
-56.97700343,0.032246833,6084565682,1.18E-05,14225152342,9.62E-06,1.91567E+11,1.26E-05,8.76E-06,2.353588519,0.105036164,0.156033206,0.156033206
-21.13695936,0.026604309,6900597560,8.59E-06,10331893030,9.06E-06,1.93267E+11,1.09E-05,1.63E-06,0.604534366,0.035399683,0.042208967,0.042208967
-76.94305544,0.020089384,7093879978,9.44E-06,11834697926,9.05E-06,1.92927E+11,1.15E-05,3.99E-05,1.63760574,0.119165828,0.168343241,0.168343241
-21.27257025,0.0337174,12521734020,1.01E-05,19590850296,8.87E-06,1.92011E+11,1.29E-05,3.17E-05,0.786382199,0.044242309,0.049755727,0.049755727
-83.76989504,0.029282215,11129117224,1.16E-05,11866037004,8.10E-06,1.9571E+11,1.15E-05,3.93E-06,2.896494687,0.130871009,0.223430922,0.223430922
-41.30473385,0.039767714,12296383229,1.12E-05,21682856914,1.02E-05,1.90405E+11,1.27E-05,7.51E-06,1.573201469,0.084233937,0.10834355,0.10834355
-79.77193631,0.032378802,8312577344,1.20E-05,11080768111,1.09E-05,2.0086E+11,1.16E-05,1.47E-05,0.533318764,0.135709439,0.220123541,0.220123541
-49.67599397,0.021976359,15260237422,9.24E-06,11424287914,9.59E-06,1.95167E+11,1.09E-05,2.05E-06,0.573112734,0.075877447,0.106082414,0.106082414
-103.0570374,0.030206873,10530219690,8.73E-06,15418313680,8.88E-06,1.9519E+11,1.17E-05,3.04E-05,2.476324955,0.190321006,0.211234213,0.211234213
-85.79082642,0.032586692,8181034559,1.28E-05,24171256240,1.10E-05,2.00474E+11,1.20E-05,1.72E-06,2.911451472,0.141981697,0.255885144,0.255885144
-79.02404053,0.021151254,6018806076,1.18E-05,11177194225,8.76E-06,2.03707E+11,1.11E-05,3.76E-06,0.631532893,0.104314817,0.211627414,0.211627414
-113.0973604,0.023812444,18756247972,8.12E-06,16777459803,7.34E-06,2.08108E+11,1.21E-05,1.63E-05,0.624083776,0.217777649,0.210732937,0.217777649
-59.81375666,0.020086135,9542764088,9.23E-06,25188280631,9.08E-06,2.03984E+11,1.06E-05,1.97E-06,0.569056994,0.085632259,0.126879365,0.126879365
-106.7086917,0.036739118,6099413604,8.36E-06,12874271175,8.70E-06,1.94831E+11,1.18E-05,4.82E-06,1.03909867,0.213275845,0.209648366,0.213275845
-39.52496361,0.027744706,6651630801,1.01E-05,26928345853,1.06E-05,1.95677E+11,1.17E-05,5.94E-06,2.41071713,0.066518667,0.093799069,0.093799069
-111.5470799,0.024280871,6315065820,1.05E-05,19766507802,8.76E-06,2.09414E+11,1.26E-05,7.40E-06,1.481439504,0.199100806,0.269119133,0.269119133
-52.33197322,0.039425382,11209894644,1.11E-05,10203813984,1.00E-05,2.05999E+11,1.12E-05,5.30E-06,1.173548932,0.090762583,0.135433256,0.135433256
-100.1222663,0.02888316,11016299155,1.26E-05,21573769379,1.09E-05,2.06333E+11,1.23E-05,3.70E-05,2.239867787,0.165353059,0.292361204,0.292361204
-87.9413947,0.020550251,8652230596,1.23E-05,15863645741,1.10E-05,2.03558E+11,1.10E-05,6.30E-06,0.820497504,0.105601849,0.249048729,0.249048729
-51.63319627,0.038976608,6466757752,1.14E-05,28255736078,8.61E-06,1.92914E+11,1.23E-05,5.49E-06,0.549632813,0.102352028,0.134923936,0.134923936
-104.407188,0.035826382,6398573414,1.09E-05,23572384984,8.62E-06,2.05842E+11,1.24E-05,4.31E-06,1.42197424,0.202433439,0.263813652,0.263813652
-104.1723999,0.022387004,9673875359,8.81E-06,12550684493,8.77E-06,2.01327E+11,1.08E-05,2.35E-05,0.72724288,0.160994991,0.212107916,0.212107916
-77.26167853,0.027776234,9911330562,1.00E-05,31862629643,9.12E-06,2.01015E+11,1.15E-05,2.22E-06,2.850838221,0.127418339,0.180764765,0.180764765
-47.73117563,0.023860772,11788593820,9.80E-06,31253101688,9.41E-06,2.06529E+11,1.22E-05,5.84E-06,0.554519296,0.085976679,0.107679456,0.107679456
-79.41530519,0.033044609,7634285929,8.42E-06,11969331161,8.52E-06,2.04123E+11,1.07E-05,1.25E-05,0.98146801,0.135855512,0.156433383,0.156433383
-67.40755828,0.026229449,9150341124,1.28E-05,39614501611,5.23E-06,2.0767E+11,1.20E-05,7.30E-06,1.139840643,0.10228774,0.193544789,0.193544789
-104.9814482,0.036865904,10320141293,1.28E-05,24550673279,9.29E-06,2.02765E+11,1.09E-05,2.15E-06,2.594938821,0.158047006,0.311002045,0.311002045
-119.8277183,0.023834083,11462269961,1.07E-05,12570761146,6.88E-06,1.95814E+11,1.06E-05,1.74E-05,2.655493316,0.155574426,0.293373311,0.293373311
-61.58887915,0.038151123,9167693786,1.27E-05,11007161036,1.06E-05,1.9027E+11,1.29E-05,1.04E-05,1.550332527,0.12229208,0.181495222,0.181495222
-93.0833005,0.021801807,11180342579,1.09E-05,34993488572,8.16E-06,1.99078E+11,1.06E-05,1.98E-06,0.794841296,0.120257926,0.230033727,0.230033727
-101.6075438,0.032307498,8726079166,1.19E-05,10437552443,6.71E-06,2.0571E+11,1.11E-05,2.51E-06,1.952661385,0.154488575,0.276354602,0.276354602
-87.2563427,0.036021444,5027305725,1.22E-05,24624248191,7.98E-06,1.92729E+11,1.19E-05,2.63E-05,1.577519463,0.153095613,0.244179427,0.244179427
-35.76424227,0.0358197,14518033316,1.10E-05,14960222705,1.07E-05,1.94148E+11,1.24E-05,4.61E-05,0.562793049,0.071278585,0.091459504,0.091459504
-44.37606009,0.029537792,10664508378,1.07E-05,22086922038,6.15E-06,2.00923E+11,1.19E-05,1.09E-06,1.223213245,0.077104037,0.107907989,0.107907989
-116.6240612,0.038085431,8466018234,1.27E-05,34405747520,5.85E-06,2.07619E+11,1.08E-05,1.66E-05,1.629146156,0.177072877,0.335572002,0.335572002
-69.035714,0.026398515,10424693027,1.02E-05,20286111228,5.75E-06,2.01382E+11,1.28E-05,7.43E-06,1.345141351,0.130383251,0.160015724,0.160015724
-117.3848324,0.02456771,10223766223,9.14E-06,14462153991,9.03E-06,2.05556E+11,1.19E-05,2.35E-06,2.588917983,0.203486046,0.250389385,0.250389385
-113.9810215,0.031566773,19925270232,1.24E-05,22293755628,1.10E-05,2.01405E+11,1.21E-05,6.13E-06,2.443073988,0.191060681,0.329238036,0.329238036
-28.1932044,0.038450394,7272607288,1.28E-05,17668466449,1.10E-05,2.0201E+11,1.06E-05,2.60E-05,2.814774606,0.041138951,0.084290072,0.084290072
-37.11986244,0.027011097,7409548534,8.41E-06,21352137519,6.40E-06,2.08182E+11,1.06E-05,6.40E-06,1.255685542,0.059287803,0.071662004,0.071662004
-118.4322545,0.032463844,11963601707,9.63E-06,37710558467,8.79E-06,1.91542E+11,1.13E-05,5.36E-06,0.723176388,0.210864771,0.264040743,0.264040743
-35.84345301,0.020695748,8951819126,9.72E-06,34163319067,1.09E-05,2.0776E+11,1.24E-05,1.29E-06,1.269158373,0.061794517,0.081611943,0.081611943
-31.36921536,0.029836763,14635607360,1.18E-05,22972010603,1.05E-05,1.92519E+11,1.30E-05,7.68E-06,0.503673827,0.061449403,0.084741521,0.084741521
-63.78244476,0.03574164,10538883632,8.70E-06,24915722569,1.02E-05,2.04382E+11,1.12E-05,1.16E-05,1.696271057,0.115613703,0.13193788,0.13193788
-74.69916286,0.028795146,19074927747,1.17E-05,20975454626,1.10E-05,2.06178E+11,1.08E-05,4.64E-06,0.969260434,0.10739581,0.202465529,0.202465529
-21.7011441,0.038157955,5732353041,1.03E-05,13319412065,1.02E-05,1.95123E+11,1.25E-05,4.27E-05,2.280824459,0.043895855,0.052604847,0.052604847
-59.51834035,0.024889946,14194375403,1.04E-05,21536223318,1.00E-05,2.07214E+11,1.24E-05,3.38E-06,1.536483223,0.10541058,0.143502881,0.143502881
-41.93502898,0.028528233,6652608350,1.04E-05,12084941020,9.84E-06,1.92832E+11,1.08E-05,1.23E-05,0.642396656,0.064550402,0.100864579,0.100864579
-72.41232451,0.025479509,9709859062,1.27E-05,13968659393,1.10E-05,2.05631E+11,1.09E-05,2.66E-05,1.874174461,0.091300322,0.212812603,0.212812603
-67.94388063,0.022700511,12363508831,8.48E-06,18144294093,8.97E-06,2.06906E+11,1.29E-05,8.48E-06,1.376255202,0.134559786,0.134539068,0.134559786
-104.5774463,0.037941479,13627780270,8.21E-06,31982124484,8.02E-06,1.93593E+11,1.07E-05,5.96E-06,1.465239205,0.186019613,0.201513261,0.201513261
-80.76205611,0.039935687,5246919987,9.98E-06,12746131396,1.01E-05,2.02779E+11,1.14E-05,2.04E-05,0.782731302,0.150768754,0.189010819,0.189010819
-34.97530662,0.021509653,9466009435,8.13E-06,20299862845,7.76E-06,1.95097E+11,1.11E-05,2.74E-05,2.202672091,0.055687217,0.066088877,0.066088877
-49.0693124,0.037933351,13977234432,1.11E-05,16437299383,9.89E-06,1.90116E+11,1.18E-05,1.54E-06,0.626666685,0.092236148,0.1266099,0.1266099
-79.68824007,0.020441862,11599732850,1.20E-05,10393837413,7.75E-06,1.99336E+11,1.21E-05,2.57E-06,1.046881078,0.115155877,0.216361799,0.216361799
-82.58907627,0.020876124,7102655608,1.27E-05,10246160956,9.57E-06,1.97074E+11,1.11E-05,2.89E-06,1.387697725,0.09754043,0.23955883,0.23955883
-76.61090036,0.034576588,14077507120,1.12E-05,10125220266,7.41E-06,1.91272E+11,1.21E-05,9.77E-06,1.026563132,0.142477691,0.196112202,0.196112202
-31.57968169,0.02820593,9158682606,1.09E-05,17134345239,1.10E-05,1.99571E+11,1.15E-05,1.04E-05,1.876945004,0.050484232,0.080878625,0.080878625
-114.251906,0.0294096,17861861296,1.16E-05,12424487104,5.64E-06,1.94526E+11,1.22E-05,1.75E-06,1.503236972,0.19813717,0.298968013,0.298968013
-23.25067079,0.036986787,12016405823,1.08E-05,29209737175,8.59E-06,1.90095E+11,1.19E-05,2.29E-05,0.834343055,0.043981171,0.057972684,0.057972684
-78.30725052,0.036517756,8143897943,1.01E-05,14377782062,9.57E-06,1.96337E+11,1.14E-05,3.54E-05,1.437328297,0.140455274,0.184484049,0.184484049
-99.13130297,0.025970765,13917463098,8.63E-06,11352451707,1.09E-05,2.08995E+11,1.29E-05,1.19E-06,1.134991884,0.202767547,0.202631405,0.202767547
-82.44094621,0.020136358,7913852964,8.06E-06,38574458312,7.99E-06,1.93333E+11,1.23E-05,1.26E-06,0.752122111,0.154393564,0.153241463,0.154393564
-89.98830721,0.022084102,15365502893,9.26E-06,13846890928,8.18E-06,2.07722E+11,1.27E-05,1.24E-05,0.726439973,0.171676549,0.191035233,0.191035233
-55.14530332,0.026596639,12605809027,1.16E-05,27385205434,8.42E-06,2.04335E+11,1.26E-05,7.98E-06,0.828819305,0.098405414,0.146267402,0.146267402
-43.80640975,0.025720306,17380639784,8.03E-06,23913764219,8.06E-06,2.03486E+11,1.20E-05,1.13E-05,0.973103462,0.083642426,0.081863878,0.083642426
-23.92061596,0.037815287,16861127083,8.11E-06,15604524359,1.09E-05,2.00431E+11,1.06E-05,1.05E-06,0.797802718,0.042518774,0.046450034,0.046450034
-106.8319149,0.024401608,7812635587,1.18E-05,20312515676,5.19E-06,1.98404E+11,1.30E-05,2.88E-06,0.536241828,0.195700232,0.279365424,0.279365424
-31.63961473,0.032670969,10367619337,1.07E-05,12054998311,1.09E-05,2.0859E+11,1.14E-05,1.50E-06,1.271858956,0.05353218,0.079610083,0.079610083
-92.24302629,0.033037152,7582910218,9.14E-06,28271422547,6.97E-06,1.96106E+11,1.24E-05,4.88E-05,2.032184654,0.184753994,0.19475639,0.19475639
-104.9249693,0.028070032,11200690200,9.28E-06,12268715288,5.02E-06,1.93411E+11,1.10E-05,1.65E-06,0.541065565,0.176844831,0.218218879,0.218218879
-115.6801558,0.039271658,6844470849,8.07E-06,11280617091,7.98E-06,2.06382E+11,1.22E-05,3.34E-05,2.782067695,0.244897692,0.219986047,0.244897692
-40.26291755,0.025469962,9550972456,1.18E-05,39503968438,5.29E-06,2.07055E+11,1.26E-05,1.90E-05,1.457713205,0.068603656,0.107042646,0.107042646
-112.860122,0.032356071,5911237913,9.01E-06,23047618637,9.69E-06,2.01718E+11,1.20E-05,1.02E-06,0.822612584,0.221555797,0.238158774,0.238158774
-34.54396269,0.038927949,18030803549,1.03E-05,29304793959,6.36E-06,1.95778E+11,1.09E-05,1.28E-05,1.850662328,0.058384682,0.081987543,0.081987543
-25.54247749,0.027182973,10481224491,1.00E-05,17611454029,5.34E-06,1.95734E+11,1.12E-05,2.52E-06,0.962389786,0.040785404,0.05777127,0.05777127
-80.4921043,0.036895723,6996906736,1.11E-05,15639161900,9.63E-06,1.98738E+11,1.23E-05,2.80E-05,0.856218375,0.157428913,0.207652297,0.207652297
-64.57187218,0.022210873,18994964898,1.22E-05,39378577533,9.92E-06,1.98281E+11,1.15E-05,3.86E-05,1.373961065,0.08756976,0.180487888,0.180487888
-30.76016078,0.038390796,18941137899,1.10E-05,24826881312,1.10E-05,1.9212E+11,1.12E-05,3.37E-06,0.675873705,0.054134726,0.079280349,0.079280349
-42.24242616,0.025261837,14810160336,1.02E-05,14725458048,9.86E-06,1.96946E+11,1.09E-05,2.66E-05,0.706618753,0.063468787,0.100013135,0.100013135
-75.14166217,0.029298703,5405154817,1.04E-05,17497234965,1.01E-05,2.0356E+11,1.18E-05,2.71E-06,1.926307502,0.129212967,0.18254162,0.18254162
-114.9782402,0.031573957,9105156404,1.17E-05,29860241162,6.32E-06,2.0424E+11,1.19E-05,7.05E-06,0.759468881,0.199278911,0.303905224,0.303905224
-38.53695308,0.037686462,12186403219,1.01E-05,30409756602,9.40E-06,2.06239E+11,1.14E-05,9.04E-06,1.2666955,0.069758467,0.090621728,0.090621728
-68.99954943,0.02598967,5899564924,9.21E-06,11676313192,6.24E-06,1.9426E+11,1.30E-05,1.95E-05,1.354356895,0.138627478,0.144931289,0.144931289
-35.70775177,0.035330821,12931763967,1.28E-05,18411928250,1.10E-05,2.09867E+11,1.08E-05,7.16E-06,1.684274695,0.052640872,0.106118675,0.106118675
-56.76404263,0.034018044,18715118080,1.13E-05,17766469545,7.14E-06,1.93335E+11,1.09E-05,9.05E-06,0.887313879,0.090007636,0.14591125,0.14591125
-79.43270822,0.035865226,18644949319,1.12E-05,39821598021,6.30E-06,2.08391E+11,1.09E-05,4.30E-06,1.970197548,0.1263828,0.203392541,0.203392541
-103.6265554,0.023677921,5280693507,9.56E-06,12113450383,7.73E-06,2.01636E+11,1.14E-05,1.77E-06,2.038401651,0.163184088,0.228035511,0.228035511
-37.68791661,0.035081287,10451433632,8.00E-06,10936783780,7.61E-06,1.99464E+11,1.13E-05,1.13E-06,1.102043824,0.071493776,0.070430666,0.071493776
-109.5137653,0.025289871,6233787716,8.99E-06,29404188027,8.65E-06,1.93543E+11,1.16E-05,2.64E-06,0.855002024,0.190711733,0.227964951,0.227964951
-69.78791033,0.033789992,14973819681,1.23E-05,20791593100,6.16E-06,2.07715E+11,1.28E-05,4.69E-06,1.166286238,0.133367099,0.194981968,0.194981968
-20.36071951,0.038920918,7211226256,1.18E-05,19520830624,8.61E-06,1.95547E+11,1.29E-05,3.66E-06,1.103059275,0.041668039,0.055470629,0.055470629
-29.5444122,0.028666451,6532830138,8.47E-06,29239873201,7.14E-06,1.91705E+11,1.08E-05,1.39E-06,0.530592087,0.049811909,0.057334394,0.057334394
-39.21330928,0.025940364,6484864350,8.08E-06,10167174807,5.76E-06,2.00057E+11,1.13E-05,2.51E-06,1.319200759,0.068152978,0.072438323,0.072438323
-34.67779348,0.023656605,5700465970,1.16E-05,12989511637,9.06E-06,1.9455E+11,1.19E-05,1.19E-06,2.388674088,0.051823622,0.09259864,0.09259864
-29.54321256,0.03093578,12085858223,9.90E-06,27960668351,9.52E-06,1.91466E+11,1.17E-05,2.10E-05,1.462140427,0.052286153,0.068274236,0.068274236
-101.494756,0.039126194,18004721440,1.07E-05,28919684792,9.92E-06,2.01276E+11,1.12E-05,2.93E-05,1.075058656,0.179745632,0.253488498,0.253488498
-73.01483581,0.030564312,12595522198,1.27E-05,13236340820,1.10E-05,1.97652E+11,1.15E-05,2.21E-05,1.073206984,0.112587081,0.214609493,0.214609493
-51.17254031,0.032385141,5199766376,9.01E-06,23389419050,9.11E-06,2.0549E+11,1.09E-05,2.51E-06,1.727249447,0.086800759,0.108255493,0.108255493
-107.3525469,0.027839628,10810402648,8.82E-06,39013529217,7.65E-06,2.00394E+11,1.13E-05,1.34E-05,1.507739775,0.184861267,0.219111297,0.219111297
-108.4023483,0.031949821,13198482687,1.07E-05,20740102081,8.61E-06,1.9405E+11,1.18E-05,2.12E-06,1.680105799,0.190743423,0.267145128,0.267145128
-118.0212792,0.029315311,5190183720,1.02E-05,12199227581,8.35E-06,1.97729E+11,1.05E-05,1.03E-05,1.15389856,0.174965587,0.276654743,0.276654743
-118.1882752,0.021878615,8159192632,1.19E-05,35524313703,1.10E-05,2.00668E+11,1.16E-05,6.76E-06,1.469429133,0.164553427,0.325747994,0.325747994
-98.24139258,0.027822488,14184140230,8.41E-06,16325507850,8.83E-06,1.99234E+11,1.23E-05,2.11E-06,2.098775162,0.190984364,0.194049175,0.194049175
-31.8021032,0.024508705,13641448625,1.20E-05,17237794607,7.13E-06,1.98409E+11,1.10E-05,1.65E-06,1.818791268,0.041477851,0.086372198,0.086372198
-35.44745033,0.038409339,18256897801,9.39E-06,20831966004,7.50E-06,2.07453E+11,1.11E-05,3.83E-05,2.053236863,0.063674915,0.077325225,0.077325225
-85.04852257,0.038616248,7662960351,1.27E-05,17129076138,6.63E-06,2.02563E+11,1.19E-05,1.08E-05,2.408595347,0.149449491,0.247085688,0.247085688
-34.95924587,0.032333249,14373595341,8.71E-06,27281065441,7.51E-06,1.95987E+11,1.07E-05,2.01E-05,0.865117673,0.05902036,0.070411813,0.070411813
-51.37738896,0.036537799,14316046882,1.15E-05,17832404632,7.06E-06,2.08488E+11,1.23E-05,6.52E-06,2.480656252,0.096456519,0.135591411,0.135591411
-112.1692029,0.021421096,11487329207,8.66E-06,30667848476,1.04E-05,2.05101E+11,1.11E-05,7.52E-06,0.682051844,0.180813004,0.227223925,0.227223925
-30.84571674,0.037385537,14297503660,9.05E-06,14959189754,7.50E-06,2.074E+11,1.23E-05,7.93E-06,2.133518834,0.062958609,0.064981593,0.064981593
-72.91957948,0.039177811,11392534222,1.14E-05,16817815689,5.83E-06,1.9387E+11,1.10E-05,1.04E-06,2.13000681,0.121241977,0.189690189,0.189690189
-40.57347798,0.027703869,15315428297,8.84E-06,12270987844,8.77E-06,2.01454E+11,1.19E-05,1.84E-05,1.167046261,0.074696109,0.083587638,0.083587638
-53.28431933,0.037946313,12177559795,1.03E-05,36547811414,6.35E-06,2.09626E+11,1.17E-05,6.18E-06,1.885110392,0.098535596,0.125772115,0.125772115
-72.53314788,0.022256015,11163646926,1.05E-05,10175957821,1.01E-05,2.05266E+11,1.08E-05,2.57E-06,2.559378021,0.09652171,0.176969744,0.176969744
-112.3590236,0.032369074,16752004975,9.00E-06,30273879691,1.06E-05,2.0929E+11,1.17E-05,2.65E-05,2.630290008,0.208427981,0.24024252,0.24024252
-112.8234496,0.022825133,9867213753,8.76E-06,37745318073,5.43E-06,1.96497E+11,1.11E-05,2.76E-05,1.625097106,0.179388876,0.224250073,0.224250073
-58.56709813,0.033120214,7597788003,8.80E-06,25204150739,5.13E-06,2.08987E+11,1.20E-05,2.00E-06,0.978922493,0.115395643,0.117119395,0.117119395
-112.4181969,0.035272082,6379700896,1.10E-05,13009336996,9.21E-06,1.99606E+11,1.10E-05,4.65E-05,0.955561788,0.18483857,0.285372752,0.285372752
-59.28668875,0.024418582,14750077796,1.27E-05,21333772080,1.10E-05,1.91279E+11,1.27E-05,3.93E-06,0.588544508,0.100396546,0.172798082,0.172798082
-25.5316216,0.037857035,17448041897,9.12E-06,19277766976,9.61E-06,2.0719E+11,1.06E-05,2.25E-05,1.259828043,0.043224674,0.054892428,0.054892428
-68.07731334,0.025599689,12220386473,9.15E-06,11459657660,1.09E-05,1.93708E+11,1.11E-05,3.28E-06,2.665080594,0.107836863,0.147640821,0.147640821
-55.66892088,0.025218521,17196194496,1.09E-05,27456463550,6.69E-06,1.99122E+11,1.08E-05,6.80E-06,0.784201833,0.079506431,0.136948914,0.136948914
-114.7375635,0.022288721,9588573644,1.03E-05,36936634365,6.52E-06,1.97149E+11,1.09E-05,2.61E-05,2.946934298,0.156599767,0.26798034,0.26798034
-63.37107564,0.03369705,10186077273,1.01E-05,14303679761,7.23E-06,2.0984E+11,1.10E-05,1.58E-06,0.506167667,0.108557358,0.14536665,0.14536665
-52.24664978,0.033763483,10400968216,9.89E-06,11535186322,6.92E-06,1.99895E+11,1.05E-05,5.65E-06,2.866601912,0.081346269,0.119079753,0.119079753
-88.12732521,0.039608217,10383244447,1.29E-05,10641935990,8.08E-06,2.0597E+11,1.24E-05,6.59E-06,0.944776209,0.168699869,0.260705413,0.260705413
-102.1808942,0.030994575,8719859935,9.97E-06,17498153565,6.73E-06,1.94851E+11,1.26E-05,4.43E-05,0.517757515,0.206522815,0.230753625,0.230753625
-69.89253737,0.036991885,16978922275,8.50E-06,17629745300,8.77E-06,2.01574E+11,1.13E-05,3.94E-06,1.088171531,0.131705034,0.139571782,0.139571782
-75.12108849,0.033013624,19890921721,8.85E-06,36085409608,8.57E-06,1.9389E+11,1.19E-05,5.80E-06,0.829694597,0.147110667,0.154831702,0.154831702
-78.15166002,0.028241353,14945513613,1.12E-05,25954711660,7.01E-06,1.99828E+11,1.11E-05,2.99E-06,1.184217039,0.117025915,0.198840876,0.198840876
-25.72655131,0.038461393,9966124613,1.24E-05,13452598551,6.98E-06,1.9213E+11,1.06E-05,1.13E-05,0.55497642,0.040333876,0.072317129,0.072317129
-105.7515322,0.035675463,6917767643,8.94E-06,10822062125,9.77E-06,1.99104E+11,1.19E-05,1.97E-06,1.648323788,0.20686025,0.223349792,0.223349792
-44.00725956,0.02019601,13414507255,1.25E-05,12151062066,6.72E-06,2.09282E+11,1.12E-05,4.59E-06,0.872921059,0.053834004,0.123482746,0.123482746
-70.63667501,0.034857618,17067687574,8.36E-06,28686833406,8.27E-06,1.99887E+11,1.06E-05,2.78E-06,0.539319745,0.124470806,0.137142095,0.137142095
-71.13403341,0.038612688,8803269273,1.08E-05,30277573203,1.07E-05,1.99137E+11,1.27E-05,1.05E-05,0.794454835,0.147667906,0.179577306,0.179577306
-101.1470335,0.032046716,6945297414,9.15E-06,17246825910,1.03E-05,1.96267E+11,1.28E-05,8.85E-06,1.528654552,0.210098482,0.21878273,0.21878273
-24.91074935,0.039467035,15875667152,8.75E-06,34110704012,5.53E-06,2.02009E+11,1.11E-05,1.05E-06,0.574202138,0.046857659,0.049645258,0.049645258
-48.33411485,0.023803007,5818347806,1.21E-05,37430703287,7.47E-06,1.96828E+11,1.25E-05,1.67E-06,0.685403811,0.080338365,0.131729086,0.131729086
-112.1413899,0.030003535,7133304355,9.30E-06,16297412645,5.35E-06,2.06201E+11,1.05E-05,1.45E-05,0.785403549,0.177637322,0.235892801,0.235892801
-65.76570836,0.038439302,6361679624,9.92E-06,10891699820,8.06E-06,1.98857E+11,1.22E-05,3.61E-06,1.53329309,0.131403891,0.151515319,0.151515319
-87.69244149,0.03540859,19432076888,1.18E-05,34068788912,9.45E-06,2.07095E+11,1.22E-05,3.42E-05,1.074090995,0.16290244,0.238283155,0.238283155
-65.8713335,0.038042625,10550345369,8.24E-06,18287299721,7.86E-06,1.99342E+11,1.17E-05,5.19E-06,1.350854815,0.130704286,0.127218486,0.130704286
-31.25998043,0.029974993,8916246220,9.24E-06,33724367397,9.60E-06,2.02108E+11,1.07E-05,3.49E-05,0.520092866,0.051666479,0.067065399,0.067065399
-60.07685675,0.024749273,15026721737,1.19E-05,13144798894,1.10E-05,2.09365E+11,1.18E-05,1.03E-06,0.947496826,0.091964999,0.164836999,0.164836999
-95.96666164,0.029836002,5167016165,1.05E-05,38046202987,1.03E-05,2.00857E+11,1.05E-05,3.58E-06,1.36404592,0.140058255,0.235499523,0.235499523
-117.0813777,0.033966983,7449169360,8.90E-06,26432950762,1.06E-05,1.92952E+11,1.15E-05,1.07E-06,0.66010379,0.221672811,0.245629295,0.245629295
-62.12573434,0.025264736,10066039433,1.19E-05,25718836834,6.32E-06,1.97878E+11,1.28E-05,1.02E-05,1.55453688,0.107601479,0.166270689,0.166270689
-88.37585344,0.03786111,15374289993,1.12E-05,32563378299,7.37E-06,2.08151E+11,1.07E-05,4.84E-05,0.980530027,0.143397478,0.226426433,0.226426433
-115.2696253,0.028943583,16302279421,1.17E-05,19931474341,1.08E-05,2.068E+11,1.27E-05,3.62E-05,0.755102353,0.214570868,0.31167585,0.31167585
-90.19267724,0.037007555,5126359693,9.31E-06,32982807502,8.45E-06,1.92051E+11,1.18E-05,2.29E-06,1.976822994,0.173099775,0.196294891,0.196294891
-98.18411266,0.020460128,6717163391,1.01E-05,18681238221,1.03E-05,2.01365E+11,1.17E-05,1.56E-05,0.759857171,0.154967236,0.229683,0.229683
-75.26400647,0.034156315,13073920387,8.40E-06,16441927653,7.03E-06,1.93907E+11,1.19E-05,1.00E-06,1.364331006,0.148361122,0.146643102,0.148361122
-103.3092098,0.025278479,18811915239,9.98E-06,25354707343,5.78E-06,2.05037E+11,1.25E-05,1.86E-05,1.375245455,0.190273544,0.233469496,0.233469496
-22.52072394,0.03426208,15434955559,8.77E-06,29300400516,9.20E-06,1.97108E+11,1.23E-05,1.74E-05,2.609323949,0.0454858,0.046605401,0.046605401
-25.59436131,0.039214326,7989379997,9.96E-06,12401955031,6.29E-06,1.9772E+11,1.12E-05,8.20E-06,1.32360643,0.045719067,0.058473708,0.058473708
-87.26449213,0.037322225,10892075554,1.24E-05,39747851867,1.10E-05,1.95437E+11,1.17E-05,1.42E-06,0.706075984,0.15417977,0.250408794,0.250408794
-74.14313109,0.027851166,8744846243,1.16E-05,11201864133,6.50E-06,2.03598E+11,1.09E-05,4.89E-05,0.500881247,0.110860157,0.192691664,0.192691664
-96.91436823,0.031690034,7532539487,1.17E-05,12782237361,1.10E-05,1.93339E+11,1.23E-05,2.95E-06,1.021214245,0.175767158,0.264837372,0.264837372
-76.13822946,0.039188335,12320883659,8.69E-06,14445324094,8.46E-06,1.90366E+11,1.22E-05,3.73E-06,0.704270234,0.160330818,0.15443649,0.160330818
-27.52886767,0.025624001,14261770948,1.18E-05,33880656834,8.80E-06,2.06168E+11,1.13E-05,4.98E-06,0.615810093,0.040422282,0.074074537,0.074074537
-80.16025878,0.031374765,8634056835,9.81E-06,29505759154,9.68E-06,2.00774E+11,1.19E-05,9.30E-06,0.571707439,0.151569155,0.182300124,0.182300124
-89.64402062,0.025693649,5411760867,8.26E-06,38972636282,8.75E-06,2.05618E+11,1.27E-05,1.70E-05,0.697925028,0.183720635,0.172110915,0.183720635
-114.686455,0.022737141,13596434404,9.67E-06,33180878713,7.71E-06,1.93584E+11,1.23E-05,1.06E-06,1.297188132,0.203431935,0.254237038,0.254237038
-96.30290057,0.029347389,9200471364,9.49E-06,31114651346,9.99E-06,2.0805E+11,1.26E-05,1.04E-06,1.795612,0.189943675,0.214743481,0.214743481
-98.40390625,0.022132576,19670133524,1.18E-05,16015907139,8.07E-06,1.97538E+11,1.17E-05,2.35E-05,0.702376704,0.145522555,0.261723827,0.261723827
-42.17790412,0.037170684,18646441999,8.75E-06,21287493266,9.00E-06,1.95389E+11,1.06E-05,2.03E-05,1.818238149,0.072407309,0.087023099,0.087023099
-69.92545779,0.034847072,8343275030,1.01E-05,38621451435,5.10E-06,1.98663E+11,1.17E-05,1.39E-06,0.847612007,0.129753181,0.160159816,0.160159816
-28.99082859,0.020656756,5052517580,1.13E-05,17244950900,1.10E-05,2.04888E+11,1.13E-05,1.68E-06,1.890406225,0.038209385,0.07599874,0.07599874
-65.50589517,0.026473153,8399992063,1.15E-05,18782961442,6.22E-06,2.08899E+11,1.26E-05,9.07E-06,2.137699508,0.113744677,0.169961033,0.169961033
-56.7383056,0.032683448,7695358927,9.85E-06,25150310698,5.40E-06,1.97566E+11,1.26E-05,1.12E-06,0.808412425,0.114580887,0.126428869,0.126428869
-70.58056615,0.0347406,12617767152,1.10E-05,16260874263,8.19E-06,2.04716E+11,1.10E-05,6.92E-06,0.811368986,0.116259119,0.17871765,0.17871765
-113.4241652,0.029578142,9128869174,1.22E-05,30491281644,8.40E-06,2.03619E+11,1.12E-05,2.37E-05,2.565937483,0.164677876,0.318375389,0.318375389
-20.07374532,0.026625886,6661292005,1.13E-05,29741985913,1.10E-05,1.99104E+11,1.22E-05,6.77E-06,0.538881995,0.035010236,0.052478972,0.052478972
-90.74477994,0.035982851,5364447356,8.04E-06,15654948603,7.96E-06,2.02728E+11,1.14E-05,3.70E-05,1.212787136,0.174974058,0.170879398,0.174974058
-44.91699881,0.029230108,5077555566,1.26E-05,11493238117,1.10E-05,1.90222E+11,1.25E-05,2.30E-05,0.576654887,0.079400569,0.130572771,0.130572771
-84.11506694,0.037139935,19063809726,8.57E-06,15187599115,6.88E-06,1.90776E+11,1.07E-05,1.29E-05,1.781642485,0.146200776,0.167266875,0.167266875
-56.88683206,0.023004619,5348077526,1.18E-05,24517388142,1.10E-05,1.91521E+11,1.23E-05,2.36E-05,1.083777646,0.090399658,0.155450935,0.155450935
-34.33918025,0.027721324,19884685885,1.22E-05,22794491064,1.10E-05,2.02205E+11,1.20E-05,2.89E-05,1.192791443,0.055502233,0.097262262,0.097262262
-60.00442068,0.021989392,10002727857,1.16E-05,33171116176,1.07E-05,2.00699E+11,1.28E-05,2.84E-06,0.64835546,0.103076798,0.159372297,0.159372297
-23.30536336,0.036651845,8037578057,9.58E-06,12572617411,1.01E-05,1.99362E+11,1.24E-05,1.71E-06,0.739676539,0.048158491,0.052325763,0.052325763
-47.38460902,0.037410164,10217833297,1.11E-05,15392904617,1.02E-05,2.02776E+11,1.28E-05,2.67E-05,0.651146245,0.098883,0.121848091,0.121848091
-45.42746002,0.037602671,11392797131,1.29E-05,10495594220,1.10E-05,1.96039E+11,1.20E-05,1.89E-05,1.838494042,0.079676622,0.136350972,0.136350972
-33.95493453,0.038657192,15529967572,9.12E-06,16001450150,5.28E-06,2.08841E+11,1.15E-05,1.93E-05,0.598877987,0.0655827,0.070285467,0.070285467
-99.68467379,0.035998082,16700129671,1.06E-05,17935494870,1.03E-05,1.91748E+11,1.24E-05,1.59E-06,0.537377584,0.200978478,0.244635132,0.244635132
-86.67486133,0.021339204,6247364959,8.00E-06,11491725011,5.90E-06,1.98076E+11,1.24E-05,1.03E-05,1.134502064,0.165390729,0.158041031,0.165390729
-114.6482724,0.032259761,11997720233,8.02E-06,29354808891,8.02E-06,2.01596E+11,1.25E-05,7.26E-06,1.266722928,0.241411467,0.215170244,0.241411467
-80.7010488,0.035500862,17505924423,1.00E-05,19072911379,1.03E-05,2.07249E+11,1.11E-05,1.75E-05,0.718859498,0.141396125,0.189496786,0.189496786
-97.76858727,0.026916103,5942792582,1.10E-05,16264755184,1.10E-05,2.03773E+11,1.13E-05,6.29E-06,0.804723611,0.151680696,0.248864326,0.248864326
-23.46602963,0.03773547,6177980534,1.20E-05,10865618120,1.06E-05,2.05952E+11,1.20E-05,1.86E-06,0.804458005,0.04332591,0.06537841,0.06537841
-92.2107531,0.02999291,5343382943,1.17E-05,32899342588,7.54E-06,1.97846E+11,1.06E-05,1.56E-06,0.948044332,0.131262968,0.245266684,0.245266684
-81.90180207,0.029771724,16279150526,1.21E-05,25773339840,1.00E-05,1.91785E+11,1.11E-05,1.35E-06,1.741528509,0.118661933,0.229508962,0.229508962
-47.8866902,0.038787909,5164261967,8.82E-06,20323046146,8.03E-06,1.91261E+11,1.11E-05,2.43E-05,2.710444782,0.087704162,0.09900363,0.09900363
-112.779844,0.028049628,7125491527,1.09E-05,16591657703,1.10E-05,2.05368E+11,1.27E-05,1.46E-06,2.511523341,0.20757392,0.287029431,0.287029431
-21.97312959,0.029857884,9032346994,1.01E-05,15175069136,9.01E-06,1.97995E+11,1.27E-05,1.53E-06,2.616102655,0.042724636,0.051646998,0.051646998
-109.4596138,0.03132209,6185383524,8.01E-06,16386280495,6.65E-06,2.09465E+11,1.09E-05,1.24E-05,2.444067776,0.189311146,0.203328989,0.203328989
-107.2672699,0.028592735,9862849035,1.08E-05,38739257310,1.04E-05,1.9114E+11,1.07E-05,4.78E-06,2.548302868,0.154521524,0.271499133,0.271499133
-62.31360521,0.033563885,7900695158,1.02E-05,28222550393,1.04E-05,2.02074E+11,1.27E-05,5.86E-06,1.671725014,0.125249433,0.149186473,0.149186473
-114.1407149,0.029848923,10700183622,9.30E-06,11159464396,1.02E-05,2.02303E+11,1.17E-05,2.64E-05,0.721443896,0.208860685,0.248292174,0.248292174
-119.5306913,0.034580555,9454647974,1.10E-05,39521676705,1.10E-05,2.06961E+11,1.26E-05,8.20E-06,0.832943089,0.238158522,0.306931336,0.306931336
-90.9961704,0.028203485,19733817008,9.08E-06,23347340436,7.91E-06,1.97251E+11,1.13E-05,9.76E-06,1.615052335,0.154330198,0.191385329,0.191385329
-42.58689641,0.035605699,9431751439,9.61E-06,11120973655,6.51E-06,2.07409E+11,1.14E-05,8.30E-06,2.146461674,0.076084719,0.09423688,0.09423688
-112.9640509,0.034467327,8056981112,8.81E-06,23605888590,9.26E-06,2.00649E+11,1.28E-05,9.54E-06,1.299162542,0.242343481,0.234024045,0.242343481
-56.94947768,0.035347214,13551381900,1.07E-05,22333955357,1.04E-05,2.06788E+11,1.06E-05,1.21E-06,0.545111102,0.091727356,0.141689768,0.141689768
-61.14340619,0.035256147,6832022339,9.15E-06,24556915199,6.77E-06,1.91337E+11,1.10E-05,6.21E-06,0.550877357,0.109119383,0.127844168,0.127844168
-108.5090554,0.029724412,10863041243,1.15E-05,10222137664,1.10E-05,1.98325E+11,1.24E-05,7.12E-06,0.625763064,0.200295646,0.289566958,0.289566958
-37.26296664,0.022061997,10531489834,1.21E-05,34269094804,1.10E-05,1.97448E+11,1.21E-05,3.08E-05,0.808950841,0.056043482,0.104045438,0.104045438
-20.69446965,0.020715579,13525402247,9.42E-06,12975919011,1.00E-05,2.07912E+11,1.23E-05,1.23E-06,0.725881145,0.036642726,0.045258207,0.045258207
-48.91655574,0.037586638,5606870183,1.20E-05,14657449846,8.32E-06,1.91059E+11,1.17E-05,1.21E-05,1.118631764,0.086108061,0.135352144,0.135352144
-26.56406564,0.037546601,6661241404,9.32E-06,31672488237,5.18E-06,1.97321E+11,1.27E-05,3.03E-06,2.152070609,0.056478337,0.056566226,0.056566226
-81.66383583,0.023264044,16915868541,1.11E-05,37350177741,1.06E-05,2.00635E+11,1.09E-05,1.15E-05,2.649114736,0.108823458,0.210813057,0.210813057
-89.41028723,0.023659845,9601400043,1.08E-05,16081938765,9.73E-06,1.95047E+11,1.22E-05,3.06E-05,1.05395221,0.150051859,0.222738145,0.222738145
-48.63754689,0.038009998,6833746868,1.10E-05,31390852004,1.10E-05,1.9096E+11,1.22E-05,4.40E-05,1.295138844,0.093951821,0.125369824,0.125369824
-103.5213435,0.028760301,13582663767,1.19E-05,32006024856,1.10E-05,1.98849E+11,1.05E-05,2.12E-06,1.393095869,0.138556069,0.285535186,0.285535186
-62.97659396,0.031416084,9740606859,1.21E-05,23958351040,8.49E-06,2.07176E+11,1.07E-05,1.15E-06,0.880155641,0.090508888,0.173969981,0.173969981
-30.9843631,0.026075674,8845647247,1.10E-05,27371088117,1.07E-05,1.94866E+11,1.20E-05,1.43E-05,0.616980293,0.052746366,0.079036013,0.079036013
-119.9408526,0.029061684,5403892467,1.20E-05,25037509687,8.60E-06,2.04369E+11,1.19E-05,2.67E-05,1.156023737,0.195899729,0.32865431,0.32865431
-51.1611858,0.024812342,16969910133,1.17E-05,16267891922,8.08E-06,2.02176E+11,1.26E-05,4.48E-05,1.55979037,0.086787062,0.13614361,0.13614361
-96.43584756,0.028212827,5878105282,1.14E-05,20308133658,5.47E-06,1.92541E+11,1.19E-05,4.76E-05,1.622364015,0.158983492,0.24759875,0.24759875
-77.76565514,0.030557657,5040554370,8.64E-06,21691926507,9.81E-06,1.98709E+11,1.16E-05,3.70E-06,2.800934522,0.141763242,0.159062126,0.159062126
-101.8320289,0.025706355,16031757407,9.51E-06,10630220077,9.38E-06,1.90126E+11,1.16E-05,4.99E-06,0.701540326,0.176418631,0.224296205,0.224296205
-110.5599439,0.022291864,17827406926,9.20E-06,14118551493,8.95E-06,2.05745E+11,1.18E-05,3.19E-05,1.585629983,0.185613202,0.236369582,0.236369582
-66.12274888,0.032957355,9816955460,9.48E-06,33980184951,6.13E-06,1.90511E+11,1.28E-05,6.60E-06,1.100018995,0.138475882,0.143179389,0.143179389
-24.78483791,0.025650568,18979842781,9.64E-06,37856628081,9.58E-06,2.07627E+11,1.29E-05,3.17E-06,1.079550693,0.048566404,0.055614215,0.055614215
-22.77564485,0.028972539,14615243317,1.27E-05,10122458243,1.10E-05,1.93517E+11,1.18E-05,1.21E-05,1.661333374,0.03527684,0.06689837,0.06689837
-76.66729043,0.036083129,15124684524,8.22E-06,13794164448,9.28E-06,1.99527E+11,1.06E-05,1.82E-06,0.800101246,0.135258094,0.148587522,0.148587522
-64.11669783,0.027317234,18264999786,1.01E-05,37560468462,9.85E-06,2.01068E+11,1.29E-05,2.31E-05,2.313389561,0.124020828,0.151911832,0.151911832
-47.63264166,0.035847638,6528611419,9.34E-06,16682422354,6.86E-06,1.92233E+11,1.21E-05,2.75E-06,1.761393592,0.094020697,0.102754584,0.102754584
-50.10896628,0.034905297,13401197969,1.14E-05,28649186293,1.10E-05,2.04944E+11,1.25E-05,1.14E-05,1.379004593,0.096110951,0.134041557,0.134041557
-65.66449697,0.025143228,13252745390,1.13E-05,18118193942,1.10E-05,1.94752E+11,1.25E-05,2.81E-05,1.567998033,0.11283185,0.173310634,0.173310634
-66.22359703,0.032571482,7851187673,8.96E-06,31757864155,1.06E-05,2.09791E+11,1.22E-05,6.65E-06,2.910385177,0.129172738,0.14106661,0.14106661
-34.60573028,0.028219962,5309462251,1.29E-05,20655287073,1.10E-05,1.97787E+11,1.29E-05,1.99E-05,2.133950707,0.059884728,0.103491451,0.103491451
-34.3034155,0.029830105,11373191633,1.27E-05,29678838391,6.03E-06,1.94715E+11,1.22E-05,1.31E-05,2.820491457,0.056068193,0.098804621,0.098804621
-26.24750904,0.035655639,7756107702,1.06E-05,10767508476,7.84E-06,2.00637E+11,1.24E-05,1.02E-06,2.157044066,0.051152236,0.06405219,0.06405219
-91.32620535,0.022246557,7004457632,9.02E-06,15142577873,7.14E-06,2.08027E+11,1.28E-05,5.48E-06,0.800609025,0.1779638,0.187894531,0.187894531
-82.4047017,0.024787028,8155301153,9.64E-06,32138527648,9.93E-06,1.96571E+11,1.19E-05,3.82E-06,0.529647194,0.146147537,0.183584473,0.183584473
-118.5214682,0.020414336,10127130842,1.09E-05,37024473378,1.10E-05,2.05402E+11,1.10E-05,3.04E-06,1.206922509,0.15677868,0.299688666,0.299688666
-32.40760465,0.028856073,13915957747,8.02E-06,14834534315,8.30E-06,1.9126E+11,1.19E-05,2.04E-05,1.055937823,0.06245668,0.060805464,0.06245668
-101.9363821,0.033002885,12421589426,9.75E-06,23606271104,9.99E-06,1.95979E+11,1.18E-05,4.11E-05,1.72265893,0.188611709,0.233558502,0.233558502
-79.28589314,0.034477994,13157924157,9.26E-06,20198989761,7.94E-06,1.91543E+11,1.12E-05,4.78E-05,1.764283843,0.140619988,0.170695243,0.170695243
-109.6036904,0.031223932,6745997080,8.26E-06,21410348343,7.90E-06,2.08047E+11,1.05E-05,2.31E-05,2.946053793,0.178717157,0.211868061,0.211868061
-117.7144539,0.02515214,5652883152,1.11E-05,11949870273,1.10E-05,1.93296E+11,1.18E-05,1.22E-06,2.242500416,0.184201811,0.304180563,0.304180563
-115.4009361,0.020533982,12059663937,1.11E-05,12223265379,6.05E-06,2.04531E+11,1.08E-05,9.25E-06,0.625211458,0.151420983,0.285217494,0.285217494
-81.20752353,0.028509555,9572102777,1.26E-05,17364588230,1.10E-05,2.06546E+11,1.27E-05,1.40E-06,1.902710465,0.140366217,0.238224353,0.238224353
-100.1189476,0.036885589,8121112446,1.24E-05,13257710143,1.10E-05,2.06512E+11,1.22E-05,9.94E-06,0.656659624,0.185967641,0.288359225,0.288359225
-49.92585793,0.025920303,5617895739,1.13E-05,16549758845,1.09E-05,1.90091E+11,1.12E-05,2.39E-06,2.58802221,0.071496997,0.131359009,0.131359009
-36.5297628,0.039665142,6252494128,1.17E-05,17597727365,6.33E-06,1.99508E+11,1.17E-05,1.28E-06,0.776763168,0.067112113,0.097489347,0.097489347
-74.94022161,0.022004893,5092052132,1.20E-05,38398356596,5.38E-06,2.01701E+11,1.27E-05,2.36E-05,1.145990438,0.121659398,0.201125491,0.201125491
-72.56000717,0.021758273,12125452187,1.01E-05,38548154188,1.02E-05,2.00811E+11,1.09E-05,7.85E-06,2.539057845,0.099405608,0.17132749,0.17132749
-86.02835993,0.022522181,11047497318,8.11E-06,30519297584,7.09E-06,2.01228E+11,1.07E-05,1.52E-06,2.242798232,0.132769152,0.161240095,0.161240095
-103.4284549,0.038283299,5057916110,9.73E-06,10326362095,1.01E-05,1.99627E+11,1.11E-05,4.47E-05,1.807480936,0.182423383,0.237504501,0.237504501
-101.056805,0.02520956,5786675439,8.54E-06,11800301844,5.88E-06,1.93808E+11,1.30E-05,7.34E-06,0.519403011,0.212989396,0.194747613,0.212989396
-32.75127819,0.028784087,9750412672,9.40E-06,11001224739,6.35E-06,1.91375E+11,1.26E-05,1.21E-06,1.276312812,0.064655659,0.070359572,0.070359572
-21.49214353,0.03777554,12715643821,9.16E-06,21506122477,9.45E-06,2.02056E+11,1.06E-05,3.04E-06,1.868586265,0.036452023,0.046420414,0.046420414
-45.34695286,0.034343941,6587865151,9.17E-06,30454242462,7.67E-06,1.97681E+11,1.25E-05,5.77E-06,1.499358897,0.092960559,0.096459225,0.096459225
-80.17761418,0.038073839,10821176981,9.54E-06,32691542755,1.09E-05,2.02743E+11,1.22E-05,1.66E-05,1.157553154,0.163238404,0.181268067,0.181268067
-62.54156557,0.030686223,7912588982,1.10E-05,38423539314,7.87E-06,2.04384E+11,1.11E-05,1.68E-05,2.92062686,0.096086177,0.159051121,0.159051121
-33.8126236,0.020834026,10210247160,1.23E-05,11954983668,6.06E-06,2.0799E+11,1.07E-05,2.24E-05,0.567311255,0.040537381,0.092289909,0.092289909
-98.72546996,0.034984017,6698164636,9.33E-06,26415019028,7.17E-06,2.04054E+11,1.27E-05,3.15E-05,1.220874521,0.207197707,0.212531561,0.212531561
-50.56494828,0.033991262,5460298550,8.00E-06,27043439661,5.83E-06,1.93574E+11,1.29E-05,7.45E-06,0.671396365,0.113057815,0.092572322,0.113057815
-112.3401506,0.03604121,9692319797,1.27E-05,28622659288,7.14E-06,1.98513E+11,1.08E-05,2.04E-06,2.20303812,0.165775403,0.326717494,0.326717494
-78.81553822,0.029678889,17971361738,1.06E-05,25521189026,1.09E-05,2.02444E+11,1.25E-05,1.16E-05,1.775030994,0.147169946,0.196541252,0.196541252
-62.60002356,0.023288008,5278074097,1.21E-05,11287693957,7.15E-06,2.05708E+11,1.13E-05,4.48E-06,0.90532012,0.085417048,0.170780246,0.170780246
-28.32995468,0.020137112,5409733314,1.19E-05,12843505061,6.44E-06,2.0723E+11,1.27E-05,4.18E-06,2.796467561,0.04337928,0.07628034,0.07628034
-113.9862529,0.024608457,14922048258,9.33E-06,14708363991,7.61E-06,1.9302E+11,1.25E-05,6.84E-06,0.756038249,0.216937933,0.243330445,0.243330445
-119.7244004,0.034099282,10762831247,1.15E-05,17156014502,1.10E-05,2.07045E+11,1.18E-05,2.22E-06,1.420247861,0.210192379,0.322288529,0.322288529
-118.0506516,0.022942882,7342577059,9.72E-06,18664386497,1.02E-05,1.98004E+11,1.27E-05,2.84E-06,1.376970279,0.216990467,0.267797121,0.267797121
-63.91554222,0.022418167,14992034800,1.11E-05,21612775163,6.11E-06,2.08138E+11,1.20E-05,4.64E-06,0.535680488,0.1032726,0.15824394,0.15824394
-106.5856805,0.033151249,18853039760,1.14E-05,23313895652,5.78E-06,2.08033E+11,1.21E-05,1.07E-05,0.553048584,0.199007072,0.273656157,0.273656157
-116.5135711,0.03949465,6914783758,1.15E-05,19267402664,1.10E-05,1.95621E+11,1.29E-05,2.55E-05,2.538090157,0.23921636,0.314945575,0.314945575
-52.3680016,0.023486749,5889281178,1.05E-05,12136908047,7.38E-06,1.99293E+11,1.17E-05,3.01E-05,0.677177168,0.08448278,0.125040005,0.125040005
-100.2329965,0.021896954,16408465241,1.27E-05,21765381772,6.38E-06,1.99308E+11,1.06E-05,6.87E-06,2.318529054,0.107838543,0.279254513,0.279254513
-85.52174946,0.029034859,5498292093,1.13E-05,13643568174,7.96E-06,2.0861E+11,1.18E-05,1.00E-06,1.001115646,0.142401234,0.221668436,0.221668436
-34.97363684,0.031177264,18452547392,1.02E-05,17085266204,7.53E-06,2.02026E+11,1.07E-05,1.45E-05,0.666678613,0.055343088,0.081782049,0.081782049
-93.86005139,0.037021431,16513664286,1.03E-05,11571234655,7.39E-06,1.91947E+11,1.24E-05,4.12E-06,0.533878471,0.193247765,0.221216963,0.221216963
-74.99915666,0.038464275,12251010415,9.00E-06,25327625944,9.22E-06,1.91105E+11,1.09E-05,3.43E-05,0.513039618,0.136135105,0.157409255,0.157409255
-32.72938225,0.020484974,10441142445,1.02E-05,30114185328,7.17E-06,1.98907E+11,1.06E-05,1.38E-06,0.619975797,0.043837004,0.075363984,0.075363984
-26.46106182,0.026990385,8681901198,8.26E-06,32590424903,8.25E-06,1.94025E+11,1.22E-05,1.94E-06,0.519044474,0.052508035,0.050498731,0.052508035
-39.93065319,0.026117599,8813953548,1.16E-05,24356996532,6.04E-06,1.94322E+11,1.26E-05,7.92E-06,1.78822414,0.068758492,0.104481115,0.104481115
-85.61437744,0.026742327,6445174567,1.17E-05,24586075118,1.10E-05,2.04375E+11,1.07E-05,7.91E-06,1.527885875,0.114979014,0.233029624,0.233029624
-33.02309873,0.038090489,10215778854,1.11E-05,14004305198,5.13E-06,1.94462E+11,1.13E-05,1.66E-06,1.687918949,0.056919734,0.083002551,0.083002551
-73.86334573,0.026896278,14680918310,9.30E-06,15764576092,9.27E-06,2.06064E+11,1.15E-05,7.77E-06,2.684904772,0.124040104,0.160848645,0.160848645
-78.71063329,0.038733632,9724595704,8.35E-06,16471231316,7.88E-06,1.99279E+11,1.05E-05,1.28E-05,0.595504844,0.139687357,0.152713523,0.152713523
-95.63776645,0.03310927,6182085635,9.97E-06,19440285202,7.27E-06,1.97792E+11,1.07E-05,1.98E-05,0.744099986,0.155672411,0.218379576,0.218379576
-89.57781018,0.024601307,5015419104,1.11E-05,18493999103,6.10E-06,1.90292E+11,1.27E-05,5.58E-06,0.600510312,0.162527881,0.221851201,0.221851201
-88.74078353,0.023159127,18363661429,1.12E-05,34190471738,9.26E-06,2.00396E+11,1.15E-05,3.91E-06,1.838719322,0.128545705,0.228872973,0.228872973
-90.46124398,0.028028401,7034969894,1.05E-05,21577825533,1.00E-05,1.96876E+11,1.24E-05,1.43E-06,0.518328795,0.171521217,0.218598195,0.218598195
-109.1789127,0.032633778,9859099547,8.25E-06,36329219515,8.60E-06,1.98623E+11,1.17E-05,3.08E-06,2.753861017,0.208368981,0.212304037,0.212304037
-113.5339477,0.036736398,15883821147,9.97E-06,10017451792,1.05E-05,2.05089E+11,1.30E-05,3.72E-06,0.722130694,0.246792429,0.264951068,0.264951068
-22.62247389,0.023122442,9896898854,1.10E-05,27777844774,9.44E-06,2.06779E+11,1.26E-05,2.25E-05,0.643811465,0.039854096,0.056959565,0.056959565
-68.12125999,0.03838405,14682879089,1.18E-05,28769295826,1.04E-05,1.98563E+11,1.18E-05,1.74E-05,1.253541216,0.123438121,0.186985913,0.186985913
-43.87534595,0.031095489,7042782659,8.58E-06,13194213561,8.15E-06,2.01945E+11,1.20E-05,9.18E-06,1.43885412,0.085012584,0.087842894,0.087842894
-56.64008206,0.023451691,7378379623,1.15E-05,13448573178,1.10E-05,2.05769E+11,1.25E-05,2.83E-06,1.759587008,0.093300529,0.151032002,0.151032002
-117.9636212,0.039386565,16190488721,8.79E-06,16643456708,7.63E-06,2.01183E+11,1.24E-05,6.58E-06,1.0641739,0.252304,0.241251611,0.252304
-71.04297551,0.020798548,16794368713,1.07E-05,16456161512,6.17E-06,1.92211E+11,1.14E-05,3.07E-06,0.974298668,0.10216385,0.170686582,0.170686582
-56.68537164,0.030368073,7635159783,1.19E-05,28325504171,6.93E-06,2.02257E+11,1.15E-05,4.09E-05,0.790152864,0.091238437,0.153039079,0.153039079
-115.5535913,0.039795601,14594663611,1.06E-05,31507515344,1.10E-05,1.97711E+11,1.12E-05,2.05E-06,1.232278402,0.204317096,0.289803013,0.289803013
-96.17218127,0.030603536,5842868034,1.24E-05,14513780078,1.10E-05,2.0918E+11,1.16E-05,1.97E-06,1.041460306,0.152606329,0.276690974,0.276690974
-35.0802317,0.028106557,11623714238,9.80E-06,39032101133,5.62E-06,1.99387E+11,1.13E-05,2.47E-05,1.447029906,0.057802303,0.077985144,0.077985144
-100.7131228,0.034513813,13732391951,9.05E-06,16706329823,9.45E-06,2.04323E+11,1.10E-05,5.25E-06,0.518031209,0.179910033,0.212170807,0.212170807
-119.1480554,0.025225391,16558848031,9.05E-06,11648344898,8.22E-06,2.00716E+11,1.24E-05,1.58E-06,0.894401102,0.228771648,0.248853939,0.248853939
-23.40778354,0.038026945,9622850506,1.04E-05,16625213700,6.43E-06,1.92915E+11,1.12E-05,2.50E-06,1.286089626,0.040772655,0.055948826,0.055948826
-111.0284565,0.025700112,5403303323,9.48E-06,22494751819,1.01E-05,1.9691E+11,1.14E-05,4.25E-06,1.248997601,0.183589599,0.246385324,0.246385324
-74.31894876,0.03560821,9492977166,1.16E-05,13876287115,9.67E-06,1.92172E+11,1.07E-05,2.02E-05,0.849498119,0.116083218,0.20003403,0.20003403
-42.33169143,0.034691657,15807886303,1.26E-05,14813753091,6.93E-06,1.99101E+11,1.19E-05,3.02E-06,1.407981698,0.072622615,0.121036655,0.121036655
-57.20270411,0.026802584,13530665840,1.30E-05,26212571360,8.20E-06,2.01597E+11,1.29E-05,1.77E-05,2.104889982,0.096491477,0.169099403,0.169099403
-27.57070502,0.026259039,6840003799,1.24E-05,29878796316,7.99E-06,2.04212E+11,1.20E-05,1.72E-05,2.410274136,0.04218717,0.077773439,0.077773439
-50.22899754,0.021562834,10354946010,1.06E-05,17387921986,1.03E-05,2.09875E+11,1.06E-05,1.09E-06,1.729759046,0.063442247,0.123697992,0.123697992
-97.20836113,0.028205851,5717288453,8.35E-06,34472043530,1.02E-05,1.99875E+11,1.08E-05,2.12E-05,2.252882554,0.160181667,0.19302251,0.19302251
-23.96398706,0.023258991,9281260825,1.08E-05,36375890424,8.89E-06,1.96297E+11,1.19E-05,3.77E-05,0.951922183,0.038487404,0.059441484,0.059441484
-114.7810425,0.032164507,14845260908,1.21E-05,12554909518,7.82E-06,2.02001E+11,1.21E-05,1.70E-05,1.523814588,0.198211248,0.317637684,0.317637684
-31.96398482,0.035139154,13942173871,9.36E-06,19575905433,8.88E-06,2.02312E+11,1.12E-05,1.05E-05,0.809494864,0.057589715,0.069698733,0.069698733
-107.1792266,0.030781241,13665180951,1.25E-05,13913423190,9.26E-06,2.08945E+11,1.27E-05,1.44E-06,0.587559621,0.199778135,0.304781682,0.304781682
-45.8816378,0.020501338,10653406320,1.09E-05,30995611262,1.06E-05,1.98587E+11,1.29E-05,7.40E-06,1.554132896,0.078365614,0.115770238,0.115770238
-32.24792134,0.035526245,6689172027,8.77E-06,26248506305,8.45E-06,1.9339E+11,1.26E-05,1.77E-06,0.522537612,0.069674088,0.0655563,0.069674088
-55.20070527,0.027563352,6257727481,1.06E-05,32152852698,7.81E-06,2.0062E+11,1.29E-05,5.40E-06,1.601361637,0.105859837,0.134285439,0.134285439
-118.3804074,0.035169311,5819999005,9.03E-06,35401687463,8.13E-06,2.0037E+11,1.21E-05,1.23E-06,1.404866354,0.23679237,0.249124032,0.249124032
-75.22469254,0.032726928,12204943502,9.56E-06,27419522286,8.65E-06,1.98987E+11,1.11E-05,9.56E-06,2.768496689,0.126696584,0.167928453,0.167928453
-67.39920015,0.034788921,5851519453,1.13E-05,16893250057,1.10E-05,2.0108E+11,1.12E-05,5.40E-06,0.80763841,0.112697065,0.177403416,0.177403416
-99.26086262,0.021474297,9947490387,1.07E-05,32495309098,1.03E-05,1.921E+11,1.12E-05,1.24E-06,2.576327462,0.136659314,0.24648388,0.24648388
-57.39236976,0.030029783,8091417889,1.06E-05,14429793563,1.05E-05,2.05448E+11,1.27E-05,4.40E-06,0.808097114,0.112005616,0.142023469,0.142023469
-46.79986231,0.036388163,5353655298,1.23E-05,26173128437,1.10E-05,1.90565E+11,1.14E-05,6.07E-06,1.777063709,0.077346782,0.134114485,0.134114485
-67.88055817,0.030731538,11894953460,8.94E-06,25544248495,9.11E-06,1.97871E+11,1.18E-05,1.52E-05,0.797005442,0.128699507,0.141539905,0.141539905
-91.7744145,0.037243678,6343730227,1.09E-05,16812521877,8.44E-06,2.0418E+11,1.20E-05,4.18E-05,1.017708004,0.17334453,0.231620629,0.231620629
-27.12792874,0.024955649,9213169924,1.03E-05,24957087717,6.91E-06,1.97098E+11,1.18E-05,2.55E-06,2.572318444,0.044240869,0.063743333,0.063743333
-91.62391191,0.034513774,9865777324,1.02E-05,22641618025,1.08E-05,1.94245E+11,1.05E-05,5.18E-06,0.67989955,0.1466976,0.218180009,0.218180009
-113.1448881,0.024384264,10492893527,9.76E-06,26088296434,6.94E-06,1.9004E+11,1.14E-05,6.36E-06,0.931222644,0.183005701,0.251334947,0.251334947
-53.32186499,0.032887993,17208451637,1.16E-05,26102470691,1.10E-05,1.94884E+11,1.14E-05,4.08E-05,1.311166603,0.087667999,0.144167615,0.144167615
-26.82278195,0.03884248,14735866807,1.17E-05,36833891406,1.10E-05,1.94454E+11,1.08E-05,5.77E-06,2.583550326,0.042722086,0.073686097,0.073686097
-108.2359363,0.025778178,6632730368,1.11E-05,22772714851,1.10E-05,1.93259E+11,1.07E-05,8.21E-06,0.721968362,0.152554885,0.277627563,0.277627563
-60.27534878,0.022411814,5053756886,1.23E-05,36712898825,8.01E-06,1.90917E+11,1.17E-05,1.52E-05,1.586924509,0.082636354,0.168171951,0.168171951
-109.3085459,0.036025843,8080912068,9.95E-06,31609721862,7.36E-06,2.099E+11,1.13E-05,1.28E-05,1.240689585,0.193342219,0.250763205,0.250763205
-27.28208535,0.02247612,11693141865,1.29E-05,12797600116,1.00E-05,2.07481E+11,1.28E-05,1.44E-05,0.898842663,0.043151635,0.080468616,0.080468616
-94.10861687,0.039161418,15081156531,8.19E-06,17167759629,1.09E-05,2.0219E+11,1.20E-05,6.15E-06,0.645481898,0.198594906,0.183869384,0.198594906
-86.4372919,0.020247119,11947091450,9.58E-06,35999204068,1.01E-05,1.93744E+11,1.06E-05,6.83E-06,1.164227553,0.116213888,0.192919137,0.192919137
-76.58886673,0.03757358,11278983846,9.15E-06,27667376634,9.21E-06,2.0116E+11,1.25E-05,4.10E-06,0.894826254,0.162534538,0.164153439,0.164153439
-107.8580614,0.0242596,10561164958,1.26E-05,21030392725,8.69E-06,2.07421E+11,1.18E-05,3.67E-05,0.719982002,0.159278524,0.308357648,0.308357648
-29.30361899,0.033937592,5105278454,1.16E-05,14192676986,7.71E-06,2.03114E+11,1.15E-05,2.33E-06,1.31033149,0.048825563,0.07789008,0.07789008
-76.03111726,0.030319453,13337833507,1.14E-05,36223408979,1.09E-05,2.07402E+11,1.28E-05,1.47E-06,0.655868816,0.146824215,0.200484989,0.200484989
-71.26351088,0.035068966,5286534952,1.08E-05,17411947705,1.04E-05,2.0087E+11,1.17E-05,1.12E-06,0.711171455,0.12915807,0.179147868,0.179147868
-100.977011,0.038966055,7448182540,9.70E-06,10211403829,9.85E-06,2.06759E+11,1.26E-05,7.04E-06,0.93955529,0.214361856,0.229764009,0.229764009
-30.33585928,0.031327157,8669421841,9.81E-06,15367685317,8.66E-06,2.08121E+11,1.14E-05,1.37E-06,1.371202448,0.052104759,0.069109207,0.069109207
-45.32629207,0.026067497,13846492396,9.11E-06,29192494791,5.32E-06,1.99143E+11,1.21E-05,3.63E-06,0.705557453,0.084516782,0.093066978,0.093066978
-59.75579995,0.03416797,13174258839,8.87E-06,20814396676,1.07E-05,1.90705E+11,1.25E-05,2.12E-06,0.795791501,0.125577776,0.125349815,0.125577776
-89.00822979,0.02170555,5990950345,9.85E-06,19807688820,9.73E-06,1.93246E+11,1.14E-05,5.17E-06,0.534926273,0.141526498,0.201684183,0.201684183
-93.39148578,0.032036297,9977636655,1.12E-05,28085699851,8.70E-06,1.93935E+11,1.18E-05,3.15E-06,0.991082449,0.162676851,0.239758601,0.239758601
-35.48085769,0.029800138,15387986649,8.80E-06,23787657024,6.45E-06,1.97563E+11,1.21E-05,2.29E-05,2.708081547,0.067525144,0.071914542,0.071914542
-21.72614346,0.036762522,18136694848,1.00E-05,36302955357,8.02E-06,2.08389E+11,1.29E-05,4.13E-06,0.689539486,0.04687557,0.050196025,0.050196025
-108.8679883,0.034181351,8572893390,1.28E-05,10411945785,1.10E-05,2.06951E+11,1.26E-05,1.89E-06,0.87032202,0.202959355,0.323321337,0.323321337
-41.44002022,0.021776982,5812018201,8.82E-06,11488828450,1.10E-05,1.98388E+11,1.13E-05,3.93E-05,1.721640177,0.065592174,0.086585957,0.086585957
-100.6186862,0.031544005,10652789801,1.24E-05,12940860273,5.28E-06,2.05719E+11,1.24E-05,2.27E-06,1.022879744,0.179879073,0.2792158,0.2792158
-102.5256288,0.029884975,14477060372,8.49E-06,18651618861,8.29E-06,2.06635E+11,1.20E-05,2.18E-05,2.941548077,0.195917875,0.203950979,0.203950979
-27.81292032,0.021667964,11964441718,1.16E-05,36586770784,1.10E-05,1.94347E+11,1.12E-05,3.38E-06,0.778598619,0.037658353,0.074504951,0.074504951
-36.49105615,0.037164996,8851933300,1.01E-05,15602644668,1.03E-05,2.02482E+11,1.27E-05,4.58E-05,0.859596818,0.076659309,0.086147405,0.086147405
-111.5838387,0.035279344,12270609868,1.21E-05,37274308948,1.10E-05,1.95092E+11,1.25E-05,2.30E-06,2.655139755,0.207161716,0.314889815,0.314889815
-31.56552337,0.024501115,7342076803,1.29E-05,21407439757,6.34E-06,1.97675E+11,1.28E-05,3.53E-06,0.687483007,0.052580867,0.090848426,0.090848426
-54.81449115,0.027066074,5392210540,1.23E-05,33330464030,8.29E-06,2.0444E+11,1.22E-05,5.90E-06,1.392466753,0.088592071,0.153449943,0.153449943
-118.6505908,0.02129691,9534256146,9.41E-06,15373770113,9.83E-06,2.07783E+11,1.09E-05,3.65E-05,1.17383993,0.173300121,0.259996255,0.259996255
-88.08086234,0.033813342,6522963385,8.55E-06,24054697733,8.89E-06,2.0336E+11,1.07E-05,1.88E-06,0.841894439,0.151039307,0.176249114,0.176249114
-71.79116751,0.023748008,5426317831,1.06E-05,12031072890,8.40E-06,1.92693E+11,1.09E-05,8.56E-06,1.178690419,0.101006433,0.175044123,0.175044123
-55.95988462,0.039684817,15460588870,9.81E-06,10327148257,8.91E-06,2.07282E+11,1.10E-05,1.10E-06,0.583651518,0.1011839,0.127322759,0.127322759
-20.95170116,0.025640981,13019324449,1.17E-05,14998883739,1.10E-05,1.98468E+11,1.11E-05,1.52E-06,2.412970316,0.028912059,0.057019497,0.057019497
-22.31368504,0.030486324,6353565459,1.12E-05,20949987022,7.22E-06,2.02131E+11,1.08E-05,1.11E-06,2.391062304,0.032502315,0.057370539,0.057370539
-106.3202583,0.023170403,5440200266,1.16E-05,13375184632,1.10E-05,2.06288E+11,1.23E-05,1.09E-05,0.701070104,0.174052853,0.283773037,0.283773037
-112.2059649,0.036546796,12256255701,1.24E-05,39002480143,1.10E-05,1.93638E+11,1.06E-05,1.83E-05,0.865662144,0.16892689,0.322448058,0.322448058
-98.58890049,0.022435087,8029749993,1.27E-05,35539374537,9.97E-06,2.08604E+11,1.13E-05,1.99E-06,0.607607767,0.129733682,0.285667201,0.285667201
-83.99916998,0.02753363,15113328784,1.19E-05,10332548847,1.10E-05,2.06682E+11,1.28E-05,5.54E-06,0.991808998,0.152725262,0.231569309,0.231569309
-92.11752275,0.036404215,7305176435,1.09E-05,14292782924,5.77E-06,1.90929E+11,1.26E-05,5.29E-06,0.826724693,0.186220313,0.227697511,0.227697511
-50.9723494,0.026281593,14484289747,1.28E-05,11538465838,8.47E-06,1.9094E+11,1.10E-05,5.57E-06,0.760914543,0.067934983,0.147966782,0.147966782
-46.0924895,0.024871621,15178005109,1.19E-05,14078495448,5.64E-06,2.05925E+11,1.28E-05,4.62E-05,2.333677016,0.078546334,0.123370625,0.123370625
-111.1341376,0.021277405,7229521309,1.05E-05,10339963882,1.02E-05,1.90205E+11,1.09E-05,1.08E-05,1.10551605,0.151296657,0.270217202,0.270217202
-105.302872,0.029602032,7322798809,1.26E-05,12879490762,6.64E-06,2.06159E+11,1.08E-05,1.35E-05,0.595826773,0.150025707,0.297801885,0.297801885
-64.90651701,0.027299174,14755976285,9.49E-06,14352142959,8.27E-06,2.00773E+11,1.24E-05,2.43E-05,2.515926701,0.122049817,0.142891076,0.142891076
-45.7765436,0.026166532,13575386308,9.19E-06,30671522432,9.63E-06,1.98584E+11,1.19E-05,9.36E-06,1.210856532,0.081833931,0.098324762,0.098324762
-78.81891894,0.022694049,15613370312,8.99E-06,18867102044,7.41E-06,2.08655E+11,1.09E-05,4.95E-05,2.277796573,0.117824063,0.163290426,0.163290426
-41.75832812,0.033207777,11071714780,8.73E-06,11501017749,9.15E-06,1.94629E+11,1.08E-05,1.06E-05,1.234761818,0.071672974,0.085635083,0.085635083
-117.5128463,0.022004116,7980676036,8.85E-06,16079933745,9.32E-06,1.98512E+11,1.25E-05,1.80E-06,1.451485029,0.218280433,0.242857619,0.242857619
-79.52153875,0.02957246,6439025788,8.58E-06,33804731697,8.74E-06,2.00608E+11,1.29E-05,1.30E-05,2.441418679,0.166259377,0.160074663,0.166259377
-78.69374507,0.028304854,14592455979,9.82E-06,13421361389,1.08E-05,2.07006E+11,1.10E-05,9.73E-06,2.522575611,0.123106532,0.182269531,0.182269531
-112.4833321,0.026516062,14411740471,1.18E-05,12164910580,1.07E-05,2.03101E+11,1.12E-05,2.19E-05,1.440805773,0.160831269,0.306714289,0.306714289
-47.96215669,0.039501024,6665535704,9.70E-06,31539514255,7.23E-06,2.09295E+11,1.11E-05,1.51E-06,1.115715701,0.086137215,0.107411586,0.107411586
-42.02155923,0.029222298,10006068933,1.29E-05,20520088149,9.42E-06,2.07667E+11,1.11E-05,3.34E-05,1.105099483,0.058952898,0.123980697,0.123980697
-48.47057044,0.021645553,16208567844,9.41E-06,33897335048,7.13E-06,1.99751E+11,1.25E-05,2.10E-06,0.564651456,0.090090056,0.103317127,0.103317127
-53.34023043,0.033294291,9152598412,1.20E-05,20609217884,8.17E-06,1.9415E+11,1.11E-05,4.30E-06,0.871823909,0.083098623,0.146419172,0.146419172
-46.54377101,0.036791844,6893286333,1.04E-05,16500044958,1.04E-05,2.05235E+11,1.20E-05,4.30E-05,0.525428357,0.091230919,0.112789422,0.112789422
-86.03652679,0.023140832,17904320425,9.80E-06,11115577475,8.04E-06,2.083E+11,1.17E-05,1.32E-05,1.543547376,0.139068851,0.193870804,0.193870804
-68.94203371,0.020722326,8529127595,9.07E-06,12100751839,9.05E-06,2.07491E+11,1.13E-05,8.38E-06,1.803242964,0.106907568,0.145476079,0.145476079
-100.7137607,0.034361909,6647193734,9.68E-06,18335204041,7.77E-06,1.9318E+11,1.11E-05,3.22E-06,1.233963757,0.173530661,0.225408432,0.225408432
-103.2211532,0.024575529,19199454850,1.09E-05,19303659809,6.86E-06,1.91363E+11,1.25E-05,2.08E-05,1.606825198,0.179564603,0.254600187,0.254600187
-91.90181582,0.028353236,16759569071,8.39E-06,18792033818,8.04E-06,2.06371E+11,1.08E-05,5.79E-06,1.015795725,0.153655732,0.179143524,0.179143524
-28.06009455,0.026136435,9796363834,8.56E-06,38882967396,7.90E-06,1.96652E+11,1.27E-05,4.63E-05,0.874053886,0.056609954,0.055539807,0.056609954
-70.39633975,0.037111707,5445874574,1.03E-05,36707268796,1.07E-05,2.06037E+11,1.05E-05,7.79E-06,0.556860567,0.11585115,0.169243868,0.169243868
-88.5535658,0.02436956,18841025854,1.03E-05,21884731514,7.11E-06,2.03653E+11,1.12E-05,6.59E-06,1.245510329,0.133253623,0.208587511,0.208587511
-51.0102908,0.039865841,12154833700,1.29E-05,13812302720,5.71E-06,2.09672E+11,1.21E-05,1.38E-06,1.516074032,0.092908176,0.148996637,0.148996637
-23.0552644,0.031619362,7678771850,1.11E-05,39361925587,1.07E-05,2.03999E+11,1.12E-05,3.21E-06,1.742502394,0.036382423,0.059876151,0.059876151
-33.23078443,0.037076496,9557100059,1.23E-05,26611174844,6.14E-06,1.95725E+11,1.21E-05,1.38E-05,0.611062039,0.061412862,0.09197244,0.09197244
-84.75714792,0.028537214,5239321529,1.11E-05,19812543507,9.61E-06,2.04941E+11,1.18E-05,4.74E-05,2.398352125,0.139603819,0.217528301,0.217528301
-68.52775259,0.033220113,19025114461,1.11E-05,18051289090,5.44E-06,2.044E+11,1.26E-05,3.34E-05,0.872467399,0.134011947,0.17097035,0.17097035
-117.2347319,0.030394067,11525183658,1.12E-05,26114268752,5.32E-06,1.9303E+11,1.11E-05,2.45E-06,0.754306138,0.186125742,0.294548027,0.294548027
-91.29215781,0.037043305,8934104943,8.34E-06,37501851307,5.73E-06,2.04757E+11,1.20E-05,2.92E-06,0.628548363,0.189279633,0.173754827,0.189279633
-93.27727978,0.031774896,5839330031,1.18E-05,28231081000,1.01E-05,2.00179E+11,1.09E-05,1.19E-05,2.445786859,0.137866341,0.255159222,0.255159222
-33.83306537,0.029735008,8732076370,1.19E-05,19527615537,1.10E-05,1.99655E+11,1.30E-05,3.25E-05,2.650469504,0.062617241,0.094291293,0.094291293
-105.4174529,0.033779871,6417175649,1.16E-05,29148799580,9.92E-06,1.93927E+11,1.24E-05,7.19E-06,1.516614387,0.196351359,0.283031623,0.283031623
-54.24165615,0.034057429,14536931240,8.86E-06,18735848576,1.07E-05,1.94916E+11,1.07E-05,1.37E-06,0.971472038,0.09161683,0.113981991,0.113981991
-118.9214314,0.02099443,11337034316,8.71E-06,35830092720,9.49E-06,1.94215E+11,1.13E-05,1.83E-05,2.232768204,0.188802738,0.242728502,0.242728502
-73.11491084,0.031978035,9145343929,1.11E-05,11612496700,1.09E-05,1.91319E+11,1.11E-05,1.70E-05,0.876428903,0.11696457,0.188849324,0.188849324
-25.65908528,0.032052065,9696525689,1.25E-05,17682722474,1.10E-05,2.05333E+11,1.27E-05,5.94E-06,1.886710556,0.046376317,0.074625346,0.074625346
-24.68738744,0.023892617,5442892367,8.15E-06,19239307741,1.07E-05,1.9421E+11,1.27E-05,1.43E-06,0.922024395,0.049952382,0.047701002,0.049952382
-101.0075699,0.037349879,5505022507,8.10E-06,34613320438,7.99E-06,1.99357E+11,1.22E-05,1.47E-06,2.129442084,0.211936213,0.192293881,0.211936213
-27.091277,0.029864997,19347288785,1.16E-05,17962160937,5.83E-06,1.94397E+11,1.25E-05,2.41E-06,0.587019875,0.050206191,0.070526249,0.070526249
-102.3480326,0.021393207,18713836024,1.14E-05,20350018643,1.10E-05,1.94852E+11,1.19E-05,2.75E-06,1.158276247,0.15318596,0.271326967,0.271326967
-55.20071899,0.030925956,9232773287,1.20E-05,32724915810,1.10E-05,1.92668E+11,1.16E-05,2.48E-06,1.344073307,0.088551077,0.153644365,0.153644365
-69.62911005,0.023591686,5943402949,9.71E-06,11716135424,5.49E-06,1.98158E+11,1.21E-05,2.04E-06,1.322957343,0.120718035,0.152624118,0.152624118
-77.99683802,0.025384171,9530860181,1.16E-05,13231022295,1.10E-05,2.02881E+11,1.19E-05,1.54E-05,2.693557236,0.121243207,0.210187515,0.210187515
-57.59670923,0.025007383,8330091879,9.12E-06,37565841064,9.72E-06,2.02038E+11,1.20E-05,1.35E-06,0.844695948,0.104268235,0.122533909,0.122533909
-91.25656062,0.035066154,10704664730,8.82E-06,37052694210,5.59E-06,1.95074E+11,1.18E-05,1.01E-05,0.536826106,0.180395073,0.182569767,0.182569767
-52.0918076,0.037876175,14650603111,9.01E-06,12485644611,9.48E-06,2.07648E+11,1.11E-05,7.54E-06,2.0439497,0.094232262,0.110910176,0.110910176
-80.56851673,0.020448644,5559602726,9.96E-06,15503607314,6.86E-06,2.06261E+11,1.16E-05,3.48E-05,1.441625636,0.123271749,0.182497604,0.182497604
-82.28239978,0.03384099,5938864565,8.09E-06,11589525245,1.01E-05,2.03198E+11,1.16E-05,1.50E-06,0.747934081,0.161292102,0.157841069,0.161292102
-90.020369,0.025831701,5370380850,1.09E-05,12710955782,6.51E-06,2.02595E+11,1.14E-05,5.98E-06,0.570804492,0.142663583,0.22089213,0.22089213
-35.8967599,0.023707571,14343875067,9.84E-06,29461605445,9.44E-06,2.08743E+11,1.10E-05,1.03E-06,0.606207493,0.054893428,0.081358551,0.081358551
-109.9386093,0.026888605,8534532015,1.13E-05,33000138145,9.84E-06,1.91444E+11,1.22E-05,2.57E-05,2.436132604,0.184834803,0.287403796,0.287403796
-113.2863912,0.037086753,5841673619,9.44E-06,20411119270,5.63E-06,1.9216E+11,1.22E-05,5.37E-06,0.93691107,0.228977727,0.243838473,0.243838473
-116.5717545,0.03010021,13804193373,1.05E-05,37097891411,1.10E-05,1.93997E+11,1.06E-05,1.19E-05,2.162552953,0.170929215,0.288768506,0.288768506
-54.89168072,0.022677746,7151946242,1.28E-05,26287747576,8.75E-06,2.03059E+11,1.11E-05,7.48E-06,2.103482551,0.066253494,0.160610463,0.160610463
-84.32053989,0.037692489,7940968113,1.23E-05,10584281507,7.86E-06,1.97594E+11,1.29E-05,1.59E-06,1.599897067,0.168348323,0.238029403,0.238029403
-105.5395889,0.024796097,8940708220,1.03E-05,25230998675,9.98E-06,2.0513E+11,1.29E-05,1.90E-05,2.876675758,0.196830372,0.253756062,0.253756062
-92.965339,0.021112312,14513858459,8.67E-06,14996990263,6.01E-06,2.03085E+11,1.23E-05,3.30E-06,1.949815093,0.166923377,0.183660567,0.183660567
-79.62813596,0.026736337,9927342476,1.26E-05,14148295895,8.78E-06,2.03715E+11,1.25E-05,1.69E-06,0.639789862,0.136304945,0.227059693,0.227059693
-116.7009499,0.037065102,5424849715,1.02E-05,35644146672,7.37E-06,2.00021E+11,1.13E-05,9.55E-06,0.718674802,0.210442939,0.272792957,0.272792957
-88.6337433,0.037184345,17029425115,9.21E-06,15565012947,6.74E-06,1.90138E+11,1.26E-05,3.16E-05,0.527747714,0.190857578,0.186468834,0.190857578
-43.72223035,0.028319921,11562645002,1.18E-05,14944038239,6.07E-06,1.94437E+11,1.16E-05,3.04E-05,0.922476824,0.068804407,0.116254759,0.116254759
-74.37167528,0.032199911,16057049302,9.38E-06,10941019791,8.16E-06,2.04089E+11,1.22E-05,2.47E-06,1.935029739,0.144013107,0.162167576,0.162167576
-105.3424207,0.028270989,19320384738,1.28E-05,31005690819,7.04E-06,1.92492E+11,1.09E-05,4.96E-06,0.511355501,0.149781315,0.302600119,0.302600119
-61.78760538,0.031947578,5199825403,1.14E-05,26216346090,1.10E-05,1.93061E+11,1.20E-05,2.15E-05,1.631786525,0.108009416,0.164864747,0.164864747
-41.79232215,0.033868302,15631396962,9.06E-06,11774247277,1.06E-05,2.09359E+11,1.17E-05,2.45E-06,1.720638883,0.078740884,0.089960417,0.089960417
-24.47362481,0.032527341,15488425467,8.86E-06,22730892836,8.56E-06,2.00532E+11,1.17E-05,1.34E-05,1.371413137,0.045872906,0.050663555,0.050663555
-117.2069209,0.035110328,13056715333,9.59E-06,24739606453,1.05E-05,1.91416E+11,1.22E-05,1.82E-05,0.578250202,0.238231911,0.262929043,0.262929043
-22.47935552,0.038255295,14011273644,9.44E-06,18765995628,5.66E-06,1.94162E+11,1.17E-05,1.16E-06,2.789011488,0.04281047,0.048686731,0.048686731
-58.04173194,0.026211708,18532775380,1.26E-05,23367881690,9.41E-06,1.90416E+11,1.10E-05,3.95E-05,1.907697125,0.076141846,0.167537517,0.167537517
-23.57061299,0.020781319,8222093041,1.17E-05,14444034459,1.08E-05,2.01182E+11,1.26E-05,1.77E-06,1.177874951,0.037224313,0.063704525,0.063704525
-109.6678841,0.021243871,12777350887,1.05E-05,32683354581,8.76E-06,2.00578E+11,1.12E-05,3.81E-05,2.737103661,0.15329645,0.265062417,0.265062417
-88.25504651,0.026365817,6530529741,1.05E-05,19115979697,5.58E-06,2.09953E+11,1.23E-05,4.49E-05,1.824210284,0.155562917,0.209648513,0.209648513
-32.22449067,0.020001278,12104049397,1.28E-05,20748845589,1.10E-05,1.99754E+11,1.30E-05,3.52E-06,0.894378503,0.050313762,0.094398726,0.094398726
-56.28746691,0.029225508,11783327870,8.30E-06,23095920422,1.09E-05,1.9683E+11,1.09E-05,3.77E-06,0.750603421,0.096809097,0.110897286,0.110897286
-106.254558,0.021998231,14259532304,1.17E-05,23849331087,7.18E-06,2.00339E+11,1.29E-05,2.72E-06,2.697164515,0.175798645,0.281420048,0.281420048
-44.34420357,0.021915938,19458594252,8.26E-06,15591767680,7.05E-06,2.06729E+11,1.27E-05,1.18E-06,1.666757285,0.086257239,0.084430169,0.086257239
-54.19585513,0.037448896,6373856225,9.65E-06,37695029346,6.00E-06,2.0471E+11,1.07E-05,2.49E-05,1.14050113,0.091278347,0.119685951,0.119685951
-55.5530784,0.032701021,9775944643,1.23E-05,29139857158,1.10E-05,1.96266E+11,1.26E-05,2.70E-06,0.60087841,0.10508837,0.158335263,0.158335263
-91.75966133,0.020459787,18521412793,1.28E-05,15284264777,1.10E-05,1.92484E+11,1.20E-05,2.27E-05,0.999165893,0.124769789,0.270016074,0.270016074
-69.37472046,0.02369133,6111086490,1.21E-05,26329880143,8.62E-06,1.94687E+11,1.17E-05,1.15E-05,0.571034441,0.104273228,0.190145491,0.190145491
-69.50570498,0.021207953,10322051183,9.72E-06,20043765640,7.66E-06,2.02425E+11,1.26E-05,1.76E-06,1.094102266,0.12519539,0.154387637,0.154387637
-57.98436191,0.030428565,16172328128,1.09E-05,19601152695,1.04E-05,1.98962E+11,1.23E-05,1.85E-05,0.869870994,0.106678235,0.146967535,0.146967535
-39.12405072,0.025837777,5382984977,1.09E-05,12216756566,9.20E-06,1.97357E+11,1.26E-05,3.93E-05,1.83214722,0.069443116,0.098956471,0.098956471
-111.4823834,0.021827654,9823076128,8.59E-06,33121380862,7.08E-06,1.98433E+11,1.24E-05,1.24E-05,0.826480005,0.210389132,0.21880508,0.21880508
-88.83689513,0.022065546,6621407446,1.08E-05,31368349565,5.88E-06,1.98758E+11,1.09E-05,2.55E-06,1.200981559,0.119391386,0.215662951,0.215662951
-59.24926012,0.02640488,5736910212,1.17E-05,21394216748,6.20E-06,1.94095E+11,1.24E-05,1.79E-06,0.529381899,0.103994253,0.155633433,0.155633433
-50.59585379,0.023280384,16595824302,1.28E-05,20650026822,9.59E-06,2.01238E+11,1.28E-05,1.89E-05,0.638782735,0.083496972,0.146885853,0.146885853
-79.14859048,0.021137138,5362107815,1.26E-05,12822709808,1.02E-05,2.05606E+11,1.27E-05,1.47E-05,0.745599834,0.123997945,0.228143933,0.228143933
-29.96074069,0.034614673,6779317352,9.45E-06,11078340439,9.92E-06,1.96081E+11,1.15E-05,7.98E-06,0.889882265,0.055338862,0.066425391,0.066425391
-46.49436407,0.020592249,16120005959,8.26E-06,10067508614,7.97E-06,2.00706E+11,1.08E-05,2.83E-06,2.026897444,0.070076965,0.089228997,0.089228997
-104.2693291,0.039104482,14419278906,8.15E-06,18327503302,9.81E-06,1.95928E+11,1.27E-05,2.97E-06,0.514404422,0.237284861,0.200161928,0.237284861
-58.10045694,0.029301849,8853896006,8.62E-06,10136100454,6.69E-06,1.91517E+11,1.27E-05,1.46E-05,1.766294412,0.118821755,0.115451272,0.118821755
-72.63633905,0.039519109,5230158033,1.20E-05,11228646047,1.10E-05,2.03875E+11,1.09E-05,2.08E-06,2.948417651,0.116602574,0.205242968,0.205242968
-118.1126338,0.026455711,7666739826,1.05E-05,23382187823,7.52E-06,1.95496E+11,1.23E-05,3.43E-06,0.504635551,0.218566446,0.280208873,0.280208873
-35.35377466,0.020191497,8872197983,9.02E-06,11402316381,7.38E-06,1.96766E+11,1.15E-05,2.33E-05,1.751014526,0.055599034,0.07320569,0.07320569
-109.1945045,0.035279813,12674226403,1.23E-05,37631921917,9.68E-06,1.95009E+11,1.25E-05,7.59E-06,0.694196367,0.209328231,0.309097367,0.309097367
-91.92773039,0.033597475,7764692154,1.17E-05,14246588041,6.72E-06,1.98835E+11,1.15E-05,1.72E-05,0.505278102,0.159446422,0.241740055,0.241740055
-118.7792818,0.039396386,7888404728,9.20E-06,18519329845,1.00E-05,2.07197E+11,1.10E-05,1.10E-06,1.389519137,0.213180533,0.258476675,0.258476675
-67.48827209,0.020094251,17477531651,1.09E-05,12717527900,8.55E-06,2.09976E+11,1.10E-05,1.62E-06,2.586584818,0.086058426,0.168898595,0.168898595
-86.30940632,0.029893748,9132001111,9.66E-06,25244195918,5.42E-06,2.04728E+11,1.12E-05,2.14E-06,0.741683599,0.145955451,0.188228438,0.188228438
-66.01025636,0.024905008,17301396328,8.03E-06,37813017628,8.01E-06,2.09208E+11,1.19E-05,1.10E-05,0.703368441,0.12504671,0.122763515,0.12504671
-118.5528947,0.02469405,10788766177,1.06E-05,30542859937,1.01E-05,1.94501E+11,1.23E-05,2.65E-05,1.89687228,0.20268448,0.291294667,0.291294667
-83.64908892,0.023003166,8494389652,1.01E-05,25502082663,9.69E-06,2.02378E+11,1.11E-05,4.15E-05,0.879684535,0.125329273,0.195554152,0.195554152
-47.4154661,0.031883376,14102038464,8.91E-06,11806576356,8.72E-06,1.9492E+11,1.26E-05,3.81E-06,0.501271097,0.099778372,0.097713284,0.099778372
-26.36078819,0.024252954,16444730122,1.05E-05,26573072220,1.03E-05,2.01515E+11,1.06E-05,4.08E-05,1.429761548,0.035715455,0.064498417,0.064498417
-29.97048855,0.028406798,6135939287,1.07E-05,14473395292,8.48E-06,1.90663E+11,1.14E-05,3.10E-06,2.149247956,0.047919306,0.073944812,0.073944812
-113.19011,0.033902506,11485436656,1.24E-05,12136592906,1.10E-05,2.05618E+11,1.23E-05,9.75E-06,0.546381384,0.209513017,0.324633826,0.324633826
-24.97217193,0.037332365,5677724373,1.20E-05,33087435768,8.51E-06,1.99038E+11,1.09E-05,1.01E-05,2.898249421,0.039109627,0.069044902,0.069044902
-55.09453478,0.023788121,10985001074,9.42E-06,35778103226,9.75E-06,2.00167E+11,1.19E-05,2.59E-06,1.744331308,0.094648554,0.121355509,0.121355509
-102.2252409,0.022205521,8003858699,1.23E-05,30773469058,1.10E-05,1.95792E+11,1.14E-05,1.97E-05,0.505725473,0.143531915,0.28667623,0.28667623
-39.06882519,0.022905084,8172732362,1.19E-05,10155062569,7.63E-06,2.03381E+11,1.14E-05,3.80E-06,2.48140715,0.052982172,0.105436147,0.105436147
-80.84048572,0.037225262,12692591444,1.06E-05,20801331201,1.05E-05,2.05537E+11,1.23E-05,2.15E-06,1.00867868,0.160139578,0.201433064,0.201433064
-88.99991594,0.03435878,8216034999,9.69E-06,21091623881,5.33E-06,1.97917E+11,1.18E-05,1.42E-05,0.699425254,0.168518663,0.195039891,0.195039891
-70.94623459,0.023535715,7270607661,9.25E-06,20371711959,6.58E-06,1.93187E+11,1.13E-05,3.11E-06,1.53128099,0.112996809,0.149784743,0.149784743
-95.70603055,0.033522835,15565374434,9.11E-06,11735443562,5.64E-06,2.02647E+11,1.17E-05,4.92E-06,0.996784315,0.180283174,0.198619767,0.198619767
-88.67593918,0.038679274,5071363576,1.19E-05,31059675770,6.91E-06,1.94361E+11,1.18E-05,2.35E-05,1.594649573,0.159839656,0.240774005,0.240774005
-25.78573911,0.022579776,5155194027,1.09E-05,30102942562,7.40E-06,1.98314E+11,1.17E-05,2.61E-05,0.632930752,0.040021731,0.063672615,0.063672615
-97.46917924,0.031804687,6978081912,9.59E-06,33322733075,1.08E-05,1.91473E+11,1.28E-05,5.12E-06,1.48200345,0.199953324,0.220710348,0.220710348
-110.3994279,0.027640006,7079950584,1.10E-05,13470991650,1.10E-05,1.99539E+11,1.06E-05,3.31E-05,0.635579414,0.159562864,0.282498843,0.282498843
-50.13434894,0.038054767,7199367832,1.05E-05,15687252288,6.42E-06,2.04605E+11,1.29E-05,1.58E-06,2.13144615,0.105182602,0.120532834,0.120532834
-104.1521534,0.02353791,11552328171,8.62E-06,11733036584,9.61E-06,1.91254E+11,1.15E-05,1.24E-06,1.704522451,0.176424416,0.210869892,0.210869892
-39.89551822,0.022892335,8874289571,1.10E-05,34865639323,8.92E-06,1.99313E+11,1.12E-05,6.18E-06,1.148826063,0.0565818,0.10026799,0.10026799
-75.01697312,0.022553313,11841066952,9.56E-06,34307937135,6.24E-06,1.92286E+11,1.23E-05,1.21E-05,0.902093388,0.134491317,0.16235685,0.16235685
-78.60020483,0.029287484,8169724881,1.29E-05,24921919579,6.43E-06,1.9723E+11,1.28E-05,1.87E-05,1.124917156,0.139334227,0.228098194,0.228098194
-25.33328165,0.028049539,5089718041,1.26E-05,30061390142,6.82E-06,2.09574E+11,1.13E-05,8.87E-06,2.435491801,0.035351562,0.072669853,0.072669853
-29.09145848,0.036308913,7545990882,9.13E-06,11462468878,1.09E-05,1.96466E+11,1.21E-05,1.88E-06,2.029762502,0.058142719,0.063322055,0.063322055
-64.70206895,0.038479171,15127501213,1.19E-05,36292456342,9.08E-06,1.91031E+11,1.15E-05,8.64E-06,0.609706194,0.114605345,0.177258473,0.177258473
-58.39859058,0.022816749,19703122544,1.19E-05,25135603404,5.60E-06,1.90381E+11,1.25E-05,1.08E-05,2.06251471,0.092517162,0.156754362,0.156754362
-35.20624809,0.028611408,12459722667,9.38E-06,32127336132,7.19E-06,2.03447E+11,1.06E-05,6.37E-06,0.547186578,0.055931066,0.075259723,0.075259723
-112.3833866,0.022754198,6728092775,1.05E-05,22246745887,7.69E-06,2.01141E+11,1.21E-05,2.39E-05,0.556226543,0.192591165,0.268121414,0.268121414
-62.78701831,0.024045111,15250298431,1.22E-05,27820399858,8.30E-06,2.01645E+11,1.29E-05,3.49E-05,1.089231926,0.107709942,0.174901924,0.174901924
-70.80512415,0.023430848,17957902736,8.78E-06,20241801077,5.67E-06,1.90957E+11,1.20E-05,2.04E-05,1.398868747,0.126902242,0.141156924,0.141156924
-90.58055287,0.039179454,5865779561,1.12E-05,13304551125,1.10E-05,1.90263E+11,1.22E-05,4.00E-06,2.289073544,0.17513213,0.238612185,0.238612185
-50.0092222,0.027596843,13336509700,1.20E-05,39489463775,8.91E-06,1.98761E+11,1.16E-05,2.84E-05,2.405529318,0.076031566,0.137765408,0.137765408
-23.44877397,0.032753842,7915775278,1.28E-05,19790621097,1.10E-05,1.91916E+11,1.17E-05,1.12E-06,1.0898355,0.037775217,0.06978562,0.06978562
-58.46914233,0.030504399,9412124758,1.12E-05,27554917328,1.10E-05,2.00935E+11,1.07E-05,4.94E-06,1.309151854,0.085625656,0.153592282,0.153592282
-36.16568485,0.023006846,5620742259,8.69E-06,21449173322,9.31E-06,1.93848E+11,1.06E-05,1.01E-05,1.947660152,0.053692126,0.073630879,0.073630879
-53.56560351,0.034955052,8443485667,1.17E-05,16615405474,1.10E-05,2.08422E+11,1.18E-05,1.01E-05,1.646051023,0.093099474,0.146520784,0.146520784
-88.69331686,0.039523365,16182810916,8.73E-06,13868279542,9.14E-06,2.08249E+11,1.30E-05,4.34E-05,2.081637749,0.199457808,0.183102258,0.199457808
-92.69535767,0.031251627,18223452837,1.23E-05,13439008053,9.78E-06,1.91418E+11,1.24E-05,4.73E-05,2.682933936,0.160959903,0.263361741,0.263361741
-53.65928767,0.039849071,10970693173,1.18E-05,13177964535,1.10E-05,2.07398E+11,1.27E-05,6.70E-06,1.794786466,0.107719495,0.148170972,0.148170972
-101.7285679,0.030010812,7277526108,1.08E-05,35340203025,5.03E-06,1.92206E+11,1.19E-05,1.42E-05,2.571333093,0.175666266,0.248382715,0.248382715
-40.95529797,0.023988892,14858602205,8.52E-06,20094889732,7.24E-06,2.0965E+11,1.06E-05,1.36E-05,1.08308265,0.062312168,0.080336365,0.080336365
-52.80888268,0.036409248,16664558354,8.83E-06,10252806654,7.44E-06,1.9388E+11,1.21E-05,1.41E-06,0.501824708,0.109666071,0.107225907,0.109666071
-20.78313332,0.026210678,7401503176,9.23E-06,26954398890,8.84E-06,1.93338E+11,1.24E-05,3.59E-05,2.439582454,0.038687511,0.044756561,0.044756561
-41.52856672,0.023494474,11211933800,8.58E-06,39035152853,8.70E-06,1.94137E+11,1.22E-05,1.14E-06,0.973472008,0.077015616,0.082827045,0.082827045
-24.86989487,0.021902187,8349060193,1.26E-05,23663175949,1.10E-05,2.09087E+11,1.27E-05,1.39E-05,0.528968158,0.040544853,0.07163881,0.07163881
-69.31096154,0.027077234,5090295262,1.19E-05,11183620206,6.19E-06,2.00803E+11,1.23E-05,2.72E-05,2.020504567,0.115293584,0.186802701,0.186802701
-83.91252957,0.031286895,7018540652,1.13E-05,13608582310,9.71E-06,2.09493E+11,1.08E-05,6.79E-06,1.711202757,0.125409135,0.219912325,0.219912325
-27.43919749,0.031364637,14103243696,1.28E-05,26603338794,1.10E-05,1.97561E+11,1.23E-05,2.66E-06,1.373328749,0.046713813,0.08133173,0.08133173
-37.18938801,0.036266479,10843366960,1.26E-05,13511606441,1.10E-05,2.03665E+11,1.12E-05,2.99E-05,0.80022344,0.060288926,0.108858703,0.108858703
-22.06889152,0.029276186,8303197976,8.18E-06,17266575185,1.03E-05,2.01814E+11,1.08E-05,1.82E-05,2.362859437,0.036646039,0.043059337,0.043059337
-115.4480354,0.030181077,15669534991,8.54E-06,10354093268,8.37E-06,2.04972E+11,1.26E-05,1.98E-05,0.65937078,0.243019558,0.228671641,0.243019558
-40.780927,0.03524638,5331058197,8.41E-06,14648078063,1.05E-05,1.9563E+11,1.30E-05,1.62E-05,0.71261693,0.091384033,0.081322205,0.091384033
-101.5291191,0.027202667,8639628555,1.12E-05,11767836208,7.23E-06,1.90718E+11,1.23E-05,4.10E-06,1.641210786,0.17546097,0.258454075,0.258454075
-99.63767159,0.034002459,9036761113,1.05E-05,23245295819,1.08E-05,1.94205E+11,1.05E-05,2.42E-06,2.707750211,0.152214043,0.245501702,0.245501702
-110.8315166,0.03908041,5836395784,1.02E-05,12352369274,7.72E-06,1.94001E+11,1.15E-05,2.34E-06,0.520656028,0.211498566,0.258954949,0.258954949
-34.41290626,0.031541276,5125902838,8.20E-06,20761177440,7.76E-06,2.07267E+11,1.08E-05,2.18E-05,0.762487154,0.059446026,0.065474756,0.065474756
-119.608713,0.036730398,14727438390,1.12E-05,11598572937,5.23E-06,1.96182E+11,1.28E-05,1.80E-05,2.175164241,0.242527418,0.302939073,0.302939073
-72.91175657,0.031519253,13801400769,1.08E-05,21099132165,8.56E-06,1.9321E+11,1.27E-05,7.20E-06,2.060933667,0.140540417,0.182425942,0.182425942
-48.88649003,0.032473221,7010497754,1.26E-05,14498989457,1.10E-05,1.90845E+11,1.13E-05,1.20E-06,1.307099324,0.075171348,0.142876583,0.142876583
-94.39844213,0.028934967,6049048239,1.26E-05,18021394484,6.29E-06,1.93754E+11,1.21E-05,7.47E-06,2.112466743,0.150582863,0.26963298,0.26963298
-74.63264797,0.036739549,7203224072,8.38E-06,28729393380,8.20E-06,1.99219E+11,1.11E-05,6.39E-06,2.174538957,0.136395549,0.147036932,0.147036932
-59.07219673,0.02549427,7335867817,1.14E-05,17489397149,6.96E-06,2.04116E+11,1.20E-05,1.31E-05,2.077606009,0.094605204,0.153084073,0.153084073
-115.5900649,0.036423184,17453674753,1.13E-05,23762614796,8.77E-06,2.09518E+11,1.27E-05,5.88E-06,0.733241603,0.234056851,0.300627399,0.300627399
-68.5312137,0.027581465,17757628455,9.35E-06,20774656119,9.82E-06,1.94546E+11,1.30E-05,1.08E-06,1.39604053,0.138976886,0.15015109,0.15015109
-65.84512859,0.035543843,12985480055,1.03E-05,12641677906,7.54E-06,2.0225E+11,1.09E-05,2.27E-05,1.68157248,0.109202434,0.156457578,0.156457578
-93.58516109,0.025246704,5715772052,9.48E-06,30005145589,9.36E-06,1.9118E+11,1.22E-05,1.67E-06,0.972234598,0.170436988,0.205955927,0.205955927
-27.42457211,0.030023324,16834449520,1.12E-05,20728193155,1.04E-05,2.02826E+11,1.26E-05,4.33E-06,0.684058375,0.051935129,0.071234762,0.071234762
-91.73782897,0.029689521,17548268086,8.94E-06,10063437743,7.97E-06,2.05202E+11,1.30E-05,4.61E-06,1.820001427,0.192079408,0.190565396,0.192079408
