geo_id,sim_id,KH,Kh,E_Sv,nu,c_Sv,phi,pw_Sv,dilationRatio,status,is_collapsed,max_eq_plastic_strain,rp_max_rw,rp_severe_rw,theta_breakout,theta_breakout_severe,plastic_area_fraction,sigma_theta_max,ur_max_abs_rw,ur_convergence_rw,ur_expansion_rw,Regime,Sv_MPa,Hardening_over_Sv
dataset_batch_2_geo_001,dataset_batch_2_geo_001_pw_01,0.742941533,0.641620715,231.9733387,0.166326573,0.095687564,20.81692201,0.4,0.669338369,SUCCESS,0,9.17E-19,1,1,0,0,0,69807835.3,0.002062023,0.002062023,0,1,60,16.66666667
dataset_batch_2_geo_001,dataset_batch_2_geo_001_pw_02,0.742941533,0.641620715,231.9733387,0.166326573,0.095687564,20.81692201,0.5,0.669338369,SUCCESS,0,1.05E-18,1,1,0,0,0,64050301.22,0.001559592,0.001559592,0,1,60,16.66666667
dataset_batch_2_geo_001,dataset_batch_2_geo_001_pw_03,0.742941533,0.641620715,231.9733387,0.166326573,0.095687564,20.81692201,0.6,0.669338369,SUCCESS,0,8.31E-19,1,1,0,0,0,58292767.14,0.001057161,0.001057161,0.000181707,1,60,16.66666667
dataset_batch_2_geo_001,dataset_batch_2_geo_001_pw_04,0.742941533,0.641620715,231.9733387,0.166326573,0.095687564,20.81692201,0.7,0.669338369,SUCCESS,0,1.16E-18,1,1,0,0,0,52535233.07,0.000632295,0.00055473,0.000632295,1,60,16.66666667
dataset_batch_2_geo_001,dataset_batch_2_geo_001_pw_05,0.742941533,0.641620715,231.9733387,0.166326573,0.095687564,20.81692201,0.8,0.669338369,SUCCESS,0,9.16E-19,1,1,0,0,0,46777698.99,0.001134725,0.000128857,0.001134725,1,60,16.66666667
dataset_batch_2_geo_002,dataset_batch_2_geo_002_pw_01,1.028425929,0.446770998,140.0869523,0.216842563,0.120524217,26.35061721,0.4,0.299925108,SUCCESS,0,0.00056532,1.082659483,1.040518522,13.5,8.999999046,0.010113028,129383199.7,0.008318219,0.008318219,0.002687729,2,60,16.66666667
dataset_batch_2_geo_002,dataset_batch_2_geo_002_pw_02,1.028425929,0.446770998,140.0869523,0.216842563,0.120524217,26.35061721,0.5,0.299925108,SUCCESS,0,0.000984577,1.082659483,1.082659483,13.5,11.25,0.011302796,123628510.3,0.00745865,0.00745865,0.003425979,2,60,16.66666667
dataset_batch_2_geo_002,dataset_batch_2_geo_002_pw_03,1.028425929,0.446770998,140.0869523,0.216842563,0.120524217,26.35061721,0.6,0.299925108,SUCCESS,0,0.002071694,1.172071099,1.126487851,15.75,13.5,0.018441404,117885160.9,0.006600664,0.006600664,0.004235997,2,60,16.66666667
dataset_batch_2_geo_002,dataset_batch_2_geo_002_pw_04,1.028425929,0.446770998,140.0869523,0.216842563,0.120524217,26.35061721,0.7,0.299925108,SUCCESS,0,0.003608961,1.219479561,1.219479561,18,15.75,0.024985128,112164987.7,0.005724209,0.005724209,0.005128197,2,60,16.66666667
dataset_batch_2_geo_002,dataset_batch_2_geo_002_pw_05,1.028425929,0.446770998,140.0869523,0.216842563,0.120524217,26.35061721,0.8,0.299925108,SUCCESS,0,0.005502937,1.320067286,1.320067286,22.5,18,0.035098156,106488811.2,0.006083276,0.004928056,0.006083276,3,60,16.66666667
dataset_batch_2_geo_003,dataset_batch_2_geo_003_pw_01,1.116314618,0.411723662,611.1042047,0.345485275,0.056791719,20.426303,0.4,0.652128571,FAILED,1,,,,,,,,,,,0,60,16.66666667
dataset_batch_2_geo_003,dataset_batch_2_geo_003_pw_02,1.116314618,0.411723662,611.1042047,0.345485275,0.056791719,20.426303,0.5,0.652128571,FAILED,1,,,,,,,,,,,0,60,16.66666667
dataset_batch_2_geo_003,dataset_batch_2_geo_003_pw_03,1.116314618,0.411723662,611.1042047,0.345485275,0.056791719,20.426303,0.6,0.652128571,FAILED,1,,,,,,,,,,,0,60,16.66666667
dataset_batch_2_geo_003,dataset_batch_2_geo_003_pw_04,1.116314618,0.411723662,611.1042047,0.345485275,0.056791719,20.426303,0.7,0.652128571,FAILED,1,,,,,,,,,,,0,60,16.66666667
dataset_batch_2_geo_003,dataset_batch_2_geo_003_pw_05,1.116314618,0.411723662,611.1042047,0.345485275,0.056791719,20.426303,0.8,0.652128571,FAILED,1,,,,,,,,,,,0,60,16.66666667
dataset_batch_2_geo_004,dataset_batch_2_geo_004_pw_01,0.941669055,0.554613718,962.240536,0.217626032,0.043657795,23.65093522,0.4,0.585750745,SUCCESS,0,0.000188852,1.040518522,1,18,9.000002861,0.010113028,103749522.1,0.000961583,0.000961583,0.000145413,2,60,16.66666667
dataset_batch_2_geo_004,dataset_batch_2_geo_004_pw_02,0.941669055,0.554613718,962.240536,0.217626032,0.043657795,23.65093522,0.5,0.585750745,SUCCESS,0,3.66E-19,1,1,0,0,0,102886783,0.000834205,0.000834205,0.000235916,1,60,16.66666667
dataset_batch_2_geo_004,dataset_batch_2_geo_004_pw_03,0.941669055,0.554613718,962.240536,0.217626032,0.043657795,23.65093522,0.6,0.585750745,SUCCESS,0,1.52E-05,1.040518522,1,6.75,0,0.004759072,97129917.88,0.000708237,0.000708237,0.000341827,1,60,16.66666667
dataset_batch_2_geo_004,dataset_batch_2_geo_004_pw_04,0.941669055,0.554613718,962.240536,0.217626032,0.043657795,23.65093522,0.7,0.585750745,SUCCESS,0,0.000130607,1.126487851,1,15.74999905,4.499999523,0.013087448,91377565.89,0.000584362,0.000584362,0.000461101,2,60,16.66666667
dataset_batch_2_geo_004,dataset_batch_2_geo_004_pw_05,0.941669055,0.554613718,962.240536,0.217626032,0.043657795,23.65093522,0.8,0.585750745,SUCCESS,0,0.000313868,1.219479561,1.126487851,18,11.25,0.023200476,85644626.19,0.00059268,0.00046285,0.00059268,3,60,16.66666667
dataset_batch_2_geo_005,dataset_batch_2_geo_005_pw_01,0.746557241,0.678954498,706.691012,0.252766505,0.068391232,25.28183886,0.4,0.101855684,SUCCESS,0,3.19E-19,1,1,0,0,0,68403985.63,0.000672902,0.000672902,0,1,60,16.66666667
dataset_batch_2_geo_005,dataset_batch_2_geo_005_pw_02,0.746557241,0.678954498,706.691012,0.252766505,0.068391232,25.28183886,0.5,0.101855684,SUCCESS,0,3.54E-19,1,1,0,0,0,62647457.35,0.000495776,0.000495776,0,1,60,16.66666667
dataset_batch_2_geo_005,dataset_batch_2_geo_005_pw_03,0.746557241,0.678954498,706.691012,0.252766505,0.068391232,25.28183886,0.6,0.101855684,SUCCESS,0,3.13E-19,1,1,0,0,0,56890929.06,0.00031865,0.00031865,0,1,60,16.66666667
dataset_batch_2_geo_005,dataset_batch_2_geo_005_pw_04,0.746557241,0.678954498,706.691012,0.252766505,0.068391232,25.28183886,0.7,0.101855684,SUCCESS,0,2.64E-19,1,1,0,0,0,51134400.78,0.000141524,0.000141524,9.71E-05,1,60,16.66666667
dataset_batch_2_geo_005,dataset_batch_2_geo_005_pw_05,0.746557241,0.678954498,706.691012,0.252766505,0.068391232,25.28183886,0.8,0.101855684,SUCCESS,0,3.14E-19,1,1,0,0,0,45377872.5,0.000273462,1.91E-06,0.000273462,1,60,16.66666667
dataset_batch_2_geo_006,dataset_batch_2_geo_006_pw_01,0.718563509,0.496564605,338.2454553,0.20595235,0.06629082,22.38245451,0.4,0.750162144,SUCCESS,0,5.86E-19,1,1,0,0,0,73475454.47,0.00159898,0.00159898,0.000226273,1,60,16.66666667
dataset_batch_2_geo_006,dataset_batch_2_geo_006_pw_02,0.718563509,0.496564605,338.2454553,0.20595235,0.06629082,22.38245451,0.5,0.750162144,SUCCESS,0,5.80E-19,1,1,0,0,0,67718308.09,0.001242716,0.001242716,0.000498114,1,60,16.66666667
dataset_batch_2_geo_006,dataset_batch_2_geo_006_pw_03,0.718563509,0.496564605,338.2454553,0.20595235,0.06629082,22.38245451,0.6,0.750162144,SUCCESS,0,4.96E-06,1.040518522,1,2.249999762,0,0.002379536,61961153.56,0.000886613,0.000886613,0.000832567,1,60,16.66666667
dataset_batch_2_geo_006,dataset_batch_2_geo_006_pw_04,0.718563509,0.496564605,338.2454553,0.20595235,0.06629082,22.38245451,0.7,0.750162144,SUCCESS,0,0.000257214,1.126487851,1.040518522,18,8.999999046,0.016656752,56208009.76,0.00119222,0.000552689,0.00119222,3,60,16.66666667
dataset_batch_2_geo_006,dataset_batch_2_geo_006_pw_05,0.718563509,0.496564605,338.2454553,0.20595235,0.06629082,22.38245451,0.8,0.750162144,SUCCESS,0,0.000680408,1.268786311,1.172071099,24.75,18,0.033313504,50486919.39,0.001565863,0.00028807,0.001565863,3,60,16.66666667
dataset_batch_2_geo_007,dataset_batch_2_geo_007_pw_01,0.712954229,0.577119322,443.9977389,0.151236143,0.063323377,26.3894022,0.4,0.237063045,SUCCESS,0,4.61E-19,1,1,0,0,0,68151181.48,0.001055868,0.001055868,0,1,60,16.66666667
dataset_batch_2_geo_007,dataset_batch_2_geo_007_pw_02,0.712954229,0.577119322,443.9977389,0.151236143,0.063323377,26.3894022,0.5,0.237063045,SUCCESS,0,6.55E-19,1,1,0,0,0,62393522.92,0.000796758,0.000796758,9.51E-05,1,60,16.66666667
dataset_batch_2_geo_007,dataset_batch_2_geo_007_pw_03,0.712954229,0.577119322,443.9977389,0.151236143,0.063323377,26.3894022,0.6,0.237063045,SUCCESS,0,5.51E-19,1,1,0,0,0,56635864.35,0.000537648,0.000537648,0.000305321,1,60,16.66666667
dataset_batch_2_geo_007,dataset_batch_2_geo_007_pw_04,0.712954229,0.577119322,443.9977389,0.151236143,0.063323377,26.3894022,0.7,0.237063045,SUCCESS,0,4.82E-19,1,1,0,0,0,50878205.78,0.000563368,0.000281135,0.000563368,1,60,16.66666667
dataset_batch_2_geo_007,dataset_batch_2_geo_007_pw_05,0.712954229,0.577119322,443.9977389,0.151236143,0.063323377,26.3894022,0.8,0.237063045,SUCCESS,0,5.01E-19,1,1,0,0,0,45120547.22,0.000822478,7.78E-05,0.000822478,1,60,16.66666667
dataset_batch_2_geo_008,dataset_batch_2_geo_008_pw_01,0.936054982,0.603359859,253.4726566,0.32918585,0.078736727,23.46348608,0.4,0.854540969,SUCCESS,0,1.21E-18,1,1,0,0,0,105028220.8,0.003401541,0.003401541,3.24E-06,1,60,16.66666667
dataset_batch_2_geo_008,dataset_batch_2_geo_008_pw_02,0.936054982,0.603359859,253.4726566,0.32918585,0.078736727,23.46348608,0.5,0.854540969,SUCCESS,0,1.17E-18,1,1,0,0,0,99273428.9,0.002877692,0.002877692,0.000355583,1,60,16.66666667
dataset_batch_2_geo_008,dataset_batch_2_geo_008_pw_03,0.936054982,0.603359859,253.4726566,0.32918585,0.078736727,23.46348608,0.6,0.854540969,SUCCESS,0,1.21E-18,1,1,0,0,0,93518637.03,0.002353844,0.002353844,0.000717253,1,60,16.66666667
dataset_batch_2_geo_008,dataset_batch_2_geo_008_pw_04,0.936054982,0.603359859,253.4726566,0.32918585,0.078736727,23.46348608,0.7,0.854540969,SUCCESS,0,1.32E-18,1,1,0,0,0,87763845.16,0.001829995,0.001829995,0.001140335,1,60,16.66666667
dataset_batch_2_geo_008,dataset_batch_2_geo_008_pw_05,0.936054982,0.603359859,253.4726566,0.32918585,0.078736727,23.46348608,0.8,0.854540969,SUCCESS,0,4.81E-05,1.040518522,1,6.75,0,0.004759072,82009145.75,0.001624422,0.001325665,0.001624422,1,60,16.66666667
dataset_batch_2_geo_009,dataset_batch_2_geo_009_pw_01,0.885193834,0.574710535,365.8470025,0.152288571,0.126778469,21.48842879,0.4,0.410988785,SUCCESS,0,8.20E-19,1,1,0,0,0,97859275.33,0.002205256,0.002205256,0.000266081,1,60,16.66666667
dataset_batch_2_geo_009,dataset_batch_2_geo_009_pw_02,0.885193834,0.574710535,365.8470025,0.152288571,0.126778469,21.48842879,0.5,0.410988785,SUCCESS,0,7.04E-19,1,1,0,0,0,92101625.1,0.001890509,0.001890509,0.000494931,1,60,16.66666667
dataset_batch_2_geo_009,dataset_batch_2_geo_009_pw_03,0.885193834,0.574710535,365.8470025,0.152288571,0.126778469,21.48842879,0.6,0.410988785,SUCCESS,0,6.44E-19,1,1,0,0,0,86343974.86,0.001575762,0.001575762,0.000766128,1,60,16.66666667
dataset_batch_2_geo_009,dataset_batch_2_geo_009_pw_04,0.885193834,0.574710535,365.8470025,0.152288571,0.126778469,21.48842879,0.7,0.410988785,SUCCESS,0,5.75E-19,1,1,0,0,0,80586324.63,0.001261014,0.001261014,0.001072467,1,60,16.66666667
dataset_batch_2_geo_009,dataset_batch_2_geo_009_pw_05,0.885193834,0.574710535,365.8470025,0.152288571,0.126778469,21.48842879,0.8,0.410988785,SUCCESS,0,4.62E-05,1.040518522,1,9,0,0.00594884,74828763.88,0.001387499,0.000947201,0.001387499,1,60,16.66666667
dataset_batch_2_geo_010,dataset_batch_2_geo_010_pw_01,0.784339108,0.470686325,879.5879918,0.327648638,0.090956897,21.98810431,0.4,0.345708291,SUCCESS,0,2.65E-19,1,1,0,0,0,86163391.15,0.000742013,0.000742013,0.000124609,1,60,16.66666667
dataset_batch_2_geo_010,dataset_batch_2_geo_010_pw_02,0.784339108,0.470686325,879.5879918,0.327648638,0.090956897,21.98810431,0.5,0.345708291,SUCCESS,0,4.47E-19,1,1,0,0,0,80408549.18,0.000591229,0.000591229,0.000233441,1,60,16.66666667
dataset_batch_2_geo_010,dataset_batch_2_geo_010_pw_03,0.784339108,0.470686325,879.5879918,0.327648638,0.090956897,21.98810431,0.6,0.345708291,SUCCESS,0,5.62E-05,1.082659483,1,13.5,0,0.009518144,74654988.47,0.000441545,0.000441545,0.000362643,1,60,16.66666667
dataset_batch_2_geo_010,dataset_batch_2_geo_010_pw_04,0.784339108,0.470686325,879.5879918,0.327648638,0.090956897,21.98810431,0.7,0.345708291,SUCCESS,0,0.000217089,1.172071099,1.082659483,20.24999809,11.25,0.022010708,68913254.78,0.000511932,0.000307858,0.000511932,3,60,16.66666667
dataset_batch_2_geo_010,dataset_batch_2_geo_010_pw_05,0.784339108,0.470686325,879.5879918,0.327648638,0.090956897,21.98810431,0.8,0.345708291,SUCCESS,0,0.00043721,1.268786311,1.172071099,24.75,18,0.036287924,63210411.74,0.000672412,0.000197321,0.000672412,3,60,16.66666667
dataset_batch_2_geo_011,dataset_batch_2_geo_011_pw_01,1.068795067,0.57993179,379.4254299,0.184387445,0.105251748,23.75738241,0.4,0.991803122,SUCCESS,0,0.00077211,1.040518522,1.040518522,20.25,15.74999905,0.01189768,122733548.9,0.003050129,0.003050129,0.000556966,2,60,16.66666667
dataset_batch_2_geo_011,dataset_batch_2_geo_011_pw_02,1.068795067,0.57993179,379.4254299,0.184387445,0.105251748,23.75738241,0.5,0.991803122,SUCCESS,0,8.83E-19,1,1,0,0,0,123347151.8,0.002734622,0.002734622,0.000787936,1,60,16.66666667
dataset_batch_2_geo_011,dataset_batch_2_geo_011_pw_03,1.068795067,0.57993179,379.4254299,0.184387445,0.105251748,23.75738241,0.6,0.991803122,SUCCESS,0,1.18E-18,1,1,0,0,0,117589782.4,0.002422695,0.002422695,0.001051529,1,60,16.66666667
dataset_batch_2_geo_011,dataset_batch_2_geo_011_pw_04,1.068795067,0.57993179,379.4254299,0.184387445,0.105251748,23.75738241,0.7,0.991803122,SUCCESS,0,0.000119102,1.040518522,1,9,2.249999762,0.00594884,111832971.5,0.002114177,0.002114177,0.001339579,2,60,16.66666667
dataset_batch_2_geo_011,dataset_batch_2_geo_011_pw_05,1.068795067,0.57993179,379.4254299,0.184387445,0.105251748,23.75738241,0.8,0.991803122,SUCCESS,0,0.000519259,1.126487851,1.082659483,15.75,11.25,0.0148721,106082753.8,0.001814071,0.001814071,0.00165301,2,60,16.66666667
dataset_batch_2_geo_012,dataset_batch_2_geo_012_pw_01,1.135622738,0.664463274,549.6953765,0.305162922,0.102331201,24.46438101,0.4,0.411397644,SUCCESS,0,0.000465032,1.040518522,1.040518522,20.25,15.74999905,0.01189768,128706781.1,0.002182886,0.002182886,8.11E-05,2,60,16.66666667
dataset_batch_2_geo_012,dataset_batch_2_geo_012_pw_02,1.135622738,0.664463274,549.6953765,0.305162922,0.102331201,24.46438101,0.5,0.411397644,SUCCESS,0,8.05E-19,1,1,0,0,0,130235293.2,0.001941966,0.001941966,0.000235287,1,60,16.66666667
dataset_batch_2_geo_012,dataset_batch_2_geo_012_pw_03,1.135622738,0.664463274,549.6953765,0.305162922,0.102331201,24.46438101,0.6,0.411397644,SUCCESS,0,5.82E-19,1,1,0,0,0,124479808.8,0.001704758,0.001704758,0.000396225,1,60,16.66666667
dataset_batch_2_geo_012,dataset_batch_2_geo_012_pw_04,1.135622738,0.664463274,549.6953765,0.305162922,0.102331201,24.46438101,0.7,0.411397644,SUCCESS,0,5.74E-19,1,1,0,0,0,118724324.4,0.00146755,0.00146755,0.000575375,1,60,16.66666667
dataset_batch_2_geo_012,dataset_batch_2_geo_012_pw_05,1.135622738,0.664463274,549.6953765,0.305162922,0.102331201,24.46438101,0.8,0.411397644,SUCCESS,0,6.24E-19,1,1,0,0,0,112968839.9,0.001230341,0.001230341,0.000775941,1,60,16.66666667
dataset_batch_2_geo_013,dataset_batch_2_geo_013_pw_01,1.125604299,0.596443432,255.1397996,0.208716965,0.106599972,24.15681413,0.4,0.693100243,SUCCESS,0,0.001639629,1.082659483,1.040518522,22.50000191,20.25,0.016061868,128635580.9,0.004902579,0.004902579,0.000830685,2,60,16.66666667
dataset_batch_2_geo_013,dataset_batch_2_geo_013_pw_02,1.125604299,0.596443432,255.1397996,0.208716965,0.106599972,24.15681413,0.5,0.693100243,SUCCESS,0,1.40E-18,1,1,0,0,0,132207737.9,0.004417488,0.004417488,0.001161402,1,60,16.66666667
dataset_batch_2_geo_013,dataset_batch_2_geo_013_pw_03,1.125604299,0.596443432,255.1397996,0.208716965,0.106599972,24.15681413,0.6,0.693100243,SUCCESS,0,1.44E-18,1,1,0,0,0,126450622.5,0.003944099,0.003944099,0.001547147,1,60,16.66666667
dataset_batch_2_geo_013,dataset_batch_2_geo_013_pw_04,1.125604299,0.596443432,255.1397996,0.208716965,0.106599972,24.15681413,0.7,0.693100243,SUCCESS,0,0.000108396,1.040518522,1,9,2.249999762,0.00594884,120693807.2,0.003473543,0.003473543,0.001968065,2,60,16.66666667
dataset_batch_2_geo_013,dataset_batch_2_geo_013_pw_05,1.125604299,0.596443432,255.1397996,0.208716965,0.106599972,24.15681413,0.8,0.693100243,SUCCESS,0,0.000704127,1.126487851,1.082659483,13.5,11.25,0.012492564,114941819.6,0.003010439,0.003010439,0.002426662,2,60,16.66666667
dataset_batch_2_geo_014,dataset_batch_2_geo_014_pw_01,1.11836375,0.535880416,335.0017718,0.344907069,0.100326069,22.48928276,0.4,0.744457231,SUCCESS,0,0.002555405,1.082659483,1.082659483,90,24.75000191,0.027959548,127245147,0.003626789,0.003626789,0.000571683,2,60,16.66666667
dataset_batch_2_geo_014,dataset_batch_2_geo_014_pw_02,1.11836375,0.535880416,335.0017718,0.344907069,0.100326069,22.48928276,0.5,0.744457231,SUCCESS,0,0.000512763,1.040518522,1.040518522,90,9.000002861,0.014277216,129958246.3,0.003205231,0.003205231,0.000824635,2,60,16.66666667
dataset_batch_2_geo_014,dataset_batch_2_geo_014_pw_03,1.11836375,0.535880416,335.0017718,0.344907069,0.100326069,22.48928276,0.6,0.744457231,SUCCESS,0,0.000349286,1.082659483,1.040518522,11.25,6.75,0.009518144,128469005.3,0.002806044,0.002806044,0.001122498,2,60,16.66666667
dataset_batch_2_geo_014,dataset_batch_2_geo_014_pw_04,1.11836375,0.535880416,335.0017718,0.344907069,0.100326069,22.48928276,0.7,0.744457231,SUCCESS,0,0.00090443,1.172071099,1.126487851,15.75,11.25,0.017251636,122732212,0.002409943,0.002409943,0.001460504,2,60,16.66666667
dataset_batch_2_geo_014,dataset_batch_2_geo_014_pw_05,1.11836375,0.535880416,335.0017718,0.344907069,0.100326069,22.48928276,0.8,0.744457231,SUCCESS,0,0.0015701,1.219479561,1.172071099,18,15.74999905,0.024985128,117024501.3,0.002030732,0.002030732,0.001838221,2,60,16.66666667
dataset_batch_2_geo_015,dataset_batch_2_geo_015_pw_01,0.982840498,0.486319363,313.3466856,0.244708727,0.119176687,22.69055286,0.4,0.842585935,SUCCESS,0,0.000158407,1.040518522,1,90,4.500001431,0.010707912,118447838.3,0.003318992,0.003318992,0.000819836,2,60,16.66666667
dataset_batch_2_geo_015,dataset_batch_2_geo_015_pw_02,0.982840498,0.486319363,313.3466856,0.244708727,0.119176687,22.69055286,0.5,0.842585935,SUCCESS,0,6.62E-05,1.040518522,1,8.999999046,0,0.005353956,113654130.4,0.002922392,0.002922392,0.001132497,1,60,16.66666667
dataset_batch_2_geo_015,dataset_batch_2_geo_015_pw_03,0.982840498,0.486319363,313.3466856,0.244708727,0.119176687,22.69055286,0.6,0.842585935,SUCCESS,0,0.000437734,1.126487851,1.040518522,13.5,8.999999046,0.012492564,107901451.9,0.002535888,0.002535888,0.001481793,2,60,16.66666667
dataset_batch_2_geo_015,dataset_batch_2_geo_015_pw_04,0.982840498,0.486319363,313.3466856,0.244708727,0.119176687,22.69055286,0.7,0.842585935,SUCCESS,0,0.000968958,1.172071099,1.126487851,18,13.5,0.02082094,102164019.3,0.002154096,0.002154096,0.001869372,2,60,16.66666667
dataset_batch_2_geo_015,dataset_batch_2_geo_015_pw_05,0.982840498,0.486319363,313.3466856,0.244708727,0.119176687,22.69055286,0.8,0.842585935,SUCCESS,0,0.001685177,1.268786311,1.219479561,20.24999809,18,0.0297442,96463509.04,0.002294543,0.001783079,0.002294543,3,60,16.66666667
dataset_batch_2_geo_016,dataset_batch_2_geo_016_pw_01,0.978532054,0.587598805,745.7395127,0.301863685,0.079305694,23.75575995,0.4,0.89555168,SUCCESS,0,1.61E-06,1,1,2.250000715,0,0.001189768,113169191.3,0.001278411,0.001278411,8.66E-05,1,60,16.66666667
dataset_batch_2_geo_016,dataset_batch_2_geo_016_pw_02,0.978532054,0.587598805,745.7395127,0.301863685,0.079305694,23.75575995,0.5,0.89555168,SUCCESS,0,4.13E-19,1,1,0,0,0,107424453.5,0.001104,0.001104,0.000203884,1,60,16.66666667
dataset_batch_2_geo_016,dataset_batch_2_geo_016_pw_03,0.978532054,0.587598805,745.7395127,0.301863685,0.079305694,23.75575995,0.6,0.89555168,SUCCESS,0,4.10E-19,1,1,0,0,0,101668887,0.000929591,0.000929591,0.000331076,1,60,16.66666667
dataset_batch_2_geo_016,dataset_batch_2_geo_016_pw_04,0.978532054,0.587598805,745.7395127,0.301863685,0.079305694,23.75575995,0.7,0.89555168,SUCCESS,0,3.70E-19,1,1,0,0,0,95913320.61,0.000755181,0.000755181,0.000477276,1,60,16.66666667
dataset_batch_2_geo_016,dataset_batch_2_geo_016_pw_05,0.978532054,0.587598805,745.7395127,0.301863685,0.079305694,23.75575995,0.8,0.89555168,SUCCESS,0,0.000118697,1.082659483,1,13.5,2.249999762,0.010707912,90159773.39,0.000640921,0.00058548,0.000640921,3,60,16.66666667
dataset_batch_2_geo_017,dataset_batch_2_geo_017_pw_01,0.78378133,0.572694127,230.6317123,0.200859221,0.042117351,21.77106336,0.4,0.267591932,SUCCESS,0,9.14E-19,1,1,0,0,0,80552483.19,0.002652371,0.002652371,3.87E-05,1,60,16.66666667
dataset_batch_2_geo_017,dataset_batch_2_geo_017_pw_02,0.78378133,0.572694127,230.6317123,0.200859221,0.042117351,21.77106336,0.5,0.267591932,SUCCESS,0,1.10E-18,1,1,0,0,0,74795281.23,0.002132075,0.002132075,0.000390042,1,60,16.66666667
dataset_batch_2_geo_017,dataset_batch_2_geo_017_pw_03,0.78378133,0.572694127,230.6317123,0.200859221,0.042117351,21.77106336,0.6,0.267591932,SUCCESS,0,1.06E-18,1,1,0,0,0,69038079.27,0.00161178,0.00161178,0.00081136,1,60,16.66666667
dataset_batch_2_geo_017,dataset_batch_2_geo_017_pw_04,0.78378133,0.572694127,230.6317123,0.200859221,0.042117351,21.77106336,0.7,0.267591932,SUCCESS,0,1.09E-18,1,1,0,0,0,63280877.31,0.00131794,0.001091485,0.00131794,1,60,16.66666667
dataset_batch_2_geo_017,dataset_batch_2_geo_017_pw_05,0.78378133,0.572694127,230.6317123,0.200859221,0.042117351,21.77106336,0.8,0.267591932,SUCCESS,0,0.000357203,1.126487851,1.040518522,15.75,11.25,0.013682332,57526915.02,0.001842161,0.000624422,0.001842161,3,60,16.66666667
dataset_batch_2_geo_018,dataset_batch_2_geo_018_pw_01,1.085888561,0.571142478,137.5745768,0.205546512,0.100412136,23.70547291,0.4,0.598480514,SUCCESS,0,0.002823646,1.082659483,1.082659483,22.50000191,20.25,0.016061868,123425426.6,0.008674766,0.008674766,0.001637362,2,60,16.66666667
dataset_batch_2_geo_018,dataset_batch_2_geo_018_pw_02,1.085888561,0.571142478,137.5745768,0.205546512,0.100412136,23.70547291,0.5,0.598480514,SUCCESS,0,2.58E-18,1,1,0,0,0,126757836.9,0.007778447,0.007778447,0.002268691,1,60,16.66666667
dataset_batch_2_geo_018,dataset_batch_2_geo_018_pw_03,1.085888561,0.571142478,137.5745768,0.205546512,0.100412136,23.70547291,0.6,0.598480514,SUCCESS,0,4.43E-05,1.040518522,1,4.499999523,0,0.00297442,121000706,0.006903929,0.006903929,0.002999154,1,60,16.66666667
dataset_batch_2_geo_018,dataset_batch_2_geo_018_pw_04,1.085888561,0.571142478,137.5745768,0.205546512,0.100412136,23.70547291,0.7,0.598480514,SUCCESS,0,0.000768417,1.082659483,1.040518522,11.25,8.999999046,0.009518144,115245381.2,0.006041957,0.006041957,0.003800378,2,60,16.66666667
dataset_batch_2_geo_018,dataset_batch_2_geo_018_pw_05,1.085888561,0.571142478,137.5745768,0.205546512,0.100412136,23.70547291,0.8,0.598480514,SUCCESS,0,0.002022795,1.172071099,1.126487851,15.75,13.5,0.017251636,109501731.3,0.005185479,0.005185479,0.004680486,2,60,16.66666667
dataset_batch_2_geo_019,dataset_batch_2_geo_019_pw_01,0.948983554,0.418622119,776.892572,0.277615684,0.085636765,27.25840933,0.4,0.966070047,SUCCESS,0,0.000148794,1.082659483,1.040518522,15.74999905,4.499999523,0.01189768,117263326.2,0.001294566,0.001294566,0.000411945,2,60,16.66666667
dataset_batch_2_geo_019,dataset_batch_2_geo_019_pw_02,0.948983554,0.418622119,776.892572,0.277615684,0.085636765,27.25840933,0.5,0.966070047,SUCCESS,0,0.000296371,1.172071099,1.082659483,15.75,8.999999046,0.016656752,111515744.9,0.00113784,0.00113784,0.000548869,2,60,16.66666667
dataset_batch_2_geo_019,dataset_batch_2_geo_019_pw_03,0.948983554,0.418622119,776.892572,0.277615684,0.085636765,27.25840933,0.6,0.966070047,SUCCESS,0,0.000523441,1.219479561,1.126487851,18,11.25,0.023200476,105789065.3,0.000985365,0.000985365,0.000702046,2,60,16.66666667
dataset_batch_2_geo_019,dataset_batch_2_geo_019_pw_04,0.948983554,0.418622119,776.892572,0.277615684,0.085636765,27.25840933,0.7,0.966070047,SUCCESS,0,0.000808149,1.320067286,1.219479561,20.24999809,13.5,0.032123736,100101889.9,0.000872319,0.000834103,0.000872319,3,60,16.66666667
dataset_batch_2_geo_019,dataset_batch_2_geo_019_pw_05,0.948983554,0.418622119,776.892572,0.277615684,0.085636765,27.25840933,0.8,0.966070047,SUCCESS,0,0.001168217,1.428871632,1.320067286,22.5,15.75,0.04164188,94478861.29,0.001057308,0.000688616,0.001057308,3,60,16.66666667
dataset_batch_2_geo_020,dataset_batch_2_geo_020_pw_01,0.804008462,0.533097972,490.81547,0.18303761,0.054142643,25.32166716,0.4,0.471355847,SUCCESS,0,4.77E-19,1,1,0,0,0,86170538.1,0.001385821,0.001385821,0.000182052,1,60,16.66666667
dataset_batch_2_geo_020,dataset_batch_2_geo_020_pw_02,0.804008462,0.533097972,490.81547,0.18303761,0.054142643,25.32166716,0.5,0.471355847,SUCCESS,0,1.01E-18,1,1,0,0,0,80413155.71,0.00114496,0.00114496,0.000360658,1,60,16.66666667
dataset_batch_2_geo_020,dataset_batch_2_geo_020_pw_03,0.804008462,0.533097972,490.81547,0.18303761,0.054142643,25.32166716,0.6,0.471355847,SUCCESS,0,6.17E-19,1,1,0,0,0,74655773.32,0.000904099,0.000904099,0.000575453,1,60,16.66666667
dataset_batch_2_geo_020,dataset_batch_2_geo_020_pw_04,0.804008462,0.533097972,490.81547,0.18303761,0.054142643,25.32166716,0.7,0.471355847,SUCCESS,0,2.61E-05,1.040518522,1,6.75,0,0.004759072,68898266.35,0.000814871,0.000663939,0.000814871,1,60,16.66666667
dataset_batch_2_geo_020,dataset_batch_2_geo_020_pw_05,0.804008462,0.533097972,490.81547,0.18303761,0.054142643,25.32166716,0.8,0.471355847,SUCCESS,0,0.000269451,1.126487851,1.040518522,18,11.25,0.017251636,63150039.73,0.00105953,0.000445409,0.00105953,3,60,16.66666667
dataset_batch_2_geo_021,dataset_batch_2_geo_021_pw_01,1.143524776,0.447619001,840.9863675,0.275486622,0.059767426,26.66277869,0.4,0.250035709,SUCCESS,0,0.00053499,1.172071099,1.082659483,90,90,0.036287924,137444315.1,0.001606789,0.001606789,0.000486474,2,60,16.66666667
dataset_batch_2_geo_021,dataset_batch_2_geo_021_pw_02,1.143524776,0.447619001,840.9863675,0.275486622,0.059767426,26.66277869,0.5,0.250035709,SUCCESS,0,0.000522988,1.219479561,1.126487851,90,90,0.03271862,136960589.8,0.001449816,0.001449816,0.000606112,2,60,16.66666667
dataset_batch_2_geo_021,dataset_batch_2_geo_021_pw_03,1.143524776,0.447619001,840.9863675,0.275486622,0.059767426,26.66277869,0.6,0.250035709,SUCCESS,0,0.000983411,1.320067286,1.219479561,90,90,0.039857228,132508935,0.001296833,0.001296833,0.000750763,2,60,16.66666667
dataset_batch_2_geo_021,dataset_batch_2_geo_021_pw_04,1.143524776,0.447619001,840.9863675,0.275486622,0.059767426,26.66277869,0.7,0.250035709,SUCCESS,0,0.00123124,1.373401761,1.320067286,90,90,0.045211184,128278151.2,0.001138671,0.001138671,0.000901544,2,60,16.66666667
dataset_batch_2_geo_021,dataset_batch_2_geo_021_pw_05,1.143524776,0.447619001,840.9863675,0.275486622,0.059767426,26.66277869,0.8,0.250035709,FAILED,1,,,,,,,,,,,0,60,16.66666667
dataset_batch_2_geo_022,dataset_batch_2_geo_022_pw_01,0.859476436,0.400699159,465.789221,0.264719395,0.083055613,27.15422302,0.4,0.066576804,SUCCESS,0,0.000161325,1.082659483,1.040518522,13.5,6.75,0.011302796,102863663.1,0.001832846,0.001832846,0.000645836,2,60,16.66666667
dataset_batch_2_geo_022,dataset_batch_2_geo_022_pw_02,0.859476436,0.400699159,465.789221,0.264719395,0.083055613,27.15422302,0.5,0.066576804,SUCCESS,0,0.000388102,1.172071099,1.082659483,15.75,11.25,0.01784652,97115624.11,0.001562806,0.001562806,0.000879881,2,60,16.66666667
dataset_batch_2_geo_022,dataset_batch_2_geo_022_pw_03,0.859476436,0.400699159,465.789221,0.264719395,0.083055613,27.15422302,0.6,0.066576804,SUCCESS,0,0.001037586,1.219479561,1.172071099,20.24999809,15.74999905,0.02676978,91382304.91,0.001298902,0.001298902,0.001143111,2,60,16.66666667
dataset_batch_2_geo_022,dataset_batch_2_geo_022_pw_04,0.859476436,0.400699159,465.789221,0.264719395,0.083055613,27.15422302,0.7,0.066576804,SUCCESS,0,0.001627751,1.373401761,1.268786311,22.5,20.24999809,0.04164188,86137383.36,0.001447688,0.001148834,0.001447688,3,60,16.66666667
dataset_batch_2_geo_022,dataset_batch_2_geo_022_pw_05,0.859476436,0.400699159,465.789221,0.264719395,0.083055613,27.15422302,0.8,0.066576804,SUCCESS,0,0.002180946,1.48656261,1.428871632,24.75,22.5,0.051754908,80141086.06,0.000185352,8.33E-05,0.000185352,3,60,16.66666667
dataset_batch_2_geo_023,dataset_batch_2_geo_023_pw_01,0.914847142,0.499149553,809.3184162,0.194723536,0.102845241,25.99972726,0.4,0.232904682,SUCCESS,0,3.31E-19,1,1,0,0,0,107042156.1,0.001133007,0.001133007,0.000271091,1,60,16.66666667
dataset_batch_2_geo_023,dataset_batch_2_geo_023_pw_02,0.914847142,0.499149553,809.3184162,0.194723536,0.102845241,25.99972726,0.5,0.232904682,SUCCESS,0,2.64E-19,1,1,0,0,0,101284889.7,0.000985495,0.000985495,0.000390909,1,60,16.66666667
dataset_batch_2_geo_023,dataset_batch_2_geo_023_pw_03,0.914847142,0.499149553,809.3184162,0.194723536,0.102845241,25.99972726,0.6,0.232904682,SUCCESS,0,1.96E-05,1.040518522,1,6.75,0,0.004759072,95527581.56,0.000838408,0.000838408,0.000524564,1,60,16.66666667
dataset_batch_2_geo_023,dataset_batch_2_geo_023_pw_04,0.914847142,0.499149553,809.3184162,0.194723536,0.102845241,25.99972726,0.7,0.232904682,SUCCESS,0,0.000179504,1.082659483,1.040518522,13.5,6.75,0.011302796,89776088.5,0.000692583,0.000692583,0.000671438,2,60,16.66666667
dataset_batch_2_geo_023,dataset_batch_2_geo_023_pw_05,0.914847142,0.499149553,809.3184162,0.194723536,0.102845241,25.99972726,0.8,0.232904682,SUCCESS,0,0.000366887,1.172071099,1.082659483,18,13.5,0.021415824,84034678.37,0.000823996,0.000553218,0.000823996,3,60,16.66666667
dataset_batch_2_geo_024,dataset_batch_2_geo_024_pw_01,0.874638017,0.560315653,976.6028366,0.162057838,0.07637165,22.72136616,0.4,0.743122659,SUCCESS,0,2.34E-19,1,1,0,0,0,96825882.83,0.000816435,0.000816435,0.0001101,1,60,16.66666667
dataset_batch_2_geo_024,dataset_batch_2_geo_024_pw_02,0.874638017,0.560315653,976.6028366,0.162057838,0.07637165,22.72136616,0.5,0.743122659,SUCCESS,0,6.66E-19,1,1,0,0,0,91068312.41,0.000697529,0.000697529,0.000198054,1,60,16.66666667
dataset_batch_2_geo_024,dataset_batch_2_geo_024_pw_03,0.874638017,0.560315653,976.6028366,0.162057838,0.07637165,22.72136616,0.6,0.743122659,SUCCESS,0,4.24E-19,1,1,0,0,0,85310741.99,0.000578622,0.000578622,0.000301741,1,60,16.66666667
dataset_batch_2_geo_024,dataset_batch_2_geo_024_pw_04,0.874638017,0.560315653,976.6028366,0.162057838,0.07637165,22.72136616,0.7,0.743122659,SUCCESS,0,1.24E-05,1.040518522,1,6.75,0,0.004759072,79553289.53,0.000460115,0.000460115,0.000418222,1,60,16.66666667
dataset_batch_2_geo_024,dataset_batch_2_geo_024_pw_05,0.874638017,0.560315653,976.6028366,0.162057838,0.07637165,22.72136616,0.8,0.743122659,SUCCESS,0,0.000136647,1.126487851,1.040518522,15.75,4.499999523,0.0148721,73801402.9,0.000538817,0.000345197,0.000538817,3,60,16.66666667
dataset_batch_2_geo_025,dataset_batch_2_geo_025_pw_01,0.860446893,0.615925678,177.7077361,0.240353723,0.046677855,27.28395574,0.4,0.260083089,SUCCESS,0,1.56E-18,1,1,0,0,0,91374899.81,0.004094608,0.004094608,0,1,60,16.66666667
dataset_batch_2_geo_025,dataset_batch_2_geo_025_pw_02,0.860446893,0.615925678,177.7077361,0.240353723,0.046677855,27.28395574,0.5,0.260083089,SUCCESS,0,1.63E-18,1,1,0,0,0,85618185.93,0.003397194,0.003397194,0.000364183,1,60,16.66666667
dataset_batch_2_geo_025,dataset_batch_2_geo_025_pw_03,0.860446893,0.615925678,177.7077361,0.240353723,0.046677855,27.28395574,0.6,0.260083089,SUCCESS,0,2.12E-18,1,1,0,0,0,79861472.05,0.00269978,0.00269978,0.000863117,1,60,16.66666667
dataset_batch_2_geo_025,dataset_batch_2_geo_025_pw_04,0.860446893,0.615925678,177.7077361,0.240353723,0.046677855,27.28395574,0.7,0.260083089,SUCCESS,0,1.49E-18,1,1,0,0,0,74104758.18,0.002002366,0.002002366,0.001475054,1,60,16.66666667
dataset_batch_2_geo_025,dataset_batch_2_geo_025_pw_05,0.860446893,0.615925678,177.7077361,0.240353723,0.046677855,27.28395574,0.8,0.260083089,SUCCESS,0,1.33E-18,1,1,0,0,0,68348044.3,0.002167148,0.001320936,0.002167148,1,60,16.66666667
dataset_batch_2_geo_026,dataset_batch_2_geo_026_pw_01,1.156075248,0.615475658,845.17616,0.287977996,0.062552128,24.17134536,0.4,0.22058274,SUCCESS,0,0.000912054,1.126487851,1.082659483,31.49999809,24.75000191,0.027364664,127451685.5,0.001514958,0.001514958,0.000179877,2,60,16.66666667
dataset_batch_2_geo_026,dataset_batch_2_geo_026_pw_02,1.156075248,0.615475658,845.17616,0.287977996,0.062552128,24.17134536,0.5,0.22058274,SUCCESS,0,0.000259453,1.040518522,1.040518522,18,11.25000381,0.010113028,129158650.2,0.001348784,0.001348784,0.000270123,2,60,16.66666667
dataset_batch_2_geo_026,dataset_batch_2_geo_026_pw_03,1.156075248,0.615475658,845.17616,0.287977996,0.062552128,24.17134536,0.6,0.22058274,SUCCESS,0,4.12E-19,1,1,0,0,0,130646902.5,0.001194698,0.001194698,0.000378559,1,60,16.66666667
dataset_batch_2_geo_026,dataset_batch_2_geo_026_pw_04,1.156075248,0.615475658,845.17616,0.287977996,0.062552128,24.17134536,0.7,0.22058274,SUCCESS,0,8.10E-05,1.082659483,1,11.25,0,0.007138608,124891506.2,0.001042804,0.001042804,0.000502659,1,60,16.66666667
dataset_batch_2_geo_026,dataset_batch_2_geo_026_pw_05,1.156075248,0.615475658,845.17616,0.287977996,0.062552128,24.17134536,0.8,0.22058274,SUCCESS,0,0.000310825,1.126487851,1.082659483,15.75,8.999999046,0.015466984,119149588.3,0.000889346,0.000889346,0.000640265,2,60,16.66666667
dataset_batch_2_geo_027,dataset_batch_2_geo_027_pw_01,0.830720925,0.646512051,658.7060506,0.316380703,0.067844225,21.35901342,0.4,0.035303481,SUCCESS,0,4.50E-19,1,1,0,0,0,84607459.85,0.000994556,0.000994556,0,1,60,16.66666667
dataset_batch_2_geo_027,dataset_batch_2_geo_027_pw_02,0.830720925,0.646512051,658.7060506,0.316380703,0.067844225,21.35901342,0.5,0.035303481,SUCCESS,0,4.04E-19,1,1,0,0,0,78852276.29,0.00079491,0.00079491,0,1,60,16.66666667
dataset_batch_2_geo_027,dataset_batch_2_geo_027_pw_03,0.830720925,0.646512051,658.7060506,0.316380703,0.067844225,21.35901342,0.6,0.035303481,SUCCESS,0,4.29E-19,1,1,0,0,0,73097092.72,0.000595263,0.000595263,9.58E-05,1,60,16.66666667
dataset_batch_2_geo_027,dataset_batch_2_geo_027_pw_04,0.830720925,0.646512051,658.7060506,0.316380703,0.067844225,21.35901342,0.7,0.035303481,SUCCESS,0,4.83E-19,1,1,0,0,0,67341909.15,0.000395617,0.000395617,0.000248891,1,60,16.66666667
dataset_batch_2_geo_027,dataset_batch_2_geo_027_pw_05,0.830720925,0.646512051,658.7060506,0.316380703,0.067844225,21.35901342,0.8,0.035303481,SUCCESS,0,3.92E-19,1,1,0,0,0,61586725.58,0.00044107,0.000210053,0.00044107,1,60,16.66666667
dataset_batch_2_geo_028,dataset_batch_2_geo_028_pw_01,0.99653198,0.430844607,528.4324461,0.194911788,0.052401202,20.796627,0.4,0.27199576,FAILED,1,,,,,,,,,,,0,60,16.66666667
dataset_batch_2_geo_028,dataset_batch_2_geo_028_pw_02,0.99653198,0.430844607,528.4324461,0.194911788,0.052401202,20.796627,0.5,0.27199576,FAILED,1,,,,,,,,,,,0,60,16.66666667
dataset_batch_2_geo_028,dataset_batch_2_geo_028_pw_03,0.99653198,0.430844607,528.4324461,0.194911788,0.052401202,20.796627,0.6,0.27199576,FAILED,1,,,,,,,,,,,0,60,16.66666667
dataset_batch_2_geo_028,dataset_batch_2_geo_028_pw_04,0.99653198,0.430844607,528.4324461,0.194911788,0.052401202,20.796627,0.7,0.27199576,FAILED,1,,,,,,,,,,,0,60,16.66666667
dataset_batch_2_geo_028,dataset_batch_2_geo_028_pw_05,0.99653198,0.430844607,528.4324461,0.194911788,0.052401202,20.796627,0.8,0.27199576,FAILED,1,,,,,,,,,,,0,60,16.66666667
dataset_batch_2_geo_029,dataset_batch_2_geo_029_pw_01,0.818714689,0.597127748,816.550773,0.299361083,0.077204148,21.65363664,0.4,0.116390663,SUCCESS,0,2.95E-19,1,1,0,0,0,85222206.42,0.000806621,0.000806621,0,1,60,16.66666667
dataset_batch_2_geo_029,dataset_batch_2_geo_029_pw_02,0.818714689,0.597127748,816.550773,0.299361083,0.077204148,21.65363664,0.5,0.116390663,SUCCESS,0,3.90E-19,1,1,0,0,0,79466579.58,0.000647642,0.000647642,5.58E-05,1,60,16.66666667
dataset_batch_2_geo_029,dataset_batch_2_geo_029_pw_03,0.818714689,0.597127748,816.550773,0.299361083,0.077204148,21.65363664,0.6,0.116390663,SUCCESS,0,3.91E-19,1,1,0,0,0,73710952.74,0.000488662,0.000488662,0.000167238,1,60,16.66666667
dataset_batch_2_geo_029,dataset_batch_2_geo_029_pw_04,0.818714689,0.597127748,816.550773,0.299361083,0.077204148,21.65363664,0.7,0.116390663,SUCCESS,0,3.13E-19,1,1,0,0,0,67955325.9,0.000329764,0.000329764,0.000305559,1,60,16.66666667
dataset_batch_2_geo_029,dataset_batch_2_geo_029_pw_05,0.818714689,0.597127748,816.550773,0.299361083,0.077204148,21.65363664,0.8,0.116390663,SUCCESS,0,2.76E-19,1,1,0,0,0,62199699.05,0.000463476,0.000187258,0.000463476,1,60,16.66666667
dataset_batch_2_geo_030,dataset_batch_2_geo_030_pw_01,0.701554921,0.414501259,433.9803023,0.265707231,0.098366724,21.91725976,0.4,0.506163529,SUCCESS,0,1.51E-05,1.040518522,1,6.75,0,0.004759072,74996731.24,0.001270183,0.001270183,0.000399667,1,60,16.66666667
dataset_batch_2_geo_030,dataset_batch_2_geo_030_pw_02,0.701554921,0.414501259,433.9803023,0.265707231,0.098366724,21.91725976,0.5,0.506163529,SUCCESS,0,0.000130262,1.082659483,1,13.5,4.499999523,0.011302796,69241970.46,0.000982138,0.000982138,0.000649107,2,60,16.66666667
dataset_batch_2_geo_030,dataset_batch_2_geo_030_pw_03,0.701554921,0.414501259,433.9803023,0.265707231,0.098366724,21.91725976,0.6,0.506163529,SUCCESS,0,0.000376562,1.219479442,1.126487851,20.24999809,13.5,0.024390244,63501331.75,0.000939204,0.000701469,0.000939204,3,60,16.66666667
dataset_batch_2_geo_030,dataset_batch_2_geo_030_pw_04,0.701554921,0.414501259,433.9803023,0.265707231,0.098366724,21.91725976,0.7,0.506163529,SUCCESS,0,0.000735467,1.320067286,1.219479561,24.75,20.24999809,0.04164188,57800871.78,0.001248763,0.000463934,0.001248763,3,60,16.66666667
dataset_batch_2_geo_030,dataset_batch_2_geo_030_pw_05,0.701554921,0.414501259,433.9803023,0.265707231,0.098366724,21.91725976,0.8,0.506163529,SUCCESS,0,0.00125356,1.48656261,1.373401761,29.25,24.75,0.06246282,52195693.02,0.00157889,0.000278697,0.00157889,3,60,16.66666667
dataset_batch_2_geo_031,dataset_batch_2_geo_031_pw_01,0.972492844,0.4625273,879.843267,0.21233091,0.08471564,26.26177784,0.4,0.182367539,SUCCESS,0,7.15E-05,1.082659483,1,13.5,0,0.009518144,118924891.6,0.00119259,0.00119259,0.000355045,1,60,16.66666667
dataset_batch_2_geo_031,dataset_batch_2_geo_031_pw_02,0.972492844,0.4625273,879.843267,0.21233091,0.08471564,26.26177784,0.5,0.182367539,SUCCESS,0,0.000113727,1.082659483,1,13.5,2.249999762,0.011302796,113169334.3,0.001055731,0.001055731,0.000470568,2,60,16.66666667
dataset_batch_2_geo_031,dataset_batch_2_geo_031_pw_03,0.972492844,0.4625273,879.843267,0.21233091,0.08471564,26.26177784,0.6,0.182367539,SUCCESS,0,0.000260953,1.172071099,1.082659483,15.75,9,0.01784652,107422168,0.000919242,0.000919242,0.000598825,2,60,16.66666667
dataset_batch_2_geo_031,dataset_batch_2_geo_031_pw_04,0.972492844,0.4625273,879.843267,0.21233091,0.08471564,26.26177784,0.7,0.182367539,SUCCESS,0,0.000508696,1.219479561,1.126487851,20.24999809,13.5,0.02676978,101694898.3,0.000781202,0.000781202,0.000740721,2,60,16.66666667
dataset_batch_2_geo_031,dataset_batch_2_geo_031_pw_05,0.972492844,0.4625273,879.843267,0.21233091,0.08471564,26.26177784,0.8,0.182367539,SUCCESS,0,0.00084459,1.320067286,1.219479561,22.5,15.75,0.03569304,96010835.88,0.000892015,0.000658006,0.000892015,3,60,16.66666667
dataset_batch_2_geo_032,dataset_batch_2_geo_032_pw_01,0.774169547,0.582000421,419.5926539,0.275193419,0.060016411,25.44655831,0.4,0.4702024,SUCCESS,0,8.91E-19,1,1,0,0,0,78394517.88,0.00139781,0.00139781,0,1,60,16.66666667
dataset_batch_2_geo_032,dataset_batch_2_geo_032_pw_02,0.774169547,0.582000421,419.5926539,0.275193419,0.060016411,25.44655831,0.5,0.4702024,SUCCESS,0,6.09E-19,1,1,0,0,0,72638376.86,0.001094162,0.001094162,0.000115883,1,60,16.66666667
dataset_batch_2_geo_032,dataset_batch_2_geo_032_pw_03,0.774169547,0.582000421,419.5926539,0.275193419,0.060016411,25.44655831,0.6,0.4702024,SUCCESS,0,8.21E-19,1,1,0,0,0,66882235.83,0.000790515,0.000790515,0.000337696,1,60,16.66666667
dataset_batch_2_geo_032,dataset_batch_2_geo_032_pw_04,0.774169547,0.582000421,419.5926539,0.275193419,0.060016411,25.44655831,0.7,0.4702024,SUCCESS,0,6.41E-19,1,1,0,0,0,61126094.81,0.000619956,0.00048931,0.000619956,1,60,16.66666667
dataset_batch_2_geo_032,dataset_batch_2_geo_032_pw_05,0.774169547,0.582000421,419.5926539,0.275193419,0.060016411,25.44655831,0.8,0.4702024,SUCCESS,0,6.18E-19,1,1,0,0,0,55369953.79,0.000923603,0.000233138,0.000923603,1,60,16.66666667
dataset_batch_2_geo_033,dataset_batch_2_geo_033_pw_01,0.969595798,0.596772578,654.3642656,0.213545525,0.121409728,23.91435717,0.4,0.39520113,SUCCESS,0,5.63E-19,1,1,0,0,0,111156665.4,0.001450428,0.001450428,0.000147481,1,60,16.66666667
dataset_batch_2_geo_033,dataset_batch_2_geo_033_pw_02,0.969595798,0.596772578,654.3642656,0.213545525,0.121409728,23.91435717,0.5,0.39520113,SUCCESS,0,5.15E-19,1,1,0,0,0,105399605.6,0.001265115,0.001265115,0.000275049,1,60,16.66666667
dataset_batch_2_geo_033,dataset_batch_2_geo_033_pw_03,0.969595798,0.596772578,654.3642656,0.213545525,0.121409728,23.91435717,0.6,0.39520113,SUCCESS,0,5.89E-19,1,1,0,0,0,99642545.75,0.001079802,0.001079802,0.000422167,1,60,16.66666667
dataset_batch_2_geo_033,dataset_batch_2_geo_033_pw_04,0.969595798,0.596772578,654.3642656,0.213545525,0.121409728,23.91435717,0.7,0.39520113,SUCCESS,0,6.70E-19,1,1,0,0,0,93885485.9,0.000894489,0.000894489,0.000588704,1,60,16.66666667
dataset_batch_2_geo_033,dataset_batch_2_geo_033_pw_05,0.969595798,0.596772578,654.3642656,0.213545525,0.121409728,23.91435717,0.8,0.39520113,SUCCESS,0,5.32E-07,1,1,0,0,0,88128426.95,0.000771501,0.000709181,0.000771501,1,60,16.66666667
dataset_batch_2_geo_034,dataset_batch_2_geo_034_pw_01,1.103218945,0.622775986,803.7626907,0.307115116,0.098745493,24.54537221,0.4,0.249032594,SUCCESS,0,0.000243023,1.040518522,1.040518522,18,9.000002861,0.010707912,126323565.2,0.001444267,0.001444267,0.000104268,2,60,16.66666667
dataset_batch_2_geo_034,dataset_batch_2_geo_034_pw_02,1.103218945,0.622775986,803.7626907,0.307115116,0.098745493,24.54537221,0.5,0.249032594,SUCCESS,0,5.07E-19,1,1,0,0,0,126928493.3,0.001280263,0.001280263,0.000211376,1,60,16.66666667
dataset_batch_2_geo_034,dataset_batch_2_geo_034_pw_03,1.103218945,0.622775986,803.7626907,0.307115116,0.098745493,24.54537221,0.6,0.249032594,SUCCESS,0,4.63E-19,1,1,0,0,0,121173058.7,0.001117794,0.001117794,0.00032528,1,60,16.66666667
dataset_batch_2_geo_034,dataset_batch_2_geo_034_pw_04,1.103218945,0.622775986,803.7626907,0.307115116,0.098745493,24.54537221,0.7,0.249032594,SUCCESS,0,3.79E-19,1,1,0,0,0,115417624.1,0.000955325,0.000955325,0.000453823,1,60,16.66666667
dataset_batch_2_geo_034,dataset_batch_2_geo_034_pw_05,1.103218945,0.622775986,803.7626907,0.307115116,0.098745493,24.54537221,0.8,0.249032594,SUCCESS,0,5.42E-05,1.040518522,1,9,0,0.00594884,109662106.3,0.000793074,0.000793074,0.000596511,1,60,16.66666667
dataset_batch_2_geo_035,dataset_batch_2_geo_035_pw_01,1.040138217,0.42246172,378.6481457,0.176538292,0.096777907,25.04098982,0.4,0.333672097,SUCCESS,0,0.000595902,1.172071099,1.126487851,90,90,0.031528852,125681577.7,0.003249456,0.003249456,0.001238401,2,60,16.66666667
dataset_batch_2_geo_035,dataset_batch_2_geo_035_pw_02,1.040138217,0.42246172,378.6481457,0.176538292,0.096777907,25.04098982,0.5,0.333672097,SUCCESS,0,0.000896072,1.219479561,1.172071099,90,90,0.03271862,124689343.6,0.002945268,0.002945268,0.001517984,2,60,16.66666667
dataset_batch_2_geo_035,dataset_batch_2_geo_035_pw_03,1.040138217,0.42246172,378.6481457,0.176538292,0.096777907,25.04098982,0.6,0.333672097,SUCCESS,0,0.001454215,1.268786311,1.219479561,90,90,0.039262344,119523193.8,0.002636944,0.002636944,0.001830932,2,60,16.66666667
dataset_batch_2_geo_035,dataset_batch_2_geo_035_pw_04,1.040138217,0.42246172,378.6481457,0.176538292,0.096777907,25.04098982,0.7,0.333672097,SUCCESS,0,0.002241031,1.373401761,1.320067286,90,90,0.04759072,114278817.4,0.00231146,0.00231146,0.002171416,2,60,16.66666667
dataset_batch_2_geo_035,dataset_batch_2_geo_035_pw_05,1.040138217,0.42246172,378.6481457,0.176538292,0.096777907,25.04098982,0.8,0.333672097,SUCCESS,0,0.003048277,1.48656261,1.428871632,90,20.24999809,0.057108864,108957390.5,0.00253812,0.002033827,0.00253812,3,60,16.66666667
dataset_batch_2_geo_036,dataset_batch_2_geo_036_pw_01,0.893595779,0.427564687,440.9642392,0.216543864,0.085268334,23.09920926,0.4,0.845716327,SUCCESS,0,0.000312666,1.126487851,1.082659483,18,11.25,0.01784652,107275753,0.002102326,0.002102326,0.000710258,2,60,16.66666667
dataset_batch_2_geo_036,dataset_batch_2_geo_036_pw_02,0.893595779,0.427564687,440.9642392,0.216543864,0.085268334,23.09920926,0.5,0.845716327,SUCCESS,0,0.000502149,1.172071099,1.126487851,18,13.5,0.02082094,101529321.7,0.001838419,0.001838419,0.000952147,2,60,16.66666667
dataset_batch_2_geo_036,dataset_batch_2_geo_036_pw_03,0.893595779,0.427564687,440.9642392,0.216543864,0.085268334,23.09920926,0.6,0.845716327,SUCCESS,0,0.000866644,1.268786311,1.172071099,20.24999809,15.75,0.031528852,95811898.97,0.00158164,0.00158164,0.001225435,2,60,16.66666667
dataset_batch_2_geo_036,dataset_batch_2_geo_036_pw_04,0.893595779,0.427564687,440.9642392,0.216543864,0.085268334,23.09920926,0.7,0.845716327,SUCCESS,0,0.001345969,1.373401761,1.320067286,22.5,18,0.042236764,90147409.71,0.001528296,0.001322093,0.001528296,3,60,16.66666667
dataset_batch_2_geo_036,dataset_batch_2_geo_036_pw_05,0.893595779,0.427564687,440.9642392,0.216543864,0.085268334,23.09920926,0.8,0.845716327,SUCCESS,0,0.001972771,1.48656261,1.428871632,24.75,20.24999809,0.054729328,84569371.3,0.001850374,0.00108077,0.001850374,3,60,16.66666667
dataset_batch_2_geo_037,dataset_batch_2_geo_037_pw_01,0.916799028,0.54539572,668.8236804,0.277332492,0.113981318,22.84881191,0.4,0.496305893,SUCCESS,0,3.94E-19,1,1,0,0,0,104868202,0.001300882,0.001300882,0.000155499,1,60,16.66666667
dataset_batch_2_geo_037,dataset_batch_2_geo_037_pw_02,0.916799028,0.54539572,668.8236804,0.277332492,0.113981318,22.84881191,0.5,0.496305893,SUCCESS,0,3.85E-19,1,1,0,0,0,99112101.97,0.001110067,0.001110067,0.000287233,1,60,16.66666667
dataset_batch_2_geo_037,dataset_batch_2_geo_037_pw_03,0.916799028,0.54539572,668.8236804,0.277332492,0.113981318,22.84881191,0.6,0.496305893,SUCCESS,0,4.77E-19,1,1,0,0,0,93356001.96,0.000919253,0.000919253,0.000439642,1,60,16.66666667
dataset_batch_2_geo_037,dataset_batch_2_geo_037_pw_04,0.916799028,0.54539572,668.8236804,0.277332492,0.113981318,22.84881191,0.7,0.496305893,SUCCESS,0,1.73E-05,1.040518522,1,4.5,0,0.003569304,87599973.18,0.000728767,0.000728767,0.000612071,1,60,16.66666667
dataset_batch_2_geo_037,dataset_batch_2_geo_037_pw_05,0.916799028,0.54539572,668.8236804,0.277332492,0.113981318,22.84881191,0.8,0.496305893,SUCCESS,0,0.000190102,1.082659483,1.040518522,15.75,6.75,0.012492564,81847878.66,0.000802577,0.000549086,0.000802577,3,60,16.66666667
dataset_batch_2_geo_038,dataset_batch_2_geo_038_pw_01,1.166064926,0.500476507,944.5698221,0.180867519,0.11947161,26.43131226,0.4,0.92250817,SUCCESS,0,0.000261224,1.082659483,1.040518522,90,90,0.020226056,144706427.1,0.001491673,0.001491673,0.000446256,2,60,16.66666667
dataset_batch_2_geo_038,dataset_batch_2_geo_038_pw_02,1.166064926,0.500476507,944.5698221,0.180867519,0.11947161,26.43131226,0.5,0.92250817,SUCCESS,0,0.00012569,1.082659483,1,13.5,2.249999762,0.010707912,144355686.7,0.001366083,0.001366083,0.000548713,2,60,16.66666667
dataset_batch_2_geo_038,dataset_batch_2_geo_038_pw_03,1.166064926,0.500476507,944.5698221,0.180867519,0.11947161,26.43131226,0.6,0.92250817,SUCCESS,0,0.000278326,1.126487851,1.040518522,13.5,6.75,0.013682332,138606402.1,0.001247709,0.001247709,0.000663599,2,60,16.66666667
dataset_batch_2_geo_038,dataset_batch_2_geo_038_pw_04,1.166064926,0.500476507,944.5698221,0.180867519,0.11947161,26.43131226,0.7,0.92250817,SUCCESS,0,0.000484599,1.172071099,1.126487851,15.75,11.25,0.019036288,132872610.8,0.001131216,0.001131216,0.000787425,2,60,16.66666667
dataset_batch_2_geo_038,dataset_batch_2_geo_038_pw_05,1.166064926,0.500476507,944.5698221,0.180867519,0.11947161,26.43131226,0.8,0.92250817,SUCCESS,0,0.000739303,1.268786311,1.172071099,18,13.5,0.02676978,127167204,0.001014761,0.001014761,0.000921503,2,60,16.66666667
dataset_batch_2_geo_039,dataset_batch_2_geo_039_pw_01,0.802576555,0.653924953,120.9387093,0.20779105,0.108283555,23.7982468,0.4,0.577154761,SUCCESS,0,2.12E-18,1,1,0,0,0,79381080.89,0.004882366,0.004882366,0,1,60,16.66666667
dataset_batch_2_geo_039,dataset_batch_2_geo_039_pw_02,0.802576555,0.653924953,120.9387093,0.20779105,0.108283555,23.7982468,0.5,0.577154761,SUCCESS,0,2.67E-18,1,1,0,0,0,73623955.05,0.003884437,0.003884437,0,1,60,16.66666667
dataset_batch_2_geo_039,dataset_batch_2_geo_039_pw_03,0.802576555,0.653924953,120.9387093,0.20779105,0.108283555,23.7982468,0.6,0.577154761,SUCCESS,0,1.79E-18,1,1,0,0,0,67866829.22,0.002886509,0.002886509,0.000493372,1,60,16.66666667
dataset_batch_2_geo_039,dataset_batch_2_geo_039_pw_04,0.802576555,0.653924953,120.9387093,0.20779105,0.108283555,23.7982468,0.7,0.577154761,SUCCESS,0,1.96E-18,1,1,0,0,0,62109703.38,0.00188858,0.00188858,0.001327565,1,60,16.66666667
dataset_batch_2_geo_039,dataset_batch_2_geo_039_pw_05,0.802576555,0.653924953,120.9387093,0.20779105,0.108283555,23.7982468,0.8,0.577154761,SUCCESS,0,2.08E-18,1,1,0,0,0,56352577.54,0.002322664,0.000931978,0.002322664,1,60,16.66666667
dataset_batch_2_geo_040,dataset_batch_2_geo_040_pw_01,0.755647341,0.522300968,343.5224745,0.296337079,0.120373347,21.2839124,0.4,0.696660738,SUCCESS,0,6.66E-19,1,1,0,0,0,78445320.27,0.001698169,0.001698169,9.21E-05,1,60,16.66666667
dataset_batch_2_geo_040,dataset_batch_2_geo_040_pw_02,0.755647341,0.522300968,343.5224745,0.296337079,0.120373347,21.2839124,0.5,0.696660738,SUCCESS,0,1.03E-18,1,1,0,0,0,72689622.42,0.001321152,0.001321152,0.000349306,1,60,16.66666667
dataset_batch_2_geo_040,dataset_batch_2_geo_040_pw_03,0.755647341,0.522300968,343.5224745,0.296337079,0.120373347,21.2839124,0.6,0.696660738,SUCCESS,0,1.13E-18,1,1,0,0,0,66933924.56,0.000944135,0.000944135,0.000660246,1,60,16.66666667
dataset_batch_2_geo_040,dataset_batch_2_geo_040_pw_04,0.755647341,0.522300968,343.5224745,0.296337079,0.120373347,21.2839124,0.7,0.696660738,SUCCESS,0,5.68E-19,1,1,0,0,0,61178226.71,0.001027273,0.000586154,0.001027273,1,60,16.66666667
dataset_batch_2_geo_040,dataset_batch_2_geo_040_pw_05,0.755647341,0.522300968,343.5224745,0.296337079,0.120373347,21.2839124,0.8,0.696660738,SUCCESS,0,0.000180796,1.082659483,1.040518522,15.75,6.75,0.01189768,55423949.1,0.001405899,0.000292567,0.001405899,3,60,16.66666667
dataset_batch_2_geo_041,dataset_batch_2_geo_041_pw_01,1.066718379,0.55187549,895.3219534,0.328281303,0.051128105,27.22536022,0.4,0.012369718,SUCCESS,0,1.04E-06,1,1,0,0,0.000594884,130240185.5,0.001249298,0.001249298,0.000164657,1,60,16.66666667
dataset_batch_2_geo_041,dataset_batch_2_geo_041_pw_02,1.066718379,0.55187549,895.3219534,0.328281303,0.051128105,27.22536022,0.5,0.012369718,SUCCESS,0,1.84E-06,1,1,0,0,0.000594884,124496480.7,0.001101092,0.001101092,0.00026508,1,60,16.66666667
dataset_batch_2_geo_041,dataset_batch_2_geo_041_pw_03,1.066718379,0.55187549,895.3219534,0.328281303,0.051128105,27.22536022,0.6,0.012369718,SUCCESS,0,4.68E-05,1.040518522,1,9,0,0.00594884,118742011.4,0.000953016,0.000953016,0.000376076,1,60,16.66666667
dataset_batch_2_geo_041,dataset_batch_2_geo_041_pw_04,1.066718379,0.55187549,895.3219534,0.328281303,0.051128105,27.22536022,0.7,0.012369718,SUCCESS,0,0.000251804,1.126487851,1.040518522,15.75,8.999999046,0.014277216,113000802.9,0.000804723,0.000804723,0.000500947,2,60,16.66666667
dataset_batch_2_geo_041,dataset_batch_2_geo_041_pw_05,1.066718379,0.55187549,895.3219534,0.328281303,0.051128105,27.22536022,0.8,0.012369718,FAILED,1,,,,,,,,,,,0,60,16.66666667
dataset_batch_2_geo_042,dataset_batch_2_geo_042_pw_01,1.141460132,0.589990355,191.8804197,0.198832787,0.113734672,22.04107802,0.4,0.57024533,SUCCESS,0,0.004484615,1.126487851,1.126487851,29.25000381,27.00000191,0.027364664,125114070.9,0.00676195,0.00676195,0.00130697,2,60,16.66666667
dataset_batch_2_geo_042,dataset_batch_2_geo_042_pw_02,1.141460132,0.589990355,191.8804197,0.198832787,0.113734672,22.04107802,0.5,0.57024533,SUCCESS,0,0.001548133,1.082659483,1.040518522,20.25,15.74999905,0.013682332,127438500.4,0.006084516,0.006084516,0.001721306,2,60,16.66666667
dataset_batch_2_geo_042,dataset_batch_2_geo_042_pw_03,1.141460132,0.589990355,191.8804197,0.198832787,0.113734672,22.04107802,0.6,0.57024533,SUCCESS,0,2.87E-05,1.040518522,1,2.249999762,0,0.002379536,129523159,0.005450155,0.005450155,0.002218072,1,60,16.66666667
dataset_batch_2_geo_042,dataset_batch_2_geo_042_pw_04,1.141460132,0.589990355,191.8804197,0.198832787,0.113734672,22.04107802,0.7,0.57024533,SUCCESS,0,0.000539891,1.082659483,1.040518522,11.25,8.999999046,0.00892326,123767806.7,0.004834338,0.004834338,0.002782701,2,60,16.66666667
dataset_batch_2_geo_042,dataset_batch_2_geo_042_pw_05,1.141460132,0.589990355,191.8804197,0.198832787,0.113734672,22.04107802,0.8,0.57024533,SUCCESS,0,0.001454877,1.126487851,1.126487851,15.75,13.5,0.015466984,118022049.1,0.004219952,0.004219952,0.003399723,2,60,16.66666667
dataset_batch_2_geo_043,dataset_batch_2_geo_043_pw_01,0.977456228,0.595837882,304.7979408,0.24193579,0.07153718,20.45059576,0.4,0.687269669,SUCCESS,0,0.002175889,1.126487851,1.082659483,29.25000381,27.00000191,0.024985128,102246509.6,0.003176215,0.003176215,0.000314713,2,60,16.66666667
dataset_batch_2_geo_043,dataset_batch_2_geo_043_pw_02,0.977456228,0.595837882,304.7979408,0.24193579,0.07153718,20.45059576,0.5,0.687269669,SUCCESS,0,0.00014819,1.040518522,1,9.000002861,2.250000715,0.00594884,105762052.7,0.002744239,0.002744239,0.000564838,2,60,16.66666667
dataset_batch_2_geo_043,dataset_batch_2_geo_043_pw_03,0.977456228,0.595837882,304.7979408,0.24193579,0.07153718,20.45059576,0.6,0.687269669,SUCCESS,0,1.49E-18,1,1,0,0,0,101042043.5,0.002336684,0.002336684,0.000878401,1,60,16.66666667
dataset_batch_2_geo_043,dataset_batch_2_geo_043_pw_04,0.977456228,0.595837882,304.7979408,0.24193579,0.07153718,20.45059576,0.7,0.687269669,SUCCESS,0,8.44E-05,1.040518522,1,9,0,0.00594884,95285539.81,0.001931392,0.001931392,0.001236387,1,60,16.66666667
dataset_batch_2_geo_043,dataset_batch_2_geo_043_pw_05,0.977456228,0.595837882,304.7979408,0.24193579,0.07153718,20.45059576,0.8,0.687269669,SUCCESS,0,0.000580427,1.126487851,1.082659483,15.75,11.25,0.015466984,89536209.71,0.001638852,0.001532376,0.001638852,3,60,16.66666667
dataset_batch_2_geo_044,dataset_batch_2_geo_044_pw_01,1.003857115,0.464201769,692.8451662,0.283710565,0.108155538,27.05084367,0.4,0.176068925,SUCCESS,0,2.86E-05,1.040518522,1,8.999999046,0,0.005353956,124213705.5,0.001549214,0.001549214,0.000398125,1,60,16.66666667
dataset_batch_2_geo_044,dataset_batch_2_geo_044_pw_02,1.003857115,0.464201769,692.8451662,0.283710565,0.108155538,27.05084367,0.5,0.176068925,SUCCESS,0,6.60E-05,1.040518522,1,9,0,0.00594884,118458105,0.001364394,0.001364394,0.000542158,1,60,16.66666667
dataset_batch_2_geo_044,dataset_batch_2_geo_044_pw_03,1.003857115,0.464201769,692.8451662,0.283710565,0.108155538,27.05084367,0.6,0.176068925,SUCCESS,0,0.000268512,1.126487851,1.040518522,13.5,8.999999046,0.013087448,112707433.1,0.001179075,0.001179075,0.000702302,2,60,16.66666667
dataset_batch_2_geo_044,dataset_batch_2_geo_044_pw_04,1.003857115,0.464201769,692.8451662,0.283710565,0.108155538,27.05084367,0.7,0.176068925,SUCCESS,0,0.000555044,1.172071099,1.126487851,18,13.5,0.02082094,106974290,0.000996507,0.000996507,0.000879488,2,60,16.66666667
dataset_batch_2_geo_044,dataset_batch_2_geo_044_pw_05,1.003857115,0.464201769,692.8451662,0.283710565,0.108155538,27.05084367,0.8,0.176068925,SUCCESS,0,0.000818924,1.268786311,1.219479561,20.24999809,18,0.031528852,101289412.6,0.001078019,0.000833065,0.001078019,3,60,16.66666667
dataset_batch_2_geo_045,dataset_batch_2_geo_045_pw_01,0.933374453,0.479412255,533.5669409,0.327359174,0.059632927,22.78160726,0.4,0.370367285,SUCCESS,0,0.000420517,1.082659483,1.040518522,90,90,0.021415824,105222959.9,0.001717657,0.001717657,0.000339968,2,60,16.66666667
dataset_batch_2_geo_045,dataset_batch_2_geo_045_pw_02,0.933374453,0.479412255,533.5669409,0.327359174,0.059632927,22.78160726,0.5,0.370367285,SUCCESS,0,0.000155967,1.082659483,1,13.5,4.499999523,0.011302796,105527411.5,0.001467511,0.001467511,0.000516021,2,60,16.66666667
dataset_batch_2_geo_045,dataset_batch_2_geo_045_pw_03,0.933374453,0.479412255,533.5669409,0.327359174,0.059632927,22.78160726,0.6,0.370367285,SUCCESS,0,0.000425498,1.172071099,1.082659483,18,11.25,0.02082094,99787221.39,0.001219777,0.001219777,0.000724336,2,60,16.66666667
dataset_batch_2_geo_045,dataset_batch_2_geo_045_pw_04,0.933374453,0.479412255,533.5669409,0.327359174,0.059632927,22.78160726,0.7,0.370367285,SUCCESS,0,0.000831355,1.268786311,1.219479561,20.24999809,15.75,0.030933968,94073853.69,0.000984346,0.000984346,0.000962213,2,60,16.66666667
dataset_batch_2_geo_045,dataset_batch_2_geo_045_pw_05,0.933374453,0.479412255,533.5669409,0.327359174,0.059632927,22.78160726,0.8,0.370367285,SUCCESS,0,0.001381844,1.428871632,1.320067286,27,20.24999809,0.048185604,88512368.93,0.001242474,0.000792145,0.001242474,3,60,16.66666667
dataset_batch_2_geo_046,dataset_batch_2_geo_046_pw_01,1.135951504,0.67657594,958.7518611,0.28653955,0.11435234,25.18004387,0.4,0.601250781,SUCCESS,0,7.25E-05,1.040518522,1,13.50000477,0,0.007733492,133791027.4,0.001249123,0.001249123,4.07E-05,1,60,16.66666667
dataset_batch_2_geo_046,dataset_batch_2_geo_046_pw_02,1.135951504,0.67657594,958.7518611,0.28653955,0.11435234,25.18004387,0.5,0.601250781,SUCCESS,0,4.35E-19,1,1,0,0,0,129638706.2,0.001114811,0.001114811,0.000130449,1,60,16.66666667
dataset_batch_2_geo_046,dataset_batch_2_geo_046_pw_03,1.135951504,0.67657594,958.7518611,0.28653955,0.11435234,25.18004387,0.6,0.601250781,SUCCESS,0,4.64E-19,1,1,0,0,0,123882792.1,0.000980742,0.000980742,0.000221513,1,60,16.66666667
dataset_batch_2_geo_046,dataset_batch_2_geo_046_pw_04,1.135951504,0.67657594,958.7518611,0.28653955,0.11435234,25.18004387,0.7,0.601250781,SUCCESS,0,3.50E-19,1,1,0,0,0,118126878,0.000846674,0.000846674,0.000323421,1,60,16.66666667
dataset_batch_2_geo_046,dataset_batch_2_geo_046_pw_05,1.135951504,0.67657594,958.7518611,0.28653955,0.11435234,25.18004387,0.8,0.601250781,SUCCESS,0,4.00E-19,1,1,0,0,0,112370963.8,0.000712606,0.000712606,0.000437558,1,60,16.66666667
dataset_batch_2_geo_047,dataset_batch_2_geo_047_pw_01,0.96828668,0.656824109,774.5151394,0.289539755,0.106946762,27.7038488,0.4,0.969924465,SUCCESS,0,5.38E-19,1,1,0,0,0,107673707.5,0.001162788,0.001162788,0,1,60,16.66666667
dataset_batch_2_geo_047,dataset_batch_2_geo_047_pw_02,0.96828668,0.656824109,774.5151394,0.289539755,0.106946762,27.7038488,0.5,0.969924465,SUCCESS,0,4.33E-19,1,1,0,0,0,101917857.4,0.000996443,0.000996443,6.61E-05,1,60,16.66666667
dataset_batch_2_geo_047,dataset_batch_2_geo_047_pw_03,0.96828668,0.656824109,774.5151394,0.289539755,0.106946762,27.7038488,0.6,0.969924465,SUCCESS,0,3.95E-19,1,1,0,0,0,96162007.4,0.000830097,0.000830097,0.000178463,1,60,16.66666667
dataset_batch_2_geo_047,dataset_batch_2_geo_047_pw_04,0.96828668,0.656824109,774.5151394,0.289539755,0.106946762,27.7038488,0.7,0.969924465,SUCCESS,0,4.78E-19,1,1,0,0,0,90406157.37,0.000663751,0.000663751,0.000306912,1,60,16.66666667
dataset_batch_2_geo_047,dataset_batch_2_geo_047_pw_05,0.96828668,0.656824109,774.5151394,0.289539755,0.106946762,27.7038488,0.8,0.969924465,SUCCESS,0,4.01E-19,1,1,0,0,0,84650307.34,0.000497406,0.000497406,0.000456894,1,60,16.66666667
dataset_batch_2_geo_048,dataset_batch_2_geo_048_pw_01,0.702011904,0.629315455,632.7687938,0.190889094,0.054397604,23.54941943,0.4,0.327504766,SUCCESS,0,3.86E-19,1,1,0,0,0,63444973.26,0.00065231,0.00065231,0,1,60,16.66666667
dataset_batch_2_geo_048,dataset_batch_2_geo_048_pw_02,0.702011904,0.629315455,632.7687938,0.190889094,0.054397604,23.54941943,0.5,0.327504766,SUCCESS,0,3.79E-19,1,1,0,0,0,57687667.79,0.000464244,0.000464244,0,1,60,16.66666667
dataset_batch_2_geo_048,dataset_batch_2_geo_048_pw_03,0.702011904,0.629315455,632.7687938,0.190889094,0.054397604,23.54941943,0.6,0.327504766,SUCCESS,0,4.34E-19,1,1,0,0,0,51930362.33,0.000276179,0.000276179,4.48E-05,1,60,16.66666667
dataset_batch_2_geo_048,dataset_batch_2_geo_048_pw_04,0.702011904,0.629315455,632.7687938,0.190889094,0.054397604,23.54941943,0.7,0.327504766,SUCCESS,0,4.08E-19,1,1,0,0,0,46173056.87,0.000217263,9.11E-05,0.000217263,1,60,16.66666667
dataset_batch_2_geo_048,dataset_batch_2_geo_048_pw_05,0.702011904,0.629315455,632.7687938,0.190889094,0.054397604,23.54941943,0.8,0.327504766,SUCCESS,0,3.29E-19,1,1,0,0,0,41264000.65,0.000405329,4.21E-05,0.000405329,1,60,16.66666667
dataset_batch_2_geo_049,dataset_batch_2_geo_049_pw_01,0.853242502,0.413028104,247.8963601,0.341749971,0.067036374,23.84769412,0.4,0.983278207,SUCCESS,0,0.000478783,1.126487851,1.082659483,18,11.25,0.016061868,101118359.4,0.003220356,0.003220356,0.000907163,2,60,16.66666667
dataset_batch_2_geo_049,dataset_batch_2_geo_049_pw_02,0.853242502,0.413028104,247.8963601,0.341749971,0.067036374,23.84769412,0.5,0.983278207,SUCCESS,0,0.00092358,1.172071099,1.126487851,18,13.5,0.021415824,95378054.7,0.002703119,0.002703119,0.001336384,2,60,16.66666667
dataset_batch_2_geo_049,dataset_batch_2_geo_049_pw_03,0.853242502,0.413028104,247.8963601,0.341749971,0.067036374,23.84769412,0.6,0.983278207,SUCCESS,0,0.00163688,1.320067286,1.219479561,20.24999809,18,0.03271862,89673064.08,0.002195205,0.002195205,0.001832847,2,60,16.66666667
dataset_batch_2_geo_049,dataset_batch_2_geo_049_pw_04,0.853242502,0.413028104,247.8963601,0.341749971,0.067036374,23.84769412,0.7,0.983278207,SUCCESS,0,0.002554517,1.428871632,1.373401761,22.5,20.24999809,0.045806068,84036191.75,0.002401296,0.001708907,0.002401296,3,60,16.66666667
dataset_batch_2_geo_049,dataset_batch_2_geo_049_pw_05,0.853242502,0.413028104,247.8963601,0.341749971,0.067036374,23.84769412,0.8,0.983278207,SUCCESS,0,0.003615719,1.546563625,1.48656261,24.75,22.5,0.060083284,78508272.79,0.003032581,0.00130065,0.003032581,3,60,16.66666667
dataset_batch_2_geo_050,dataset_batch_2_geo_050_pw_01,1.057366098,0.470303782,805.6904881,0.310162013,0.062903628,20.22132847,0.4,0.904267723,SUCCESS,0,0.002625761,1.219479561,1.172071099,90,90,0.060678168,113678920.5,0.001479454,0.001479454,0.000382832,2,60,16.66666667
dataset_batch_2_geo_050,dataset_batch_2_geo_050_pw_02,1.057366098,0.470303782,805.6904881,0.310162013,0.062903628,20.22132847,0.5,0.904267723,SUCCESS,0,0.001586249,1.219479561,1.126487851,90,90,0.05056514,112693213,0.001295985,0.001295985,0.000490538,2,60,16.66666667
dataset_batch_2_geo_050,dataset_batch_2_geo_050_pw_03,1.057366098,0.470303782,805.6904881,0.310162013,0.062903628,20.22132847,0.6,0.904267723,SUCCESS,0,0.001508211,1.320067286,1.219479561,90,90,0.060678168,108253758.8,0.001138307,0.001138307,0.000632181,2,60,16.66666667
dataset_batch_2_geo_050,dataset_batch_2_geo_050_pw_04,1.057366098,0.470303782,805.6904881,0.310162013,0.062903628,20.22132847,0.7,0.904267723,SUCCESS,0,0.001464029,1.428871632,1.320067286,90,90,0.07138608,103903742.2,0.000976507,0.000976507,0.000792912,2,60,16.66666667
dataset_batch_2_geo_050,dataset_batch_2_geo_050_pw_05,1.057366098,0.470303782,805.6904881,0.310162013,0.062903628,20.22132847,0.8,0.904267723,SUCCESS,0,0.001437167,1.546563625,1.428871632,90,90,0.085068412,99625682.66,0.000970119,0.000830529,0.000970119,3,60,16.66666667
dataset_batch_2_geo_051,dataset_batch_2_geo_051_pw_01,1.056736974,0.61840842,369.7356748,0.239978009,0.104585178,23.1691211,0.4,0.527512179,SUCCESS,0,0.000639303,1.040518522,1.040518522,20.25,15.74999905,0.01189768,118593862.7,0.002966993,0.002966993,0.000296805,2,60,16.66666667
dataset_batch_2_geo_051,dataset_batch_2_geo_051_pw_02,1.056736974,0.61840842,369.7356748,0.239978009,0.104585178,23.1691211,0.5,0.527512179,SUCCESS,0,8.96E-19,1,1,0,0,0,119190674.6,0.002627612,0.002627612,0.000517624,1,60,16.66666667
dataset_batch_2_geo_051,dataset_batch_2_geo_051_pw_03,1.056736974,0.61840842,369.7356748,0.239978009,0.104585178,23.1691211,0.6,0.527512179,SUCCESS,0,7.67E-19,1,1,0,0,0,113433955.4,0.002292512,0.002292512,0.000771418,1,60,16.66666667
dataset_batch_2_geo_051,dataset_batch_2_geo_051_pw_04,1.056736974,0.61840842,369.7356748,0.239978009,0.104585178,23.1691211,0.7,0.527512179,SUCCESS,0,9.02E-19,1,1,0,0,0,107677236.2,0.001957412,0.001957412,0.001057258,1,60,16.66666667
dataset_batch_2_geo_051,dataset_batch_2_geo_051_pw_05,1.056736974,0.61840842,369.7356748,0.239978009,0.104585178,23.1691211,0.8,0.527512179,SUCCESS,0,7.99E-05,1.040518522,1,9,0,0.00594884,101920891.6,0.001623597,0.001623597,0.001371534,1,60,16.66666667
dataset_batch_2_geo_052,dataset_batch_2_geo_052_pw_01,0.991763535,0.630174126,545.2244031,0.280907634,0.047757911,22.27929563,0.4,0.548553329,SUCCESS,0,0.000923402,1.082659483,1.082659483,29.25000381,22.50000191,0.022010708,104874479.9,0.001770612,0.001770612,5.51E-05,2,60,16.66666667
dataset_batch_2_geo_052,dataset_batch_2_geo_052_pw_02,0.991763535,0.630174126,545.2244031,0.280907634,0.047757911,22.27929563,0.5,0.548553329,SUCCESS,0,6.63E-19,1,1,0,0,0,107393198.6,0.001525179,0.001525179,0.000200114,1,60,16.66666667
dataset_batch_2_geo_052,dataset_batch_2_geo_052_pw_03,0.991763535,0.630174126,545.2244031,0.280907634,0.047757911,22.27929563,0.6,0.548553329,SUCCESS,0,5.85E-19,1,1,0,0,0,101637168.9,0.001290454,0.001290454,0.000364198,1,60,16.66666667
dataset_batch_2_geo_052,dataset_batch_2_geo_052_pw_04,0.991763535,0.630174126,545.2244031,0.280907634,0.047757911,22.27929563,0.7,0.548553329,SUCCESS,0,6.50E-19,1,1,0,0,0,95881139.19,0.00105573,0.00105573,0.000554718,1,60,16.66666667
dataset_batch_2_geo_052,dataset_batch_2_geo_052_pw_05,0.991763535,0.630174126,545.2244031,0.280907634,0.047757911,22.27929563,0.8,0.548553329,SUCCESS,0,0.00010426,1.082659483,1,11.25,0,0.008328376,90126010.03,0.000822165,0.000822165,0.000771347,1,60,16.66666667
dataset_batch_2_geo_053,dataset_batch_2_geo_053_pw_01,0.796517422,0.621978429,722.8059967,0.325443565,0.080448025,25.01298907,0.4,0.676158463,SUCCESS,0,3.83E-19,1,1,0,0,0,80061948.52,0.000837633,0.000837633,0,1,60,16.66666667
dataset_batch_2_geo_053,dataset_batch_2_geo_053_pw_02,0.796517422,0.621978429,722.8059967,0.325443565,0.080448025,25.01298907,0.5,0.676158463,SUCCESS,0,3.60E-19,1,1,0,0,0,74307036.24,0.000654445,0.000654445,0,1,60,16.66666667
dataset_batch_2_geo_053,dataset_batch_2_geo_053_pw_03,0.796517422,0.621978429,722.8059967,0.325443565,0.080448025,25.01298907,0.6,0.676158463,SUCCESS,0,4.52E-19,1,1,0,0,0,68552123.96,0.000471257,0.000471257,0.000106716,1,60,16.66666667
dataset_batch_2_geo_053,dataset_batch_2_geo_053_pw_04,0.796517422,0.621978429,722.8059967,0.325443565,0.080448025,25.01298907,0.7,0.676158463,SUCCESS,0,3.40E-19,1,1,0,0,0,62797211.68,0.000288576,0.000288576,0.00025645,1,60,16.66666667
dataset_batch_2_geo_053,dataset_batch_2_geo_053_pw_05,0.796517422,0.621978429,722.8059967,0.325443565,0.080448025,25.01298907,0.8,0.676158463,SUCCESS,0,3.46E-19,1,1,0,0,0,57042299.4,0.000437375,0.000131012,0.000437375,1,60,16.66666667
dataset_batch_2_geo_054,dataset_batch_2_geo_054_pw_01,1.083682069,0.591935919,193.4017784,0.336817866,0.114042568,22.36888187,0.4,0.030341527,SUCCESS,0,0.002324172,1.082659483,1.082659483,22.50000191,20.25,0.017251636,121876181.5,0.005864193,0.005864193,0.00054414,2,60,16.66666667
dataset_batch_2_geo_054,dataset_batch_2_geo_054_pw_02,1.083682069,0.591935919,193.4017784,0.336817866,0.114042568,22.36888187,0.5,0.030341527,SUCCESS,0,2.23E-18,1,1,0,0,0,125237719.4,0.005134504,0.005134504,0.000940426,1,60,16.66666667
dataset_batch_2_geo_054,dataset_batch_2_geo_054_pw_03,1.083682069,0.591935919,193.4017784,0.336817866,0.114042568,22.36888187,0.6,0.030341527,SUCCESS,0,1.63E-18,1,1,0,0,0,119483190.2,0.004444026,0.004444026,0.001426252,1,60,16.66666667
dataset_batch_2_geo_054,dataset_batch_2_geo_054_pw_04,1.083682069,0.591935919,193.4017784,0.336817866,0.114042568,22.36888187,0.7,0.030341527,SUCCESS,0,0.000102357,1.040518522,1,6.75,0,0.004759072,113728691.8,0.003753506,0.003753506,0.001973388,1,60,16.66666667
dataset_batch_2_geo_054,dataset_batch_2_geo_054_pw_05,1.083682069,0.591935919,193.4017784,0.336817866,0.114042568,22.36888187,0.8,0.030341527,SUCCESS,0,0.003089666,1.172071099,1.172071099,15.75,11.25,0.016656752,107637372.7,0.003520934,0.003520934,0.002620234,2,60,16.66666667
dataset_batch_2_geo_055,dataset_batch_2_geo_055_pw_01,0.869017446,0.496727559,352.7543139,0.253785441,0.087628909,26.70095261,0.4,0.916327578,SUCCESS,0,9.27E-19,1,1,0,0,0,99300769.42,0.002315044,0.002315044,0.000449942,1,60,16.66666667
dataset_batch_2_geo_055,dataset_batch_2_geo_055_pw_02,0.869017446,0.496727559,352.7543139,0.253785441,0.087628909,26.70095261,0.5,0.916327578,SUCCESS,0,1.07E-18,1,1,0,0,0,93544257.2,0.001959911,0.001959911,0.000719516,1,60,16.66666667
dataset_batch_2_geo_055,dataset_batch_2_geo_055_pw_03,0.869017446,0.496727559,352.7543139,0.253785441,0.087628909,26.70095261,0.6,0.916327578,SUCCESS,0,4.87E-06,1.040518522,1,2.249999762,0,0.002379536,87787748.11,0.001604937,0.001604937,0.001028221,1,60,16.66666667
dataset_batch_2_geo_055,dataset_batch_2_geo_055_pw_04,0.869017446,0.496727559,352.7543139,0.253785441,0.087628909,26.70095261,0.7,0.916327578,SUCCESS,0,0.000270308,1.082659483,1.040518522,13.5,6.75,0.010707912,82033505,0.00137361,0.001257729,0.00137361,3,60,16.66666667
dataset_batch_2_geo_055,dataset_batch_2_geo_055_pw_05,0.869017446,0.496727559,352.7543139,0.253785441,0.087628909,26.70095261,0.8,0.916327578,SUCCESS,0,0.000701972,1.172071099,1.126487851,18,13.5,0.02082094,76293570.22,0.001739166,0.000941041,0.001739166,3,60,16.66666667
dataset_batch_2_geo_056,dataset_batch_2_geo_056_pw_01,1.104703154,0.433283064,649.5125475,0.196923406,0.064180826,20.74548965,0.4,0.688024946,FAILED,1,,,,,,,,,,,0,60,16.66666667
dataset_batch_2_geo_056,dataset_batch_2_geo_056_pw_02,1.104703154,0.433283064,649.5125475,0.196923406,0.064180826,20.74548965,0.5,0.688024946,FAILED,1,,,,,,,,,,,0,60,16.66666667
dataset_batch_2_geo_056,dataset_batch_2_geo_056_pw_03,1.104703154,0.433283064,649.5125475,0.196923406,0.064180826,20.74548965,0.6,0.688024946,FAILED,1,,,,,,,,,,,0,60,16.66666667
dataset_batch_2_geo_056,dataset_batch_2_geo_056_pw_04,1.104703154,0.433283064,649.5125475,0.196923406,0.064180826,20.74548965,0.7,0.688024946,FAILED,1,,,,,,,,,,,0,60,16.66666667
dataset_batch_2_geo_056,dataset_batch_2_geo_056_pw_05,1.104703154,0.433283064,649.5125475,0.196923406,0.064180826,20.74548965,0.8,0.688024946,FAILED,1,,,,,,,,,,,0,60,16.66666667
dataset_batch_2_geo_057,dataset_batch_2_geo_057_pw_01,1.094714647,0.613334149,203.3364174,0.341590251,0.092097872,20.45540461,0.4,0.11762607,FAILED,1,,,,,,,,,,,0,60,16.66666667
dataset_batch_2_geo_057,dataset_batch_2_geo_057_pw_02,1.094714647,0.613334149,203.3364174,0.341590251,0.092097872,20.45540461,0.5,0.11762607,SUCCESS,0,0.001708379,1.082659483,1.082659483,24.75000191,20.25,0.019631172,116869013.9,0.0049652,0.0049652,0.000850662,2,60,16.66666667
dataset_batch_2_geo_057,dataset_batch_2_geo_057_pw_03,1.094714647,0.613334149,203.3364174,0.341590251,0.092097872,20.45540461,0.6,0.11762607,SUCCESS,0,1.85E-18,1,1,0,0,0,120217611.3,0.004262121,0.004262121,0.001207418,1,60,16.66666667
dataset_batch_2_geo_057,dataset_batch_2_geo_057_pw_04,1.094714647,0.613334149,203.3364174,0.341590251,0.092097872,20.45540461,0.7,0.11762607,SUCCESS,0,0.000131856,1.040518522,1,6.75,2.249999762,0.004759072,114463619,0.003603388,0.003603388,0.001716016,2,60,16.66666667
dataset_batch_2_geo_057,dataset_batch_2_geo_057_pw_05,1.094714647,0.613334149,203.3364174,0.341590251,0.092097872,20.45540461,0.8,0.11762607,SUCCESS,0,0.001334548,1.126487851,1.082659483,15.75,11.25,0.014277216,108716732.5,0.002959438,0.002959438,0.002290551,2,60,16.66666667
dataset_batch_2_geo_058,dataset_batch_2_geo_058_pw_01,0.835379574,0.403642735,256.7157799,0.23761759,0.047847029,20.39968491,0.4,0.064050731,SUCCESS,0,0.001623128,1.373401761,1.268786311,90,90,0.076145152,90572363.76,0.003236382,0.003236382,0.001215482,2,60,16.66666667
dataset_batch_2_geo_058,dataset_batch_2_geo_058_pw_02,0.835379574,0.403642735,256.7157799,0.23761759,0.047847029,20.39968491,0.5,0.064050731,SUCCESS,0,0.001326529,1.428871632,1.320067286,90,90,0.079714456,86302650.52,0.00275422,0.00275422,0.00164577,2,60,16.66666667
dataset_batch_2_geo_058,dataset_batch_2_geo_058_pw_03,0.835379574,0.403642735,256.7157799,0.23761759,0.047847029,20.39968491,0.6,0.064050731,SUCCESS,0,0.002594703,1.608967185,1.48656261,90,90,0.1041047,80842913.11,0.002383972,0.002383972,0.002173443,2,60,16.66666667
dataset_batch_2_geo_058,dataset_batch_2_geo_058_pw_04,0.835379574,0.403642735,256.7157799,0.23761759,0.047847029,20.39968491,0.7,0.064050731,FAILED,1,,,,,,,,,,,0,60,16.66666667
dataset_batch_2_geo_058,dataset_batch_2_geo_058_pw_05,0.835379574,0.403642735,256.7157799,0.23761759,0.047847029,20.39968491,0.8,0.064050731,FAILED,1,,,,,,,,,,,0,60,16.66666667
dataset_batch_2_geo_059,dataset_batch_2_geo_059_pw_01,0.708647666,0.669171665,988.4171829,0.295588488,0.08385246,23.39180843,0.4,0.564107808,SUCCESS,0,2.57E-19,1,1,0,0,0,62421500.03,0.000425267,0.000425267,0,1,60,16.66666667
dataset_batch_2_geo_059,dataset_batch_2_geo_059_pw_02,0.708647666,0.669171665,988.4171829,0.295588488,0.08385246,23.39180843,0.5,0.564107808,SUCCESS,0,2.79E-19,1,1,0,0,0,56665784.92,0.000294311,0.000294311,0,1,60,16.66666667
dataset_batch_2_geo_059,dataset_batch_2_geo_059_pw_03,0.708647666,0.669171665,988.4171829,0.295588488,0.08385246,23.39180843,0.6,0.564107808,SUCCESS,0,2.27E-19,1,1,0,0,0,50910069.81,0.000163355,0.000163355,0,1,60,16.66666667
dataset_batch_2_geo_059,dataset_batch_2_geo_059_pw_04,0.708647666,0.669171665,988.4171829,0.295588488,0.08385246,23.39180843,0.7,0.564107808,SUCCESS,0,2.19E-19,1,1,0,0,0,45154354.71,6.14E-05,3.36E-05,6.14E-05,1,60,16.66666667
dataset_batch_2_geo_059,dataset_batch_2_geo_059_pw_05,0.708647666,0.669171665,988.4171829,0.295588488,0.08385246,23.39180843,0.8,0.564107808,SUCCESS,0,2.29E-19,1,1,0,0,0,41849799.13,0.000192402,5.68E-05,0.000192402,1,60,16.66666667
dataset_batch_2_geo_060,dataset_batch_2_geo_060_pw_01,0.752998465,0.610089817,640.1668587,0.282339497,0.050353695,27.50275908,0.4,0.321726582,SUCCESS,0,5.07E-19,1,1,0,0,0,73237514.16,0.00083064,0.00083064,0,1,60,16.66666667
dataset_batch_2_geo_060,dataset_batch_2_geo_060_pw_02,0.752998465,0.610089817,640.1668587,0.282339497,0.050353695,27.50275908,0.5,0.321726582,SUCCESS,0,3.64E-19,1,1,0,0,0,67481513.3,0.000630505,0.000630505,0,1,60,16.66666667
dataset_batch_2_geo_060,dataset_batch_2_geo_060_pw_03,0.752998465,0.610089817,640.1668587,0.282339497,0.050353695,27.50275908,0.6,0.321726582,SUCCESS,0,3.90E-19,1,1,0,0,0,61725512.43,0.00043037,0.00043037,0.000124892,1,60,16.66666667
dataset_batch_2_geo_060,dataset_batch_2_geo_060_pw_04,0.752998465,0.610089817,640.1668587,0.282339497,0.050353695,27.50275908,0.7,0.321726582,SUCCESS,0,3.51E-19,1,1,0,0,0,55969511.56,0.000304107,0.000232044,0.000304107,1,60,16.66666667
dataset_batch_2_geo_060,dataset_batch_2_geo_060_pw_05,0.752998465,0.610089817,640.1668587,0.282339497,0.050353695,27.50275908,0.8,0.321726582,SUCCESS,0,3.44E-19,1,1,0,0,0,50213510.69,0.000504243,7.29E-05,0.000504243,1,60,16.66666667
dataset_batch_2_geo_061,dataset_batch_2_geo_061_pw_01,0.842482834,0.47832613,620.9307883,0.285494456,0.051002104,24.92293068,0.4,0.769092393,SUCCESS,0,1.03E-05,1.040518522,1,4.5,0,0.003569304,95738403.97,0.001237855,0.001237855,0.000246547,1,60,16.66666667
dataset_batch_2_geo_061,dataset_batch_2_geo_061_pw_02,0.842482834,0.47832613,620.9307883,0.285494456,0.051002104,24.92293068,0.5,0.769092393,SUCCESS,0,2.26E-05,1.040518522,1,6.75,0,0.004759072,89982565.82,0.001031443,0.001031443,0.000402226,1,60,16.66666667
dataset_batch_2_geo_061,dataset_batch_2_geo_061_pw_03,0.842482834,0.47832613,620.9307883,0.285494456,0.051002104,24.92293068,0.6,0.769092393,SUCCESS,0,0.000187276,1.126487851,1.040518522,15.74999905,6.75,0.014277216,84230865.81,0.000829721,0.000829721,0.000583232,2,60,16.66666667
dataset_batch_2_geo_061,dataset_batch_2_geo_061_pw_04,0.842482834,0.47832613,620.9307883,0.285494456,0.051002104,24.92293068,0.7,0.769092393,SUCCESS,0,0.000439492,1.219479561,1.126487851,20.24999809,13.5,0.025580012,78498487.31,0.000790108,0.00063351,0.000790108,3,60,16.66666667
dataset_batch_2_geo_061,dataset_batch_2_geo_061_pw_05,0.842482834,0.47832613,620.9307883,0.285494456,0.051002104,24.92293068,0.8,0.769092393,SUCCESS,0,0.000767584,1.320067286,1.219479561,22.5,18,0.037477692,72815935.44,0.001013911,0.000465782,0.001013911,3,60,16.66666667
dataset_batch_2_geo_062,dataset_batch_2_geo_062_pw_01,1.026108066,0.650920791,396.2136256,0.153717117,0.108311405,26.76550951,0.4,0.912865709,SUCCESS,0,8.50E-19,1,1,0,0,0,117930987.8,0.002576335,0.002576335,0.000217262,1,60,16.66666667
dataset_batch_2_geo_062,dataset_batch_2_geo_062_pw_02,1.026108066,0.650920791,396.2136256,0.153717117,0.108311405,26.76550951,0.5,0.912865709,SUCCESS,0,1.33E-18,1,1,0,0,0,112173349,0.00228535,0.00228535,0.000416199,1,60,16.66666667
dataset_batch_2_geo_062,dataset_batch_2_geo_062_pw_03,1.026108066,0.650920791,396.2136256,0.153717117,0.108311405,26.76550951,0.6,0.912865709,SUCCESS,0,1.09E-18,1,1,0,0,0,106415710.1,0.001994366,0.001994366,0.000643929,1,60,16.66666667
dataset_batch_2_geo_062,dataset_batch_2_geo_062_pw_04,1.026108066,0.650920791,396.2136256,0.153717117,0.108311405,26.76550951,0.7,0.912865709,SUCCESS,0,7.79E-19,1,1,0,0,0,100658071.3,0.001703382,0.001703382,0.000902787,1,60,16.66666667
dataset_batch_2_geo_062,dataset_batch_2_geo_062_pw_05,1.026108066,0.650920791,396.2136256,0.153717117,0.108311405,26.76550951,0.8,0.912865709,SUCCESS,0,7.53E-19,1,1,0,0,0,94900432.44,0.001412398,0.001412398,0.001188256,1,60,16.66666667
dataset_batch_2_geo_063,dataset_batch_2_geo_063_pw_01,1.065238285,0.478708653,152.5635736,0.261462421,0.114244207,26.88870664,0.4,0.982555127,SUCCESS,0,0.00018862,1.040518522,1,9,4.499999523,0.00594884,133970861.6,0.00780839,0.00780839,0.002036825,2,60,16.66666667
dataset_batch_2_geo_063,dataset_batch_2_geo_063_pw_02,1.065238285,0.478708653,152.5635736,0.261462421,0.114244207,26.88870664,0.5,0.982555127,SUCCESS,0,0.000376037,1.040518522,1.040518522,9,6.75,0.00594884,128214832.6,0.006987403,0.006987403,0.002687501,2,60,16.66666667
dataset_batch_2_geo_063,dataset_batch_2_geo_063_pw_03,1.065238285,0.478708653,152.5635736,0.261462421,0.114244207,26.88870664,0.6,0.982555127,SUCCESS,0,0.001296344,1.126487851,1.082659483,13.5,11.25,0.013087448,122464500.6,0.006194001,0.006194001,0.003405451,2,60,16.66666667
dataset_batch_2_geo_063,dataset_batch_2_geo_063_pw_04,1.065238285,0.478708653,152.5635736,0.261462421,0.114244207,26.88870664,0.7,0.982555127,SUCCESS,0,0.002489825,1.172071099,1.172071099,15.75,13.5,0.019036288,116729143.5,0.005415475,0.005415475,0.004192814,2,60,16.66666667
dataset_batch_2_geo_063,dataset_batch_2_geo_063_pw_05,1.065238285,0.478708653,152.5635736,0.261462421,0.114244207,26.88870664,0.8,0.982555127,SUCCESS,0,0.004017524,1.268786311,1.219479561,20.24999809,15.75,0.028554432,111024639.8,0.005057591,0.004642105,0.005057591,3,60,16.66666667
dataset_batch_2_geo_064,dataset_batch_2_geo_064_pw_01,1.105884204,0.429011347,583.7311872,0.286615668,0.058107359,20.49827928,0.4,0.123707489,FAILED,1,,,,,,,,,,,0,60,16.66666667
dataset_batch_2_geo_064,dataset_batch_2_geo_064_pw_02,1.105884204,0.429011347,583.7311872,0.286615668,0.058107359,20.49827928,0.5,0.123707489,FAILED,1,,,,,,,,,,,0,60,16.66666667
dataset_batch_2_geo_064,dataset_batch_2_geo_064_pw_03,1.105884204,0.429011347,583.7311872,0.286615668,0.058107359,20.49827928,0.6,0.123707489,FAILED,1,,,,,,,,,,,0,60,16.66666667
dataset_batch_2_geo_064,dataset_batch_2_geo_064_pw_04,1.105884204,0.429011347,583.7311872,0.286615668,0.058107359,20.49827928,0.7,0.123707489,FAILED,1,,,,,,,,,,,0,60,16.66666667
dataset_batch_2_geo_064,dataset_batch_2_geo_064_pw_05,1.105884204,0.429011347,583.7311872,0.286615668,0.058107359,20.49827928,0.8,0.123707489,FAILED,1,,,,,,,,,,,0,60,16.66666667
dataset_batch_2_geo_065,dataset_batch_2_geo_065_pw_01,0.981401321,0.53711612,354.6327385,0.259328764,0.093581163,27.1378479,0.4,0.622548904,SUCCESS,0,1.11E-18,1,1,0,0,0,116411490.1,0.0028197,0.0028197,0.000471885,1,60,16.66666667
dataset_batch_2_geo_065,dataset_batch_2_geo_065_pw_02,0.981401321,0.53711612,354.6327385,0.259328764,0.093581163,27.1378479,0.5,0.622548904,SUCCESS,0,1.01E-18,1,1,0,0,0,110655067.6,0.00246489,0.00246489,0.000727871,1,60,16.66666667
dataset_batch_2_geo_065,dataset_batch_2_geo_065_pw_03,0.981401321,0.53711612,354.6327385,0.259328764,0.093581163,27.1378479,0.6,0.622548904,SUCCESS,0,9.74E-19,1,1,0,0,0,104898645.2,0.002110079,0.002110079,0.001018928,1,60,16.66666667
dataset_batch_2_geo_065,dataset_batch_2_geo_065_pw_04,0.981401321,0.53711612,354.6327385,0.259328764,0.093581163,27.1378479,0.7,0.622548904,SUCCESS,0,0.000118443,1.040518522,1,9,2.249999762,0.00594884,99142555.1,0.001757741,0.001757741,0.001341309,2,60,16.66666667
dataset_batch_2_geo_065,dataset_batch_2_geo_065_pw_05,0.981401321,0.53711612,354.6327385,0.259328764,0.093581163,27.1378479,0.8,0.622548904,SUCCESS,0,0.000542187,1.126487851,1.082659483,15.75,11.25,0.0148721,93394151.95,0.001696327,0.001415534,0.001696327,3,60,16.66666667
dataset_batch_2_geo_066,dataset_batch_2_geo_066_pw_01,1.169128065,0.677711828,132.3864693,0.227464703,0.122902848,27.27582981,0.4,0.958417275,SUCCESS,0,2.62E-18,1,1,0,0,0,141036779.8,0.009601291,0.009601291,0.000772368,1,60,16.66666667
dataset_batch_2_geo_066,dataset_batch_2_geo_066_pw_02,1.169128065,0.677711828,132.3864693,0.227464703,0.122902848,27.27582981,0.5,0.958417275,SUCCESS,0,3.19E-18,1,1,0,0,0,135279891.1,0.008674832,0.008674832,0.001395515,1,60,16.66666667
dataset_batch_2_geo_066,dataset_batch_2_geo_066_pw_03,1.169128065,0.677711828,132.3864693,0.227464703,0.122902848,27.27582981,0.6,0.958417275,SUCCESS,0,3.10E-18,1,1,0,0,0,129523002.4,0.007748374,0.007748374,0.002064346,1,60,16.66666667
dataset_batch_2_geo_066,dataset_batch_2_geo_066_pw_04,1.169128065,0.677711828,132.3864693,0.227464703,0.122902848,27.27582981,0.7,0.958417275,SUCCESS,0,3.04E-18,1,1,0,0,0,123766113.7,0.006821916,0.006821916,0.002816491,1,60,16.66666667
dataset_batch_2_geo_066,dataset_batch_2_geo_066_pw_05,1.169128065,0.677711828,132.3864693,0.227464703,0.122902848,27.27582981,0.8,0.958417275,SUCCESS,0,3.16E-18,1,1,0,0,0,118009225,0.005895458,0.005895458,0.003641743,1,60,16.66666667
dataset_batch_2_geo_067,dataset_batch_2_geo_067_pw_01,1.120093429,0.639467998,540.3243081,0.334488728,0.078629804,24.18888289,0.4,0.515508175,SUCCESS,0,0.00076837,1.082659483,1.040518522,27.00000191,20.25,0.018441404,125171940.4,0.002174603,0.002174603,9.19E-05,2,60,16.66666667
dataset_batch_2_geo_067,dataset_batch_2_geo_067_pw_02,1.120093429,0.639467998,540.3243081,0.334488728,0.078629804,24.18888289,0.5,0.515508175,SUCCESS,0,7.37E-19,1,1,0,0,0,128916148.6,0.001921075,0.001921075,0.000249819,1,60,16.66666667
dataset_batch_2_geo_067,dataset_batch_2_geo_067_pw_03,1.120093429,0.639467998,540.3243081,0.334488728,0.078629804,24.18888289,0.6,0.515508175,SUCCESS,0,7.84E-19,1,1,0,0,0,123161536.7,0.001674356,0.001674356,0.000417113,1,60,16.66666667
dataset_batch_2_geo_067,dataset_batch_2_geo_067_pw_04,1.120093429,0.639467998,540.3243081,0.334488728,0.078629804,24.18888289,0.7,0.515508175,SUCCESS,0,6.29E-19,1,1,0,0,0,117406924.8,0.001427637,0.001427637,0.000602874,1,60,16.66666667
dataset_batch_2_geo_067,dataset_batch_2_geo_067_pw_05,1.120093429,0.639467998,540.3243081,0.334488728,0.078629804,24.18888289,0.8,0.515508175,SUCCESS,0,7.86E-05,1.040518522,1,9,0,0.00594884,111653488.2,0.001181871,0.001181871,0.000810826,1,60,16.66666667
dataset_batch_2_geo_068,dataset_batch_2_geo_068_pw_01,0.887334919,0.658182423,289.8618212,0.338278406,0.082920397,24.78176346,0.4,0.269817271,SUCCESS,0,1.29E-18,1,1,0,0,0,93692531.78,0.002588237,0.002588237,0,1,60,16.66666667
dataset_batch_2_geo_068,dataset_batch_2_geo_068_pw_02,0.887334919,0.658182423,289.8618212,0.338278406,0.082920397,24.78176346,0.5,0.269817271,SUCCESS,0,9.54E-19,1,1,0,0,0,87938055.68,0.002127036,0.002127036,0,1,60,16.66666667
dataset_batch_2_geo_068,dataset_batch_2_geo_068_pw_03,0.887334919,0.658182423,289.8618212,0.338278406,0.082920397,24.78176346,0.6,0.269817271,SUCCESS,0,1.00E-18,1,1,0,0,0,82183579.58,0.001665835,0.001665835,0.000243053,1,60,16.66666667
dataset_batch_2_geo_068,dataset_batch_2_geo_068_pw_04,0.887334919,0.658182423,289.8618212,0.338278406,0.082920397,24.78176346,0.7,0.269817271,SUCCESS,0,1.29E-18,1,1,0,0,0,76429103.48,0.001204634,0.001204634,0.000579298,1,60,16.66666667
dataset_batch_2_geo_068,dataset_batch_2_geo_068_pw_05,0.887334919,0.658182423,289.8618212,0.338278406,0.082920397,24.78176346,0.8,0.269817271,SUCCESS,0,1.03E-18,1,1,0,0,0,70674627.38,0.000994723,0.000759302,0.000994723,1,60,16.66666667
dataset_batch_2_geo_069,dataset_batch_2_geo_069_pw_01,0.911981965,0.444214099,531.1107747,0.259003856,0.044626108,27.36074324,0.4,0.917729435,SUCCESS,0,0.000206851,1.126487851,1.040518522,15.75,6.75,0.013682332,109525514.4,0.001754297,0.001754297,0.000504941,2,60,16.66666667
dataset_batch_2_geo_069,dataset_batch_2_geo_069_pw_02,0.911981965,0.444214099,531.1107747,0.259003856,0.044626108,27.36074324,0.5,0.917729435,SUCCESS,0,0.000345058,1.126487851,1.082659483,15.75,9,0.015466984,103774297.1,0.001525082,0.001525082,0.00070006,2,60,16.66666667
dataset_batch_2_geo_069,dataset_batch_2_geo_069_pw_03,0.911981965,0.444214099,531.1107747,0.259003856,0.044626108,27.36074324,0.6,0.917729435,SUCCESS,0,0.000646824,1.219479561,1.172071099,18,13.5,0.023200476,98043350.71,0.001304937,0.001304937,0.000920974,2,60,16.66666667
dataset_batch_2_geo_069,dataset_batch_2_geo_069_pw_04,0.911981965,0.444214099,531.1107747,0.259003856,0.044626108,27.36074324,0.7,0.917729435,SUCCESS,0,0.001044314,1.320067286,1.219479561,20.24999809,15.74999905,0.034503272,92352468.09,0.001169212,0.001086966,0.001169212,3,60,16.66666667
dataset_batch_2_geo_069,dataset_batch_2_geo_069_pw_05,0.911981965,0.444214099,531.1107747,0.259003856,0.044626108,27.36074324,0.8,0.917729435,SUCCESS,0,0.001537965,1.428871632,1.373401761,22.5,18,0.045211184,86731260.95,0.001436377,0.000877525,0.001436377,3,60,16.66666667
dataset_batch_2_geo_070,dataset_batch_2_geo_070_pw_01,0.773227867,0.594999186,297.8716388,0.269980501,0.124528504,27.44864827,0.4,0.615495465,SUCCESS,0,7.66E-19,1,1,0,0,0,77529248.63,0.001938247,0.001938247,0,1,60,16.66666667
dataset_batch_2_geo_070,dataset_batch_2_geo_070_pw_02,0.773227867,0.594999186,297.8716388,0.269980501,0.124528504,27.44864827,0.5,0.615495465,SUCCESS,0,8.08E-19,1,1,0,0,0,71773010.86,0.001512262,0.001512262,0.000101811,1,60,16.66666667
dataset_batch_2_geo_070,dataset_batch_2_geo_070_pw_03,0.773227867,0.594999186,297.8716388,0.269980501,0.124528504,27.44864827,0.6,0.615495465,SUCCESS,0,9.09E-19,1,1,0,0,0,66016773.09,0.001086277,0.001086277,0.000405027,1,60,16.66666667
dataset_batch_2_geo_070,dataset_batch_2_geo_070_pw_04,0.773227867,0.594999186,297.8716388,0.269980501,0.124528504,27.44864827,0.7,0.615495465,SUCCESS,0,7.52E-19,1,1,0,0,0,60260535.32,0.00079564,0.000662426,0.00079564,1,60,16.66666667
dataset_batch_2_geo_070,dataset_batch_2_geo_070_pw_05,0.773227867,0.594999186,297.8716388,0.269980501,0.124528504,27.44864827,0.8,0.615495465,SUCCESS,0,1.05E-18,1,1,0,0,0,54504297.55,0.001221625,0.000300369,0.001221625,1,60,16.66666667
dataset_batch_2_geo_071,dataset_batch_2_geo_071_pw_01,0.924404265,0.544073478,812.6091706,0.231570046,0.058293752,20.37323099,0.4,0.132322394,SUCCESS,0,0.000648056,1.126487851,1.082659483,90,22.50000191,0.027364664,96563658.81,0.001112953,0.001112953,0.000178263,2,60,16.66666667
dataset_batch_2_geo_071,dataset_batch_2_geo_071_pw_02,0.924404265,0.544073478,812.6091706,0.231570046,0.058293752,20.37323099,0.5,0.132322394,SUCCESS,0,1.47E-05,1.040518522,1,8.999999046,0,0.005353956,100492446.5,0.000951467,0.000951467,0.000276517,1,60,16.66666667
dataset_batch_2_geo_071,dataset_batch_2_geo_071_pw_03,0.924404265,0.544073478,812.6091706,0.231570046,0.058293752,20.37323099,0.6,0.132322394,SUCCESS,0,6.94E-05,1.082659483,1,13.5,0,0.010113028,94736572.9,0.000800648,0.000800648,0.000403684,1,60,16.66666667
dataset_batch_2_geo_071,dataset_batch_2_geo_071_pw_04,0.924404265,0.544073478,812.6091706,0.231570046,0.058293752,20.37323099,0.7,0.132322394,SUCCESS,0,0.000234601,1.172071099,1.082659483,18,11.25,0.020226056,88990602.36,0.000649087,0.000649087,0.000548307,2,60,16.66666667
dataset_batch_2_geo_071,dataset_batch_2_geo_071_pw_05,0.924404265,0.544073478,812.6091706,0.231570046,0.058293752,20.37323099,0.8,0.132322394,SUCCESS,0,0.000526934,1.268786311,1.172071099,22.5,15.75,0.033313504,83283730.69,0.000709717,0.000509909,0.000709717,3,60,16.66666667
dataset_batch_2_geo_072,dataset_batch_2_geo_072_pw_01,1.123156527,0.568345689,251.2869628,0.199523591,0.047948951,23.77387899,0.4,0.677180668,SUCCESS,0,0.004295443,1.126487851,1.126487851,90,90,0.042236764,122456227.2,0.005106828,0.005106828,0.00109064,2,60,16.66666667
dataset_batch_2_geo_072,dataset_batch_2_geo_072_pw_02,1.123156527,0.568345689,251.2869628,0.199523591,0.047948951,23.77387899,0.5,0.677180668,SUCCESS,0,0.00156005,1.082659483,1.040518522,90,90,0.02676978,124120275,0.004580267,0.004580267,0.001411416,2,60,16.66666667
dataset_batch_2_geo_072,dataset_batch_2_geo_072_pw_03,1.123156527,0.568345689,251.2869628,0.199523591,0.047948951,23.77387899,0.6,0.677180668,SUCCESS,0,0.000538514,1.082659483,1.040518522,90,90,0.018441404,126147285.9,0.004098196,0.004098196,0.001799404,2,60,16.66666667
dataset_batch_2_geo_072,dataset_batch_2_geo_072_pw_04,1.123156527,0.568345689,251.2869628,0.199523591,0.047948951,23.77387899,0.7,0.677180668,SUCCESS,0,0.001202032,1.172071099,1.126487851,90,90,0.024985128,120894573.2,0.003638065,0.003638065,0.002246767,2,60,16.66666667
dataset_batch_2_geo_072,dataset_batch_2_geo_072_pw_05,1.123156527,0.568345689,251.2869628,0.199523591,0.047948951,23.77387899,0.8,0.677180668,SUCCESS,0,0.002130113,1.268786311,1.219479561,90,90,0.033313504,115428185.5,0.003169018,0.003169018,0.002739323,2,60,16.66666667
dataset_batch_2_geo_073,dataset_batch_2_geo_073_pw_01,0.996815793,0.643928441,194.5100691,0.28886446,0.052305041,21.4744985,0.4,0.20340658,SUCCESS,0,0.003311727,1.126487851,1.082659483,31.49999809,29.25000381,0.027364664,102954123.1,0.00501148,0.00501148,0.000118163,2,60,16.66666667
dataset_batch_2_geo_073,dataset_batch_2_geo_073_pw_02,0.996815793,0.643928441,194.5100691,0.28886446,0.052305041,21.4744985,0.5,0.20340658,SUCCESS,0,0.000112677,1.040518522,1,9.000002861,0,0.00594884,106886272.9,0.004273115,0.004273115,0.00045122,1,60,16.66666667
dataset_batch_2_geo_073,dataset_batch_2_geo_073_pw_03,0.996815793,0.643928441,194.5100691,0.28886446,0.052305041,21.4744985,0.6,0.20340658,SUCCESS,0,1.93E-18,1,1,0,0,0,101759212.5,0.003610751,0.003610751,0.000903814,1,60,16.66666667
dataset_batch_2_geo_073,dataset_batch_2_geo_073_pw_04,0.996815793,0.643928441,194.5100691,0.28886446,0.052305041,21.4744985,0.7,0.20340658,SUCCESS,0,1.57E-18,1,1,0,0,0,96003347.91,0.002948729,0.002948729,0.001426994,1,60,16.66666667
dataset_batch_2_geo_073,dataset_batch_2_geo_073_pw_05,0.996815793,0.643928441,194.5100691,0.28886446,0.052305041,21.4744985,0.8,0.20340658,SUCCESS,0,0.000127748,1.040518522,1,9,2.249999762,0.00594884,90247874.14,0.002287624,0.002287624,0.002024787,2,60,16.66666667
dataset_batch_2_geo_074,dataset_batch_2_geo_074_pw_01,0.771332106,0.591667494,874.2598266,0.257347333,0.072905495,21.20819916,0.4,0.544626301,SUCCESS,0,2.88E-19,1,1,0,0,0,77384919.64,0.000658573,0.000658573,0,1,60,16.66666667
dataset_batch_2_geo_074,dataset_batch_2_geo_074_pw_02,0.771332106,0.591667494,874.2598266,0.257347333,0.072905495,21.20819916,0.5,0.544626301,SUCCESS,0,2.74E-19,1,1,0,0,0,71628464.64,0.000514875,0.000514875,4.30E-05,1,60,16.66666667
dataset_batch_2_geo_074,dataset_batch_2_geo_074_pw_03,0.771332106,0.591667494,874.2598266,0.257347333,0.072905495,21.20819916,0.6,0.544626301,SUCCESS,0,2.08E-19,1,1,0,0,0,65872009.64,0.000371176,0.000371176,0.000146952,1,60,16.66666667
dataset_batch_2_geo_074,dataset_batch_2_geo_074_pw_04,0.771332106,0.591667494,874.2598266,0.257347333,0.072905495,21.20819916,0.7,0.544626301,SUCCESS,0,2.83E-19,1,1,0,0,0,60115554.64,0.000280646,0.000228089,0.000280646,1,60,16.66666667
dataset_batch_2_geo_074,dataset_batch_2_geo_074_pw_05,0.771332106,0.591667494,874.2598266,0.257347333,0.072905495,21.20819916,0.8,0.544626301,SUCCESS,0,3.39E-19,1,1,0,0,0,54359099.65,0.000424345,0.000105129,0.000424345,1,60,16.66666667
dataset_batch_2_geo_075,dataset_batch_2_geo_075_pw_01,0.888727892,0.644741138,356.1793008,0.238595508,0.091603136,23.39390295,0.4,0.504479431,SUCCESS,0,8.05E-19,1,1,0,0,0,94670976.99,0.002140307,0.002140307,0,1,60,16.66666667
dataset_batch_2_geo_075,dataset_batch_2_geo_075_pw_02,0.888727892,0.644741138,356.1793008,0.238595508,0.091603136,23.39390295,0.5,0.504479431,SUCCESS,0,8.14E-19,1,1,0,0,0,88914238.25,0.00179284,0.00179284,0.000115113,1,60,16.66666667
dataset_batch_2_geo_075,dataset_batch_2_geo_075_pw_03,0.888727892,0.644741138,356.1793008,0.238595508,0.091603136,23.39390295,0.6,0.504479431,SUCCESS,0,9.97E-19,1,1,0,0,0,83157499.52,0.001445373,0.001445373,0.000353915,1,60,16.66666667
dataset_batch_2_geo_075,dataset_batch_2_geo_075_pw_04,0.888727892,0.644741138,356.1793008,0.238595508,0.091603136,23.39390295,0.7,0.504479431,SUCCESS,0,7.71E-19,1,1,0,0,0,77400760.78,0.001097906,0.001097906,0.000643205,1,60,16.66666667
dataset_batch_2_geo_075,dataset_batch_2_geo_075_pw_05,0.888727892,0.644741138,356.1793008,0.238595508,0.091603136,23.39390295,0.8,0.504479431,SUCCESS,0,7.78E-19,1,1,0,0,0,71644022.04,0.000981612,0.000752313,0.000981612,1,60,16.66666667
dataset_batch_2_geo_076,dataset_batch_2_geo_076_pw_01,0.81176722,0.467781815,259.3584708,0.178225441,0.120314629,27.06775987,0.4,0.32972009,SUCCESS,0,1.02E-18,1,1,0,0,0,91039807,0.002871955,0.002871955,0.000780742,1,60,16.66666667
dataset_batch_2_geo_076,dataset_batch_2_geo_076_pw_02,0.81176722,0.467781815,259.3584708,0.178225441,0.120314629,27.06775987,0.5,0.32972009,SUCCESS,0,1.37E-18,1,1,0,0,0,85282379.31,0.002417996,0.002417996,0.001167113,1,60,16.66666667
dataset_batch_2_geo_076,dataset_batch_2_geo_076_pw_03,0.81176722,0.467781815,259.3584708,0.178225441,0.120314629,27.06775987,0.6,0.32972009,SUCCESS,0,1.14E-18,1,1,0,0,0,79524951.63,0.001964037,0.001964037,0.001602917,1,60,16.66666667
dataset_batch_2_geo_076,dataset_batch_2_geo_076_pw_04,0.81176722,0.467781815,259.3584708,0.178225441,0.120314629,27.06775987,0.7,0.32972009,SUCCESS,0,0.000281206,1.082659483,1.040518522,13.5,6.75,0.010707912,73768882.23,0.002059179,0.001515476,0.002059179,3,60,16.66666667
dataset_batch_2_geo_076,dataset_batch_2_geo_076_pw_05,0.81176722,0.467781815,259.3584708,0.178225441,0.120314629,27.06775987,0.8,0.32972009,SUCCESS,0,0.000865013,1.172071099,1.126487851,18,13.5,0.019631172,68026769.16,0.002525824,0.001118333,0.002525824,3,60,16.66666667
dataset_batch_2_geo_077,dataset_batch_2_geo_077_pw_01,0.721938333,0.485739162,525.3015015,0.330727148,0.052739188,23.19729853,0.4,0.586435293,SUCCESS,0,5.30E-19,1,1,0,0,0,74633618.17,0.001016392,0.001016392,9.97E-05,1,60,16.66666667
dataset_batch_2_geo_077,dataset_batch_2_geo_077_pw_02,0.721938333,0.485739162,525.3015015,0.330727148,0.052739188,23.19729853,0.5,0.586435293,SUCCESS,0,4.24E-19,1,1,0,0,0,68878877.44,0.000763328,0.000763328,0.000276553,1,60,16.66666667
dataset_batch_2_geo_077,dataset_batch_2_geo_077_pw_03,0.721938333,0.485739162,525.3015015,0.330727148,0.052739188,23.19729853,0.6,0.586435293,SUCCESS,0,2.10E-05,1.040518522,1,9,0,0.00594884,63124239.49,0.00051275,0.00051275,0.000493987,1,60,16.66666667
dataset_batch_2_geo_077,dataset_batch_2_geo_077_pw_04,0.721938333,0.485739162,525.3015015,0.330727148,0.052739188,23.19729853,0.7,0.586435293,SUCCESS,0,0.00023731,1.126487851,1.040518522,18,11.25,0.01784652,57377104.42,0.000747389,0.00029753,0.000747389,3,60,16.66666667
dataset_batch_2_geo_077,dataset_batch_2_geo_077_pw_05,0.721938333,0.485739162,525.3015015,0.330727148,0.052739188,23.19729853,0.8,0.586435293,SUCCESS,0,0.000545936,1.268786311,1.172071099,24.75,18,0.036882808,51670539.9,0.001014353,0.000129599,0.001014353,3,60,16.66666667
dataset_batch_2_geo_078,dataset_batch_2_geo_078_pw_01,0.783261073,0.450358678,603.9914116,0.326036929,0.046414598,20.85812226,0.4,0.951408541,SUCCESS,0,0.000138304,1.126487851,1.040518522,90,6.75,0.022605592,86914029.87,0.001099781,0.001099781,0.000232084,2,60,16.66666667
dataset_batch_2_geo_078,dataset_batch_2_geo_078_pw_02,0.783261073,0.450358678,603.9914116,0.326036929,0.046414598,20.85812226,0.5,0.951408541,SUCCESS,0,0.00022058,1.172071099,1.082659483,18,11.25,0.02082094,81334626.22,0.000885171,0.000885171,0.000398514,2,60,16.66666667
dataset_batch_2_geo_078,dataset_batch_2_geo_078_pw_03,0.783261073,0.450358678,603.9914116,0.326036929,0.046414598,20.85812226,0.6,0.951408541,SUCCESS,0,0.000441933,1.320067286,1.172071099,22.5,15.75,0.033908388,75619546.44,0.000677327,0.000677327,0.000599453,2,60,16.66666667
dataset_batch_2_geo_078,dataset_batch_2_geo_078_pw_04,0.783261073,0.450358678,603.9914116,0.326036929,0.046414598,20.85812226,0.7,0.951408541,SUCCESS,0,0.000758542,1.428871632,1.320067286,24.75,20.24999809,0.052349792,69985210.95,0.00083553,0.000482433,0.00083553,3,60,16.66666667
dataset_batch_2_geo_078,dataset_batch_2_geo_078_pw_05,0.783261073,0.450358678,603.9914116,0.326036929,0.046414598,20.85812226,0.8,0.951408541,SUCCESS,0,0.001164639,1.608967185,1.48656261,29.25,22.5,0.0743605,64492868.99,0.001095921,0.000328468,0.001095921,3,60,16.66666667
dataset_batch_2_geo_079,dataset_batch_2_geo_079_pw_01,0.846885318,0.561149287,528.7671414,0.215735106,0.090032091,23.88087969,0.4,0.164349026,SUCCESS,0,4.28E-19,1,1,0,0,0,92013526.15,0.001399031,0.001399031,0.00012222,1,60,16.66666667
dataset_batch_2_geo_079,dataset_batch_2_geo_079_pw_02,0.846885318,0.561149287,528.7671414,0.215735106,0.090032091,23.88087969,0.5,0.164349026,SUCCESS,0,5.34E-19,1,1,0,0,0,86256492.12,0.001169287,0.001169287,0.000281528,1,60,16.66666667
dataset_batch_2_geo_079,dataset_batch_2_geo_079_pw_03,0.846885318,0.561149287,528.7671414,0.215735106,0.090032091,23.88087969,0.6,0.164349026,SUCCESS,0,4.66E-19,1,1,0,0,0,80499458.08,0.000939544,0.000939544,0.000471499,1,60,16.66666667
dataset_batch_2_geo_079,dataset_batch_2_geo_079_pw_04,0.846885318,0.561149287,528.7671414,0.215735106,0.090032091,23.88087969,0.7,0.164349026,SUCCESS,0,5.84E-19,1,1,0,0,0,74742424.05,0.000709801,0.000709801,0.000691342,1,60,16.66666667
dataset_batch_2_geo_079,dataset_batch_2_geo_079_pw_05,0.846885318,0.561149287,528.7671414,0.215735106,0.090032091,23.88087969,0.8,0.164349026,SUCCESS,0,5.92E-05,1.040518522,1,11.25,0,0.007138608,68985953.52,0.000921452,0.000489536,0.000921452,1,60,16.66666667
dataset_batch_2_geo_080,dataset_batch_2_geo_080_pw_01,1.029036081,0.605149864,750.0433656,0.330041368,0.090337966,24.85276603,0.4,0.005515963,SUCCESS,0,3.98E-19,1,1,0,0,0,120895902.2,0.001368697,0.001368697,6.48E-05,1,60,16.66666667
dataset_batch_2_geo_080,dataset_batch_2_geo_080_pw_02,1.029036081,0.605149864,750.0433656,0.330041368,0.090337966,24.85276603,0.5,0.005515963,SUCCESS,0,4.08E-19,1,1,0,0,0,115141138.6,0.001191552,0.001191552,0.000183962,1,60,16.66666667
dataset_batch_2_geo_080,dataset_batch_2_geo_080_pw_03,1.029036081,0.605149864,750.0433656,0.330041368,0.090337966,24.85276603,0.6,0.005515963,SUCCESS,0,5.49E-19,1,1,0,0,0,109386375,0.001014407,0.001014407,0.0003069,1,60,16.66666667
dataset_batch_2_geo_080,dataset_batch_2_geo_080_pw_04,1.029036081,0.605149864,750.0433656,0.330041368,0.090337966,24.85276603,0.7,0.005515963,SUCCESS,0,4.46E-19,1,1,0,0,0,103631611.4,0.000837262,0.000837262,0.000447478,1,60,16.66666667
dataset_batch_2_geo_080,dataset_batch_2_geo_080_pw_05,1.029036081,0.605149864,750.0433656,0.330041368,0.090337966,24.85276603,0.8,0.005515963,SUCCESS,0,5.36E-05,1.040518522,1,9,0,0.00594884,97877037.42,0.000662771,0.000662771,0.000604981,1,60,16.66666667
dataset_batch_2_geo_081,dataset_batch_2_geo_081_pw_01,0.912812513,0.5842227,789.9413118,0.244121511,0.06124466,27.21240136,0.4,0.690507896,SUCCESS,0,4.82E-19,1,1,0,0,0,102083691.8,0.001070975,0.001070975,7.77E-05,1,60,16.66666667
dataset_batch_2_geo_081,dataset_batch_2_geo_081_pw_02,0.912812513,0.5842227,789.9413118,0.244121511,0.06124466,27.21240136,0.5,0.690507896,SUCCESS,0,4.16E-19,1,1,0,0,0,96327032.35,0.000913607,0.000913607,0.000184231,1,60,16.66666667
dataset_batch_2_geo_081,dataset_batch_2_geo_081_pw_03,0.912812513,0.5842227,789.9413118,0.244121511,0.06124466,27.21240136,0.6,0.690507896,SUCCESS,0,3.72E-19,1,1,0,0,0,90570372.9,0.000756239,0.000756239,0.000306384,1,60,16.66666667
dataset_batch_2_geo_081,dataset_batch_2_geo_081_pw_04,0.912812513,0.5842227,789.9413118,0.244121511,0.06124466,27.21240136,0.7,0.690507896,SUCCESS,0,3.25E-19,1,1,0,0,0,84813713.46,0.000598871,0.000598871,0.000447762,1,60,16.66666667
dataset_batch_2_geo_081,dataset_batch_2_geo_081_pw_05,0.912812513,0.5842227,789.9413118,0.244121511,0.06124466,27.21240136,0.8,0.690507896,SUCCESS,0,1.75E-05,1.040518522,1,6.75,0,0.004164188,79057007.65,0.000603604,0.000443819,0.000603604,1,60,16.66666667
dataset_batch_2_geo_082,dataset_batch_2_geo_082_pw_01,1.137480181,0.533759195,675.2643749,0.221999528,0.069362454,24.81262586,0.4,0.494774912,SUCCESS,0,0.001038328,1.082659483,1.082659483,90,90,0.031528852,129862720.3,0.001954339,0.001954339,0.00046834,2,60,16.66666667
dataset_batch_2_geo_082,dataset_batch_2_geo_082_pw_02,1.137480181,0.533759195,675.2643749,0.221999528,0.069362454,24.81262586,0.5,0.494774912,SUCCESS,0,0.00023555,1.082659483,1.040518522,90,90,0.019036288,132918530.2,0.001762966,0.001762966,0.000597239,2,60,16.66666667
dataset_batch_2_geo_082,dataset_batch_2_geo_082_pw_03,1.137480181,0.533759195,675.2643749,0.221999528,0.069362454,24.81262586,0.6,0.494774912,SUCCESS,0,0.000316774,1.126487851,1.082659483,90,8.999999046,0.017251636,131831584,0.001584049,0.001584049,0.000750132,2,60,16.66666667
dataset_batch_2_geo_082,dataset_batch_2_geo_082_pw_04,1.137480181,0.533759195,675.2643749,0.221999528,0.069362454,24.81262586,0.7,0.494774912,SUCCESS,0,0.000608202,1.219479561,1.126487851,90,11.25,0.024390244,126119667.9,0.001405453,0.001405453,0.00092173,2,60,16.66666667
dataset_batch_2_geo_082,dataset_batch_2_geo_082_pw_05,1.137480181,0.533759195,675.2643749,0.221999528,0.069362454,24.81262586,0.8,0.494774912,SUCCESS,0,0.000987102,1.268786311,1.219479561,90,15.74999905,0.030933968,120431144.6,0.001223415,0.001223415,0.001111848,2,60,16.66666667
dataset_batch_2_geo_083,dataset_batch_2_geo_083_pw_01,1.030235972,0.460772715,238.5959041,0.314137645,0.118700411,23.13070823,0.4,0.579272969,SUCCESS,0,0.000791895,1.082659483,1.040518522,90,90,0.017251636,123779290.1,0.004636807,0.004636807,0.001145252,2,60,16.66666667
dataset_batch_2_geo_083,dataset_batch_2_geo_083_pw_02,1.030235972,0.460772715,238.5959041,0.314137645,0.118700411,23.13070823,0.5,0.579272969,SUCCESS,0,0.000473736,1.082659483,1.040518522,13.5,8.999999046,0.010707912,123171119.2,0.00408736,0.00408736,0.001556351,2,60,16.66666667
dataset_batch_2_geo_083,dataset_batch_2_geo_083_pw_03,1.030235972,0.460772715,238.5959041,0.314137645,0.118700411,23.13070823,0.6,0.579272969,SUCCESS,0,0.001169024,1.172071099,1.126487851,15.75,13.5,0.018441404,117428262.8,0.003544739,0.003544739,0.002023851,2,60,16.66666667
dataset_batch_2_geo_083,dataset_batch_2_geo_083_pw_04,1.030235972,0.460772715,238.5959041,0.314137645,0.118700411,23.13070823,0.7,0.579272969,SUCCESS,0,0.002064797,1.219479561,1.219479442,20.24999809,15.75,0.026174896,111717344.3,0.003006185,0.003006185,0.002546644,2,60,16.66666667
dataset_batch_2_geo_083,dataset_batch_2_geo_083_pw_05,1.030235972,0.460772715,238.5959041,0.314137645,0.118700411,23.13070823,0.8,0.579272969,SUCCESS,0,0.003118083,1.320067286,1.268786311,22.5,18,0.036287924,106053008.2,0.003127589,0.002527522,0.003127589,3,60,16.66666667
dataset_batch_2_geo_084,dataset_batch_2_geo_084_pw_01,0.953304456,0.625776647,403.9096464,0.293169759,0.077806217,21.68942862,0.4,0.424423997,SUCCESS,0,0.000393234,1.040518522,1.040518522,18,13.50000477,0.010707912,102071216.3,0.002204907,0.002204907,2.55E-06,2,60,16.66666667
dataset_batch_2_geo_084,dataset_batch_2_geo_084_pw_02,0.953304456,0.625776647,403.9096464,0.293169759,0.077806217,21.68942862,0.5,0.424423997,SUCCESS,0,6.20E-19,1,1,0,0,0,101026193.1,0.00188213,0.00188213,0.000212822,1,60,16.66666667
dataset_batch_2_geo_084,dataset_batch_2_geo_084_pw_03,0.953304456,0.625776647,403.9096464,0.293169759,0.077806217,21.68942862,0.6,0.424423997,SUCCESS,0,9.09E-19,1,1,0,0,0,95270423.13,0.00156226,0.00156226,0.000433874,1,60,16.66666667
dataset_batch_2_geo_084,dataset_batch_2_geo_084_pw_04,0.953304456,0.625776647,403.9096464,0.293169759,0.077806217,21.68942862,0.7,0.424423997,SUCCESS,0,7.48E-19,1,1,0,0,0,89514653.12,0.00124239,0.00124239,0.000692885,1,60,16.66666667
dataset_batch_2_geo_084,dataset_batch_2_geo_084_pw_05,0.953304456,0.625776647,403.9096464,0.293169759,0.077806217,21.68942862,0.8,0.424423997,SUCCESS,0,1.09E-05,1.040518522,1,4.5,0,0.003569304,83759016.92,0.000989484,0.00092527,0.000989484,1,60,16.66666667
dataset_batch_2_geo_085,dataset_batch_2_geo_085_pw_01,0.908369011,0.66330826,648.7390019,0.238080422,0.112223563,26.55898204,0.4,0.645014239,SUCCESS,0,4.04E-19,1,1,0,0,0,97038329.5,0.001213615,0.001213615,0,1,60,16.66666667
dataset_batch_2_geo_085,dataset_batch_2_geo_085_pw_02,0.908369011,0.66330826,648.7390019,0.238080422,0.112223563,26.55898204,0.5,0.645014239,SUCCESS,0,5.88E-19,1,1,0,0,0,91281583.54,0.001022924,0.001022924,4.08E-05,1,60,16.66666667
dataset_batch_2_geo_085,dataset_batch_2_geo_085_pw_03,0.908369011,0.66330826,648.7390019,0.238080422,0.112223563,26.55898204,0.6,0.645014239,SUCCESS,0,4.07E-19,1,1,0,0,0,85524837.58,0.000832232,0.000832232,0.000169781,1,60,16.66666667
dataset_batch_2_geo_085,dataset_batch_2_geo_085_pw_04,0.908369011,0.66330826,648.7390019,0.238080422,0.112223563,26.55898204,0.7,0.645014239,SUCCESS,0,3.27E-19,1,1,0,0,0,79768091.62,0.00064154,0.00064154,0.000322832,1,60,16.66666667
dataset_batch_2_geo_085,dataset_batch_2_geo_085_pw_05,0.908369011,0.66330826,648.7390019,0.238080422,0.112223563,26.55898204,0.8,0.645014239,SUCCESS,0,3.65E-19,1,1,0,0,0,74011345.66,0.000504857,0.000450848,0.000504857,1,60,16.66666667
dataset_batch_2_geo_086,dataset_batch_2_geo_086_pw_01,0.776066021,0.468100029,942.2630034,0.152431847,0.049375846,24.43904027,0.4,0.998941209,SUCCESS,0,2.42E-05,1.040518522,1,9,0,0.00594884,84892376.52,0.00072176,0.00072176,0.000196502,1,60,16.66666667
dataset_batch_2_geo_086,dataset_batch_2_geo_086_pw_02,0.776066021,0.468100029,942.2630034,0.152431847,0.049375846,24.43904027,0.5,0.998941209,SUCCESS,0,4.96E-05,1.082659483,1,11.25,0,0.00892326,79135318.69,0.000600823,0.000600823,0.000303032,1,60,16.66666667
dataset_batch_2_geo_086,dataset_batch_2_geo_086_pw_03,0.776066021,0.468100029,942.2630034,0.152431847,0.049375846,24.43904027,0.6,0.998941209,SUCCESS,0,0.000149798,1.172071099,1.040518522,15.75,6.75,0.01784652,73385841.69,0.000485048,0.000485048,0.000424672,2,60,16.66666667
dataset_batch_2_geo_086,dataset_batch_2_geo_086_pw_04,0.776066021,0.468100029,942.2630034,0.152431847,0.049375846,24.43904027,0.7,0.998941209,SUCCESS,0,0.000301963,1.268786311,1.126487851,20.24999809,13.5,0.030933968,67663977.52,0.000553118,0.000373428,0.000553118,3,60,16.66666667
dataset_batch_2_geo_086,dataset_batch_2_geo_086_pw_05,0.776066021,0.468100029,942.2630034,0.152431847,0.049375846,24.43904027,0.8,0.998941209,SUCCESS,0,0.000504857,1.373401761,1.219479561,24.75,18,0.045211184,62006520.58,0.000688776,0.000268769,0.000688776,3,60,16.66666667
dataset_batch_2_geo_087,dataset_batch_2_geo_087_pw_01,0.765842726,0.656531831,488.2562612,0.338040612,0.051265386,23.98981374,0.4,0.997899389,SUCCESS,0,5.02E-19,1,1,0,0,0,72922223.12,0.001098093,0.001098093,0,1,60,16.66666667
dataset_batch_2_geo_087,dataset_batch_2_geo_087_pw_02,0.765842726,0.656531831,488.2562612,0.338040612,0.051265386,23.98981374,0.5,0.997899389,SUCCESS,0,5.61E-19,1,1,0,0,0,67167738.31,0.000824341,0.000824341,0,1,60,16.66666667
dataset_batch_2_geo_087,dataset_batch_2_geo_087_pw_03,0.765842726,0.656531831,488.2562612,0.338040612,0.051265386,23.98981374,0.6,0.997899389,SUCCESS,0,6.14E-19,1,1,0,0,0,61413253.5,0.00055059,0.00055059,1.59E-05,1,60,16.66666667
dataset_batch_2_geo_087,dataset_batch_2_geo_087_pw_04,0.765842726,0.656531831,488.2562612,0.338040612,0.051265386,23.98981374,0.7,0.997899389,SUCCESS,0,4.88E-19,1,1,0,0,0,55658768.69,0.00027703,0.00027703,0.000219509,1,60,16.66666667
dataset_batch_2_geo_087,dataset_batch_2_geo_087_pw_05,0.765842726,0.656531831,488.2562612,0.338040612,0.051265386,23.98981374,0.8,0.997899389,SUCCESS,0,9.22E-19,1,1,0,0,0,49904283.87,0.000489339,5.71E-05,0.000489339,1,60,16.66666667
dataset_batch_2_geo_088,dataset_batch_2_geo_088_pw_01,0.813509394,0.490542634,564.3422502,0.271389681,0.088816981,21.22503624,0.4,0.820523498,SUCCESS,0,4.56E-19,1,1,0,0,0,90102798.39,0.001262285,0.001262285,0.000219658,1,60,16.66666667
dataset_batch_2_geo_088,dataset_batch_2_geo_088_pw_02,0.813509394,0.490542634,564.3422502,0.271389681,0.088816981,21.22503624,0.5,0.820523498,SUCCESS,0,4.58E-19,1,1,0,0,0,84346586.34,0.001037193,0.001037193,0.000386872,1,60,16.66666667
dataset_batch_2_geo_088,dataset_batch_2_geo_088_pw_03,0.813509394,0.490542634,564.3422502,0.271389681,0.088816981,21.22503624,0.6,0.820523498,SUCCESS,0,8.21E-05,1.082659483,1,11.25,0,0.00892326,78591189.02,0.000814249,0.000814249,0.000583619,1,60,16.66666667
dataset_batch_2_geo_088,dataset_batch_2_geo_088_pw_04,0.813509394,0.490542634,564.3422502,0.271389681,0.088816981,21.22503624,0.7,0.820523498,SUCCESS,0,0.000320176,1.172071099,1.082659483,18,11.25,0.020226056,72847588.79,0.000808427,0.000600062,0.000808427,3,60,16.66666667
dataset_batch_2_geo_088,dataset_batch_2_geo_088_pw_05,0.813509394,0.490542634,564.3422502,0.271389681,0.088816981,21.22503624,0.8,0.820523498,SUCCESS,0,0.000643033,1.268786311,1.172071099,22.5,18,0.034503272,67146898.43,0.00104814,0.000418312,0.00104814,3,60,16.66666667
dataset_batch_2_geo_089,dataset_batch_2_geo_089_pw_01,0.731312995,0.461657289,982.3206487,0.213647975,0.063842797,27.75497503,0.4,0.597401622,SUCCESS,0,2.29E-19,1,1,0,0,0,77554923.79,0.000599233,0.000599233,0.000140127,1,60,16.66666667
dataset_batch_2_geo_089,dataset_batch_2_geo_089_pw_02,0.731312995,0.461657289,982.3206487,0.213647975,0.063842797,27.75497503,0.5,0.597401622,SUCCESS,0,3.14E-19,1,1,0,0,0,71797865.14,0.000475778,0.000475778,0.000242178,1,60,16.66666667
dataset_batch_2_geo_089,dataset_batch_2_geo_089_pw_03,0.731312995,0.461657289,982.3206487,0.213647975,0.063842797,27.75497503,0.6,0.597401622,SUCCESS,0,8.01E-06,1.040518522,1,4.5,0,0.003569304,66040869.17,0.000361038,0.000352593,0.000361038,1,60,16.66666667
dataset_batch_2_geo_089,dataset_batch_2_geo_089_pw_04,0.731312995,0.461657289,982.3206487,0.213647975,0.063842797,27.75497503,0.7,0.597401622,SUCCESS,0,0.000107083,1.126487851,1,15.75,2.249999762,0.0148721,60287397.08,0.000485769,0.000237753,0.000485769,3,60,16.66666667
dataset_batch_2_geo_089,dataset_batch_2_geo_089_pw_05,0.731312995,0.461657289,982.3206487,0.213647975,0.063842797,27.75497503,0.8,0.597401622,SUCCESS,0,0.000269084,1.219479561,1.082659483,22.5,13.5,0.027364664,54559496.32,0.000614493,0.000143177,0.000614493,3,60,16.66666667
dataset_batch_2_geo_090,dataset_batch_2_geo_090_pw_01,0.79197774,0.408070109,819.8015344,0.17271125,0.112609885,22.1401593,0.4,0.513758582,SUCCESS,0,8.38E-05,1.082659483,1,15.75,0,0.012492564,90877105.22,0.000922224,0.000922224,0.000360479,1,60,16.66666667
dataset_batch_2_geo_090,dataset_batch_2_geo_090_pw_02,0.79197774,0.408070109,819.8015344,0.17271125,0.112609885,22.1401593,0.5,0.513758582,SUCCESS,0,0.00017188,1.172071099,1.040518522,18,8.999999046,0.020226056,85127077,0.000783886,0.000783886,0.000493749,2,60,16.66666667
dataset_batch_2_geo_090,dataset_batch_2_geo_090_pw_03,0.79197774,0.408070109,819.8015344,0.17271125,0.112609885,22.1401593,0.6,0.513758582,SUCCESS,0,0.000321737,1.268786311,1.126487851,20.24999809,13.5,0.030339084,79396498.3,0.000646806,0.000646806,0.000641377,2,60,16.66666667
dataset_batch_2_geo_090,dataset_batch_2_geo_090_pw_04,0.79197774,0.408070109,819.8015344,0.17271125,0.112609885,22.1401593,0.7,0.513758582,SUCCESS,0,0.000541529,1.373401761,1.219479561,24.75,18,0.042831648,73711682.47,0.000796709,0.000511212,0.000796709,3,60,16.66666667
dataset_batch_2_geo_090,dataset_batch_2_geo_090_pw_05,0.79197774,0.408070109,819.8015344,0.17271125,0.112609885,22.1401593,0.8,0.513758582,SUCCESS,0,0.000856395,1.48656261,1.320067286,27,20.24999809,0.057703748,68112312.08,0.000962101,0.000398852,0.000962101,3,60,16.66666667
dataset_batch_2_geo_091,dataset_batch_2_geo_091_pw_01,1.129279454,0.619610234,195.6655337,0.203102377,0.04548406,20.43579753,0.4,0.468640249,SUCCESS,0,0.009506801,1.268786311,1.268786311,90,90,0.06841166,113286989.8,0.006649136,0.006649136,0.001157997,2,60,16.66666667
dataset_batch_2_geo_091,dataset_batch_2_geo_091_pw_02,1.129279454,0.619610234,195.6655337,0.203102377,0.04548406,20.43579753,0.5,0.468640249,SUCCESS,0,0.005295032,1.172071099,1.172071099,90,90,0.043426532,114252764.7,0.005832038,0.005832038,0.001472641,2,60,16.66666667
dataset_batch_2_geo_091,dataset_batch_2_geo_091_pw_03,1.129279454,0.619610234,195.6655337,0.203102377,0.04548406,20.43579753,0.6,0.468640249,SUCCESS,0,0.002109854,1.082659483,1.082659483,90,90,0.025580012,116036425,0.005132998,0.005132998,0.00188238,2,60,16.66666667
dataset_batch_2_geo_091,dataset_batch_2_geo_091_pw_04,1.129279454,0.619610234,195.6655337,0.203102377,0.04548406,20.43579753,0.7,0.468640249,SUCCESS,0,0.001355834,1.126487851,1.082659483,90,90,0.027959548,112832645.5,0.0045172,0.0045172,0.002412017,2,60,16.66666667
dataset_batch_2_geo_091,dataset_batch_2_geo_091_pw_05,1.129279454,0.619610234,195.6655337,0.203102377,0.04548406,20.43579753,0.8,0.468640249,SUCCESS,0,0.001939782,1.219479561,1.172071099,90,90,0.038072576,107845945,0.003898665,0.003898665,0.003015011,2,60,16.66666667
dataset_batch_2_geo_092,dataset_batch_2_geo_092_pw_01,0.78296418,0.561557053,351.5399875,0.33418991,0.062709271,21.36687266,0.4,0.814793136,SUCCESS,0,7.13E-19,1,1,0,0,0,81005515.02,0.001729343,0.001729343,0,1,60,16.66666667
dataset_batch_2_geo_092,dataset_batch_2_geo_092_pw_02,0.78296418,0.561557053,351.5399875,0.33418991,0.062709271,21.36687266,0.5,0.814793136,SUCCESS,0,6.43E-19,1,1,0,0,0,75250892.65,0.001350216,0.001350216,0.000184045,1,60,16.66666667
dataset_batch_2_geo_092,dataset_batch_2_geo_092_pw_03,0.78296418,0.561557053,351.5399875,0.33418991,0.062709271,21.36687266,0.6,0.814793136,SUCCESS,0,7.30E-19,1,1,0,0,0,69496270.28,0.000971088,0.000971088,0.000459645,1,60,16.66666667
dataset_batch_2_geo_092,dataset_batch_2_geo_092_pw_04,0.78296418,0.561557053,351.5399875,0.33418991,0.062709271,21.36687266,0.7,0.814793136,SUCCESS,0,7.17E-19,1,1,0,0,0,63741647.91,0.000802296,0.0006044,0.000802296,1,60,16.66666667
dataset_batch_2_geo_092,dataset_batch_2_geo_092_pw_05,0.78296418,0.561557053,351.5399875,0.33418991,0.062709271,21.36687266,0.8,0.814793136,SUCCESS,0,0.000192872,1.082659483,1.040518522,15.75,6.75,0.012492564,57989107.64,0.00118331,0.000301555,0.00118331,3,60,16.66666667
dataset_batch_2_geo_093,dataset_batch_2_geo_093_pw_01,0.903441674,0.604568499,540.1328436,0.27417233,0.07392248,23.43668289,0.4,0.287122344,SUCCESS,0,6.12E-19,1,1,0,0,0,99370435.02,0.001503895,0.001503895,1.87E-05,1,60,16.66666667
dataset_batch_2_geo_093,dataset_batch_2_geo_093_pw_02,0.903441674,0.604568499,540.1328436,0.27417233,0.07392248,23.43668289,0.5,0.287122344,SUCCESS,0,4.96E-19,1,1,0,0,0,93614274.7,0.0012682,0.0012682,0.000177267,1,60,16.66666667
dataset_batch_2_geo_093,dataset_batch_2_geo_093_pw_03,0.903441674,0.604568499,540.1328436,0.27417233,0.07392248,23.43668289,0.6,0.287122344,SUCCESS,0,6.29E-19,1,1,0,0,0,87858114.37,0.001032505,0.001032505,0.000346686,1,60,16.66666667
dataset_batch_2_geo_093,dataset_batch_2_geo_093_pw_04,0.903441674,0.604568499,540.1328436,0.27417233,0.07392248,23.43668289,0.7,0.287122344,SUCCESS,0,4.72E-19,1,1,0,0,0,82101954.05,0.00079681,0.00079681,0.000548591,1,60,16.66666667
dataset_batch_2_geo_093,dataset_batch_2_geo_093_pw_05,0.903441674,0.604568499,540.1328436,0.27417233,0.07392248,23.43668289,0.8,0.287122344,SUCCESS,0,8.80E-07,1,1,0,0,0,76345787.19,0.000777932,0.00056604,0.000777932,1,60,16.66666667
dataset_batch_2_geo_094,dataset_batch_2_geo_094_pw_01,0.76041124,0.615780404,499.3458365,0.188352382,0.082772196,22.34604267,0.4,0.212704652,SUCCESS,0,5.01E-19,1,1,0,0,0,74206494.99,0.001070985,0.001070985,0,1,60,16.66666667
dataset_batch_2_geo_094,dataset_batch_2_geo_094_pw_02,0.76041124,0.615780404,499.3458365,0.188352382,0.082772196,22.34604267,0.5,0.212704652,SUCCESS,0,4.89E-19,1,1,0,0,0,68449164.25,0.000833176,0.000833176,2.20E-05,1,60,16.66666667
dataset_batch_2_geo_094,dataset_batch_2_geo_094_pw_03,0.76041124,0.615780404,499.3458365,0.188352382,0.082772196,22.34604267,0.6,0.212704652,SUCCESS,0,4.13E-19,1,1,0,0,0,62691833.5,0.000595368,0.000595368,0.000190795,1,60,16.66666667
dataset_batch_2_geo_094,dataset_batch_2_geo_094_pw_04,0.76041124,0.615780404,499.3458365,0.188352382,0.082772196,22.34604267,0.7,0.212704652,SUCCESS,0,4.43E-19,1,1,0,0,0,56934502.76,0.000414178,0.000357559,0.000414178,1,60,16.66666667
dataset_batch_2_geo_094,dataset_batch_2_geo_094_pw_05,0.76041124,0.615780404,499.3458365,0.188352382,0.082772196,22.34604267,0.8,0.212704652,SUCCESS,0,4.04E-19,1,1,0,0,0,51177172.02,0.000651987,0.000146196,0.000651987,1,60,16.66666667
dataset_batch_2_geo_095,dataset_batch_2_geo_095_pw_01,1.082079372,0.640150342,464.0426067,0.333521177,0.106330518,24.22455945,0.4,0.398698939,SUCCESS,0,0.000141847,1.040518522,1,13.50000477,4.500001431,0.008328376,126268578.1,0.002379533,0.002379533,5.39E-05,2,60,16.66666667
dataset_batch_2_geo_095,dataset_batch_2_geo_095_pw_02,1.082079372,0.640150342,464.0426067,0.333521177,0.106330518,24.22455945,0.5,0.398698939,SUCCESS,0,7.26E-19,1,1,0,0,0,122352493.8,0.002091938,0.002091938,0.000245926,1,60,16.66666667
dataset_batch_2_geo_095,dataset_batch_2_geo_095_pw_03,1.082079372,0.640150342,464.0426067,0.333521177,0.106330518,24.22455945,0.6,0.398698939,SUCCESS,0,7.12E-19,1,1,0,0,0,116597848.2,0.00180487,0.00180487,0.000440219,1,60,16.66666667
dataset_batch_2_geo_095,dataset_batch_2_geo_095_pw_04,1.082079372,0.640150342,464.0426067,0.333521177,0.106330518,24.22455945,0.7,0.398698939,SUCCESS,0,8.48E-19,1,1,0,0,0,110843202.6,0.001517801,0.001517801,0.000656411,1,60,16.66666667
dataset_batch_2_geo_095,dataset_batch_2_geo_095_pw_05,1.082079372,0.640150342,464.0426067,0.333521177,0.106330518,24.22455945,0.8,0.398698939,SUCCESS,0,7.53E-19,1,1,0,0,0,105088556.9,0.001230733,0.001230733,0.000900313,1,60,16.66666667
dataset_batch_2_geo_096,dataset_batch_2_geo_096_pw_01,0.715484525,0.448544648,531.6887104,0.291484969,0.107468754,23.27993305,0.4,0.963106873,SUCCESS,0,7.65E-19,1,1,0,0,0,75543466.55,0.001035015,0.001035015,0.000221645,1,60,16.66666667
dataset_batch_2_geo_096,dataset_batch_2_geo_096_pw_02,0.715484525,0.448544648,531.6887104,0.291484969,0.107468754,23.27993305,0.5,0.963106873,SUCCESS,0,4.65E-19,1,1,0,0,0,69787659.06,0.000792334,0.000792334,0.00041152,1,60,16.66666667
dataset_batch_2_geo_096,dataset_batch_2_geo_096_pw_03,0.715484525,0.448544648,531.6887104,0.291484969,0.107468754,23.27993305,0.6,0.963106873,SUCCESS,0,2.72E-05,1.040518522,1,9,0,0.00594884,64032026.7,0.00063712,0.000552637,0.00063712,1,60,16.66666667
dataset_batch_2_geo_096,dataset_batch_2_geo_096_pw_04,0.715484525,0.448544648,531.6887104,0.291484969,0.107468754,23.27993305,0.7,0.963106873,SUCCESS,0,0.000254238,1.126487851,1.040518522,18,11.25,0.01784652,58284351.88,0.000883513,0.000345613,0.000883513,3,60,16.66666667
dataset_batch_2_geo_096,dataset_batch_2_geo_096_pw_05,0.715484525,0.448544648,531.6887104,0.291484969,0.107468754,23.27993305,0.8,0.963106873,SUCCESS,0,0.00055454,1.268786311,1.172071099,24.75,18,0.034503272,52574180.21,0.001139238,0.000180029,0.001139238,3,60,16.66666667
dataset_batch_2_geo_097,dataset_batch_2_geo_097_pw_01,0.959888739,0.506135657,196.5664087,0.211926236,0.068225092,20.59122365,0.4,0.990920899,SUCCESS,0,0.004943366,1.126487851,1.126487851,90,90,0.039857228,102950824.9,0.00511938,0.00511938,0.001232973,2,60,16.66666667
dataset_batch_2_geo_097,dataset_batch_2_geo_097_pw_02,0.959888739,0.506135657,196.5664087,0.211926236,0.068225092,20.59122365,0.5,0.990920899,SUCCESS,0,0.00070044,1.126487851,1.082659483,90,90,0.023200476,105761648.7,0.004463872,0.004463872,0.001675352,2,60,16.66666667
dataset_batch_2_geo_097,dataset_batch_2_geo_097_pw_03,0.959888739,0.506135657,196.5664087,0.211926236,0.068225092,20.59122365,0.6,0.990920899,SUCCESS,0,0.00112992,1.172071099,1.126487851,90,90,0.027959548,101900214.7,0.003877664,0.003877664,0.002230629,2,60,16.66666667
dataset_batch_2_geo_097,dataset_batch_2_geo_097_pw_04,0.959888739,0.506135657,196.5664087,0.211926236,0.068225092,20.59122365,0.7,0.990920899,SUCCESS,0,0.002077263,1.268786311,1.219479561,90,90,0.038072576,96502640.04,0.003300923,0.003300923,0.002854037,2,60,16.66666667
dataset_batch_2_geo_097,dataset_batch_2_geo_097_pw_05,0.959888739,0.506135657,196.5664087,0.211926236,0.068225092,20.59122365,0.8,0.990920899,SUCCESS,0,0.00337993,1.373401761,1.320067286,90,90,0.049375372,91084428.68,0.003545835,0.002723918,0.003545835,3,60,16.66666667
dataset_batch_2_geo_098,dataset_batch_2_geo_098_pw_01,0.800376448,0.482117014,756.4093308,0.15814335,0.075502406,26.22301072,0.4,0.297374744,SUCCESS,0,4.20E-19,1,1,0,0,0,88307762.29,0.000944802,0.000944802,0.000235458,1,60,16.66666667
dataset_batch_2_geo_098,dataset_batch_2_geo_098_pw_02,0.800376448,0.482117014,756.4093308,0.15814335,0.075502406,26.22301072,0.5,0.297374744,SUCCESS,0,3.86E-19,1,1,0,0,0,82550159.34,0.000791798,0.000791798,0.000365135,1,60,16.66666667
dataset_batch_2_geo_098,dataset_batch_2_geo_098_pw_03,0.800376448,0.482117014,756.4093308,0.15814335,0.075502406,26.22301072,0.6,0.297374744,SUCCESS,0,2.03E-05,1.040518522,1,9,0,0.00594884,76792807.21,0.00063938,0.00063938,0.000512701,1,60,16.66666667
dataset_batch_2_geo_098,dataset_batch_2_geo_098_pw_04,0.800376448,0.482117014,756.4093308,0.15814335,0.075502406,26.22301072,0.7,0.297374744,SUCCESS,0,0.000162358,1.126487851,1.040518522,15.75,6.75,0.0148721,71039960.29,0.000667609,0.000489216,0.000667609,3,60,16.66666667
dataset_batch_2_geo_098,dataset_batch_2_geo_098_pw_05,0.800376448,0.482117014,756.4093308,0.15814335,0.075502406,26.22301072,0.8,0.297374744,SUCCESS,0,0.000373527,1.219479561,1.126487851,20.24999809,13.5,0.026174896,65308758.3,0.00082735,0.000355781,0.00082735,3,60,16.66666667
dataset_batch_2_geo_099,dataset_batch_2_geo_099_pw_01,1.162685184,0.415255864,349.9272011,0.273424098,0.072198929,25.21767023,0.4,0.724026342,SUCCESS,0,0.002834977,1.219479561,1.172071099,90,90,0.048780488,138744800,0.004071963,0.004071963,0.001390093,2,60,16.66666667
dataset_batch_2_geo_099,dataset_batch_2_geo_099_pw_02,1.162685184,0.415255864,349.9272011,0.273424098,0.072198929,25.21767023,0.5,0.724026342,SUCCESS,0,0.002140532,1.320067286,1.219479561,90,90,0.05056514,135115535.2,0.003715577,0.003715577,0.001696595,2,60,16.66666667
dataset_batch_2_geo_099,dataset_batch_2_geo_099_pw_03,1.162685184,0.415255864,349.9272011,0.273424098,0.072198929,25.21767023,0.6,0.724026342,SUCCESS,0,0.002721006,1.373401761,1.320067286,90,90,0.055919096,130251411.4,0.003351997,0.003351997,0.00204828,2,60,16.66666667
dataset_batch_2_geo_099,dataset_batch_2_geo_099_pw_04,1.162685184,0.415255864,349.9272011,0.273424098,0.072198929,25.21767023,0.7,0.724026342,SUCCESS,0,0.003676146,1.48656261,1.428871632,90,90,0.063057704,125451364.6,0.002974343,0.002974343,0.002435316,2,60,16.66666667
dataset_batch_2_geo_099,dataset_batch_2_geo_099_pw_05,1.162685184,0.415255864,349.9272011,0.273424098,0.072198929,25.21767023,0.8,0.724026342,SUCCESS,0,0.004586872,1.608967185,1.546563625,90,90,0.0743605,120823781,0.002856508,0.002640574,0.002856508,3,60,16.66666667
dataset_batch_2_geo_100,dataset_batch_2_geo_100_pw_01,0.780070057,0.485489868,551.1275148,0.338912276,0.066358207,22.13628619,0.4,0.948307189,SUCCESS,0,5.64E-19,1,1,0,0,0,84626964.3,0.001151868,0.001151868,0.000146341,1,60,16.66666667
dataset_batch_2_geo_100,dataset_batch_2_geo_100_pw_02,0.780070057,0.485489868,551.1275148,0.338912276,0.066358207,22.13628619,0.5,0.948307189,SUCCESS,0,8.32E-19,1,1,0,0,0,78872511.54,0.000909188,0.000909188,0.000315816,1,60,16.66666667
dataset_batch_2_geo_100,dataset_batch_2_geo_100_pw_03,0.780070057,0.485489868,551.1275148,0.338912276,0.066358207,22.13628619,0.6,0.948307189,SUCCESS,0,8.50E-05,1.082659483,1,11.25,0,0.00892326,73118943.84,0.000668751,0.000668751,0.000518221,1,60,16.66666667
dataset_batch_2_geo_100,dataset_batch_2_geo_100_pw_04,0.780070057,0.485489868,551.1275148,0.338912276,0.066358207,22.13628619,0.7,0.948307189,SUCCESS,0,0.000326164,1.172071099,1.082659483,20.24999809,13.5,0.022605592,67379370.94,0.000756143,0.000453105,0.000756143,3,60,16.66666667
dataset_batch_2_geo_100,dataset_batch_2_geo_100_pw_05,0.780070057,0.485489868,551.1275148,0.338912276,0.066358207,22.13628619,0.8,0.948307189,SUCCESS,0,0.000654136,1.320067286,1.219479561,24.75,18,0.039262344,61692266.93,0.001015279,0.000276524,0.001015279,3,60,16.66666667
dataset_batch_3_geo_001,dataset_batch_3_geo_001_pw_01,1.098182552,0.804880832,999.966525,0.323990473,0.031832357,20.769951,0.4,0.678746628,SUCCESS,0,0.001215983,1.219479561,1.172071099,51.74999619,42.74999619,0.061273052,107221694.8,0.001095751,0.001095751,0,2,60,16.66666667
dataset_batch_3_geo_001,dataset_batch_3_geo_001_pw_02,1.098182552,0.804880832,999.966525,0.323990473,0.031832357,20.769951,0.5,0.678746628,SUCCESS,0,0.000537877,1.126487851,1.082659483,33.75,24.75000191,0.027364664,107460972.7,0.000934044,0.000934044,0,2,60,16.66666667
dataset_batch_3_geo_001,dataset_batch_3_geo_001_pw_03,1.098182552,0.804880832,999.966525,0.323990473,0.031832357,20.769951,0.6,0.678746628,SUCCESS,0,1.61E-05,1.040518522,1,6.750002384,0,0.004759072,110116915.8,0.000795102,0.000795102,0,1,60,16.66666667
dataset_batch_3_geo_001,dataset_batch_3_geo_001_pw_04,1.098182552,0.804880832,999.966525,0.323990473,0.031832357,20.769951,0.7,0.678746628,SUCCESS,0,3.48E-19,1,1,0,0,0,104689132.5,0.000662798,0.000662798,6.96E-05,1,60,16.66666667
dataset_batch_3_geo_001,dataset_batch_3_geo_001_pw_05,1.098182552,0.804880832,999.966525,0.323990473,0.031832357,20.769951,0.8,0.678746628,SUCCESS,0,6.08E-19,1,1,0,0,0,98934174.86,0.000530528,0.000530528,0.00016079,1,60,16.66666667
dataset_batch_3_geo_002,dataset_batch_3_geo_002_pw_01,0.893071923,0.413387614,817.5780954,0.174317239,0.012097484,20.93026253,0.4,0.955102739,SUCCESS,0,0.002199194,2.207077742,1.373401761,90,90,0.207614515,94137885.24,0.001261452,0.001261452,0.000516796,2,60,16.66666667
dataset_batch_3_geo_002,dataset_batch_3_geo_002_pw_02,0.893071923,0.413387614,817.5780954,0.174317239,0.012097484,20.93026253,0.5,0.955102739,SUCCESS,0,0.001668442,2.207077742,1.428871632,90,90,0.211183819,90266719.42,0.001130189,0.001130189,0.000645682,2,60,16.66666667
dataset_batch_3_geo_002,dataset_batch_3_geo_002_pw_03,0.893071923,0.413387614,817.5780954,0.174317239,0.012097484,20.93026253,0.6,0.955102739,SUCCESS,0,0.001535266,2.295928955,1.546563625,90,90,0.234384295,85731878,0.001011388,0.001011388,0.000802748,2,60,16.66666667
dataset_batch_3_geo_002,dataset_batch_3_geo_002_pw_04,0.893071923,0.413387614,817.5780954,0.174317239,0.012097484,20.93026253,0.7,0.955102739,SUCCESS,0,0.001474212,2.484446764,1.741370201,90,90,0.260559191,81363341.29,0.000983217,0.000882523,0.000983217,3,60,16.66666667
dataset_batch_3_geo_002,dataset_batch_3_geo_002_pw_05,0.893071923,0.413387614,817.5780954,0.174317239,0.012097484,20.93026253,0.8,0.955102739,SUCCESS,0,0.00192348,2.796485901,2.039505959,90,90,0.289113623,77400888.7,0.001190274,0.000762468,0.001190274,3,60,16.66666667
dataset_batch_3_geo_003,dataset_batch_3_geo_003_pw_01,0.634782513,0.570282046,832.3092699,0.19510682,0.043769065,20.57860667,0.4,0.634861741,SUCCESS,0,2.67E-19,1,1,0,0,0,55096725.47,0.00039318,0.00039318,0,1,60,16.66666667
dataset_batch_3_geo_003,dataset_batch_3_geo_003_pw_02,0.634782513,0.570282046,832.3092699,0.19510682,0.043769065,20.57860667,0.5,0.634861741,SUCCESS,0,2.53E-19,1,1,0,0,0,49339462.97,0.000249697,0.000249697,0,1,60,16.66666667
dataset_batch_3_geo_003,dataset_batch_3_geo_003_pw_03,0.634782513,0.570282046,832.3092699,0.19510682,0.043769065,20.57860667,0.6,0.634861741,SUCCESS,0,3.72E-19,1,1,0,0,0,43582200.46,0.000106213,0.000106213,9.89E-05,1,60,16.66666667
dataset_batch_3_geo_003,dataset_batch_3_geo_003_pw_04,0.634782513,0.570282046,832.3092699,0.19510682,0.043769065,20.57860667,0.7,0.634861741,SUCCESS,0,3.27E-19,1,1,0,0,0,37824937.96,0.00024243,8.04E-06,0.00024243,1,60,16.66666667
dataset_batch_3_geo_003,dataset_batch_3_geo_003_pw_05,0.634782513,0.570282046,832.3092699,0.19510682,0.043769065,20.57860667,0.8,0.634861741,SUCCESS,0,2.33E-19,1,1,0,0,0,36929508.61,0.000385913,0.000104547,0.000385913,1,60,16.66666667
dataset_batch_3_geo_004,dataset_batch_3_geo_004_pw_01,1.004333355,0.400413014,304.2349193,0.235951401,0.015155637,17.37036509,0.4,0.842597472,FAILED,1,,,,,,,,,,,0,60,16.66666667
dataset_batch_3_geo_004,dataset_batch_3_geo_004_pw_02,1.004333355,0.400413014,304.2349193,0.235951401,0.015155637,17.37036509,0.5,0.842597472,FAILED,1,,,,,,,,,,,0,60,16.66666667
dataset_batch_3_geo_004,dataset_batch_3_geo_004_pw_03,1.004333355,0.400413014,304.2349193,0.235951401,0.015155637,17.37036509,0.6,0.842597472,FAILED,1,,,,,,,,,,,0,60,16.66666667
dataset_batch_3_geo_004,dataset_batch_3_geo_004_pw_04,1.004333355,0.400413014,304.2349193,0.235951401,0.015155637,17.37036509,0.7,0.842597472,FAILED,1,,,,,,,,,,,0,60,16.66666667
dataset_batch_3_geo_004,dataset_batch_3_geo_004_pw_05,1.004333355,0.400413014,304.2349193,0.235951401,0.015155637,17.37036509,0.8,0.842597472,FAILED,1,,,,,,,,,,,0,60,16.66666667
dataset_batch_3_geo_005,dataset_batch_3_geo_005_pw_01,1.009183825,0.528491622,353.925266,0.335129549,0.010346859,18.06848952,0.4,0.584888337,FAILED,1,,,,,,,,,,,0,60,16.66666667
dataset_batch_3_geo_005,dataset_batch_3_geo_005_pw_02,1.009183825,0.528491622,353.925266,0.335129549,0.010346859,18.06848952,0.5,0.584888337,FAILED,1,,,,,,,,,,,0,60,16.66666667
dataset_batch_3_geo_005,dataset_batch_3_geo_005_pw_03,1.009183825,0.528491622,353.925266,0.335129549,0.010346859,18.06848952,0.6,0.584888337,FAILED,1,,,,,,,,,,,0,60,16.66666667
dataset_batch_3_geo_005,dataset_batch_3_geo_005_pw_04,1.009183825,0.528491622,353.925266,0.335129549,0.010346859,18.06848952,0.7,0.584888337,FAILED,1,,,,,,,,,,,0,60,16.66666667
dataset_batch_3_geo_005,dataset_batch_3_geo_005_pw_05,1.009183825,0.528491622,353.925266,0.335129549,0.010346859,18.06848952,0.8,0.584888337,FAILED,1,,,,,,,,,,,0,60,16.66666667
dataset_batch_3_geo_006,dataset_batch_3_geo_006_pw_01,0.806089815,0.583899669,628.3178923,0.227298502,0.028034592,19.14986061,0.4,0.669888924,SUCCESS,0,0.00054335,1.082659483,1.040518522,29.25000381,22.50000191,0.022010708,78469191.3,0.001033275,0.001033275,2.49E-06,2,60,16.66666667
dataset_batch_3_geo_006,dataset_batch_3_geo_006_pw_02,0.806089815,0.583899669,628.3178923,0.227298502,0.028034592,19.14986061,0.5,0.669888924,SUCCESS,0,4.00E-19,1,1,0,0,0,78018727.91,0.000833378,0.000833378,0.000128366,1,60,16.66666667
dataset_batch_3_geo_006,dataset_batch_3_geo_006_pw_03,0.806089815,0.583899669,628.3178923,0.227298502,0.028034592,19.14986061,0.6,0.669888924,SUCCESS,0,5.29E-19,1,1,0,0,0,72261837.06,0.0006382,0.0006382,0.000278433,1,60,16.66666667
dataset_batch_3_geo_006,dataset_batch_3_geo_006_pw_04,0.806089815,0.583899669,628.3178923,0.227298502,0.028034592,19.14986061,0.7,0.669888924,SUCCESS,0,5.79E-05,1.082659483,1,13.5,0,0.009518144,66505667.58,0.000463002,0.0004444,0.000463002,1,60,16.66666667
dataset_batch_3_geo_006,dataset_batch_3_geo_006_pw_05,0.806089815,0.583899669,628.3178923,0.227298502,0.028034592,19.14986061,0.8,0.669888924,SUCCESS,0,0.000270196,1.219479561,1.082659483,22.5,13.5,0.026174896,60765825.18,0.000664088,0.000271102,0.000664088,3,60,16.66666667
dataset_batch_3_geo_007,dataset_batch_3_geo_007_pw_01,0.996680286,0.417895889,311.170319,0.18064854,0.107690747,19.83132128,0.4,0.468272571,SUCCESS,0,0.003061143,1.219479561,1.172071099,90,90,0.05651398,110555510.3,0.003741462,0.003741462,0.001474583,2,60,16.66666667
dataset_batch_3_geo_007,dataset_batch_3_geo_007_pw_02,0.996680286,0.417895889,311.170319,0.18064854,0.107690747,19.83132128,0.5,0.468272571,SUCCESS,0,0.002283083,1.268786311,1.219479561,90,90,0.058893516,106908566.7,0.003361371,0.003361371,0.001800629,2,60,16.66666667
dataset_batch_3_geo_007,dataset_batch_3_geo_007_pw_03,0.996680286,0.417895889,311.170319,0.18064854,0.107690747,19.83132128,0.6,0.468272571,SUCCESS,0,0.002029601,1.373401761,1.320067286,90,90,0.067221892,102524730.3,0.002983956,0.002983956,0.002178442,2,60,16.66666667
dataset_batch_3_geo_007,dataset_batch_3_geo_007_pw_04,0.996680286,0.417895889,311.170319,0.18064854,0.107690747,19.83132128,0.7,0.468272571,SUCCESS,0,0.002793442,1.48656261,1.428871632,90,90,0.079119572,97985221.36,0.002590284,0.002590284,0.002586934,2,60,16.66666667
dataset_batch_3_geo_007,dataset_batch_3_geo_007_pw_05,0.996680286,0.417895889,311.170319,0.18064854,0.107690747,19.83132128,0.8,0.468272571,SUCCESS,0,0.00399334,1.608967185,1.546563625,90,90,0.092801904,93499555.2,0.003036088,0.002257197,0.003036088,3,60,16.66666667
dataset_batch_3_geo_008,dataset_batch_3_geo_008_pw_01,0.733283323,0.621127763,802.3386682,0.185708144,0.070122383,15.80819188,0.4,0.347386427,SUCCESS,0,5.20E-05,1.040518522,1,20.25,0,0.011302796,68098595.33,0.00059637,0.00059637,0,1,60,16.66666667
dataset_batch_3_geo_008,dataset_batch_3_geo_008_pw_02,0.733283323,0.621127763,802.3386682,0.185708144,0.070122383,15.80819188,0.5,0.347386427,SUCCESS,0,3.56E-19,1,1,0,0,0,63501156.49,0.000448375,0.000448375,0,1,60,16.66666667
dataset_batch_3_geo_008,dataset_batch_3_geo_008_pw_03,0.733283323,0.621127763,802.3386682,0.185708144,0.070122383,15.80819188,0.6,0.347386427,SUCCESS,0,2.90E-19,1,1,0,0,0,57743799.83,0.000300701,0.000300701,8.20E-05,1,60,16.66666667
dataset_batch_3_geo_008,dataset_batch_3_geo_008_pw_04,0.733283323,0.621127763,802.3386682,0.185708144,0.070122383,15.80819188,0.7,0.347386427,SUCCESS,0,2.62E-19,1,1,0,0,0,51986443.17,0.000220349,0.000153143,0.000220349,1,60,16.66666667
dataset_batch_3_geo_008,dataset_batch_3_geo_008_pw_05,0.733283323,0.621127763,802.3386682,0.185708144,0.070122383,15.80819188,0.8,0.347386427,SUCCESS,0,3.17E-19,1,1,0,0,0,46229086.52,0.000368024,3.41E-05,0.000368024,1,60,16.66666667
dataset_batch_3_geo_009,dataset_batch_3_geo_009_pw_01,0.983443908,0.452263145,161.8311436,0.239411507,0.084680255,29.42044151,0.4,0.236244279,SUCCESS,0,0.00024684,1.040518522,1.040518522,11.25,6.75,0.007138608,121359250.3,0.006582802,0.006582802,0.00195825,2,60,16.66666667
dataset_batch_4_geo_001,dataset_batch_4_geo_001_pw_01,0.969119521,0.711226061,648.7124806,0.150659259,0.117789625,26.28774454,0.4,0.525166042,SUCCESS,0,4.26E-19,1,1,0,0,0,104879397,0.00132748,0.00132748,0,1,60,16.66666667
dataset_batch_4_geo_001,dataset_batch_4_geo_001_pw_02,0.969119521,0.711226061,648.7124806,0.150659259,0.117789625,26.28774454,0.5,0.525166042,SUCCESS,0,4.83E-19,1,1,0,0,0,99121733.85,0.001150226,0.001150226,4.66E-05,1,60,16.66666667
dataset_batch_4_geo_001,dataset_batch_4_geo_001_pw_03,0.969119521,0.711226061,648.7124806,0.150659259,0.117789625,26.28774454,0.6,0.525166042,SUCCESS,0,4.53E-19,1,1,0,0,0,93364070.74,0.000972973,0.000972973,0.000166639,1,60,16.66666667
dataset_batch_4_geo_001,dataset_batch_4_geo_001_pw_04,0.969119521,0.711226061,648.7124806,0.150659259,0.117789625,26.28774454,0.7,0.525166042,SUCCESS,0,4.64E-19,1,1,0,0,0,87606407.63,0.000795719,0.000795719,0.000308235,1,60,16.66666667
dataset_batch_4_geo_001,dataset_batch_4_geo_001_pw_05,0.969119521,0.711226061,648.7124806,0.150659259,0.117789625,26.28774454,0.8,0.525166042,SUCCESS,0,4.21E-19,1,1,0,0,0,81848744.52,0.000618465,0.000618465,0.00047605,1,60,16.66666667
dataset_batch_4_geo_002,dataset_batch_4_geo_002_pw_01,1.182490788,0.488843327,405.8338306,0.292752018,0.122820318,17.77556286,0.4,0.419658565,FAILED,1,,,,,,,,,,,0,60,16.66666667
dataset_batch_4_geo_002,dataset_batch_4_geo_002_pw_02,1.182490788,0.488843327,405.8338306,0.292752018,0.122820318,17.77556286,0.5,0.419658565,FAILED,1,,,,,,,,,,,0,60,16.66666667
dataset_batch_4_geo_002,dataset_batch_4_geo_002_pw_03,1.182490788,0.488843327,405.8338306,0.292752018,0.122820318,17.77556286,0.6,0.419658565,FAILED,1,,,,,,,,,,,0,60,16.66666667
dataset_batch_4_geo_002,dataset_batch_4_geo_002_pw_04,1.182490788,0.488843327,405.8338306,0.292752018,0.122820318,17.77556286,0.7,0.419658565,FAILED,1,,,,,,,,,,,0,60,16.66666667
dataset_batch_4_geo_002,dataset_batch_4_geo_002_pw_05,1.182490788,0.488843327,405.8338306,0.292752018,0.122820318,17.77556286,0.8,0.419658565,FAILED,1,,,,,,,,,,,0,60,16.66666667
dataset_batch_4_geo_003,dataset_batch_4_geo_003_pw_01,0.709284008,0.432445767,308.6974982,0.259888416,0.036855969,25.23454601,0.4,0.391209209,SUCCESS,0,8.16E-05,1.082659483,1,11.25,0,0.00892326,75352779.3,0.001804437,0.001804437,0.000491973,1,60,16.66666667
dataset_batch_4_geo_003,dataset_batch_4_geo_003_pw_02,0.709284008,0.432445767,308.6974982,0.259888416,0.036855969,25.23454601,0.5,0.391209209,SUCCESS,0,0.000225477,1.126487851,1.040518522,15.75,8.999999046,0.015466984,69598712.45,0.001401851,0.001401851,0.000833126,2,60,16.66666667
dataset_batch_4_geo_003,dataset_batch_4_geo_003_pw_03,0.709284008,0.432445767,308.6974982,0.259888416,0.036855969,25.23454601,0.6,0.391209209,SUCCESS,0,0.000559538,1.219479561,1.126487851,20.24999809,15.74999905,0.027364664,63857887.92,0.00123664,0.001006615,0.00123664,3,60,16.66666667
dataset_batch_4_geo_003,dataset_batch_4_geo_003_pw_04,0.709284008,0.432445767,308.6974982,0.259888416,0.036855969,25.23454601,0.7,0.391209209,SUCCESS,0,0.001076631,1.373401761,1.268786311,24.75,20.24999809,0.044021416,58168184.6,0.001672022,0.000666524,0.001672022,3,60,16.66666667
dataset_batch_4_geo_003,dataset_batch_4_geo_003_pw_05,0.709284008,0.432445767,308.6974982,0.259888416,0.036855969,25.23454601,0.8,0.391209209,SUCCESS,0,0.001829861,1.48656261,1.428871632,29.25,24.75,0.064247472,52571591.72,0.002139827,0.000414928,0.002139827,3,60,16.66666667
dataset_batch_4_geo_004,dataset_batch_4_geo_004_pw_01,1.109260983,0.887348257,919.7957768,0.323514204,0.047317378,24.1043929,0.4,0.486362069,SUCCESS,0,0.000340939,1.082659483,1.040518522,36.00000381,24.75000191,0.025580012,112538537,0.001136085,0.001136085,0,2,60,16.66666667
dataset_batch_4_geo_004,dataset_batch_4_geo_004_pw_02,1.109260983,0.887348257,919.7957768,0.323514204,0.047317378,24.1043929,0.5,0.486362069,SUCCESS,0,3.77E-19,1,1,0,0,0,113635541.7,0.000988025,0.000988025,0,1,60,16.66666667
dataset_batch_4_geo_004,dataset_batch_4_geo_004_pw_03,1.109260983,0.887348257,919.7957768,0.323514204,0.047317378,24.1043929,0.6,0.486362069,SUCCESS,0,4.35E-19,1,1,0,0,0,107880569.3,0.000844278,0.000844278,0,1,60,16.66666667
dataset_batch_4_geo_004,dataset_batch_4_geo_004_pw_04,1.109260983,0.887348257,919.7957768,0.323514204,0.047317378,24.1043929,0.7,0.486362069,SUCCESS,0,4.55E-19,1,1,0,0,0,102125596.9,0.000700532,0.000700532,0,1,60,16.66666667
dataset_batch_4_geo_004,dataset_batch_4_geo_004_pw_05,1.109260983,0.887348257,919.7957768,0.323514204,0.047317378,24.1043929,0.8,0.486362069,SUCCESS,0,4.02E-19,1,1,0,0,0,96370624.55,0.000556785,0.000556785,4.97E-05,1,60,16.66666667
dataset_batch_4_geo_005,dataset_batch_4_geo_005_pw_01,1.153218099,0.464049208,334.5697251,0.160269815,0.054127697,22.97208358,0.4,0.461101203,FAILED,1,,,,,,,,,,,0,60,16.66666667
dataset_batch_4_geo_005,dataset_batch_4_geo_005_pw_02,1.153218099,0.464049208,334.5697251,0.160269815,0.054127697,22.97208358,0.5,0.461101203,FAILED,1,,,,,,,,,,,0,60,16.66666667
dataset_batch_4_geo_005,dataset_batch_4_geo_005_pw_03,1.153218099,0.464049208,334.5697251,0.160269815,0.054127697,22.97208358,0.6,0.461101203,FAILED,1,,,,,,,,,,,0,60,16.66666667
dataset_batch_4_geo_005,dataset_batch_4_geo_005_pw_04,1.153218099,0.464049208,334.5697251,0.160269815,0.054127697,22.97208358,0.7,0.461101203,FAILED,1,,,,,,,,,,,0,60,16.66666667
dataset_batch_4_geo_005,dataset_batch_4_geo_005_pw_05,1.153218099,0.464049208,334.5697251,0.160269815,0.054127697,22.97208358,0.8,0.461101203,FAILED,1,,,,,,,,,,,0,60,16.66666667
dataset_batch_4_geo_006,dataset_batch_4_geo_006_pw_01,0.838506415,0.41776181,544.9134696,0.32878529,0.096707495,26.13837105,0.4,0.395956046,SUCCESS,0,1.97E-05,1.040518522,1,6.75,0,0.004759072,98329767.8,0.001418475,0.001418475,0.000398426,1,60,16.66666667
dataset_batch_4_geo_006,dataset_batch_4_geo_006_pw_02,0.838506415,0.41776181,544.9134696,0.32878529,0.096707495,26.13837105,0.5,0.395956046,SUCCESS,0,0.000138308,1.082659483,1,13.5,4.499999523,0.010707912,92576306.53,0.001176747,0.001176747,0.000589646,2,60,16.66666667
dataset_batch_4_geo_006,dataset_batch_4_geo_006_pw_03,0.838506415,0.41776181,544.9134696,0.32878529,0.096707495,26.13837105,0.6,0.395956046,SUCCESS,0,0.000376922,1.172071099,1.082659483,18,11.25,0.019631172,86830569.1,0.000937824,0.000937824,0.000808114,2,60,16.66666667
dataset_batch_4_geo_006,dataset_batch_4_geo_006_pw_04,0.838506415,0.41776181,544.9134696,0.32878529,0.096707495,26.13837105,0.7,0.395956046,SUCCESS,0,0.000745696,1.268786311,1.172071099,20.24999809,15.74999905,0.029149316,81119136.75,0.00105505,0.000725678,0.00105505,3,60,16.66666667
dataset_batch_4_geo_006,dataset_batch_4_geo_006_pw_05,0.838506415,0.41776181,544.9134696,0.32878529,0.096707495,26.13837105,0.8,0.395956046,SUCCESS,0,0.001280234,1.373401761,1.268786311,22.5,18,0.041046996,75469231.12,0.001324837,0.000550669,0.001324837,3,60,16.66666667
dataset_batch_4_geo_007,dataset_batch_4_geo_007_pw_01,1.135910116,0.651037668,921.691896,0.316793109,0.034532016,28.5190214,0.4,0.884314438,SUCCESS,0,1.17E-05,1.040518522,1,9.000002861,0,0.00594884,136650306.6,0.00130314,0.00130314,5.64E-05,1,60,16.66666667
dataset_batch_4_geo_007,dataset_batch_4_geo_007_pw_02,1.135910116,0.651037668,921.691896,0.316793109,0.034532016,28.5190214,0.5,0.884314438,SUCCESS,0,4.24E-19,1,1,0,0,0,131009479.8,0.001160389,0.001160389,0.000152349,1,60,16.66666667
dataset_batch_4_geo_007,dataset_batch_4_geo_007_pw_03,1.135910116,0.651037668,921.691896,0.316793109,0.034532016,28.5190214,0.6,0.884314438,SUCCESS,0,5.17E-19,1,1,0,0,0,125254308,0.001017663,0.001017663,0.000249364,1,60,16.66666667
dataset_batch_4_geo_007,dataset_batch_4_geo_007_pw_04,1.135910116,0.651037668,921.691896,0.316793109,0.034532016,28.5190214,0.7,0.884314438,SUCCESS,0,3.63E-19,1,1,0,0,0,119499136.2,0.000874937,0.000874937,0.000357529,1,60,16.66666667
dataset_batch_4_geo_007,dataset_batch_4_geo_007_pw_05,1.135910116,0.651037668,921.691896,0.316793109,0.034532016,28.5190214,0.8,0.884314438,SUCCESS,0,2.64E-05,1.040518522,1,6.75,0,0.004759072,113744221.6,0.000732945,0.000732945,0.000478352,1,60,16.66666667
dataset_batch_4_geo_008,dataset_batch_4_geo_008_pw_01,1.089693574,0.821857285,767.9201691,0.219686715,0.069581193,23.61169943,0.4,0.645181649,SUCCESS,0,0.0003476,1.082659483,1.040518522,29.25000381,20.25,0.020226056,113062748,0.0013355,0.0013355,0,2,60,16.66666667
dataset_batch_4_geo_008,dataset_batch_4_geo_008_pw_02,1.089693574,0.821857285,767.9201691,0.219686715,0.069581193,23.61169943,0.5,0.645181649,SUCCESS,0,4.54E-19,1,1,0,0,0,113833998.8,0.001173636,0.001173636,0,1,60,16.66666667
dataset_batch_4_geo_008,dataset_batch_4_geo_008_pw_03,1.089693574,0.821857285,767.9201691,0.219686715,0.069581193,23.61169943,0.6,0.645181649,SUCCESS,0,3.97E-19,1,1,0,0,0,108077012.4,0.001014928,0.001014928,1.30E-06,1,60,16.66666667
dataset_batch_4_geo_008,dataset_batch_4_geo_008_pw_04,1.089693574,0.821857285,767.9201691,0.219686715,0.069581193,23.61169943,0.7,0.645181649,SUCCESS,0,4.27E-19,1,1,0,0,0,102320026,0.00085622,0.00085622,0.000108051,1,60,16.66666667
dataset_batch_4_geo_008,dataset_batch_4_geo_008_pw_05,1.089693574,0.821857285,767.9201691,0.219686715,0.069581193,23.61169943,0.8,0.645181649,SUCCESS,0,5.36E-19,1,1,0,0,0,96563039.52,0.000697513,0.000697513,0.00022357,1,60,16.66666667
dataset_batch_4_geo_009,dataset_batch_4_geo_009_pw_01,0.884377698,0.443872776,442.2078798,0.257824439,0.053641938,28.71294008,0.4,0.149471379,SUCCESS,0,8.12E-05,1.040518522,1,11.25,0,0.007138608,104800814.6,0.001982814,0.001982814,0.000566099,1,60,16.66666667
dataset_batch_4_geo_009,dataset_batch_4_geo_009_pw_02,0.884377698,0.443872776,442.2078798,0.257824439,0.053641938,28.71294008,0.5,0.149471379,SUCCESS,0,0.000201227,1.082659483,1.040518522,13.5,6.75,0.011302796,99045981.63,0.00170032,0.00170032,0.00079891,2,60,16.66666667
dataset_batch_4_geo_009,dataset_batch_4_geo_009_pw_03,0.884377698,0.443872776,442.2078798,0.257824439,0.053641938,28.71294008,0.6,0.149471379,SUCCESS,0,0.000494422,1.172071099,1.082659483,18,11.25,0.019631172,93302310.93,0.001416868,0.001416868,0.001060887,2,60,16.66666667
dataset_batch_4_geo_009,dataset_batch_4_geo_009_pw_04,0.884377698,0.443872776,442.2078798,0.257824439,0.053641938,28.71294008,0.7,0.149471379,SUCCESS,0,0.000989096,1.268786311,1.172071099,20.24999809,15.75,0.028554432,87586459.03,0.001355365,0.001154154,0.001355365,3,60,16.66666667
dataset_batch_4_geo_009,dataset_batch_4_geo_009_pw_05,0.884377698,0.443872776,442.2078798,0.257824439,0.053641938,28.71294008,0.8,0.149471379,SUCCESS,0,0.001609352,1.373401761,1.320067286,24.75,18,0.04164188,81950307.87,0.000425756,0.000133736,0.000425756,3,60,16.66666667
dataset_batch_4_geo_010,dataset_batch_4_geo_010_pw_01,1.179081236,0.816932449,769.3333732,0.259846695,0.086009487,19.1219689,0.4,0.485497511,SUCCESS,0,0.002119927,1.268786311,1.219479561,49.5,42.74999619,0.06841166,114674809,0.00014509,0.00014509,5.05E-05,2,60,16.66666667
dataset_batch_4_geo_010,dataset_batch_4_geo_010_pw_02,1.179081236,0.816932449,769.3333732,0.259846695,0.086009487,19.1219689,0.5,0.485497511,SUCCESS,0,0.00103837,1.172071099,1.126487851,36.00000381,31.49999809,0.037477692,115638527.5,0.001417777,0.001417777,0,2,60,16.66666667
dataset_batch_4_geo_010,dataset_batch_4_geo_010_pw_03,1.179081236,0.816932449,769.3333732,0.259846695,0.086009487,19.1219689,0.6,0.485497511,SUCCESS,0,0.000353433,1.082659483,1.040518522,22.50000191,15.74999905,0.016061868,116045470.6,0.001234736,0.001234736,6.53E-05,2,60,16.66666667
dataset_batch_4_geo_010,dataset_batch_4_geo_010_pw_04,1.179081236,0.816932449,769.3333732,0.259846695,0.086009487,19.1219689,0.7,0.485497511,SUCCESS,0,5.05E-19,1,1,0,0,0,117934302.1,0.001067752,0.001067752,0.000171282,1,60,16.66666667
dataset_batch_4_geo_010,dataset_batch_4_geo_010_pw_05,1.179081236,0.816932449,769.3333732,0.259846695,0.086009487,19.1219689,0.8,0.485497511,SUCCESS,0,4.60E-19,1,1,0,0,0,112177888.3,0.000904131,0.000904131,0.000290299,1,60,16.66666667
dataset_batch_4_geo_011,dataset_batch_4_geo_011_pw_01,0.77424905,0.666796472,347.2962014,0.205426704,0.053167277,18.7508101,0.4,0.053803245,SUCCESS,0,6.04E-19,1,1,0,0,0,73819690.69,0.001517058,0.001517058,0,1,60,16.66666667
dataset_batch_4_geo_011,dataset_batch_4_geo_011_pw_02,0.77424905,0.666796472,347.2962014,0.205426704,0.053167277,18.7508101,0.5,0.053803245,SUCCESS,0,9.60E-19,1,1,0,0,0,68062538.49,0.001170229,0.001170229,0,1,60,16.66666667
dataset_batch_4_geo_011,dataset_batch_4_geo_011_pw_03,0.77424905,0.666796472,347.2962014,0.205426704,0.053167277,18.7508101,0.6,0.053803245,SUCCESS,0,6.13E-19,1,1,0,0,0,62305386.29,0.0008234,0.0008234,6.01E-05,1,60,16.66666667
dataset_batch_4_geo_011,dataset_batch_4_geo_011_pw_04,0.77424905,0.666796472,347.2962014,0.205426704,0.053167277,18.7508101,0.7,0.053803245,SUCCESS,0,7.03E-19,1,1,0,0,0,56548234.08,0.000476571,0.000476571,0.00033487,1,60,16.66666667
dataset_batch_4_geo_011,dataset_batch_4_geo_011_pw_05,0.77424905,0.666796472,347.2962014,0.205426704,0.053167277,18.7508101,0.8,0.053803245,SUCCESS,0,6.05E-19,1,1,0,0,0,50791081.88,0.000681043,0.0001584,0.000681043,1,60,16.66666667
dataset_batch_4_geo_012,dataset_batch_4_geo_012_pw_01,0.992583978,0.431027045,443.8710022,0.191507845,0.096281827,26.8452517,0.4,0.515206598,SUCCESS,0,0.000306624,1.126487851,1.040518522,15.75,8.999999046,0.0148721,124085283.3,0.002527605,0.002527605,0.000898266,2,60,16.66666667
dataset_batch_4_geo_012,dataset_batch_4_geo_012_pw_02,0.992583978,0.431027045,443.8710022,0.191507845,0.096281827,26.8452517,0.5,0.515206598,SUCCESS,0,0.00049758,1.172071099,1.082659483,15.75,11.25,0.017251636,118334843.4,0.002267107,0.002267107,0.001136488,2,60,16.66666667
dataset_batch_4_geo_012,dataset_batch_4_geo_012_pw_03,0.992583978,0.431027045,443.8710022,0.191507845,0.096281827,26.8452517,0.6,0.515206598,SUCCESS,0,0.000863781,1.219479561,1.172071099,18,13.5,0.02379536,112602728.4,0.002009839,0.002009839,0.001399854,2,60,16.66666667
dataset_batch_4_geo_012,dataset_batch_4_geo_012_pw_04,0.992583978,0.431027045,443.8710022,0.191507845,0.096281827,26.8452517,0.7,0.515206598,SUCCESS,0,0.001379592,1.320067286,1.219479561,20.24999809,15.75,0.03271862,106899998.7,0.00174536,0.00174536,0.001687179,2,60,16.66666667
dataset_batch_4_geo_012,dataset_batch_4_geo_012_pw_05,0.992583978,0.431027045,443.8710022,0.191507845,0.096281827,26.8452517,0.8,0.515206598,SUCCESS,0,0.001989036,1.373401761,1.320067286,22.5,18,0.041046996,101261319.7,0.00199023,0.001496887,0.00199023,3,60,16.66666667
dataset_batch_4_geo_013,dataset_batch_4_geo_013_pw_01,1.01049079,0.403588586,511.2178613,0.161482569,0.102956695,22.62267447,0.4,0.646801956,SUCCESS,0,0.001066735,1.219479561,1.126487851,90,90,0.045806068,117624256.4,0.002358243,0.002358243,0.000979216,2,60,16.66666667
dataset_batch_4_geo_013,dataset_batch_4_geo_013_pw_02,1.01049079,0.403588586,511.2178613,0.161482569,0.102956695,22.62267447,0.5,0.646801956,SUCCESS,0,0.000848228,1.268786311,1.219479561,90,90,0.049970256,113286414.4,0.002145279,0.002145279,0.00119186,2,60,16.66666667
dataset_batch_4_geo_013,dataset_batch_4_geo_013_pw_03,1.01049079,0.403588586,511.2178613,0.161482569,0.102956695,22.62267447,0.6,0.646801956,SUCCESS,0,0.001275159,1.373401761,1.268786311,90,90,0.058298632,108707239,0.001929941,0.001929941,0.001426897,2,60,16.66666667
dataset_batch_4_geo_013,dataset_batch_4_geo_013_pw_04,1.01049079,0.403588586,511.2178613,0.161482569,0.102956695,22.62267447,0.7,0.646801956,SUCCESS,0,0.001873435,1.48656261,1.373401761,90,90,0.066032124,103881828.9,0.001701941,0.001701941,0.001680358,2,60,16.66666667
dataset_batch_4_geo_013,dataset_batch_4_geo_013_pw_05,1.01049079,0.403588586,511.2178613,0.161482569,0.102956695,22.62267447,0.8,0.646801956,SUCCESS,0,0.002509842,1.608967185,1.48656261,90,90,0.078524688,98956796.2,0.001951657,0.001487396,0.001951657,3,60,16.66666667
dataset_batch_4_geo_014,dataset_batch_4_geo_014_pw_01,0.772042836,0.431843076,340.9416731,0.172945272,0.015014857,28.09474745,0.4,0.221829869,SUCCESS,0,0.000224265,1.126487851,1.040518522,15.75,8.999999046,0.015466984,86167621.37,0.0020517,0.0020517,0.000696262,2,60,16.66666667
dataset_batch_4_geo_014,dataset_batch_4_geo_014_pw_02,0.772042836,0.431843076,340.9416731,0.172945272,0.015014857,28.09474745,0.5,0.221829869,SUCCESS,0,0.000371084,1.172071099,1.082659483,18,11.25,0.02082094,80415759.11,0.001715252,0.001715252,0.001007833,2,60,16.66666667
dataset_batch_4_geo_014,dataset_batch_4_geo_014_pw_03,0.772042836,0.431843076,340.9416731,0.172945272,0.015014857,28.09474745,0.6,0.221829869,SUCCESS,0,0.000712678,1.268786311,1.172071099,20.24999809,15.75,0.030933968,74683526.08,0.001382545,0.001382545,0.001360344,2,60,16.66666667
dataset_batch_4_geo_014,dataset_batch_4_geo_014_pw_04,0.772042836,0.431843076,340.9416731,0.172945272,0.015014857,28.09474745,0.7,0.221829869,SUCCESS,0,0.00135414,1.373401761,1.268786311,24.75,20.24999809,0.042831648,69025705.4,0.001736275,0.001069992,0.001736275,3,60,16.66666667
dataset_batch_4_geo_014,dataset_batch_4_geo_014_pw_05,0.772042836,0.431843076,340.9416731,0.172945272,0.015014857,28.09474745,0.8,0.221829869,SUCCESS,0,0.002452488,1.48656261,1.428871632,29.25,22.5,0.063057704,63385967.34,0.002168322,0.000946237,0.002168322,3,60,16.66666667
dataset_batch_4_geo_015,dataset_batch_4_geo_015_pw_01,1.198155384,0.714377631,900.1969359,0.284261997,0.018865815,29.52970049,0.4,0.272664077,SUCCESS,0,0.000129591,1.040518522,1,18,6.750002384,0.010707912,140139664.5,0.001435207,0.001435207,2.63E-05,2,60,16.66666667
dataset_batch_4_geo_015,dataset_batch_4_geo_015_pw_02,1.198155384,0.714377631,900.1969359,0.284261997,0.018865815,29.52970049,0.5,0.272664077,SUCCESS,0,4.34E-19,1,1,0,0,0,138273134.7,0.001291841,0.001291841,0.000120919,1,60,16.66666667
dataset_batch_4_geo_015,dataset_batch_4_geo_015_pw_03,1.198155384,0.714377631,900.1969359,0.284261997,0.018865815,29.52970049,0.6,0.272664077,SUCCESS,0,3.79E-19,1,1,0,0,0,132517173.1,0.001149303,0.001149303,0.000216791,1,60,16.66666667
dataset_batch_4_geo_015,dataset_batch_4_geo_015_pw_04,1.198155384,0.714377631,900.1969359,0.284261997,0.018865815,29.52970049,0.7,0.272664077,SUCCESS,0,3.79E-19,1,1,0,0,0,126761211.5,0.001006766,0.001006766,0.000320566,1,60,16.66666667
dataset_batch_4_geo_015,dataset_batch_4_geo_015_pw_05,1.198155384,0.714377631,900.1969359,0.284261997,0.018865815,29.52970049,0.8,0.272664077,SUCCESS,0,4.54E-19,1,1,0,0,0,121005250,0.000864229,0.000864229,0.000437256,1,60,16.66666667
dataset_batch_4_geo_016,dataset_batch_4_geo_016_pw_01,1.170953878,0.608851031,354.2251892,0.319628868,0.01943566,22.05148884,0.4,0.672196004,SUCCESS,0,0.006207842,1.268786311,1.219479561,90,90,0.07138608,121398457.5,0.003782654,0.003782654,0.00047422,2,60,16.66666667
dataset_batch_4_geo_016,dataset_batch_4_geo_016_pw_02,1.170953878,0.608851031,354.2251892,0.319628868,0.01943566,22.05148884,0.5,0.672196004,SUCCESS,0,0.003500311,1.172071099,1.126487851,90,90,0.045211184,122554445.2,0.0033065,0.0033065,0.000665056,2,60,16.66666667
dataset_batch_4_geo_016,dataset_batch_4_geo_016_pw_03,1.170953878,0.608851031,354.2251892,0.319628868,0.01943566,22.05148884,0.6,0.672196004,SUCCESS,0,0.001365362,1.082659483,1.082659483,90,90,0.027364664,123418527.1,0.002891692,0.002891692,0.000898842,2,60,16.66666667
dataset_batch_4_geo_016,dataset_batch_4_geo_016_pw_04,1.170953878,0.608851031,354.2251892,0.319628868,0.01943566,22.05148884,0.7,0.672196004,SUCCESS,0,0.000964247,1.172071099,1.126487851,90,90,0.031528852,119788403.9,0.002519211,0.002519211,0.001196265,2,60,16.66666667
dataset_batch_4_geo_016,dataset_batch_4_geo_016_pw_05,1.170953878,0.608851031,354.2251892,0.319628868,0.01943566,22.05148884,0.8,0.672196004,SUCCESS,0,0.001485624,1.268786311,1.219479561,90,90,0.037477692,114884655.5,0.00214331,0.00214331,0.001537827,2,60,16.66666667
dataset_batch_4_geo_017,dataset_batch_4_geo_017_pw_01,0.697134757,0.5878641,699.9154232,0.19537897,0.023302023,20.95938081,0.4,0.61329313,SUCCESS,0,3.46E-19,1,1,0,0,0,64851970.8,0.000620456,0.000620456,0,1,60,16.66666667
dataset_batch_4_geo_017,dataset_batch_4_geo_017_pw_02,0.697134757,0.5878641,699.9154232,0.19537897,0.023302023,20.95938081,0.5,0.61329313,SUCCESS,0,2.82E-19,1,1,0,0,0,59094711.11,0.000449793,0.000449793,9.70E-06,1,60,16.66666667
dataset_batch_4_geo_017,dataset_batch_4_geo_017_pw_03,0.697134757,0.5878641,699.9154232,0.19537897,0.023302023,20.95938081,0.6,0.61329313,SUCCESS,0,2.96E-19,1,1,0,0,0,53337451.41,0.00027913,0.00027913,0.00013655,1,60,16.66666667
dataset_batch_4_geo_017,dataset_batch_4_geo_017_pw_04,0.697134757,0.5878641,699.9154232,0.19537897,0.023302023,20.95938081,0.7,0.61329313,SUCCESS,0,3.37E-19,1,1,0,0,0,47580191.72,0.000304731,0.000114176,0.000304731,1,60,16.66666667
dataset_batch_4_geo_017,dataset_batch_4_geo_017_pw_05,0.697134757,0.5878641,699.9154232,0.19537897,0.023302023,20.95938081,0.8,0.61329313,SUCCESS,0,1.14E-05,1.040518522,1,9,0,0.00594884,41823041.17,0.000475479,7.37E-06,0.000475479,1,60,16.66666667
dataset_batch_4_geo_018,dataset_batch_4_geo_018_pw_01,1.064374615,0.677711468,710.0292937,0.182160642,0.016884012,26.05710877,0.4,0.293857694,SUCCESS,0,0.000531328,1.082659483,1.040518522,27.00000191,20.25,0.018441404,114948639.4,0.00151882,0.00151882,8.91E-05,2,60,16.66666667
dataset_batch_4_geo_018,dataset_batch_4_geo_018_pw_02,1.064374615,0.677711468,710.0292937,0.182160642,0.016884012,26.05710877,0.5,0.293857694,SUCCESS,0,3.81E-19,1,1,0,0,0,117293394.6,0.001347,0.001347,0.000193956,1,60,16.66666667
dataset_batch_4_geo_018,dataset_batch_4_geo_018_pw_03,1.064374615,0.677711468,710.0292937,0.182160642,0.016884012,26.05710877,0.6,0.293857694,SUCCESS,0,5.41E-19,1,1,0,0,0,111536003.9,0.001180626,0.001180626,0.000315663,1,60,16.66666667
dataset_batch_4_geo_018,dataset_batch_4_geo_018_pw_04,1.064374615,0.677711468,710.0292937,0.182160642,0.016884012,26.05710877,0.7,0.293857694,SUCCESS,0,4.80E-19,1,1,0,0,0,105778613.1,0.001014251,0.001014251,0.000455624,1,60,16.66666667
dataset_batch_4_geo_018,dataset_batch_4_geo_018_pw_05,1.064374615,0.677711468,710.0292937,0.182160642,0.016884012,26.05710877,0.8,0.293857694,SUCCESS,0,3.93E-19,1,1,0,0,0,100021222.4,0.000847877,0.000847877,0.000611481,1,60,16.66666667
dataset_batch_4_geo_019,dataset_batch_4_geo_019_pw_01,1.069696389,0.406681912,408.4399672,0.257821738,0.122099813,17.17701664,0.4,0.142284301,FAILED,1,,,,,,,,,,,0,60,16.66666667
dataset_batch_4_geo_019,dataset_batch_4_geo_019_pw_02,1.069696389,0.406681912,408.4399672,0.257821738,0.122099813,17.17701664,0.5,0.142284301,FAILED,1,,,,,,,,,,,0,60,16.66666667
dataset_batch_4_geo_019,dataset_batch_4_geo_019_pw_03,1.069696389,0.406681912,408.4399672,0.257821738,0.122099813,17.17701664,0.6,0.142284301,FAILED,1,,,,,,,,,,,0,60,16.66666667
dataset_batch_4_geo_019,dataset_batch_4_geo_019_pw_04,1.069696389,0.406681912,408.4399672,0.257821738,0.122099813,17.17701664,0.7,0.142284301,FAILED,1,,,,,,,,,,,0,60,16.66666667
dataset_batch_4_geo_019,dataset_batch_4_geo_019_pw_05,1.069696389,0.406681912,408.4399672,0.257821738,0.122099813,17.17701664,0.8,0.142284301,FAILED,1,,,,,,,,,,,0,60,16.66666667
dataset_batch_4_geo_020,dataset_batch_4_geo_020_pw_01,1.019936718,0.713623568,560.4043635,0.249485204,0.053349301,29.36974632,0.4,0.942144952,SUCCESS,0,7.37E-19,1,1,0,0,0,113471125.1,0.001722134,0.001722134,0,1,60,16.66666667
dataset_batch_4_geo_020,dataset_batch_4_geo_020_pw_02,1.019936718,0.713623568,560.4043635,0.249485204,0.053349301,29.36974632,0.5,0.942144952,SUCCESS,0,6.80E-19,1,1,0,0,0,107714546,0.001499355,0.001499355,3.49E-05,1,60,16.66666667
dataset_batch_4_geo_020,dataset_batch_4_geo_020_pw_03,1.019936718,0.713623568,560.4043635,0.249485204,0.053349301,29.36974632,0.6,0.942144952,SUCCESS,0,5.52E-19,1,1,0,0,0,101957966.8,0.001276576,0.001276576,0.000184702,1,60,16.66666667
dataset_batch_4_geo_020,dataset_batch_4_geo_020_pw_04,1.019936718,0.713623568,560.4043635,0.249485204,0.053349301,29.36974632,0.7,0.942144952,SUCCESS,0,5.36E-19,1,1,0,0,0,96201387.7,0.001053797,0.001053797,0.000346679,1,60,16.66666667
dataset_batch_4_geo_020,dataset_batch_4_geo_020_pw_05,1.019936718,0.713623568,560.4043635,0.249485204,0.053349301,29.36974632,0.8,0.942144952,SUCCESS,0,6.06E-19,1,1,0,0,0,90444808.57,0.000831019,0.000831019,0.000539008,1,60,16.66666667
dataset_batch_4_geo_021,dataset_batch_4_geo_021_pw_01,1.06754098,0.732462822,585.4164637,0.28957647,0.11439544,17.19508537,0.4,0.696903588,SUCCESS,0,0.001911284,1.219479561,1.172071099,40.5,36.00000381,0.04759072,105611263.1,0.00182348,0.00182348,0,2,60,16.66666667
dataset_batch_4_geo_021,dataset_batch_4_geo_021_pw_02,1.06754098,0.732462822,585.4164637,0.28957647,0.11439544,17.19508537,0.5,0.696903588,SUCCESS,0,0.000818476,1.082659483,1.082659483,27.00000191,22.50000191,0.02082094,105996009.3,0.001567909,0.001567909,9.47E-06,2,60,16.66666667
dataset_batch_4_geo_021,dataset_batch_4_geo_021_pw_03,1.06754098,0.732462822,585.4164637,0.28957647,0.11439544,17.19508537,0.6,0.696903588,SUCCESS,0,4.54E-06,1.040518522,1,4.500001431,0,0.00297442,109058165.4,0.001338476,0.001338476,0.00014778,1,60,16.66666667
dataset_batch_4_geo_021,dataset_batch_4_geo_021_pw_04,1.06754098,0.732462822,585.4164637,0.28957647,0.11439544,17.19508537,0.7,0.696903588,SUCCESS,0,5.74E-19,1,1,0,0,0,103353215.5,0.001118383,0.001118383,0.000299358,1,60,16.66666667
dataset_batch_4_geo_021,dataset_batch_4_geo_021_pw_05,1.06754098,0.732462822,585.4164637,0.28957647,0.11439544,17.19508537,0.8,0.696903588,SUCCESS,0,5.85E-19,1,1,0,0,0,97597366.27,0.000898299,0.000898299,0.000476398,1,60,16.66666667
dataset_batch_4_geo_022,dataset_batch_4_geo_022_pw_01,1.042364221,0.737426986,301.4282146,0.201170986,0.023517705,20.32041062,0.4,0.73951588,SUCCESS,0,0.004587986,1.219479561,1.219479561,47.25000381,42.75,0.0594884,100188369.8,0.003392847,0.003392847,0,2,60,16.66666667
dataset_batch_4_geo_022,dataset_batch_4_geo_022_pw_02,1.042364221,0.737426986,301.4282146,0.201170986,0.023517705,20.32041062,0.5,0.73951588,SUCCESS,0,0.001837082,1.126487851,1.082659483,31.49999809,27.00000191,0.027959548,101213059.2,0.002906259,0.002906259,9.72E-05,2,60,16.66666667
dataset_batch_4_geo_022,dataset_batch_4_geo_022_pw_03,1.042364221,0.737426986,301.4282146,0.201170986,0.023517705,20.32041062,0.6,0.73951588,SUCCESS,0,6.94E-05,1.040518522,1,9.000002861,0,0.00594884,104032633.7,0.002485709,0.002485709,0.000342707,1,60,16.66666667
dataset_batch_4_geo_022,dataset_batch_4_geo_022_pw_04,1.042364221,0.737426986,301.4282146,0.201170986,0.023517705,20.32041062,0.7,0.73951588,SUCCESS,0,1.13E-18,1,1,0,0,0,98765029.01,0.002087326,0.002087326,0.000634513,1,60,16.66666667
dataset_batch_4_geo_022,dataset_batch_4_geo_022_pw_05,1.042364221,0.737426986,301.4282146,0.201170986,0.023517705,20.32041062,0.8,0.73951588,SUCCESS,0,9.66E-19,1,1,0,0,0,93007830.39,0.00168913,0.00168913,0.000981229,1,60,16.66666667
dataset_batch_4_geo_023,dataset_batch_4_geo_023_pw_01,0.72986642,0.711093667,598.5424396,0.198411462,0.037606243,16.73649628,0.4,0.325707577,SUCCESS,0,4.55E-05,1.040518522,1,51.74999619,0,0.027959548,63034247.42,0.000683518,0.000683518,0,1,60,16.66666667
dataset_batch_4_geo_023,dataset_batch_4_geo_023_pw_02,0.72986642,0.711093667,598.5424396,0.198411462,0.037606243,16.73649628,0.5,0.325707577,SUCCESS,0,3.51E-19,1,1,0,0,0,58042489.52,0.000482505,0.000482505,0,1,60,16.66666667
dataset_batch_4_geo_023,dataset_batch_4_geo_023_pw_03,0.72986642,0.711093667,598.5424396,0.198411462,0.037606243,16.73649628,0.6,0.325707577,SUCCESS,0,3.61E-19,1,1,0,0,0,52285261.52,0.000282431,0.000282431,0,1,60,16.66666667
dataset_batch_4_geo_023,dataset_batch_4_geo_023_pw_04,0.72986642,0.711093667,598.5424396,0.198411462,0.037606243,16.73649628,0.7,0.325707577,SUCCESS,0,3.63E-19,1,1,0,0,0,46528033.51,8.24E-05,8.24E-05,7.19E-06,1,60,16.66666667
dataset_batch_4_geo_023,dataset_batch_4_geo_023_pw_05,0.72986642,0.711093667,598.5424396,0.198411462,0.037606243,16.73649628,0.8,0.325707577,SUCCESS,0,3.28E-19,1,1,0,0,0,43395997.65,0.000200481,7.23E-05,0.000200481,1,60,16.66666667
dataset_batch_4_geo_024,dataset_batch_4_geo_024_pw_01,1.109102945,0.473141058,981.5536946,0.284155065,0.148271766,17.47220811,0.4,0.132930268,FAILED,1,,,,,,,,,,,0,60,16.66666667
dataset_batch_4_geo_024,dataset_batch_4_geo_024_pw_02,1.109102945,0.473141058,981.5536946,0.284155065,0.148271766,17.47220811,0.5,0.132930268,FAILED,1,,,,,,,,,,,0,60,16.66666667
dataset_batch_4_geo_024,dataset_batch_4_geo_024_pw_03,1.109102945,0.473141058,981.5536946,0.284155065,0.148271766,17.47220811,0.6,0.132930268,FAILED,1,,,,,,,,,,,0,60,16.66666667
dataset_batch_4_geo_024,dataset_batch_4_geo_024_pw_04,1.109102945,0.473141058,981.5536946,0.284155065,0.148271766,17.47220811,0.7,0.132930268,FAILED,1,,,,,,,,,,,0,60,16.66666667
dataset_batch_4_geo_024,dataset_batch_4_geo_024_pw_05,1.109102945,0.473141058,981.5536946,0.284155065,0.148271766,17.47220811,0.8,0.132930268,FAILED,1,,,,,,,,,,,0,60,16.66666667
dataset_batch_4_geo_025,dataset_batch_4_geo_025_pw_01,1.058286605,0.773225439,502.7195376,0.15057774,0.115934099,17.47376833,0.4,0.094340554,SUCCESS,0,0.001604508,1.172071099,1.172071099,40.5,36.00000381,0.04759072,102778693.4,0.002013586,0.002013586,0,2,60,16.66666667
dataset_batch_4_geo_025,dataset_batch_4_geo_025_pw_02,1.058286605,0.773225439,502.7195376,0.15057774,0.115934099,17.47376833,0.5,0.094340554,SUCCESS,0,0.000610678,1.082659483,1.082659483,27.00000191,20.25,0.020226056,103619879.3,0.001740172,0.001740172,1.59E-05,2,60,16.66666667
dataset_batch_4_geo_025,dataset_batch_4_geo_025_pw_03,1.058286605,0.773225439,502.7195376,0.15057774,0.115934099,17.47376833,0.6,0.094340554,SUCCESS,0,8.05E-19,1,1,0,0,0,105319103.4,0.001502804,0.001502804,0.000159294,1,60,16.66666667
dataset_batch_4_geo_025,dataset_batch_4_geo_025_pw_04,1.058286605,0.773225439,502.7195376,0.15057774,0.115934099,17.47376833,0.7,0.094340554,SUCCESS,0,6.79E-19,1,1,0,0,0,99561439.69,0.001274091,0.001274091,0.000323603,1,60,16.66666667
dataset_batch_4_geo_025,dataset_batch_4_geo_025_pw_05,1.058286605,0.773225439,502.7195376,0.15057774,0.115934099,17.47376833,0.8,0.094340554,SUCCESS,0,7.04E-19,1,1,0,0,0,93803775.94,0.001045378,0.001045378,0.000520697,1,60,16.66666667
dataset_batch_4_geo_026,dataset_batch_4_geo_026_pw_01,1.025973904,0.786410676,498.1246906,0.178817985,0.063318571,29.28058388,0.4,0.337045379,SUCCESS,0,6.32E-19,1,1,0,0,0,110570584.4,0.001843415,0.001843415,0,1,60,16.66666667
dataset_batch_4_geo_026,dataset_batch_4_geo_026_pw_02,1.025973904,0.786410676,498.1246906,0.178817985,0.063318571,29.28058388,0.5,0.337045379,SUCCESS,0,6.21E-19,1,1,0,0,0,104813162.2,0.001606934,0.001606934,0,1,60,16.66666667
dataset_batch_4_geo_026,dataset_batch_4_geo_026_pw_03,1.025973904,0.786410676,498.1246906,0.178817985,0.063318571,29.28058388,0.6,0.337045379,SUCCESS,0,8.22E-19,1,1,0,0,0,99055739.99,0.001370452,0.001370452,5.20E-05,1,60,16.66666667
dataset_batch_4_geo_026,dataset_batch_4_geo_026_pw_04,1.025973904,0.786410676,498.1246906,0.178817985,0.063318571,29.28058388,0.7,0.337045379,SUCCESS,0,7.81E-19,1,1,0,0,0,93298317.81,0.001133971,0.001133971,0.000212436,1,60,16.66666667
dataset_batch_4_geo_026,dataset_batch_4_geo_026_pw_05,1.025973904,0.786410676,498.1246906,0.178817985,0.063318571,29.28058388,0.8,0.337045379,SUCCESS,0,6.00E-19,1,1,0,0,0,87540895.62,0.00089749,0.00089749,0.000404136,1,60,16.66666667
dataset_batch_4_geo_027,dataset_batch_4_geo_027_pw_01,1.081946603,0.549548259,998.0946081,0.237534961,0.140507251,17.72132458,0.4,0.85033244,SUCCESS,0,0.001471687,1.172071099,1.172071099,90,29.25000381,0.04164188,114410426.9,0.001215893,0.001215893,0.000254647,2,60,16.66666667
dataset_batch_4_geo_027,dataset_batch_4_geo_027_pw_02,1.081946603,0.549548259,998.0946081,0.237534961,0.140507251,17.72132458,0.5,0.85033244,SUCCESS,0,0.000685327,1.126487851,1.082659483,90,20.25,0.024390244,115707715.6,0.001073283,0.001073283,0.000331921,2,60,16.66666667
dataset_batch_4_geo_027,dataset_batch_4_geo_027_pw_03,1.081946603,0.549548259,998.0946081,0.237534961,0.140507251,17.72132458,0.6,0.85033244,SUCCESS,0,0.00032329,1.082659483,1.040518522,90,13.50000477,0.021415824,114072163.6,0.000945796,0.000945796,0.000428819,2,60,16.66666667
dataset_batch_4_geo_027,dataset_batch_4_geo_027_pw_04,1.081946603,0.549548259,998.0946081,0.237534961,0.140507251,17.72132458,0.7,0.85033244,SUCCESS,0,0.000277094,1.126487851,1.040518522,90,90,0.026174896,109112888.9,0.000824533,0.000824533,0.000541952,2,60,16.66666667
dataset_batch_4_geo_027,dataset_batch_4_geo_027_pw_05,1.081946603,0.549548259,998.0946081,0.237534961,0.140507251,17.72132458,0.8,0.85033244,SUCCESS,0,0.000436496,1.219479561,1.126487851,90,90,0.03569304,103949872.2,0.000702293,0.000702293,0.000666311,2,60,16.66666667
dataset_batch_4_geo_028,dataset_batch_4_geo_028_pw_01,0.992177268,0.426639554,148.8820882,0.327490108,0.083317163,29.19368898,0.4,0.923801253,SUCCESS,0,0.000616325,1.082659483,1.040518522,13.5,8.999999046,0.010707912,124236498.2,0.007027706,0.007027706,0.001954046,2,60,16.66666667
dataset_batch_4_geo_028,dataset_batch_4_geo_028_pw_02,0.992177268,0.426639554,148.8820882,0.327490108,0.083317163,29.19368898,0.5,0.923801253,SUCCESS,0,0.001357719,1.126487851,1.082659483,13.5,11.25,0.013087448,118487093.3,0.006165838,0.006165838,0.002646449,2,60,16.66666667
dataset_batch_4_geo_028,dataset_batch_4_geo_028_pw_03,0.992177268,0.426639554,148.8820882,0.327490108,0.083317163,29.19368898,0.6,0.923801253,SUCCESS,0,0.002502945,1.219479561,1.172071099,18,13.5,0.02082094,112753984.7,0.005325637,0.005325637,0.003424578,2,60,16.66666667
dataset_batch_4_geo_028,dataset_batch_4_geo_028_pw_04,0.992177268,0.426639554,148.8820882,0.327490108,0.083317163,29.19368898,0.7,0.923801253,SUCCESS,0,0.003938193,1.268786311,1.268786311,20.24999809,15.75,0.029149316,107052224,0.004490215,0.004490215,0.004287643,2,60,16.66666667
dataset_batch_4_geo_028,dataset_batch_4_geo_028_pw_05,0.992177268,0.426639554,148.8820882,0.327490108,0.083317163,29.19368898,0.8,0.923801253,SUCCESS,0,0.00564812,1.373401761,1.320067286,22.5,18,0.037477692,101403027.8,0.005244156,0.00371571,0.005244156,3,60,16.66666667
dataset_batch_4_geo_029,dataset_batch_4_geo_029_pw_01,1.115117688,0.636147814,278.2831212,0.244641908,0.016646995,20.97039139,0.4,0.052097826,FAILED,1,,,,,,,,,,,0,60,16.66666667
dataset_batch_4_geo_029,dataset_batch_4_geo_029_pw_02,1.115117688,0.636147814,278.2831212,0.244641908,0.016646995,20.97039139,0.5,0.052097826,FAILED,1,,,,,,,,,,,0,60,16.66666667
dataset_batch_4_geo_029,dataset_batch_4_geo_029_pw_03,1.115117688,0.636147814,278.2831212,0.244641908,0.016646995,20.97039139,0.6,0.052097826,SUCCESS,0,0.001385024,1.082659483,1.082659483,90,90,0.024390244,113162608.1,0.00341034,0.00341034,0.001078887,2,60,16.66666667
dataset_batch_4_geo_029,dataset_batch_4_geo_029_pw_04,1.115117688,0.636147814,278.2831212,0.244641908,0.016646995,20.97039139,0.7,0.052097826,SUCCESS,0,0.000639355,1.082659483,1.040518522,90,90,0.022010708,110529810.3,0.002951128,0.002951128,0.001438323,2,60,16.66666667
dataset_batch_4_geo_029,dataset_batch_4_geo_029_pw_05,1.115117688,0.636147814,278.2831212,0.244641908,0.016646995,20.97039139,0.8,0.052097826,SUCCESS,0,0.001698849,1.219479561,1.172071099,90,90,0.03569304,105154725.6,0.002528657,0.002528657,0.001874347,2,60,16.66666667
dataset_batch_4_geo_030,dataset_batch_4_geo_030_pw_01,1.123611335,0.521630458,598.6479073,0.17954446,0.080221639,22.58695967,0.4,0.305452703,SUCCESS,0,0.001737151,1.172071099,1.126487851,90,90,0.046995836,123588700.3,0.002221847,0.002221847,0.000628541,2,60,16.66666667
dataset_batch_4_geo_030,dataset_batch_4_geo_030_pw_02,1.123611335,0.521630458,598.6479073,0.17954446,0.080221639,22.58695967,0.5,0.305452703,SUCCESS,0,0.000748354,1.126487851,1.082659483,90,90,0.030933968,124672524.5,0.001998842,0.001998842,0.000764899,2,60,16.66666667
dataset_batch_4_geo_030,dataset_batch_4_geo_030_pw_03,1.123611335,0.521630458,598.6479073,0.17954446,0.080221639,22.58695967,0.6,0.305452703,SUCCESS,0,0.000484029,1.172071099,1.082659483,90,90,0.032123736,121791633.9,0.001801562,0.001801562,0.00093791,2,60,16.66666667
dataset_batch_4_geo_030,dataset_batch_4_geo_030_pw_04,1.123611335,0.521630458,598.6479073,0.17954446,0.080221639,22.58695967,0.7,0.305452703,SUCCESS,0,0.000820502,1.268786311,1.172071099,90,90,0.039262344,116729581.4,0.001601254,0.001601254,0.001133831,2,60,16.66666667
dataset_batch_4_geo_030,dataset_batch_4_geo_030_pw_05,1.123611335,0.521630458,598.6479073,0.17954446,0.080221639,22.58695967,0.8,0.305452703,SUCCESS,0,0.001308912,1.320067286,1.268786311,90,90,0.046995836,111657892.5,0.001398149,0.001398149,0.001343327,2,60,16.66666667
dataset_batch_4_geo_031,dataset_batch_4_geo_031_pw_01,1.024600388,0.702860788,432.3492439,0.232348468,0.101052209,17.0346543,0.4,0.60166904,SUCCESS,0,0.002462007,1.219479561,1.172071099,40.5,36.00000381,0.048185604,100161286.3,0.002331272,0.002331272,0,2,60,16.66666667
dataset_batch_4_geo_031,dataset_batch_4_geo_031_pw_02,1.024600388,0.702860788,432.3492439,0.232348468,0.101052209,17.0346543,0.5,0.60166904,SUCCESS,0,0.000985244,1.082659483,1.082659483,27.00000191,22.50000191,0.02082094,100966414.6,0.001994702,0.001994702,0.00012177,2,60,16.66666667
dataset_batch_4_geo_031,dataset_batch_4_geo_031_pw_03,1.024600388,0.702860788,432.3492439,0.232348468,0.101052209,17.0346543,0.6,0.60166904,SUCCESS,0,7.11E-19,1,1,0,0,0,103342479.4,0.001698645,0.001698645,0.000300916,1,60,16.66666667
dataset_batch_4_geo_031,dataset_batch_4_geo_031_pw_04,1.024600388,0.702860788,432.3492439,0.232348468,0.101052209,17.0346543,0.7,0.60166904,SUCCESS,0,9.25E-19,1,1,0,0,0,97585654.97,0.001413834,0.001413834,0.000517585,1,60,16.66666667
dataset_batch_4_geo_031,dataset_batch_4_geo_031_pw_05,1.024600388,0.702860788,432.3492439,0.232348468,0.101052209,17.0346543,0.8,0.60166904,SUCCESS,0,7.47E-19,1,1,0,0,0,91828830.53,0.001129024,0.001129024,0.000769785,1,60,16.66666667
dataset_batch_4_geo_032,dataset_batch_4_geo_032_pw_01,1.136579705,0.705523471,180.2230014,0.235754048,0.094701865,20.04787941,0.4,0.682159337,SUCCESS,0,0.006843242,1.172071099,1.172071099,38.25000381,36.00000381,0.044021416,116209202.5,0.006746212,0.006746212,0.000296298,2,60,16.66666667
dataset_batch_4_geo_032,dataset_batch_4_geo_032_pw_02,1.136579705,0.705523471,180.2230014,0.235754048,0.094701865,20.04787941,0.5,0.682159337,SUCCESS,0,0.003077314,1.126487851,1.082659483,27.00000191,24.75000191,0.022605592,117507706.9,0.00595338,0.00595338,0.000681453,2,60,16.66666667
dataset_batch_4_geo_032,dataset_batch_4_geo_032_pw_03,1.136579705,0.705523471,180.2230014,0.235754048,0.094701865,20.04787941,0.6,0.682159337,SUCCESS,0,0.000422133,1.040518522,1.040518522,13.50000477,9.000002861,0.007733492,120360703.2,0.005234943,0.005234943,0.001115354,2,60,16.66666667
dataset_batch_4_geo_032,dataset_batch_4_geo_032_pw_04,1.136579705,0.705523471,180.2230014,0.235754048,0.094701865,20.04787941,0.7,0.682159337,SUCCESS,0,2.17E-18,1,1,0,0,0,116670485.8,0.004548173,0.004548173,0.001642161,1,60,16.66666667
dataset_batch_4_geo_032,dataset_batch_4_geo_032_pw_05,1.136579705,0.705523471,180.2230014,0.235754048,0.094701865,20.04787941,0.8,0.682159337,SUCCESS,0,2.61E-18,1,1,0,0,0,110913707.5,0.003863037,0.003863037,0.002236233,1,60,16.66666667
dataset_batch_4_geo_033,dataset_batch_4_geo_033_pw_01,1.093668879,0.655948008,105.8012969,0.16838418,0.089099731,21.49887944,0.4,0.551785839,SUCCESS,0,0.007605793,1.126487851,1.126487851,33.75,31.49999809,0.030933968,115132041.4,0.010976349,0.010976349,0.001265746,2,60,16.66666667
dataset_batch_4_geo_033,dataset_batch_4_geo_033_pw_02,1.093668879,0.655948008,105.8012969,0.16838418,0.089099731,21.49887944,0.5,0.551785839,SUCCESS,0,0.002371919,1.082659483,1.040518522,20.25,18,0.014277216,116731556.2,0.009765568,0.009765568,0.001928342,2,60,16.66666667
dataset_batch_4_geo_033,dataset_batch_4_geo_033_pw_03,1.093668879,0.655948008,105.8012969,0.16838418,0.089099731,21.49887944,0.6,0.551785839,SUCCESS,0,2.80E-18,1,1,0,0,0,117745186.7,0.008644473,0.008644473,0.002763432,1,60,16.66666667
dataset_batch_4_geo_033,dataset_batch_4_geo_033_pw_04,1.093668879,0.655948008,105.8012969,0.16838418,0.089099731,21.49887944,0.7,0.551785839,SUCCESS,0,2.87E-18,1,1,0,0,0,111987670.5,0.007540934,0.007540934,0.00372911,1,60,16.66666667
dataset_batch_4_geo_033,dataset_batch_4_geo_033_pw_05,1.093668879,0.655948008,105.8012969,0.16838418,0.089099731,21.49887944,0.8,0.551785839,SUCCESS,0,0.000223048,1.040518522,1.040518522,9,4.499999523,0.00594884,106230359.7,0.006442046,0.006442046,0.004787646,2,60,16.66666667
dataset_batch_4_geo_034,dataset_batch_4_geo_034_pw_01,0.860496203,0.734764667,268.12861,0.203704907,0.025952569,20.37922006,0.4,0.181183766,SUCCESS,0,0.000572977,1.040518522,1.040518522,31.49999809,24.75000191,0.01784652,81024304.82,0.002405936,0.002405936,0,2,60,16.66666667
dataset_batch_4_geo_034,dataset_batch_4_geo_034_pw_02,0.860496203,0.734764667,268.12861,0.203704907,0.025952569,20.37922006,0.5,0.181183766,SUCCESS,0,9.63E-19,1,1,0,0,0,79192632.14,0.001950625,0.001950625,0,1,60,16.66666667
dataset_batch_4_geo_034,dataset_batch_4_geo_034_pw_03,0.860496203,0.734764667,268.12861,0.203704907,0.025952569,20.37922006,0.6,0.181183766,SUCCESS,0,9.47E-19,1,1,0,0,0,73435461,0.001502032,0.001502032,0,1,60,16.66666667
dataset_batch_4_geo_034,dataset_batch_4_geo_034_pw_04,0.860496203,0.734764667,268.12861,0.203704907,0.025952569,20.37922006,0.7,0.181183766,SUCCESS,0,8.31E-19,1,1,0,0,0,67678289.86,0.001053439,0.001053439,0.000225661,1,60,16.66666667
dataset_batch_4_geo_034,dataset_batch_4_geo_034_pw_05,0.860496203,0.734764667,268.12861,0.203704907,0.025952569,20.37922006,0.8,0.181183766,SUCCESS,0,9.00E-19,1,1,0,0,0,61921118.72,0.000626106,0.000604847,0.000626106,1,60,16.66666667
dataset_batch_4_geo_035,dataset_batch_4_geo_035_pw_01,1.098724906,0.766237096,627.3312793,0.287126723,0.025856269,24.94888125,0.4,0.381670116,SUCCESS,0,0.000712972,1.082659483,1.082659483,31.49999809,27.00000191,0.02379536,115297129.9,0.001730855,0.001730855,0,2,60,16.66666667
dataset_batch_4_geo_035,dataset_batch_4_geo_035_pw_02,1.098724906,0.766237096,627.3312793,0.287126723,0.025856269,24.94888125,0.5,0.381670116,SUCCESS,0,5.98E-19,1,1,0,0,0,118390874.7,0.001516695,0.001516695,0,1,60,16.66666667
dataset_batch_4_geo_035,dataset_batch_4_geo_035_pw_03,1.098724906,0.766237096,627.3312793,0.287126723,0.025856269,24.94888125,0.6,0.381670116,SUCCESS,0,5.19E-19,1,1,0,0,0,112634973,0.001311705,0.001311705,9.08E-05,1,60,16.66666667
dataset_batch_4_geo_035,dataset_batch_4_geo_035_pw_04,1.098724906,0.766237096,627.3312793,0.287126723,0.025856269,24.94888125,0.7,0.381670116,SUCCESS,0,5.21E-19,1,1,0,0,0,106879071.2,0.001106715,0.001106715,0.000229069,1,60,16.66666667
dataset_batch_4_geo_035,dataset_batch_4_geo_035_pw_05,1.098724906,0.766237096,627.3312793,0.287126723,0.025856269,24.94888125,0.8,0.381670116,SUCCESS,0,7.51E-19,1,1,0,0,0,101123169.5,0.000901724,0.000901724,0.000385515,1,60,16.66666667
dataset_batch_4_geo_036,dataset_batch_4_geo_036_pw_01,1.151463386,0.484836665,195.4419072,0.197936737,0.017734137,24.9782555,0.4,0.311843355,SUCCESS,0,0.006883312,1.268786311,1.219479442,90,90,0.069601428,126815796.2,0.007267674,0.007267674,0.002349431,2,60,16.66666667
dataset_batch_4_geo_036,dataset_batch_4_geo_036_pw_02,1.151463386,0.484836665,195.4419072,0.197936737,0.017734137,24.9782555,0.5,0.311843355,SUCCESS,0,0.003516614,1.268786311,1.219479561,90,90,0.055324212,128399699.9,0.006550001,0.006550001,0.002770972,2,60,16.66666667
dataset_batch_4_geo_036,dataset_batch_4_geo_036_pw_03,1.151463386,0.484836665,195.4419072,0.197936737,0.017734137,24.9782555,0.6,0.311843355,SUCCESS,0,0.003549547,1.320067286,1.320067286,90,90,0.058298632,123818693.3,0.005914916,0.005914916,0.003353285,2,60,16.66666667
dataset_batch_4_geo_036,dataset_batch_4_geo_036_pw_04,1.151463386,0.484836665,195.4419072,0.197936737,0.017734137,24.9782555,0.7,0.311843355,SUCCESS,0,0.005215941,1.428871632,1.373401761,90,90,0.066627008,119084752.1,0.005231749,0.005231749,0.004004935,2,60,16.66666667
dataset_batch_4_geo_036,dataset_batch_4_geo_036_pw_05,1.151463386,0.484836665,195.4419072,0.197936737,0.017734137,24.9782555,0.8,0.311843355,SUCCESS,0,0.00686772,1.546563625,1.546563506,90,90,0.074955384,114512809,0.004704284,0.004671539,0.004704284,3,60,16.66666667
dataset_batch_4_geo_037,dataset_batch_4_geo_037_pw_01,1.12595946,0.407119154,788.7799564,0.349154575,0.13428257,23.8811323,0.4,0.028110507,FAILED,1,,,,,,,,,,,0,60,16.66666667
dataset_batch_4_geo_037,dataset_batch_4_geo_037_pw_02,1.12595946,0.407119154,788.7799564,0.349154575,0.13428257,23.8811323,0.5,0.028110507,FAILED,1,,,,,,,,,,,0,60,16.66666667
dataset_batch_4_geo_037,dataset_batch_4_geo_037_pw_03,1.12595946,0.407119154,788.7799564,0.349154575,0.13428257,23.8811323,0.6,0.028110507,FAILED,1,,,,,,,,,,,0,60,16.66666667
dataset_batch_4_geo_037,dataset_batch_4_geo_037_pw_04,1.12595946,0.407119154,788.7799564,0.349154575,0.13428257,23.8811323,0.7,0.028110507,FAILED,1,,,,,,,,,,,0,60,16.66666667
dataset_batch_4_geo_037,dataset_batch_4_geo_037_pw_05,1.12595946,0.407119154,788.7799564,0.349154575,0.13428257,23.8811323,0.8,0.028110507,FAILED,1,,,,,,,,,,,0,60,16.66666667
dataset_batch_4_geo_038,dataset_batch_4_geo_038_pw_01,1.068338002,0.687169671,141.6345093,0.332410309,0.012148023,27.54233138,0.4,0.030680736,SUCCESS,0,0.00046604,1.040518522,1.040518522,18,11.25000381,0.010113028,121417783.4,0.007485146,0.007485146,0,2,60,16.66666667
dataset_batch_4_geo_038,dataset_batch_4_geo_038_pw_02,1.068338002,0.687169671,141.6345093,0.332410309,0.012148023,27.54233138,0.5,0.030680736,SUCCESS,0,2.46E-18,1,1,0,0,0,117447219.5,0.006537567,0.006537567,0.000280731,1,60,16.66666667
dataset_batch_4_geo_038,dataset_batch_4_geo_038_pw_03,1.068338002,0.687169671,141.6345093,0.332410309,0.012148023,27.54233138,0.6,0.030680736,SUCCESS,0,2.26E-18,1,1,0,0,0,111692535.7,0.005597812,0.005597812,0.000912821,1,60,16.66666667
dataset_batch_4_geo_038,dataset_batch_4_geo_038_pw_04,1.068338002,0.687169671,141.6345093,0.332410309,0.012148023,27.54233138,0.7,0.030680736,SUCCESS,0,2.31E-18,1,1,0,0,0,105937851.9,0.004658058,0.004658058,0.001575417,1,60,16.66666667
dataset_batch_4_geo_038,dataset_batch_4_geo_038_pw_05,1.068338002,0.687169671,141.6345093,0.332410309,0.012148023,27.54233138,0.8,0.030680736,SUCCESS,0,2.71E-18,1,1,0,0,0,100183168.1,0.003718303,0.003718303,0.00234096,1,60,16.66666667
dataset_batch_4_geo_039,dataset_batch_4_geo_039_pw_01,0.886206356,0.458931345,606.5156717,0.187047738,0.034282939,17.07936602,0.4,0.143665541,FAILED,1,,,,,,,,,,,0,60,16.66666667
dataset_batch_4_geo_039,dataset_batch_4_geo_039_pw_02,0.886206356,0.458931345,606.5156717,0.187047738,0.034282939,17.07936602,0.5,0.143665541,FAILED,1,,,,,,,,,,,0,60,16.66666667
dataset_batch_4_geo_039,dataset_batch_4_geo_039_pw_03,0.886206356,0.458931345,606.5156717,0.187047738,0.034282939,17.07936602,0.6,0.143665541,FAILED,1,,,,,,,,,,,0,60,16.66666667
dataset_batch_4_geo_039,dataset_batch_4_geo_039_pw_04,0.886206356,0.458931345,606.5156717,0.187047738,0.034282939,17.07936602,0.7,0.143665541,FAILED,1,,,,,,,,,,,0,60,16.66666667
dataset_batch_4_geo_039,dataset_batch_4_geo_039_pw_05,0.886206356,0.458931345,606.5156717,0.187047738,0.034282939,17.07936602,0.8,0.143665541,FAILED,1,,,,,,,,,,,0,60,16.66666667
dataset_batch_4_geo_040,dataset_batch_4_geo_040_pw_01,0.908037849,0.444750028,397.3089172,0.191307842,0.107636941,24.34343907,0.4,0.446787028,SUCCESS,0,0.000118308,1.082659483,1,11.25,2.249999762,0.00892326,108819417.3,0.002380671,0.002380671,0.000778332,2,60,16.66666667
dataset_batch_4_geo_040,dataset_batch_4_geo_040_pw_02,0.908037849,0.444750028,397.3089172,0.191307842,0.107636941,24.34343907,0.5,0.446787028,SUCCESS,0,0.000240704,1.082659483,1.040518522,13.5,6.75,0.011302796,103063823.5,0.002085119,0.002085119,0.001039028,2,60,16.66666667
dataset_batch_4_geo_040,dataset_batch_4_geo_040_pw_03,0.908037849,0.444750028,397.3089172,0.191307842,0.107636941,24.34343907,0.6,0.446787028,SUCCESS,0,0.00054883,1.172071099,1.082659483,18,13.5,0.019631172,97318147.37,0.001794198,0.001794198,0.001329175,2,60,16.66666667
dataset_batch_4_geo_040,dataset_batch_4_geo_040_pw_04,0.908037849,0.444750028,397.3089172,0.191307842,0.107636941,24.34343907,0.7,0.446787028,SUCCESS,0,0.001031639,1.268786311,1.172071099,20.24999809,15.75,0.028554432,91597865.09,0.001644962,0.001500668,0.001644962,3,60,16.66666667
dataset_batch_4_geo_040,dataset_batch_4_geo_040_pw_05,0.908037849,0.444750028,397.3089172,0.191307842,0.107636941,24.34343907,0.8,0.446787028,SUCCESS,0,0.001623988,1.373401761,1.268786311,22.5,18,0.040452112,85913418.02,0.001975369,0.001232818,0.001975369,3,60,16.66666667
dataset_batch_4_geo_041,dataset_batch_4_geo_041_pw_01,0.623042723,0.552053438,869.9447157,0.304972793,0.023428307,16.49366968,0.4,0.33253756,SUCCESS,0,8.07E-05,1.082659483,1,90,0,0.06543724,52396082.51,0.000378016,0.000378016,0,1,60,16.66666667
dataset_batch_4_geo_041,dataset_batch_4_geo_041_pw_02,0.623042723,0.552053438,869.9447157,0.304972793,0.023428307,16.49366968,0.5,0.33253756,SUCCESS,0,2.12E-19,1,1,0,0,0,48308555.98,0.00022577,0.00022577,0,1,60,16.66666667
dataset_batch_4_geo_041,dataset_batch_4_geo_041_pw_03,0.623042723,0.552053438,869.9447157,0.304972793,0.023428307,16.49366968,0.6,0.33253756,SUCCESS,0,2.26E-19,1,1,0,0,0,42553066.75,0.000113228,7.74E-05,0.000113228,1,60,16.66666667
dataset_batch_4_geo_041,dataset_batch_4_geo_041_pw_04,0.623042723,0.552053438,869.9447157,0.304972793,0.023428307,16.49366968,0.7,0.33253756,SUCCESS,0,6.13E-05,1.219479561,1,29.25,0,0.036882808,36809163.5,0.000265037,2.85E-05,0.000265037,1,60,16.66666667
dataset_batch_4_geo_041,dataset_batch_4_geo_041_pw_05,0.623042723,0.552053438,869.9447157,0.304972793,0.023428307,16.49366968,0.8,0.33253756,SUCCESS,0,0.000202074,1.48656261,1.126487851,47.25,24.75,0.104699584,36454101.49,0.000430745,0.000124031,0.000430745,3,60,16.66666667
dataset_batch_4_geo_042,dataset_batch_4_geo_042_pw_01,0.915500007,0.446096937,359.3042902,0.203689948,0.116207444,20.16723972,0.4,0.943298561,SUCCESS,0,0.000882336,1.126487851,1.040518522,90,90,0.025580012,103827560.2,0.002670744,0.002670744,0.00085791,2,60,16.66666667
dataset_batch_4_geo_042,dataset_batch_4_geo_042_pw_02,0.915500007,0.446096937,359.3042902,0.203689948,0.116207444,20.16723972,0.5,0.943298561,SUCCESS,0,0.000448998,1.126487851,1.082659483,90,11.25,0.02082094,104197769.1,0.002341058,0.002341058,0.001139227,2,60,16.66666667
dataset_batch_4_geo_042,dataset_batch_4_geo_042_pw_03,0.915500007,0.446096937,359.3042902,0.203689948,0.116207444,20.16723972,0.6,0.943298561,SUCCESS,0,0.000841012,1.219479561,1.172071099,90,15.74999905,0.029149316,98494578.88,0.002026112,0.002026112,0.001465124,2,60,16.66666667
dataset_batch_4_geo_042,dataset_batch_4_geo_042_pw_04,0.915500007,0.446096937,359.3042902,0.203689948,0.116207444,20.16723972,0.7,0.943298561,SUCCESS,0,0.001386049,1.320067286,1.268786311,90,18,0.040452112,92822215.22,0.0018256,0.001710864,0.0018256,3,60,16.66666667
dataset_batch_4_geo_042,dataset_batch_4_geo_042_pw_05,0.915500007,0.446096937,359.3042902,0.203689948,0.116207444,20.16723972,0.8,0.943298561,SUCCESS,0,0.002126059,1.428871632,1.373401761,90,20.24999809,0.054134444,87224308.84,0.002209706,0.001406592,0.002209706,3,60,16.66666667
dataset_batch_4_geo_043,dataset_batch_4_geo_043_pw_01,1.03740722,0.468900948,799.8762915,0.345586544,0.091698392,19.40362888,0.4,0.27931548,SUCCESS,0,0.001396859,1.172071099,1.172071099,90,90,0.051754908,110826354.6,0.001412508,0.001412508,0.000340843,2,60,16.66666667
dataset_batch_4_geo_043,dataset_batch_4_geo_043_pw_02,1.03740722,0.468900948,799.8762915,0.345586544,0.091698392,19.40362888,0.5,0.27931548,SUCCESS,0,0.000819513,1.126487851,1.082659483,90,90,0.03866746,111185162.3,0.001208284,0.001208284,0.00043159,2,60,16.66666667
dataset_batch_4_geo_043,dataset_batch_4_geo_043_pw_03,1.03740722,0.468900948,799.8762915,0.345586544,0.091698392,19.40362888,0.6,0.27931548,SUCCESS,0,0.000734665,1.219479561,1.126487851,90,90,0.046995836,106832733.4,0.001033706,0.001033706,0.000570718,2,60,16.66666667
dataset_batch_4_geo_043,dataset_batch_4_geo_043_pw_04,1.03740722,0.468900948,799.8762915,0.345586544,0.091698392,19.40362888,0.7,0.27931548,SUCCESS,0,0.000835461,1.373401761,1.268786311,90,90,0.057703748,102444605.2,0.000875752,0.000875752,0.000731279,2,60,16.66666667
dataset_batch_4_geo_043,dataset_batch_4_geo_043_pw_05,1.03740722,0.468900948,799.8762915,0.345586544,0.091698392,19.40362888,0.8,0.27931548,SUCCESS,0,0.001287693,1.48656261,1.373401761,90,90,0.0743605,97647128.12,0.000910836,0.000744127,0.000910836,3,60,16.66666667
dataset_batch_4_geo_044,dataset_batch_4_geo_044_pw_01,1.188590701,0.71623748,144.493928,0.173810653,0.087106665,24.54846146,0.4,0.289124434,SUCCESS,0,0.00402048,1.126487851,1.082659483,29.25000381,27.00000191,0.024985128,129535999.9,0.008963407,0.008963407,0.000733625,2,60,16.66666667
dataset_batch_4_geo_044,dataset_batch_4_geo_044_pw_02,1.188590701,0.71623748,144.493928,0.173810653,0.087106665,24.54846146,0.5,0.289124434,SUCCESS,0,0.001000612,1.040518522,1.040518522,18,13.50000477,0.010113028,131400433.7,0.008093136,0.008093136,0.001215239,2,60,16.66666667
dataset_batch_4_geo_044,dataset_batch_4_geo_044_pw_03,1.188590701,0.71623748,144.493928,0.173810653,0.087106665,24.54846146,0.6,0.289124434,SUCCESS,0,3.28E-18,1,1,0,0,0,130780829.4,0.007274067,0.007274067,0.001795625,1,60,16.66666667
dataset_batch_4_geo_044,dataset_batch_4_geo_044_pw_04,1.188590701,0.71623748,144.493928,0.173810653,0.087106665,24.54846146,0.7,0.289124434,SUCCESS,0,2.43E-18,1,1,0,0,0,125023361.3,0.006462285,0.006462285,0.002461918,1,60,16.66666667
dataset_batch_4_geo_044,dataset_batch_4_geo_044_pw_05,1.188590701,0.71623748,144.493928,0.173810653,0.087106665,24.54846146,0.8,0.289124434,SUCCESS,0,2.66E-18,1,1,0,0,0,119265893.3,0.005650504,0.005650504,0.003193463,1,60,16.66666667
dataset_batch_4_geo_045,dataset_batch_4_geo_045_pw_01,0.675931287,0.549474682,310.7136142,0.22872572,0.012398801,17.15663304,0.4,0.42163812,SUCCESS,0,0.000717532,1.172071099,1.082659483,90,38.25000381,0.07733492,59610941.77,0.001378956,0.001378956,0,2,60,16.66666667
dataset_batch_4_geo_045,dataset_batch_4_geo_045_pw_02,0.675931287,0.549474682,310.7136142,0.22872572,0.012398801,17.15663304,0.5,0.42163812,SUCCESS,0,3.90E-05,1.082659483,1,13.5,0,0.010707912,57532186.47,0.000967149,0.000967149,0.000142639,1,60,16.66666667
dataset_batch_4_geo_045,dataset_batch_4_geo_045_pw_03,0.675931287,0.549474682,310.7136142,0.22872572,0.012398801,17.15663304,0.6,0.42163812,SUCCESS,0,0.000100906,1.172071099,1,18,0,0.020226056,51777027.81,0.000575319,0.000575319,0.000471586,1,60,16.66666667
dataset_batch_4_geo_045,dataset_batch_4_geo_045_pw_04,0.675931287,0.549474682,310.7136142,0.22872572,0.012398801,17.15663304,0.7,0.42163812,SUCCESS,0,0.000341531,1.373401761,1.172071099,29.25,20.24999809,0.051754908,46054991.03,0.000880036,0.000226419,0.000880036,3,60,16.66666667
dataset_batch_4_geo_045,dataset_batch_4_geo_045_pw_05,0.675931287,0.549474682,310.7136142,0.22872572,0.012398801,17.15663304,0.8,0.42163812,SUCCESS,0,0.000798211,1.608967185,1.428871632,38.25,31.49999809,0.097560976,40478229.08,0.001324688,2.05E-05,0.001324688,3,60,16.66666667
dataset_batch_4_geo_046,dataset_batch_4_geo_046_pw_01,0.672574043,0.423023081,645.8094367,0.165272799,0.108358312,16.36097124,0.4,0.101209497,SUCCESS,0,9.43E-05,1.219479561,1,20.24999809,0,0.026174896,69567529.61,0.000797652,0.000797652,0.000275242,1,60,16.66666667
dataset_batch_4_geo_046,dataset_batch_4_geo_046_pw_02,0.672574043,0.423023081,645.8094367,0.165272799,0.108358312,16.36097124,0.5,0.101209497,SUCCESS,0,0.000152455,1.268786311,1.040518522,22.5,11.25,0.035098156,63820485.24,0.000621032,0.000621032,0.000443759,2,60,16.66666667
dataset_batch_4_geo_046,dataset_batch_4_geo_046_pw_03,0.672574043,0.423023081,645.8094367,0.165272799,0.108358312,16.36097124,0.6,0.101209497,SUCCESS,0,0.000289712,1.373401761,1.172071099,27,18,0.054134444,58109637.82,0.000632873,0.000444663,0.000632873,3,60,16.66666667
dataset_batch_4_geo_046,dataset_batch_4_geo_046_pw_04,0.672574043,0.423023081,645.8094367,0.165272799,0.108358312,16.36097124,0.7,0.101209497,SUCCESS,0,0.00054823,1.546563625,1.320067286,31.49999809,24.75,0.080904224,52486956.58,0.000834651,0.00029193,0.000834651,3,60,16.66666667
dataset_batch_4_geo_046,dataset_batch_4_geo_046_pw_05,0.672574043,0.423023081,645.8094367,0.165272799,0.108358312,16.36097124,0.8,0.101209497,SUCCESS,0,0.000940056,1.811573982,1.48656261,36,31.49999809,0.113622844,46995221.49,0.001056588,0.000180775,0.001056588,3,60,16.66666667
dataset_batch_4_geo_047,dataset_batch_4_geo_047_pw_01,1.139740672,0.566555212,340.2794885,0.217968714,0.052373852,21.25688338,0.4,0.020230672,FAILED,1,,,,,,,,,,,0,60,16.66666667
dataset_batch_4_geo_047,dataset_batch_4_geo_047_pw_02,1.139740672,0.566555212,340.2794885,0.217968714,0.052373852,21.25688338,0.5,0.020230672,FAILED,1,,,,,,,,,,,0,60,16.66666667
dataset_batch_4_geo_047,dataset_batch_4_geo_047_pw_03,1.139740672,0.566555212,340.2794885,0.217968714,0.052373852,21.25688338,0.6,0.020230672,SUCCESS,0,0.001387415,1.126487851,1.082659483,90,90,0.034503272,119144677.8,0.003104478,0.003104478,0.001362836,2,60,16.66666667
dataset_batch_4_geo_047,dataset_batch_4_geo_047_pw_04,1.139740672,0.566555212,340.2794885,0.217968714,0.052373852,21.25688338,0.7,0.020230672,SUCCESS,0,0.001255372,1.219479561,1.172071099,90,90,0.042831648,114389311.2,0.00272838,0.00272838,0.001692299,2,60,16.66666667
dataset_batch_4_geo_047,dataset_batch_4_geo_047_pw_05,1.139740672,0.566555212,340.2794885,0.217968714,0.052373852,21.25688338,0.8,0.020230672,SUCCESS,0,0.002380979,1.320067286,1.268786311,90,90,0.05353956,109656276.7,0.002390326,0.002390326,0.00205504,2,60,16.66666667
dataset_batch_4_geo_048,dataset_batch_4_geo_048_pw_01,1.175665102,0.779257528,720.67451,0.307879502,0.105539586,16.37656176,0.4,0.499020771,SUCCESS,0,0.002625412,1.373401761,1.320067286,49.5,42.75,0.085068412,112247830.2,0.001808224,0.001808224,0,2,60,16.66666667
dataset_batch_4_geo_048,dataset_batch_4_geo_048_pw_02,1.175665102,0.779257528,720.67451,0.307879502,0.105539586,16.37656176,0.5,0.499020771,SUCCESS,0,0.001629392,1.219479561,1.172071099,40.5,33.75,0.054729328,112209977.9,0.001556276,0.001556276,2.01E-05,2,60,16.66666667
dataset_batch_4_geo_048,dataset_batch_4_geo_048_pw_03,1.175665102,0.779257528,720.67451,0.307879502,0.105539586,16.37656176,0.6,0.499020771,SUCCESS,0,0.000825071,1.126487851,1.082659483,29.25000381,24.75000191,0.027364664,113228274.7,0.001332413,0.001332413,0.000111526,2,60,16.66666667
dataset_batch_4_geo_048,dataset_batch_4_geo_048_pw_04,1.175665102,0.779257528,720.67451,0.307879502,0.105539586,16.37656176,0.7,0.499020771,SUCCESS,0,0.000191579,1.040518522,1,15.74999905,9.000002861,0.00892326,114628415.3,0.001138876,0.001138876,0.000222408,2,60,16.66666667
dataset_batch_4_geo_048,dataset_batch_4_geo_048_pw_05,1.175665102,0.779257528,720.67451,0.307879502,0.105539586,16.37656176,0.8,0.499020771,SUCCESS,0,6.72E-19,1,1,0,0,0,113627692.2,0.000956432,0.000956432,0.000353845,1,60,16.66666667
dataset_batch_4_geo_049,dataset_batch_4_geo_049_pw_01,0.994745029,0.492677517,791.8683598,0.306827613,0.10542457,21.41375426,0.4,0.965434136,SUCCESS,0,0.000614711,1.082659483,1.040518522,90,15.74999905,0.019631172,113012505.8,0.001303219,0.001303219,0.000267901,2,60,16.66666667
dataset_batch_4_geo_049,dataset_batch_4_geo_049_pw_02,0.994745029,0.492677517,791.8683598,0.306827613,0.10542457,21.41375426,0.5,0.965434136,SUCCESS,0,4.16E-05,1.040518522,1,9,0,0.00594884,115348352.5,0.001135695,0.001135695,0.000384521,1,60,16.66666667
dataset_batch_4_geo_049,dataset_batch_4_geo_049_pw_03,0.994745029,0.492677517,791.8683598,0.306827613,0.10542457,21.41375426,0.6,0.965434136,SUCCESS,0,0.000211808,1.126487851,1.040518522,13.5,6.75,0.013087448,109598983.8,0.000975446,0.000975446,0.000521352,2,60,16.66666667
dataset_batch_4_geo_049,dataset_batch_4_geo_049_pw_04,0.994745029,0.492677517,791.8683598,0.306827613,0.10542457,21.41375426,0.7,0.965434136,SUCCESS,0,0.000450499,1.219479561,1.126487851,18,11.25,0.022605592,103870234.7,0.000816554,0.000816554,0.000675088,2,60,16.66666667
dataset_batch_4_geo_049,dataset_batch_4_geo_049_pw_05,0.994745029,0.492677517,791.8683598,0.306827613,0.10542457,21.41375426,0.8,0.965434136,SUCCESS,0,0.000749927,1.320067286,1.219479561,20.24999809,15.74999905,0.033313504,98188699.99,0.000847813,0.000667898,0.000847813,3,60,16.66666667
dataset_batch_4_geo_050,dataset_batch_4_geo_050_pw_01,1.109344874,0.570518488,680.6913378,0.250179197,0.101179069,19.55117972,0.4,0.455425649,SUCCESS,0,0.002025366,1.219479561,1.172071099,90,29.25000381,0.04759072,117028783,0.001844885,0.001844885,0.000350127,2,60,16.66666667
dataset_batch_4_geo_050,dataset_batch_4_geo_050_pw_02,1.109344874,0.570518488,680.6913378,0.250179197,0.101179069,19.55117972,0.5,0.455425649,SUCCESS,0,0.000995673,1.126487851,1.082659483,90,22.50000191,0.027959548,117857136.2,0.00162431,0.00162431,0.000451386,2,60,16.66666667
dataset_batch_4_geo_050,dataset_batch_4_geo_050_pw_03,1.109344874,0.570518488,680.6913378,0.250179197,0.101179069,19.55117972,0.6,0.455425649,SUCCESS,0,0.000382262,1.082659483,1.040518522,90,13.50000477,0.019036288,117840818.1,0.001431401,0.001431401,0.000587124,2,60,16.66666667
dataset_batch_4_geo_050,dataset_batch_4_geo_050_pw_04,1.109344874,0.570518488,680.6913378,0.250179197,0.101179069,19.55117972,0.7,0.455425649,SUCCESS,0,0.000336592,1.126487851,1.082659483,90,90,0.026174896,112793050.1,0.001248843,0.001248843,0.000750137,2,60,16.66666667
dataset_batch_4_geo_050,dataset_batch_4_geo_050_pw_05,1.109344874,0.570518488,680.6913378,0.250179197,0.101179069,19.55117972,0.8,0.455425649,SUCCESS,0,0.000655708,1.219479561,1.172071099,90,90,0.034503272,107614050.1,0.001063649,0.001063649,0.000932036,2,60,16.66666667
dataset_batch_4_geo_051,dataset_batch_4_geo_051_pw_01,0.953441595,0.42933687,317.9112155,0.322126733,0.067753782,22.63671422,0.4,0.348226332,SUCCESS,0,0.001129265,1.172071099,1.082659483,90,90,0.033313504,108895535.4,0.003087405,0.003087405,0.000864421,2,60,16.66666667
dataset_batch_4_geo_051,dataset_batch_4_geo_051_pw_02,0.953441595,0.42933687,317.9112155,0.322126733,0.067753782,22.63671422,0.5,0.348226332,SUCCESS,0,0.000886671,1.219479561,1.172071099,90,90,0.033313504,107479381.9,0.002668687,0.002668687,0.001186968,2,60,16.66666667
dataset_batch_4_geo_051,dataset_batch_4_geo_051_pw_03,0.953441595,0.42933687,317.9112155,0.322126733,0.067753782,22.63671422,0.6,0.348226332,SUCCESS,0,0.001581656,1.320067286,1.268786311,90,90,0.045211184,102592614.5,0.002277027,0.002277027,0.001570157,2,60,16.66666667
dataset_batch_4_geo_051,dataset_batch_4_geo_051_pw_04,0.953441595,0.42933687,317.9112155,0.322126733,0.067753782,22.63671422,0.7,0.348226332,SUCCESS,0,0.002652332,1.428871632,1.373401761,90,90,0.057703748,98048224.71,0.002010876,0.001942317,0.002010876,3,60,16.66666667
dataset_batch_4_geo_051,dataset_batch_4_geo_051_pw_05,0.953441595,0.42933687,317.9112155,0.322126733,0.067753782,22.63671422,0.8,0.348226332,FAILED,1,,,,,,,,,,,0,60,16.66666667
dataset_batch_4_geo_052,dataset_batch_4_geo_052_pw_01,0.76183941,0.486797135,312.0099894,0.315020041,0.056008657,29.54491913,0.4,0.972446808,SUCCESS,0,8.63E-19,1,1,0,0,0,81429312.87,0.001950652,0.001950652,0.00025453,1,60,16.66666667
dataset_batch_4_geo_052,dataset_batch_4_geo_052_pw_02,0.76183941,0.486797135,312.0099894,0.315020041,0.056008657,29.54491913,0.5,0.972446808,SUCCESS,0,8.82E-19,1,1,0,0,0,75674090.87,0.001529598,0.001529598,0.000553182,1,60,16.66666667
dataset_batch_4_geo_052,dataset_batch_4_geo_052_pw_03,0.76183941,0.486797135,312.0099894,0.315020041,0.056008657,29.54491913,0.6,0.972446808,SUCCESS,0,1.12E-18,1,1,0,0,0,69918868.86,0.001108545,0.001108545,0.000913253,1,60,16.66666667
dataset_batch_4_geo_052,dataset_batch_4_geo_052_pw_04,0.76183941,0.486797135,312.0099894,0.315020041,0.056008657,29.54491913,0.7,0.972446808,SUCCESS,0,4.93E-05,1.040518522,1,9,0,0.00594884,64163828.87,0.001325146,0.000721967,0.001325146,1,60,16.66666667
dataset_batch_4_geo_052,dataset_batch_4_geo_052_pw_05,0.76183941,0.486797135,312.0099894,0.315020041,0.056008657,29.54491913,0.8,0.972446808,SUCCESS,0,0.000440072,1.126487851,1.082659483,18,11.25,0.017251636,58416020.72,0.001752082,0.000401764,0.001752082,3,60,16.66666667
dataset_batch_4_geo_053,dataset_batch_4_geo_053_pw_01,1.162756947,0.474604582,162.3462897,0.189812075,0.085541263,17.02491568,0.4,0.33220117,FAILED,1,,,,,,,,,,,0,60,16.66666667
dataset_batch_4_geo_053,dataset_batch_4_geo_053_pw_02,1.162756947,0.474604582,162.3462897,0.189812075,0.085541263,17.02491568,0.5,0.33220117,FAILED,1,,,,,,,,,,,0,60,16.66666667
dataset_batch_4_geo_053,dataset_batch_4_geo_053_pw_03,1.162756947,0.474604582,162.3462897,0.189812075,0.085541263,17.02491568,0.6,0.33220117,FAILED,1,,,,,,,,,,,0,60,16.66666667
dataset_batch_4_geo_053,dataset_batch_4_geo_053_pw_04,1.162756947,0.474604582,162.3462897,0.189812075,0.085541263,17.02491568,0.7,0.33220117,FAILED,1,,,,,,,,,,,0,60,16.66666667
dataset_batch_4_geo_053,dataset_batch_4_geo_053_pw_05,1.162756947,0.474604582,162.3462897,0.189812075,0.085541263,17.02491568,0.8,0.33220117,FAILED,1,,,,,,,,,,,0,60,16.66666667
dataset_batch_4_geo_054,dataset_batch_4_geo_054_pw_01,0.917620202,0.405259378,890.2315268,0.252604051,0.14979786,20.0209405,0.4,0.448096636,SUCCESS,0,0.000108638,1.082659483,1,90,90,0.01784652,109997852,0.001085982,0.001085982,0.000384198,2,60,16.66666667
dataset_batch_4_geo_054,dataset_batch_4_geo_054_pw_02,0.917620202,0.405259378,890.2315268,0.252604051,0.14979786,20.0209405,0.5,0.448096636,SUCCESS,0,0.00022171,1.172071099,1.040518522,90,8.999999046,0.02379536,106061209.1,0.000947792,0.000947792,0.000505401,2,60,16.66666667
dataset_batch_4_geo_054,dataset_batch_4_geo_054_pw_03,0.917620202,0.405259378,890.2315268,0.252604051,0.14979786,20.0209405,0.6,0.448096636,SUCCESS,0,0.000406954,1.219479561,1.126487851,90,13.5,0.032123736,100684990.3,0.000808134,0.000808134,0.000641034,2,60,16.66666667
dataset_batch_4_geo_054,dataset_batch_4_geo_054_pw_04,0.917620202,0.405259378,890.2315268,0.252604051,0.14979786,20.0209405,0.7,0.448096636,SUCCESS,0,0.000671292,1.320067286,1.219479561,90,18,0.043426532,95148437.52,0.00079171,0.000673634,0.00079171,3,60,16.66666667
dataset_batch_4_geo_054,dataset_batch_4_geo_054_pw_05,0.917620202,0.405259378,890.2315268,0.252604051,0.14979786,20.0209405,0.8,0.448096636,SUCCESS,0,0.000984244,1.428871632,1.320067286,90,20.24999809,0.055324212,89647152.72,0.000954049,0.000559729,0.000954049,3,60,16.66666667
dataset_batch_4_geo_055,dataset_batch_4_geo_055_pw_01,1.016744585,0.602155427,105.6113973,0.307358108,0.108114567,19.61255008,0.4,0.028757365,SUCCESS,0,0.007194033,1.172071099,1.126487851,29.25000381,27.00000191,0.030339084,105685949.2,0.009731489,0.009731489,0.000788609,2,60,16.66666667
dataset_batch_4_geo_055,dataset_batch_4_geo_055_pw_02,1.016744585,0.602155427,105.6113973,0.307358108,0.108114567,19.61255008,0.5,0.028757365,SUCCESS,0,0.000689671,1.040518522,1.040518522,11.25000381,9.000002861,0.007138608,110621717.3,0.008363438,0.008363438,0.001423722,2,60,16.66666667
dataset_batch_4_geo_055,dataset_batch_4_geo_055_pw_03,1.016744585,0.602155427,105.6113973,0.307358108,0.108114567,19.61255008,0.6,0.028757365,SUCCESS,0,2.81E-18,1,1,0,0,0,107441406,0.007123456,0.007123456,0.002298678,1,60,16.66666667
dataset_batch_4_geo_055,dataset_batch_4_geo_055_pw_04,1.016744585,0.602155427,105.6113973,0.307358108,0.108114567,19.61255008,0.7,0.028757365,SUCCESS,0,3.07E-18,1,1,0,0,0,101685977.7,0.005886745,0.005886745,0.003307433,1,60,16.66666667
dataset_batch_4_geo_055,dataset_batch_4_geo_055_pw_05,1.016744585,0.602155427,105.6113973,0.307358108,0.108114567,19.61255008,0.8,0.028757365,SUCCESS,0,0.001209341,1.082659483,1.082659483,13.5,11.25,0.011302796,95934131.93,0.004680242,0.004680242,0.004442346,2,60,16.66666667
dataset_batch_4_geo_056,dataset_batch_4_geo_056_pw_01,1.074789725,0.880633631,910.2150403,0.283992058,0.051844828,20.4235842,0.4,0.692239384,SUCCESS,0,0.0008504,1.172071099,1.126487851,54,42.74999619,0.054134444,102522017.1,0.001090049,0.001090049,0,2,60,16.66666667
dataset_batch_4_geo_056,dataset_batch_4_geo_056_pw_02,1.074789725,0.880633631,910.2150403,0.283992058,0.051844828,20.4235842,0.5,0.692239384,SUCCESS,0,0.000236229,1.082659483,1.040518522,29.25000381,18,0.019631172,102981373,0.000930064,0.000930064,0,2,60,16.66666667
dataset_batch_4_geo_056,dataset_batch_4_geo_056_pw_03,1.074789725,0.880633631,910.2150403,0.283992058,0.051844828,20.4235842,0.6,0.692239384,SUCCESS,0,3.24E-19,1,1,0,0,0,102330347.5,0.000787055,0.000787055,0,1,60,16.66666667
dataset_batch_4_geo_056,dataset_batch_4_geo_056_pw_04,1.074789725,0.880633631,910.2150403,0.283992058,0.051844828,20.4235842,0.7,0.692239384,SUCCESS,0,3.02E-19,1,1,0,0,0,96574380.39,0.000646116,0.000646116,0,1,60,16.66666667
dataset_batch_4_geo_056,dataset_batch_4_geo_056_pw_05,1.074789725,0.880633631,910.2150403,0.283992058,0.051844828,20.4235842,0.8,0.692239384,SUCCESS,0,5.96E-19,1,1,0,0,0,90818413.26,0.000505177,0.000505177,5.32E-05,1,60,16.66666667
dataset_batch_4_geo_057,dataset_batch_4_geo_057_pw_01,1.04596091,0.58388112,552.8443834,0.243939451,0.131010883,17.3552086,0.4,0.16922957,SUCCESS,0,0.001825662,1.172071099,1.172071099,33.75,29.25000381,0.037477692,108304911.4,0.002029952,0.002029952,0.000313389,2,60,16.66666667
dataset_batch_4_geo_057,dataset_batch_4_geo_057_pw_02,1.04596091,0.58388112,552.8443834,0.243939451,0.131010883,17.3552086,0.5,0.16922957,SUCCESS,0,0.000816076,1.082659483,1.082659483,22.50000191,18,0.017251636,109417143.8,0.001767887,0.001767887,0.000441105,2,60,16.66666667
dataset_batch_4_geo_057,dataset_batch_4_geo_057_pw_03,1.04596091,0.58388112,552.8443834,0.243939451,0.131010883,17.3552086,0.6,0.16922957,SUCCESS,0,0.000105286,1.040518522,1,9.000002861,0,0.00594884,111642493.1,0.001533758,0.001533758,0.000605671,1,60,16.66666667
dataset_batch_4_geo_057,dataset_batch_4_geo_057_pw_04,1.04596091,0.58388112,552.8443834,0.243939451,0.131010883,17.3552086,0.7,0.16922957,SUCCESS,0,0.000132982,1.082659483,1,90,4.499999523,0.0148721,106544955.2,0.001309273,0.001309273,0.00080378,2,60,16.66666667
dataset_batch_4_geo_057,dataset_batch_4_geo_057_pw_05,1.04596091,0.58388112,552.8443834,0.243939451,0.131010883,17.3552086,0.8,0.16922957,SUCCESS,0,0.000460026,1.172071099,1.082659483,90,13.5,0.024390244,101096878.6,0.001084448,0.001084448,0.001022361,2,60,16.66666667
dataset_batch_4_geo_058,dataset_batch_4_geo_058_pw_01,1.118192531,0.603169877,477.4641751,0.183149651,0.057905292,16.25440897,0.4,0.778799525,SUCCESS,0,0.006798306,1.884588718,1.608967066,90,90,0.181439619,104469151.7,0.002908573,0.002908573,0.000654499,2,60,16.66666667
dataset_batch_4_geo_058,dataset_batch_4_geo_058_pw_02,1.118192531,0.603169877,477.4641751,0.183149651,0.057905292,16.25440897,0.5,0.778799525,SUCCESS,0,0.004556606,1.320067286,1.320067286,90,90,0.080904224,105780276.3,0.00249256,0.00249256,0.000756723,2,60,16.66666667
dataset_batch_4_geo_058,dataset_batch_4_geo_058_pw_03,1.118192531,0.603169877,477.4641751,0.183149651,0.057905292,16.25440897,0.6,0.778799525,SUCCESS,0,0.002648469,1.219479561,1.172071099,90,90,0.057108864,106416209.6,0.002157486,0.002157486,0.000896943,2,60,16.66666667
dataset_batch_4_geo_058,dataset_batch_4_geo_058_pw_04,1.118192531,0.603169877,477.4641751,0.183149651,0.057905292,16.25440897,0.7,0.778799525,SUCCESS,0,0.002518276,1.219479561,1.172071099,90,90,0.06543724,102858365,0.001915508,0.001915508,0.001109649,2,60,16.66666667
dataset_batch_4_geo_058,dataset_batch_4_geo_058_pw_05,1.118192531,0.603169877,477.4641751,0.183149651,0.057905292,16.25440897,0.8,0.778799525,SUCCESS,0,0.002481539,1.320067286,1.268786311,90,90,0.076740036,98881678.67,0.001663855,0.001663855,0.00134433,2,60,16.66666667
dataset_batch_4_geo_059,dataset_batch_4_geo_059_pw_01,1.111170584,0.477066616,223.0452201,0.292674974,0.11805249,29.73374405,0.4,0.409640781,SUCCESS,0,0.000124571,1.040518522,1,9,2.249999762,0.00594884,141942892.3,0.005638583,0.005638583,0.001408673,2,60,16.66666667
dataset_batch_4_geo_059,dataset_batch_4_geo_059_pw_02,1.111170584,0.477066616,223.0452201,0.292674974,0.11805249,29.73374405,0.5,0.409640781,SUCCESS,0,0.000223319,1.040518522,1.040518522,9,4.499999523,0.00594884,136187373.6,0.005060818,0.005060818,0.001850075,2,60,16.66666667
dataset_batch_4_geo_059,dataset_batch_4_geo_059_pw_03,1.111170584,0.477066616,223.0452201,0.292674974,0.11805249,29.73374405,0.6,0.409640781,SUCCESS,0,0.000891153,1.126487851,1.082659483,13.5,11.25,0.012492564,130436811.4,0.004489044,0.004489044,0.00233631,2,60,16.66666667
dataset_batch_4_geo_059,dataset_batch_4_geo_059_pw_04,1.111170584,0.477066616,223.0452201,0.292674974,0.11805249,29.73374405,0.7,0.409640781,SUCCESS,0,0.001811622,1.172071099,1.126487851,15.75,13.5,0.01784652,124695461.6,0.003907358,0.003907358,0.002868843,2,60,16.66666667
dataset_batch_4_geo_059,dataset_batch_4_geo_059_pw_05,1.111170584,0.477066616,223.0452201,0.292674974,0.11805249,29.73374405,0.8,0.409640781,SUCCESS,0,0.002921015,1.219479561,1.219479561,18,15.75,0.024390244,118983096.3,0.003449471,0.00336908,0.003449471,3,60,16.66666667
dataset_batch_4_geo_060,dataset_batch_4_geo_060_pw_01,0.602931345,0.40517366,271.1594156,0.228113355,0.077871134,24.77995071,0.4,0.903731752,SUCCESS,0,9.35E-19,1,1,0,0,0,58567408.51,0.001403875,0.001403875,0.000499044,1,60,16.66666667
dataset_batch_4_geo_060,dataset_batch_4_geo_060_pw_02,0.602931345,0.40517366,271.1594156,0.228113355,0.077871134,24.77995071,0.5,0.903731752,SUCCESS,0,3.48E-05,1.040518522,1,9,0,0.00594884,52810638.31,0.000952796,0.000952796,0.000914846,1,60,16.66666667
dataset_batch_4_geo_060,dataset_batch_4_geo_060_pw_03,0.602931345,0.40517366,271.1594156,0.228113355,0.077871134,24.77995071,0.6,0.903731752,SUCCESS,0,0.000368541,1.172071099,1.082659483,18,13.5,0.019631172,47060430.78,0.00137328,0.000540508,0.00137328,3,60,16.66666667
dataset_batch_4_geo_060,dataset_batch_4_geo_060_pw_04,0.602931345,0.40517366,271.1594156,0.228113355,0.077871134,24.77995071,0.7,0.903731752,SUCCESS,0,0.000852713,1.268786311,1.219479561,24.75,20.24999809,0.038072576,41347774.94,0.001849539,0.000226226,0.001849539,3,60,16.66666667
dataset_batch_4_geo_060,dataset_batch_4_geo_060_pw_05,0.602931345,0.40517366,271.1594156,0.228113355,0.077871134,24.77995071,0.8,0.903731752,SUCCESS,0,0.00148733,1.428871632,1.320067286,31.49999809,27,0.061273052,35730624.63,0.002356946,4.13E-05,0.002356946,3,60,16.66666667
dataset_batch_4_geo_061,dataset_batch_4_geo_061_pw_01,0.751105481,0.404793452,848.6887004,0.226118779,0.055805872,19.08207959,0.4,0.651548676,SUCCESS,0,0.000240685,1.428871632,1.172071099,90,90,0.072575848,79802962.84,0.000803736,0.000803736,0.000298171,2,60,16.66666667
dataset_batch_4_geo_061,dataset_batch_4_geo_061_pw_02,0.751105481,0.404793452,848.6887004,0.226118779,0.055805872,19.08207959,0.5,0.651548676,SUCCESS,0,0.000337658,1.48656261,1.219479561,90,90,0.079119572,76181117.34,0.000668373,0.000668373,0.000431638,2,60,16.66666667
dataset_batch_4_geo_061,dataset_batch_4_geo_061_pw_03,0.751105481,0.404793452,848.6887004,0.226118779,0.055805872,19.08207959,0.6,0.651548676,SUCCESS,0,0.000532131,1.673869371,1.373401761,90,22.5,0.098750744,71122675.7,0.000587359,0.000532615,0.000587359,3,60,16.66666667
dataset_batch_4_geo_061,dataset_batch_4_geo_061_pw_04,0.751105481,0.404793452,848.6887004,0.226118779,0.055805872,19.08207959,0.7,0.651548676,SUCCESS,0,0.000856282,1.884588718,1.546563625,90,24.75,0.129089827,66201048.08,0.000766232,0.000404641,0.000766232,3,60,16.66666667
dataset_batch_4_geo_061,dataset_batch_4_geo_061_pw_05,0.751105481,0.404793452,848.6887004,0.226118779,0.055805872,19.08207959,0.8,0.651548676,SUCCESS,0,0.001258784,2.207077742,1.741370201,90,29.25,0.166567519,61158519.51,0.000966889,0.000307598,0.000966889,3,60,16.66666667
dataset_batch_4_geo_062,dataset_batch_4_geo_062_pw_01,1.180581874,0.611922348,838.9325801,0.193889105,0.108856841,19.00376564,0.4,0.279002015,SUCCESS,0,0.002006605,1.268786311,1.219479561,90,33.75,0.060678168,120369759.1,0.001687073,0.001687073,0.000363062,2,60,16.66666667
dataset_batch_4_geo_062,dataset_batch_4_geo_062_pw_02,1.180581874,0.611922348,838.9325801,0.193889105,0.108856841,19.00376564,0.5,0.279002015,SUCCESS,0,0.00120049,1.172071099,1.126487851,90,24.75000191,0.039262344,121483664.5,0.001488982,0.001488982,0.000416028,2,60,16.66666667
dataset_batch_4_geo_062,dataset_batch_4_geo_062_pw_03,1.180581874,0.611922348,838.9325801,0.193889105,0.108856841,19.00376564,0.6,0.279002015,SUCCESS,0,0.000557905,1.082659483,1.082659483,90,18,0.023200476,123485705.1,0.001326805,0.001326805,0.000512633,2,60,16.66666667
dataset_batch_4_geo_062,dataset_batch_4_geo_062_pw_04,1.180581874,0.611922348,838.9325801,0.193889105,0.108856841,19.00376564,0.7,0.279002015,SUCCESS,0,0.000444786,1.082659483,1.040518522,90,90,0.028554432,119173785.2,0.00118365,0.00118365,0.000636518,2,60,16.66666667
dataset_batch_4_geo_062,dataset_batch_4_geo_062_pw_05,1.180581874,0.611922348,838.9325801,0.193889105,0.108856841,19.00376564,0.8,0.279002015,SUCCESS,0,0.000409404,1.172071099,1.082659483,90,90,0.036287924,114158438.4,0.001038746,0.001038746,0.000771832,2,60,16.66666667
dataset_batch_4_geo_063,dataset_batch_4_geo_063_pw_01,0.895951715,0.41589223,754.0296736,0.323014478,0.144553906,17.99828868,0.4,0.303467393,SUCCESS,0,0.000387183,1.082659483,1.040518522,90,13.50000477,0.021415824,100721192.1,0.001169892,0.001169892,0.000344406,2,60,16.66666667
dataset_batch_4_geo_063,dataset_batch_4_geo_063_pw_02,0.895951715,0.41589223,754.0296736,0.323014478,0.144553906,17.99828868,0.5,0.303467393,SUCCESS,0,0.000231084,1.126487851,1.040518522,90,90,0.026174896,97095541.53,0.000993801,0.000993801,0.000482667,2,60,16.66666667
dataset_batch_4_geo_063,dataset_batch_4_geo_063_pw_03,0.895951715,0.41589223,754.0296736,0.323014478,0.144553906,17.99828868,0.6,0.303467393,SUCCESS,0,0.000433832,1.219479561,1.126487851,90,90,0.036882808,91981155.22,0.000818406,0.000818406,0.000640916,2,60,16.66666667
dataset_batch_4_geo_063,dataset_batch_4_geo_063_pw_04,0.895951715,0.41589223,754.0296736,0.323014478,0.144553906,17.99828868,0.7,0.303467393,SUCCESS,0,0.00075976,1.320067286,1.219479561,90,90,0.049970256,86894582.59,0.000820309,0.000663583,0.000820309,3,60,16.66666667
dataset_batch_4_geo_063,dataset_batch_4_geo_063_pw_05,0.895951715,0.41589223,754.0296736,0.323014478,0.144553906,17.99828868,0.8,0.303467393,SUCCESS,0,0.001155858,1.48656261,1.373401761,90,90,0.066627008,81609413.17,0.001018092,0.000538622,0.001018092,3,60,16.66666667
dataset_batch_4_geo_064,dataset_batch_4_geo_064_pw_01,0.691792966,0.427373404,670.6165692,0.319770757,0.040172899,29.12004905,0.4,0.03567042,SUCCESS,0,3.24E-19,1,1,0,0,0,72619507.59,0.000760469,0.000760469,0.000185787,1,60,16.66666667
dataset_batch_4_geo_064,dataset_batch_4_geo_064_pw_02,0.691792966,0.427373404,670.6165692,0.319770757,0.040172899,29.12004905,0.5,0.03567042,SUCCESS,0,4.86E-06,1.040518522,1,2.249999762,0,0.002379536,66864432.61,0.000563914,0.000563914,0.000341494,1,60,16.66666667
dataset_batch_4_geo_064,dataset_batch_4_geo_064_pw_03,0.691792966,0.427373404,670.6165692,0.319770757,0.040172899,29.12004905,0.6,0.03567042,SUCCESS,0,0.000111042,1.082659483,1,15.75,4.499999523,0.012492564,61113240.29,0.000527271,0.000377661,0.000527271,3,60,16.66666667
dataset_batch_4_geo_064,dataset_batch_4_geo_064_pw_04,0.691792966,0.427373404,670.6165692,0.319770757,0.040172899,29.12004905,0.7,0.03567042,FAILED,1,,,,,,,,,,,0,60,16.66666667
dataset_batch_4_geo_064,dataset_batch_4_geo_064_pw_05,0.691792966,0.427373404,670.6165692,0.319770757,0.040172899,29.12004905,0.8,0.03567042,FAILED,1,,,,,,,,,,,0,60,16.66666667
dataset_batch_4_geo_065,dataset_batch_4_geo_065_pw_01,0.948826059,0.429502666,768.1519269,0.309180121,0.057940267,20.52573994,0.4,0.115371787,SUCCESS,0,0.001147191,1.219479561,1.126487851,90,90,0.058298632,101813998.6,0.001297132,0.001297132,0.000397031,2,60,16.66666667
dataset_batch_4_geo_065,dataset_batch_4_geo_065_pw_02,0.948826059,0.429502666,768.1519269,0.309180121,0.057940267,20.52573994,0.5,0.115371787,SUCCESS,0,0.000692531,1.268786311,1.172071099,90,90,0.054729328,99381447.62,0.001111422,0.001111422,0.000514919,2,60,16.66666667
dataset_batch_4_geo_065,dataset_batch_4_geo_065_pw_03,0.948826059,0.429502666,768.1519269,0.309180121,0.057940267,20.52573994,0.6,0.115371787,SUCCESS,0,0.000925567,1.373401761,1.268786311,90,90,0.06841166,96162024,0.000957499,0.000957499,0.000677774,2,60,16.66666667
dataset_batch_4_geo_065,dataset_batch_4_geo_065_pw_04,0.948826059,0.429502666,768.1519269,0.309180121,0.057940267,20.52573994,0.7,0.115371787,FAILED,1,,,,,,,,,,,0,60,16.66666667
dataset_batch_4_geo_065,dataset_batch_4_geo_065_pw_05,0.948826059,0.429502666,768.1519269,0.309180121,0.057940267,20.52573994,0.8,0.115371787,FAILED,1,,,,,,,,,,,0,60,16.66666667
dataset_batch_4_geo_066,dataset_batch_4_geo_066_pw_01,0.782558377,0.41914273,296.4673516,0.216185879,0.141391,15.35068724,0.4,0.160876404,SUCCESS,0,0.000519269,1.126487851,1.040518522,90,90,0.027364664,84161154.72,0.00242188,0.00242188,0.000837717,2,60,16.66666667
dataset_batch_4_geo_066,dataset_batch_4_geo_066_pw_02,0.782558377,0.41914273,296.4673516,0.216185879,0.141391,15.35068724,0.5,0.160876404,SUCCESS,0,0.000433887,1.219479561,1.126487851,90,90,0.033313504,81864545.58,0.002015015,0.002015015,0.001197177,2,60,16.66666667
dataset_batch_4_geo_066,dataset_batch_4_geo_066_pw_03,0.782558377,0.41914273,296.4673516,0.216185879,0.141391,15.35068724,0.6,0.160876404,SUCCESS,0,0.000853744,1.320067286,1.219479561,90,20.24999809,0.048185604,76583496.06,0.001610914,0.001605065,0.001610914,3,60,16.66666667
dataset_batch_4_geo_066,dataset_batch_4_geo_066_pw_04,0.782558377,0.41914273,296.4673516,0.216185879,0.141391,15.35068724,0.7,0.160876404,SUCCESS,0,0.001528428,1.428871632,1.320067286,90,24.75,0.06543724,71108404.37,0.002064462,0.00123183,0.002064462,3,60,16.66666667
dataset_batch_4_geo_066,dataset_batch_4_geo_066_pw_05,0.782558377,0.41914273,296.4673516,0.216185879,0.141391,15.35068724,0.8,0.160876404,SUCCESS,0,0.002567656,1.608967185,1.48656261,90,29.25,0.091017252,65695961.28,0.002556053,0.000939589,0.002556053,3,60,16.66666667
dataset_batch_4_geo_067,dataset_batch_4_geo_067_pw_01,1.051555223,0.802112854,428.9133217,0.25097252,0.06178379,17.94334206,0.4,0.134343359,SUCCESS,0,0.003499478,1.320067286,1.268786311,56.25,54,0.080904224,99861112.28,0.000253987,0.000253987,3.42E-05,2,60,16.66666667
dataset_batch_4_geo_067,dataset_batch_4_geo_067_pw_02,1.051555223,0.802112854,428.9133217,0.25097252,0.06178379,17.94334206,0.5,0.134343359,SUCCESS,0,0.001134898,1.126487851,1.126487851,33.75,29.25000381,0.031528852,99089143.79,0.001995444,0.001995444,0,2,60,16.66666667
dataset_batch_4_geo_067,dataset_batch_4_geo_067_pw_03,1.051555223,0.802112854,428.9133217,0.25097252,0.06178379,17.94334206,0.6,0.134343359,SUCCESS,0,0.000112633,1.040518522,1,13.50000477,2.250000715,0.007733492,100892606.7,0.001677594,0.001677594,0,2,60,16.66666667
dataset_batch_4_geo_067,dataset_batch_4_geo_067_pw_04,1.051555223,0.802112854,428.9133217,0.25097252,0.06178379,17.94334206,0.7,0.134343359,SUCCESS,0,9.19E-19,1,1,0,0,0,96838845.26,0.001385647,0.001385647,0.000176513,1,60,16.66666667
dataset_batch_4_geo_067,dataset_batch_4_geo_067_pw_05,1.051555223,0.802112854,428.9133217,0.25097252,0.06178379,17.94334206,0.8,0.134343359,SUCCESS,0,7.03E-19,1,1,0,0,0,91082289.01,0.001094225,0.001094225,0.000388664,1,60,16.66666667
dataset_batch_4_geo_068,dataset_batch_4_geo_068_pw_01,1.179728602,0.536325985,594.7282255,0.245284789,0.12592098,20.30219564,0.4,0.298407982,SUCCESS,0,0.002322809,1.172071099,1.172071099,90,90,0.046995836,128431019.3,0.002373193,0.002373193,0.000577521,2,60,16.66666667
dataset_batch_4_geo_068,dataset_batch_4_geo_068_pw_02,1.179728602,0.536325985,594.7282255,0.245284789,0.12592098,20.30219564,0.5,0.298407982,SUCCESS,0,0.001219943,1.126487851,1.082659483,90,90,0.032123736,129091600.5,0.00212495,0.00212495,0.000704822,2,60,16.66666667
dataset_batch_4_geo_068,dataset_batch_4_geo_068_pw_03,1.179728602,0.536325985,594.7282255,0.245284789,0.12592098,20.30219564,0.6,0.298407982,SUCCESS,0,0.000835888,1.126487851,1.082659483,90,90,0.030339084,127128030.9,0.001908141,0.001908141,0.000871558,2,60,16.66666667
dataset_batch_4_geo_068,dataset_batch_4_geo_068_pw_04,1.179728602,0.536325985,594.7282255,0.245284789,0.12592098,20.30219564,0.7,0.298407982,SUCCESS,0,0.000772465,1.172071099,1.126487851,90,90,0.038072576,122251359.8,0.001693391,0.001693391,0.001062604,2,60,16.66666667
dataset_batch_4_geo_068,dataset_batch_4_geo_068_pw_05,1.179728602,0.536325985,594.7282255,0.245284789,0.12592098,20.30219564,0.8,0.298407982,SUCCESS,0,0.001144539,1.268786311,1.219479561,90,90,0.046400952,117399634.5,0.001479959,0.001479959,0.001270154,2,60,16.66666667
dataset_batch_4_geo_069,dataset_batch_4_geo_069_pw_01,1.125376605,0.784874507,375.8169401,0.151681495,0.120489489,28.61273694,0.4,0.949477593,SUCCESS,0,1.22E-18,1,1,0,0,0,127724595.1,0.002946206,0.002946206,0,1,60,16.66666667
dataset_batch_4_geo_069,dataset_batch_4_geo_069_pw_02,1.125376605,0.784874507,375.8169401,0.151681495,0.120489489,28.61273694,0.5,0.949477593,SUCCESS,0,1.01E-18,1,1,0,0,0,121966940,0.002639969,0.002639969,9.26E-05,1,60,16.66666667
dataset_batch_4_geo_069,dataset_batch_4_geo_069_pw_03,1.125376605,0.784874507,375.8169401,0.151681495,0.120489489,28.61273694,0.6,0.949477593,SUCCESS,0,9.24E-19,1,1,0,0,0,116209285,0.002333733,0.002333733,0.000298624,1,60,16.66666667
dataset_batch_4_geo_069,dataset_batch_4_geo_069_pw_04,1.125376605,0.784874507,375.8169401,0.151681495,0.120489489,28.61273694,0.7,0.949477593,SUCCESS,0,1.13E-18,1,1,0,0,0,110451629.9,0.002027497,0.002027497,0.000522005,1,60,16.66666667
dataset_batch_4_geo_069,dataset_batch_4_geo_069_pw_05,1.125376605,0.784874507,375.8169401,0.151681495,0.120489489,28.61273694,0.8,0.949477593,SUCCESS,0,7.63E-19,1,1,0,0,0,104693974.9,0.001721261,0.001721261,0.000782983,1,60,16.66666667
dataset_batch_4_geo_070,dataset_batch_4_geo_070_pw_01,1.155229108,0.42685313,231.824389,0.209282725,0.051257848,15.62551146,0.4,0.209242679,FAILED,1,,,,,,,,,,,0,60,16.66666667
dataset_batch_4_geo_070,dataset_batch_4_geo_070_pw_02,1.155229108,0.42685313,231.824389,0.209282725,0.051257848,15.62551146,0.5,0.209242679,FAILED,1,,,,,,,,,,,0,60,16.66666667
dataset_batch_4_geo_070,dataset_batch_4_geo_070_pw_03,1.155229108,0.42685313,231.824389,0.209282725,0.051257848,15.62551146,0.6,0.209242679,FAILED,1,,,,,,,,,,,0,60,16.66666667
dataset_batch_4_geo_070,dataset_batch_4_geo_070_pw_04,1.155229108,0.42685313,231.824389,0.209282725,0.051257848,15.62551146,0.7,0.209242679,FAILED,1,,,,,,,,,,,0,60,16.66666667
dataset_batch_4_geo_070,dataset_batch_4_geo_070_pw_05,1.155229108,0.42685313,231.824389,0.209282725,0.051257848,15.62551146,0.8,0.209242679,FAILED,1,,,,,,,,,,,0,60,16.66666667
dataset_batch_4_geo_071,dataset_batch_4_geo_071_pw_01,1.09634367,0.569791872,367.0423986,0.328419691,0.076435883,18.87950096,0.4,0.709141565,SUCCESS,0,0.005210175,1.219479561,1.219479561,90,90,0.058893516,113218559.4,0.003296114,0.003296114,0.000462123,2,60,16.66666667
dataset_batch_4_geo_071,dataset_batch_4_geo_071_pw_02,1.09634367,0.569791872,367.0423986,0.328419691,0.076435883,18.87950096,0.5,0.709141565,SUCCESS,0,0.002854882,1.126487851,1.126487851,90,90,0.035098156,113980103.8,0.002848829,0.002848829,0.000658025,2,60,16.66666667
dataset_batch_4_geo_071,dataset_batch_4_geo_071_pw_03,1.09634367,0.569791872,367.0423986,0.328419691,0.076435883,18.87950096,0.6,0.709141565,SUCCESS,0,0.001373079,1.082659483,1.082659483,90,90,0.02676978,113328970.5,0.00246016,0.00246016,0.000901044,2,60,16.66666667
dataset_batch_4_geo_071,dataset_batch_4_geo_071_pw_04,1.09634367,0.569791872,367.0423986,0.328419691,0.076435883,18.87950096,0.7,0.709141565,SUCCESS,0,0.001174283,1.172071099,1.126487851,90,90,0.035098156,108522366.2,0.002098911,0.002098911,0.001202545,2,60,16.66666667
dataset_batch_4_geo_071,dataset_batch_4_geo_071_pw_05,1.09634367,0.569791872,367.0423986,0.328419691,0.076435883,18.87950096,0.8,0.709141565,SUCCESS,0,0.001431184,1.268786311,1.219479561,90,90,0.045211184,103591413.9,0.001747451,0.001747451,0.001543359,2,60,16.66666667
dataset_batch_4_geo_072,dataset_batch_4_geo_072_pw_01,1.174317214,0.847412394,186.7743101,0.254537895,0.124529069,19.37410768,0.4,0.94165559,SUCCESS,0,0.005569392,1.172071099,1.172071099,45,40.5,0.046995836,117542149.1,0.006371504,0.006371504,0,2,60,16.66666667
dataset_batch_4_geo_072,dataset_batch_4_geo_072_pw_02,1.174317214,0.847412394,186.7743101,0.254537895,0.124529069,19.37410768,0.5,0.94165559,SUCCESS,0,0.002306804,1.082659483,1.082659483,29.25000381,27.00000191,0.022010708,118289506.4,0.00562153,0.00562153,0,2,60,16.66666667
dataset_batch_4_geo_072,dataset_batch_4_geo_072_pw_03,1.174317214,0.847412394,186.7743101,0.254537895,0.124529069,19.37410768,0.6,0.94165559,SUCCESS,0,5.15E-05,1.040518522,1,9.000002861,0,0.005353956,121032703.9,0.004928852,0.004928852,9.65E-06,1,60,16.66666667
dataset_batch_4_geo_072,dataset_batch_4_geo_072_pw_04,1.174317214,0.847412394,186.7743101,0.254537895,0.124529069,19.37410768,0.7,0.94165559,SUCCESS,0,2.71E-18,1,1,0,0,0,115466026.2,0.004257622,0.004257622,0.000460882,1,60,16.66666667
dataset_batch_4_geo_072,dataset_batch_4_geo_072_pw_05,1.174317214,0.847412394,186.7743101,0.254537895,0.124529069,19.37410768,0.8,0.94165559,SUCCESS,0,2.05E-18,1,1,0,0,0,109709525.9,0.003586492,0.003586492,0.000926677,1,60,16.66666667
dataset_batch_4_geo_073,dataset_batch_4_geo_073_pw_01,1.04255745,0.477448162,565.7964822,0.161669834,0.018205999,23.1378319,0.4,0.568783873,SUCCESS,0,0.002446102,1.268786311,1.172071099,90,90,0.073170732,111797308.3,0.002178373,0.002178373,0.000734635,2,60,16.66666667
dataset_batch_4_geo_073,dataset_batch_4_geo_073_pw_02,1.04255745,0.477448162,565.7964822,0.161669834,0.018205999,23.1378319,0.5,0.568783873,SUCCESS,0,0.001186888,1.320067286,1.219479442,90,90,0.060083284,112577296.7,0.001947259,0.001947259,0.000884768,2,60,16.66666667
dataset_batch_4_geo_073,dataset_batch_4_geo_073_pw_03,1.04255745,0.477448162,565.7964822,0.161669834,0.018205999,23.1378319,0.6,0.568783873,SUCCESS,0,0.001034915,1.373401761,1.268786311,90,90,0.064247472,108003013.6,0.001753729,0.001753729,0.001085912,2,60,16.66666667
dataset_batch_4_geo_073,dataset_batch_4_geo_073_pw_04,1.04255745,0.477448162,565.7964822,0.161669834,0.018205999,23.1378319,0.7,0.568783873,SUCCESS,0,0.001592873,1.48656261,1.373401761,90,90,0.073765616,103276325.9,0.001542501,0.001542501,0.001305589,2,60,16.66666667
dataset_batch_4_geo_073,dataset_batch_4_geo_073_pw_05,1.04255745,0.477448162,565.7964822,0.161669834,0.018205999,23.1378319,0.8,0.568783873,SUCCESS,0,0.002199526,1.673869133,1.546563625,90,90,0.086853064,98588416.21,0.001550597,0.00133996,0.001550597,3,60,16.66666667
dataset_batch_4_geo_074,dataset_batch_4_geo_074_pw_01,0.701457882,0.467900256,582.5017974,0.185581719,0.017252229,20.30017873,0.4,0.965891314,SUCCESS,0,0.000203126,1.320067286,1.126487851,24.75,13.5,0.041046996,72117327.51,0.000933086,0.000933086,0.000204508,2,60,16.66666667
dataset_batch_4_geo_074,dataset_batch_4_geo_074_pw_02,0.701457882,0.467900256,582.5017974,0.185581719,0.017252229,20.30017873,0.5,0.965891314,SUCCESS,0,0.00024133,1.320067286,1.126487851,24.75,13.5,0.042831648,66367699.47,0.000734596,0.000734596,0.000376209,2,60,16.66666667
dataset_batch_4_geo_074,dataset_batch_4_geo_074_pw_03,0.701457882,0.467900256,582.5017974,0.185581719,0.017252229,20.30017873,0.6,0.965891314,SUCCESS,0,0.000402398,1.48656261,1.268786311,24.75,18,0.058298632,60674119.41,0.000586789,0.00055021,0.000586789,3,60,16.66666667
dataset_batch_4_geo_074,dataset_batch_4_geo_074_pw_04,0.701457882,0.467900256,582.5017974,0.185581719,0.017252229,20.30017873,0.7,0.965891314,SUCCESS,0,0.000679753,1.673869133,1.428871632,29.25,22.5,0.084473528,55100221.22,0.000818805,0.00036965,0.000818805,3,60,16.66666667
dataset_batch_4_geo_074,dataset_batch_4_geo_074_pw_05,0.701457882,0.467900256,582.5017974,0.185581719,0.017252229,20.30017873,0.8,0.965891314,SUCCESS,0,0.001081201,1.884588718,1.608967185,31.49999809,27,0.11600238,49736917.88,0.001077518,0.000219799,0.001077518,3,60,16.66666667
dataset_batch_4_geo_075,dataset_batch_4_geo_075_pw_01,1.054591875,0.856213537,448.8494117,0.214145211,0.019520486,18.50496833,0.4,0.690210103,SUCCESS,0,0.003315327,1.320067286,1.268786311,81,67.5,0.113622844,95250507.5,0.00222441,0.00222441,0,2,60,16.66666667
dataset_batch_4_geo_075,dataset_batch_4_geo_075_pw_02,1.054591875,0.856213537,448.8494117,0.214145211,0.019520486,18.50496833,0.5,0.690210103,SUCCESS,0,0.001634511,1.172071099,1.126487851,47.25000381,40.5,0.05056514,95402673.9,0.001843598,0.001843598,0,2,60,16.66666667
dataset_batch_4_geo_075,dataset_batch_4_geo_075_pw_03,1.054591875,0.856213537,448.8494117,0.214145211,0.019520486,18.50496833,0.6,0.690210103,SUCCESS,0,0.000378364,1.082659483,1.040518522,24.75000191,15.74999905,0.015466984,96039254.92,0.001537416,0.001537416,0,2,60,16.66666667
dataset_batch_4_geo_075,dataset_batch_4_geo_075_pw_04,1.054591875,0.856213537,448.8494117,0.214145211,0.019520486,18.50496833,0.7,0.690210103,SUCCESS,0,7.09E-19,1,1,0,0,0,94432039.54,0.001264285,0.001264285,2.04E-05,1,60,16.66666667
dataset_batch_4_geo_075,dataset_batch_4_geo_075_pw_05,1.054591875,0.856213537,448.8494117,0.214145211,0.019520486,18.50496833,0.8,0.690210103,SUCCESS,0,7.62E-19,1,1,0,0,0,88674986.72,0.00099399,0.00099399,0.000203711,1,60,16.66666667
dataset_batch_4_geo_076,dataset_batch_4_geo_076_pw_01,1.177630195,0.563275392,152.8732021,0.272836601,0.112748088,20.80314848,0.4,0.847382635,SUCCESS,0,0.010661151,1.172071099,1.172071099,90,90,0.045211184,127620246.4,0.008949481,0.008949481,0.001725807,2,60,16.66666667
dataset_batch_4_geo_076,dataset_batch_4_geo_076_pw_02,1.177630195,0.563275392,152.8732021,0.272836601,0.112748088,20.80314848,0.5,0.847382635,SUCCESS,0,0.005187914,1.082659483,1.082659483,90,90,0.02676978,129696072.8,0.008005787,0.008005787,0.002241834,2,60,16.66666667
dataset_batch_4_geo_076,dataset_batch_4_geo_076_pw_03,1.177630195,0.563275392,152.8732021,0.272836601,0.112748088,20.80314848,0.6,0.847382635,SUCCESS,0,0.002235041,1.082659483,1.040518522,90,90,0.02082094,129216020.1,0.007146877,0.007146877,0.002862678,2,60,16.66666667
dataset_batch_4_geo_076,dataset_batch_4_geo_076_pw_04,1.177630195,0.563275392,152.8732021,0.272836601,0.112748088,20.80314848,0.7,0.847382635,SUCCESS,0,0.001939269,1.126487851,1.126487851,90,90,0.02676978,124225498.7,0.006332559,0.006332559,0.003589303,2,60,16.66666667
dataset_batch_4_geo_076,dataset_batch_4_geo_076_pw_05,1.177630195,0.563275392,152.8732021,0.272836601,0.112748088,20.80314848,0.8,0.847382635,SUCCESS,0,0.003351873,1.219479561,1.219479442,90,90,0.035098156,119084526.8,0.005508545,0.005508545,0.004389683,2,60,16.66666667
dataset_batch_4_geo_077,dataset_batch_4_geo_077_pw_01,1.164483957,0.588171165,705.638911,0.191752149,0.147362766,17.77543226,0.4,0.106112068,SUCCESS,0,0.002115815,1.268786311,1.219479561,90,31.49999809,0.055324212,120770165.8,0.001959792,0.001959792,0.000438868,2,60,16.66666667
dataset_batch_4_geo_077,dataset_batch_4_geo_077_pw_02,1.164483957,0.588171165,705.638911,0.191752149,0.147362766,17.77543226,0.5,0.106112068,SUCCESS,0,0.001219917,1.172071099,1.126487851,90,24.75000191,0.033908388,121701811,0.001745747,0.001745747,0.000533106,2,60,16.66666667
dataset_batch_4_geo_077,dataset_batch_4_geo_077_pw_03,1.164483957,0.588171165,705.638911,0.191752149,0.147362766,17.77543226,0.6,0.106112068,SUCCESS,0,0.000614873,1.082659483,1.082659483,90,18,0.022010708,122477319.2,0.001558529,0.001558529,0.000653857,2,60,16.66666667
dataset_batch_4_geo_077,dataset_batch_4_geo_077_pw_04,1.164483957,0.588171165,705.638911,0.191752149,0.147362766,17.77543226,0.7,0.106112068,SUCCESS,0,0.000538941,1.082659483,1.040518522,90,90,0.028554432,117541241.1,0.001389321,0.001389321,0.000805502,2,60,16.66666667
dataset_batch_4_geo_077,dataset_batch_4_geo_077_pw_05,1.164483957,0.588171165,705.638911,0.191752149,0.147362766,17.77543226,0.8,0.106112068,SUCCESS,0,0.000504801,1.172071099,1.082659483,90,90,0.037477692,112561153.9,0.001214947,0.001214947,0.000966532,2,60,16.66666667
dataset_batch_4_geo_078,dataset_batch_4_geo_078_pw_01,1.072428647,0.470194987,794.1676443,0.249236859,0.1335832,21.76785932,0.4,0.594018691,SUCCESS,0,0.000747793,1.082659483,1.082659483,90,90,0.027959548,124087134.3,0.001539418,0.001539418,0.000438276,2,60,16.66666667
dataset_batch_4_geo_078,dataset_batch_4_geo_078_pw_02,1.072428647,0.470194987,794.1676443,0.249236859,0.1335832,21.76785932,0.5,0.594018691,SUCCESS,0,0.000214258,1.082659483,1.040518522,90,90,0.019631172,125089643.8,0.001378011,0.001378011,0.000557905,2,60,16.66666667
dataset_batch_4_geo_078,dataset_batch_4_geo_078_pw_03,1.072428647,0.470194987,794.1676443,0.249236859,0.1335832,21.76785932,0.6,0.594018691,SUCCESS,0,0.000372891,1.172071099,1.082659483,90,90,0.02676978,120431251.3,0.001224017,0.001224017,0.000698244,2,60,16.66666667
dataset_batch_4_geo_078,dataset_batch_4_geo_078_pw_04,1.072428647,0.470194987,794.1676443,0.249236859,0.1335832,21.76785932,0.7,0.594018691,SUCCESS,0,0.000647782,1.219479561,1.172071099,90,90,0.033908388,115395692.6,0.001066959,0.001066959,0.000853037,2,60,16.66666667
dataset_batch_4_geo_078,dataset_batch_4_geo_078_pw_05,1.072428647,0.470194987,794.1676443,0.249236859,0.1335832,21.76785932,0.8,0.594018691,SUCCESS,0,0.000979098,1.320067286,1.268786311,90,90,0.042831648,110212777,0.001020524,0.000917912,0.001020524,3,60,16.66666667
dataset_batch_4_geo_079,dataset_batch_4_geo_079_pw_01,1.170589475,0.759203753,297.4501295,0.198499637,0.043605519,21.36985377,0.4,0.009438705,FAILED,1,,,,,,,,,,,0,60,16.66666667
dataset_batch_4_geo_079,dataset_batch_4_geo_079_pw_02,1.170589475,0.759203753,297.4501295,0.198499637,0.043605519,21.36985377,0.5,0.009438705,SUCCESS,0,0.002357255,1.172071099,1.126487851,33.75,29.25000381,0.035098156,116120933.8,0.003759285,0.003759285,0.000329901,2,60,16.66666667
dataset_batch_4_geo_079,dataset_batch_4_geo_079_pw_03,1.170589475,0.759203753,297.4501295,0.198499637,0.043605519,21.36985377,0.6,0.009438705,SUCCESS,0,0.000860932,1.082659483,1.040518522,22.50000191,18,0.016061868,117275263,0.0033038,0.0033038,0.000559253,2,60,16.66666667
dataset_batch_4_geo_079,dataset_batch_4_geo_079_pw_04,1.170589475,0.759203753,297.4501295,0.198499637,0.043605519,21.36985377,0.7,0.009438705,SUCCESS,0,1.27E-18,1,1,0,0,0,119605077,0.002891215,0.002891215,0.000844636,1,60,16.66666667
dataset_batch_4_geo_079,dataset_batch_4_geo_079_pw_05,1.170589475,0.759203753,297.4501295,0.198499637,0.043605519,21.36985377,0.8,0.009438705,SUCCESS,0,1.09E-18,1,1,0,0,0,113847849.9,0.002488589,0.002488589,0.001186178,1,60,16.66666667
dataset_batch_4_geo_080,dataset_batch_4_geo_080_pw_01,1.194320796,0.725952303,219.908849,0.293502767,0.054030067,20.1341973,0.4,0.226485954,FAILED,1,,,,,,,,,,,0,60,16.66666667
dataset_batch_4_geo_080,dataset_batch_4_geo_080_pw_02,1.194320796,0.725952303,219.908849,0.293502767,0.054030067,20.1341973,0.5,0.226485954,SUCCESS,0,0.005695692,1.219479561,1.172071099,36.00000381,33.75,0.0446163,117633396.1,0.005386754,0.005386754,0.000495055,2,60,16.66666667
dataset_batch_4_geo_080,dataset_batch_4_geo_080_pw_03,1.194320796,0.725952303,219.908849,0.293502767,0.054030067,20.1341973,0.6,0.226485954,SUCCESS,0,0.002208982,1.082659483,1.082659483,24.75000191,22.50000191,0.019631172,120445427.2,0.004656509,0.004656509,0.00080685,2,60,16.66666667
dataset_batch_4_geo_080,dataset_batch_4_geo_080_pw_04,1.194320796,0.725952303,219.908849,0.293502767,0.054030067,20.1341973,0.7,0.226485954,SUCCESS,0,0.000207895,1.040518522,1.040518522,9.000002861,4.500001431,0.00594884,124064427.8,0.004039149,0.004039149,0.001188765,2,60,16.66666667
dataset_batch_4_geo_080,dataset_batch_4_geo_080_pw_05,1.194320796,0.725952303,219.908849,0.293502767,0.054030067,20.1341973,0.8,0.226485954,SUCCESS,0,1.70E-18,1,1,0,0,0,119719183.7,0.003450766,0.003450766,0.001657591,1,60,16.66666667
dataset_batch_4_geo_081,dataset_batch_4_geo_081_pw_01,0.91159439,0.400420739,437.3173648,0.209709172,0.118705671,16.66822022,0.4,0.741362531,SUCCESS,0,0.003157634,1.268786311,1.172071099,90,90,0.067221892,98058497.54,0.002314607,0.002314607,0.000946256,2,60,16.66666667
dataset_batch_4_geo_081,dataset_batch_4_geo_081_pw_02,0.91159439,0.400420739,437.3173648,0.209709172,0.118705671,16.66822022,0.5,0.741362531,SUCCESS,0,0.003135487,1.373401761,1.268786311,90,90,0.076145152,94123688.77,0.002052792,0.002052792,0.00119554,2,60,16.66666667
dataset_batch_4_geo_081,dataset_batch_4_geo_081_pw_03,0.91159439,0.400420739,437.3173648,0.209709172,0.118705671,16.66822022,0.6,0.741362531,SUCCESS,0,0.003108625,1.48656261,1.373401761,90,90,0.092801904,90034255.3,0.001784824,0.001784824,0.001466669,2,60,16.66666667
dataset_batch_4_geo_081,dataset_batch_4_geo_081_pw_04,0.91159439,0.400420739,437.3173648,0.209709172,0.118705671,16.66822022,0.7,0.741362531,SUCCESS,0,0.003002784,1.608967185,1.48656261,90,90,0.112433076,86054496.94,0.00176937,0.001515064,0.00176937,3,60,16.66666667
dataset_batch_4_geo_081,dataset_batch_4_geo_081_pw_05,0.91159439,0.400420739,437.3173648,0.209709172,0.118705671,16.66822022,0.8,0.741362531,SUCCESS,0,0.002895113,1.811573982,1.673869371,90,90,0.140392623,82235230.33,0.002105194,0.001291337,0.002105194,3,60,16.66666667
dataset_batch_4_geo_082,dataset_batch_4_geo_082_pw_01,1.183474612,0.481256603,858.1723016,0.347970602,0.088665368,15.34464094,0.4,0.001175891,FAILED,1,,,,,,,,,,,0,60,16.66666667
dataset_batch_4_geo_082,dataset_batch_4_geo_082_pw_02,1.183474612,0.481256603,858.1723016,0.347970602,0.088665368,15.34464094,0.5,0.001175891,FAILED,1,,,,,,,,,,,0,60,16.66666667
dataset_batch_4_geo_082,dataset_batch_4_geo_082_pw_03,1.183474612,0.481256603,858.1723016,0.347970602,0.088665368,15.34464094,0.6,0.001175891,FAILED,1,,,,,,,,,,,0,60,16.66666667
dataset_batch_4_geo_082,dataset_batch_4_geo_082_pw_04,1.183474612,0.481256603,858.1723016,0.347970602,0.088665368,15.34464094,0.7,0.001175891,FAILED,1,,,,,,,,,,,0,60,16.66666667
dataset_batch_4_geo_082,dataset_batch_4_geo_082_pw_05,1.183474612,0.481256603,858.1723016,0.347970602,0.088665368,15.34464094,0.8,0.001175891,FAILED,1,,,,,,,,,,,0,60,16.66666667
dataset_batch_4_geo_083,dataset_batch_4_geo_083_pw_01,0.761447808,0.432718248,653.3832541,0.151901557,0.092280075,24.50714002,0.4,0.515320115,SUCCESS,0,1.35E-05,1.040518522,1,6.75,0,0.004759072,84297725.75,0.00103969,0.00103969,0.000361332,1,60,16.66666667
dataset_batch_4_geo_083,dataset_batch_4_geo_083_pw_02,0.761447808,0.432718248,653.3832541,0.151901557,0.092280075,24.50714002,0.5,0.515320115,SUCCESS,0,7.21E-05,1.082659483,1,11.25,0,0.009518144,78540924.58,0.000865639,0.000865639,0.000522372,1,60,16.66666667
dataset_batch_4_geo_083,dataset_batch_4_geo_083_pw_03,0.761447808,0.432718248,653.3832541,0.151901557,0.092280075,24.50714002,0.6,0.515320115,SUCCESS,0,0.000215668,1.172071099,1.040518522,18,8.999999046,0.019036288,72791066.49,0.000700546,0.00069558,0.000700546,3,60,16.66666667
dataset_batch_4_geo_083,dataset_batch_4_geo_083_pw_04,0.761447808,0.432718248,653.3832541,0.151901557,0.092280075,24.50714002,0.7,0.515320115,SUCCESS,0,0.000428138,1.268786311,1.126487851,20.24999809,15.74999905,0.030339084,67065748.85,0.000885359,0.000528674,0.000885359,3,60,16.66666667
dataset_batch_4_geo_083,dataset_batch_4_geo_083_pw_05,0.761447808,0.432718248,653.3832541,0.151901557,0.092280075,24.50714002,0.8,0.515320115,SUCCESS,0,0.000757311,1.373401761,1.268786311,24.75,20.24999809,0.045211184,61391454.03,0.001079777,0.000388152,0.001079777,3,60,16.66666667
dataset_batch_4_geo_084,dataset_batch_4_geo_084_pw_01,0.739508047,0.43380639,797.2669809,0.256361603,0.120747731,27.69588032,0.4,0.176279614,SUCCESS,0,2.56E-19,1,1,0,0,0,80468882.53,0.00076851,0.00076851,0.000214536,1,60,16.66666667
dataset_batch_4_geo_084,dataset_batch_4_geo_084_pw_02,0.739508047,0.43380639,797.2669809,0.256361603,0.120747731,27.69588032,0.5,0.176279614,SUCCESS,0,4.56E-19,1,1,0,0,0,74712411.53,0.000611057,0.000611057,0.000345458,1,60,16.66666667
dataset_batch_4_geo_084,dataset_batch_4_geo_084_pw_03,0.739508047,0.43380639,797.2669809,0.256361603,0.120747731,27.69588032,0.6,0.176279614,SUCCESS,0,6.37E-06,1.040518522,1,2.249999762,0,0.002379536,68956441.86,0.000495655,0.000453899,0.000495655,1,60,16.66666667
dataset_batch_4_geo_084,dataset_batch_4_geo_084_pw_04,0.739508047,0.43380639,797.2669809,0.256361603,0.120747731,27.69588032,0.7,0.176279614,SUCCESS,0,0.000120789,1.082659483,1,15.74999905,4.499999523,0.01189768,63202233.84,0.000654183,0.00031135,0.000654183,3,60,16.66666667
dataset_batch_4_geo_084,dataset_batch_4_geo_084_pw_05,0.739508047,0.43380639,797.2669809,0.256361603,0.120747731,27.69588032,0.8,0.176279614,SUCCESS,0,0.000316159,1.172071099,1.082659483,20.24999809,13.5,0.023200476,57466293.63,0.000817137,0.000193867,0.000817137,3,60,16.66666667
dataset_batch_4_geo_085,dataset_batch_4_geo_085_pw_01,0.913197913,0.630747645,819.8980584,0.150524462,0.082148346,16.07335234,0.4,0.205459162,SUCCESS,0,0.00102323,1.219479561,1.172071099,38.25000381,31.49999809,0.044021416,87844143.06,0.001026301,0.001026301,7.08E-05,2,60,16.66666667
dataset_batch_4_geo_085,dataset_batch_4_geo_085_pw_02,0.913197913,0.630747645,819.8980584,0.150524462,0.082148346,16.07335234,0.5,0.205459162,SUCCESS,0,0.00027998,1.082659483,1.040518522,20.25,13.50000477,0.0148721,88194314.02,0.000858487,0.000858487,0.000139927,2,60,16.66666667
dataset_batch_4_geo_085,dataset_batch_4_geo_085_pw_03,0.913197913,0.630747645,819.8980584,0.150524462,0.082148346,16.07335234,0.6,0.205459162,SUCCESS,0,3.89E-19,1,1,0,0,0,88118667.77,0.000715433,0.000715433,0.000244845,1,60,16.66666667
dataset_batch_4_geo_085,dataset_batch_4_geo_085_pw_04,0.913197913,0.630747645,819.8980584,0.150524462,0.082148346,16.07335234,0.7,0.205459162,SUCCESS,0,3.71E-19,1,1,0,0,0,82361003.6,0.000575204,0.000575204,0.000373351,1,60,16.66666667
dataset_batch_4_geo_085,dataset_batch_4_geo_085_pw_05,0.913197913,0.630747645,819.8980584,0.150524462,0.082148346,16.07335234,0.8,0.205459162,SUCCESS,0,9.97E-05,1.082659483,1,15.75,0,0.012492564,76605829.32,0.000514602,0.000435984,0.000514602,1,60,16.66666667
dataset_batch_4_geo_086,dataset_batch_4_geo_086_pw_01,0.893586262,0.444165299,307.1309616,0.220195529,0.012689453,28.96756744,0.4,0.819382781,SUCCESS,0,0.000488375,1.126487851,1.082659483,18,11.25,0.01784652,106375599.4,0.00298146,0.00298146,0.000919647,2,60,16.66666667
dataset_batch_4_geo_086,dataset_batch_4_geo_086_pw_02,0.893586262,0.444165299,307.1309616,0.220195529,0.012689453,28.96756744,0.5,0.819382781,SUCCESS,0,0.000723591,1.172071099,1.126487851,18,11.25,0.02082094,100626172.4,0.002600789,0.002600789,0.001260387,2,60,16.66666667
dataset_batch_4_geo_086,dataset_batch_4_geo_086_pw_03,0.893586262,0.444165299,307.1309616,0.220195529,0.012689453,28.96756744,0.6,0.819382781,SUCCESS,0,0.001234716,1.268786311,1.219479561,18,15.74999905,0.027959548,94901603.97,0.002237087,0.002237087,0.001646622,2,60,16.66666667
dataset_batch_4_geo_086,dataset_batch_4_geo_086_pw_04,0.893586262,0.444165299,307.1309616,0.220195529,0.012689453,28.96756744,0.7,0.819382781,SUCCESS,0,0.00194543,1.373401761,1.320067286,20.24999809,18,0.037477692,89221877.15,0.002075904,0.001875045,0.002075904,3,60,16.66666667
dataset_batch_4_geo_086,dataset_batch_4_geo_086_pw_05,0.893586262,0.444165299,307.1309616,0.220195529,0.012689453,28.96756744,0.8,0.819382781,SUCCESS,0,0.002828259,1.48656261,1.428871632,22.5,18,0.048780488,83616243.89,0.002531293,0.001518834,0.002531293,3,60,16.66666667
dataset_batch_4_geo_087,dataset_batch_4_geo_087_pw_01,0.986944116,0.662642576,298.8290707,0.185089853,0.043346052,21.37229673,0.4,0.384425574,SUCCESS,0,0.002170856,1.126487851,1.126487851,33.75,29.25000381,0.030339084,100412551.5,0.00316941,0.00316941,0.000117023,2,60,16.66666667
dataset_batch_4_geo_087,dataset_batch_4_geo_087_pw_02,0.986944116,0.662642576,298.8290707,0.185089853,0.043346052,21.37229673,0.5,0.384425574,SUCCESS,0,0.000243779,1.040518522,1.040518522,13.50000477,6.750002384,0.008328376,102581002.7,0.00273846,0.00273846,0.000348072,2,60,16.66666667
dataset_batch_4_geo_087,dataset_batch_4_geo_087_pw_03,0.986944116,0.662642576,298.8290707,0.185089853,0.043346052,21.37229673,0.6,0.384425574,SUCCESS,0,9.98E-19,1,1,0,0,0,99055300.84,0.002341039,0.002341039,0.000632611,1,60,16.66666667
dataset_batch_4_geo_087,dataset_batch_4_geo_087_pw_04,0.986944116,0.662642576,298.8290707,0.185089853,0.043346052,21.37229673,0.7,0.384425574,SUCCESS,0,8.47E-19,1,1,0,0,0,93297938.19,0.001944748,0.001944748,0.000969833,1,60,16.66666667
dataset_batch_4_geo_087,dataset_batch_4_geo_087_pw_05,0.986944116,0.662642576,298.8290707,0.185089853,0.043346052,21.37229673,0.8,0.384425574,SUCCESS,0,1.89E-05,1.040518522,1,4.5,0,0.003569304,87540605.01,0.001548892,0.001548892,0.001352024,1,60,16.66666667
dataset_batch_4_geo_088,dataset_batch_4_geo_088_pw_01,0.74529628,0.509457139,472.5316221,0.28012427,0.051635967,18.19369057,0.4,0.562438337,SUCCESS,0,0.000252785,1.040518522,1.040518522,90,11.25000381,0.016061868,74354457.22,0.001216282,0.001216282,0.000108587,2,60,16.66666667
dataset_batch_4_geo_088,dataset_batch_4_geo_088_pw_02,0.74529628,0.509457139,472.5316221,0.28012427,0.051635967,18.19369057,0.5,0.562438337,SUCCESS,0,1.51E-05,1.040518522,1,9,0,0.00594884,71608739.32,0.000944359,0.000944359,0.00029577,1,60,16.66666667
dataset_batch_4_geo_088,dataset_batch_4_geo_088_pw_03,0.74529628,0.509457139,472.5316221,0.28012427,0.051635967,18.19369057,0.6,0.562438337,SUCCESS,0,0.000145296,1.126487851,1.040518522,18,6.75,0.01784652,65856193.22,0.000677509,0.000677509,0.00053015,2,60,16.66666667
dataset_batch_4_geo_088,dataset_batch_4_geo_088_pw_04,0.74529628,0.509457139,472.5316221,0.28012427,0.051635967,18.19369057,0.7,0.562438337,SUCCESS,0,0.000409907,1.268786311,1.172071099,24.75,18,0.036287924,60132659.15,0.000808126,0.000430011,0.000808126,3,60,16.66666667
dataset_batch_4_geo_088,dataset_batch_4_geo_088_pw_05,0.74529628,0.509457139,472.5316221,0.28012427,0.051635967,18.19369057,0.8,0.562438337,SUCCESS,0,0.000821809,1.428871632,1.320067286,29.25,24.75,0.061273052,54498726.61,0.001108904,0.000241152,0.001108904,3,60,16.66666667
dataset_batch_4_geo_089,dataset_batch_4_geo_089_pw_01,0.778137711,0.758139538,736.730117,0.219182718,0.031448064,15.84735788,0.4,0.534505744,SUCCESS,0,0.000375732,1.126487851,1.082659483,90,90,0.086853064,65543600.02,0.000667049,0.000667049,0,2,60,16.66666667
dataset_batch_4_geo_089,dataset_batch_4_geo_089_pw_02,0.778137711,0.758139538,736.730117,0.219182718,0.031448064,15.84735788,0.5,0.534505744,SUCCESS,0,3.70E-19,1,1,0,0,0,63783561.31,0.000478453,0.000478453,0,1,60,16.66666667
dataset_batch_4_geo_089,dataset_batch_4_geo_089_pw_03,0.778137711,0.758139538,736.730117,0.219182718,0.031448064,15.84735788,0.6,0.534505744,SUCCESS,0,3.08E-19,1,1,0,0,0,58026568.73,0.000313094,0.000313094,0,1,60,16.66666667
dataset_batch_4_geo_089,dataset_batch_4_geo_089_pw_04,0.778137711,0.758139538,736.730117,0.219182718,0.031448064,15.84735788,0.7,0.534505744,SUCCESS,0,3.85E-19,1,1,0,0,0,52269576.15,0.000147736,0.000147736,0,1,60,16.66666667
dataset_batch_4_geo_089,dataset_batch_4_geo_089_pw_05,0.778137711,0.758139538,736.730117,0.219182718,0.031448064,15.84735788,0.8,0.534505744,SUCCESS,0,3.18E-19,1,1,0,0,0,46512583.58,8.77E-05,5.77E-06,8.77E-05,1,60,16.66666667
dataset_batch_4_geo_090,dataset_batch_4_geo_090_pw_01,0.886507731,0.443792544,591.123303,0.19948418,0.096139758,19.02175434,0.4,0.997422456,SUCCESS,0,0.001093302,1.172071099,1.082659483,90,90,0.039857228,96715209.3,0.001546426,0.001546426,0.000506072,2,60,16.66666667
dataset_batch_4_geo_090,dataset_batch_4_geo_090_pw_02,0.886507731,0.443792544,591.123303,0.19948418,0.096139758,19.02175434,0.5,0.997422456,SUCCESS,0,0.000362199,1.219479561,1.126487851,90,90,0.03569304,94674660.84,0.001345804,0.001345804,0.000675217,2,60,16.66666667
dataset_batch_4_geo_090,dataset_batch_4_geo_090_pw_03,0.886507731,0.443792544,591.123303,0.19948418,0.096139758,19.02175434,0.6,0.997422456,SUCCESS,0,0.000611961,1.320067286,1.219479561,90,90,0.045211184,90159333.64,0.001157893,0.001157893,0.000876851,2,60,16.66666667
dataset_batch_4_geo_090,dataset_batch_4_geo_090_pw_04,0.886507731,0.443792544,591.123303,0.19948418,0.096139758,19.02175434,0.7,0.997422456,SUCCESS,0,0.000975445,1.428871632,1.320067286,90,90,0.0594884,84832220.06,0.001095429,0.000968376,0.001095429,3,60,16.66666667
dataset_batch_4_geo_090,dataset_batch_4_geo_090_pw_05,0.886507731,0.443792544,591.123303,0.19948418,0.096139758,19.02175434,0.8,0.997422456,SUCCESS,0,0.001456813,1.546563625,1.428871632,90,90,0.0743605,80018954.18,0.001338268,0.000788017,0.001338268,3,60,16.66666667
dataset_batch_4_geo_091,dataset_batch_4_geo_091_pw_01,0.935948001,0.449219149,721.6998014,0.185909062,0.081225581,18.49940995,0.4,0.055959165,SUCCESS,0,0.001276551,1.219479561,1.126487851,90,90,0.063057704,98495181.39,0.001416722,0.001416722,0.000493805,2,60,16.66666667
dataset_batch_4_geo_091,dataset_batch_4_geo_091_pw_02,0.935948001,0.449219149,721.6998014,0.185909062,0.081225581,18.49940995,0.5,0.055959165,SUCCESS,0,0.000751383,1.268786311,1.126487851,90,90,0.057703748,96643342.56,0.001237359,0.001237359,0.000619374,2,60,16.66666667
dataset_batch_4_geo_091,dataset_batch_4_geo_091_pw_03,0.935948001,0.449219149,721.6998014,0.185909062,0.081225581,18.49940995,0.6,0.055959165,SUCCESS,0,0.000703011,1.373401761,1.219479561,90,90,0.067816776,92354551.16,0.001068925,0.001068925,0.000779639,2,60,16.66666667
dataset_batch_4_geo_091,dataset_batch_4_geo_091_pw_04,0.935948001,0.449219149,721.6998014,0.185909062,0.081225581,18.49940995,0.7,0.055959165,SUCCESS,0,0.001027406,1.48656261,1.373401761,90,90,0.082093992,87665200.7,0.000954084,0.000902052,0.000954084,3,60,16.66666667
dataset_batch_4_geo_091,dataset_batch_4_geo_091_pw_05,0.935948001,0.449219149,721.6998014,0.185909062,0.081225581,18.49940995,0.8,0.055959165,FAILED,1,,,,,,,,,,,0,60,16.66666667
dataset_batch_4_geo_092,dataset_batch_4_geo_092_pw_01,1.150945066,0.851845016,815.7630446,0.299942828,0.097100913,19.28436757,0.4,0.159543651,FAILED,1,,,,,,,,,,,0,60,16.66666667
dataset_batch_4_geo_092,dataset_batch_4_geo_092_pw_02,1.150945066,0.851845016,815.7630446,0.299942828,0.097100913,19.28436757,0.5,0.159543651,FAILED,1,,,,,,,,,,,0,60,16.66666667
dataset_batch_4_geo_092,dataset_batch_4_geo_092_pw_03,1.150945066,0.851845016,815.7630446,0.299942828,0.097100913,19.28436757,0.6,0.159543651,SUCCESS,0,4.35E-05,1.040518522,1,9.000002861,0,0.00594884,115752275.6,0.001067369,0.001067369,0,1,60,16.66666667
dataset_batch_4_geo_092,dataset_batch_4_geo_092_pw_04,1.150945066,0.851845016,815.7630446,0.299942828,0.097100913,19.28436757,0.7,0.159543651,SUCCESS,0,6.63E-19,1,1,0,0,0,111208604,0.000907894,0.000907894,5.28E-05,1,60,16.66666667
dataset_batch_4_geo_092,dataset_batch_4_geo_092_pw_05,1.150945066,0.851845016,815.7630446,0.299942828,0.097100913,19.28436757,0.8,0.159543651,SUCCESS,0,5.65E-19,1,1,0,0,0,105452991,0.00074869,0.00074869,0.000160126,1,60,16.66666667
dataset_batch_4_geo_093,dataset_batch_4_geo_093_pw_01,0.742372597,0.422785229,633.3592271,0.244076763,0.062337298,21.82972418,0.4,0.621275729,SUCCESS,0,0.000134853,1.172071099,1.040518522,18,6.75,0.018441404,81563240.97,0.000998815,0.000998815,0.00031267,2,60,16.66666667
dataset_batch_4_geo_093,dataset_batch_4_geo_093_pw_02,0.742372597,0.422785229,633.3592271,0.244076763,0.062337298,21.82972418,0.5,0.621275729,SUCCESS,0,0.000232841,1.219479561,1.082659483,20.24999809,11.25,0.026174896,75817026.95,0.000808615,0.000808615,0.000483147,2,60,16.66666667
dataset_batch_4_geo_093,dataset_batch_4_geo_093_pw_03,0.742372597,0.422785229,633.3592271,0.244076763,0.062337298,21.82972418,0.6,0.621275729,SUCCESS,0,0.00043728,1.320067286,1.172071099,22.5,18,0.039262344,70104170.84,0.000682544,0.000621161,0.000682544,3,60,16.66666667
dataset_batch_4_geo_093,dataset_batch_4_geo_093_pw_04,0.742372597,0.422785229,633.3592271,0.244076763,0.062337298,21.82972418,0.7,0.621275729,SUCCESS,0,0.000730316,1.48656261,1.320067286,27,20.24999809,0.057703748,64468048.72,0.000900152,0.000446875,0.000900152,3,60,16.66666667
dataset_batch_4_geo_093,dataset_batch_4_geo_093_pw_05,0.742372597,0.422785229,633.3592271,0.244076763,0.062337298,21.82972418,0.8,0.621275729,SUCCESS,0,0.001125366,1.608967185,1.48656261,29.25,24.75,0.077929804,58961291.6,0.001135255,0.000311896,0.001135255,3,60,16.66666667
dataset_batch_4_geo_094,dataset_batch_4_geo_094_pw_01,1.161345996,0.679802405,110.3970456,0.178465062,0.070806674,21.7854903,0.4,0.337378349,SUCCESS,0,0.010801824,1.219479561,1.172071099,38.25000381,36.00000381,0.045211184,120181051.9,0.011714968,0.011714968,0.001422182,2,60,16.66666667
dataset_batch_4_geo_094,dataset_batch_4_geo_094_pw_02,1.161345996,0.679802405,110.3970456,0.178465062,0.070806674,21.7854903,0.5,0.337378349,SUCCESS,0,0.005268116,1.126487851,1.126487851,27.00000191,27.00000191,0.024390244,121281765.5,0.010427663,0.010427663,0.001976484,2,60,16.66666667
dataset_batch_4_geo_094,dataset_batch_4_geo_094_pw_03,1.161345996,0.679802405,110.3970456,0.178465062,0.070806674,21.7854903,0.6,0.337378349,SUCCESS,0,0.001250572,1.040518522,1.040518522,15.74999905,13.50000477,0.009518144,123325427.5,0.009291556,0.009291556,0.002713284,2,60,16.66666667
dataset_batch_4_geo_094,dataset_batch_4_geo_094_pw_04,1.161345996,0.679802405,110.3970456,0.178465062,0.070806674,21.7854903,0.7,0.337378349,SUCCESS,0,3.04E-18,1,1,0,0,0,122317693.6,0.008217145,0.008217145,0.003600135,1,60,16.66666667
dataset_batch_4_geo_094,dataset_batch_4_geo_094_pw_05,1.161345996,0.679802405,110.3970456,0.178465062,0.070806674,21.7854903,0.8,0.337378349,SUCCESS,0,0.000370613,1.040518522,1.040518522,9,6.75,0.00594884,116560589.8,0.007154779,0.007154779,0.004590228,2,60,16.66666667
dataset_batch_4_geo_095,dataset_batch_4_geo_095_pw_01,0.670546155,0.447010382,291.5845687,0.180665995,0.06625927,15.74238017,0.4,0.736813713,SUCCESS,0,0.000417221,1.48656261,1.268786311,90,90,0.091612136,65482989.99,0.001730469,0.001730469,0.000466609,2,60,16.66666667
dataset_batch_4_geo_095,dataset_batch_4_geo_095_pw_02,0.670546155,0.447010382,291.5845687,0.180665995,0.06625927,15.74238017,0.5,0.736813713,SUCCESS,0,0.000508023,1.546563625,1.320067286,29.25,22.5,0.085663296,62245451.53,0.00133767,0.00133767,0.000824031,2,60,16.66666667
dataset_batch_4_geo_095,dataset_batch_4_geo_095_pw_03,0.670546155,0.447010382,291.5845687,0.180665995,0.06625927,15.74238017,0.6,0.736813713,SUCCESS,0,0.000828287,1.741370201,1.48656261,31.49999809,27,0.11005354,56603176.59,0.001260347,0.000965344,0.001260347,3,60,16.66666667
dataset_batch_4_geo_095,dataset_batch_4_geo_095_pw_04,0.670546155,0.447010382,291.5845687,0.180665995,0.06625927,15.74238017,0.7,0.736813713,SUCCESS,0,0.00139524,2.039506197,1.741370201,33.75,31.49999809,0.151695419,51132845.89,0.001744271,0.0006093,0.001744271,3,60,16.66666667
dataset_batch_4_geo_095,dataset_batch_4_geo_095_pw_05,0.670546155,0.447010382,291.5845687,0.180665995,0.06625927,15.74238017,0.8,0.736813713,SUCCESS,0,0.002330231,2.388337851,2.039506197,38.25,36,0.202260559,45896662.75,0.0022951,0.000348888,0.0022951,3,60,16.66666667
dataset_batch_4_geo_096,dataset_batch_4_geo_096_pw_01,1.064554579,0.557208461,416.4654896,0.20117476,0.023089685,26.45073276,0.4,0.363386638,SUCCESS,0,0.00093114,1.082659483,1.040518522,90,90,0.024390244,120165889.1,0.002797571,0.002797571,0.000566658,2,60,16.66666667
dataset_batch_4_geo_096,dataset_batch_4_geo_096_pw_02,1.064554579,0.557208461,416.4654896,0.20117476,0.023089685,26.45073276,0.5,0.363386638,SUCCESS,0,0.000134333,1.082659483,1,11.25,2.249999762,0.008328376,123849814.9,0.002501763,0.002501763,0.000776872,2,60,16.66666667
dataset_batch_4_geo_096,dataset_batch_4_geo_096_pw_03,1.064554579,0.557208461,416.4654896,0.20117476,0.023089685,26.45073276,0.6,0.363386638,SUCCESS,0,0.000252738,1.082659483,1.040518522,13.5,6.75,0.010113028,118094288.4,0.002216296,0.002216296,0.001023033,2,60,16.66666667
dataset_batch_4_geo_096,dataset_batch_4_geo_096_pw_04,1.064554579,0.557208461,416.4654896,0.20117476,0.023089685,26.45073276,0.7,0.363386638,SUCCESS,0,0.000632953,1.172071099,1.126487851,15.75,11.25,0.018441404,112348447.1,0.001932932,0.001932932,0.001296366,2,60,16.66666667
dataset_batch_4_geo_096,dataset_batch_4_geo_096_pw_05,1.064554579,0.557208461,416.4654896,0.20117476,0.023089685,26.45073276,0.8,0.363386638,SUCCESS,0,0.001169884,1.268786311,1.172071099,18,15.74999905,0.026174896,106631784.6,0.001645267,0.001645267,0.0015984,2,60,16.66666667
dataset_batch_4_geo_097,dataset_batch_4_geo_097_pw_01,0.726768945,0.652835717,499.606914,0.151669489,0.103058979,19.01485866,0.4,0.635679833,SUCCESS,0,4.45E-19,1,1,0,0,0,66423670.23,0.000871124,0.000871124,0,1,60,16.66666667
dataset_batch_4_geo_097,dataset_batch_4_geo_097_pw_02,0.726768945,0.652835717,499.606914,0.151669489,0.103058979,19.01485866,0.5,0.635679833,SUCCESS,0,5.00E-19,1,1,0,0,0,60666015.09,0.000640768,0.000640768,0,1,60,16.66666667
dataset_batch_4_geo_097,dataset_batch_4_geo_097_pw_03,0.726768945,0.652835717,499.606914,0.151669489,0.103058979,19.01485866,0.6,0.635679833,SUCCESS,0,4.11E-19,1,1,0,0,0,54908359.94,0.000410412,0.000410412,2.91E-05,1,60,16.66666667
dataset_batch_4_geo_097,dataset_batch_4_geo_097_pw_04,0.726768945,0.652835717,499.606914,0.151669489,0.103058979,19.01485866,0.7,0.635679833,SUCCESS,0,4.11E-19,1,1,0,0,0,49150704.8,0.000227038,0.000180056,0.000227038,1,60,16.66666667
dataset_batch_4_geo_097,dataset_batch_4_geo_097_pw_05,0.726768945,0.652835717,499.606914,0.151669489,0.103058979,19.01485866,0.8,0.635679833,SUCCESS,0,4.64E-19,1,1,0,0,0,43393049.66,0.000457394,2.49E-06,0.000457394,1,60,16.66666667
dataset_batch_4_geo_098,dataset_batch_4_geo_098_pw_01,1.191981299,0.498554336,366.8729972,0.272765588,0.073621574,27.44097806,0.4,0.919178883,SUCCESS,0,0.00095576,1.126487851,1.082659483,90,90,0.025580012,147718557.9,0.003855274,0.003855274,0.00096665,2,60,16.66666667
dataset_batch_4_geo_098,dataset_batch_4_geo_098_pw_02,1.191981299,0.498554336,366.8729972,0.272765588,0.073621574,27.44097806,0.5,0.919178883,SUCCESS,0,0.000557,1.126487851,1.082659483,15.75,11.25,0.014277216,148909315.9,0.003506227,0.003506227,0.001227045,2,60,16.66666667
dataset_batch_4_geo_098,dataset_batch_4_geo_098_pw_03,1.191981299,0.498554336,366.8729972,0.272765588,0.073621574,27.44097806,0.6,0.919178883,SUCCESS,0,0.00110058,1.172071099,1.126487851,15.75,11.25,0.01784652,143170291.3,0.003180071,0.003180071,0.001524451,2,60,16.66666667
dataset_batch_4_geo_098,dataset_batch_4_geo_098_pw_04,1.191981299,0.498554336,366.8729972,0.272765588,0.073621574,27.44097806,0.7,0.919178883,SUCCESS,0,0.001739699,1.268786311,1.219479561,18,13.5,0.024985128,137457605.3,0.002854063,0.002854063,0.001850671,2,60,16.66666667
dataset_batch_4_geo_098,dataset_batch_4_geo_098_pw_05,1.191981299,0.498554336,366.8729972,0.272765588,0.073621574,27.44097806,0.8,0.919178883,SUCCESS,0,0.002489052,1.320067286,1.268786311,20.24999809,15.75,0.031528852,131785283.1,0.00252124,0.00252124,0.002208773,2,60,16.66666667
dataset_batch_4_geo_099,dataset_batch_4_geo_099_pw_01,0.959852123,0.480920816,125.3975785,0.317591944,0.095876178,16.86746229,0.4,0.093897044,SUCCESS,0,0.008627037,1.219479561,1.219479561,90,90,0.0594884,98343766.22,0.007961481,0.007961481,0.001797655,2,60,16.66666667
dataset_batch_4_geo_099,dataset_batch_4_geo_099_pw_02,0.959852123,0.480920816,125.3975785,0.317591944,0.095876178,16.86746229,0.5,0.093897044,SUCCESS,0,0.004360822,1.126487851,1.126487851,90,90,0.040452112,98631678.38,0.006724486,0.006724486,0.002442971,2,60,16.66666667
dataset_batch_4_geo_099,dataset_batch_4_geo_099_pw_03,0.959852123,0.480920816,125.3975785,0.317591944,0.095876178,16.86746229,0.6,0.093897044,SUCCESS,0,0.003900183,1.219479561,1.172071099,90,90,0.052349792,93823372.77,0.005648758,0.005648758,0.003334035,2,60,16.66666667
dataset_batch_4_geo_099,dataset_batch_4_geo_099_pw_04,0.959852123,0.480920816,125.3975785,0.317591944,0.095876178,16.86746229,0.7,0.093897044,SUCCESS,0,0.004541944,1.373401761,1.320067286,90,90,0.066032124,89161976.3,0.004643925,0.004643925,0.004334636,2,60,16.66666667
dataset_batch_4_geo_099,dataset_batch_4_geo_099_pw_05,0.959852123,0.480920816,125.3975785,0.317591944,0.095876178,16.86746229,0.8,0.093897044,SUCCESS,0,0.007111051,1.48656261,1.48656261,90,90,0.083878644,84473553.74,0.005514981,0.003885472,0.005514981,3,60,16.66666667
dataset_batch_4_geo_100,dataset_batch_4_geo_100_pw_01,1.124038286,0.650425766,180.5516361,0.153546959,0.053786189,28.94228566,0.4,0.579258187,SUCCESS,0,2.38E-05,1.040518522,1,6.750002384,0,0.004759072,134686192.3,0.006713433,0.006713433,0.00088736,1,60,16.66666667
dataset_batch_4_geo_100,dataset_batch_4_geo_100_pw_02,1.124038286,0.650425766,180.5516361,0.153546959,0.053786189,28.94228566,0.5,0.579258187,SUCCESS,0,1.99E-18,1,1,0,0,0,129017138,0.006074919,0.006074919,0.001343995,1,60,16.66666667
dataset_batch_4_geo_100,dataset_batch_4_geo_100_pw_03,1.124038286,0.650425766,180.5516361,0.153546959,0.053786189,28.94228566,0.6,0.579258187,SUCCESS,0,1.97E-18,1,1,0,0,0,123259497.8,0.005436459,0.005436459,0.001859854,1,60,16.66666667
dataset_batch_4_geo_100,dataset_batch_4_geo_100_pw_04,1.124038286,0.650425766,180.5516361,0.153546959,0.053786189,28.94228566,0.7,0.579258187,SUCCESS,0,1.77E-18,1,1,0,0,0,117501857.6,0.004797999,0.004797999,0.00242843,1,60,16.66666667
dataset_batch_4_geo_100,dataset_batch_4_geo_100_pw_05,1.124038286,0.650425766,180.5516361,0.153546959,0.053786189,28.94228566,0.8,0.579258187,SUCCESS,0,3.84E-05,1.040518522,1,2.249999762,0,0.002379536,111744262,0.004160535,0.004160535,0.003045755,1,60,16.66666667
dataset_batch_4_geo_101,dataset_batch_4_geo_101_pw_01,0.697145864,0.400219241,835.0709197,0.321148784,0.121649591,26.64710544,0.4,0.16479907,SUCCESS,0,3.87E-20,1,1,0,0,0,75008927.74,0.000636969,0.000636969,0.000202177,1,60,16.66666667
dataset_batch_4_geo_101,dataset_batch_4_geo_101_pw_02,0.697145864,0.400219241,835.0709197,0.321148784,0.121649591,26.64710544,0.5,0.16479907,SUCCESS,0,5.53E-19,1,1,0,0,0,69253883.48,0.000478919,0.000478919,0.000332656,1,60,16.66666667
dataset_batch_4_geo_101,dataset_batch_4_geo_101_pw_03,0.697145864,0.400219241,835.0709197,0.321148784,0.121649591,26.64710544,0.6,0.16479907,SUCCESS,0,6.95E-05,1.082659483,1,13.5,0,0.010113028,63500141.57,0.000483652,0.000330367,0.000483652,1,60,16.66666667
dataset_batch_4_geo_101,dataset_batch_4_geo_101_pw_04,0.697145864,0.400219241,835.0709197,0.321148784,0.121649591,26.64710544,0.7,0.16479907,SUCCESS,0,0.000258423,1.172071099,1.082659483,20.24999809,11.25,0.022010708,57748594.07,0.000645131,0.000205338,0.000645131,3,60,16.66666667
dataset_batch_4_geo_101,dataset_batch_4_geo_101_pw_05,0.697145864,0.400219241,835.0709197,0.321148784,0.121649591,26.64710544,0.8,0.16479907,SUCCESS,0,0.000707991,1.320067286,1.172071099,27,22.5,0.041046996,52088762.04,8.01E-05,5.52E-05,8.01E-05,3,60,16.66666667
dataset_batch_4_geo_102,dataset_batch_4_geo_102_pw_01,0.600900712,0.453683495,613.2393119,0.329656386,0.061385643,16.2682466,0.4,0.195093587,SUCCESS,0,6.70E-05,1.268786311,1,24.75,0,0.040452112,55594185.66,0.000546739,0.000546739,5.48E-05,1,60,16.66666667
dataset_batch_4_geo_102,dataset_batch_4_geo_102_pw_02,0.600900712,0.453683495,613.2393119,0.329656386,0.061385643,16.2682466,0.5,0.195093587,SUCCESS,0,9.48E-05,1.320067286,1,27,0,0.048185604,49845127.67,0.000331443,0.000331443,0.000217685,1,60,16.66666667
dataset_batch_4_geo_102,dataset_batch_4_geo_102_pw_03,0.600900712,0.453683495,613.2393119,0.329656386,0.061385643,16.2682466,0.6,0.195093587,SUCCESS,0,0.00021098,1.546563625,1.126487851,33.75,20.24999809,0.08625818,44141047.42,0.000436008,0.00014081,0.000436008,3,60,16.66666667
dataset_batch_4_geo_102,dataset_batch_4_geo_102_pw_04,0.600900712,0.453683495,613.2393119,0.329656386,0.061385643,16.2682466,0.7,0.195093587,SUCCESS,0,0.000641259,1.884588718,1.373401761,40.49999619,33.75,0.149315883,38803398.44,0.000687218,5.67E-06,0.000687218,3,60,16.66666667
dataset_batch_4_geo_102,dataset_batch_4_geo_102_pw_05,0.600900712,0.453683495,613.2393119,0.329656386,0.061385643,16.2682466,0.8,0.195093587,FAILED,1,,,,,,,,,,,0,60,16.66666667
dataset_batch_4_geo_103,dataset_batch_4_geo_103_pw_01,0.988879939,0.45552361,449.9304509,0.289659729,0.058988096,20.12563111,0.4,0.966970055,SUCCESS,0,0.003931363,1.219479561,1.172071099,90,90,0.0594884,106027869.6,0.002398903,0.002398903,0.000670468,2,60,16.66666667
dataset_batch_4_geo_103,dataset_batch_4_geo_103_pw_02,0.988879939,0.45552361,449.9304509,0.289659729,0.058988096,20.12563111,0.5,0.966970055,SUCCESS,0,0.00232615,1.268786311,1.172071099,90,90,0.051160024,104202385.5,0.002092578,0.002092578,0.000875634,2,60,16.66666667
dataset_batch_4_geo_103,dataset_batch_4_geo_103_pw_03,0.988879939,0.45552361,449.9304509,0.289659729,0.058988096,20.12563111,0.6,0.966970055,SUCCESS,0,0.002204548,1.373401761,1.268786311,90,90,0.06246282,99463015.57,0.001821374,0.001821374,0.001137856,2,60,16.66666667
dataset_batch_4_geo_103,dataset_batch_4_geo_103_pw_04,0.988879939,0.45552361,449.9304509,0.289659729,0.058988096,20.12563111,0.7,0.966970055,SUCCESS,0,0.00218742,1.48656261,1.373401761,90,90,0.075550268,94910254.56,0.001542772,0.001542772,0.00143693,2,60,16.66666667
dataset_batch_4_geo_103,dataset_batch_4_geo_103_pw_05,0.988879939,0.45552361,449.9304509,0.289659729,0.058988096,20.12563111,0.8,0.966970055,SUCCESS,0,0.002541002,1.673869133,1.546563625,90,90,0.093396788,90460793.12,0.001767033,0.001292532,0.001767033,3,60,16.66666667
dataset_batch_4_geo_104,dataset_batch_4_geo_104_pw_01,0.846570249,0.420674455,888.823769,0.280713326,0.058570734,22.21045532,0.4,0.161368119,SUCCESS,0,0.000150591,1.172071099,1.040518522,90,8.999999046,0.027364664,98967861.11,0.000914102,0.000914102,0.000282094,2,60,16.66666667
dataset_batch_4_geo_104,dataset_batch_4_geo_104_pw_02,0.846570249,0.420674455,888.823769,0.280713326,0.058570734,22.21045532,0.5,0.161368119,SUCCESS,0,0.00025232,1.219479561,1.082659483,20.24999809,13.5,0.028554432,93831989.83,0.000771151,0.000771151,0.000402787,2,60,16.66666667
dataset_batch_4_geo_104,dataset_batch_4_geo_104_pw_03,0.846570249,0.420674455,888.823769,0.280713326,0.058570734,22.21045532,0.6,0.161368119,SUCCESS,0,0.000995139,1.373401761,1.268786311,22.5,18,0.042236764,88164714.41,0.000161898,9.02E-06,0.000161898,3,60,16.66666667
dataset_batch_4_geo_104,dataset_batch_4_geo_104_pw_04,0.846570249,0.420674455,888.823769,0.280713326,0.058570734,22.21045532,0.7,0.161368119,SUCCESS,0,0.000943832,1.48656261,1.373401761,24.75,20.24999809,0.057703748,82557069.34,0.000229041,7.06E-05,0.000229041,3,60,16.66666667
dataset_batch_4_geo_104,dataset_batch_4_geo_104_pw_05,0.846570249,0.420674455,888.823769,0.280713326,0.058570734,22.21045532,0.8,0.161368119,FAILED,1,,,,,,,,,,,0,60,16.66666667
dataset_batch_4_geo_105,dataset_batch_4_geo_105_pw_01,1.024669917,0.644458017,931.1439584,0.336938277,0.053157947,19.47733065,0.4,0.349107,SUCCESS,0,0.001142884,1.219479561,1.172071099,38.25000381,33.75,0.046995836,101660478.1,0.001115317,0.001115317,2.63E-05,2,60,16.66666667
dataset_batch_4_geo_105,dataset_batch_4_geo_105_pw_02,1.024669917,0.644458017,931.1439584,0.336938277,0.053157947,19.47733065,0.5,0.349107,SUCCESS,0,0.00048801,1.082659483,1.040518522,24.75000191,20.25,0.019036288,103696112.4,0.000935385,0.000935385,8.61E-05,2,60,16.66666667
dataset_batch_4_geo_105,dataset_batch_4_geo_105_pw_03,1.024669917,0.644458017,931.1439584,0.336938277,0.053157947,19.47733065,0.6,0.349107,SUCCESS,0,3.76E-19,1,1,0,0,0,106506853.2,0.000786323,0.000786323,0.000176669,1,60,16.66666667
dataset_batch_4_geo_105,dataset_batch_4_geo_105_pw_04,1.024669917,0.644458017,931.1439584,0.336938277,0.053157947,19.47733065,0.7,0.349107,SUCCESS,0,4.76E-19,1,1,0,0,0,100752328.4,0.000642895,0.000642895,0.000283832,1,60,16.66666667
dataset_batch_4_geo_105,dataset_batch_4_geo_105_pw_05,1.024669917,0.644458017,931.1439584,0.336938277,0.053157947,19.47733065,0.8,0.349107,SUCCESS,0,0.000106419,1.082659483,1,13.5,0,0.010707912,94998307.16,0.000501289,0.000501289,0.000407479,1,60,16.66666667
dataset_batch_4_geo_106,dataset_batch_4_geo_106_pw_01,1.156257418,0.715690405,937.3581095,0.341263066,0.072750645,15.28975294,0.4,0.474041756,FAILED,1,,,,,,,,,,,0,60,16.66666667
dataset_batch_4_geo_106,dataset_batch_4_geo_106_pw_02,1.156257418,0.715690405,937.3581095,0.341263066,0.072750645,15.28975294,0.5,0.474041756,SUCCESS,0,0.001842831,1.373401761,1.320067286,40.5,36.00000381,0.075550268,107827457.8,0.000148387,0.000148387,0,2,60,16.66666667
dataset_batch_4_geo_106,dataset_batch_4_geo_106_pw_03,1.156257418,0.715690405,937.3581095,0.341263066,0.072750645,15.28975294,0.6,0.474041756,SUCCESS,0,0.001126344,1.219479561,1.172071099,33.75,27.00000191,0.042831648,108049138.7,0.001023845,0.001023845,0.000161838,2,60,16.66666667
dataset_batch_4_geo_106,dataset_batch_4_geo_106_pw_04,1.156257418,0.715690405,937.3581095,0.341263066,0.072750645,15.28975294,0.7,0.474041756,SUCCESS,0,0.000499896,1.126487851,1.082659483,22.50000191,18,0.020226056,109230804.1,0.000857604,0.000857604,0.000243782,2,60,16.66666667
dataset_batch_4_geo_106,dataset_batch_4_geo_106_pw_05,1.156257418,0.715690405,937.3581095,0.341263066,0.072750645,15.28975294,0.8,0.474041756,SUCCESS,0,0.000372548,1.082659483,1.040518522,90,15.74999905,0.023200476,105602419.9,0.000712555,0.000712555,0.000352353,2,60,16.66666667
dataset_batch_4_geo_107,dataset_batch_4_geo_107_pw_01,1.154406431,0.641745579,734.6745197,0.34074802,0.053063636,16.75392252,0.4,0.335498857,FAILED,1,,,,,,,,,,,0,60,16.66666667
dataset_batch_4_geo_107,dataset_batch_4_geo_107_pw_02,1.154406431,0.641745579,734.6745197,0.34074802,0.053063636,16.75392252,0.5,0.335498857,SUCCESS,0,0.002551931,1.373401761,1.320067286,90,36.00000381,0.08030934,109579589.5,0.001602089,0.001602089,0.000268537,2,60,16.66666667
dataset_batch_4_geo_107,dataset_batch_4_geo_107_pw_03,1.154406431,0.641745579,734.6745197,0.34074802,0.053063636,16.75392252,0.6,0.335498857,SUCCESS,0,0.00143531,1.219479561,1.172071099,90,29.25000381,0.048185604,110934450.6,0.001347224,0.001347224,0.000354059,2,60,16.66666667
dataset_batch_4_geo_107,dataset_batch_4_geo_107_pw_04,1.154406431,0.641745579,734.6745197,0.34074802,0.053063636,16.75392252,0.7,0.335498857,SUCCESS,0,0.001007149,1.126487851,1.126487851,90,90,0.041046996,109517626.1,0.001143158,0.001143158,0.000476654,2,60,16.66666667
dataset_batch_4_geo_107,dataset_batch_4_geo_107_pw_05,1.154406431,0.641745579,734.6745197,0.34074802,0.053063636,16.75392252,0.8,0.335498857,SUCCESS,0,0.000900674,1.219479561,1.126487851,90,90,0.052349792,104918527.4,0.000956077,0.000956077,0.000631529,2,60,16.66666667
dataset_batch_4_geo_108,dataset_batch_4_geo_108_pw_01,0.940848008,0.808760286,979.637155,0.193081313,0.024368021,17.56019521,0.4,0.886769902,SUCCESS,0,0.001036058,1.219479561,1.172071099,90,62.99999619,0.09815586,83815463.33,0.000790714,0.000790714,0,2,60,16.66666667
dataset_batch_4_geo_108,dataset_batch_4_geo_108_pw_02,0.940848008,0.808760286,979.637155,0.193081313,0.024368021,17.56019521,0.5,0.886769902,SUCCESS,0,0.000298064,1.082659483,1.040518522,36.00000381,24.75000191,0.02676978,84190549.58,0.000638237,0.000638237,0,2,60,16.66666667
dataset_batch_4_geo_108,dataset_batch_4_geo_108_pw_03,0.940848008,0.808760286,979.637155,0.193081313,0.024368021,17.56019521,0.6,0.886769902,SUCCESS,0,2.91E-19,1,1,0,0,0,83227053.96,0.000513258,0.000513258,0,1,60,16.66666667
dataset_batch_4_geo_108,dataset_batch_4_geo_108_pw_04,0.940848008,0.808760286,979.637155,0.193081313,0.024368021,17.56019521,0.7,0.886769902,SUCCESS,0,2.68E-19,1,1,0,0,0,77469770.68,0.000391559,0.000391559,6.77E-06,1,60,16.66666667
dataset_batch_4_geo_108,dataset_batch_4_geo_108_pw_05,0.940848008,0.808760286,979.637155,0.193081313,0.024368021,17.56019521,0.8,0.886769902,SUCCESS,0,3.40E-19,1,1,0,0,0,71712487.4,0.00026986,0.00026986,9.36E-05,1,60,16.66666667
dataset_batch_4_geo_109,dataset_batch_4_geo_109_pw_01,0.717041918,0.56007341,258.0937392,0.152029262,0.122169606,20.76150094,0.4,0.551209472,SUCCESS,0,9.09E-19,1,1,0,0,0,69776146.21,0.001900393,0.001900393,0,1,60,16.66666667
dataset_batch_4_geo_109,dataset_batch_4_geo_109_pw_02,0.717041918,0.56007341,258.0937392,0.152029262,0.122169606,20.76150094,0.5,0.551209472,SUCCESS,0,1.10E-18,1,1,0,0,0,64018493.92,0.00145434,0.00145434,0.000278603,1,60,16.66666667
dataset_batch_4_geo_109,dataset_batch_4_geo_109_pw_03,0.717041918,0.56007341,258.0937392,0.152029262,0.122169606,20.76150094,0.6,0.551209472,SUCCESS,0,8.15E-19,1,1,0,0,0,58260841.63,0.001008287,0.001008287,0.000664312,1,60,16.66666667
dataset_batch_4_geo_109,dataset_batch_4_geo_109_pw_04,0.717041918,0.56007341,258.0937392,0.152029262,0.122169606,20.76150094,0.7,0.551209472,SUCCESS,0,7.60E-19,1,1,0,0,0,52503189.34,0.001110365,0.00056678,0.001110365,1,60,16.66666667
dataset_batch_4_geo_109,dataset_batch_4_geo_109_pw_05,0.717041918,0.56007341,258.0937392,0.152029262,0.122169606,20.76150094,0.8,0.551209472,SUCCESS,0,9.43E-19,1,1,0,0,0,46745537.04,0.001556418,0.000206991,0.001556418,1,60,16.66666667
dataset_batch_4_geo_110,dataset_batch_4_geo_110_pw_01,0.94824314,0.442288527,743.0012177,0.162950566,0.114150668,21.80731118,0.4,0.379871599,SUCCESS,0,0.00026854,1.126487851,1.040518522,90,90,0.024985128,109887990.6,0.001396899,0.001396899,0.000495526,2,60,16.66666667
dataset_batch_4_geo_110,dataset_batch_4_geo_110_pw_02,0.94824314,0.442288527,743.0012177,0.162950566,0.114150668,21.80731118,0.5,0.379871599,SUCCESS,0,0.000235695,1.172071099,1.082659483,90,9,0.02082094,110053628.5,0.001242108,0.001242108,0.000632465,2,60,16.66666667
dataset_batch_4_geo_110,dataset_batch_4_geo_110_pw_03,0.94824314,0.442288527,743.0012177,0.162950566,0.114150668,21.80731118,0.6,0.379871599,SUCCESS,0,0.000420296,1.219479561,1.126487851,90,13.5,0.028554432,104346948,0.001090214,0.001090214,0.000788771,2,60,16.66666667
dataset_batch_4_geo_110,dataset_batch_4_geo_110_pw_04,0.94824314,0.442288527,743.0012177,0.162950566,0.114150668,21.80731118,0.7,0.379871599,SUCCESS,0,0.000711109,1.320067286,1.219479561,90,18,0.038072576,98661363.97,0.000957906,0.000933214,0.000957906,3,60,16.66666667
dataset_batch_4_geo_110,dataset_batch_4_geo_110_pw_05,0.94824314,0.442288527,743.0012177,0.162950566,0.114150668,21.80731118,0.8,0.379871599,SUCCESS,0,0.001090222,1.428871632,1.320067286,24.75,20.24999809,0.048780488,93031448.53,0.001136958,0.00078988,0.001136958,3,60,16.66666667
dataset_batch_4_geo_111,dataset_batch_4_geo_111_pw_01,1.080023745,0.856152847,995.0536054,0.34226082,0.016611667,23.72540446,0.4,0.936302795,SUCCESS,0,0.000511895,1.082659483,1.040518522,45,31.49999809,0.033313504,108387415.9,0.001016381,0.001016381,0,2,60,16.66666667
dataset_batch_4_geo_111,dataset_batch_4_geo_111_pw_02,1.080023745,0.856152847,995.0536054,0.34226082,0.016611667,23.72540446,0.5,0.936302795,SUCCESS,0,2.02E-05,1.040518522,1,13.50000477,0,0.007733492,110093981.9,0.000876431,0.000876431,0,1,60,16.66666667
dataset_batch_4_geo_111,dataset_batch_4_geo_111_pw_03,1.080023745,0.856152847,995.0536054,0.34226082,0.016611667,23.72540446,0.6,0.936302795,SUCCESS,0,3.94E-19,1,1,0,0,0,104546301.7,0.000741643,0.000741643,0,1,60,16.66666667
dataset_batch_4_geo_111,dataset_batch_4_geo_111_pw_04,1.080023745,0.856152847,995.0536054,0.34226082,0.016611667,23.72540446,0.7,0.936302795,SUCCESS,0,3.82E-19,1,1,0,0,0,98791975.37,0.000606896,0.000606896,0,1,60,16.66666667
dataset_batch_4_geo_111,dataset_batch_4_geo_111_pw_05,1.080023745,0.856152847,995.0536054,0.34226082,0.016611667,23.72540446,0.8,0.936302795,SUCCESS,0,3.48E-19,1,1,0,0,0,93037649.03,0.00047215,0.00047215,6.84E-05,1,60,16.66666667
dataset_batch_4_geo_112,dataset_batch_4_geo_112_pw_01,0.654430975,0.414480035,718.2613036,0.276414335,0.141894727,21.16635988,0.4,0.67210698,SUCCESS,0,2.87E-19,1,1,0,0,0,66905395.97,0.000641752,0.000641752,0.000193171,1,60,16.66666667
dataset_batch_4_geo_112,dataset_batch_4_geo_112_pw_02,0.654430975,0.414480035,718.2613036,0.276414335,0.141894727,21.16635988,0.5,0.67210698,SUCCESS,0,3.54E-19,1,1,0,0,0,61149278.26,0.000464199,0.000464199,0.000344627,1,60,16.66666667
dataset_batch_4_geo_112,dataset_batch_4_geo_112_pw_03,0.654430975,0.414480035,718.2613036,0.276414335,0.141894727,21.16635988,0.6,0.67210698,SUCCESS,0,6.30E-05,1.082659483,1,13.5,0,0.010113028,55394081.33,0.000519877,0.000295877,0.000519877,1,60,16.66666667
dataset_batch_4_geo_112,dataset_batch_4_geo_112_pw_04,0.654430975,0.414480035,718.2613036,0.276414335,0.141894727,21.16635988,0.7,0.67210698,SUCCESS,0,0.000231921,1.172071099,1.082659483,22.5,13.5,0.024985128,49654135.31,0.00070186,0.000158794,0.00070186,3,60,16.66666667
dataset_batch_4_geo_112,dataset_batch_4_geo_112_pw_05,0.654430975,0.414480035,718.2613036,0.276414335,0.141894727,21.16635988,0.8,0.67210698,SUCCESS,0,0.000454993,1.320067286,1.172071099,27,20.24999809,0.042831648,43966300.37,0.000892402,4.87E-05,0.000892402,3,60,16.66666667
dataset_batch_4_geo_113,dataset_batch_4_geo_113_pw_01,0.989272064,0.468049601,970.6820376,0.286628358,0.121485556,20.57286587,0.4,0.521756483,SUCCESS,0,0.000472736,1.082659483,1.040518522,90,15.74999905,0.02379536,112187461.6,0.00107876,0.00107876,0.000271718,2,60,16.66666667
dataset_batch_4_geo_113,dataset_batch_4_geo_113_pw_02,0.989272064,0.468049601,970.6820376,0.286628358,0.121485556,20.57286587,0.5,0.521756483,SUCCESS,0,9.52E-05,1.082659483,1,90,0,0.0148721,114526145.4,0.000943575,0.000943575,0.000369397,1,60,16.66666667
dataset_batch_4_geo_113,dataset_batch_4_geo_113_pw_03,0.989272064,0.468049601,970.6820376,0.286628358,0.121485556,20.57286587,0.6,0.521756483,SUCCESS,0,0.000245977,1.172071099,1.082659483,90,8.999999046,0.022605592,109334487.2,0.000812827,0.000812827,0.000484716,2,60,16.66666667
dataset_batch_4_geo_113,dataset_batch_4_geo_113_pw_04,0.989272064,0.468049601,970.6820376,0.286628358,0.121485556,20.57286587,0.7,0.521756483,SUCCESS,0,0.000466942,1.268786311,1.172071099,90,13.5,0.032123736,103856267.8,0.000681532,0.000681532,0.00061393,2,60,16.66666667
dataset_batch_4_geo_113,dataset_batch_4_geo_113_pw_05,0.989272064,0.468049601,970.6820376,0.286628358,0.121485556,20.57286587,0.8,0.521756483,SUCCESS,0,0.000733375,1.373401761,1.268786311,90,18,0.0446163,98319350.12,0.000757674,0.000567162,0.000757674,3,60,16.66666667
dataset_batch_4_geo_114,dataset_batch_4_geo_114_pw_01,1.057490172,0.76057389,534.0426339,0.257428142,0.041249704,27.37665027,0.4,0.25056025,SUCCESS,0,6.88E-19,1,1,0,0,0,117376503.6,0.001884818,0.001884818,0,1,60,16.66666667
dataset_batch_4_geo_114,dataset_batch_4_geo_114_pw_02,1.057490172,0.76057389,534.0426339,0.257428142,0.041249704,27.37665027,0.5,0.25056025,SUCCESS,0,6.83E-19,1,1,0,0,0,111620049.9,0.001649559,0.001649559,0,1,60,16.66666667
dataset_batch_4_geo_114,dataset_batch_4_geo_114_pw_03,1.057490172,0.76057389,534.0426339,0.257428142,0.041249704,27.37665027,0.6,0.25056025,SUCCESS,0,6.55E-19,1,1,0,0,0,105863596.2,0.001414301,0.001414301,0.000101799,1,60,16.66666667
dataset_batch_4_geo_114,dataset_batch_4_geo_114_pw_04,1.057490172,0.76057389,534.0426339,0.257428142,0.041249704,27.37665027,0.7,0.25056025,SUCCESS,0,5.75E-19,1,1,0,0,0,100107142.5,0.001179043,0.001179043,0.00026175,1,60,16.66666667
dataset_batch_4_geo_114,dataset_batch_4_geo_114_pw_05,1.057490172,0.76057389,534.0426339,0.257428142,0.041249704,27.37665027,0.8,0.25056025,SUCCESS,0,5.42E-19,1,1,0,0,0,94350688.84,0.000943784,0.000943784,0.000448553,1,60,16.66666667
dataset_batch_4_geo_115,dataset_batch_4_geo_115_pw_01,0.624666186,0.520769845,381.3569608,0.241414881,0.065855638,19.86217777,0.4,0.213106751,SUCCESS,0,6.73E-19,1,1,0,0,0,56039595.98,0.000905099,0.000905099,0,1,60,16.66666667
dataset_batch_4_geo_115,dataset_batch_4_geo_115_pw_02,0.624666186,0.520769845,381.3569608,0.241414881,0.065855638,19.86217777,0.5,0.213106751,SUCCESS,0,4.92E-19,1,1,0,0,0,50282897.28,0.000579835,0.000579835,0.000135514,1,60,16.66666667
dataset_batch_4_geo_115,dataset_batch_4_geo_115_pw_03,0.624666186,0.520769845,381.3569608,0.241414881,0.065855638,19.86217777,0.6,0.213106751,SUCCESS,0,4.74E-19,1,1,0,0,0,44526198.57,0.000432048,0.000258046,0.000432048,1,60,16.66666667
dataset_batch_4_geo_115,dataset_batch_4_geo_115_pw_04,0.624666186,0.520769845,381.3569608,0.241414881,0.065855638,19.86217777,0.7,0.213106751,SUCCESS,0,5.58E-19,1,1,0,0,0,38769499.87,0.000757312,1.46E-05,0.000757312,1,60,16.66666667
dataset_batch_4_geo_115,dataset_batch_4_geo_115_pw_05,0.624666186,0.520769845,381.3569608,0.241414881,0.065855638,19.86217777,0.8,0.213106751,SUCCESS,0,0.000236596,1.172071099,1.082659483,27,15.74999905,0.029149316,36046616.04,0.001088267,0.000198059,0.001088267,3,60,16.66666667
dataset_batch_4_geo_116,dataset_batch_4_geo_116_pw_01,1.129964803,0.400104457,975.2022246,0.271873335,0.134347441,24.60764739,0.4,0.903651055,SUCCESS,0,0.000410022,1.172071099,1.082659483,90,90,0.0297442,140770139.6,0.001396966,0.001396966,0.000490659,2,60,16.66666667
dataset_batch_4_geo_116,dataset_batch_4_geo_116_pw_02,1.129964803,0.400104457,975.2022246,0.271873335,0.134347441,24.60764739,0.5,0.903651055,SUCCESS,0,0.000503203,1.219479561,1.126487851,90,90,0.033908388,136797824.7,0.001274627,0.001274627,0.000603044,2,60,16.66666667
dataset_batch_4_geo_116,dataset_batch_4_geo_116_pw_03,1.129964803,0.400104457,975.2022246,0.271873335,0.134347441,24.60764739,0.6,0.903651055,SUCCESS,0,0.000750653,1.268786311,1.219479561,90,90,0.03866746,132194633.1,0.001151223,0.001151223,0.000726341,2,60,16.66666667
dataset_batch_4_geo_116,dataset_batch_4_geo_116_pw_04,1.129964803,0.400104457,975.2022246,0.271873335,0.134347441,24.60764739,0.7,0.903651055,SUCCESS,0,0.001040905,1.373401761,1.268786311,90,90,0.046400952,127315015.9,0.001024367,0.001024367,0.000862345,2,60,16.66666667
dataset_batch_4_geo_116,dataset_batch_4_geo_116_pw_05,1.129964803,0.400104457,975.2022246,0.271873335,0.134347441,24.60764739,0.8,0.903651055,SUCCESS,0,0.001346981,1.48656261,1.373401761,90,90,0.05353956,122066224.6,0.001009685,0.000902154,0.001009685,3,60,16.66666667
dataset_batch_4_geo_117,dataset_batch_4_geo_117_pw_01,1.035386001,0.705817867,364.9910896,0.165364465,0.02176291,26.60499876,0.4,0.587265835,SUCCESS,0,0.000265956,1.040518522,1.040518522,18,11.25000381,0.010707912,113960025.2,0.002730757,0.002730757,1.16E-05,2,60,16.66666667
dataset_batch_4_geo_117,dataset_batch_4_geo_117_pw_02,1.035386001,0.705817867,364.9910896,0.165364465,0.02176291,26.60499876,0.5,0.587265835,SUCCESS,0,1.20E-18,1,1,0,0,0,110793835.9,0.002410421,0.002410421,0.000224127,1,60,16.66666667
dataset_batch_4_geo_117,dataset_batch_4_geo_117_pw_03,1.035386001,0.705817867,364.9910896,0.165364465,0.02176291,26.60499876,0.6,0.587265835,SUCCESS,0,7.56E-19,1,1,0,0,0,105036293.5,0.00209136,0.00209136,0.00044581,1,60,16.66666667
dataset_batch_4_geo_117,dataset_batch_4_geo_117_pw_04,1.035386001,0.705817867,364.9910896,0.165364465,0.02176291,26.60499876,0.7,0.587265835,SUCCESS,0,7.21E-19,1,1,0,0,0,99278751.15,0.001772299,0.001772299,0.000705772,1,60,16.66666667
dataset_batch_4_geo_117,dataset_batch_4_geo_117_pw_05,1.035386001,0.705817867,364.9910896,0.165364465,0.02176291,26.60499876,0.8,0.587265835,SUCCESS,0,8.21E-19,1,1,0,0,0,93521208.8,0.001453238,0.001453238,0.001002711,1,60,16.66666667
dataset_batch_4_geo_118,dataset_batch_4_geo_118_pw_01,1.139214983,0.592464475,984.0098682,0.29809899,0.067160454,16.49651775,0.4,0.493070215,FAILED,1,,,,,,,,,,,0,60,16.66666667
dataset_batch_4_geo_118,dataset_batch_4_geo_118_pw_02,1.139214983,0.592464475,984.0098682,0.29809899,0.067160454,16.49651775,0.5,0.493070215,FAILED,1,,,,,,,,,,,0,60,16.66666667
dataset_batch_4_geo_118,dataset_batch_4_geo_118_pw_03,1.139214983,0.592464475,984.0098682,0.29809899,0.067160454,16.49651775,0.6,0.493070215,FAILED,1,,,,,,,,,,,0,60,16.66666667
dataset_batch_4_geo_118,dataset_batch_4_geo_118_pw_04,1.139214983,0.592464475,984.0098682,0.29809899,0.067160454,16.49651775,0.7,0.493070215,FAILED,1,,,,,,,,,,,0,60,16.66666667
dataset_batch_4_geo_118,dataset_batch_4_geo_118_pw_05,1.139214983,0.592464475,984.0098682,0.29809899,0.067160454,16.49651775,0.8,0.493070215,FAILED,1,,,,,,,,,,,0,60,16.66666667
dataset_batch_4_geo_119,dataset_batch_4_geo_119_pw_01,0.738849467,0.40359903,657.0600026,0.199708451,0.059871368,20.96824551,0.4,0.364933613,SUCCESS,0,0.000216843,1.268786311,1.126487851,24.75,13.5,0.039262344,82020568.19,0.001000217,0.001000217,0.000384638,2,60,16.66666667
dataset_batch_4_geo_119,dataset_batch_4_geo_119_pw_02,0.738849467,0.40359903,657.0600026,0.199708451,0.059871368,20.96824551,0.5,0.364933613,SUCCESS,0,0.000337546,1.373401761,1.172071099,24.75,18,0.04759072,76294742.44,0.000825922,0.000825922,0.000556364,2,60,16.66666667
dataset_batch_4_geo_119,dataset_batch_4_geo_119_pw_03,0.738849467,0.40359903,657.0600026,0.199708451,0.059871368,20.96824551,0.6,0.364933613,SUCCESS,0,0.000565369,1.48656261,1.320067286,27,20.24999809,0.063652588,70625681.6,0.000753042,0.000648669,0.000753042,3,60,16.66666667
dataset_batch_4_geo_119,dataset_batch_4_geo_119_pw_04,0.738849467,0.40359903,657.0600026,0.199708451,0.059871368,20.96824551,0.7,0.364933613,SUCCESS,0,0.0009333,1.673869133,1.428871632,29.25,24.75,0.085068412,65071667.68,0.000967019,0.000490325,0.000967019,3,60,16.66666667
dataset_batch_4_geo_119,dataset_batch_4_geo_119_pw_05,0.738849467,0.40359903,657.0600026,0.199708451,0.059871368,20.96824551,0.8,0.364933613,SUCCESS,0,0.001432495,1.884588718,1.608967185,31.49999809,27,0.111243308,59656889.33,0.001203244,0.000366275,0.001203244,3,60,16.66666667
dataset_batch_4_geo_120,dataset_batch_4_geo_120_pw_01,1.081138268,0.597526354,276.3939586,0.216282918,0.119964377,17.49350169,0.4,0.670066183,SUCCESS,0,0.005399922,1.219479561,1.219479561,36.00000381,33.75,0.046995836,110280928.1,0.00432758,0.00432758,0.000729408,2,60,16.66666667
dataset_batch_4_geo_120,dataset_batch_4_geo_120_pw_02,1.081138268,0.597526354,276.3939586,0.216282918,0.119964377,17.49350169,0.5,0.670066183,SUCCESS,0,0.002746387,1.126487851,1.126487851,27.00000191,24.75000191,0.025580012,111304890.2,0.003796355,0.003796355,0.000978624,2,60,16.66666667
dataset_batch_4_geo_120,dataset_batch_4_geo_120_pw_03,1.081138268,0.597526354,276.3939586,0.216282918,0.119964377,17.49350169,0.6,0.670066183,SUCCESS,0,0.000747199,1.040518522,1.040518522,15.74999905,13.50000477,0.009518144,112910322.4,0.003323871,0.003323871,0.001293292,2,60,16.66666667
dataset_batch_4_geo_120,dataset_batch_4_geo_120_pw_04,1.081138268,0.597526354,276.3939586,0.216282918,0.119964377,17.49350169,0.7,0.670066183,SUCCESS,0,0.000616353,1.082659483,1.040518522,90,90,0.019036288,107834556.3,0.002888799,0.002888799,0.001683606,2,60,16.66666667
dataset_batch_4_geo_120,dataset_batch_4_geo_120_pw_05,1.081138268,0.597526354,276.3939586,0.216282918,0.119964377,17.49350169,0.8,0.670066183,SUCCESS,0,0.000966116,1.172071099,1.126487851,90,90,0.029149316,102596288.6,0.002453417,0.002453417,0.002112855,2,60,16.66666667
dataset_batch_4_geo_121,dataset_batch_4_geo_121_pw_01,0.980747009,0.438232594,669.0898896,0.288364024,0.05458262,24.2453141,0.4,0.264808394,SUCCESS,0,0.000430174,1.172071099,1.082659483,90,90,0.031528852,113864007.4,0.001564942,0.001564942,0.000455512,2,60,16.66666667
dataset_batch_4_geo_121,dataset_batch_4_geo_121_pw_02,0.980747009,0.438232594,669.0898896,0.288364024,0.05458262,24.2453141,0.5,0.264808394,SUCCESS,0,0.000431887,1.219479561,1.126487851,90,13.5,0.028554432,115185723.7,0.001370417,0.001370417,0.000606978,2,60,16.66666667
dataset_batch_4_geo_121,dataset_batch_4_geo_121_pw_03,0.980747009,0.438232594,669.0898896,0.288364024,0.05458262,24.2453141,0.6,0.264808394,SUCCESS,0,0.000807131,1.320067286,1.219479561,90,15.75,0.038072576,109779122.8,0.001171446,0.001171446,0.000785594,2,60,16.66666667
dataset_batch_4_geo_121,dataset_batch_4_geo_121_pw_04,0.980747009,0.438232594,669.0898896,0.288364024,0.05458262,24.2453141,0.7,0.264808394,SUCCESS,0,0.001271275,1.428871632,1.320067286,90,18,0.049375372,104395565.3,0.000998676,0.000998676,0.000992582,2,60,16.66666667
dataset_batch_4_geo_121,dataset_batch_4_geo_121_pw_05,0.980747009,0.438232594,669.0898896,0.288364024,0.05458262,24.2453141,0.8,0.264808394,SUCCESS,0,0.001603104,1.546563625,1.48656261,90,22.5,0.066627008,98843303.93,0.000299677,7.65E-05,0.000299677,3,60,16.66666667
dataset_batch_4_geo_122,dataset_batch_4_geo_122_pw_01,0.703026933,0.440926138,889.907757,0.179322,0.021407002,17.71019441,0.4,0.214181541,SUCCESS,0,0.000411879,2.121647596,1.172071099,90,90,0.248066627,67746440,0.000664054,0.000664054,0.000211829,2,60,16.66666667
dataset_batch_4_geo_122,dataset_batch_4_geo_122_pw_02,0.703026933,0.440926138,889.907757,0.179322,0.021407002,17.71019441,0.5,0.214181541,SUCCESS,0,0.000227781,2.207077742,1.219479561,90,20.24999809,0.235574063,65954634.34,0.00053184,0.00053184,0.000326729,2,60,16.66666667
dataset_batch_4_geo_122,dataset_batch_4_geo_122_pw_03,0.703026933,0.440926138,889.907757,0.179322,0.021407002,17.71019441,0.6,0.214181541,SUCCESS,0,0.000379849,2.484446764,1.373401761,90,24.75,0.260559191,61066926.49,0.000472007,0.000405928,0.000472007,3,60,16.66666667
dataset_batch_4_geo_122,dataset_batch_4_geo_122_pw_04,0.703026933,0.440926138,889.907757,0.179322,0.021407002,17.71019441,0.7,0.214181541,SUCCESS,0,0.000700327,2.908937216,1.608967185,90,29.25,0.299226651,55969344.38,0.000643727,0.000298153,0.000643727,3,60,16.66666667
dataset_batch_4_geo_122,dataset_batch_4_geo_122_pw_05,0.703026933,0.440926138,889.907757,0.179322,0.021407002,17.71019441,0.8,0.214181541,FAILED,1,,,,,,,,,,,0,60,16.66666667
dataset_batch_4_geo_123,dataset_batch_4_geo_123_pw_01,0.929604422,0.440537163,695.9081167,0.224455744,0.100031238,25.67041379,0.4,0.004849046,SUCCESS,0,7.19E-05,1.082659483,1,11.25,0,0.008328376,112749973.1,0.001404714,0.001404714,0.000445134,1,60,16.66666667
dataset_batch_4_geo_123,dataset_batch_4_geo_123_pw_02,0.929604422,0.440537163,695.9081167,0.224455744,0.100031238,25.67041379,0.5,0.004849046,SUCCESS,0,0.000148625,1.082659483,1.040518522,13.5,4.499999523,0.011302796,106995546.1,0.001229729,0.001229729,0.000594646,2,60,16.66666667
dataset_batch_4_geo_123,dataset_batch_4_geo_123_pw_03,0.929604422,0.440537163,695.9081167,0.224455744,0.100031238,25.67041379,0.6,0.004849046,SUCCESS,0,0.000361036,1.172071099,1.082659483,18,11.25,0.019631172,101251403.7,0.001052217,0.001052217,0.000760687,2,60,16.66666667
dataset_batch_4_geo_123,dataset_batch_4_geo_123_pw_04,0.929604422,0.440537163,695.9081167,0.224455744,0.100031238,25.67041379,0.7,0.004849046,SUCCESS,0,0.000833018,1.268786311,1.172071099,20.24999809,18,0.031528852,95551774.73,0.000954413,0.000883657,0.000954413,3,60,16.66666667
dataset_batch_4_geo_123,dataset_batch_4_geo_123_pw_05,0.929604422,0.440537163,695.9081167,0.224455744,0.100031238,25.67041379,0.8,0.004849046,FAILED,1,,,,,,,,,,,0,60,16.66666667
dataset_batch_4_geo_124,dataset_batch_4_geo_124_pw_01,1.087605059,0.600925976,490.6034652,0.345041472,0.138113028,18.24719199,0.4,0.760082168,SUCCESS,0,0.002300128,1.172071099,1.126487851,33.75,29.25000381,0.035098156,115701433.9,0.002330099,0.002330099,0.000180576,2,60,16.66666667
dataset_batch_4_geo_124,dataset_batch_4_geo_124_pw_02,1.087605059,0.600925976,490.6034652,0.345041472,0.138113028,18.24719199,0.5,0.760082168,SUCCESS,0,0.000907812,1.082659483,1.040518522,22.50000191,18,0.016656752,116306537.8,0.002027488,0.002027488,0.000343811,2,60,16.66666667
dataset_batch_4_geo_124,dataset_batch_4_geo_124_pw_03,1.087605059,0.600925976,490.6034652,0.345041472,0.138113028,18.24719199,0.6,0.760082168,SUCCESS,0,6.72E-19,1,1,0,0,0,119667983.6,0.001746915,0.001746915,0.000525562,1,60,16.66666667
dataset_batch_4_geo_124,dataset_batch_4_geo_124_pw_04,1.087605059,0.600925976,490.6034652,0.345041472,0.138113028,18.24719199,0.7,0.760082168,SUCCESS,0,3.09E-05,1.040518522,1,6.75,0,0.004759072,113913861.4,0.001473522,0.001473522,0.000738945,1,60,16.66666667
dataset_batch_4_geo_124,dataset_batch_4_geo_124_pw_05,1.087605059,0.600925976,490.6034652,0.345041472,0.138113028,18.24719199,0.8,0.760082168,SUCCESS,0,0.000324406,1.082659483,1.040518522,13.5,8.999999046,0.011302796,108163455.4,0.001205788,0.001205788,0.00097768,2,60,16.66666667
dataset_batch_4_geo_125,dataset_batch_4_geo_125_pw_01,1.127665578,0.591106978,413.6023583,0.303474414,0.023381768,18.83213485,0.4,0.070841835,TIMEOUT,1,,,,,,,,,,,0,60,16.66666667
dataset_batch_4_geo_125,dataset_batch_4_geo_125_pw_02,1.127665578,0.591106978,413.6023583,0.303474414,0.023381768,18.83213485,0.5,0.070841835,FAILED,1,,,,,,,,,,,0,60,16.66666667
dataset_batch_4_geo_125,dataset_batch_4_geo_125_pw_03,1.127665578,0.591106978,413.6023583,0.303474414,0.023381768,18.83213485,0.6,0.070841835,FAILED,1,,,,,,,,,,,0,60,16.66666667
dataset_batch_4_geo_125,dataset_batch_4_geo_125_pw_04,1.127665578,0.591106978,413.6023583,0.303474414,0.023381768,18.83213485,0.7,0.070841835,FAILED,1,,,,,,,,,,,0,60,16.66666667
dataset_batch_4_geo_125,dataset_batch_4_geo_125_pw_05,1.127665578,0.591106978,413.6023583,0.303474414,0.023381768,18.83213485,0.8,0.070841835,FAILED,1,,,,,,,,,,,0,60,16.66666667
dataset_batch_4_geo_126,dataset_batch_4_geo_126_pw_01,1.009690952,0.419138682,149.0361731,0.206016556,0.084621852,18.20262322,0.4,0.911569762,SUCCESS,0,0.014733881,2.121647596,1.884588718,90,90,0.139797739,106799617.6,0.008192303,0.008192303,0.003202921,2,60,16.66666667
dataset_batch_4_geo_126,dataset_batch_4_geo_126_pw_02,1.009690952,0.419138682,149.0361731,0.206016556,0.084621852,18.20262322,0.5,0.911569762,SUCCESS,0,0.012502705,2.121647596,1.884588718,90,90,0.140987507,103297733.4,0.00736681,0.00736681,0.003840073,2,60,16.66666667
dataset_batch_4_geo_126,dataset_batch_4_geo_126_pw_03,1.009690952,0.419138682,149.0361731,0.206016556,0.084621852,18.20262322,0.6,0.911569762,SUCCESS,0,0.011731793,2.121647596,1.884588718,90,90,0.159428911,99367864.24,0.006601144,0.006601144,0.004633996,2,60,16.66666667
dataset_batch_4_geo_126,dataset_batch_4_geo_126_pw_04,1.009690952,0.419138682,149.0361731,0.206016556,0.084621852,18.20262322,0.7,0.911569762,SUCCESS,0,0.011466046,2.121647596,1.884588718,90,90,0.199286139,95504349.64,0.00579605,0.00579605,0.005507806,2,60,16.66666667
dataset_batch_4_geo_126,dataset_batch_4_geo_126_pw_05,1.009690952,0.419138682,149.0361731,0.206016556,0.084621852,18.20262322,0.8,0.911569762,SUCCESS,0,0.011495817,2.207077742,1.884588718,90,90,0.234979179,91726498.55,0.006499808,0.005082958,0.006499808,3,60,16.66666667
dataset_batch_4_geo_127,dataset_batch_4_geo_127_pw_01,0.800722422,0.574188681,420.3004329,0.175535558,0.032621475,15.23994516,0.4,0.677749371,SUCCESS,0,0.002500684,1.268786311,1.219479561,90,90,0.111243308,72426272.9,0.001606628,0.001606628,0.000113231,2,60,16.66666667
dataset_batch_4_geo_127,dataset_batch_4_geo_127_pw_02,0.800722422,0.574188681,420.3004329,0.175535558,0.032621475,15.23994516,0.5,0.677749371,SUCCESS,0,0.00064878,1.126487851,1.040518522,90,90,0.036287924,72994851.12,0.001261001,0.001261001,0.000264904,2,60,16.66666667
dataset_batch_4_geo_127,dataset_batch_4_geo_127_pw_03,0.800722422,0.574188681,420.3004329,0.175535558,0.032621475,15.23994516,0.6,0.677749371,SUCCESS,0,0.000144039,1.172071099,1.040518522,18,6.75,0.02082094,71870853.04,0.000978944,0.000978944,0.000490628,2,60,16.66666667
dataset_batch_4_geo_127,dataset_batch_4_geo_127_pw_04,0.800722422,0.574188681,420.3004329,0.175535558,0.032621475,15.23994516,0.7,0.677749371,SUCCESS,0,0.000360469,1.320067286,1.172071099,24.75,18,0.039262344,66142460.04,0.00077413,0.000711152,0.00077413,3,60,16.66666667
dataset_batch_4_geo_127,dataset_batch_4_geo_127_pw_05,0.800722422,0.574188681,420.3004329,0.175535558,0.032621475,15.23994516,0.8,0.677749371,SUCCESS,0,0.000772693,1.48656261,1.320067286,29.25,24.75,0.067816776,60508299.37,0.00108606,0.000460985,0.00108606,3,60,16.66666667
dataset_batch_4_geo_128,dataset_batch_4_geo_128_pw_01,0.886639398,0.43613223,465.1959334,0.275724573,0.083552629,23.04700032,0.4,0.642820378,SUCCESS,0,0.000180419,1.082659483,1.040518522,15.75,6.75,0.012492564,105608927.5,0.001891012,0.001891012,0.000544062,2,60,16.66666667
dataset_batch_4_geo_128,dataset_batch_4_geo_128_pw_02,0.886639398,0.43613223,465.1959334,0.275724573,0.083552629,23.04700032,0.5,0.642820378,SUCCESS,0,0.00033678,1.126487851,1.082659483,15.75,11.25,0.016061868,99858064.63,0.001622692,0.001622692,0.000767984,2,60,16.66666667
dataset_batch_4_geo_128,dataset_batch_4_geo_128_pw_03,0.886639398,0.43613223,465.1959334,0.275724573,0.083552629,23.04700032,0.6,0.642820378,SUCCESS,0,0.000667553,1.219479561,1.172071099,20.24999809,15.74999905,0.026174896,94127885.58,0.001357463,0.001357463,0.001022874,2,60,16.66666667
dataset_batch_4_geo_128,dataset_batch_4_geo_128_pw_04,0.886639398,0.43613223,465.1959334,0.275724573,0.083552629,23.04700032,0.7,0.642820378,SUCCESS,0,0.001134626,1.320067286,1.268786311,22.5,18,0.037477692,88442420.23,0.001311418,0.00109723,0.001311418,3,60,16.66666667
dataset_batch_4_geo_128,dataset_batch_4_geo_128_pw_05,0.886639398,0.43613223,465.1959334,0.275724573,0.083552629,23.04700032,0.8,0.642820378,SUCCESS,0,0.001686166,1.428871632,1.373401761,24.75,20.24999809,0.049970256,82832204.26,0.001623869,0.000876371,0.001623869,3,60,16.66666667
dataset_batch_4_geo_129,dataset_batch_4_geo_129_pw_01,1.080678817,0.841772317,138.0939549,0.192548215,0.055919174,19.17385792,0.4,0.171393222,SUCCESS,0,0.007580455,1.268786311,1.219479561,56.25,51.74999619,0.072575848,102503256.4,0.007615221,0.007615221,0,2,60,16.66666667
dataset_batch_4_geo_129,dataset_batch_4_geo_129_pw_02,1.080678817,0.841772317,138.0939549,0.192548215,0.055919174,19.17385792,0.5,0.171393222,SUCCESS,0,0.003139431,1.126487851,1.126487851,36.00000381,33.75,0.033313504,101785224.3,0.006358435,0.006358435,0,2,60,16.66666667
dataset_batch_4_geo_129,dataset_batch_4_geo_129_pw_03,1.080678817,0.841772317,138.0939549,0.192548215,0.055919174,19.17385792,0.6,0.171393222,SUCCESS,0,0.000209313,1.040518522,1.040518522,13.50000477,6.750002384,0.007733492,104404050.1,0.005413748,0.005413748,0,2,60,16.66666667
dataset_batch_4_geo_129,dataset_batch_4_geo_129_pw_04,1.080678817,0.841772317,138.0939549,0.192548215,0.055919174,19.17385792,0.7,0.171393222,SUCCESS,0,2.52E-18,1,1,0,0,0,99694364.25,0.00454988,0.00454988,0.00040724,1,60,16.66666667
dataset_batch_4_geo_129,dataset_batch_4_geo_129_pw_05,1.080678817,0.841772317,138.0939549,0.192548215,0.055919174,19.17385792,0.8,0.171393222,SUCCESS,0,2.76E-18,1,1,0,0,0,93937075.54,0.003686936,0.003686936,0.001020359,1,60,16.66666667
dataset_batch_4_geo_130,dataset_batch_4_geo_130_pw_01,0.775233202,0.403888795,349.1364511,0.241147917,0.012956093,19.77735689,0.4,0.328967821,SUCCESS,0,0.001782007,2.484446764,1.741370082,90,90,0.283759667,79569497.19,0.002150102,0.002150102,0.000827535,2,60,16.66666667
dataset_batch_4_geo_130,dataset_batch_4_geo_130_pw_02,0.775233202,0.403888795,349.1364511,0.241147917,0.012956093,19.77735689,0.5,0.328967821,SUCCESS,0,0.001351499,2.584403992,1.741370201,90,90,0.299821535,75224267.42,0.001811982,0.001811982,0.001149473,2,60,16.66666667
dataset_batch_4_geo_130,dataset_batch_4_geo_130_pw_03,0.775233202,0.403888795,349.1364511,0.241147917,0.012956093,19.77735689,0.6,0.328967821,SUCCESS,0,0.001810594,2.796485901,1.960527182,90,90,0.330755503,70618071.41,0.001548621,0.001496506,0.001548621,3,60,16.66666667
dataset_batch_4_geo_130,dataset_batch_4_geo_130_pw_04,0.775233202,0.403888795,349.1364511,0.241147917,0.012956093,19.77735689,0.7,0.328967821,SUCCESS,0,0.002828851,3.147529125,2.388337851,90,90,0.370612731,66219143.24,0.000256729,1.37E-05,0.000256729,3,60,16.66666667
dataset_batch_4_geo_130,dataset_batch_4_geo_130_pw_05,0.775233202,0.403888795,349.1364511,0.241147917,0.012956093,19.77735689,0.8,0.328967821,TIMEOUT,1,,,,,,,,,,,0,60,16.66666667
dataset_batch_4_geo_131,dataset_batch_4_geo_131_pw_01,1.087476856,0.667101595,267.2148869,0.258165872,0.070149485,19.50789893,0.4,0.589649876,SUCCESS,0,0.005200449,1.219479561,1.219479561,40.5,36.00000381,0.05056514,109180729.8,0.004319049,0.004319049,0.000258162,2,60,16.66666667
dataset_batch_4_geo_131,dataset_batch_4_geo_131_pw_02,1.087476856,0.667101595,267.2148869,0.258165872,0.070149485,19.50789893,0.5,0.589649876,SUCCESS,0,0.002531448,1.126487851,1.126487851,29.25000381,24.75000191,0.026174896,110092510.1,0.003750717,0.003750717,0.000511116,2,60,16.66666667
dataset_batch_4_geo_131,dataset_batch_4_geo_131_pw_03,1.087476856,0.667101595,267.2148869,0.258165872,0.070149485,19.50789893,0.6,0.589649876,SUCCESS,0,0.000434238,1.040518522,1.040518522,13.50000477,9.000002861,0.008328376,112636937.7,0.003249424,0.003249424,0.000806835,2,60,16.66666667
dataset_batch_4_geo_131,dataset_batch_4_geo_131_pw_04,1.087476856,0.667101595,267.2148869,0.258165872,0.070149485,19.50789893,0.7,0.589649876,SUCCESS,0,2.10E-18,1,1,0,0,0,110318165.4,0.002776972,0.002776972,0.001175463,1,60,16.66666667
dataset_batch_4_geo_131,dataset_batch_4_geo_131_pw_05,1.087476856,0.667101595,267.2148869,0.258165872,0.070149485,19.50789893,0.8,0.589649876,SUCCESS,0,0.000185578,1.040518522,1,11.25,4.499999523,0.007138608,104562351.7,0.002308636,0.002308636,0.001593855,2,60,16.66666667
dataset_batch_4_geo_132,dataset_batch_4_geo_132_pw_01,0.620596223,0.429821132,260.9266006,0.338746158,0.038543306,27.82645604,0.4,0.447892901,SUCCESS,0,8.10E-19,1,1,0,0,0,60260549.28,0.001444845,0.001444845,0.000288428,1,60,16.66666667
dataset_batch_4_geo_132,dataset_batch_4_geo_132_pw_02,0.620596223,0.429821132,260.9266006,0.338746158,0.038543306,27.82645604,0.5,0.447892901,SUCCESS,0,9.62E-19,1,1,0,0,0,54506090.39,0.000932321,0.000932321,0.00069016,1,60,16.66666667
dataset_batch_4_geo_132,dataset_batch_4_geo_132_pw_03,0.620596223,0.429821132,260.9266006,0.338746158,0.038543306,27.82645604,0.6,0.447892901,SUCCESS,0,0.000103388,1.082659483,1,13.5,0,0.010113028,48751739.62,0.001187222,0.000478366,0.001187222,1,60,16.66666667
dataset_batch_4_geo_132,dataset_batch_4_geo_132_pw_04,0.620596223,0.429821132,260.9266006,0.338746158,0.038543306,27.82645604,0.7,0.447892901,SUCCESS,0,0.000535685,1.172071099,1.126487851,22.5,18,0.025580012,43010461.39,0.001710271,0.000130877,0.001710271,3,60,16.66666667
dataset_batch_4_geo_132,dataset_batch_4_geo_132_pw_05,0.620596223,0.429821132,260.9266006,0.338746158,0.038543306,27.82645604,0.8,0.447892901,SUCCESS,0,0.001205882,1.320067286,1.268786311,29.25,24.75,0.046400952,37328149.6,0.002257027,0.000184077,0.002257027,3,60,16.66666667
dataset_batch_4_geo_133,dataset_batch_4_geo_133_pw_01,1.108588456,0.805009053,836.825462,0.18800971,0.057938891,19.10608765,0.4,0.592552963,SUCCESS,0,0.001702202,1.268786311,1.219479561,51.74999619,42.74999619,0.070196312,105508987.4,0.001330546,0.001330546,0,2,60,16.66666667
dataset_batch_4_geo_133,dataset_batch_4_geo_133_pw_02,1.108588456,0.805009053,836.825462,0.18800971,0.057938891,19.10608765,0.5,0.592552963,SUCCESS,0,0.000802789,1.172071099,1.126487851,36.00000381,29.25000381,0.036287924,106333154.3,0.001147677,0.001147677,0,2,60,16.66666667
dataset_batch_4_geo_133,dataset_batch_4_geo_133_pw_03,1.108588456,0.805009053,836.825462,0.18800971,0.057938891,19.10608765,0.6,0.592552963,SUCCESS,0,0.00020989,1.082659483,1.040518522,20.25,11.25000381,0.013087448,107213032.9,0.000991237,0.000991237,6.62E-05,2,60,16.66666667
dataset_batch_4_geo_133,dataset_batch_4_geo_133_pw_04,1.108588456,0.805009053,836.825462,0.18800971,0.057938891,19.10608765,0.7,0.592552963,SUCCESS,0,3.81E-19,1,1,0,0,0,106477943.5,0.000847759,0.000847759,0.000160376,1,60,16.66666667
dataset_batch_4_geo_133,dataset_batch_4_geo_133_pw_05,1.108588456,0.805009053,836.825462,0.18800971,0.057938891,19.10608765,0.8,0.592552963,SUCCESS,0,3.75E-19,1,1,0,0,0,100720609.4,0.000705896,0.000705896,0.000272657,1,60,16.66666667
dataset_batch_4_geo_134,dataset_batch_4_geo_134_pw_01,1.087935221,0.731707943,418.8732647,0.326361027,0.014739699,17.88044137,0.4,0.216379347,FAILED,1,,,,,,,,,,,0,60,16.66666667
dataset_batch_4_geo_134,dataset_batch_4_geo_134_pw_02,1.087935221,0.731707943,418.8732647,0.326361027,0.014739699,17.88044137,0.5,0.216379347,FAILED,1,,,,,,,,,,,0,60,16.66666667
dataset_batch_4_geo_134,dataset_batch_4_geo_134_pw_03,1.087935221,0.731707943,418.8732647,0.326361027,0.014739699,17.88044137,0.6,0.216379347,SUCCESS,0,0.002116306,1.172071099,1.126487851,31.49999809,27.00000191,0.033908388,101970361,0.001974879,0.001974879,0.000251193,2,60,16.66666667
dataset_batch_4_geo_134,dataset_batch_4_geo_134_pw_04,1.087935221,0.731707943,418.8732647,0.326361027,0.014739699,17.88044137,0.7,0.216379347,SUCCESS,0,0.000246152,1.040518522,1.040518522,13.50000477,9.000002861,0.008328376,103139986.9,0.001618556,0.001618556,0.000405984,2,60,16.66666667
dataset_batch_4_geo_134,dataset_batch_4_geo_134_pw_05,1.087935221,0.731707943,418.8732647,0.326361027,0.014739699,17.88044137,0.8,0.216379347,SUCCESS,0,1.21E-06,1,1,0,0,0.000594884,101136892.3,0.001300862,0.001300862,0.000648206,1,60,16.66666667
dataset_batch_4_geo_135,dataset_batch_4_geo_135_pw_01,1.19585719,0.557480626,544.815236,0.304581545,0.058541124,19.56015904,0.4,0.572634733,FAILED,1,,,,,,,,,,,0,60,16.66666667
dataset_batch_4_geo_135,dataset_batch_4_geo_135_pw_02,1.19585719,0.557480626,544.815236,0.304581545,0.058541124,19.56015904,0.5,0.572634733,FAILED,1,,,,,,,,,,,0,60,16.66666667
dataset_batch_4_geo_135,dataset_batch_4_geo_135_pw_03,1.19585719,0.557480626,544.815236,0.304581545,0.058541124,19.56015904,0.6,0.572634733,FAILED,1,,,,,,,,,,,0,60,16.66666667
dataset_batch_4_geo_135,dataset_batch_4_geo_135_pw_04,1.19585719,0.557480626,544.815236,0.304581545,0.058541124,19.56015904,0.7,0.572634733,FAILED,1,,,,,,,,,,,0,60,16.66666667
dataset_batch_4_geo_135,dataset_batch_4_geo_135_pw_05,1.19585719,0.557480626,544.815236,0.304581545,0.058541124,19.56015904,0.8,0.572634733,FAILED,1,,,,,,,,,,,0,60,16.66666667
dataset_batch_4_geo_136,dataset_batch_4_geo_136_pw_01,1.094384142,0.63268731,943.1882818,0.173998227,0.088242019,16.84833714,0.4,0.672728854,SUCCESS,0,0.002247498,1.320067286,1.268786311,90,36.00000381,0.0743605,106117978.9,0.001315025,0.001315025,0.000222799,2,60,16.66666667
dataset_batch_4_geo_136,dataset_batch_4_geo_136_pw_02,1.094384142,0.63268731,943.1882818,0.173998227,0.088242019,16.84833714,0.5,0.672728854,SUCCESS,0,0.001300461,1.219479561,1.172071099,90,29.25000381,0.046400952,107046081.7,0.001142396,0.001142396,0.00028226,2,60,16.66666667
dataset_batch_4_geo_136,dataset_batch_4_geo_136_pw_03,1.094384142,0.63268731,943.1882818,0.173998227,0.088242019,16.84833714,0.6,0.672728854,SUCCESS,0,0.000570172,1.126487851,1.082659483,90,18,0.026174896,108286873,0.000995757,0.000995757,0.000362102,2,60,16.66666667
dataset_batch_4_geo_136,dataset_batch_4_geo_136_pw_04,1.094384142,0.63268731,943.1882818,0.173998227,0.088242019,16.84833714,0.7,0.672728854,SUCCESS,0,0.000348468,1.082659483,1.040518522,90,15.74999905,0.025580012,105265179.7,0.000869052,0.000869052,0.000468006,2,60,16.66666667
dataset_batch_4_geo_136,dataset_batch_4_geo_136_pw_05,1.094384142,0.63268731,943.1882818,0.173998227,0.088242019,16.84833714,0.8,0.672728854,SUCCESS,0,0.000311732,1.172071099,1.082659483,90,90,0.03569304,100304339.4,0.000746588,0.000746588,0.000586503,2,60,16.66666667
dataset_batch_4_geo_137,dataset_batch_4_geo_137_pw_01,1.133660465,0.482643541,831.2923308,0.308214598,0.113317591,22.19844607,0.4,0.861016055,SUCCESS,0,0.001348649,1.126487851,1.082659483,90,90,0.035098156,130364643.9,0.001560661,0.001560661,0.000379943,2,60,16.66666667
dataset_batch_4_geo_137,dataset_batch_4_geo_137_pw_02,1.133660465,0.482643541,831.2923308,0.308214598,0.113317591,22.19844607,0.5,0.861016055,SUCCESS,0,0.000509819,1.126487851,1.040518522,90,90,0.024390244,130947365.7,0.0013952,0.0013952,0.000488961,2,60,16.66666667
dataset_batch_4_geo_137,dataset_batch_4_geo_137_pw_03,1.133660465,0.482643541,831.2923308,0.308214598,0.113317591,22.19844607,0.6,0.861016055,SUCCESS,0,0.000437482,1.172071099,1.126487851,90,90,0.029149316,126207327.6,0.001242369,0.001242369,0.000620675,2,60,16.66666667
dataset_batch_4_geo_137,dataset_batch_4_geo_137_pw_04,1.133660465,0.482643541,831.2923308,0.308214598,0.113317591,22.19844607,0.7,0.861016055,SUCCESS,0,0.000726812,1.268786311,1.172071099,90,90,0.037477692,121195813.3,0.001087209,0.001087209,0.000767123,2,60,16.66666667
dataset_batch_4_geo_137,dataset_batch_4_geo_137_pw_05,1.133660465,0.482643541,831.2923308,0.308214598,0.113317591,22.19844607,0.8,0.861016055,SUCCESS,0,0.001045691,1.373401761,1.268786311,90,90,0.046995836,116081515.9,0.000938946,0.000938946,0.000929163,2,60,16.66666667
dataset_batch_4_geo_138,dataset_batch_4_geo_138_pw_01,0.624067281,0.478639905,287.781245,0.299120215,0.111510765,17.5234073,0.4,0.218536314,SUCCESS,0,7.05E-19,1,1,0,0,0,58215915.8,0.001273299,0.001273299,5.88E-05,1,60,16.66666667
dataset_batch_4_geo_138,dataset_batch_4_geo_138_pw_02,0.624067281,0.478639905,287.781245,0.299120215,0.111510765,17.5234073,0.5,0.218536314,SUCCESS,0,7.32E-19,1,1,0,0,0,52460283.22,0.000822294,0.000822294,0.000382475,1,60,16.66666667
dataset_batch_4_geo_138,dataset_batch_4_geo_138_pw_03,0.624067281,0.478639905,287.781245,0.299120215,0.111510765,17.5234073,0.6,0.218536314,SUCCESS,0,6.82E-19,1,1,0,0,0,46704650.65,0.000810084,0.000392851,0.000810084,1,60,16.66666667
dataset_batch_4_geo_138,dataset_batch_4_geo_138_pw_04,0.624067281,0.478639905,287.781245,0.299120215,0.111510765,17.5234073,0.7,0.218536314,SUCCESS,0,0.000217869,1.126487851,1.040518522,20.24999809,11.25,0.019631172,40952019.36,0.001264287,7.09E-05,0.001264287,3,60,16.66666667
dataset_batch_4_geo_138,dataset_batch_4_geo_138_pw_05,0.624067281,0.478639905,287.781245,0.299120215,0.111510765,17.5234073,0.8,0.218536314,SUCCESS,0,0.000715819,1.268786311,1.172071099,33.75,27,0.04759072,35944654.58,0.001743044,0.000203305,0.001743044,3,60,16.66666667
dataset_batch_4_geo_139,dataset_batch_4_geo_139_pw_01,0.73533909,0.729871192,489.1345717,0.324677787,0.038379653,19.31273508,0.4,0.587787075,SUCCESS,0,6.38E-19,1,1,0,0,0,63715009.7,0.000912416,0.000912416,0,1,60,16.66666667
dataset_batch_4_geo_139,dataset_batch_4_geo_139_pw_02,0.73533909,0.729871192,489.1345717,0.324677787,0.038379653,19.31273508,0.5,0.587787075,SUCCESS,0,5.53E-19,1,1,0,0,0,57960073.41,0.00064187,0.00064187,0,1,60,16.66666667
dataset_batch_4_geo_139,dataset_batch_4_geo_139_pw_03,0.73533909,0.729871192,489.1345717,0.324677787,0.038379653,19.31273508,0.6,0.587787075,SUCCESS,0,5.98E-19,1,1,0,0,0,52205137.12,0.000371325,0.000371325,0,1,60,16.66666667
dataset_batch_4_geo_139,dataset_batch_4_geo_139_pw_04,0.73533909,0.729871192,489.1345717,0.324677787,0.038379653,19.31273508,0.7,0.587787075,SUCCESS,0,4.97E-19,1,1,0,0,0,46450200.84,0.000100779,0.000100779,0,1,60,16.66666667
dataset_batch_4_geo_139,dataset_batch_4_geo_139_pw_05,0.73533909,0.729871192,489.1345717,0.324677787,0.038379653,19.31273508,0.8,0.587787075,SUCCESS,0,4.78E-19,1,1,0,0,0,43974363.14,0.000194901,0.000111465,0.000194901,1,60,16.66666667
dataset_batch_4_geo_140,dataset_batch_4_geo_140_pw_01,1.167956765,0.556936472,843.8844679,0.310681121,0.036647727,28.05997102,0.4,0.148233625,SUCCESS,0,0.000355338,1.082659483,1.040518522,90,18,0.020226056,138997274.3,0.001561394,0.001561394,0.000275594,2,60,16.66666667
dataset_batch_4_geo_140,dataset_batch_4_geo_140_pw_02,1.167956765,0.556936472,843.8844679,0.310681121,0.036647727,28.05997102,0.5,0.148233625,SUCCESS,0,8.69E-05,1.082659483,1,11.25,0,0.008328376,141610192.5,0.001394569,0.001394569,0.000358785,1,60,16.66666667
dataset_batch_4_geo_140,dataset_batch_4_geo_140_pw_03,1.167956765,0.556936472,843.8844679,0.310681121,0.036647727,28.05997102,0.6,0.148233625,SUCCESS,0,0.00017184,1.082659483,1.040518522,11.25,4.499999523,0.009518144,135857048.6,0.001239368,0.001239368,0.000477415,2,60,16.66666667
dataset_batch_4_geo_140,dataset_batch_4_geo_140_pw_04,1.167956765,0.556936472,843.8844679,0.310681121,0.036647727,28.05997102,0.7,0.148233625,SUCCESS,0,0.000444818,1.172071099,1.126487851,15.75,11.25,0.017251636,130117868.2,0.001082849,0.001082849,0.00061216,2,60,16.66666667
dataset_batch_4_geo_140,dataset_batch_4_geo_140_pw_05,1.167956765,0.556936472,843.8844679,0.310681121,0.036647727,28.05997102,0.8,0.148233625,FAILED,1,,,,,,,,,,,0,60,16.66666667
dataset_batch_4_geo_141,dataset_batch_4_geo_141_pw_01,0.659197893,0.487451645,618.1757765,0.173316773,0.083120015,20.85100659,0.4,0.982603141,FAILED,1,,,,,,,,,,,0,60,16.66666667
dataset_batch_5_geo_batch5_0000,dataset_batch_5_sim_001,2.518622512,2.725884844,740.8444028,0.179181897,0.053115423,26.73486278,0.500308397,0,FAILED,1,,,,,,,,,,,0,60,16.66666667
dataset_batch_5_geo_batch5_0001,dataset_batch_5_sim_001,2.998946859,0.595236162,591.0009017,0.18574015,0.988442039,22.70586991,1.15194202,0,FAILED,1,,,,,,,,,,,0,60,16.66666667
dataset_batch_5_geo_batch5_0002,dataset_batch_5_sim_001,2.793395017,0.656650119,943.5275273,0.339386955,0.979232133,37.38895018,1.030537523,0,FAILED,1,,,,,,,,,,,0,60,16.66666667
dataset_batch_5_geo_batch5_0003,dataset_batch_5_sim_001,2.531225246,2.698962972,204.4421343,0.278660914,0.105655785,24.38801064,0.518709168,0,FAILED,1,,,,,,,,,,,0,60,16.66666667
dataset_batch_5_geo_batch5_0004,dataset_batch_5_sim_001,2.78790928,2.700462313,784.3496051,0.219538534,0.158964411,25.65340424,0.500082075,0,FAILED,1,,,,,,,,,,,0,60,16.66666667
dataset_batch_5_geo_batch5_0005,dataset_batch_5_sim_001,2.927419557,2.449204421,910.1340527,0.253199169,0.163536981,23.59959652,0.664173999,0,FAILED,1,,,,,,,,,,,0,60,16.66666667
dataset_batch_5_geo_batch5_0006,dataset_batch_5_sim_001,2.119412664,0.579820716,917.8223633,0.399159617,0.98537687,37.53721893,1.43965541,0,FAILED,1,,,,,,,,,,,0,60,16.66666667
dataset_batch_5_geo_batch5_0007,dataset_batch_5_sim_001,2.528332935,0.635587838,988.1802717,0.154386715,0.982040212,21.75220202,1.298248676,0,SUCCESS,0,0.000858082,1.126487851,1.082659483,90,90,0.027959548,298119657.8,0.002956209,0.002956209,0.002307635,2,60,16.66666667
dataset_batch_5_geo_batch5_0008,dataset_batch_5_sim_001,2.922050306,0.5620518,147.2855654,0.286750051,0.961279976,40.12274931,0.818370865,0,FAILED,1,,,,,,,,,,,0,60,16.66666667
dataset_batch_5_geo_batch5_0009,dataset_batch_5_sim_001,2.141317661,0.744464958,821.9161509,0.242200404,0.981228805,44.54308106,1.102535553,0,SUCCESS,0,8.08E-19,1,1,0,0,0,263922062.2,0.002653636,0.002653636,0.001644565,1,60,16.66666667
dataset_batch_5_geo_batch5_0010,dataset_batch_5_sim_001,1.895675732,2.708262231,305.576552,0.398163985,0.060001024,20.91570783,0.703940214,0,FAILED,1,,,,,,,,,,,0,60,16.66666667
dataset_batch_5_geo_batch5_0011,dataset_batch_5_sim_001,2.277512149,2.727085773,178.6087177,0.208850412,0.05793492,20.31281987,0.648425527,0,FAILED,1,,,,,,,,,,,0,60,16.66666667
dataset_batch_5_geo_batch5_0012,dataset_batch_5_sim_001,2.248606736,2.707319927,333.5345039,0.397146833,0.089054096,21.12945134,0.622946578,0,FAILED,1,,,,,,,,,,,0,60,16.66666667
dataset_batch_5_geo_batch5_0013,dataset_batch_5_sim_001,2.288705819,2.605609036,600.8483104,0.166381212,0.052376806,23.43389931,0.684860722,0,FAILED,1,,,,,,,,,,,0,60,16.66666667
dataset_batch_5_geo_batch5_0014,dataset_batch_5_sim_001,2.693792434,2.480211293,500.9891974,0.192800181,0.105634237,32.2774704,0.541152346,0,FAILED,1,,,,,,,,,,,0,60,16.66666667
dataset_batch_5_geo_batch5_0015,dataset_batch_5_sim_001,2.679297117,2.639882225,366.3803747,0.290035893,0.195699941,22.09302803,0.598089763,0,FAILED,1,,,,,,,,,,,0,60,16.66666667
dataset_batch_5_geo_batch5_0016,dataset_batch_5_sim_001,2.650519669,2.559500171,477.0325021,0.245918957,0.197476126,22.69073198,0.645212553,0,FAILED,1,,,,,,,,,,,0,60,16.66666667
dataset_batch_5_geo_batch5_0017,dataset_batch_5_sim_001,2.235512801,2.779185101,112.3569732,0.304749465,0.084340748,21.55503166,0.659221004,0,FAILED,1,,,,,,,,,,,0,60,16.66666667
dataset_batch_5_geo_batch5_0018,dataset_batch_5_sim_001,2.097361037,2.646692677,822.0611567,0.230390731,0.061599835,26.02900983,0.602057907,0,FAILED,1,,,,,,,,,,,0,60,16.66666667
dataset_batch_5_geo_batch5_0019,dataset_batch_5_sim_001,2.217282457,0.512604479,954.1320099,0.15226224,0.996609472,38.55755888,1.304654627,0,SUCCESS,0,0.002929656,1.172071099,1.126487851,15.75,15.75,0.015466984,277943237.6,0.002578789,0.002578789,0.002405084,2,60,16.66666667
dataset_batch_5_geo_batch5_0020,dataset_batch_5_sim_001,1.237842702,0.500829047,199.5201238,0.265733852,0.711898977,42.08838218,1.488913327,0,FAILED,1,,,,,,,,,,,0,60,16.66666667
dataset_batch_5_geo_batch5_0021,dataset_batch_5_sim_001,2.648670684,2.702474643,533.3777786,0.318930956,0.126581942,22.2213197,0.643639797,0,FAILED,1,,,,,,,,,,,0,60,16.66666667
dataset_batch_5_geo_batch5_0022,dataset_batch_5_sim_001,2.475166756,0.572704915,581.9680632,0.342505253,0.986035353,20.97672794,1.476465916,0,SUCCESS,0,0.003958258,1.219479561,1.172071099,90,90,0.033908388,292555713.9,0.004058839,0.004058839,0.003582843,2,60,16.66666667
dataset_batch_5_geo_batch5_0023,dataset_batch_5_sim_001,2.180547536,2.65207357,156.6300007,0.303676667,0.155539653,21.22549752,0.622640107,0,FAILED,1,,,,,,,,,,,0,60,16.66666667
dataset_batch_5_geo_batch5_0024,dataset_batch_5_sim_001,1.840372044,0.505392901,730.9347417,0.170574187,0.867276912,23.70186678,0.677596415,0,SUCCESS,0,8.41E-19,1,1,0,0,0,249656569.6,0.00326532,0.00326532,0.001696648,1,60,16.66666667
dataset_batch_5_geo_batch5_0025,dataset_batch_5_sim_001,2.089127046,2.65143573,729.7746152,0.306901179,0.108806161,20.64378676,0.720934094,0,FAILED,1,,,,,,,,,,,0,60,16.66666667
dataset_batch_5_geo_batch5_0026,dataset_batch_5_sim_001,2.839584418,2.335506735,730.6302277,0.177599997,0.149302056,22.93632884,0.824659431,0,FAILED,1,,,,,,,,,,,0,60,16.66666667
dataset_batch_5_geo_batch5_0027,dataset_batch_5_sim_001,2.786601567,0.572507564,506.1353644,0.361886386,0.998939941,41.32700664,1.430303233,0,FAILED,1,,,,,,,,,,,0,60,16.66666667
dataset_batch_5_geo_batch5_0028,dataset_batch_5_sim_001,2.440647926,0.553904319,328.4172,0.192370632,0.993210639,37.60676064,1.012697497,0,SUCCESS,0,0.001998961,1.082659483,1.082659483,11.25,9,0.010113028,330818481.9,0.009365021,0.009365021,0.005903581,2,60,16.66666667
dataset_batch_5_geo_batch5_0029,dataset_batch_5_sim_001,2.27059328,2.605282636,883.8801723,0.327200039,0.128453007,20.92597774,0.674381468,0,FAILED,1,,,,,,,,,,,0,60,16.66666667
dataset_batch_5_geo_batch5_0030,dataset_batch_5_sim_001,2.899507338,2.541987093,160.0480659,0.286177144,0.120051908,28.0288324,0.566113895,0,FAILED,1,,,,,,,,,,,0,60,16.66666667
dataset_batch_5_geo_batch5_0031,dataset_batch_5_sim_001,2.878494935,2.665663421,174.1434073,0.223883945,0.05788462,26.57787893,0.516576176,0,TIMEOUT,1,,,,,,,,,,,0,60,16.66666667
dataset_batch_5_geo_batch5_0032,dataset_batch_5_sim_001,2.443020949,0.688306882,548.6247464,0.223849069,0.975937123,39.20964519,1.303226914,0,SUCCESS,0,0.001509889,1.082659483,1.082659483,13.5,9,0.010707912,307238566.4,0.00472668,0.00472668,0.003543891,2,60,16.66666667
dataset_batch_5_geo_batch5_0033,dataset_batch_5_sim_001,2.446782106,0.646758647,278.0517629,0.180363014,0.971354155,42.54220751,0.810399251,0,SUCCESS,0,0.000172101,1.040518522,1,4.499999523,0,0.00297442,338490585.8,0.011811699,0.011811699,0.005658259,1,60,16.66666667
dataset_batch_5_geo_batch5_0034,dataset_batch_5_sim_001,2.153503676,0.685059225,157.0117625,0.264151069,0.992163722,43.8413324,0.89496226,0,SUCCESS,0,6.61E-18,1,1,0,0,0,281177299.7,0.015681958,0.015681958,0.007552588,1,60,16.66666667
dataset_batch_5_geo_batch5_0035,dataset_batch_5_sim_001,2.663010279,0.732738395,784.2625457,0.2077533,0.993278923,26.64679825,1.249957309,0,SUCCESS,0,0.000596698,1.082659483,1.040518522,11.25,8.999999046,0.00892326,345659193.9,0.003899757,0.003899757,0.002541703,2,60,16.66666667
dataset_batch_5_geo_batch5_0036,dataset_batch_5_sim_001,2.246334029,0.808107758,937.0420713,0.163614213,0.984931864,43.17841098,0.942725962,0,SUCCESS,0,1.19E-18,1,1,0,0,0,287713413.2,0.002815765,0.002815765,0.001381919,1,60,16.66666667
dataset_batch_5_geo_batch5_0037,dataset_batch_5_sim_001,2.859376058,0.937436922,231.6369817,0.340753406,0.923666296,44.99965857,1.263378453,0,FAILED,1,,,,,,,,,,,0,60,16.66666667
dataset_batch_5_geo_batch5_0038,dataset_batch_5_sim_001,2.953212152,0.559110089,396.7854809,0.371279635,0.976350267,38.57482999,1.35495606,0,FAILED,1,,,,,,,,,,,0,60,16.66666667
dataset_batch_5_geo_batch5_0039,dataset_batch_5_sim_001,2.685755086,2.408765737,878.002534,0.21581355,0.076505583,30.54022938,0.661766287,0,FAILED,1,,,,,,,,,,,0,60,16.66666667
dataset_batch_5_geo_batch5_0040,dataset_batch_5_sim_001,2.378528962,2.652448348,724.528447,0.291428091,0.14956298,23.47590001,0.507430053,0,FAILED,1,,,,,,,,,,,0,60,16.66666667
dataset_batch_5_geo_batch5_0041,dataset_batch_5_sim_001,2.904060379,2.172356428,959.8366202,0.21630972,0.326442019,20.36717022,0.623619252,0,FAILED,1,,,,,,,,,,,0,60,16.66666667
dataset_batch_5_geo_batch5_0042,dataset_batch_5_sim_001,2.867828029,0.88333703,329.7008072,0.222494089,0.979706513,41.87785654,1.165775979,0,SUCCESS,0,0.00097498,1.040518522,1.040518522,6.75,4.5,0.004759072,377522075.2,0.010380843,0.010380843,0.005239006,2,60,16.66666667
dataset_batch_5_geo_batch5_0043,dataset_batch_5_sim_001,2.992157676,0.623716353,350.8639131,0.15593346,0.982688431,20.8878406,1.289476363,0,FAILED,1,,,,,,,,,,,0,60,16.66666667
dataset_batch_5_geo_batch5_0044,dataset_batch_5_sim_001,2.6465921,0.5912515,866.6917755,0.165003791,0.986986813,21.34374494,1.335296376,0,SUCCESS,0,0.001750818,1.172071099,1.126487851,90,90,0.039857228,304987804.2,0.003598502,0.003598502,0.00286936,2,60,16.66666667
dataset_batch_5_geo_batch5_0045,dataset_batch_5_sim_001,2.824975427,2.423074132,309.8468397,0.216426022,0.111698822,25.0007433,0.562942679,0,FAILED,1,,,,,,,,,,,0,60,16.66666667
dataset_batch_5_geo_batch5_0046,dataset_batch_5_sim_001,2.771701601,2.97363631,682.2268242,0.352900039,0.073932058,20.30242581,0.528641417,0,FAILED,1,,,,,,,,,,,0,60,16.66666667
dataset_batch_5_geo_batch5_0047,dataset_batch_5_sim_001,2.696065453,0.654959301,569.1237019,0.153311663,0.971140532,26.60169462,1.335355518,0,SUCCESS,0,0.002248834,1.126487851,1.126487851,90,90,0.024985128,340018106.9,0.005574756,0.005574756,0.004257676,2,60,16.66666667
dataset_batch_5_geo_batch5_0048,dataset_batch_5_sim_001,2.814009472,0.584894183,206.4108329,0.392886225,0.997915072,38.52571887,0.906555947,0,FAILED,1,,,,,,,,,,,0,60,16.66666667
dataset_batch_5_geo_batch5_0049,dataset_batch_5_sim_001,2.68928816,2.251625122,909.9420781,0.276922728,0.31146475,20.52451462,0.554889967,0,FAILED,1,,,,,,,,,,,0,60,16.66666667
dataset_batch_5_geo_batch5_0050,dataset_batch_5_sim_001,2.987622289,0.906736652,906.0991509,0.158239258,0.968947652,39.2704734,1.067281647,0,SUCCESS,0,4.66E-05,1.040518522,1,2.249999762,0,0.002379536,402498110.3,0.0042657,0.0042657,0.002044243,1,60,16.66666667
dataset_batch_5_geo_batch5_0051,dataset_batch_5_sim_001,1.106598567,0.594272832,492.5033995,0.297667526,0.660821874,44.44907476,1.421223052,0,SUCCESS,0,7.26E-19,1,1,0,0,0,76031328.72,0.002721032,5.71E-05,0.002721032,1,60,16.66666667
dataset_batch_5_geo_batch5_0052,dataset_batch_5_sim_001,2.801454412,2.414149425,999.5183484,0.271208754,0.079248856,32.38159163,0.510201394,0,FAILED,1,,,,,,,,,,,0,60,16.66666667
dataset_batch_5_geo_batch5_0053,dataset_batch_5_sim_001,1.702037158,2.751065614,899.9158756,0.179986189,0.145535001,21.83749843,0.543321987,0,FAILED,1,,,,,,,,,,,0,60,16.66666667
dataset_batch_5_geo_batch5_0054,dataset_batch_5_sim_001,2.341228437,2.58360124,708.6770759,0.239329366,0.117626749,21.30391155,0.670536627,0,FAILED,1,,,,,,,,,,,0,60,16.66666667
dataset_batch_5_geo_batch5_0055,dataset_batch_5_sim_001,2.634535157,0.83038821,450.410988,0.179922249,0.970859003,41.38362284,1.156635746,0,SUCCESS,0,0.000101646,1.040518522,1,4.5,0,0.003569304,340854627.6,0.00688551,0.00688551,0.003895609,1,60,16.66666667
dataset_batch_5_geo_batch5_0056,dataset_batch_5_sim_001,2.839688281,0.685103226,549.2899417,0.225570671,0.975186566,43.4266195,0.824032031,0,SUCCESS,0,0.000978079,1.082659483,1.040518522,13.5,8.999999046,0.010707912,403109868,0.000331024,0.000193971,0.000331024,3,60,16.66666667
dataset_batch_5_geo_batch5_0057,dataset_batch_5_sim_001,2.709693769,2.738100638,379.7511765,0.309568824,0.163196433,21.36583266,0.611340381,0,FAILED,1,,,,,,,,,,,0,60,16.66666667
dataset_batch_5_geo_batch5_0058,dataset_batch_5_sim_001,2.249528292,0.679341709,203.5673195,0.168397362,0.998723879,43.28382018,1.293423579,0,SUCCESS,0,0.001947959,1.082659483,1.082659483,11.25,9,0.009518144,275048227,0.011440515,0.011440515,0.009500861,2,60,16.66666667
dataset_batch_5_geo_batch5_0059,dataset_batch_5_sim_001,2.848002406,2.262521814,430.6443083,0.223248965,0.225493989,25.56120351,0.558706867,0,FAILED,1,,,,,,,,,,,0,60,16.66666667
dataset_batch_5_geo_batch5_0060,dataset_batch_5_sim_001,2.402580537,0.772022938,573.1210004,0.19308196,0.982835862,36.80869671,1.102969217,0,SUCCESS,0,2.19E-18,1,1,0,0,0,307272255.9,0.004780795,0.004780795,0.002784584,1,60,16.66666667
dataset_batch_5_geo_batch5_0061,dataset_batch_5_sim_001,2.964086102,2.251457958,978.1324898,0.173480607,0.150433512,31.41701181,0.529094437,0,FAILED,1,,,,,,,,,,,0,60,16.66666667
dataset_batch_5_geo_batch5_0062,dataset_batch_5_sim_001,2.622410068,0.760163018,683.0327967,0.330691944,0.99455936,39.88488856,1.297815488,0,SUCCESS,0,0.001403457,1.126487851,1.082659483,15.75,11.25,0.0148721,334447502,0.000255323,0.000252453,0.000255323,3,60,16.66666667
dataset_batch_5_geo_batch5_0063,dataset_batch_5_sim_001,2.867733619,0.655600617,251.2521196,0.238973975,0.985087123,41.05188364,1.019742783,0,FAILED,1,,,,,,,,,,,0,60,16.66666667
dataset_batch_5_geo_batch5_0064,dataset_batch_5_sim_001,2.69592166,0.723685756,860.7045888,0.212092716,0.964975029,29.48326162,1.416132593,0,SUCCESS,0,0.001308158,1.126487851,1.082659483,15.74999905,11.25,0.013682332,342260786.1,0.003370889,0.003370889,0.002582095,2,60,16.66666667
dataset_batch_5_geo_batch5_0065,dataset_batch_5_sim_001,1.647014831,2.808786923,332.6496618,0.22728139,0.0867247,22.33238248,0.552250456,0,FAILED,1,,,,,,,,,,,0,60,16.66666667
dataset_batch_5_geo_batch5_0066,dataset_batch_5_sim_001,1.028493605,0.546129782,223.6892627,0.35144023,0.694621344,42.75187003,1.416485144,0,SUCCESS,0,1.70E-18,1,1,0,0,0,65504544.98,0.006114017,0.000459864,0.006114017,1,60,16.66666667
dataset_batch_5_geo_batch5_0067,dataset_batch_5_sim_001,2.584112554,0.865194349,144.7655936,0.259322496,0.99079584,43.56223589,1.355203246,0,SUCCESS,0,0.00283935,1.082659483,1.040518522,11.25,9,0.00892326,318874436.8,0.017865949,0.017865949,0.011596354,2,60,16.66666667
dataset_batch_5_geo_batch5_0068,dataset_batch_5_sim_001,2.777315563,0.614382928,258.7037692,0.365969974,0.975218047,43.30535852,1.195412208,0,FAILED,1,,,,,,,,,,,0,60,16.66666667
dataset_batch_5_geo_batch5_0069,dataset_batch_5_sim_001,2.980440635,0.53986604,401.6833542,0.194562052,0.962481932,26.00902444,0.952684783,0,SUCCESS,0,0.00404786,1.172071099,1.126487851,90,90,0.037477692,379615519.3,0.010396873,0.010396873,0.00582123,2,60,16.66666667
dataset_batch_5_geo_batch5_0070,dataset_batch_5_sim_001,2.905395496,2.227164114,813.3162977,0.204210806,0.20425144,25.64258411,0.616509197,0,FAILED,1,,,,,,,,,,,0,60,16.66666667
dataset_batch_5_geo_batch5_0071,dataset_batch_5_sim_001,2.703277273,2.958601794,709.1426041,0.191720257,0.15493652,21.27664068,0.528058618,0,FAILED,1,,,,,,,,,,,0,60,16.66666667
dataset_batch_5_geo_batch5_0072,dataset_batch_5_sim_001,2.854862147,0.643767682,936.3906643,0.269624597,0.962973095,27.23819793,1.400331343,0,FAILED,1,,,,,,,,,,,0,60,16.66666667
dataset_batch_5_geo_batch5_0073,dataset_batch_5_sim_001,2.590612829,2.428644134,158.0598799,0.159265643,0.186723893,26.94765561,0.552498368,0,FAILED,1,,,,,,,,,,,0,60,16.66666667
dataset_batch_5_geo_batch5_0074,dataset_batch_5_sim_001,2.843158429,2.393975103,813.3930587,0.240008828,0.221039249,25.07923992,0.534139757,0,FAILED,1,,,,,,,,,,,0,60,16.66666667
dataset_batch_5_geo_batch5_0075,dataset_batch_5_sim_001,2.817246296,0.850446384,609.7639643,0.161325504,0.960446268,34.64797043,1.467694015,0,SUCCESS,0,0.001309206,1.082659483,1.082659483,11.25,9,0.009518144,353263668.9,0.005085945,0.005085945,0.003713494,2,60,16.66666667
dataset_batch_5_geo_batch5_0076,dataset_batch_5_sim_001,2.731440143,2.435768622,791.6574484,0.291431803,0.098658448,22.0666682,0.764165475,0,FAILED,1,,,,,,,,,,,0,60,16.66666667
dataset_batch_5_geo_batch5_0077,dataset_batch_5_sim_001,2.79444345,0.720190191,871.2748257,0.227468985,0.998469642,34.08982201,0.608416827,0,SUCCESS,0,2.54E-18,1,1,0,0,0,405839043.3,0.004665064,0.004665064,0.001564908,1,60,16.66666667
dataset_batch_5_geo_batch5_0078,dataset_batch_5_sim_001,2.589504189,0.945953918,566.0153161,0.180071749,0.967550253,43.45795146,1.495122531,0,SUCCESS,0,8.48E-05,1.040518522,1,4.5,0,0.003569304,307376078.4,0.004466468,0.004466468,0.003330539,1,60,16.66666667
dataset_batch_5_geo_batch5_0079,dataset_batch_5_sim_001,2.603313125,2.660145385,814.4241381,0.159393954,0.114475571,22.84165849,0.68069632,0,FAILED,1,,,,,,,,,,,0,60,16.66666667
dataset_batch_5_geo_batch5_0080,dataset_batch_5_sim_001,2.323848651,2.909063105,436.0106554,0.388670532,0.112409267,21.84413822,0.523804136,0,FAILED,1,,,,,,,,,,,0,60,16.66666667
dataset_batch_5_geo_batch5_0081,dataset_batch_5_sim_001,2.854586559,2.477908736,484.6533125,0.363849076,0.086764462,20.40491392,0.783633269,0,FAILED,1,,,,,,,,,,,0,60,16.66666667
dataset_batch_5_geo_batch5_0082,dataset_batch_5_sim_001,2.82529481,0.912709761,577.2930821,0.163369914,0.957232554,41.41380055,1.336234542,0,SUCCESS,0,0.000675414,1.040518522,1.040518522,11.25,8.999999046,0.007138608,358819425.4,0.005591809,0.005591809,0.003454133,2,60,16.66666667
dataset_batch_5_geo_batch5_0083,dataset_batch_5_sim_001,2.288943429,2.582028185,765.3134272,0.240879208,0.199919978,21.8864911,0.580270887,0,FAILED,1,,,,,,,,,,,0,60,16.66666667
dataset_batch_5_geo_batch5_0084,dataset_batch_5_sim_001,2.985704606,0.512463489,395.8050709,0.242882994,0.974079066,29.81070557,0.552958832,0,SUCCESS,0,0.002932377,1.126487851,1.082659483,90,90,0.02082094,436287004.6,0.011625513,0.011625513,0.004453754,2,60,16.66666667
dataset_batch_5_geo_batch5_0085,dataset_batch_5_sim_001,2.979250664,0.533696693,644.5053316,0.33631461,0.961142996,36.17658642,1.036873584,0,FAILED,1,,,,,,,,,,,0,60,16.66666667
dataset_batch_5_geo_batch5_0086,dataset_batch_5_sim_001,1.280254407,0.596154891,919.5069989,0.163458937,0.965185819,44.88427365,1.449384435,0,SUCCESS,0,4.33E-19,1,1,0,0,0,104120312.7,0.001659776,0.000418372,0.001659776,1,60,16.66666667
dataset_batch_5_geo_batch5_0087,dataset_batch_5_sim_001,2.989615264,0.861816784,918.3689141,0.163720294,0.945647538,26.52651608,1.417624051,0,SUCCESS,0,0.000939461,1.082659483,1.082659483,90,90,0.021415824,367440925.9,0.003786967,0.003786967,0.002528524,2,60,16.66666667
dataset_batch_5_geo_batch5_0088,dataset_batch_5_sim_001,2.464302063,0.734131691,919.9845647,0.18097793,0.978031634,39.8471775,1.164493132,0,SUCCESS,0,0.000226608,1.040518522,1.040518522,6.75,2.249999762,0.004759072,316397101.6,0.003081902,0.003081902,0.001971005,2,60,16.66666667
dataset_batch_5_geo_batch5_0089,dataset_batch_5_sim_001,2.579124934,2.591934695,344.1747671,0.221560159,0.103642453,27.28650832,0.527119611,0,FAILED,1,,,,,,,,,,,0,60,16.66666667
dataset_batch_5_geo_batch5_0090,dataset_batch_5_sim_001,2.729449046,2.762094984,276.1438991,0.193220757,0.132000676,26.49374161,0.521657024,0,FAILED,1,,,,,,,,,,,0,60,16.66666667
dataset_batch_5_geo_batch5_0091,dataset_batch_5_sim_001,1.995202299,2.962500284,182.5985891,0.155058035,0.062048356,22.62611883,0.637310925,0,FAILED,1,,,,,,,,,,,0,60,16.66666667
dataset_batch_5_geo_batch5_0092,dataset_batch_5_sim_001,2.044519906,2.903190154,664.2666613,0.18850826,0.059526344,22.87268232,0.512290022,0,FAILED,1,,,,,,,,,,,0,60,16.66666667
dataset_batch_5_geo_batch5_0093,dataset_batch_5_sim_001,2.568576042,0.718505492,863.8971359,0.227241909,0.961244941,36.59132675,1.392588565,0,SUCCESS,0,0.001547154,1.126487851,1.126487851,13.5,13.5,0.013682332,322138031.7,0.003142329,0.003142329,0.002411309,2,60,16.66666667
dataset_batch_5_geo_batch5_0094,dataset_batch_5_sim_001,2.536660926,2.520614449,404.221542,0.165288019,0.123499568,25.92678486,0.589721338,0,FAILED,1,,,,,,,,,,,0,60,16.66666667
dataset_batch_5_geo_batch5_0095,dataset_batch_5_sim_001,2.620962148,0.640141186,105.6624824,0.270731152,0.96244866,38.87410078,1.45253076,0,FAILED,1,,,,,,,,,,,0,60,16.66666667
dataset_batch_5_geo_batch5_0096,dataset_batch_5_sim_001,2.8552579,2.672840251,339.715287,0.367021127,0.081563536,20.32862922,0.681089753,0,FAILED,1,,,,,,,,,,,0,60,16.66666667
dataset_batch_5_geo_batch5_0097,dataset_batch_5_sim_001,0.808249556,0.590968043,115.3292769,0.190727029,0.686251061,42.31357842,1.399569428,0,SUCCESS,0,2.04E-18,1,1,0,0,0,44473125.46,0.009725834,0.002760329,0.009725834,1,60,16.66666667
dataset_batch_5_geo_batch5_0098,dataset_batch_5_sim_001,2.312550914,0.608110861,566.8747078,0.278006035,0.991234328,40.62339216,1.184142485,0,FAILED,1,,,,,,,,,,,0,60,16.66666667
dataset_batch_5_geo_batch5_0099,dataset_batch_5_sim_001,2.28694839,2.735871148,313.1174275,0.184993888,0.09147836,24.75401063,0.684922737,0,FAILED,1,,,,,,,,,,,0,60,16.66666667
dataset_batch_5_geo_batch5_0100,dataset_batch_5_sim_001,2.248119671,2.668752316,494.3295301,0.175131697,0.134486166,28.42715373,0.5152367,0,FAILED,1,,,,,,,,,,,0,60,16.66666667
dataset_batch_5_geo_batch5_0101,dataset_batch_5_sim_001,2.530598884,0.798251884,626.2700113,0.238825204,0.963595158,36.46837107,1.490644113,0,SUCCESS,0,0.001902663,1.126487851,1.126487851,13.5,13.5,0.013087448,305553677.1,0.000716901,6.28E-05,0.000716901,3,60,16.66666667
dataset_batch_5_geo_batch5_0102,dataset_batch_5_sim_001,2.73691516,2.406873386,318.4196518,0.177212928,0.094985758,20.93615124,0.78038443,0,FAILED,1,,,,,,,,,,,0,60,16.66666667
dataset_batch_5_geo_batch5_0103,dataset_batch_5_sim_001,2.891505651,0.524488211,464.6947606,0.198275993,0.946223841,43.0137694,1.25484209,0,FAILED,1,,,,,,,,,,,0,60,16.66666667
dataset_batch_5_geo_batch5_0104,dataset_batch_5_sim_001,2.792808365,2.460157551,581.8886245,0.387089839,0.127094127,22.02334138,0.57529135,0,FAILED,1,,,,,,,,,,,0,60,16.66666667
dataset_batch_5_geo_batch5_0105,dataset_batch_5_sim_001,2.879567296,0.627720094,707.4321056,0.337910974,0.949640805,44.96154424,1.244350149,0,FAILED,1,,,,,,,,,,,0,60,16.66666667
dataset_batch_5_geo_batch5_0106,dataset_batch_5_sim_001,2.731849893,0.811010983,848.0593373,0.318775565,0.942242665,41.02619983,1.408803107,0,FAILED,1,,,,,,,,,,,0,60,16.66666667
dataset_batch_5_geo_batch5_0107,dataset_batch_5_sim_001,1.750201963,2.961386738,874.3947666,0.224925595,0.083393462,22.00008985,0.500353663,0,FAILED,1,,,,,,,,,,,0,60,16.66666667
dataset_batch_5_geo_batch5_0108,dataset_batch_5_sim_001,2.889238443,2.414639687,103.7998699,0.323754714,0.11989247,29.45253187,0.505281394,0,TIMEOUT,1,,,,,,,,,,,0,60,16.66666667
dataset_batch_5_geo_batch5_0109,dataset_batch_5_sim_001,2.008664178,2.657168211,118.8919187,0.242110329,0.107708269,20.79514432,0.628957351,0,FAILED,1,,,,,,,,,,,0,60,16.66666667
dataset_batch_5_geo_batch5_0110,dataset_batch_5_sim_001,2.883007943,2.259717358,820.1985379,0.291123246,0.202573079,23.07416395,0.734739867,0,TIMEOUT,1,,,,,,,,,,,0,60,16.66666667
dataset_batch_5_geo_batch5_0111,dataset_batch_5_sim_001,2.526163597,2.65347472,154.3271874,0.254662857,0.075408501,21.46412923,0.527763128,0,FAILED,1,,,,,,,,,,,0,60,16.66666667
dataset_batch_5_geo_batch5_0112,dataset_batch_5_sim_001,2.638412254,0.721229357,760.65434,0.335245065,0.99191624,30.61450951,1.23639038,0,FAILED,1,,,,,,,,,,,0,60,16.66666667
dataset_batch_5_geo_batch5_0113,dataset_batch_5_sim_001,2.925701587,2.225965643,977.9640405,0.183644126,0.243521607,26.28457901,0.651038115,0,FAILED,1,,,,,,,,,,,0,60,16.66666667
dataset_batch_5_geo_batch5_0114,dataset_batch_5_sim_001,2.699650886,0.686538467,396.6349952,0.384967301,0.954605607,39.06841418,1.331437782,0,SUCCESS,0,0.006087149,1.268786311,1.219479561,22.5,22.5,0.028554432,349762626.6,0.006475061,0.006475061,0.004214538,2,60,16.66666667
dataset_batch_5_geo_batch5_0115,dataset_batch_5_sim_001,2.53866861,0.694402914,918.6022524,0.276126474,0.98171613,43.75466585,1.466021753,0,FAILED,1,,,,,,,,,,,0,60,16.66666667
dataset_batch_5_geo_batch5_0116,dataset_batch_5_sim_001,2.878157291,0.81248203,568.8873985,0.343876072,0.96673371,43.2106885,1.477947571,0,FAILED,1,,,,,,,,,,,0,60,16.66666667
dataset_batch_5_geo_batch5_0117,dataset_batch_5_sim_001,2.963759611,2.214664981,363.1991784,0.209490637,0.267337806,23.99472315,0.559822125,0,FAILED,1,,,,,,,,,,,0,60,16.66666667
dataset_batch_5_geo_batch5_0118,dataset_batch_5_sim_001,2.76842065,2.578565778,871.8881288,0.369455704,0.089659551,21.06054104,0.743808076,0,FAILED,1,,,,,,,,,,,0,60,16.66666667
dataset_batch_5_geo_batch5_0119,dataset_batch_5_sim_001,2.956440773,0.724413114,815.394382,0.241360076,0.929113273,40.44478249,1.29877062,0,FAILED,1,,,,,,,,,,,0,60,16.66666667
dataset_batch_5_geo_batch5_0120,dataset_batch_5_sim_001,2.892185089,2.340883518,615.8255783,0.154603356,0.097440932,22.98678397,0.681425891,0,FAILED,1,,,,,,,,,,,0,60,16.66666667
dataset_batch_5_geo_batch5_0121,dataset_batch_5_sim_001,2.824285807,0.781770514,998.0566461,0.198917372,0.968425877,41.03338282,1.346351358,0,SUCCESS,0,0.001259487,1.126487851,1.082659483,13.5,11.25,0.012492564,365182830.9,0.003230855,0.003230855,0.002167078,2,60,16.66666667
dataset_batch_5_geo_batch5_0122,dataset_batch_5_sim_001,2.296420747,2.623137367,756.3117842,0.172111432,0.060455905,23.1420141,0.755697693,0,FAILED,1,,,,,,,,,,,0,60,16.66666667
dataset_batch_5_geo_batch5_0123,dataset_batch_5_sim_001,2.920566205,1.177281223,895.0258473,0.16840578,0.791072026,43.81159343,1.060731058,0,SUCCESS,0,9.82E-19,1,1,0,0,0,376710901.1,0.003931072,0.003931072,0.00141804,1,60,16.66666667
dataset_batch_5_geo_batch5_0124,dataset_batch_5_sim_001,2.422475264,2.628290347,894.2679507,0.206645022,0.112878494,20.53888086,0.810840051,0,FAILED,1,,,,,,,,,,,0,60,16.66666667
dataset_batch_5_geo_batch5_0125,dataset_batch_5_sim_001,2.940916912,0.695388638,617.2664482,0.322242019,0.957962007,42.23614698,1.152588648,0,FAILED,1,,,,,,,,,,,0,60,16.66666667
dataset_batch_5_geo_batch5_0126,dataset_batch_5_sim_001,2.45318795,0.683822965,587.8039738,0.227360413,0.972137674,44.18757161,0.815134648,0,SUCCESS,0,4.08E-06,1.040518522,1,2.249999762,0,0.002379536,337306477.9,0.005425978,0.005425978,0.002375336,1,60,16.66666667
dataset_batch_5_geo_batch5_0127,dataset_batch_5_sim_001,2.655159924,0.642523954,942.3363529,0.250823868,0.999473562,36.25131292,0.552046463,0,SUCCESS,0,9.29E-06,1.040518522,1,2.249999762,0,0.002379536,389366967.7,0.004116148,0.004116148,0.001349467,1,60,16.66666667
dataset_batch_5_geo_batch5_0128,dataset_batch_5_sim_001,2.624235673,2.486881713,121.5352432,0.185815081,0.059961214,21.61145185,0.941991181,0,FAILED,1,,,,,,,,,,,0,60,16.66666667
dataset_batch_5_geo_batch5_0129,dataset_batch_5_sim_001,2.590583711,2.635050972,884.8150201,0.158781089,0.106077988,22.05726468,0.689170895,0,FAILED,1,,,,,,,,,,,0,60,16.66666667
dataset_batch_5_geo_batch5_0130,dataset_batch_5_sim_001,1.578215246,2.779268908,141.1941492,0.262794798,0.099740945,21.5314691,0.525428813,0,FAILED,1,,,,,,,,,,,0,60,16.66666667
dataset_batch_5_geo_batch5_0131,dataset_batch_5_sim_001,1.945866993,2.773085048,826.2611306,0.360671019,0.08271802,20.43583683,0.507516069,0,FAILED,1,,,,,,,,,,,0,60,16.66666667
dataset_batch_5_geo_batch5_0132,dataset_batch_5_sim_001,2.471629801,0.594652064,585.0927159,0.240263824,0.97069145,44.07260335,1.08751968,0,FAILED,1,,,,,,,,,,,0,60,16.66666667
dataset_batch_5_geo_batch5_0133,dataset_batch_5_sim_001,2.913478469,0.593312082,385.1600899,0.293538975,0.944127226,40.14186251,1.341634408,0,FAILED,1,,,,,,,,,,,0,60,16.66666667
dataset_batch_5_geo_batch5_0134,dataset_batch_5_sim_001,2.326791843,2.567582416,292.5466472,0.150379829,0.244134329,24.45991821,0.514333708,0,FAILED,1,,,,,,,,,,,0,60,16.66666667
dataset_batch_5_geo_batch5_0135,dataset_batch_5_sim_001,2.967725803,2.255345255,951.0169626,0.29072691,0.115571999,25.60376418,0.620179111,0,FAILED,1,,,,,,,,,,,0,60,16.66666667
dataset_batch_5_geo_batch5_0136,dataset_batch_5_sim_001,2.9991186,0.522518807,660.3723469,0.370954515,0.942010156,42.38730674,0.799112245,0,FAILED,1,,,,,,,,,,,0,60,16.66666667
dataset_batch_5_geo_batch5_0137,dataset_batch_5_sim_001,2.677793612,0.518282244,731.6784376,0.166053391,0.986997552,26.90751473,0.647000925,0,SUCCESS,0,0.00070145,1.040518522,1.040518522,90,90,0.016656752,371830131.8,0.005531658,0.005531658,0.002556046,2,60,16.66666667
dataset_batch_5_geo_batch5_0138,dataset_batch_5_sim_001,2.116328434,0.753269646,428.6332415,0.211794861,0.980060395,44.58197616,1.096683298,0,SUCCESS,0,2.14E-18,1,1,0,0,0,259493023.7,0.005094822,0.005094822,0.003202421,1,60,16.66666667
dataset_batch_5_geo_batch5_0139,dataset_batch_5_sim_001,2.803045443,2.454837455,623.8896963,0.157119507,0.306215988,21.59516433,0.597595178,0,FAILED,1,,,,,,,,,,,0,60,16.66666667
dataset_batch_5_geo_batch5_0140,dataset_batch_5_sim_001,2.93801863,0.617463806,752.5342691,0.345345899,0.966773432,36.899754,1.21895072,0,FAILED,1,,,,,,,,,,,0,60,16.66666667
dataset_batch_5_geo_batch5_0141,dataset_batch_5_sim_001,2.950048917,2.470027891,468.9314005,0.228134439,0.149529552,21.5544782,0.783716195,0,FAILED,1,,,,,,,,,,,0,60,16.66666667
dataset_batch_5_geo_batch5_0142,dataset_batch_5_sim_001,2.122938522,0.509865886,118.312976,0.390920188,0.999264985,43.72884523,1.213218725,0,FAILED,1,,,,,,,,,,,0,60,16.66666667
dataset_batch_5_geo_batch5_0143,dataset_batch_5_sim_001,1.84233635,0.57821566,408.8179802,0.201135168,0.976906099,44.74519682,1.234834382,0,SUCCESS,0,0.000465535,1.040518522,1.040518522,6.75,4.499999523,0.004759072,213973418,0.004142784,0.003999577,0.004142784,3,60,16.66666667
dataset_batch_5_geo_batch5_0144,dataset_batch_5_sim_001,2.457930458,0.750744439,769.8623408,0.375714788,0.96705007,38.14843286,1.384598441,0,FAILED,1,,,,,,,,,,,0,60,16.66666667
dataset_batch_5_geo_batch5_0145,dataset_batch_5_sim_001,2.901273491,0.51347996,125.1795115,0.15867864,0.962622112,41.05468867,0.617748597,0,SUCCESS,0,0.010702475,1.126487851,1.126487851,13.5,13.5,0.013087448,434879207,0.036044387,0.036044387,0.016378055,2,60,16.66666667
dataset_batch_5_geo_batch5_0146,dataset_batch_5_sim_001,1.462971615,0.58877312,613.7249265,0.224248307,0.999708893,35.69927418,1.488258246,0,SUCCESS,0,9.01E-19,1,1,0,0,0,133662199.7,0.002751583,0.000978713,0.002751583,1,60,16.66666667
dataset_batch_5_geo_batch5_0147,dataset_batch_5_sim_001,2.314905404,0.549112138,943.9648894,0.309226396,0.995421369,35.31374449,1.365706311,0,FAILED,1,,,,,,,,,,,0,60,16.66666667
dataset_batch_5_geo_batch5_0148,dataset_batch_5_sim_001,2.814867309,2.823961755,563.3904057,0.229831519,0.091981571,28.64130403,0.54896206,0,FAILED,1,,,,,,,,,,,0,60,16.66666667
dataset_batch_5_geo_batch5_0149,dataset_batch_5_sim_001,2.92277861,2.407074697,359.9924501,0.360626274,0.129281223,22.26922556,0.705992539,0,FAILED,1,,,,,,,,,,,0,60,16.66666667
dataset_batch_5_geo_batch5_0150,dataset_batch_5_sim_001,2.818460275,1.496593942,159.6071305,0.279873128,0.293206745,28.43859679,0.531017268,0,FAILED,1,,,,,,,,,,,0,60,16.66666667
dataset_batch_5_geo_batch5_0151,dataset_batch_5_sim_001,2.945777159,0.518674659,647.0330418,0.266447684,0.992121718,41.38886159,0.514617896,0,SUCCESS,0,0.00169908,1.126487851,1.082659483,15.75,13.5,0.015466984,448165519.7,0.006958412,0.006958412,0.002462441,2,60,16.66666667
dataset_batch_5_geo_batch5_0152,dataset_batch_5_sim_001,2.972837938,2.335156326,251.7037727,0.181005117,0.163078331,31.76148009,0.544070088,0,TIMEOUT,1,,,,,,,,,,,0,60,16.66666667
dataset_batch_5_geo_batch5_0153,dataset_batch_5_sim_001,2.325135185,0.573930615,966.2461583,0.213322333,0.990464542,44.57575627,0.874576244,0,SUCCESS,0,0.000283809,1.040518522,1.040518522,11.25,6.75,0.007138608,317851293.9,0.003076847,0.003076847,0.001660268,2,60,16.66666667
dataset_batch_5_geo_batch5_0154,dataset_batch_5_sim_001,2.454600112,2.864769006,993.3375149,0.230902244,0.132143787,23.84256547,0.564053085,0,TIMEOUT,1,,,,,,,,,,,0,60,16.66666667
dataset_batch_5_geo_batch5_0155,dataset_batch_5_sim_001,2.059695544,0.582167234,242.9272404,0.291417392,0.993024224,41.07959438,1.48181829,0,FAILED,1,,,,,,,,,,,0,60,16.66666667
dataset_batch_5_geo_batch5_0156,dataset_batch_5_sim_001,2.971878865,2.359338199,269.3364225,0.228243627,0.118091052,25.79211916,0.540363337,0,FAILED,1,,,,,,,,,,,0,60,16.66666667
dataset_batch_5_geo_batch5_0157,dataset_batch_5_sim_001,2.954152694,0.846449774,968.4285894,0.366997175,0.949028849,43.11335125,0.972687157,0,FAILED,1,,,,,,,,,,,0,60,16.66666667
dataset_batch_5_geo_batch5_0158,dataset_batch_5_sim_001,2.964528155,0.887284784,236.6107536,0.233525331,0.938031266,43.70953067,1.194435633,0,FAILED,1,,,,,,,,,,,0,60,16.66666667
dataset_batch_5_geo_batch5_0159,dataset_batch_5_sim_001,2.757861641,0.681351961,159.3001621,0.153438916,0.990497372,33.91424133,1.213856775,0,SUCCESS,0,0.006182391,1.126487851,1.082659483,13.5,11.25,0.01189768,366820597.8,0.021509288,0.021509288,0.014285912,2,60,16.66666667
dataset_batch_5_geo_batch5_0160,dataset_batch_5_sim_001,2.970630866,0.914003796,272.0010133,0.393820475,0.940209886,42.0876745,1.311886538,0,FAILED,1,,,,,,,,,,,0,60,16.66666667
dataset_batch_5_geo_batch5_0161,dataset_batch_5_sim_001,1.55871855,0.6516149,397.8984101,0.354379804,0.913659925,44.74657621,1.076599798,0,SUCCESS,0,1.40E-18,1,1,0,0,0,170382180.4,0.002549452,0.002549452,0.002370036,1,60,16.66666667
dataset_batch_5_geo_batch5_0162,dataset_batch_5_sim_001,2.864749326,0.926033814,819.0309164,0.218805308,0.970450061,36.97917513,1.117208418,0,SUCCESS,0,1.67E-18,1,1,0,0,0,377475825.2,0.004215965,0.004215965,0.001959261,1,60,16.66666667
dataset_batch_5_geo_batch5_0163,dataset_batch_5_sim_001,2.247906415,0.791613711,702.9749534,0.241244093,0.981611288,34.76899507,1.420530012,0,SUCCESS,0,9.87E-05,1.040518522,1,4.5,0,0.003569304,261362697.7,0.002785491,0.002785491,0.002436372,1,60,16.66666667
dataset_batch_5_geo_batch5_0164,dataset_batch_5_sim_001,2.56049564,2.697395907,480.5036757,0.20691591,0.182802262,21.15800147,0.68157483,0,FAILED,1,,,,,,,,,,,0,60,16.66666667
dataset_batch_5_geo_batch5_0165,dataset_batch_5_sim_001,2.868445076,0.586702892,321.2226249,0.301003913,0.965564858,38.68844988,1.052784749,0,FAILED,1,,,,,,,,,,,0,60,16.66666667
dataset_batch_5_geo_batch5_0166,dataset_batch_5_sim_001,2.934942917,0.599285695,454.1249818,0.190892762,0.997240846,33.81439961,1.489102437,0,FAILED,1,,,,,,,,,,,0,60,16.66666667
dataset_batch_5_geo_batch5_0167,dataset_batch_5_sim_001,2.786543663,0.628824264,703.2279249,0.362317204,0.983625332,39.13893079,0.71107933,0,SUCCESS,0,0.002212011,1.126487851,1.126487851,13.5,11.25,0.013682332,403477051.9,0.005172154,0.005172154,0.001681492,2,60,16.66666667
dataset_batch_5_geo_batch5_0168,dataset_batch_5_sim_001,1.818172277,2.806298356,718.3685963,0.206356907,0.129379011,20.59558128,0.530302778,0,FAILED,1,,,,,,,,,,,0,60,16.66666667
dataset_batch_5_geo_batch5_0169,dataset_batch_5_sim_001,2.752869062,0.654329687,726.0873828,0.20580861,0.966507541,37.1497357,1.022491989,0,SUCCESS,0,0.00098414,1.082659483,1.082659483,11.25,9,0.010113028,378443739,0.004904943,0.004904943,0.002698226,2,60,16.66666667
dataset_batch_5_geo_batch5_0170,dataset_batch_5_sim_001,2.949299264,2.769179223,146.1399711,0.281954229,0.124424616,20.826122,0.661897651,0,FAILED,1,,,,,,,,,,,0,60,16.66666667
dataset_batch_5_geo_batch5_0171,dataset_batch_5_sim_001,1.152038917,0.561124233,338.560062,0.156668467,0.726445593,40.31523163,1.414323851,0,SUCCESS,0,1.33E-18,1,1,0,0,0,86017719.66,0.004295154,0.00070063,0.004295154,1,60,16.66666667
dataset_batch_5_geo_batch5_0172,dataset_batch_5_sim_001,2.873340976,0.672713434,844.1145101,0.187936077,0.961333428,39.09027481,0.775423781,0,SUCCESS,0,0.0005063,1.082659483,1.040518522,9,6.75,0.007138608,412352529.8,0.004873567,0.004873567,0.00213228,2,60,16.66666667
dataset_batch_5_geo_batch5_0173,dataset_batch_5_sim_001,1.86765683,2.781347023,395.2843034,0.179557419,0.084348533,20.58502944,0.532015011,0,FAILED,1,,,,,,,,,,,0,60,16.66666667
dataset_batch_5_geo_batch5_0174,dataset_batch_5_sim_001,2.856612464,0.898202112,192.790714,0.334139182,0.933883072,43.49816548,1.301762751,0,FAILED,1,,,,,,,,,,,0,60,16.66666667
dataset_batch_5_geo_batch5_0175,dataset_batch_5_sim_001,2.664207672,0.892766164,166.9451166,0.158236206,0.925008752,44.25195259,1.219554803,0,SUCCESS,0,6.14E-05,1.040518522,1,2.249999762,0,0.002379536,338948372.9,0.018392733,0.018392733,0.010678346,1,60,16.66666667
dataset_batch_5_geo_batch5_0176,dataset_batch_5_sim_001,2.214821048,0.877061322,940.8725568,0.305709562,0.990963649,44.45960103,1.319645643,0,SUCCESS,0,6.40E-19,1,1,0,0,0,256854825.2,0.001959677,0.001959677,0.001356973,1,60,16.66666667
dataset_batch_5_geo_batch5_0177,dataset_batch_5_sim_001,2.93321573,0.588545163,154.5009794,0.153553517,0.939907075,44.82467215,1.456906275,0,FAILED,1,,,,,,,,,,,0,60,16.66666667
dataset_batch_5_geo_batch5_0178,dataset_batch_5_sim_001,2.884598529,2.426344711,683.5138676,0.189704625,0.151382433,20.7809322,0.54753124,0,FAILED,1,,,,,,,,,,,0,60,16.66666667
dataset_batch_5_geo_batch5_0179,dataset_batch_5_sim_001,2.994290801,2.626388524,787.3691171,0.178935865,0.2522297,21.4574708,0.54161475,0,FAILED,1,,,,,,,,,,,0,60,16.66666667
dataset_batch_5_geo_batch5_0180,dataset_batch_5_sim_001,2.939123185,2.558426037,637.4080661,0.300356511,0.141557035,21.93525138,0.527714424,0,FAILED,1,,,,,,,,,,,0,60,16.66666667
dataset_batch_5_geo_batch5_0181,dataset_batch_5_sim_001,1.951341417,2.892863656,349.0753021,0.234291097,0.056953453,23.96963054,0.551228958,0,FAILED,1,,,,,,,,,,,0,60,16.66666667
dataset_batch_5_geo_batch5_0182,dataset_batch_5_sim_001,1.362043668,0.649011246,195.2528466,0.282527662,0.712087202,44.75424224,1.418822252,0,SUCCESS,0,2.38E-18,1,1,0,0,0,117067661.7,0.00708176,0.002010027,0.00708176,1,60,16.66666667
dataset_batch_5_geo_batch5_0183,dataset_batch_5_sim_001,2.675228001,0.649249755,396.5149984,0.18923524,0.957039732,41.57381965,1.117100375,0,FAILED,1,,,,,,,,,,,0,60,16.66666667
dataset_batch_5_geo_batch5_0184,dataset_batch_5_sim_001,2.536433743,0.944717716,956.1370122,0.177623586,0.976395233,33.90826853,1.456464753,0,SUCCESS,0,1.36E-18,1,1,0,0,0,300554759.1,0.002589471,0.002589471,0.001890124,1,60,16.66666667
dataset_batch_5_geo_batch5_0185,dataset_batch_5_sim_001,1.917328865,2.722073768,780.179586,0.154065611,0.054380815,25.01781291,0.552919004,0,FAILED,1,,,,,,,,,,,0,60,16.66666667
dataset_batch_5_geo_batch5_0186,dataset_batch_5_sim_001,2.508083251,0.893241604,721.7477792,0.152438478,0.953560683,43.82761405,1.213872658,0,SUCCESS,0,1.50E-18,1,1,0,0,0,312440688.7,0.003852322,0.003852322,0.002303851,1,60,16.66666667
dataset_batch_5_geo_batch5_0187,dataset_batch_5_sim_001,2.960194698,2.357704651,272.188317,0.367298243,0.065078492,31.26813288,0.520405621,0,FAILED,1,,,,,,,,,,,0,60,16.66666667
dataset_batch_5_geo_batch5_0188,dataset_batch_5_sim_001,2.769880714,2.411652013,383.2433951,0.309969149,0.080102041,28.67693079,0.641601989,0,FAILED,1,,,,,,,,,,,0,60,16.66666667
dataset_batch_5_geo_batch5_0189,dataset_batch_5_sim_001,2.86571417,0.723794791,409.8694618,0.366229146,0.944105527,41.81159765,1.37014434,0,FAILED,1,,,,,,,,,,,0,60,16.66666667
dataset_batch_5_geo_batch5_0190,dataset_batch_5_sim_001,2.797165146,2.642454062,149.4749297,0.153447186,0.063124138,28.87478882,0.543251399,0,FAILED,1,,,,,,,,,,,0,60,16.66666667
dataset_batch_5_geo_batch5_0191,dataset_batch_5_sim_001,1.1289867,0.644144036,512.8873508,0.158914994,0.652241593,44.97129377,1.401432723,0,SUCCESS,0,9.81E-19,1,1,0,0,0,78306098.05,0.00245517,0.000288914,0.00245517,1,60,16.66666667
dataset_batch_5_geo_batch5_0192,dataset_batch_5_sim_001,0.812949252,0.518500357,510.5010918,0.161310544,0.667233455,39.9922154,1.364565979,0,SUCCESS,0,4.24E-19,1,1,0,0,0,44353498.94,0.00237574,0.000415952,0.00237574,1,60,16.66666667
dataset_batch_5_geo_batch5_0193,dataset_batch_5_sim_001,2.285575163,0.782022626,640.5518358,0.208298577,0.966364046,34.93600737,1.291711665,0,SUCCESS,0,1.14E-18,1,1,0,0,0,275771592.1,0.00352293,0.00352293,0.002612612,1,60,16.66666667
dataset_batch_5_geo_batch5_0194,dataset_batch_5_sim_001,2.300586482,2.748196952,624.7148417,0.321555221,0.067939309,23.18933216,0.686006202,0,FAILED,1,,,,,,,,,,,0,60,16.66666667
dataset_batch_5_geo_batch5_0195,dataset_batch_5_sim_001,2.935548225,2.804925722,189.0834429,0.329878375,0.166918101,20.16652041,0.590712789,0,FAILED,1,,,,,,,,,,,0,60,16.66666667
dataset_batch_5_geo_batch5_0196,dataset_batch_5_sim_001,1.802402826,0.538444917,692.3019546,0.202753086,0.762289914,22.2319383,0.957494902,0,SUCCESS,0,9.22E-05,1.040518522,1,6.75,0,0.004759072,225234949.1,0.002769316,0.002769316,0.002031002,1,60,16.66666667
dataset_batch_5_geo_batch5_0197,dataset_batch_5_sim_001,2.991148707,2.457346297,583.5731869,0.213827031,0.174672925,20.76413984,0.562582251,0,FAILED,1,,,,,,,,,,,0,60,16.66666667
dataset_batch_5_geo_batch5_0198,dataset_batch_5_sim_001,2.61100038,2.546690322,167.46925,0.201389505,0.060696734,22.80711439,0.847674202,0,FAILED,1,,,,,,,,,,,0,60,16.66666667
dataset_batch_6_geo_batch6_001,dataset_batch_6_geo_batch6_001_sim_001,1.026187083,0.659480564,410.7413532,0.273939568,0.071372076,21.1263238,0.510665926,0,SUCCESS,0,4.62E-05,1.040518522,1,6.750002384,0,0.004759072,110469593.7,0.002110081,0.002110081,0.000243851,1,60,16.66666667
dataset_batch_6_geo_batch6_002,dataset_batch_6_geo_batch6_002_sim_001,0.732267514,0.588817971,350.448995,0.307723051,0.091742406,26.32863974,0.717394753,0,SUCCESS,0,7.60E-19,1,1,0,0,0,52560266.45,0.000684367,0.000285367,0.000684367,1,60,16.66666667
dataset_batch_6_geo_batch6_003,dataset_batch_6_geo_batch6_003_sim_001,0.931893993,0.595620763,812.5708071,0.274820856,0.115840582,22.11651406,0.536946058,0,SUCCESS,0,4.52E-19,1,1,0,0,0,96857799.53,0.000855837,0.000855837,0.00019551,1,60,16.66666667
dataset_batch_6_geo_batch6_004,dataset_batch_6_geo_batch6_004_sim_001,0.90704485,0.66211179,593.8386239,0.157668894,0.082088952,25.48529261,0.744483212,0,SUCCESS,0,5.35E-19,1,1,0,0,0,77044950.12,0.000642669,0.000642669,0.000486449,1,60,16.66666667
dataset_batch_6_geo_batch6_005,dataset_batch_6_geo_batch6_005_sim_001,0.955168776,0.630412576,475.8671109,0.262393271,0.045218682,26.54557915,0.659969284,0,SUCCESS,0,8.80E-19,1,1,0,0,0,91889545.35,0.001190456,0.001190456,0.000514793,1,60,16.66666667
dataset_batch_6_geo_batch6_006,dataset_batch_6_geo_batch6_006_sim_001,1.062870993,0.669369315,278.0165303,0.227560095,0.055766515,26.6001436,0.615393826,0,SUCCESS,0,1.10E-18,1,1,0,0,0,110841991.8,0.002917967,0.002917967,0.000815112,1,60,16.66666667
dataset_batch_6_geo_batch6_007,dataset_batch_6_geo_batch6_007_sim_001,0.755290255,0.483026274,738.5020583,0.324068353,0.085368963,26.16781949,0.537733284,0,SUCCESS,0,3.67E-19,1,1,0,0,0,72581437.62,0.000560697,0.000560697,0.000286076,1,60,16.66666667
dataset_batch_6_geo_batch6_008,dataset_batch_6_geo_batch6_008_sim_001,0.951465329,0.600183516,674.345562,0.274810191,0.122913626,25.11622611,0.575252248,0,SUCCESS,0,3.84E-19,1,1,0,0,0,97766447.3,0.001008616,0.001008616,0.000297107,1,60,16.66666667
dataset_batch_6_geo_batch6_009,dataset_batch_6_geo_batch6_009_sim_001,0.921872233,0.621663494,508.3796379,0.300405746,0.042958749,27.75478465,0.77697278,0,SUCCESS,0,4.81E-19,1,1,0,0,0,79909448.5,0.000703053,0.000677486,0.000703053,1,60,16.66666667
dataset_batch_6_geo_batch6_010,dataset_batch_6_geo_batch6_010_sim_001,0.833721788,0.594051188,812.8339807,0.270938759,0.101991494,20.68767987,0.731899844,0,SUCCESS,0,4.34E-19,1,1,0,0,0,68863404.7,0.000386431,0.000331025,0.000386431,1,60,16.66666667
dataset_batch_6_geo_batch6_011,dataset_batch_6_geo_batch6_011_sim_001,0.732649292,0.645515459,420.4181382,0.194468375,0.121969786,23.83368165,0.619809658,0,SUCCESS,0,5.89E-19,1,1,0,0,0,55173775.46,0.000471178,0.000471178,9.90E-05,1,60,16.66666667
dataset_batch_6_geo_batch6_012,dataset_batch_6_geo_batch6_012_sim_001,0.841467352,0.65672363,433.750619,0.316192415,0.080932898,25.25953799,0.663060563,0,SUCCESS,0,5.71E-19,1,1,0,0,0,70760061.36,0.000746071,0.000746071,0.000260435,1,60,16.66666667
dataset_batch_6_geo_batch6_013,dataset_batch_6_geo_batch6_013_sim_001,1.028733202,0.675004478,495.9616801,0.179763704,0.117364536,22.40089378,0.74092171,0,SUCCESS,0,7.97E-19,1,1,0,0,0,97448700.06,0.001221462,0.001221462,0.000698033,1,60,16.66666667
dataset_batch_6_geo_batch6_014,dataset_batch_6_geo_batch6_014_sim_001,0.847888026,0.638768561,979.6584379,0.272080141,0.073525958,21.10963342,0.754944695,0,SUCCESS,0,3.08E-19,1,1,0,0,0,67547830.71,0.000274067,0.000244378,0.000274067,1,60,16.66666667
dataset_batch_6_geo_batch6_015,dataset_batch_6_geo_batch6_015_sim_001,0.815040773,0.601677297,530.3571962,0.221538328,0.089603661,25.54815083,0.554435409,0,SUCCESS,0,6.81E-19,1,1,0,0,0,75459453.63,0.000872601,0.000872601,0.000203521,1,60,16.66666667
dataset_batch_6_geo_batch6_016,dataset_batch_6_geo_batch6_016_sim_001,0.808459526,0.54504179,735.7705411,0.174060918,0.110351058,25.67276607,0.419738948,0,SUCCESS,0,3.22E-19,1,1,0,0,0,85151837.81,0.00089304,0.00089304,0.000126667,1,60,16.66666667
dataset_batch_6_geo_batch6_017,dataset_batch_6_geo_batch6_017_sim_001,0.982609483,0.593535581,693.984234,0.329784705,0.085173837,24.68849879,0.479027626,0,SUCCESS,0,6.09E-19,1,1,0,0,0,109005630.1,0.00121664,0.00121664,0.000159549,1,60,16.66666667
dataset_batch_6_geo_batch6_018,dataset_batch_6_geo_batch6_018_sim_001,1.108967242,0.643420706,982.971077,0.151487964,0.114724768,23.08874621,0.649619615,0,SUCCESS,0,3.32E-19,1,1,0,0,0,118193809.6,0.000916769,0.000916769,0.000394175,1,60,16.66666667
dataset_batch_6_geo_batch6_019,dataset_batch_6_geo_batch6_019_sim_001,0.881946346,0.665358518,451.0974827,0.24515859,0.043668353,25.27932642,0.4843988,0,SUCCESS,0,7.44E-19,1,1,0,0,0,87531028.77,0.001400165,0.001400165,0,1,60,16.66666667
dataset_batch_6_geo_batch6_020,dataset_batch_6_geo_batch6_020_sim_001,0.832172276,0.633907202,831.0276958,0.27906263,0.099978813,26.90569495,0.685247362,0,SUCCESS,0,2.99E-19,1,1,0,0,0,69124196.59,0.000360295,0.000360295,0.000218023,1,60,16.66666667
dataset_batch_6_geo_batch6_021,dataset_batch_6_geo_batch6_021_sim_001,0.948056555,0.661468784,632.766455,0.273165978,0.081726303,25.24389264,0.672372063,0,SUCCESS,0,8.38E-19,1,1,0,0,0,88272004.18,0.00081489,0.00081489,0.000309061,1,60,16.66666667
dataset_batch_6_geo_batch6_022,dataset_batch_6_geo_batch6_022_sim_001,0.902774365,0.611549603,345.4072416,0.205357659,0.105294717,21.98187333,0.483032694,0,SUCCESS,0,1.00E-18,1,1,0,0,0,94101751.37,0.002060711,0.002060711,0.000287028,1,60,16.66666667
dataset_batch_6_geo_batch6_023,dataset_batch_6_geo_batch6_023_sim_001,1.060995283,0.618390998,187.2291917,0.181744781,0.088659642,22.64320293,0.534583943,0,SUCCESS,0,1.68E-18,1,1,0,0,0,117934138,0.005093099,0.005093099,0.001397211,1,60,16.66666667
dataset_batch_6_geo_batch6_024,dataset_batch_6_geo_batch6_024_sim_001,0.864294876,0.652669323,374.4479743,0.257371571,0.104667954,26.6607309,0.699639545,0,SUCCESS,0,5.78E-19,1,1,0,0,0,72796202.3,0.000896109,0.000896109,0.000511739,1,60,16.66666667
dataset_batch_6_geo_batch6_025,dataset_batch_6_geo_batch6_025_sim_001,1.053980748,0.577623929,887.5792944,0.290550378,0.094208239,22.62078204,0.562070638,0,SUCCESS,0,4.10E-19,1,1,0,0,0,117348701.3,0.001003654,0.001003654,0.000313464,1,60,16.66666667
dataset_batch_6_geo_batch6_026,dataset_batch_6_geo_batch6_026_sim_001,0.729858463,0.481547858,844.224875,0.208133699,0.119698344,23.70112254,0.48329278,0,SUCCESS,0,1.86E-19,1,1,0,0,0,71432918.3,0.000559375,0.000559375,0.000219752,1,60,16.66666667
dataset_batch_6_geo_batch6_027,dataset_batch_6_geo_batch6_027_sim_001,0.766668277,0.663242272,314.3161159,0.348371869,0.057418301,23.02674503,0.719496177,0,SUCCESS,0,9.55E-19,1,1,0,0,0,54314934.73,0.000376602,0.000340416,0.000376602,1,60,16.66666667
dataset_batch_6_geo_batch6_028,dataset_batch_6_geo_batch6_028_sim_001,1.006467672,0.677969367,295.2038796,0.172653056,0.076299942,25.22790881,0.661809106,0,SUCCESS,0,1.29E-18,1,1,0,0,0,98019541.07,0.002219955,0.002219955,0.000823306,1,60,16.66666667
dataset_batch_6_geo_batch6_029,dataset_batch_6_geo_batch6_029_sim_001,0.874693126,0.621096263,645.9381362,0.321784595,0.053518072,21.3123408,0.480395226,0,SUCCESS,0,3.86E-19,1,1,0,0,0,88906416.45,0.000990231,0.000990231,2.58E-05,1,60,16.66666667
dataset_batch_6_geo_batch6_030,dataset_batch_6_geo_batch6_030_sim_001,0.712749837,0.538612449,738.6688398,0.233830054,0.083343854,26.53495136,0.696457257,0,SUCCESS,0,2.78E-19,1,1,0,0,0,53132881.26,0.00041779,0.000188599,0.00041779,1,60,16.66666667
dataset_batch_6_geo_batch6_031,dataset_batch_6_geo_batch6_031_sim_001,1.004164127,0.576407855,856.8231838,0.310326133,0.082301148,22.43084188,0.625792558,0,SUCCESS,0,3.49E-19,1,1,0,0,0,105190745.5,0.000825241,0.000825241,0.000352254,1,60,16.66666667
dataset_batch_6_geo_batch6_032,dataset_batch_6_geo_batch6_032_sim_001,0.782249375,0.676369081,718.7139293,0.161327009,0.106318579,23.29762673,0.509400863,0,SUCCESS,0,3.21E-19,1,1,0,0,0,68377644.02,0.000556122,0.000556122,0,1,60,16.66666667
dataset_batch_6_geo_batch6_033,dataset_batch_6_geo_batch6_033_sim_001,0.808831151,0.590838678,694.8502243,0.237710932,0.066448025,23.9222478,0.70429077,0,SUCCESS,0,3.59E-19,1,1,0,0,0,66352859.16,0.000404962,0.0003891,0.000404962,1,60,16.66666667
dataset_batch_6_geo_batch6_034,dataset_batch_6_geo_batch6_034_sim_001,0.873325316,0.65365115,890.1483726,0.193852818,0.094429559,20.94643091,0.666800738,0,SUCCESS,0,2.77E-19,1,1,0,0,0,76185150.18,0.000456639,0.000456639,0.00020299,1,60,16.66666667
dataset_batch_6_geo_batch6_035,dataset_batch_6_geo_batch6_035_sim_001,0.911606482,0.591587942,164.0191375,0.32331089,0.1200728,27.71870631,0.435212768,0,SUCCESS,0,1.99E-18,1,1,0,0,0,99442483.07,0.004748212,0.004748212,0.000237882,1,60,16.66666667
dataset_batch_6_geo_batch6_036,dataset_batch_6_geo_batch6_036_sim_001,0.988324147,0.63942297,641.7239909,0.337873395,0.0660057,21.15288811,0.625365786,0,SUCCESS,0,5.60E-19,1,1,0,0,0,99079243.9,0.000990681,0.000990681,0.000273803,1,60,16.66666667
dataset_batch_6_geo_batch6_037,dataset_batch_6_geo_batch6_037_sim_001,0.830406581,0.550322647,536.8924105,0.325666446,0.106479988,20.80025064,0.466298712,0,SUCCESS,0,4.84E-19,1,1,0,0,0,85945591.63,0.001138217,0.001138217,0.000149189,1,60,16.66666667
dataset_batch_6_geo_batch6_038,dataset_batch_6_geo_batch6_038_sim_001,0.786961875,0.591673188,330.2899899,0.281981785,0.087900793,20.92084224,0.638656388,0,SUCCESS,0,6.93E-19,1,1,0,0,0,66329755.5,0.000904434,0.000904434,0.000525283,1,60,16.66666667
dataset_batch_6_geo_batch6_039,dataset_batch_6_geo_batch6_039_sim_001,0.706695107,0.575155947,910.4440431,0.210535715,0.107110345,25.81771958,0.41569996,0,SUCCESS,0,2.69E-19,1,1,0,0,0,66277599.17,0.000487558,0.000487558,0,1,60,16.66666667
dataset_batch_6_geo_batch6_040,dataset_batch_6_geo_batch6_040_sim_001,0.946612938,0.534447662,842.358326,0.224823333,0.060917866,25.63468027,0.465188697,0,SUCCESS,0,3.95E-19,1,1,0,0,0,106831607.5,0.001028255,0.001028255,0.000269434,1,60,16.66666667
dataset_batch_6_geo_batch6_041,dataset_batch_6_geo_batch6_041_sim_001,0.736441774,0.490332807,349.4367806,0.162922266,0.084005066,24.71823901,0.476806067,0,SUCCESS,0,1.14E-18,1,1,0,0,0,72461579.89,0.001414033,0.001414033,0.00052631,1,60,16.66666667
dataset_batch_6_geo_batch6_042,dataset_batch_6_geo_batch6_042_sim_001,0.941996325,0.564969451,265.5076954,0.273650531,0.087495883,24.74343061,0.600091202,0,SUCCESS,0,1.02E-18,1,1,0,0,0,96617740.93,0.002454572,0.002454572,0.001049595,1,60,16.66666667
dataset_batch_6_geo_batch6_043,dataset_batch_6_geo_batch6_043_sim_001,1.059582357,0.562209607,786.9558781,0.179427017,0.114732079,23.11951701,0.63945978,0,SUCCESS,0,2.74E-05,1.040518522,1,6.75,0,0.004759072,114695810,0.001106076,0.001106076,0.000597642,1,60,16.66666667
dataset_batch_6_geo_batch6_044,dataset_batch_6_geo_batch6_044_sim_001,1.110046175,0.637430591,372.2230164,0.248397053,0.113013705,24.42871867,0.739919664,0,SUCCESS,0,1.26E-18,1,1,0,0,0,113502993,0.002035342,0.002035342,0.001159543,1,60,16.66666667
dataset_batch_6_geo_batch6_045,dataset_batch_6_geo_batch6_045_sim_001,0.915418091,0.551280046,370.5056398,0.312190402,0.047287418,25.94642155,0.583363524,0,SUCCESS,0,8.80E-19,1,1,0,0,0,93754971.45,0.00165733,0.00165733,0.000661896,1,60,16.66666667
dataset_batch_6_geo_batch6_046,dataset_batch_6_geo_batch6_046_sim_001,1.048090942,0.614889566,243.0465843,0.291336485,0.066727399,23.18578488,0.536570651,0,SUCCESS,0,1.33E-18,1,1,0,0,0,115786964.1,0.003672253,0.003672253,0.00078897,1,60,16.66666667
dataset_batch_6_geo_batch6_047,dataset_batch_6_geo_batch6_047_sim_001,0.769558712,0.578078945,858.6835688,0.287086184,0.04522778,20.96248612,0.409831852,0,SUCCESS,0,2.69E-19,1,1,0,0,0,77248340.74,0.000660479,0.000660479,0,1,60,16.66666667
dataset_batch_6_geo_batch6_048,dataset_batch_6_geo_batch6_048_sim_001,0.979174046,0.565300084,318.0188609,0.197226057,0.06748644,27.27438569,0.499673849,0,SUCCESS,0,9.69E-19,1,1,0,0,0,108767922.6,0.002744461,0.002744461,0.000779084,1,60,16.66666667
dataset_batch_6_geo_batch6_049,dataset_batch_6_geo_batch6_049_sim_001,0.846257438,0.599441178,467.6395248,0.196217497,0.074584638,22.57995541,0.70716906,0,SUCCESS,0,5.61E-19,1,1,0,0,0,72148354.59,0.000737958,0.000737958,0.000657797,1,60,16.66666667
dataset_batch_6_geo_batch6_050,dataset_batch_6_geo_batch6_050_sim_001,0.790883264,0.592457567,140.565939,0.301588513,0.075046356,23.96195389,0.633971788,0,SUCCESS,0,1.62E-18,1,1,0,0,0,67229563.8,0.00217786,0.00217786,0.001160217,1,60,16.66666667
dataset_batch_6_geo_batch6_051,dataset_batch_6_geo_batch6_051_sim_001,0.955321476,0.567323137,243.2934327,0.165776543,0.08841089,21.41216661,0.622919611,0,SUCCESS,0,1.03E-05,1.040518522,1,2.249999762,0,0.002379536,97466939.84,0.002830931,0.002830931,0.001516411,1,60,16.66666667
dataset_batch_6_geo_batch6_052,dataset_batch_6_geo_batch6_052_sim_001,0.978371383,0.447969304,676.1906406,0.258846974,0.110669388,27.54002647,0.400864877,0,SUCCESS,0,3.44E-05,1.040518522,1,9,0,0.00594884,120669277.5,0.001549231,0.001549231,0.000452481,1,60,16.66666667
dataset_batch_6_geo_batch6_053,dataset_batch_6_geo_batch6_053_sim_001,1.040900358,0.614573011,526.8298482,0.292532408,0.043223383,22.2740057,0.704244126,0,SUCCESS,0,6.41E-05,1.040518522,1,9,0,0.00594884,104919157.6,0.001257841,0.001257841,0.000678031,1,60,16.66666667
dataset_batch_6_geo_batch6_054,dataset_batch_6_geo_batch6_054_sim_001,0.846809675,0.580622935,459.7607741,0.160037877,0.113128596,26.67456573,0.660647592,0,SUCCESS,0,5.48E-19,1,1,0,0,0,75940506.13,0.000924724,0.000924724,0.000657112,1,60,16.66666667
dataset_batch_6_geo_batch6_055,dataset_batch_6_geo_batch6_055_sim_001,0.897904741,0.668007176,744.2723584,0.334481734,0.083093681,24.98570025,0.731846143,0,SUCCESS,0,3.60E-19,1,1,0,0,0,75879584.05,0.000433277,0.000433277,0.00026121,1,60,16.66666667
dataset_batch_6_geo_batch6_056,dataset_batch_6_geo_batch6_056_sim_001,1.023134668,0.648506832,833.7247407,0.181345593,0.059472273,27.29053135,0.624203725,0,SUCCESS,0,3.55E-19,1,1,0,0,0,104642058,0.000902161,0.000902161,0.00031996,1,60,16.66666667
dataset_batch_6_geo_batch6_057,dataset_batch_6_geo_batch6_057_sim_001,0.77534516,0.643133145,616.6309395,0.157893101,0.125946438,21.76954465,0.5758567,0,SUCCESS,0,3.28E-19,1,1,0,0,0,65165469.33,0.000543712,0.000543712,7.47E-05,1,60,16.66666667
dataset_batch_6_geo_batch6_058,dataset_batch_6_geo_batch6_058_sim_001,0.78822199,0.556097245,202.3286756,0.156809147,0.095303688,22.82092545,0.661245698,0,SUCCESS,0,1.16E-18,1,1,0,0,0,67173175.51,0.001633812,0.001633812,0.001509098,1,60,16.66666667
dataset_batch_6_geo_batch6_059,dataset_batch_6_geo_batch6_059_sim_001,0.750462346,0.499358983,983.8401244,0.336519581,0.11237862,26.03664793,0.412082977,0,SUCCESS,0,3.48E-19,1,1,0,0,0,78097474.11,0.00057022,0.00057022,5.77E-05,1,60,16.66666667
dataset_batch_6_geo_batch6_060,dataset_batch_6_geo_batch6_060_sim_001,0.73913901,0.58537069,715.9384462,0.265074501,0.074763192,27.44349956,0.591834059,0,SUCCESS,0,3.29E-19,1,1,0,0,0,61154769.15,0.000387292,0.000387292,0.000150121,1,60,16.66666667
dataset_batch_6_geo_batch6_061,dataset_batch_6_geo_batch6_061_sim_001,0.879234192,0.570482763,821.2087931,0.332202225,0.097279185,24.49461823,0.652886498,0,SUCCESS,0,3.35E-19,1,1,0,0,0,82499050.47,0.000534157,0.000534157,0.000314737,1,60,16.66666667
dataset_batch_6_geo_batch6_062,dataset_batch_6_geo_batch6_062_sim_001,0.823905394,0.671919875,384.4035083,0.277340774,0.045770634,24.91033659,0.419748247,0,SUCCESS,0,1.32E-18,1,1,0,0,0,80928558.6,0.001565902,0.001565902,0,1,60,16.66666667
dataset_batch_6_geo_batch6_063,dataset_batch_6_geo_batch6_063_sim_001,0.733051415,0.615631848,710.7787752,0.174606935,0.082909785,21.16215778,0.715939378,0,SUCCESS,0,3.39E-19,1,1,0,0,0,51326456.24,0.000291557,0.000155546,0.000291557,1,60,16.66666667
dataset_batch_6_geo_batch6_064,dataset_batch_6_geo_batch6_064_sim_001,0.826275538,0.569198773,765.8470307,0.230699229,0.062603268,24.56301545,0.519008109,0,SUCCESS,0,3.12E-19,1,1,0,0,0,81186736.96,0.000715178,0.000715178,0.00017355,1,60,16.66666667
dataset_batch_6_geo_batch6_065,dataset_batch_6_geo_batch6_065_sim_001,0.964397119,0.642265844,649.686176,0.249984395,0.0430933,22.72578427,0.691127018,0,SUCCESS,0,4.23E-19,1,1,0,0,0,91039208.93,0.000834212,0.000834212,0.000415809,1,60,16.66666667
dataset_batch_6_geo_batch6_066,dataset_batch_6_geo_batch6_066_sim_001,0.827180814,0.638611085,985.0896321,0.191805009,0.08872687,24.31765247,0.788602932,0,SUCCESS,0,3.35E-19,1,1,0,0,0,62062982.3,0.000321536,0.000188033,0.000321536,1,60,16.66666667
dataset_batch_6_geo_batch6_067,dataset_batch_6_geo_batch6_067_sim_001,0.787497948,0.568535586,544.9643838,0.333109912,0.107281713,26.79263053,0.568493716,0,SUCCESS,0,1.50E-19,1,1,0,0,0,71709987.32,0.000713166,0.000713166,0.000221041,1,60,16.66666667
dataset_batch_6_geo_batch6_068,dataset_batch_6_geo_batch6_068_sim_001,0.819861437,0.543106687,317.2473236,0.23244248,0.121102603,27.72579528,0.672055542,0,SUCCESS,0,1.14E-18,1,1,0,0,0,72687557.49,0.001147223,0.001147223,0.001074024,1,60,16.66666667
dataset_batch_6_geo_batch6_069,dataset_batch_6_geo_batch6_069_sim_001,0.856765246,0.667920885,972.668428,0.347021054,0.04983984,26.90067285,0.782720104,0,SUCCESS,0,2.59E-19,1,1,0,0,0,65892499.58,0.000238733,0.000186175,0.000238733,1,60,16.66666667
dataset_batch_6_geo_batch6_070,dataset_batch_6_geo_batch6_070_sim_001,0.959571855,0.581164645,948.0774364,0.180310919,0.067351115,25.43481694,0.432636942,0,SUCCESS,0,3.74E-19,1,1,0,0,0,108402653,0.00095586,0.00095586,0.000164853,1,60,16.66666667
dataset_batch_6_geo_batch6_071,dataset_batch_6_geo_batch6_071_sim_001,0.840980986,0.482930787,179.3228962,0.260326296,0.058110924,23.80718037,0.40265887,0,SUCCESS,0,3.97E-05,1.040518522,1,6.75,0,0.004759072,95080107.28,0.004280822,0.004280822,0.000895513,1,60,16.66666667
dataset_batch_6_geo_batch6_072,dataset_batch_6_geo_batch6_072_sim_001,0.83745276,0.46256955,238.9522182,0.254769177,0.059688143,27.3826758,0.438496619,0,SUCCESS,0,1.33E-18,1,1,0,0,0,93514184.59,0.003055491,0.003055491,0.000952291,1,60,16.66666667
dataset_batch_6_geo_batch6_073,dataset_batch_6_geo_batch6_073_sim_001,0.760675919,0.431595338,343.429693,0.253317502,0.101161641,21.12523508,0.485155233,0,SUCCESS,0,0.000130436,1.082659483,1,13.5,4.499999523,0.010707912,79322688.67,0.001597036,0.001597036,0.00081139,2,60,16.66666667
dataset_batch_6_geo_batch6_074,dataset_batch_6_geo_batch6_074_sim_001,0.711121842,0.595700698,685.1982598,0.290638408,0.073520858,27.7765798,0.574257874,0,SUCCESS,0,4.37E-19,1,1,0,0,0,56795420.71,0.000348257,0.000348257,7.40E-05,1,60,16.66666667
dataset_batch_6_geo_batch6_075,dataset_batch_6_geo_batch6_075_sim_001,0.763751262,0.617299305,287.3455635,0.304473885,0.109740805,25.57683871,0.611626392,0,SUCCESS,0,8.71E-19,1,1,0,0,0,62511479.71,0.000948929,0.000948929,0.000283815,1,60,16.66666667
dataset_batch_6_geo_batch6_076,dataset_batch_6_geo_batch6_076_sim_001,0.898392634,0.50076097,183.0592557,0.221169813,0.11909964,22.13847665,0.560684023,0,SUCCESS,0,2.16E-05,1.040518522,1,4.5,0,0.003569304,94877842.8,0.003725947,0.003725947,0.001912892,1,60,16.66666667
dataset_batch_6_geo_batch6_077,dataset_batch_6_geo_batch6_077_sim_001,0.878928522,0.555635442,482.0022394,0.257999226,0.118581448,23.59528836,0.649009269,0,SUCCESS,0,6.32E-19,1,1,0,0,0,83478241.37,0.00100658,0.00100658,0.000657992,1,60,16.66666667
dataset_batch_6_geo_batch6_078,dataset_batch_6_geo_batch6_078_sim_001,0.817974553,0.661580956,806.2024598,0.320006765,0.056010704,25.7219383,0.462530253,0,SUCCESS,0,3.32E-19,1,1,0,0,0,78003660.3,0.000673189,0.000673189,0,1,60,16.66666667
dataset_batch_6_geo_batch6_079,dataset_batch_6_geo_batch6_079_sim_001,0.77744836,0.440337801,698.4726731,0.328421066,0.060907217,26.75796698,0.498306922,0,SUCCESS,0,2.18E-05,1.040518522,1,9,0,0.00594884,80966316.49,0.000749577,0.000749577,0.000356005,1,60,16.66666667
dataset_batch_6_geo_batch6_080,dataset_batch_6_geo_batch6_080_sim_001,1.037871663,0.580385009,659.8325956,0.272417228,0.064754474,21.92310678,0.501651266,0,SUCCESS,0,0.000190684,1.040518522,1,13.50000477,6.750002384,0.008328376,113152411.7,0.001434381,0.001434381,0.00033357,2,60,16.66666667
dataset_batch_6_geo_batch6_081,dataset_batch_6_geo_batch6_081_sim_001,0.890216856,0.62100224,730.8965616,0.194347001,0.106722376,26.92733102,0.461705976,0,SUCCESS,0,5.16E-19,1,1,0,0,0,92661617.84,0.000967826,0.000967826,8.63E-05,1,60,16.66666667
dataset_batch_6_geo_batch6_082,dataset_batch_6_geo_batch6_082_sim_001,1.030666616,0.628135417,108.9309191,0.319682022,0.06650447,24.69161464,0.60038463,0,SUCCESS,0,3.07E-18,1,1,0,0,0,108401186.9,0.006958972,0.006958972,0.001863204,1,60,16.66666667
dataset_batch_6_geo_batch6_083,dataset_batch_6_geo_batch6_083_sim_001,0.967589417,0.597498927,586.144396,0.218614269,0.080673043,27.31907324,0.701894015,0,SUCCESS,0,5.89E-19,1,1,0,0,0,93392510.4,0.000983628,0.000983628,0.000651484,1,60,16.66666667
dataset_batch_6_geo_batch6_084,dataset_batch_6_geo_batch6_084_sim_001,0.702873135,0.642494574,931.1296801,0.192613907,0.090236901,22.14728535,0.517563987,0,SUCCESS,0,2.48E-19,1,1,0,0,0,56110694.67,0.000284575,0.000284575,0,1,60,16.66666667
dataset_batch_6_geo_batch6_085,dataset_batch_6_geo_batch6_085_sim_001,0.883517611,0.637424049,834.0032454,0.302386636,0.072574738,25.5265545,0.546587269,0,SUCCESS,0,3.03E-19,1,1,0,0,0,85730037.39,0.000676955,0.000676955,7.71E-05,1,60,16.66666667
dataset_batch_6_geo_batch6_086,dataset_batch_6_geo_batch6_086_sim_001,0.793774047,0.611591963,381.5349459,0.30942751,0.049601531,24.43079415,0.475477163,0,SUCCESS,0,9.36E-19,1,1,0,0,0,75811318.67,0.001328703,0.001328703,0,1,60,16.66666667
dataset_batch_6_geo_batch6_087,dataset_batch_6_geo_batch6_087_sim_001,0.963566936,0.520411766,400.0428026,0.218773404,0.123332776,27.53662919,0.477796731,0,SUCCESS,0,1.18E-18,1,1,0,0,0,109777441.8,0.002235823,0.002235823,0.000695659,1,60,16.66666667
dataset_batch_6_geo_batch6_088,dataset_batch_6_geo_batch6_088_sim_001,1.027263497,0.62918659,267.8366759,0.156284959,0.099693513,25.01824051,0.417461883,0,SUCCESS,0,1.83E-18,1,1,0,0,0,118300829.4,0.003808761,0.003808761,0.000493998,1,60,16.66666667
dataset_batch_6_geo_batch6_089,dataset_batch_6_geo_batch6_089_sim_001,0.790541012,0.424773566,578.8633003,0.262096743,0.11599859,25.23985244,0.47721314,0,SUCCESS,0,9.70E-06,1.040518522,1,4.5,0,0.003569304,85276343.13,0.001060846,0.001060846,0.000512552,1,60,16.66666667
dataset_batch_6_geo_batch6_090,dataset_batch_6_geo_batch6_090_sim_001,0.858596182,0.651799541,541.897898,0.177115433,0.068900617,20.47566329,0.607616138,0,SUCCESS,0,5.59E-19,1,1,0,0,0,77163675.84,0.000834023,0.000834023,0.000219342,1,60,16.66666667
dataset_batch_6_geo_batch6_091,dataset_batch_6_geo_batch6_091_sim_001,0.768332677,0.570218761,759.0765738,0.282172331,0.049389007,24.69695476,0.567935703,0,SUCCESS,0,5.61E-19,1,1,0,0,0,68363381.44,0.000483453,0.000483453,0.000161324,1,60,16.66666667
dataset_batch_6_geo_batch6_092,dataset_batch_6_geo_batch6_092_sim_001,1.038534714,0.670451238,339.6373652,0.327478139,0.061385522,25.16588201,0.540926141,0,SUCCESS,0,9.29E-19,1,1,0,0,0,110881154,0.002437178,0.002437178,0.000256685,1,60,16.66666667
dataset_batch_6_geo_batch6_093,dataset_batch_6_geo_batch6_093_sim_001,0.913691544,0.54440162,808.3232336,0.304470653,0.109187122,20.69480061,0.650214954,0,SUCCESS,0,3.94E-06,1.040518522,1,2.249999762,0,0.002379536,89984116.59,0.000656939,0.000656939,0.000413505,1,60,16.66666667
dataset_batch_6_geo_batch6_094,dataset_batch_6_geo_batch6_094_sim_001,0.728663869,0.653359647,455.7498405,0.32418938,0.056287908,23.71469101,0.454860396,0,SUCCESS,0,6.14E-19,1,1,0,0,0,63554978.46,0.000871342,0.000871342,0,1,60,16.66666667
dataset_batch_6_geo_batch6_095,dataset_batch_6_geo_batch6_095_sim_001,0.735073857,0.620873359,886.5295983,0.3441074,0.048263299,26.98533557,0.589354362,0,SUCCESS,0,3.31E-19,1,1,0,0,0,58673509,0.00027442,0.00027442,3.58E-05,1,60,16.66666667
dataset_batch_6_geo_batch6_096,dataset_batch_6_geo_batch6_096_sim_001,0.797247154,0.664629254,123.7873028,0.201056034,0.045226994,22.08974677,0.744761544,0,SUCCESS,0,1.83E-18,1,1,0,0,0,58037896.65,0.0015439,0.001275857,0.0015439,1,60,16.66666667
dataset_batch_6_geo_batch6_097,dataset_batch_6_geo_batch6_097_sim_001,0.894042948,0.584661117,606.059921,0.151260036,0.107869517,27.7397044,0.541732443,0,SUCCESS,0,8.26E-19,1,1,0,0,0,90679628.46,0.001077519,0.001077519,0.000347335,1,60,16.66666667
dataset_batch_6_geo_batch6_098,dataset_batch_6_geo_batch6_098_sim_001,1.104358528,0.631025598,784.5723454,0.193936463,0.066428932,25.93031274,0.789357231,0,SUCCESS,0,5.96E-05,1.040518522,1,9,0,0.00594884,110028790.4,0.000918832,0.000918832,0.000680709,1,60,16.66666667
dataset_batch_6_geo_batch6_099,dataset_batch_6_geo_batch6_099_sim_001,0.722995276,0.65586342,501.6578012,0.316304674,0.096635763,20.38374974,0.524433675,0,SUCCESS,0,4.65E-19,1,1,0,0,0,58442683.34,0.000584944,0.000584944,0,1,60,16.66666667
dataset_batch_6_geo_batch6_100,dataset_batch_6_geo_batch6_100_sim_001,1.067591122,0.568310719,119.686576,0.302242741,0.077514692,26.34698446,0.534013687,0,SUCCESS,0,3.16E-18,1,1,0,0,0,121803490.7,0.007940355,0.007940355,0.002214443,1,60,16.66666667
dataset_batch_6_geo_batch6_101,dataset_batch_6_geo_batch6_101_sim_001,1.117432425,0.573250709,571.8249142,0.251601819,0.088049985,21.59046618,0.580232753,0,SUCCESS,0,0.000111128,1.040518522,1,90,2.250000715,0.01189768,125311150,0.001765407,0.001765407,0.000657518,2,60,16.66666667
dataset_batch_6_geo_batch6_102,dataset_batch_6_geo_batch6_102_sim_001,1.03212155,0.545674297,402.3995635,0.272393483,0.054023872,21.28998722,0.656672256,0,SUCCESS,0,0.000574149,1.172071099,1.082659483,90,90,0.026174896,107513339.3,0.001879656,0.001879656,0.001085273,2,60,16.66666667
dataset_batch_6_geo_batch6_103,dataset_batch_6_geo_batch6_103_sim_001,0.93846823,0.526206903,635.2993152,0.24758395,0.12310218,21.16471057,0.472073831,0,SUCCESS,0,5.30E-19,1,1,0,0,0,105481752,0.0013225,0.0013225,0.000358598,1,60,16.66666667
dataset_batch_6_geo_batch6_104,dataset_batch_6_geo_batch6_104_sim_001,0.774454548,0.409877129,972.7602053,0.15990999,0.063315304,20.67010244,0.467966357,0,SUCCESS,0,0.00018822,1.320067286,1.082659483,24.75,13.5,0.044021416,83895496.34,0.000670779,0.000670779,0.0003723,2,60,16.66666667
dataset_batch_6_geo_batch6_105,dataset_batch_6_geo_batch6_105_sim_001,1.150992417,0.590608615,615.1369279,0.251692563,0.053136874,21.67261024,0.554080427,0,SUCCESS,0,0.000755398,1.082659483,1.082659483,90,90,0.027364664,122488164.9,0.001787888,0.001787888,0.000571715,2,60,16.66666667
dataset_batch_6_geo_batch6_106,dataset_batch_6_geo_batch6_106_sim_001,1.061398865,0.51235211,807.5142959,0.234340793,0.09776787,22.57789426,0.51625953,0,SUCCESS,0,8.08E-05,1.082659483,1,11.25,0,0.00892326,124798056.4,0.001277602,0.001277602,0.000482426,1,60,16.66666667
dataset_batch_6_geo_batch6_107,dataset_batch_6_geo_batch6_107_sim_001,0.780107395,0.454052441,840.3114071,0.167057151,0.042481304,20.55662729,0.496444468,0,SUCCESS,0,0.000156792,1.268786311,1.040518522,22.5,11.25,0.033908388,80814336.81,0.000702095,0.000702095,0.000366991,2,60,16.66666667
dataset_batch_6_geo_batch6_108,dataset_batch_6_geo_batch6_108_sim_001,1.148690517,0.627206189,207.7727018,0.341385886,0.060712483,21.57765245,0.664566677,0,SUCCESS,0,0.000134056,1.040518522,1,6.75,2.249999762,0.004759072,125018523.6,0.004185002,0.004185002,0.001530688,2,60,16.66666667
dataset_batch_6_geo_batch6_109,dataset_batch_6_geo_batch6_109_sim_001,1.097148799,0.560955624,162.2790845,0.289814687,0.071415856,25.56019332,0.685800294,0,SUCCESS,0,0.00096469,1.082659483,1.082659483,13.5,11.25,0.011302796,118545598.3,0.005046562,0.005046562,0.002872014,2,60,16.66666667
dataset_batch_6_geo_batch6_110,dataset_batch_6_geo_batch6_110_sim_001,1.015898187,0.537718033,427.5239796,0.292947162,0.126226637,22.75137676,0.491831123,0,SUCCESS,0,7.31E-19,1,1,0,0,0,117013109.6,0.002180079,0.002180079,0.000580382,1,60,16.66666667
dataset_batch_6_geo_batch6_111,dataset_batch_6_geo_batch6_111_sim_001,0.958352615,0.440505101,827.4647247,0.197103028,0.084498626,26.6730715,0.420627297,0,SUCCESS,0,0.00011262,1.082659483,1,15.74999905,2.249999762,0.01189768,116503587.8,0.001231544,0.001231544,0.000449396,2,60,16.66666667
dataset_batch_6_geo_batch6_112,dataset_batch_6_geo_batch6_112_sim_001,0.927061944,0.401162194,380.6532878,0.196041064,0.110620845,25.61249938,0.424715246,0,SUCCESS,0,0.000363811,1.126487851,1.082659483,15.75,11.25,0.015466984,113028763.9,0.00258507,0.00258507,0.001114327,2,60,16.66666667
dataset_batch_6_geo_batch6_113,dataset_batch_6_geo_batch6_113_sim_001,1.165443247,0.586353477,884.824153,0.219367341,0.057239068,21.86507402,0.610228381,0,SUCCESS,0,0.000365876,1.082659483,1.040518522,90,90,0.026174896,123405339.4,0.00121513,0.00121513,0.000509646,2,60,16.66666667
dataset_batch_6_geo_batch6_114,dataset_batch_6_geo_batch6_114_sim_001,0.97267502,0.509078737,838.7920989,0.320434217,0.088470181,22.05429025,0.464995699,0,SUCCESS,0,1.19E-05,1.040518522,1,6.75,0,0.004164188,112682739.5,0.001059453,0.001059453,0.000264223,1,60,16.66666667
dataset_batch_6_geo_batch6_115,dataset_batch_6_geo_batch6_115_sim_001,1.096733984,0.527687019,630.446591,0.165219078,0.042020624,26.90585341,0.533064624,0,SUCCESS,0,0.000193643,1.082659483,1.040518522,15.74999905,6.75,0.01189768,129073972.3,0.001745778,0.001745778,0.000732774,2,60,16.66666667
dataset_batch_6_geo_batch6_116,dataset_batch_6_geo_batch6_116_sim_001,1.025287505,0.471279388,763.9209456,0.299976691,0.065692477,24.96448816,0.547015531,0,SUCCESS,0,0.000447529,1.172071099,1.082659483,18,11.25,0.018441404,119061168.4,0.001188418,0.001188418,0.000545931,2,60,16.66666667
dataset_batch_6_geo_batch6_117,dataset_batch_6_geo_batch6_117_sim_001,1.114386466,0.586993505,508.4626405,0.325493428,0.067169879,20.69393734,0.538041271,0,SUCCESS,0,0.000811903,1.082659483,1.082659483,90,18,0.022605592,118725696.8,0.00198792,0.00198792,0.00050273,2,60,16.66666667
dataset_batch_6_geo_batch6_118,dataset_batch_6_geo_batch6_118_sim_001,1.110052886,0.512884647,675.5947974,0.286710433,0.075935322,27.16988889,0.474563264,0,SUCCESS,0,7.92E-05,1.040518522,1,11.25,0,0.007138608,135520833.9,0.001692912,0.001692912,0.000494668,1,60,16.66666667
dataset_batch_6_geo_batch6_119,dataset_batch_6_geo_batch6_119_sim_001,0.863613695,0.404644739,463.6765019,0.205726892,0.043407691,25.38400188,0.431452955,0,SUCCESS,0,0.000439576,1.219479561,1.126487851,22.5,15.74999905,0.030339084,101574224.9,0.001834876,0.001834876,0.00080539,2,60,16.66666667
dataset_batch_6_geo_batch6_120,dataset_batch_6_geo_batch6_120_sim_001,0.982983165,0.485373187,113.2236705,0.161340362,0.124879265,24.6752215,0.428728489,0,SUCCESS,0,9.52E-05,1.040518522,1,6.75,0,0.004759072,117835364.6,0.009130186,0.009130186,0.003037759,1,60,16.66666667
dataset_batch_6_geo_batch6_121,dataset_batch_6_geo_batch6_121_sim_001,1.169694823,0.57530861,250.212979,0.335604854,0.043186799,26.37729489,0.666164247,0,SUCCESS,0,0.000922886,1.126487851,1.082659483,13.5,11.25,0.012492564,131350846.2,0.003718975,0.003718975,0.001682222,2,60,16.66666667
dataset_batch_6_geo_batch6_122,dataset_batch_6_geo_batch6_122_sim_001,0.952160012,0.509807821,659.3694197,0.193906843,0.077950971,22.52537888,0.567585728,0,SUCCESS,0,0.000119822,1.082659483,1,13.5,4.499999523,0.011302796,103225986.5,0.001186266,0.001186266,0.000603367,2,60,16.66666667
dataset_batch_6_geo_batch6_123,dataset_batch_6_geo_batch6_123_sim_001,1.056311345,0.479250128,519.4362233,0.328379958,0.100460862,26.82817115,0.475459555,0,SUCCESS,0,6.49E-05,1.040518522,1,9,0,0.00594884,128055004.8,0.00198839,0.00198839,0.000612784,1,60,16.66666667
dataset_batch_6_geo_batch6_124,dataset_batch_6_geo_batch6_124_sim_001,1.12157951,0.595072552,458.0695158,0.298985785,0.051936923,25.75305725,0.490588792,0,SUCCESS,0,9.11E-19,1,1,0,0,0,132124403.3,0.002385638,0.002385638,0.000477536,1,60,16.66666667
dataset_batch_6_geo_batch6_125,dataset_batch_6_geo_batch6_125_sim_001,1.020332398,0.529824315,614.5016972,0.250652261,0.088591313,20.56707039,0.558770952,0,SUCCESS,0,0.000110313,1.082659483,1,90,2.249999762,0.014277216,113095991.8,0.001435608,0.001435608,0.00059086,2,60,16.66666667
dataset_batch_6_geo_batch6_126,dataset_batch_6_geo_batch6_126_sim_001,0.93379969,0.477294199,896.9621225,0.198138576,0.098354771,22.69973889,0.495530704,0,SUCCESS,0,5.85E-05,1.082659483,1,11.25,0,0.00892326,105981075.6,0.000952887,0.000952887,0.000405115,1,60,16.66666667
dataset_batch_6_geo_batch6_127,dataset_batch_6_geo_batch6_127_sim_001,1.112015355,0.538512285,465.4564895,0.295545387,0.114135671,25.94228464,0.437483008,0,SUCCESS,0,7.44E-19,1,1,0,0,0,136602224.4,0.002526016,0.002526016,0.000542949,1,60,16.66666667
dataset_batch_6_geo_batch6_128,dataset_batch_6_geo_batch6_128_sim_001,1.020378607,0.452590591,390.6569094,0.337810919,0.042229958,27.74201602,0.445374041,0,SUCCESS,0,0.00041157,1.126487851,1.082659483,15.75,11.25,0.0148721,125063149.9,0.00259198,0.00259198,0.000775108,2,60,16.66666667
dataset_batch_6_geo_batch6_129,dataset_batch_6_geo_batch6_129_sim_001,0.868634345,0.439846932,502.6510702,0.316515615,0.11091479,20.33084592,0.493205914,0,SUCCESS,0,0.000161673,1.082659483,1.040518522,13.5,6.75,0.011302796,96946630.22,0.001393146,0.001393146,0.00060292,2,60,16.66666667
dataset_batch_6_geo_batch6_130,dataset_batch_6_geo_batch6_130_sim_001,0.968390785,0.446417056,620.2165827,0.201304406,0.109355145,23.5165585,0.44186897,0,SUCCESS,0,0.000142755,1.082659483,1,15.74999905,4.499999523,0.01189768,116684015.3,0.001623225,0.001623225,0.000624691,2,60,16.66666667
dataset_batch_6_geo_batch6_131,dataset_batch_6_geo_batch6_131_sim_001,0.920056637,0.465554673,278.0434458,0.301932711,0.092550435,22.79578172,0.405977691,0,SUCCESS,0,8.01E-05,1.040518522,1,11.25,0,0.006543724,109404576.3,0.00324534,0.00324534,0.000772364,1,60,16.66666667
dataset_batch_6_geo_batch6_132,dataset_batch_6_geo_batch6_132_sim_001,1.119619187,0.586346607,308.6265728,0.307961574,0.065615748,21.26394093,0.586337562,0,SUCCESS,0,0.000433346,1.040518522,1.040518522,90,9.000002861,0.014277216,121506973.8,0.003125269,0.003125269,0.001024596,2,60,16.66666667
dataset_batch_6_geo_batch6_133,dataset_batch_6_geo_batch6_133_sim_001,1.127856508,0.519410148,749.7002362,0.269621707,0.113088143,25.97567203,0.511652067,0,SUCCESS,0,3.31E-05,1.040518522,1,6.75,0,0.004759072,136091313.4,0.001515951,0.001515951,0.000516266,1,60,16.66666667
dataset_batch_6_geo_batch6_134,dataset_batch_6_geo_batch6_134_sim_001,0.981762494,0.429826186,855.151771,0.273175007,0.122964249,23.33390422,0.493169764,0,SUCCESS,0,0.000191903,1.126487851,1.040518522,15.75,6.75,0.0148721,116924978.1,0.001098257,0.001098257,0.000494485,2,60,16.66666667
dataset_batch_6_geo_batch6_135,dataset_batch_6_geo_batch6_135_sim_001,0.95833594,0.48603393,317.9331263,0.164612129,0.043630229,24.89548258,0.506901379,0,SUCCESS,0,0.000398649,1.126487851,1.082659483,15.75,11.25,0.016061868,109072109.1,0.002818225,0.002818225,0.001262737,2,60,16.66666667
dataset_batch_6_geo_batch6_136,dataset_batch_6_geo_batch6_136_sim_001,1.154455245,0.445707788,582.816566,0.3001981,0.104744674,27.7423276,0.433594393,0,SUCCESS,0,0.000485675,1.126487851,1.082659483,15.75,9,0.015466984,149146972.6,0.00223658,0.00223658,0.000716995,2,60,16.66666667
dataset_batch_6_geo_batch6_137,dataset_batch_6_geo_batch6_137_sim_001,1.049111959,0.520997444,709.7315135,0.344380821,0.111577419,20.40112352,0.533216688,0,SUCCESS,0,6.30E-05,1.040518522,1,90,0,0.010707912,119765985.7,0.001286357,0.001286357,0.000414076,1,60,16.66666667
dataset_batch_6_geo_batch6_138,dataset_batch_6_geo_batch6_138_sim_001,0.806958278,0.436538966,267.7092716,0.260313583,0.081370058,20.95560651,0.497969437,0,SUCCESS,0,0.000405315,1.172071099,1.082659483,18,13.5,0.019631172,86269722.22,0.00229148,0.00229148,0.001165293,2,60,16.66666667
dataset_batch_6_geo_batch6_139,dataset_batch_6_geo_batch6_139_sim_001,0.971810717,0.462386773,433.8327636,0.205536311,0.114603644,24.28349036,0.408101268,0,SUCCESS,0,8.92E-05,1.040518522,1,11.25,0,0.007138608,118348576.5,0.002397598,0.002397598,0.000748328,1,60,16.66666667
dataset_batch_6_geo_batch6_140,dataset_batch_6_geo_batch6_140_sim_001,1.128919374,0.623905563,272.1896161,0.20548561,0.079243415,21.48084913,0.569074879,0,SUCCESS,0,0.000621418,1.040518522,1.040518522,15.74999905,11.25000381,0.009518144,121118304,0.003795519,0.003795519,0.001188446,2,60,16.66666667
dataset_batch_6_geo_batch6_141,dataset_batch_6_geo_batch6_141_sim_001,1.074510112,0.51383923,344.3249618,0.177362025,0.095409506,26.31138252,0.50850173,0,SUCCESS,0,0.000103356,1.040518522,1,9,0,0.00594884,127418514.6,0.003168854,0.003168854,0.001259594,1,60,16.66666667
dataset_batch_6_geo_batch6_142,dataset_batch_6_geo_batch6_142_sim_001,0.904574783,0.482403599,250.2700473,0.188325969,0.063200691,23.50695962,0.425113518,0,SUCCESS,0,0.000219092,1.082659483,1.040518522,13.5,6.75,0.010707912,104740454.9,0.003524813,0.003524813,0.001069308,2,60,16.66666667
dataset_batch_6_geo_batch6_143,dataset_batch_6_geo_batch6_143_sim_001,0.930420037,0.499985639,482.2943293,0.317635859,0.112984202,21.71649603,0.402571419,0,SUCCESS,0,7.40E-19,1,1,0,0,0,109512815.6,0.001867799,0.001867799,0.000324602,1,60,16.66666667
dataset_batch_6_geo_batch6_144,dataset_batch_6_geo_batch6_144_sim_001,1.002448258,0.5050157,143.62525,0.157610089,0.06385403,23.59867443,0.643501578,0,SUCCESS,0,0.001881506,1.219479561,1.172071099,18,15.75,0.023200476,107770771.3,0.005644791,0.005644791,0.003888067,2,60,16.66666667
dataset_batch_6_geo_batch6_145,dataset_batch_6_geo_batch6_145_sim_001,1.132266891,0.604304608,928.1899256,0.190669329,0.117677339,22.21115619,0.798343384,0,SUCCESS,0,0.000196013,1.126487851,1.040518522,13.5,6.75,0.01189768,115755831.6,0.000845268,0.000845268,0.00066836,2,60,16.66666667
dataset_batch_6_geo_batch6_146,dataset_batch_6_geo_batch6_146_sim_001,1.164679677,0.538411714,129.7317824,0.262738186,0.077273775,23.40017117,0.651027838,0,SUCCESS,0,0.002634229,1.172071099,1.126487851,90,90,0.027959548,126526664.1,0.007852665,0.007852665,0.004161808,2,60,16.66666667
dataset_batch_6_geo_batch6_147,dataset_batch_6_geo_batch6_147_sim_001,1.094271502,0.556924338,622.7757449,0.219472294,0.095452331,26.24782951,0.444813758,0,SUCCESS,0,7.83E-19,1,1,0,0,0,132143814.4,0.001859234,0.001859234,0.000449225,1,60,16.66666667
dataset_batch_6_geo_batch6_148,dataset_batch_6_geo_batch6_148_sim_001,1.092885998,0.521179239,737.7126452,0.154621668,0.088865523,25.05048985,0.632337561,0,SUCCESS,0,0.000286378,1.126487851,1.040518522,15.75,8.999999046,0.015466984,123055927.8,0.001338906,0.001338906,0.000795747,2,60,16.66666667
dataset_batch_6_geo_batch6_149,dataset_batch_6_geo_batch6_149_sim_001,0.899362148,0.557745887,705.5689443,0.193659713,0.045276505,20.58337417,0.445132872,0,SUCCESS,0,0.000274595,1.040518522,1.040518522,90,11.25000381,0.0148721,93158967.45,0.001123218,0.001123218,0.000220753,2,60,16.66666667
dataset_batch_6_geo_batch6_150,dataset_batch_6_geo_batch6_150_sim_001,1.000847832,0.500819586,503.6387731,0.27683231,0.090210581,21.51734973,0.584048843,0,SUCCESS,0,0.000304454,1.126487851,1.040518522,15.75,8.999999046,0.0148721,111126441.1,0.001619318,0.001619318,0.000810973,2,60,16.66666667
dataset_batch_6_geo_batch6_151,dataset_batch_6_geo_batch6_151_sim_001,1.050448985,0.520594903,165.6154368,0.318013713,0.108696921,21.93132833,0.501096568,0,SUCCESS,0,8.38E-05,1.040518522,1,6.75,0,0.004759072,123336019,0.005896247,0.005896247,0.001720208,1,60,16.66666667
dataset_batch_6_geo_batch6_152,dataset_batch_6_geo_batch6_152_sim_001,1.066044075,0.541650773,728.5022868,0.237658211,0.107806797,20.32460407,0.548841541,0,SUCCESS,0,0.000146754,1.040518522,1,90,4.500001431,0.013087448,118263637.9,0.001345033,0.001345033,0.000513901,2,60,16.66666667
dataset_batch_6_geo_batch6_153,dataset_batch_6_geo_batch6_153_sim_001,1.022315349,0.516672998,677.2421417,0.160472609,0.110636326,22.52544841,0.657589625,0,SUCCESS,0,0.00026854,1.126487851,1.040518522,15.75,8.999999046,0.015466984,109725701.4,0.001213068,0.001213068,0.000831282,2,60,16.66666667
dataset_batch_6_geo_batch6_154,dataset_batch_6_geo_batch6_154_sim_001,0.800923401,0.425794788,725.04709,0.227932314,0.079905221,20.93433827,0.495277155,0,SUCCESS,0,0.000192698,1.219479442,1.040518522,20.24999809,11.25,0.024390244,85977605.08,0.000865798,0.000865798,0.000473561,2,60,16.66666667
dataset_batch_6_geo_batch6_155,dataset_batch_6_geo_batch6_155_sim_001,1.026109442,0.495648227,449.5255724,0.159389145,0.071270138,24.70553523,0.636052146,0,SUCCESS,0,0.000660073,1.172071099,1.126487851,18,13.5,0.021415824,112769764.9,0.001938462,0.001938462,0.001302606,2,60,16.66666667
dataset_batch_6_geo_batch6_156,dataset_batch_6_geo_batch6_156_sim_001,0.999298122,0.50575002,886.1374737,0.330458382,0.078412433,20.35847869,0.511533995,0,SUCCESS,0,0.000164758,1.082659483,1,90,9.000002861,0.020226056,108953330.8,0.000982963,0.000982963,0.000318093,2,60,16.66666667
dataset_batch_6_geo_batch6_157,dataset_batch_6_geo_batch6_157_sim_001,1.137308018,0.546402976,665.0413908,0.158082514,0.088212832,24.70242682,0.648978295,0,SUCCESS,0,0.000301021,1.126487851,1.040518522,15.75,8.999999046,0.0148721,128357727.7,0.001553247,0.001553247,0.000886835,2,60,16.66666667
dataset_batch_6_geo_batch6_158,dataset_batch_6_geo_batch6_158_sim_001,1.093951751,0.543531223,968.9464138,0.214575557,0.09350591,25.19297902,0.460791836,0,SUCCESS,0,1.41E-05,1.040518522,1,6.75,0,0.004164188,131894669.3,0.00118587,0.00118587,0.000330693,1,60,16.66666667
dataset_batch_6_geo_batch6_159,dataset_batch_6_geo_batch6_159_sim_001,1.135664307,0.583652174,872.5976552,0.232572518,0.102789941,20.75652213,0.612446419,0,SUCCESS,0,0.000145066,1.040518522,1,90,4.500001431,0.014277216,123338589.7,0.00115531,0.00115531,0.000482388,2,60,16.66666667
dataset_batch_6_geo_batch6_160,dataset_batch_6_geo_batch6_160_sim_001,1.08012553,0.51902229,522.5887653,0.325107441,0.105573175,25.30403332,0.468066213,0,SUCCESS,0,1.49E-05,1.040518522,1,4.5,0,0.003569304,130416073.1,0.002045942,0.002045942,0.000510014,1,60,16.66666667
dataset_batch_6_geo_batch6_161,dataset_batch_6_geo_batch6_161_sim_001,1.169712726,0.550151529,811.8054784,0.212370477,0.062119161,23.89671227,0.543128889,0,SUCCESS,0,0.000311186,1.082659483,1.040518522,90,90,0.022605592,131352472.9,0.001469037,0.001469037,0.000558107,2,60,16.66666667
dataset_batch_6_geo_batch6_162,dataset_batch_6_geo_batch6_162_sim_001,0.78869848,0.408773663,198.2952491,0.225265749,0.051188254,23.11829247,0.479091621,0,SUCCESS,0,0.000948827,1.268786311,1.172071099,22.5,18,0.035098156,85743891.34,0.00322116,0.00322116,0.001770324,2,60,16.66666667
dataset_batch_6_geo_batch6_163,dataset_batch_6_geo_batch6_163_sim_001,1.097202927,0.613653247,901.3568089,0.320143546,0.083863484,21.24164055,0.741787867,0,SUCCESS,0,0.000103714,1.082659483,1,11.25,0,0.00892326,112472816.4,0.000772903,0.000772903,0.000459044,1,60,16.66666667
dataset_batch_6_geo_batch6_164,dataset_batch_6_geo_batch6_164_sim_001,0.942447226,0.410488693,358.212433,0.235024154,0.106357227,24.8043672,0.450055825,0,SUCCESS,0,0.000441924,1.126487851,1.082659483,15.75,11.25,0.015466984,113706431.2,0.002669289,0.002669289,0.001160721,2,60,16.66666667
dataset_batch_6_geo_batch6_165,dataset_batch_6_geo_batch6_165_sim_001,0.870644519,0.45592934,455.0033244,0.17645918,0.058736448,21.85185456,0.465914531,0,SUCCESS,0,0.000267895,1.172071099,1.082659483,20.24999809,11.25,0.022605592,98006413.14,0.001745442,0.001745442,0.000742433,2,60,16.66666667
dataset_batch_6_geo_batch6_166,dataset_batch_6_geo_batch6_166_sim_001,1.121397732,0.575953538,289.7889799,0.284363882,0.077332853,21.58257208,0.676254554,0,SUCCESS,0,0.000621373,1.126487851,1.082659483,90,90,0.019631172,119688971.3,0.003006031,0.003006031,0.001554787,2,60,16.66666667
dataset_batch_6_geo_batch6_167,dataset_batch_6_geo_batch6_167_sim_001,1.005497625,0.537628793,678.8615326,0.29389246,0.073329096,22.50951564,0.404134986,0,SUCCESS,0,0.000533621,1.082659483,1.040518522,90,18,0.019631172,111593820,0.001517296,0.001517296,0.000246639,2,60,16.66666667
dataset_batch_6_geo_batch6_168,dataset_batch_6_geo_batch6_168_sim_001,1.059921402,0.502615876,753.2734715,0.316003745,0.058452485,23.12881753,0.603777989,0,SUCCESS,0,0.00042102,1.172071099,1.082659483,90,90,0.027364664,116988009.1,0.001145578,0.001145578,0.00057551,2,60,16.66666667
dataset_batch_6_geo_batch6_169,dataset_batch_6_geo_batch6_169_sim_001,1.153596401,0.644229,416.4788326,0.203489714,0.048858711,25.73830018,0.409023973,0,SUCCESS,0,0.001273617,1.082659483,1.082659483,27.00000191,22.50000191,0.02082094,127757284,0.003041534,0.003041534,0.000427202,2,60,16.66666667
dataset_batch_6_geo_batch6_170,dataset_batch_6_geo_batch6_170_sim_001,0.968838612,0.591072773,377.0161846,0.15653421,0.046430114,22.20185037,0.420310009,0,SUCCESS,0,0.000933971,1.082659483,1.082659483,24.75000191,20.25,0.018441404,102211332.8,0.002487282,0.002487282,0.000413263,2,60,16.66666667
dataset_batch_6_geo_batch6_171,dataset_batch_6_geo_batch6_171_sim_001,0.908733603,0.557427176,420.6139967,0.303531849,0.074913393,20.23555656,0.45636584,0,SUCCESS,0,3.10E-06,1.040518522,1,2.250000715,0,0.001784652,99545041.62,0.001826764,0.001826764,0.000276313,1,60,16.66666667
dataset_batch_6_geo_batch6_172,dataset_batch_6_geo_batch6_172_sim_001,1.091246221,0.57331381,661.660133,0.221844654,0.126466994,20.21655905,0.620759294,0,SUCCESS,0,2.67E-05,1.040518522,1,6.75,0,0.004759072,120607707.3,0.001398807,0.001398807,0.000638554,1,60,16.66666667
dataset_batch_6_geo_batch6_173,dataset_batch_6_geo_batch6_173_sim_001,1.134086354,0.573928772,651.8163635,0.200965231,0.105387647,25.58364729,0.468848651,0,SUCCESS,0,5.90E-19,1,1,0,0,0,136677222.8,0.001840169,0.001840169,0.000486406,1,60,16.66666667
dataset_batch_6_geo_batch6_174,dataset_batch_6_geo_batch6_174_sim_001,1.024934464,0.403985387,956.5557781,0.179611375,0.079788523,27.28762719,0.412652898,0,SUCCESS,0,0.000270868,1.172071099,1.082659483,20.24999809,11.25,0.02379536,130392584.1,0.001248315,0.001248315,0.00052062,2,60,16.66666667
dataset_batch_6_geo_batch6_175,dataset_batch_6_geo_batch6_175_sim_001,0.950767477,0.506075086,872.5152901,0.156485169,0.053787122,20.23378846,0.561251991,0,SUCCESS,0,0.000200388,1.219479442,1.082659483,90,90,0.03271862,98053887.78,0.000926212,0.000926212,0.000488162,2,60,16.66666667
dataset_batch_6_geo_batch6_176,dataset_batch_6_geo_batch6_176_sim_001,0.901722151,0.402034606,303.7117738,0.164955634,0.111433909,25.21295237,0.409961268,0,SUCCESS,0,0.000376619,1.126487851,1.082659483,15.75,11.25,0.015466984,109478782.9,0.003174645,0.003174645,0.001348455,2,60,16.66666667
dataset_batch_6_geo_batch6_177,dataset_batch_6_geo_batch6_177_sim_001,1.040377976,0.545372157,550.6158667,0.221593504,0.088615116,23.22396356,0.441822802,0,SUCCESS,0,0.000283077,1.040518522,1.040518522,90,9.000002861,0.012492564,117836091.3,0.001938501,0.001938501,0.000468764,2,60,16.66666667
dataset_batch_6_geo_batch6_178,dataset_batch_6_geo_batch6_178_sim_001,1.120079308,0.560790065,664.2757216,0.272520571,0.064673192,26.3894139,0.677087815,0,SUCCESS,0,0.000257476,1.082659483,1.040518522,13.5,6.75,0.011302796,122995674.4,0.001332398,0.001332398,0.000731462,2,60,16.66666667
dataset_batch_6_geo_batch6_179,dataset_batch_6_geo_batch6_179_sim_001,1.002091451,0.468192008,232.8007372,0.343785193,0.080507342,25.3652535,0.441203002,0,SUCCESS,0,0.000229523,1.082659483,1.040518522,11.25,6.75,0.008328376,121312174.1,0.004192042,0.004192042,0.001112069,2,60,16.66666667
dataset_batch_6_geo_batch6_180,dataset_batch_6_geo_batch6_180_sim_001,1.091402541,0.518011442,767.8954924,0.228078562,0.045774081,24.7749656,0.507971109,0,SUCCESS,0,0.000187687,1.126487851,1.040518522,90,90,0.022010708,126595742.1,0.001430949,0.001430949,0.000521207,2,60,16.66666667
dataset_batch_6_geo_batch6_181,dataset_batch_6_geo_batch6_181_sim_001,0.977799869,0.491901249,270.0690795,0.276068771,0.097847264,20.43569851,0.535529259,0,SUCCESS,0,0.000360736,1.082659483,1.040518522,90,8.999999046,0.016061868,109686517.5,0.003113767,0.003113767,0.001320793,2,60,16.66666667
dataset_batch_6_geo_batch6_182,dataset_batch_6_geo_batch6_182_sim_001,1.169739074,0.53994688,687.5236728,0.291577995,0.050721516,23.15828176,0.558604226,0,SUCCESS,0,0.00056261,1.126487851,1.082659483,90,90,0.030933968,128909663,0.001641404,0.001641404,0.000603387,2,60,16.66666667
dataset_batch_6_geo_batch6_183,dataset_batch_6_geo_batch6_183_sim_001,1.105045012,0.525498795,136.5885893,0.155597842,0.094862788,25.73262478,0.604519392,0,SUCCESS,0,0.001031934,1.082659483,1.082659483,13.5,11.25,0.011302796,126506051.6,0.007610302,0.007610302,0.004069339,2,60,16.66666667
dataset_batch_6_geo_batch6_184,dataset_batch_6_geo_batch6_184_sim_001,0.908907686,0.412525642,769.9845237,0.250522863,0.121052839,22.7554648,0.465987054,0,SUCCESS,0,0.000173118,1.126487851,1.040518522,15.75,6.75,0.015466984,106917143.6,0.001120967,0.001120967,0.000511398,2,60,16.66666667
dataset_batch_6_geo_batch6_185,dataset_batch_6_geo_batch6_185_sim_001,1.082004939,0.511430785,395.4872283,0.328731789,0.051289467,23.23388909,0.603106365,0,SUCCESS,0,0.000878632,1.172071099,1.126487851,90,90,0.0297442,117939746.7,0.002250177,0.002250177,0.001064703,2,60,16.66666667
dataset_batch_6_geo_batch6_186,dataset_batch_6_geo_batch6_186_sim_001,1.128097618,0.632069776,266.1756336,0.163837271,0.11719233,22.65084015,0.722150005,0,SUCCESS,0,1.29E-18,1,1,0,0,0,117917596.7,0.003227699,0.003227699,0.001855117,1,60,16.66666667
dataset_batch_6_geo_batch6_187,dataset_batch_6_geo_batch6_187_sim_001,1.041711796,0.486519777,361.6909848,0.160602916,0.086113793,24.1031832,0.685785538,0,SUCCESS,0,0.001258873,1.219479561,1.172071099,20.24999809,15.75,0.02676978,113107293.8,0.002340431,0.002340431,0.001871639,2,60,16.66666667
dataset_batch_6_geo_batch6_188,dataset_batch_6_geo_batch6_188_sim_001,1.116161912,0.56701851,595.0468575,0.197984405,0.120668632,23.28497139,0.741658381,0,SUCCESS,0,0.000318042,1.126487851,1.040518522,13.5,8.999999046,0.012492564,118272629.1,0.001418537,0.001418537,0.001021067,2,60,16.66666667
dataset_batch_6_geo_batch6_189,dataset_batch_6_geo_batch6_189_sim_001,1.007625764,0.526636481,433.0267939,0.207617978,0.116255341,20.80072408,0.573343017,0,SUCCESS,0,8.91E-05,1.040518522,1,9,0,0.00594884,111506364.1,0.001993118,0.001993118,0.000936249,1,60,16.66666667
dataset_batch_6_geo_batch6_190,dataset_batch_6_geo_batch6_190_sim_001,0.957080457,0.481472238,141.7685511,0.24696061,0.049856596,23.93469124,0.500197374,0,SUCCESS,0,0.000828025,1.126487851,1.082659483,15.75,11.25,0.015466984,109485502.7,0.006131889,0.006131889,0.002434811,2,60,16.66666667
dataset_batch_6_geo_batch6_191,dataset_batch_6_geo_batch6_191_sim_001,1.133795124,0.575667452,298.5197959,0.172786389,0.100168112,20.69764921,0.598095752,0,SUCCESS,0,0.000720479,1.082659483,1.040518522,90,90,0.019631172,121787303.7,0.003542286,0.003542286,0.001569842,2,60,16.66666667
dataset_batch_6_geo_batch6_192,dataset_batch_6_geo_batch6_192_sim_001,1.163220696,0.613057032,537.2612508,0.239539744,0.05739637,23.80355294,0.761666572,0,SUCCESS,0,0.000456876,1.126487851,1.082659483,15.75,9,0.0148721,122710013,0.00158014,0.00158014,0.001015692,2,60,16.66666667
dataset_batch_6_geo_batch6_193,dataset_batch_6_geo_batch6_193_sim_001,1.152714926,0.635926135,229.3266133,0.28185169,0.08980471,20.97891532,0.559416506,0,SUCCESS,0,0.001054381,1.040518522,1.040518522,18,15.74999905,0.010707912,123470282.6,0.004578033,0.004578033,0.001110131,2,60,16.66666667
dataset_batch_6_geo_batch6_194,dataset_batch_6_geo_batch6_194_sim_001,0.925586938,0.505953052,646.343592,0.204644161,0.096191543,21.406376,0.473142914,0,SUCCESS,0,1.66E-05,1.040518522,1,6.75,0,0.004759072,104306852.3,0.00130353,0.00130353,0.000432565,1,60,16.66666667
dataset_batch_6_geo_batch6_195,dataset_batch_6_geo_batch6_195_sim_001,0.893957232,0.483376627,159.6410319,0.329966293,0.090924093,22.68969709,0.402151965,0,SUCCESS,0,2.51E-18,1,1,0,0,0,104173350.8,0.005251118,0.005251118,0.000952927,1,60,16.66666667
dataset_batch_6_geo_batch6_196,dataset_batch_6_geo_batch6_196_sim_001,0.916620404,0.461926586,371.0216034,0.307733462,0.109035521,22.34502047,0.482136732,0,SUCCESS,0,6.02E-05,1.040518522,1,9,0,0.00594884,104626883.5,0.002144225,0.002144225,0.000779023,1,60,16.66666667
dataset_batch_6_geo_batch6_197,dataset_batch_6_geo_batch6_197_sim_001,0.968459025,0.548000079,108.6527956,0.214306162,0.051371489,24.11329363,0.45993349,0,SUCCESS,0,2.25E-05,1.040518522,1,4.499999523,0,0.00297442,110152123.8,0.008355994,0.008355994,0.002040102,1,60,16.66666667
dataset_batch_6_geo_batch6_198,dataset_batch_6_geo_batch6_198_sim_001,0.956367484,0.495915959,974.1830964,0.174005972,0.105979802,22.42849587,0.456456505,0,SUCCESS,0,2.05E-05,1.040518522,1,9,0,0.00594884,111097490.7,0.000963152,0.000963152,0.000331668,1,60,16.66666667
dataset_batch_6_geo_batch6_199,dataset_batch_6_geo_batch6_199_sim_001,0.953566126,0.523066053,775.2610989,0.329388418,0.054574418,21.19587723,0.609320422,0,SUCCESS,0,0.000176307,1.126487851,1.040518522,15.75,6.75,0.0148721,100341056.8,0.000839559,0.000839559,0.000427614,2,60,16.66666667
dataset_batch_6_geo_batch6_200,dataset_batch_6_geo_batch6_200_sim_001,1.125182822,0.53329976,820.2840239,0.294521276,0.047925385,26.65179115,0.581373466,0,SUCCESS,0,0.000216489,1.126487851,1.040518522,13.5,6.75,0.01189768,130868744,0.001238572,0.001238572,0.0005028,2,60,16.66666667
dataset_batch_6_geo_batch6_201,dataset_batch_6_geo_batch6_201_sim_001,1.166644574,0.541503724,777.3026503,0.255864654,0.04403324,27.31007067,0.49208748,0,SUCCESS,0,0.00015688,1.082659483,1,13.5,4.499999523,0.010707912,142685299.1,0.00158061,0.00158061,0.000476205,2,60,16.66666667
dataset_batch_6_geo_batch6_202,dataset_batch_6_geo_batch6_202_sim_001,1.016756402,0.487337979,885.6543346,0.21942612,0.079840683,24.20143351,0.430132288,0,SUCCESS,0,0.000101664,1.082659483,1,90,0,0.017251636,120339488.8,0.00121625,0.00121625,0.000369941,1,60,16.66666667
dataset_batch_6_geo_batch6_203,dataset_batch_6_geo_batch6_203_sim_001,0.941379201,0.490497931,979.1748914,0.189448811,0.047514453,23.85502513,0.472778401,0,SUCCESS,0,8.99E-05,1.126487851,1,15.75,0,0.013682332,107879867.4,0.000909585,0.000909585,0.000335453,1,60,16.66666667
dataset_batch_6_geo_batch6_204,dataset_batch_6_geo_batch6_204_sim_001,0.968577499,0.532169383,496.754578,0.261891859,0.092869473,22.26426877,0.417299141,0,SUCCESS,0,0.000154184,1.040518522,1,11.25000381,4.500001431,0.007138608,110813606.2,0.001926087,0.001926087,0.000363221,2,60,16.66666667
dataset_batch_6_geo_batch6_205,dataset_batch_6_geo_batch6_205_sim_001,1.084885355,0.605150376,339.5895826,0.198321154,0.048972571,22.3257004,0.747292865,0,SUCCESS,0,0.000593943,1.126487851,1.082659483,15.75,11.25,0.015466984,110515160.4,0.00220696,0.00220696,0.001529107,2,60,16.66666667
dataset_batch_6_geo_batch6_206,dataset_batch_6_geo_batch6_206_sim_001,1.012331948,0.546624396,677.3278358,0.277935088,0.081505471,22.74773432,0.458902616,0,SUCCESS,0,3.71E-05,1.040518522,1,6.750002384,0,0.004759072,117042878.9,0.001432292,0.001432292,0.000313608,1,60,16.66666667
dataset_batch_6_geo_batch6_207,dataset_batch_6_geo_batch6_207_sim_001,1.142363701,0.49261825,947.3534859,0.314909018,0.125190346,23.81447617,0.561170393,0,SUCCESS,0,0.00019806,1.082659483,1.040518522,13.5,6.75,0.011302796,137180225.2,0.00113707,0.00113707,0.000473102,2,60,16.66666667
dataset_batch_6_geo_batch6_208,dataset_batch_6_geo_batch6_208_sim_001,0.956968782,0.527589788,530.3348525,0.257302145,0.068532264,21.22906931,0.698385062,0,SUCCESS,0,0.000483127,1.172071099,1.126487851,18,13.5,0.021415824,95573470.07,0.001102051,0.001102051,0.000907157,2,60,16.66666667
dataset_batch_6_geo_batch6_209,dataset_batch_6_geo_batch6_209_sim_001,1.129827128,0.576172489,333.2597856,0.238774822,0.074148012,21.83115861,0.66331222,0,SUCCESS,0,0.000526099,1.126487851,1.082659483,90,90,0.021415824,119824348,0.002806313,0.002806313,0.001444079,2,60,16.66666667
dataset_batch_6_geo_batch6_210,dataset_batch_6_geo_batch6_210_sim_001,0.932927412,0.516079142,585.8867818,0.256140902,0.077018287,22.44124485,0.490031903,0,SUCCESS,0,8.95E-06,1.040518522,1,4.5,0,0.003569304,104044493.4,0.0013833,0.0013833,0.00043165,1,60,16.66666667
dataset_batch_6_geo_batch6_211,dataset_batch_6_geo_batch6_211_sim_001,1.067422464,0.435909815,549.2004902,0.329102794,0.082106888,27.7897962,0.487497278,0,FAILED,1,,,,,,,,,,,0,60,16.66666667
dataset_batch_6_geo_batch6_212,dataset_batch_6_geo_batch6_212_sim_001,0.726448693,0.413215361,459.7149374,0.211227515,0.071183851,20.45732387,0.465430867,0,SUCCESS,0,0.00025773,1.219479561,1.082659483,22.5,13.5,0.030933968,75591112.78,0.001172245,0.001172245,0.000627776,2,60,16.66666667
dataset_batch_6_geo_batch6_213,dataset_batch_6_geo_batch6_213_sim_001,0.975456476,0.479056528,431.2003773,0.348774573,0.124864708,21.0719918,0.539357311,0,SUCCESS,0,0.000133577,1.082659483,1,11.25,2.249999762,0.008328376,110500947.7,0.001829782,0.001829782,0.000748881,2,60,16.66666667
dataset_batch_6_geo_batch6_214,dataset_batch_6_geo_batch6_214_sim_001,1.088980283,0.521482368,650.6020645,0.309705356,0.115595194,26.41201268,0.494949448,0,SUCCESS,0,6.55E-19,1,1,0,0,0,130259196,0.001627726,0.001627726,0.000471694,1,60,16.66666667
dataset_batch_6_geo_batch6_215,dataset_batch_6_geo_batch6_215_sim_001,1.14794759,0.51528813,937.9623993,0.330650942,0.042591469,22.83036028,0.553986123,0,SUCCESS,0,0.000574496,1.172071099,1.082659483,90,90,0.038072576,125208138.5,0.001145215,0.001145215,0.000429812,2,60,16.66666667
dataset_batch_6_geo_batch6_216,dataset_batch_6_geo_batch6_216_sim_001,1.005676753,0.501653091,596.8360065,0.183767768,0.043029917,25.16144165,0.543445096,0,SUCCESS,0,0.000256963,1.126487851,1.040518522,15.75,8.999999046,0.015466984,114252487.3,0.001550073,0.001550073,0.000730248,2,60,16.66666667
dataset_batch_6_geo_batch6_217,dataset_batch_6_geo_batch6_217_sim_001,1.088255072,0.511610229,536.6602477,0.285218467,0.118667285,26.18132867,0.467863868,0,SUCCESS,0,1.15E-05,1.040518522,1,4.499999523,0,0.00297442,132232024.7,0.002075497,0.002075497,0.000591003,1,60,16.66666667
dataset_batch_6_geo_batch6_218,dataset_batch_6_geo_batch6_218_sim_001,1.155555319,0.564868618,335.4426897,0.340575102,0.099327066,22.160049,0.570149286,0,SUCCESS,0,8.31E-05,1.040518522,1,90,0,0.010113028,134362406.1,0.003086405,0.003086405,0.000964564,1,60,16.66666667
dataset_batch_6_geo_batch6_219,dataset_batch_6_geo_batch6_219_sim_001,1.1694419,0.553440414,559.7118639,0.292382087,0.052259505,24.46556969,0.516546413,0,SUCCESS,0,0.000467793,1.082659483,1.040518522,90,90,0.021415824,132373867.7,0.002097651,0.002097651,0.000618704,2,60,16.66666667
dataset_batch_6_geo_batch6_220,dataset_batch_6_geo_batch6_220_sim_001,1.078146414,0.486795098,642.0006082,0.326099245,0.101838476,26.31995104,0.464972309,0,SUCCESS,0,6.06E-05,1.040518522,1,9,0,0.00594884,131999635.3,0.001688378,0.001688378,0.000484053,1,60,16.66666667
dataset_batch_6_geo_batch6_221,dataset_batch_6_geo_batch6_221_sim_001,1.00606919,0.514164605,168.3472242,0.209084998,0.110462815,21.36386194,0.603510848,0,SUCCESS,0,0.000649481,1.082659483,1.082659483,13.5,11.25,0.011302796,110180036.4,0.004942602,0.004942602,0.002730107,2,60,16.66666667
dataset_batch_6_geo_batch6_222,dataset_batch_6_geo_batch6_222_sim_001,1.022279644,0.486807547,435.6705978,0.316522324,0.10482207,23.74849539,0.426778269,0,SUCCESS,0,5.66E-05,1.040518522,1,9,0,0.00594884,124606474.2,0.002389295,0.002389295,0.000575629,1,60,16.66666667
dataset_batch_6_geo_batch6_223,dataset_batch_6_geo_batch6_223_sim_001,1.041839448,0.497820652,172.4487095,0.151667691,0.060841035,27.03170883,0.584159092,0,SUCCESS,0,0.001150894,1.126487851,1.126487851,15.75,13.5,0.016061868,118327676.5,0.005593217,0.005593217,0.003127085,2,60,16.66666667
dataset_batch_6_geo_batch6_224,dataset_batch_6_geo_batch6_224_sim_001,1.164816974,0.562666056,817.0198148,0.185388597,0.101064971,25.16433271,0.566186723,0,SUCCESS,0,3.16E-05,1.040518522,1,8.999999046,0,0.005353956,136960950.6,0.001416405,0.001416405,0.000573413,1,60,16.66666667
dataset_batch_6_geo_batch6_225,dataset_batch_6_geo_batch6_225_sim_001,1.139722183,0.561688505,144.0412077,0.276905405,0.10499893,22.76862265,0.640683782,0,SUCCESS,0,0.00075119,1.082659483,1.040518522,11.25,8.999999046,0.00892326,128412786.3,0.006695543,0.006695543,0.003139026,2,60,16.66666667
dataset_batch_6_geo_batch6_226,dataset_batch_6_geo_batch6_226_sim_001,0.928510296,0.479994893,661.8393379,0.269012322,0.052904938,24.26965567,0.446818496,0,SUCCESS,0,9.04E-05,1.082659483,1,13.5,0,0.010707912,107727862.2,0.001319398,0.001319398,0.000390986,1,60,16.66666667
dataset_batch_6_geo_batch6_227,dataset_batch_6_geo_batch6_227_sim_001,1.035211567,0.569962467,360.3498494,0.196008837,0.045980046,24.22721218,0.703037112,0,SUCCESS,0,0.000475242,1.126487851,1.082659483,15.75,11.25,0.0148721,106435506.1,0.002038171,0.002038171,0.001385203,2,60,16.66666667
dataset_batch_6_geo_batch6_228,dataset_batch_6_geo_batch6_228_sim_001,1.01071124,0.503191976,846.2084105,0.205865673,0.05575152,20.94559556,0.526751552,0,SUCCESS,0,0.000390685,1.172071099,1.040518522,90,90,0.035098156,107476795.2,0.001119647,0.001119647,0.000484919,2,60,16.66666667
dataset_batch_6_geo_batch6_229,dataset_batch_6_geo_batch6_229_sim_001,1.113048307,0.569582233,441.6961417,0.155623344,0.099062797,26.9256946,0.76945168,0,SUCCESS,0,0.000449776,1.126487851,1.082659483,13.5,9,0.012492564,115998959.8,0.00187513,0.00187513,0.001503301,2,60,16.66666667
dataset_batch_6_geo_batch6_230,dataset_batch_6_geo_batch6_230_sim_001,1.053953631,0.521503469,368.6251626,0.20768286,0.10378115,22.2568083,0.596803337,0,SUCCESS,0,0.000334069,1.082659483,1.040518522,13.5,8.999999046,0.011302796,118392067,0.002515373,0.002515373,0.001288211,2,60,16.66666667
dataset_batch_6_geo_batch6_231,dataset_batch_6_geo_batch6_231_sim_001,1.160770147,0.474005214,852.511464,0.344481664,0.091194588,27.12184777,0.460022007,0,FAILED,1,,,,,,,,,,,0,60,16.66666667
dataset_batch_6_geo_batch6_232,dataset_batch_6_geo_batch6_232_sim_001,1.073802347,0.40040577,835.7023278,0.295883255,0.108350786,26.12266617,0.580122809,0,SUCCESS,0,0.001504712,1.373401761,1.268786311,20.24999809,15.74999905,0.032123736,129395924.5,0.001192624,0.001192624,0.000753639,2,60,16.66666667
dataset_batch_6_geo_batch6_233,dataset_batch_6_geo_batch6_233_sim_001,1.070879033,0.57350663,417.6465835,0.344884695,0.060792706,25.22607528,0.438839748,0,SUCCESS,0,5.45E-05,1.040518522,1,11.25000381,0,0.007138608,127178204.1,0.002530026,0.002530026,0.000345683,1,60,16.66666667
dataset_batch_6_geo_batch6_234,dataset_batch_6_geo_batch6_234_sim_001,1.059605752,0.527485297,505.6789791,0.288249021,0.116566964,20.60070758,0.563387601,0,SUCCESS,0,8.91E-05,1.040518522,1,90,0,0.010113028,120395181.6,0.001835291,0.001835291,0.000726563,1,60,16.66666667
dataset_batch_6_geo_batch6_235,dataset_batch_6_geo_batch6_235_sim_001,0.914429752,0.500467344,140.4358404,0.187592901,0.104671532,21.15531309,0.490348557,0,SUCCESS,0,6.90E-05,1.040518522,1,6.75,0,0.004759072,101697722.2,0.005765836,0.005765836,0.002193756,1,60,16.66666667
dataset_batch_6_geo_batch6_236,dataset_batch_6_geo_batch6_236_sim_001,0.793734055,0.418248236,783.0934485,0.211210676,0.052148391,22.45334693,0.452831607,0,SUCCESS,0,0.000188498,1.219479561,1.082659483,22.5,11.25,0.0297442,87600486.5,0.00086734,0.00086734,0.000403089,2,60,16.66666667
dataset_batch_6_geo_batch6_237,dataset_batch_6_geo_batch6_237_sim_001,1.02053798,0.481973156,776.695443,0.207797239,0.063859061,23.42792037,0.584809061,0,SUCCESS,0,0.000386323,1.219479561,1.126487851,90,13.5,0.0297442,113380877,0.001165767,0.001165767,0.000663423,2,60,16.66666667
dataset_batch_6_geo_batch6_238,dataset_batch_6_geo_batch6_238_sim_001,1.021179529,0.514386662,306.9983836,0.186346803,0.12459898,21.72876483,0.648594531,0,SUCCESS,0,0.000505689,1.126487851,1.082659483,15.75,11.25,0.0148721,110168711.8,0.002666022,0.002666022,0.001752528,2,60,16.66666667
dataset_batch_6_geo_batch6_239,dataset_batch_6_geo_batch6_239_sim_001,0.923495046,0.483833235,769.0418552,0.244780344,0.053086131,23.05803379,0.412554333,0,SUCCESS,0,0.000168958,1.082659483,1,90,6.750002384,0.020226056,103906160.5,0.001190499,0.001190499,0.000304853,2,60,16.66666667
dataset_batch_6_geo_batch6_240,dataset_batch_6_geo_batch6_240_sim_001,0.831169868,0.452493705,548.6042787,0.207637753,0.060092726,21.25251345,0.463061721,0,SUCCESS,0,0.00018162,1.172071099,1.040518522,18,8.999999046,0.02082094,91574768.31,0.001300218,0.001300218,0.000533802,2,60,16.66666667
dataset_batch_6_geo_batch6_241,dataset_batch_6_geo_batch6_241_sim_001,1.057766132,0.518891848,275.2665247,0.150719534,0.099191676,22.78189242,0.652570728,0,SUCCESS,0,0.000842504,1.172071099,1.126487851,90,13.5,0.021415824,115931805,0.003268016,0.003268016,0.002139869,2,60,16.66666667
dataset_batch_6_geo_batch6_242,dataset_batch_6_geo_batch6_242_sim_001,1.113446068,0.407776431,832.1993947,0.28211234,0.095994927,27.40343745,0.407879421,0,SUCCESS,0,0.000340923,1.172071099,1.082659483,18,11.25,0.02082094,145650438.7,0.001556455,0.001556455,0.000539101,2,60,16.66666667
dataset_batch_6_geo_batch6_243,dataset_batch_6_geo_batch6_243_sim_001,0.802406269,0.43764795,135.6686774,0.185455998,0.052486223,21.49709259,0.426169216,0,SUCCESS,0,0.000831587,1.219479561,1.126487851,22.5,18,0.029149316,89569126.02,0.005315632,0.005315632,0.002007024,2,60,16.66666667
dataset_batch_6_geo_batch6_244,dataset_batch_6_geo_batch6_244_sim_001,1.144282241,0.488404343,257.0619096,0.313670587,0.120053009,23.538661,0.539773277,0,SUCCESS,0,0.000740394,1.126487851,1.082659483,90,90,0.019036288,136699191.5,0.004325656,0.004325656,0.001695238,2,60,16.66666667
dataset_batch_6_geo_batch6_245,dataset_batch_6_geo_batch6_245_sim_001,1.126626481,0.556132578,919.3788973,0.26782306,0.109294624,22.02620171,0.546422469,0,SUCCESS,0,4.02E-05,1.040518522,1,90,0,0.009518144,130785328.6,0.001163703,0.001163703,0.000394088,1,60,16.66666667
dataset_batch_6_geo_batch6_246,dataset_batch_6_geo_batch6_246_sim_001,0.87419736,0.462868366,192.3274788,0.219136084,0.075283018,20.99953058,0.44048929,0,SUCCESS,0,0.00040484,1.126487851,1.082659483,15.75,11.25,0.0148721,99697471.68,0.004214163,0.004214163,0.001435109,2,60,16.66666667
dataset_batch_6_geo_batch6_247,dataset_batch_6_geo_batch6_247_sim_001,0.888579808,0.459094176,329.6075531,0.320313606,0.074919017,23.30808514,0.466678085,0,SUCCESS,0,0.000115981,1.082659483,1,11.25,2.249999762,0.008328376,100853729.3,0.002304417,0.002304417,0.000767173,2,60,16.66666667
dataset_batch_6_geo_batch6_248,dataset_batch_6_geo_batch6_248_sim_001,1.13764177,0.514337332,673.4997649,0.282573119,0.086390414,27.33552916,0.452470206,0,SUCCESS,0,8.54E-05,1.040518522,1,11.25,0,0.007138608,141451805.9,0.001818102,0.001818102,0.000492155,1,60,16.66666667
dataset_batch_6_geo_batch6_249,dataset_batch_6_geo_batch6_249_sim_001,1.117607137,0.441184492,867.1567424,0.280824246,0.095434189,26.87455455,0.497150258,0,SUCCESS,0,0.000397234,1.172071099,1.082659483,15.75,11.25,0.017251636,139416881.4,0.001348876,0.001348876,0.000564088,2,60,16.66666667
dataset_batch_6_geo_batch6_250,dataset_batch_6_geo_batch6_250_sim_001,0.941267469,0.485927094,598.4511656,0.263035055,0.111838197,22.23590329,0.479209523,0,SUCCESS,0,1.19E-05,1.040518522,1,4.5,0,0.003569304,107732012.4,0.001428367,0.001428367,0.00048984,1,60,16.66666667
dataset_batch_6_geo_batch6_251,dataset_batch_6_geo_batch6_251_sim_001,1.132430243,0.513002098,476.2384324,0.322483283,0.101955706,25.74668021,0.562503209,0,SUCCESS,0,0.000277676,1.082659483,1.040518522,11.25,6.75,0.00892326,134292991.2,0.002187923,0.002187923,0.000845543,2,60,16.66666667
dataset_batch_6_geo_batch6_252,dataset_batch_6_geo_batch6_252_sim_001,1.094018549,0.569335861,359.9323906,0.288738299,0.093243196,25.99499894,0.427954348,0,SUCCESS,0,1.39E-18,1,1,0,0,0,132392277.4,0.003173514,0.003173514,0.000537084,1,60,16.66666667
dataset_batch_6_geo_batch6_253,dataset_batch_6_geo_batch6_253_sim_001,1.019942519,0.533115921,427.8959831,0.309932917,0.074444673,21.54341458,0.665475071,0,SUCCESS,0,0.000527089,1.126487851,1.082659483,15.75,11.25,0.015466984,107969382.1,0.001641469,0.001641469,0.001006259,2,60,16.66666667
dataset_batch_6_geo_batch6_254,dataset_batch_6_geo_batch6_254_sim_001,1.054586862,0.484314365,853.1869331,0.274995231,0.081291324,24.18919473,0.540526061,0,SUCCESS,0,0.000218815,1.126487851,1.040518522,15.75,8.999999046,0.0148721,123754513.3,0.001148934,0.001148934,0.000498707,2,60,16.66666667
dataset_batch_6_geo_batch6_255,dataset_batch_6_geo_batch6_255_sim_001,1.099660797,0.573503745,292.6466403,0.262726408,0.074832168,21.88791216,0.596447921,0,SUCCESS,0,0.000147535,1.040518522,1,90,2.249999762,0.009518144,123335578.3,0.003243694,0.003243694,0.001266893,2,60,16.66666667
dataset_batch_6_geo_batch6_256,dataset_batch_6_geo_batch6_256_sim_001,1.159586935,0.491868972,463.7459691,0.294910884,0.126542826,25.30639056,0.676390226,0,SUCCESS,0,0.001012895,1.172071099,1.126487851,15.75,13.5,0.018441404,133567649.8,0.002093455,0.002093455,0.001321782,2,60,16.66666667
dataset_batch_6_geo_batch6_257,dataset_batch_6_geo_batch6_257_sim_001,1.105347828,0.567270768,971.8402772,0.325833239,0.051997165,20.44110489,0.58582006,0,SUCCESS,0,0.000379185,1.082659483,1.040518522,90,90,0.028554432,115561959.6,0.000966492,0.000966492,0.000337232,2,60,16.66666667
dataset_batch_6_geo_batch6_258,dataset_batch_6_geo_batch6_258_sim_001,0.898473903,0.518985996,116.5110227,0.320606224,0.04806888,22.06956356,0.482528705,0,SUCCESS,0,7.65E-05,1.040518522,1,6.75,0,0.004759072,98396594.51,0.006247259,0.006247259,0.001553353,1,60,16.66666667
dataset_batch_6_geo_batch6_259,dataset_batch_6_geo_batch6_259_sim_001,1.166048953,0.546855817,702.7463822,0.34159809,0.087263426,26.09584349,0.485850525,0,SUCCESS,0,6.02E-05,1.040518522,1,9,0,0.00594884,142634084,0.001669781,0.001669781,0.000390302,1,60,16.66666667
dataset_batch_6_geo_batch6_260,dataset_batch_6_geo_batch6_260_sim_001,0.94107924,0.487712551,842.8734332,0.271316503,0.074873392,22.01561898,0.434629629,0,SUCCESS,0,9.77E-05,1.082659483,1,90,0,0.016061868,107366827,0.001075698,0.001075698,0.000287044,1,60,16.66666667
dataset_batch_6_geo_batch6_261,dataset_batch_6_geo_batch6_261_sim_001,0.915617108,0.497841965,165.050414,0.297042877,0.073408783,21.61894671,0.411402272,0,SUCCESS,0,0.000846739,1.040518522,1.040518522,90,90,0.015466984,101515540.8,0.005292586,0.005292586,0.001049254,2,60,16.66666667
dataset_batch_6_geo_batch6_262,dataset_batch_6_geo_batch6_262_sim_001,1.062994283,0.530473957,390.6399421,0.208811887,0.087913299,22.91079386,0.534130326,0,SUCCESS,0,0.000131336,1.082659483,1,11.25,2.249999762,0.008328376,123064284.9,0.002593241,0.002593241,0.001017678,2,60,16.66666667
dataset_batch_6_geo_batch6_263,dataset_batch_6_geo_batch6_263_sim_001,1.163968734,0.56048737,160.989322,0.328171728,0.081898742,26.80529547,0.667055366,0,SUCCESS,0,0.001029845,1.082659483,1.082659483,13.5,11.25,0.010707912,131117802.9,0.005789502,0.005789502,0.002792452,2,60,16.66666667
dataset_batch_6_geo_batch6_264,dataset_batch_6_geo_batch6_264_sim_001,1.140932844,0.513768476,304.1877964,0.156606468,0.12036481,26.47990645,0.663096371,0,SUCCESS,0,0.000856174,1.126487851,1.082659483,15.75,11.25,0.015466984,129937381.4,0.00345153,0.00345153,0.002212214,2,60,16.66666667
dataset_batch_6_geo_batch6_265,dataset_batch_6_geo_batch6_265_sim_001,1.049161173,0.481050506,704.7214086,0.33601331,0.107344531,23.10594469,0.52913523,0,SUCCESS,0,0.000171116,1.082659483,1.040518522,13.5,4.499999523,0.010707912,123641374.5,0.00133565,0.00133565,0.000510628,2,60,16.66666667
dataset_batch_6_geo_batch6_266,dataset_batch_6_geo_batch6_266_sim_001,1.09554297,0.494349865,606.7232745,0.292665782,0.100823608,25.69675888,0.492127767,0,SUCCESS,0,9.17E-05,1.040518522,1,11.25,0,0.007138608,133021207.7,0.001813766,0.001813766,0.000604707,1,60,16.66666667
dataset_batch_6_geo_batch6_267,dataset_batch_6_geo_batch6_267_sim_001,1.049579174,0.544531527,157.5653831,0.300968499,0.045986405,26.71133506,0.48909417,0,SUCCESS,0,8.53E-05,1.040518522,1,6.75,0,0.004759072,122584039.8,0.006277297,0.006277297,0.001583309,1,60,16.66666667
dataset_batch_6_geo_batch6_268,dataset_batch_6_geo_batch6_268_sim_001,1.140236743,0.617051084,638.4863704,0.257633616,0.06047769,25.64847366,0.440921885,0,SUCCESS,0,0.000377495,1.040518522,1.040518522,18,13.50000477,0.010707912,129061137.9,0.00187932,0.00187932,0.000301022,2,60,16.66666667
dataset_batch_6_geo_batch6_269,dataset_batch_6_geo_batch6_269_sim_001,1.035251579,0.566349084,847.9830981,0.330648808,0.122680012,22.78343002,0.491919041,0,SUCCESS,0,4.26E-19,1,1,0,0,0,118774372.9,0.001099835,0.001099835,0.000223639,1,60,16.66666667
dataset_batch_6_geo_batch6_270,dataset_batch_6_geo_batch6_270_sim_001,1.1125496,0.554577301,306.0271994,0.340844406,0.053232411,24.72559425,0.59581654,0,SUCCESS,0,0.000596214,1.082659483,1.040518522,11.25,6.75,0.00892326,126704477.1,0.003031498,0.003031498,0.001119967,2,60,16.66666667
dataset_batch_6_geo_batch6_271,dataset_batch_6_geo_batch6_271_sim_001,1.109929343,0.648579598,226.620386,0.181450026,0.044670682,21.52319374,0.757732174,0,SUCCESS,0,0.000453027,1.082659483,1.040518522,13.5,8.999999046,0.010707912,111856858.3,0.003363755,0.003363755,0.002106286,2,60,16.66666667
dataset_batch_6_geo_batch6_272,dataset_batch_6_geo_batch6_272_sim_001,0.89256424,0.529293993,903.3972554,0.151882187,0.043177159,20.53921028,0.480737726,0,SUCCESS,0,6.36E-05,1.082659483,1,90,0,0.018441404,95097407.5,0.000848154,0.000848154,0.000276823,1,60,16.66666667
dataset_batch_6_geo_batch6_273,dataset_batch_6_geo_batch6_273_sim_001,1.152046158,0.538731721,789.3835059,0.191713512,0.060065563,23.89764234,0.67170089,0,SUCCESS,0,0.000533203,1.219479561,1.126487851,90,90,0.033313504,122669282.6,0.001291879,0.001291879,0.000787527,2,60,16.66666667
dataset_batch_6_geo_batch6_274,dataset_batch_6_geo_batch6_274_sim_001,1.152786726,0.620891109,546.5005827,0.291701813,0.062661275,21.32291719,0.572990948,0,SUCCESS,0,0.000536466,1.082659483,1.040518522,90,15.74999905,0.01784652,122252669.4,0.001896073,0.001896073,0.000519944,2,60,16.66666667
dataset_batch_6_geo_batch6_275,dataset_batch_6_geo_batch6_275_sim_001,0.947784158,0.51423988,166.5316208,0.279965124,0.044745761,25.28926962,0.486720382,0,SUCCESS,0,8.27E-05,1.040518522,1,8.999999046,0,0.005353956,106884176.4,0.005002575,0.005002575,0.001484096,1,60,16.66666667
dataset_batch_6_geo_batch6_276,dataset_batch_6_geo_batch6_276_sim_001,0.921626286,0.428632393,854.2474537,0.235604506,0.120903236,24.33088194,0.469078193,0,SUCCESS,0,9.44E-05,1.082659483,1,13.5,0,0.010707912,108048364.4,0.001030884,0.001030884,0.000453909,1,60,16.66666667
dataset_batch_6_geo_batch6_277,dataset_batch_6_geo_batch6_277_sim_001,1.069461715,0.5316955,568.8415833,0.200818679,0.090731777,24.59452384,0.520414494,0,SUCCESS,0,4.02E-05,1.040518522,1,9,0,0.00594884,124898164.7,0.001835959,0.001835959,0.000689302,1,60,16.66666667
dataset_batch_6_geo_batch6_278,dataset_batch_6_geo_batch6_278_sim_001,1.002311716,0.448894222,519.0384538,0.237465917,0.11891255,26.34128892,0.424610891,0,SUCCESS,0,8.47E-05,1.040518522,1,11.25,0,0.007138608,123365060,0.002067576,0.002067576,0.000696258,1,60,16.66666667
dataset_batch_6_geo_batch6_279,dataset_batch_6_geo_batch6_279_sim_001,0.910652761,0.45235352,943.8219497,0.179879233,0.090438541,22.28315861,0.413002938,0,SUCCESS,0,9.38E-05,1.126487851,1,90,0,0.019631172,107723906.1,0.000989421,0.000989421,0.000337741,1,60,16.66666667
dataset_batch_6_geo_batch6_280,dataset_batch_6_geo_batch6_280_sim_001,0.99244583,0.552979936,469.7751371,0.332112081,0.074840601,22.8409057,0.44496914,0,SUCCESS,0,2.15E-05,1.040518522,1,6.750002384,0,0.004759072,114515425.3,0.001967492,0.001967492,0.000303552,1,60,16.66666667
dataset_batch_6_geo_batch6_281,dataset_batch_6_geo_batch6_281_sim_001,1.090686568,0.542703575,311.7196708,0.276480067,0.073050945,22.58919153,0.653902625,0,SUCCESS,0,0.00075323,1.126487851,1.082659483,90,13.5,0.019631172,119835749.1,0.002780046,0.002780046,0.001511277,2,60,16.66666667
dataset_batch_6_geo_batch6_282,dataset_batch_6_geo_batch6_282_sim_001,0.897091593,0.432950795,975.1563468,0.157186486,0.101588412,22.20406658,0.447464329,0,SUCCESS,0,0.000117871,1.126487851,1,18,4.499999523,0.01784652,104851588.3,0.000912971,0.000912971,0.000402955,2,60,16.66666667
dataset_batch_6_geo_batch6_283,dataset_batch_6_geo_batch6_283_sim_001,1.11380002,0.517744698,847.2880366,0.20590201,0.078034305,23.06209532,0.507337692,0,SUCCESS,0,0.00034871,1.126487851,1.040518522,90,90,0.024390244,125385273,0.001363855,0.001363855,0.000517995,2,60,16.66666667
dataset_batch_6_geo_batch6_284,dataset_batch_6_geo_batch6_284_sim_001,1.070843669,0.566041058,314.3379374,0.237577003,0.072413224,24.56904742,0.655656393,0,SUCCESS,0,0.000247367,1.082659483,1.040518522,11.25,6.75,0.00892326,115489449.2,0.002673431,0.002673431,0.001424176,2,60,16.66666667
dataset_batch_6_geo_batch6_285,dataset_batch_6_geo_batch6_285_sim_001,0.941441031,0.492952929,165.7960476,0.187868608,0.043645648,26.9168477,0.492216939,0,SUCCESS,0,0.000269816,1.082659483,1.040518522,11.25,6.75,0.00892326,106636087.6,0.005220383,0.005220383,0.002076008,2,60,16.66666667
dataset_batch_6_geo_batch6_286,dataset_batch_6_geo_batch6_286_sim_001,1.033736877,0.472102724,954.5885652,0.333118703,0.061039876,25.20325453,0.505683582,0,SUCCESS,0,0.000242669,1.126487851,1.082659483,15.75,6.75,0.0148721,122833040.9,0.000996671,0.000996671,0.000362082,2,60,16.66666667
dataset_batch_6_geo_batch6_287,dataset_batch_6_geo_batch6_287_sim_001,0.908380739,0.510724356,561.9470853,0.173101667,0.061418196,21.13066181,0.677988561,0,SUCCESS,0,0.000447957,1.219479561,1.126487851,20.24999809,15.74999905,0.027364664,89325513.96,0.001024063,0.001024063,0.000899753,2,60,16.66666667
dataset_batch_6_geo_batch6_288,dataset_batch_6_geo_batch6_288_sim_001,0.996912568,0.478626872,926.080466,0.299082992,0.079289418,22.23923062,0.550629822,0,SUCCESS,0,0.000205163,1.126487851,1.040518522,90,8.999999046,0.018441404,113352564.8,0.000915925,0.000915925,0.000421386,2,60,16.66666667
dataset_batch_6_geo_batch6_289,dataset_batch_6_geo_batch6_289_sim_001,1.161234793,0.554411041,786.0052497,0.20221063,0.077142179,25.84362944,0.509679728,0,SUCCESS,0,7.23E-05,1.040518522,1,90,0,0.010707912,139851775.8,0.001547545,0.001547545,0.000520872,1,60,16.66666667
dataset_batch_6_geo_batch6_290,dataset_batch_6_geo_batch6_290_sim_001,1.001311022,0.509336104,463.8691847,0.336700835,0.052781568,23.04054984,0.533806082,0,SUCCESS,0,0.000200528,1.082659483,1.040518522,13.5,6.75,0.010707912,113624349.9,0.001805965,0.001805965,0.000632258,2,60,16.66666667
dataset_batch_6_geo_batch6_291,dataset_batch_6_geo_batch6_291_sim_001,1.11863211,0.540742566,827.386759,0.316914739,0.086138202,24.59832336,0.402999061,0,SUCCESS,0,0.00147593,1.082659483,1.040518522,90,15.74999905,0.022605592,136575063.2,0.001482402,0.001482402,0.000260459,2,60,16.66666667
dataset_batch_6_geo_batch6_292,dataset_batch_6_geo_batch6_292_sim_001,1.144331743,0.500977179,817.7044653,0.341402983,0.098790529,25.08408136,0.545725495,0,FAILED,1,,,,,,,,,,,0,60,16.66666667
dataset_batch_6_geo_batch6_293,dataset_batch_6_geo_batch6_293_sim_001,1.032975379,0.512579639,220.0269837,0.349768848,0.091561704,21.83057973,0.557912514,0,SUCCESS,0,0.00036357,1.082659483,1.040518522,11.25,8.999999046,0.00892326,117494402.5,0.003863676,0.003863676,0.001449853,2,60,16.66666667
dataset_batch_6_geo_batch6_294,dataset_batch_6_geo_batch6_294_sim_001,0.971500014,0.516471845,580.29778,0.349443808,0.048036655,21.5564264,0.569966391,0,SUCCESS,0,0.000205988,1.126487851,1.040518522,15.74999905,6.75,0.013087448,106038175.2,0.001248909,0.001248909,0.000507318,2,60,16.66666667
dataset_batch_6_geo_batch6_295,dataset_batch_6_geo_batch6_295_sim_001,0.751774453,0.419797631,927.0506477,0.174773054,0.06344804,20.8178976,0.455351679,0,SUCCESS,0,0.000137169,1.268786311,1.040518522,22.5,8.999999046,0.033313504,80167950.91,0.000654968,0.000654968,0.000325665,2,60,16.66666667
dataset_batch_6_geo_batch6_296,dataset_batch_6_geo_batch6_296_sim_001,0.960430712,0.420025565,850.8784447,0.332138761,0.119523766,23.28826377,0.495886307,0,SUCCESS,0,0.000210667,1.126487851,1.040518522,15.75,8.999999046,0.015466984,113627985.1,0.001007825,0.001007825,0.000444688,2,60,16.66666667
dataset_batch_6_geo_batch6_297,dataset_batch_6_geo_batch6_297_sim_001,1.028664248,0.483182647,495.7564317,0.176150654,0.088853388,24.62853308,0.637568807,0,SUCCESS,0,0.000631628,1.172071099,1.126487851,18,13.5,0.021415824,113795931.6,0.001763952,0.001763952,0.001213213,2,60,16.66666667
dataset_batch_6_geo_batch6_298,dataset_batch_6_geo_batch6_298_sim_001,1.071091937,0.413233683,952.0557861,0.300187539,0.096081366,27.1896451,0.44462309,0,SUCCESS,0,0.000283637,1.172071099,1.082659483,18,8.999999046,0.019036288,135960416,0.001210081,0.001210081,0.000452925,2,60,16.66666667
dataset_batch_6_geo_batch6_299,dataset_batch_6_geo_batch6_299_sim_001,0.925050554,0.508163926,516.1820382,0.164746964,0.04221435,21.32921141,0.5671242,0,SUCCESS,0,0.000296031,1.172071099,1.082659483,90,11.25,0.024390244,98634662.94,0.001442989,0.001442989,0.000772833,2,60,16.66666667
dataset_batch_6_geo_batch6_300,dataset_batch_6_geo_batch6_300_sim_001,1.161875337,0.55779358,774.258114,0.255317831,0.101306079,22.59384309,0.667411415,0,SUCCESS,0,0.000282406,1.126487851,1.040518522,90,8.999999046,0.019631172,128370756.6,0.001277046,0.001277046,0.000677882,2,60,16.66666667
dataset_batch_6_geo_batch6_301,dataset_batch_6_geo_batch6_301_sim_001,1.024354663,0.52344395,694.4708161,0.15373031,0.063875382,25.06805093,0.498820742,0,SUCCESS,0,7.85E-05,1.082659483,1,11.25,0,0.00892326,118843631.3,0.001448446,0.001448446,0.000552585,1,60,16.66666667
dataset_batch_6_geo_batch6_302,dataset_batch_6_geo_batch6_302_sim_001,1.013096525,0.433871,516.0937135,0.331259517,0.060619947,21.32912727,0.599250746,0,TIMEOUT,1,,,,,,,,,,,0,60,16.66666667
dataset_batch_6_geo_batch6_303,dataset_batch_6_geo_batch6_303_sim_001,1.144413708,0.471391646,790.8720796,0.341471176,0.049673702,26.07124787,0.650471661,0,FAILED,1,,,,,,,,,,,0,60,16.66666667
dataset_batch_6_geo_batch6_304,dataset_batch_6_geo_batch6_304_sim_001,1.147422864,0.527443,668.4130699,0.346266874,0.065995293,24.39573186,0.496507944,0,SUCCESS,0,0.000276846,1.082659483,1.040518522,90,90,0.020226056,132764226,0.001692028,0.001692028,0.000450167,2,60,16.66666667
dataset_batch_6_geo_batch6_305,dataset_batch_6_geo_batch6_305_sim_001,1.139353659,0.537767622,514.8770434,0.306392642,0.11622272,24.00262218,0.414866207,0,SUCCESS,0,0.000612301,1.040518522,1.040518522,90,15.74999905,0.016656752,132390143.5,0.002432082,0.002432082,0.000478642,2,60,16.66666667
dataset_batch_6_geo_batch6_306,dataset_batch_6_geo_batch6_306_sim_001,1.062081935,0.46038527,359.7123842,0.216859117,0.112265404,20.79878562,0.733026319,0,SUCCESS,0,0.002348626,1.373401761,1.320067286,90,90,0.058298632,106293886.8,0.002254809,0.002254809,0.002141241,2,60,16.66666667
dataset_batch_6_geo_batch6_307,dataset_batch_6_geo_batch6_307_sim_001,1.166207091,0.549688387,942.1296704,0.19343827,0.106024122,26.3747972,0.490515041,0,SUCCESS,0,2.49E-05,1.040518522,1,6.75,0,0.004759072,142258838.6,0.001333011,0.001333011,0.00043493,1,60,16.66666667
dataset_batch_6_geo_batch6_308,dataset_batch_6_geo_batch6_308_sim_001,1.151400713,0.44561914,285.4318399,0.212533699,0.043332157,26.4444963,0.788430697,0,SUCCESS,0,0.007016793,1.608967185,1.608967185,90,90,0.073170732,119242980.8,0.000328271,0.000221627,0.000328271,3,60,16.66666667
dataset_batch_6_geo_batch6_309,dataset_batch_6_geo_batch6_309_sim_001,1.059471824,0.433364804,599.1264914,0.210247768,0.098822569,20.856598,0.525894856,0,SUCCESS,0,0.001145095,1.268786311,1.172071099,90,90,0.05651398,113846782.4,0.001826016,0.001826016,0.000975059,2,60,16.66666667
dataset_batch_6_geo_batch6_310,dataset_batch_6_geo_batch6_310_sim_001,1.111220775,0.48086105,259.7844252,0.159204088,0.089714441,23.58302634,0.601598647,0,SUCCESS,0,0.001568933,1.219479561,1.172071099,90,90,0.03866746,121554123.6,0.004197822,0.004197822,0.002506261,2,60,16.66666667
dataset_batch_6_geo_batch6_311,dataset_batch_6_geo_batch6_311_sim_001,1.157814104,0.448728657,786.8151464,0.330382469,0.109221253,26.57787996,0.439785894,0,SUCCESS,0,0.000273305,1.126487851,1.040518522,15.75,8.999999046,0.013682332,149193823.8,0.00161564,0.00161564,0.00049085,2,60,16.66666667
dataset_batch_6_geo_batch6_312,dataset_batch_6_geo_batch6_312_sim_001,0.911477736,0.470832009,377.1157852,0.190117447,0.044868347,22.45378227,0.470438717,0,SUCCESS,0,0.000343954,1.172071099,1.082659483,20.24999809,13.5,0.022605592,103950671.2,0.002258055,0.002258055,0.000898868,2,60,16.66666667
dataset_batch_6_geo_batch6_313,dataset_batch_6_geo_batch6_313_sim_001,1.144992713,0.460379902,753.4439493,0.332778012,0.122810579,24.25399747,0.554241255,0,SUCCESS,0,0.000513451,1.172071099,1.082659483,90,11.25,0.02379536,137983742.2,0.00144086,0.00144086,0.000635968,2,60,16.66666667
dataset_batch_6_geo_batch6_314,dataset_batch_6_geo_batch6_314_sim_001,1.138235659,0.554915327,498.8546459,0.231549687,0.09595564,22.86806221,0.498784954,0,SUCCESS,0,0.000536378,1.040518522,1.040518522,90,13.50000477,0.017251636,128137703.3,0.002353174,0.002353174,0.000721856,2,60,16.66666667
dataset_batch_6_geo_batch6_315,dataset_batch_6_geo_batch6_315_sim_001,1.127730902,0.420584619,207.6652725,0.190498807,0.090039783,22.53496352,0.615616959,0,FAILED,1,,,,,,,,,,,0,60,16.66666667
dataset_batch_6_geo_batch6_316,dataset_batch_6_geo_batch6_316_sim_001,1.129045712,0.518055619,584.6464506,0.254836922,0.088420729,21.85452711,0.758287922,0,SUCCESS,0,0.001250695,1.268786311,1.219479561,90,90,0.043426532,113663363.7,0.001429081,0.001429081,0.001196372,2,60,16.66666667
dataset_batch_6_geo_batch6_317,dataset_batch_6_geo_batch6_317_sim_001,1.133337933,0.5711951,723.3625839,0.246512751,0.068149974,21.12280999,0.555771664,0,SUCCESS,0,0.000557974,1.082659483,1.040518522,90,90,0.025580012,121381045.6,0.00149032,0.00149032,0.000520888,2,60,16.66666667
dataset_batch_6_geo_batch6_318,dataset_batch_6_geo_batch6_318_sim_001,1.144733496,0.530870943,592.5104697,0.229737014,0.119140465,21.24217185,0.667013516,0,SUCCESS,0,0.000515594,1.172071099,1.082659483,90,90,0.028554432,121513376.6,0.001676036,0.001676036,0.00099479,2,60,16.66666667
dataset_batch_6_geo_batch6_319,dataset_batch_6_geo_batch6_319_sim_001,1.120702167,0.524538972,142.6085321,0.315948347,0.08950242,22.04249602,0.506681899,0,SUCCESS,0,0.002047197,1.082659483,1.040518522,90,90,0.02082094,125690638.9,0.00769208,0.00769208,0.002320535,2,60,16.66666667
dataset_batch_6_geo_batch6_320,dataset_batch_6_geo_batch6_320_sim_001,0.889270683,0.44968164,239.0919916,0.206331699,0.096778469,20.74478423,0.422331293,0,SUCCESS,0,0.000342568,1.126487851,1.040518522,90,90,0.02082094,102711784.4,0.003659765,0.003659765,0.001255425,2,60,16.66666667
dataset_batch_6_geo_batch6_321,dataset_batch_6_geo_batch6_321_sim_001,1.018621284,0.495506854,400.0764141,0.164763261,0.051469543,21.84478036,0.701692787,0,SUCCESS,0,0.001556789,1.373401761,1.268786311,90,90,0.055324212,100367214.8,0.00193368,0.00193368,0.001668875,2,60,16.66666667
dataset_batch_6_geo_batch6_322,dataset_batch_6_geo_batch6_322_sim_001,0.962301503,0.497083866,483.2897881,0.156639274,0.102064299,21.7538431,0.486170192,0,SUCCESS,0,9.17E-05,1.082659483,1,11.25,0,0.00892326,110343135.3,0.001902836,0.001902836,0.000758871,1,60,16.66666667
dataset_batch_6_geo_batch6_323,dataset_batch_6_geo_batch6_323_sim_001,1.135424986,0.558646864,402.2207543,0.23117735,0.118980426,26.21879993,0.430712827,0,SUCCESS,0,1.53E-18,1,1,0,0,0,139928541.4,0.003101564,0.003101564,0.000705555,1,60,16.66666667
dataset_batch_6_geo_batch6_324,dataset_batch_6_geo_batch6_324_sim_001,1.157324205,0.508548577,518.8439751,0.174274619,0.098202135,24.15689798,0.630839734,0,SUCCESS,0,0.000714099,1.172071099,1.126487851,90,90,0.030339084,128050726,0.002145419,0.002145419,0.001253239,2,60,16.66666667
dataset_batch_6_geo_batch6_325,dataset_batch_6_geo_batch6_325_sim_001,1.138622716,0.526929218,801.8072276,0.318730084,0.093156347,20.63431076,0.45521788,0,FAILED,1,,,,,,,,,,,0,60,16.66666667
dataset_batch_6_geo_batch6_326,dataset_batch_6_geo_batch6_326_sim_001,1.080418201,0.414814565,919.9013112,0.153191185,0.043963205,27.08669307,0.413246882,0,SUCCESS,0,0.000404553,1.268786311,1.126487851,90,90,0.048185604,129106225.1,0.001425446,0.001425446,0.000606728,2,60,16.66666667
dataset_batch_6_geo_batch6_327,dataset_batch_6_geo_batch6_327_sim_001,1.073682215,0.544355136,323.4200861,0.270214173,0.05078524,20.21930529,0.684804787,0,SUCCESS,0,0.001337671,1.219479561,1.172071099,90,90,0.045211184,106212607.6,0.002473461,0.002473461,0.001578593,2,60,16.66666667
dataset_batch_6_geo_batch6_328,dataset_batch_6_geo_batch6_328_sim_001,1.100010574,0.528353749,583.9688413,0.316916014,0.070454771,22.54366016,0.534038547,0,SUCCESS,0,0.000249194,1.082659483,1.040518522,90,90,0.019036288,123844030.2,0.001746135,0.001746135,0.000577562,2,60,16.66666667
dataset_batch_6_geo_batch6_329,dataset_batch_6_geo_batch6_329_sim_001,1.15634344,0.604296675,878.0228482,0.242054792,0.091379736,20.60351518,0.780778272,0,SUCCESS,0,0.00035201,1.172071099,1.082659483,90,90,0.02676978,115398531.3,0.000928359,0.000928359,0.000661357,2,60,16.66666667
dataset_batch_6_geo_batch6_330,dataset_batch_6_geo_batch6_330_sim_001,1.123359841,0.611942069,438.3256152,0.261422197,0.07485267,20.25575296,0.651954305,0,SUCCESS,0,0.000276787,1.040518522,1.040518522,90,9.000002861,0.014277216,117521727.5,0.002057308,0.002057308,0.00087083,2,60,16.66666667
dataset_batch_6_geo_batch6_331,dataset_batch_6_geo_batch6_331_sim_001,0.9736452,0.566405444,304.7309669,0.253043559,0.06476939,21.87374859,0.480191395,0,SUCCESS,0,5.17E-06,1.040518522,1,2.250000715,0,0.002379536,108836696.8,0.002851714,0.002851714,0.000628294,1,60,16.66666667
dataset_batch_6_geo_batch6_332,dataset_batch_6_geo_batch6_332_sim_001,1.110383538,0.433183329,257.7006733,0.336552454,0.055779867,23.27113648,0.538801892,0,FAILED,1,,,,,,,,,,,0,60,16.66666667
dataset_batch_6_geo_batch6_333,dataset_batch_6_geo_batch6_333_sim_001,1.01037606,0.517017845,795.1503289,0.299772058,0.067610926,24.21209488,0.430248394,0,SUCCESS,0,3.74E-05,1.040518522,1,90,0,0.011302796,119757660.6,0.001269413,0.001269413,0.000270148,1,60,16.66666667
dataset_batch_6_geo_batch6_334,dataset_batch_6_geo_batch6_334_sim_001,1.157804771,0.440302821,216.03348,0.153743316,0.082585884,21.84289862,0.73955929,0,FAILED,1,,,,,,,,,,,0,60,16.66666667
dataset_batch_6_geo_batch6_335,dataset_batch_6_geo_batch6_335_sim_001,1.112470184,0.452207582,138.0803953,0.203897644,0.069360616,21.90780179,0.648133278,0,FAILED,1,,,,,,,,,,,0,60,16.66666667
dataset_batch_6_geo_batch6_336,dataset_batch_6_geo_batch6_336_sim_001,1.058610526,0.458181566,445.1958327,0.172155053,0.063956929,25.6902424,0.558244608,0,SUCCESS,0,0.000848316,1.219479561,1.172071099,90,90,0.032123736,123178229.2,0.002356201,0.002356201,0.001324329,2,60,16.66666667
dataset_batch_6_geo_batch6_337,dataset_batch_6_geo_batch6_337_sim_001,0.92130523,0.471206275,258.5316461,0.164526253,0.071106705,23.8013116,0.479939413,0,SUCCESS,0,0.000328049,1.126487851,1.040518522,15.75,8.999999046,0.014277216,105065041.5,0.003350293,0.003350293,0.001432835,2,60,16.66666667
dataset_batch_6_geo_batch6_338,dataset_batch_6_geo_batch6_338_sim_001,1.137800297,0.505637283,901.5423526,0.236400658,0.090277419,26.19638676,0.447851645,0,SUCCESS,0,0.000112416,1.082659483,1,90,2.249999762,0.016656752,139618264.6,0.001401845,0.001401845,0.0004277,2,60,16.66666667
dataset_batch_6_geo_batch6_339,dataset_batch_6_geo_batch6_339_sim_001,1.141550477,0.43662267,973.4777864,0.258180418,0.061486742,25.73954882,0.655983077,0,SUCCESS,0,0.001137758,1.428871632,1.320067286,90,90,0.058893516,123648627.4,0.001052112,0.001052112,0.000770511,2,60,16.66666667
dataset_batch_6_geo_batch6_340,dataset_batch_6_geo_batch6_340_sim_001,1.110109261,0.469998769,601.4183122,0.231406127,0.114565441,20.64854096,0.580407411,0,SUCCESS,0,0.000964788,1.219479561,1.126487851,90,90,0.043426532,118920774.7,0.001793344,0.001793344,0.000977919,2,60,16.66666667
dataset_batch_6_geo_batch6_341,dataset_batch_6_geo_batch6_341_sim_001,1.022677257,0.41632609,344.520192,0.234694574,0.119904078,20.38840714,0.587128519,0,SUCCESS,0,0.001613126,1.320067286,1.219479561,90,90,0.054729328,108294052.8,0.002704086,0.002704086,0.001840631,2,60,16.66666667
dataset_batch_6_geo_batch6_342,dataset_batch_6_geo_batch6_342_sim_001,1.161447512,0.535653552,395.7062258,0.336133545,0.044761631,24.41731282,0.422500061,0,FAILED,1,,,,,,,,,,,0,60,16.66666667
dataset_batch_6_geo_batch6_343,dataset_batch_6_geo_batch6_343_sim_001,1.156742014,0.540500381,659.1972384,0.336514147,0.054467029,23.57667791,0.464904167,0,FAILED,1,,,,,,,,,,,0,60,16.66666667
dataset_batch_6_geo_batch6_344,dataset_batch_6_geo_batch6_344_sim_001,1.029451935,0.438129018,929.8991502,0.163496915,0.069162162,20.58818312,0.702957031,0,FAILED,1,,,,,,,,,,,0,60,16.66666667
dataset_batch_6_geo_batch6_345,dataset_batch_6_geo_batch6_345_sim_001,1.105417882,0.511877741,774.6728851,0.217864189,0.069012419,20.68074403,0.563168709,0,SUCCESS,0,0.000868733,1.172071099,1.082659483,90,90,0.045211184,115769819.9,0.001390491,0.001390491,0.00065082,2,60,16.66666667
dataset_batch_6_geo_batch6_346,dataset_batch_6_geo_batch6_346_sim_001,1.12126193,0.487344031,281.0620279,0.339442006,0.04265608,26.09688147,0.471916054,0,SUCCESS,0,0.000833566,1.126487851,1.082659483,90,90,0.025580012,136010402.7,0.004048895,0.004048895,0.001176655,2,60,16.66666667
dataset_batch_6_geo_batch6_347,dataset_batch_6_geo_batch6_347_sim_001,1.075226823,0.416977138,293.2437872,0.171851569,0.115554117,23.45187803,0.519047206,0,SUCCESS,0,0.001435179,1.268786311,1.172071099,90,90,0.044021416,121814312.3,0.003963159,0.003963159,0.002198556,2,60,16.66666667
dataset_batch_6_geo_batch6_348,dataset_batch_6_geo_batch6_348_sim_001,1.167143983,0.40067182,931.6779667,0.19468951,0.058938048,20.35830733,0.664048531,0,FAILED,1,,,,,,,,,,,0,60,16.66666667
dataset_batch_6_geo_batch6_349,dataset_batch_6_geo_batch6_349_sim_001,1.010102447,0.554742891,455.1461078,0.190961203,0.044260935,26.40032147,0.40488033,0,SUCCESS,0,4.44E-05,1.040518522,1,90,0,0.007733492,119447353.1,0.002316995,0.002316995,0.000453164,1,60,16.66666667
dataset_batch_6_geo_batch6_350,dataset_batch_6_geo_batch6_350_sim_001,1.056667346,0.472744432,822.1609092,0.175207613,0.099832041,25.22808489,0.579502718,0,SUCCESS,0,0.000308378,1.172071099,1.082659483,15.75,11.25,0.018441404,122504957,0.001224168,0.001224168,0.000701102,2,60,16.66666667
dataset_batch_6_geo_batch6_351,dataset_batch_6_geo_batch6_351_sim_001,1.128676202,0.50536189,638.9495484,0.249954637,0.094496011,21.38400761,0.515322201,0,SUCCESS,0,0.000773163,1.126487851,1.082659483,90,90,0.032123736,124869233.9,0.001816079,0.001816079,0.000695717,2,60,16.66666667
dataset_batch_6_geo_batch6_352,dataset_batch_6_geo_batch6_352_sim_001,0.943469434,0.415792672,763.6614842,0.323445943,0.066984679,22.02507281,0.582227491,0,SUCCESS,0,0.000791688,1.373401761,1.219479561,90,90,0.052349792,98838057.08,0.000950808,0.000950808,0.000653422,2,60,16.66666667
dataset_batch_6_geo_batch6_353,dataset_batch_6_geo_batch6_353_sim_001,1.15431631,0.46139307,571.5137345,0.320396623,0.066597739,26.7712786,0.542199572,0,SUCCESS,0,0.001172987,1.219479561,1.172071099,90,13.5,0.02676978,141612752.3,0.001973967,0.001973967,0.00085118,2,60,16.66666667
dataset_batch_6_geo_batch6_354,dataset_batch_6_geo_batch6_354_sim_001,1.121952984,0.601603995,401.1241369,0.20925073,0.101883818,21.15195129,0.6670928,0,SUCCESS,0,8.53E-05,1.040518522,1,9,0,0.00594884,121681911.6,0.002280173,0.002280173,0.001130238,1,60,16.66666667
dataset_batch_6_geo_batch6_355,dataset_batch_6_geo_batch6_355_sim_001,1.114010802,0.470371717,343.00605,0.211404496,0.065857209,24.98062058,0.519048077,0,SUCCESS,0,0.000964252,1.172071099,1.126487851,90,90,0.03271862,127644033.8,0.003414615,0.003414615,0.001556054,2,60,16.66666667
dataset_batch_6_geo_batch6_356,dataset_batch_6_geo_batch6_356_sim_001,1.046613127,0.469796301,986.4331265,0.328858803,0.084015605,20.48648762,0.651591803,0,SUCCESS,0,0.000632347,1.320067286,1.219479561,90,90,0.049970256,107063928.1,0.000155455,7.36E-05,0.000155455,3,60,16.66666667
dataset_batch_6_geo_batch6_357,dataset_batch_6_geo_batch6_357_sim_001,0.960960219,0.434335538,861.0315557,0.174724546,0.124332899,22.57265864,0.432620422,0,SUCCESS,0,0.000117424,1.126487851,1,15.75,4.499999523,0.014277216,116596263.6,0.001188541,0.001188541,0.000480396,2,60,16.66666667
dataset_batch_6_geo_batch6_358,dataset_batch_6_geo_batch6_358_sim_001,0.993420511,0.41820247,155.98473,0.19495985,0.046487698,22.00227554,0.672852144,0,SUCCESS,0,0.007179929,1.608967185,1.546563625,90,90,0.105889352,96013532.44,0.000534686,0.000114267,0.000534686,3,60,16.66666667
dataset_batch_6_geo_batch6_359,dataset_batch_6_geo_batch6_359_sim_001,1.110474306,0.578456929,670.6939143,0.317154631,0.078166479,20.93716458,0.637584804,0,SUCCESS,0,0.000137892,1.082659483,1,90,90,0.016061868,119312365,0.001308226,0.001308226,0.000549859,2,60,16.66666667
dataset_batch_6_geo_batch6_360,dataset_batch_6_geo_batch6_360_sim_001,1.037442697,0.400462623,226.9523205,0.181003524,0.105961843,24.89804792,0.536702619,0,SUCCESS,0,0.002210108,1.268786311,1.219479561,90,90,0.040452112,120312661.3,0.004719405,0.004719405,0.002890974,2,60,16.66666667
dataset_batch_6_geo_batch6_361,dataset_batch_6_geo_batch6_361_sim_001,1.169048152,0.416887811,981.4244047,0.194710086,0.091316787,22.53043429,0.789798524,0,FAILED,1,,,,,,,,,,,0,60,16.66666667
dataset_batch_6_geo_batch6_362,dataset_batch_6_geo_batch6_362_sim_001,0.948767345,0.434637063,742.7672056,0.277578919,0.069317511,20.640161,0.552579322,0,SUCCESS,0,0.000537318,1.320067286,1.172071099,90,90,0.052944676,98888538.11,0.001071977,0.001071977,0.000633118,2,60,16.66666667
dataset_batch_6_geo_batch6_363,dataset_batch_6_geo_batch6_363_sim_001,0.968674273,0.431165026,120.6625345,0.210459917,0.077053335,25.18565267,0.419542366,0,SUCCESS,0,0.001267578,1.126487851,1.126487851,18,15.74999905,0.01784652,118849146,0.008635152,0.008635152,0.003198379,2,60,16.66666667
dataset_batch_6_geo_batch6_364,dataset_batch_6_geo_batch6_364_sim_001,1.07931543,0.414632436,906.408326,0.293438465,0.092895161,26.63693869,0.443672201,0,SUCCESS,0,0.000327117,1.172071099,1.082659483,18,11.25,0.019631172,137356824,0.001294199,0.001294199,0.000485844,2,60,16.66666667
dataset_batch_6_geo_batch6_365,dataset_batch_6_geo_batch6_365_sim_001,1.044165283,0.429611873,675.4060454,0.207981609,0.111374728,24.47315418,0.476180387,0,SUCCESS,0,0.000346494,1.172071099,1.082659483,90,11.25,0.024390244,127885031.1,0.001657889,0.001657889,0.000750754,2,60,16.66666667
dataset_batch_6_geo_batch6_366,dataset_batch_6_geo_batch6_366_sim_001,1.14311906,0.555231987,285.4893742,0.282758609,0.087528105,25.1837053,0.480284709,0,SUCCESS,0,7.33E-05,1.040518522,1,90,0,0.008328376,138439506.5,0.004119435,0.004119435,0.00103906,1,60,16.66666667
dataset_batch_6_geo_batch6_367,dataset_batch_6_geo_batch6_367_sim_001,1.133912406,0.459179936,136.3915889,0.241192732,0.069867316,22.16398081,0.746286446,0,SUCCESS,0,0.009202864,1.48656261,1.48656261,90,90,0.082093992,113421982.9,0.000337952,9.92E-05,0.000337952,3,60,16.66666667
dataset_batch_6_geo_batch6_368,dataset_batch_6_geo_batch6_368_sim_001,1.131235238,0.464070893,236.3518791,0.206901572,0.093659883,22.17847138,0.538006298,0,SUCCESS,0,0.002715248,1.219479561,1.172071099,90,90,0.049970256,123774966.7,0.005058556,0.005058556,0.002511529,2,60,16.66666667
dataset_batch_6_geo_batch6_369,dataset_batch_6_geo_batch6_369_sim_001,1.13114146,0.535441027,644.0039726,0.151255972,0.060458766,24.85187108,0.545078325,0,SUCCESS,0,0.000229388,1.126487851,1.040518522,90,90,0.022605592,130185608.3,0.001791593,0.001791593,0.000778357,2,60,16.66666667
dataset_batch_6_geo_batch6_370,dataset_batch_6_geo_batch6_370_sim_001,0.938444487,0.47902985,468.0601594,0.192703669,0.11756438,22.62604049,0.40691945,0,SUCCESS,0,2.98E-05,1.040518522,1,9,0,0.00594884,111785665.2,0.002071342,0.002071342,0.00059533,1,60,16.66666667
dataset_batch_6_geo_batch6_371,dataset_batch_6_geo_batch6_371_sim_001,1.134351473,0.532531886,379.2699537,0.312786471,0.094361357,25.19589103,0.535002681,0,SUCCESS,0,8.92E-05,1.040518522,1,9,0,0.00594884,135145953.1,0.002849507,0.002849507,0.000930996,1,60,16.66666667
dataset_batch_6_geo_batch6_372,dataset_batch_6_geo_batch6_372_sim_001,1.068590293,0.509559314,317.9550657,0.24491769,0.056511842,21.79707507,0.655923862,0,SUCCESS,0,0.001559972,1.268786311,1.219479561,90,90,0.044021416,109693334.8,0.002726623,0.002726623,0.00175647,2,60,16.66666667
dataset_batch_6_geo_batch6_373,dataset_batch_6_geo_batch6_373_sim_001,1.033295747,0.408581973,893.0093295,0.257410439,0.060672495,26.7777324,0.434720431,0,SUCCESS,0,0.000366177,1.219479561,1.126487851,20.24999809,13.5,0.026174896,130311469.3,0.001266839,0.001266839,0.000503304,2,60,16.66666667
dataset_batch_6_geo_batch6_374,dataset_batch_6_geo_batch6_374_sim_001,0.958834496,0.449911984,519.0276037,0.150280491,0.077763063,22.3824811,0.500863345,0,SUCCESS,0,0.000407834,1.219479561,1.126487851,90,90,0.034503272,107300142.8,0.001813249,0.001813249,0.000920049,2,60,16.66666667
dataset_batch_6_geo_batch6_375,dataset_batch_6_geo_batch6_375_sim_001,1.072757161,0.443647681,409.4182787,0.278508091,0.106706411,20.94377646,0.772905408,0,FAILED,1,,,,,,,,,,,0,60,16.66666667
dataset_batch_6_geo_batch6_376,dataset_batch_6_geo_batch6_376_sim_001,1.05440708,0.430938505,783.1545411,0.242062692,0.095351435,24.50022874,0.408827353,0,SUCCESS,0,0.000313571,1.126487851,1.040518522,90,90,0.027364664,126080782.1,0.001534895,0.001534895,0.000529264,2,60,16.66666667
dataset_batch_6_geo_batch6_377,dataset_batch_6_geo_batch6_377_sim_001,1.067138062,0.428151547,454.9456481,0.210503177,0.058276655,22.58534473,0.647363153,0,SUCCESS,0,0.002251608,1.48656261,1.373401761,90,90,0.084473528,109718531,0.00210066,0.00210066,0.001673527,2,60,16.66666667
dataset_batch_6_geo_batch6_378,dataset_batch_6_geo_batch6_378_sim_001,1.157901204,0.555743206,582.0455764,0.17351922,0.042895575,23.85989074,0.677569043,0,SUCCESS,0,0.000681419,1.219479561,1.126487851,90,90,0.036287924,121590028.6,0.001758317,0.001758317,0.001059145,2,60,16.66666667
dataset_batch_6_geo_batch6_379,dataset_batch_6_geo_batch6_379_sim_001,1.096413591,0.448701615,611.16624,0.319056625,0.048621767,23.8377392,0.526676369,0,SUCCESS,0,0.00111989,1.268786311,1.219479561,90,90,0.048780488,122256371.2,0.001729245,0.001729245,0.00077786,2,60,16.66666667
dataset_batch_6_geo_batch6_380,dataset_batch_6_geo_batch6_380_sim_001,1.058538385,0.480342891,259.830719,0.197747896,0.090637165,21.65277422,0.536968646,0,SUCCESS,0,0.001258729,1.172071099,1.126487851,90,90,0.03569304,115460553,0.004027828,0.004027828,0.001946134,2,60,16.66666667
dataset_batch_6_geo_batch6_381,dataset_batch_6_geo_batch6_381_sim_001,1.116343102,0.437430296,552.5036436,0.33797706,0.116050662,23.04045884,0.4786636,0,SUCCESS,0,0.000577805,1.172071099,1.082659483,90,90,0.030339084,129358210,0.002074988,0.002074988,0.000756657,2,60,16.66666667
dataset_batch_6_geo_batch6_382,dataset_batch_6_geo_batch6_382_sim_001,0.791673259,0.408030168,493.1878426,0.275242824,0.057262412,20.23134598,0.451023191,0,SUCCESS,0,0.000371516,1.320067286,1.172071099,90,90,0.048780488,85585763.86,0.001331987,0.001331987,0.000600428,2,60,16.66666667
dataset_batch_6_geo_batch6_383,dataset_batch_6_geo_batch6_383_sim_001,1.092719612,0.4942609,160.0101718,0.294396994,0.046461356,21.11617232,0.54201953,0,SUCCESS,0,0.004858204,1.219479561,1.172071099,90,90,0.054729328,113900255.7,0.006512506,0.006512506,0.002730765,2,60,16.66666667
dataset_batch_6_geo_batch6_384,dataset_batch_6_geo_batch6_384_sim_001,1.120458954,0.479919427,402.1157926,0.176153871,0.045208736,26.34901841,0.731664142,0,SUCCESS,0,0.002437818,1.373401761,1.320067286,90,90,0.04759072,119435453.3,0.002320668,0.002320668,0.002019077,2,60,16.66666667
dataset_batch_6_geo_batch6_385,dataset_batch_6_geo_batch6_385_sim_001,1.154824912,0.492505277,169.3959567,0.295732225,0.109779439,20.70816184,0.798504657,0,SUCCESS,0,0.006971834,1.373401761,1.373401761,90,90,0.06543724,114390229.7,0.004888113,0.004888113,0.004683232,2,60,16.66666667
dataset_batch_6_geo_batch6_386,dataset_batch_6_geo_batch6_386_sim_001,0.972096061,0.417877965,171.7490234,0.324037335,0.125999589,21.15952908,0.599042679,0,SUCCESS,0,0.003136147,1.268786311,1.219479561,90,90,0.040452112,106168948,0.004355112,0.004355112,0.003048829,2,60,16.66666667
dataset_batch_6_geo_batch6_387,dataset_batch_6_geo_batch6_387_sim_001,1.149835145,0.528499449,603.0363066,0.260457013,0.054329987,22.31950287,0.519845836,0,SUCCESS,0,0.000989573,1.126487851,1.082659483,90,90,0.036287924,125606709.5,0.0019488,0.0019488,0.000691793,2,60,16.66666667
dataset_batch_6_geo_batch6_388,dataset_batch_6_geo_batch6_388_sim_001,1.09644143,0.545192614,644.2201329,0.167453017,0.055204295,21.55249428,0.726766247,0,SUCCESS,0,0.000790584,1.268786311,1.172071099,90,90,0.046400952,108330609.9,0.001327578,0.001327578,0.001013966,2,60,16.66666667
dataset_batch_6_geo_batch6_389,dataset_batch_6_geo_batch6_389_sim_001,1.148107923,0.540464313,422.7678336,0.250637334,0.084531241,21.83762739,0.606825637,0,SUCCESS,0,0.000728552,1.126487851,1.082659483,90,90,0.029149316,123439399.1,0.002497547,0.002497547,0.001155953,2,60,16.66666667
dataset_batch_6_geo_batch6_390,dataset_batch_6_geo_batch6_390_sim_001,1.117648856,0.413820689,691.4277037,0.268223464,0.101088434,21.52248432,0.731149645,0,FAILED,1,,,,,,,,,,,0,60,16.66666667
dataset_batch_6_geo_batch6_391,dataset_batch_6_geo_batch6_391_sim_001,1.103334242,0.512916099,675.7739107,0.326202247,0.108582817,22.80119503,0.472806605,0,SUCCESS,0,0.000226557,1.040518522,1.040518522,90,9.000002861,0.014277216,128161624.7,0.00163878,0.00163878,0.000435712,2,60,16.66666667
dataset_batch_6_geo_batch6_392,dataset_batch_6_geo_batch6_392_sim_001,1.134139341,0.563774547,591.911779,0.299972217,0.105538117,25.12299313,0.498767776,0,SUCCESS,0,5.93E-19,1,1,0,0,0,135505023.4,0.001893319,0.001893319,0.000473508,1,60,16.66666667
dataset_batch_6_geo_batch6_393,dataset_batch_6_geo_batch6_393_sim_001,1.047794117,0.440781431,429.6451944,0.344990863,0.121423605,21.28716469,0.493100662,0,SUCCESS,0,0.000667268,1.126487851,1.082659483,90,90,0.027364664,118632607,0.00232068,0.00232068,0.000888149,2,60,16.66666667
dataset_batch_6_geo_batch6_394,dataset_batch_6_geo_batch6_394_sim_001,1.147733026,0.445355219,313.7311241,0.286675666,0.097009873,20.86743705,0.712969783,0,FAILED,1,,,,,,,,,,,0,60,16.66666667
dataset_batch_6_geo_batch6_395,dataset_batch_6_geo_batch6_395_sim_001,1.154163946,0.538199274,809.8152039,0.186302508,0.115437329,25.35924166,0.45789064,0,SUCCESS,0,0.000121009,1.040518522,1,90,2.250000715,0.013087448,139148097.3,0.001584774,0.001584774,0.000489514,2,60,16.66666667
dataset_batch_6_geo_batch6_396,dataset_batch_6_geo_batch6_396_sim_001,1.127272894,0.568442173,884.6636562,0.217111265,0.117603254,25.31643333,0.465849805,0,SUCCESS,0,4.15E-19,1,1,0,0,0,135976230.2,0.001342916,0.001342916,0.000345572,1,60,16.66666667
dataset_batch_6_geo_batch6_397,dataset_batch_6_geo_batch6_397_sim_001,1.155362048,0.461145971,669.7260638,0.331452654,0.096200786,22.39393905,0.729088188,0,FAILED,1,,,,,,,,,,,0,60,16.66666667
dataset_batch_6_geo_batch6_398,dataset_batch_6_geo_batch6_398_sim_001,1.142891706,0.567534181,335.6422517,0.342341535,0.074856398,21.0198856,0.455030644,0,SUCCESS,0,0.003366948,1.172071099,1.126487851,90,90,0.039262344,124079061.2,0.003544336,0.003544336,0.000690135,2,60,16.66666667
dataset_batch_6_geo_batch6_399,dataset_batch_6_geo_batch6_399_sim_001,0.987706352,0.485114422,674.0312272,0.204203508,0.05425911,24.28108739,0.412086361,0,SUCCESS,0,0.000335819,1.126487851,1.040518522,90,90,0.024390244,112502641.3,0.001561931,0.001561931,0.000455358,2,60,16.66666667
dataset_batch_6_geo_batch6_400,dataset_batch_6_geo_batch6_400_sim_001,0.99610355,0.510490934,415.3851004,0.157307685,0.093819872,22.18724897,0.530777838,0,SUCCESS,0,0.000163351,1.082659483,1,13.5,4.499999523,0.010113028,112854113,0.002223103,0.002223103,0.000999367,2,60,16.66666667
dataset_batch_6_geo_batch6_401,dataset_batch_6_geo_batch6_401_sim_001,1.145016518,0.605265371,398.8823773,0.245858766,0.088295095,20.92161255,0.641830544,0,SUCCESS,0,0.000234033,1.040518522,1.040518522,90,6.750002384,0.013087448,123454574.4,0.002426095,0.002426095,0.001025637,2,60,16.66666667
dataset_batch_6_geo_batch6_402,dataset_batch_6_geo_batch6_402_sim_001,1.053324271,0.560296938,469.086456,0.328782695,0.054351319,20.36082536,0.751086536,0,SUCCESS,0,0.001222845,1.268786311,1.172071099,90,90,0.03866746,101792155.5,0.001500783,0.001500783,0.0010693,2,60,16.66666667
dataset_batch_6_geo_batch6_403,dataset_batch_6_geo_batch6_403_sim_001,1.113121774,0.442502494,199.2656581,0.195351049,0.043660475,23.34265516,0.668839114,0,FAILED,1,,,,,,,,,,,0,60,16.66666667
dataset_batch_6_geo_batch6_404,dataset_batch_6_geo_batch6_404_sim_001,1.090733013,0.401596766,687.3104339,0.25452384,0.068100211,23.64550575,0.60071583,0,SUCCESS,0,0.001616273,1.428871632,1.373401761,90,90,0.073765616,116861758.2,0.000501342,0.000155921,0.000501342,3,60,16.66666667
dataset_batch_6_geo_batch6_405,dataset_batch_6_geo_batch6_405_sim_001,1.001510688,0.429470692,129.5515565,0.300145785,0.070335052,21.76896623,0.433954295,0,SUCCESS,0,0.004097799,1.219479442,1.172071099,90,90,0.0446163,112317571.5,0.008021387,0.008021387,0.002794583,2,60,16.66666667
dataset_batch_6_geo_batch6_406,dataset_batch_6_geo_batch6_406_sim_001,1.106835297,0.503402308,618.305021,0.188992019,0.050157548,22.70093082,0.674239393,0,SUCCESS,0,0.00111285,1.320067286,1.219479561,90,90,0.05353956,113367354.4,0.001547766,0.001547766,0.001088155,2,60,16.66666667
dataset_batch_6_geo_batch6_407,dataset_batch_6_geo_batch6_407_sim_001,0.995882058,0.400752661,211.1297188,0.152542533,0.082606178,25.3661176,0.669232173,0,SUCCESS,0,0.004443269,1.428871632,1.373401761,90,90,0.055919096,108556887.7,0.004019777,0.004019777,0.003864975,2,60,16.66666667
dataset_batch_6_geo_batch6_408,dataset_batch_6_geo_batch6_408_sim_001,1.084976682,0.422178379,399.029494,0.319038266,0.114979131,26.96100068,0.460551734,0,SUCCESS,0,0.00055687,1.126487851,1.082659483,15.75,11.25,0.015466984,136934795.1,0.00284714,0.00284714,0.001054555,2,60,16.66666667
dataset_batch_6_geo_batch6_409,dataset_batch_6_geo_batch6_409_sim_001,1.121383197,0.452334193,389.5362242,0.192362544,0.060617852,24.89036082,0.625022367,0,SUCCESS,0,0.002100516,1.320067286,1.268786311,90,90,0.051754908,121339417.7,0.002768825,0.002768825,0.001861154,2,60,16.66666667
dataset_batch_6_geo_batch6_410,dataset_batch_6_geo_batch6_410_sim_001,0.964888361,0.473230393,339.7728381,0.301525996,0.111396097,22.2048102,0.446617527,0,SUCCESS,0,6.08E-05,1.040518522,1,9,0,0.00594884,114347869.5,0.002728529,0.002728529,0.000790736,1,60,16.66666667
dataset_batch_6_geo_batch6_411,dataset_batch_6_geo_batch6_411_sim_001,1.069900741,0.428878835,417.9955777,0.292959984,0.094355416,23.61705141,0.596629646,0,SUCCESS,0,0.001793389,1.320067286,1.268786311,90,90,0.043426532,117920732.8,0.002286101,0.002286101,0.001432242,2,60,16.66666667
dataset_batch_6_geo_batch6_412,dataset_batch_6_geo_batch6_412_sim_001,1.045518514,0.474073605,289.871146,0.235392066,0.101534387,23.54654979,0.433236189,0,SUCCESS,0,0.000563165,1.082659483,1.040518522,90,90,0.019631172,122779999.3,0.003898053,0.003898053,0.00124921,2,60,16.66666667
dataset_batch_6_geo_batch6_413,dataset_batch_6_geo_batch6_413_sim_001,1.018031166,0.55319008,351.5966283,0.223893944,0.068285508,23.68903655,0.429816512,0,SUCCESS,0,0.000473957,1.040518522,1.040518522,90,11.25000381,0.013087448,114204213.8,0.002939904,0.002939904,0.000618004,2,60,16.66666667
dataset_batch_6_geo_batch6_414,dataset_batch_6_geo_batch6_414_sim_001,1.107672978,0.435226805,406.6754566,0.284607573,0.045687636,22.72155837,0.599488041,0,FAILED,1,,,,,,,,,,,0,60,16.66666667
dataset_batch_6_geo_batch6_415,dataset_batch_6_geo_batch6_415_sim_001,1.035017842,0.455075124,334.5997065,0.284878035,0.074102877,24.00511382,0.48746453,0,SUCCESS,0,0.000654491,1.172071099,1.082659483,90,90,0.024985128,122654062.9,0.00305396,0.00305396,0.001193855,2,60,16.66666667
dataset_batch_6_geo_batch6_416,dataset_batch_6_geo_batch6_416_sim_001,1.15061158,0.627783747,223.363333,0.247253586,0.098108848,21.05056805,0.778567662,0,SUCCESS,0,0.00065017,1.082659483,1.040518522,13.5,9,0.010707912,118769431.1,0.003543214,0.003543214,0.002338202,2,60,16.66666667
dataset_batch_6_geo_batch6_417,dataset_batch_6_geo_batch6_417_sim_001,1.162216115,0.580738405,925.6390642,0.241014684,0.043696075,20.63521889,0.650823309,0,SUCCESS,0,0.000620255,1.172071099,1.082659483,90,90,0.042831648,116658226.3,0.001096648,0.001096648,0.000533457,2,60,16.66666667
dataset_batch_6_geo_batch6_418,dataset_batch_6_geo_batch6_418_sim_001,1.110760202,0.461713348,489.0307154,0.266520578,0.049427374,26.81588079,0.490402225,0,SUCCESS,0,0.000683478,1.172071099,1.126487851,90,13.5,0.026174896,136909052.2,0.002383083,0.002383083,0.000938044,2,60,16.66666667
dataset_batch_6_geo_batch6_419,dataset_batch_6_geo_batch6_419_sim_001,1.14619214,0.474851171,408.3018607,0.190821122,0.096303884,24.89755183,0.672971953,0,SUCCESS,0,0.001610602,1.268786311,1.219479561,90,90,0.03866746,125519894.1,0.002561817,0.002561817,0.001828424,2,60,16.66666667
dataset_batch_6_geo_batch6_420,dataset_batch_6_geo_batch6_420_sim_001,1.06763122,0.491751971,127.0861613,0.169144047,0.103336216,22.79210847,0.440985998,0,SUCCESS,0,0.002641169,1.126487851,1.082659483,90,90,0.028554432,121298707.1,0.009294494,0.009294494,0.003258161,2,60,16.66666667
dataset_batch_6_geo_batch6_421,dataset_batch_6_geo_batch6_421_sim_001,1.027140842,0.555158974,185.9627923,0.227657647,0.076281495,20.91558655,0.617201214,0,SUCCESS,0,0.000458341,1.082659483,1.040518522,13.5,8.999999046,0.010707912,110788814.9,0.004398478,0.004398478,0.002161335,2,60,16.66666667
dataset_batch_6_geo_batch6_422,dataset_batch_6_geo_batch6_422_sim_001,0.937191139,0.463251438,810.3446459,0.325844108,0.055695104,23.0530961,0.432699222,0,SUCCESS,0,0.00012071,1.126487851,1,90,4.499999523,0.019036288,109800637.4,0.001093682,0.001093682,0.000293141,2,60,16.66666667
dataset_batch_6_geo_batch6_423,dataset_batch_6_geo_batch6_423_sim_001,1.147396257,0.564881315,516.9034219,0.206283998,0.067920724,27.65080143,0.456582561,0,SUCCESS,0,3.98E-05,1.040518522,1,6.75,0,0.004759072,140158919.2,0.002407493,0.002407493,0.000631255,1,60,16.66666667
dataset_batch_6_geo_batch6_424,dataset_batch_6_geo_batch6_424_sim_001,1.116185684,0.453692666,621.0980423,0.304884239,0.080849491,23.12465069,0.703028499,0,SUCCESS,0,0.001709275,1.373401761,1.320067286,90,90,0.057703748,116872157.9,0.000289946,9.76E-06,0.000289946,3,60,16.66666667
dataset_batch_6_geo_batch6_425,dataset_batch_6_geo_batch6_425_sim_001,1.081062648,0.469381443,556.2006676,0.206167232,0.07947546,24.4474041,0.514979426,0,SUCCESS,0,0.000458727,1.172071099,1.082659483,90,90,0.027959548,124596592.7,0.002007905,0.002007905,0.000914814,2,60,16.66666667
dataset_batch_6_geo_batch6_426,dataset_batch_6_geo_batch6_426_sim_001,1.090055818,0.409187186,463.7104997,0.20452663,0.063986965,24.90964382,0.503575644,0,SUCCESS,0,0.001613485,1.320067286,1.268786311,90,90,0.057108864,123559448.1,0.002576793,0.002576793,0.001372352,2,60,16.66666667
dataset_batch_6_geo_batch6_427,dataset_batch_6_geo_batch6_427_sim_001,0.897557058,0.401215571,152.8245275,0.177346802,0.046376989,21.52581475,0.631368649,0,SUCCESS,0,0.007479532,1.673869371,1.546563625,90,90,0.118381916,90760867.37,0.004676192,0.004676192,0.004652797,2,60,16.66666667
dataset_batch_6_geo_batch6_428,dataset_batch_6_geo_batch6_428_sim_001,1.096382641,0.472897361,342.992205,0.319987532,0.089365469,22.51709863,0.795571576,0,FAILED,1,,,,,,,,,,,0,60,16.66666667
dataset_batch_6_geo_batch6_429,dataset_batch_6_geo_batch6_429_sim_001,0.99735998,0.405450849,123.0167163,0.176371867,0.057913885,25.86954506,0.594967421,0,SUCCESS,0,0.006016644,1.373401761,1.373401761,90,90,0.051160024,111426039.1,0.007447973,0.007447973,0.00566321,2,60,16.66666667
dataset_batch_6_geo_batch6_430,dataset_batch_6_geo_batch6_430_sim_001,1.111609237,0.442108311,555.7086068,0.262704626,0.099911963,25.12325102,0.417891264,0,SUCCESS,0,0.000463958,1.126487851,1.082659483,90,90,0.02676978,134170477.3,0.002297506,0.002297506,0.000761988,2,60,16.66666667
dataset_batch_6_geo_batch6_431,dataset_batch_6_geo_batch6_431_sim_001,0.999390854,0.536394646,113.0113133,0.167969196,0.062650985,22.17043359,0.432139633,0,SUCCESS,0,0.003627279,1.082659483,1.082659483,90,90,0.0297442,108531906.4,0.009079499,0.009079499,0.002440001,2,60,16.66666667
dataset_batch_6_geo_batch6_432,dataset_batch_6_geo_batch6_432_sim_001,1.052182702,0.425520688,351.4283464,0.219824237,0.084860333,21.91628564,0.685538756,0,SUCCESS,0,0.003116996,1.48656261,1.373401761,90,90,0.0743605,107036917.6,0.002497461,0.002497461,0.002249247,2,60,16.66666667
dataset_batch_6_geo_batch6_433,dataset_batch_6_geo_batch6_433_sim_001,1.122970243,0.482669988,335.1586359,0.33254831,0.075578962,21.75082565,0.503655588,0,FAILED,1,,,,,,,,,,,0,60,16.66666667
dataset_batch_6_geo_batch6_434,dataset_batch_6_geo_batch6_434_sim_001,1.097077826,0.470837623,137.8028363,0.272567762,0.1129878,21.05896285,0.629367183,0,SUCCESS,0,0.003577989,1.219479561,1.219479561,90,90,0.042831648,116593421,0.006901356,0.006901356,0.004288448,2,60,16.66666667
dataset_batch_6_geo_batch6_435,dataset_batch_6_geo_batch6_435_sim_001,1.094265505,0.562689096,803.2955162,0.180904822,0.050552162,21.91318688,0.433379429,0,SUCCESS,0,0.001172296,1.172071099,1.126487851,90,90,0.048780488,115980962.1,0.001516093,0.001516093,0.000404585,2,60,16.66666667
dataset_batch_6_geo_batch6_436,dataset_batch_6_geo_batch6_436_sim_001,0.942633188,0.498760861,172.5163933,0.315328601,0.054439857,22.66554336,0.52906344,0,SUCCESS,0,0.000435878,1.082659483,1.040518522,13.5,8.999999046,0.010707912,104398268.8,0.004395381,0.004395381,0.001670419,2,60,16.66666667
dataset_batch_6_geo_batch6_437,dataset_batch_6_geo_batch6_437_sim_001,1.130863623,0.510172858,140.2432612,0.333810505,0.114230567,20.34799779,0.645819894,0,SUCCESS,0,0.003034016,1.172071099,1.172071099,90,90,0.036882808,119723883.4,0.006544623,0.006544623,0.003539527,2,60,16.66666667
dataset_batch_6_geo_batch6_438,dataset_batch_6_geo_batch6_438_sim_001,0.99239135,0.425226033,706.0629786,0.176900002,0.093339622,21.10530174,0.714013591,0,SUCCESS,0,0.001367602,1.48656261,1.373401761,90,90,0.072575848,97960587.69,0.001139846,0.001076085,0.001139846,3,60,16.66666667
dataset_batch_6_geo_batch6_439,dataset_batch_6_geo_batch6_439_sim_001,1.051977774,0.514565375,337.2498833,0.314681009,0.043086176,20.76994998,0.440837011,0,FAILED,1,,,,,,,,,,,0,60,16.66666667
dataset_batch_6_geo_batch6_440,dataset_batch_6_geo_batch6_440_sim_001,1.083586173,0.413537075,549.300017,0.266174498,0.115598005,21.74658024,0.739353098,0,FAILED,1,,,,,,,,,,,0,60,16.66666667
dataset_batch_6_geo_batch6_441,dataset_batch_6_geo_batch6_441_sim_001,1.132786736,0.553493317,307.1163824,0.303586321,0.042440816,22.88322483,0.689577515,0,SUCCESS,0,0.001659535,1.219479561,1.172071099,90,90,0.033908388,117732424.9,0.002829594,0.002829594,0.001633753,2,60,16.66666667
dataset_batch_6_geo_batch6_442,dataset_batch_6_geo_batch6_442_sim_001,1.057141983,0.510282661,776.7026281,0.216602431,0.051217781,21.06832283,0.69277459,0,SUCCESS,0,0.000764346,1.320067286,1.219479561,90,90,0.057703748,103955147.8,0.00105203,0.00105203,0.000802506,2,60,16.66666667
dataset_batch_6_geo_batch6_443,dataset_batch_6_geo_batch6_443_sim_001,1.030365076,0.43473821,662.7013945,0.235956622,0.119404652,25.42048174,0.449068655,0,SUCCESS,0,0.000192106,1.082659483,1.040518522,13.5,6.75,0.011302796,127543820.1,0.001669317,0.001669317,0.00065208,2,60,16.66666667
dataset_batch_6_geo_batch6_444,dataset_batch_6_geo_batch6_444_sim_001,1.090637511,0.408737211,722.2164168,0.264541517,0.096229755,23.39227976,0.626651561,0,SUCCESS,0,0.001337146,1.373401761,1.320067286,90,90,0.058893516,117806787.4,0.001384993,0.001384993,0.001000045,2,60,16.66666667
dataset_batch_6_geo_batch6_445,dataset_batch_6_geo_batch6_445_sim_001,1.130175584,0.57410375,973.8935928,0.154177561,0.08675012,21.06230771,0.790279879,0,SUCCESS,0,0.000470583,1.219479561,1.126487851,90,90,0.036287924,110884056.1,0.000853355,0.000853355,0.000720112,2,60,16.66666667
dataset_batch_6_geo_batch6_446,dataset_batch_6_geo_batch6_446_sim_001,0.951532214,0.438357577,941.7002149,0.25432514,0.061095925,21.38702205,0.457142078,0,SUCCESS,0,0.000389631,1.219479561,1.082659483,90,90,0.042831648,104638260,0.000998483,0.000998483,0.000397802,2,60,16.66666667
dataset_batch_6_geo_batch6_447,dataset_batch_6_geo_batch6_447_sim_001,1.168744609,0.422204234,810.6134087,0.230802702,0.053871174,25.96017362,0.769432726,0,FAILED,1,,,,,,,,,,,0,60,16.66666667
dataset_batch_6_geo_batch6_448,dataset_batch_6_geo_batch6_448_sim_001,1.128148175,0.464277814,965.2970062,0.172055095,0.049434756,20.75584561,0.587536613,0,FAILED,1,,,,,,,,,,,0,60,16.66666667
dataset_batch_6_geo_batch6_449,dataset_batch_6_geo_batch6_449_sim_001,1.086346499,0.413464729,738.7561157,0.186281733,0.072757257,26.7829174,0.530169232,0,SUCCESS,0,0.00080643,1.268786311,1.219479442,90,90,0.039857228,127647232.1,0.001566559,0.001566559,0.000893257,2,60,16.66666667
dataset_batch_6_geo_batch6_450,dataset_batch_6_geo_batch6_450_sim_001,1.092624854,0.417120176,596.6413963,0.1559558,0.105624267,26.13849814,0.531502217,0,SUCCESS,0,0.000782307,1.219479561,1.172071099,90,90,0.035098156,130373226.5,0.001990369,0.001990369,0.001143741,2,60,16.66666667
dataset_batch_6_geo_batch6_451,dataset_batch_6_geo_batch6_451_sim_001,1.149543935,0.451381741,740.4524779,0.243096574,0.070634649,22.55463245,0.609489738,0,SUCCESS,0,0.001136676,1.373401761,1.268786311,90,90,0.063652588,121784437,0.001496563,0.001496563,0.000932727,2,60,16.66666667
dataset_batch_6_geo_batch6_452,dataset_batch_6_geo_batch6_452_sim_001,1.127154636,0.426043177,781.4348661,0.256989355,0.080147854,23.19096605,0.56519743,0,SUCCESS,0,0.000996112,1.320067286,1.219479561,90,90,0.058298632,124133359.5,0.001437519,0.001437519,0.000838824,2,60,16.66666667
dataset_batch_6_geo_batch6_453,dataset_batch_6_geo_batch6_453_sim_001,1.153753137,0.406843036,920.4427621,0.295058957,0.047563879,20.89121732,0.789723161,0,FAILED,1,,,,,,,,,,,0,60,16.66666667
dataset_batch_6_geo_batch6_454,dataset_batch_6_geo_batch6_454_sim_001,0.978549066,0.423841097,739.3801496,0.223252251,0.078285409,24.05543733,0.436592832,0,SUCCESS,0,0.000275773,1.172071099,1.082659483,90,11.25,0.027959548,118086953.5,0.001405661,0.001405661,0.000561894,2,60,16.66666667
dataset_batch_6_geo_batch6_455,dataset_batch_6_geo_batch6_455_sim_001,1.121992482,0.486370588,392.355096,0.342044697,0.12036556,20.41919333,0.694217104,0,SUCCESS,0,0.001533673,1.268786311,1.219479561,90,90,0.046400952,116360059.7,0.002155003,0.002155003,0.001495006,2,60,16.66666667
dataset_batch_6_geo_batch6_456,dataset_batch_6_geo_batch6_456_sim_001,0.908921937,0.505119651,747.4206008,0.172792884,0.091957065,20.3562381,0.433581387,0,SUCCESS,0,0.000142119,1.040518522,1,90,4.500001431,0.0148721,100157966.5,0.00116019,0.00116019,0.000334296,2,60,16.66666667
dataset_batch_6_geo_batch6_457,dataset_batch_6_geo_batch6_457_sim_001,0.891241024,0.408139545,366.3532101,0.150125698,0.051711428,20.66349789,0.74990114,0,SUCCESS,0,0.003532738,1.884588718,1.741370201,90,90,0.139797739,81335824.39,0.000473048,0.000196266,0.000473048,3,60,16.66666667
dataset_batch_6_geo_batch6_458,dataset_batch_6_geo_batch6_458_sim_001,0.996748355,0.424139721,506.6082637,0.320500595,0.069202526,24.32072364,0.481733679,0,SUCCESS,0,0.000742012,1.219479561,1.126487851,90,13.5,0.030339084,119063739.6,0.001873335,0.001873335,0.00077233,2,60,16.66666667
dataset_batch_6_geo_batch6_459,dataset_batch_6_geo_batch6_459_sim_001,1.138332587,0.429934209,172.0088508,0.26304904,0.064534964,23.73885637,0.560377574,0,FAILED,1,,,,,,,,,,,0,60,16.66666667
dataset_batch_6_geo_batch6_460,dataset_batch_6_geo_batch6_460_sim_001,1.149461086,0.563123789,986.3106412,0.259140481,0.071822133,25.1660155,0.413575272,0,SUCCESS,0,0.000468842,1.082659483,1.040518522,90,18,0.023200476,131363178,0.001305165,0.001305165,0.000262444,2,60,16.66666667
dataset_batch_6_geo_batch6_461,dataset_batch_6_geo_batch6_461_sim_001,1.113103949,0.466072775,273.8336462,0.182438413,0.074593753,24.56280983,0.657428544,0,SUCCESS,0,0.002592051,1.320067286,1.268786311,90,90,0.046400952,119595380,0.003706669,0.003706669,0.002678335,2,60,16.66666667
dataset_batch_6_geo_batch6_462,dataset_batch_6_geo_batch6_462_sim_001,1.083770575,0.477273062,268.0569642,0.278348707,0.048060831,21.83928177,0.649549118,0,SUCCESS,0,0.002880871,1.373401761,1.320067286,90,90,0.067816776,110448128.2,0.003337664,0.003337664,0.002251727,2,60,16.66666667
dataset_batch_6_geo_batch6_463,dataset_batch_6_geo_batch6_463_sim_001,1.132022347,0.55984011,494.443051,0.242336317,0.04879953,25.04365102,0.739078944,0,SUCCESS,0,0.000898613,1.219479442,1.126487851,18,13.5,0.021415824,121539719.5,0.001711367,0.001711367,0.001208876,2,60,16.66666667
dataset_batch_6_geo_batch6_464,dataset_batch_6_geo_batch6_464_sim_001,1.089986173,0.429358142,581.3219907,0.313108226,0.055983044,25.30333012,0.534241635,0,FAILED,1,,,,,,,,,,,0,60,16.66666667
dataset_batch_6_geo_batch6_465,dataset_batch_6_geo_batch6_465_sim_001,1.018480769,0.405949258,224.0323175,0.339535274,0.079561281,21.47991103,0.414508404,0,FAILED,1,,,,,,,,,,,0,60,16.66666667
dataset_batch_6_geo_batch6_466,dataset_batch_6_geo_batch6_466_sim_001,1.1592522,0.566191266,927.8043943,0.229337829,0.073893695,25.94492114,0.458947482,0,SUCCESS,0,0.000194177,1.040518522,1,90,9.000002861,0.0148721,134964739.7,0.00135301,0.00135301,0.000343989,2,60,16.66666667
dataset_batch_6_geo_batch6_467,dataset_batch_6_geo_batch6_467_sim_001,1.016972048,0.490070431,773.1050677,0.154773697,0.101231565,20.91084186,0.487753759,0,SUCCESS,0,0.000271321,1.126487851,1.040518522,90,90,0.024390244,113183032.8,0.00133666,0.00133666,0.000558844,2,60,16.66666667
dataset_batch_6_geo_batch6_468,dataset_batch_6_geo_batch6_468_sim_001,1.136987498,0.418013308,230.6307095,0.286799198,0.075779134,21.69757253,0.782233022,0,FAILED,1,,,,,,,,,,,0,60,16.66666667
dataset_batch_6_geo_batch6_469,dataset_batch_6_geo_batch6_469_sim_001,1.167468353,0.459613923,158.1975581,0.272407291,0.064743409,23.59597557,0.652445549,0,FAILED,1,,,,,,,,,,,0,60,16.66666667
dataset_batch_6_geo_batch6_470,dataset_batch_6_geo_batch6_470_sim_001,1.091133398,0.423319851,766.2055998,0.315379852,0.088205757,23.18862312,0.654753194,0,SUCCESS,0,0.001507519,1.373401761,1.320067286,90,90,0.058893516,115935715.2,0.000134002,1.12E-06,0.000134002,3,60,16.66666667
dataset_batch_6_geo_batch6_471,dataset_batch_6_geo_batch6_471_sim_001,0.924441886,0.405402326,257.7984855,0.166362404,0.082555176,20.28734129,0.658478872,0,SUCCESS,0,0.003301339,1.546563625,1.428871632,90,90,0.088042832,90542847.72,0.002841486,0.002797194,0.002841486,3,60,16.66666667
dataset_batch_6_geo_batch6_472,dataset_batch_6_geo_batch6_472_sim_001,1.152441466,0.542867087,469.7034565,0.338480982,0.102450466,20.45109112,0.669855208,0,SUCCESS,0,0.000744144,1.172071099,1.126487851,90,90,0.032123736,120660916.1,0.001946301,0.001946301,0.001006994,2,60,16.66666667
dataset_batch_6_geo_batch6_473,dataset_batch_6_geo_batch6_473_sim_001,1.131152367,0.558764171,145.8635707,0.195012215,0.120566242,20.35290843,0.691129485,0,SUCCESS,0,0.001539799,1.126487851,1.082659483,90,90,0.026174896,117514649.4,0.006461239,0.006461239,0.003994509,2,60,16.66666667
dataset_batch_6_geo_batch6_474,dataset_batch_6_geo_batch6_474_sim_001,0.951294201,0.454840372,245.5487544,0.224669126,0.055937099,24.58343353,0.478860529,0,SUCCESS,0,0.000642434,1.172071099,1.082659483,18,13.5,0.019036288,111167558.7,0.003721148,0.003721148,0.001557392,2,60,16.66666667
dataset_batch_6_geo_batch6_475,dataset_batch_6_geo_batch6_475_sim_001,0.999473248,0.493496648,573.1884571,0.204853158,0.103620919,20.32926658,0.431640306,0,SUCCESS,0,0.000797959,1.082659483,1.082659483,90,90,0.028554432,110011709.3,0.001829868,0.001829868,0.000567111,2,60,16.66666667
dataset_batch_6_geo_batch6_476,dataset_batch_6_geo_batch6_476_sim_001,1.137927603,0.469454506,849.1642154,0.268711356,0.087480891,21.88260971,0.596346313,0,SUCCESS,0,0.000788608,1.268786311,1.172071099,90,90,0.049970256,121854942.5,0.001264261,0.001264261,0.000699071,2,60,16.66666667
dataset_batch_6_geo_batch6_477,dataset_batch_6_geo_batch6_477_sim_001,1.163198441,0.456793104,139.6308397,0.15044358,0.118451607,20.49400427,0.7724554,0,FAILED,1,,,,,,,,,,,0,60,16.66666667
dataset_batch_6_geo_batch6_478,dataset_batch_6_geo_batch6_478_sim_001,1.036480382,0.418628483,379.832001,0.185826335,0.07497077,23.14333594,0.678825389,0,SUCCESS,0,0.002629016,1.48656261,1.373401761,90,90,0.07138608,106804581.8,0.002310011,0.002310011,0.002128687,2,60,16.66666667
dataset_batch_6_geo_batch6_479,dataset_batch_6_geo_batch6_479_sim_001,0.990358639,0.448520604,647.9632366,0.167319928,0.075504495,25.984293,0.486447382,0,SUCCESS,0,0.000275604,1.172071099,1.082659483,18,11.25,0.019036288,117783687.5,0.001559892,0.001559892,0.000731263,2,60,16.66666667
dataset_batch_6_geo_batch6_480,dataset_batch_6_geo_batch6_480_sim_001,0.9531665,0.503292028,406.2612394,0.201597409,0.0433079,22.72271022,0.481415706,0,SUCCESS,0,0.000233177,1.126487851,1.040518522,90,8.999999046,0.019631172,108185018.9,0.002189714,0.002189714,0.000777687,2,60,16.66666667
dataset_batch_6_geo_batch6_481,dataset_batch_6_geo_batch6_481_sim_001,1.032760104,0.530950082,248.8945492,0.26669256,0.113020365,21.25462618,0.474200529,0,SUCCESS,0,0.000406701,1.040518522,1.040518522,90,6.750002384,0.010707912,117662568,0.004029968,0.004029968,0.001097157,2,60,16.66666667
dataset_batch_6_geo_batch6_482,dataset_batch_6_geo_batch6_482_sim_001,1.034187994,0.439393794,324.2668006,0.154306065,0.113448271,20.84509633,0.777039511,0,SUCCESS,0,0.003468336,1.48656261,1.428871632,90,90,0.071980964,100477962.1,0.002779101,0.002400228,0.002779101,3,60,16.66666667
dataset_batch_6_geo_batch6_483,dataset_batch_6_geo_batch6_483_sim_001,1.16762024,0.516066452,640.3330201,0.253432671,0.096441401,20.43867992,0.663224619,0,SUCCESS,0,0.001030902,1.219479561,1.172071099,90,90,0.049970256,119898969,0.001613716,0.001613716,0.000969607,2,60,16.66666667
dataset_batch_6_geo_batch6_484,dataset_batch_6_geo_batch6_484_sim_001,0.933599742,0.417325071,836.6389077,0.155519503,0.06775787,26.14648601,0.462981976,0,SUCCESS,0,0.000258018,1.219479561,1.082659483,20.24999809,11.25,0.024985128,111086787.1,0.001146446,0.001146446,0.000563981,2,60,16.66666667
dataset_batch_6_geo_batch6_485,dataset_batch_6_geo_batch6_485_sim_001,0.969227325,0.465006864,218.6008651,0.276237791,0.080057376,20.88987034,0.491433785,0,SUCCESS,0,0.000907788,1.126487851,1.082659483,90,90,0.027959548,106479242.2,0.004108246,0.004108246,0.001619556,2,60,16.66666667
dataset_batch_6_geo_batch6_486,dataset_batch_6_geo_batch6_486_sim_001,1.121816561,0.471789742,857.5005823,0.240208553,0.10607558,21.64939865,0.58726039,0,SUCCESS,0,0.000804211,1.219479561,1.126487851,90,90,0.04164188,122806426.4,0.001260948,0.001260948,0.000694726,2,60,16.66666667
dataset_batch_6_geo_batch6_487,dataset_batch_6_geo_batch6_487_sim_001,1.103445476,0.530072538,530.4636851,0.343775087,0.087638235,25.14467124,0.442600481,0,SUCCESS,0,4.41E-05,1.040518522,1,90,0,0.010707912,134815223.7,0.002124041,0.002124041,0.00042232,1,60,16.66666667
dataset_batch_6_geo_batch6_488,dataset_batch_6_geo_batch6_488_sim_001,1.144806633,0.522271866,767.118683,0.318128531,0.110866817,20.39049486,0.509412603,0,SUCCESS,0,0.000710201,1.082659483,1.082659483,90,90,0.027364664,126500389.7,0.00148645,0.00148645,0.000461976,2,60,16.66666667
dataset_batch_6_geo_batch6_489,dataset_batch_6_geo_batch6_489_sim_001,0.89769426,0.454408666,138.6336442,0.159986906,0.055109095,21.51789869,0.44165855,0,SUCCESS,0,0.001232253,1.219479561,1.172071099,90,90,0.03866746,98702714.74,0.006374459,0.006374459,0.002533512,2,60,16.66666667
dataset_batch_6_geo_batch6_490,dataset_batch_6_geo_batch6_490_sim_001,1.077897182,0.486017475,444.4446245,0.318019776,0.069515897,21.23760778,0.674814521,0,SUCCESS,0,0.001755603,1.320067286,1.268786311,90,90,0.051160024,109862788.3,0.001824356,0.001824356,0.001281231,2,60,16.66666667
dataset_batch_6_geo_batch6_491,dataset_batch_6_geo_batch6_491_sim_001,1.081890336,0.43379865,129.2757952,0.230477738,0.083811792,24.12849942,0.436178603,0,SUCCESS,0,0.002784768,1.172071099,1.126487851,90,90,0.03866746,126640408.8,0.009490357,0.009490357,0.003646176,2,60,16.66666667
dataset_batch_6_geo_batch6_492,dataset_batch_6_geo_batch6_492_sim_001,0.9432277,0.570777221,371.6218697,0.191407482,0.073431298,22.08252389,0.412815319,0,SUCCESS,0,0.000343934,1.040518522,1.040518522,15.74999905,11.25000381,0.009518144,102515198.3,0.002436292,0.002436292,0.000377049,2,60,16.66666667
dataset_batch_6_geo_batch6_493,dataset_batch_6_geo_batch6_493_sim_001,1.145041474,0.443159458,682.2080336,0.217808687,0.095077613,21.21797152,0.710532419,0,FAILED,1,,,,,,,,,,,0,60,16.66666667
dataset_batch_6_geo_batch6_494,dataset_batch_6_geo_batch6_494_sim_001,1.00053532,0.469477738,253.9321919,0.264792363,0.101773987,21.16437128,0.46887188,0,SUCCESS,0,0.000603162,1.082659483,1.040518522,90,90,0.02082094,113629312.3,0.00389134,0.00389134,0.001381001,2,60,16.66666667
dataset_batch_6_geo_batch6_495,dataset_batch_6_geo_batch6_495_sim_001,1.062830953,0.475984175,550.8120878,0.211700102,0.119144649,22.43870208,0.50905136,0,SUCCESS,0,0.000255839,1.126487851,1.040518522,90,90,0.019631172,123796656.5,0.001962232,0.001962232,0.000850337,2,60,16.66666667
dataset_batch_6_geo_batch6_496,dataset_batch_6_geo_batch6_496_sim_001,1.056845924,0.53953249,508.226576,0.164798328,0.124628744,21.26014867,0.791002623,0,SUCCESS,0,0.000743269,1.219479561,1.126487851,18,15.74999905,0.023200476,106757565.2,0.001397583,0.001397583,0.001382488,2,60,16.66666667
dataset_batch_6_geo_batch6_497,dataset_batch_6_geo_batch6_497_sim_001,1.096037447,0.550553606,626.9525966,0.287343448,0.06528607,25.6137777,0.406338954,0,SUCCESS,0,0.000511957,1.040518522,1.040518522,90,13.50000477,0.016061868,126374030.8,0.001895531,0.001895531,0.000337051,2,60,16.66666667
dataset_batch_6_geo_batch6_498,dataset_batch_6_geo_batch6_498_sim_001,0.912515927,0.441264256,680.3430039,0.152161197,0.092762649,20.52354761,0.414650371,0,SUCCESS,0,0.000405853,1.172071099,1.040518522,90,90,0.03569304,101266273.4,0.001406092,0.001406092,0.000537996,2,60,16.66666667
dataset_batch_6_geo_batch6_499,dataset_batch_6_geo_batch6_499_sim_001,0.951233642,0.518955244,538.952267,0.290598752,0.080582879,20.34542328,0.596323491,0,SUCCESS,0,0.000170323,1.082659483,1.040518522,13.5,6.75,0.011302796,100913485.3,0.001281194,0.001281194,0.000647807,2,60,16.66666667
dataset_batch_6_geo_batch6_500,dataset_batch_6_geo_batch6_500_sim_001,0.937079784,0.525466809,531.883306,0.153922138,0.118178351,20.76882134,0.487827348,0,SUCCESS,0,6.06E-19,1,1,0,0,0,104378966,0.001590305,0.001590305,0.000559742,1,60,16.66666667
dataset_batch_7_geo_batch7_0001,dataset_batch_7_geo_batch7_0001_sim_001,1.128110711,0.535644349,589.3906239,0.232206416,0.122084345,22.39600299,0.653150234,0,SUCCESS,0,0.000328822,1.126487851,1.040518522,90,8.999999046,0.016656752,126932295.7,0.001652405,0.001652405,0.000924724,2,60,16.66666667
dataset_batch_7_geo_batch7_0002,dataset_batch_7_geo_batch7_0002_sim_001,1.127893213,0.55303758,428.9182035,0.270859237,0.046367051,25.16181665,0.421053315,0,SUCCESS,0,0.001284188,1.082659483,1.082659483,90,90,0.027959548,127671749,0.002889511,0.002889511,0.000603692,2,60,16.66666667
dataset_batch_7_geo_batch7_0003,dataset_batch_7_geo_batch7_0003_sim_001,1.072549732,0.583010125,674.9674915,0.200108336,0.093255979,20.42729785,0.659195122,0,SUCCESS,0,0.000112657,1.082659483,1,90,2.249999762,0.013087448,114478110.6,0.001255503,0.001255503,0.000665656,2,60,16.66666667
dataset_batch_7_geo_batch7_0004,dataset_batch_7_geo_batch7_0004_sim_001,1.104100122,0.586605978,760.1340848,0.279860667,0.078313106,21.85439486,0.734355054,0,SUCCESS,0,0.000288273,1.126487851,1.040518522,15.75,8.999999046,0.0148721,115563770,0.001001795,0.001001795,0.000644788,2,60,16.66666667
dataset_batch_7_geo_batch7_0005,dataset_batch_7_geo_batch7_0005_sim_001,1.161921707,0.591159843,765.6487347,0.193463288,0.071143611,24.08171634,0.685435651,0,SUCCESS,0,0.000201106,1.082659483,1.040518522,13.5,6.75,0.011302796,128058796.3,0.001286389,0.001286389,0.000699856,2,60,16.66666667
dataset_batch_7_geo_batch7_0006,dataset_batch_7_geo_batch7_0006_sim_001,1.124716994,0.63689585,244.129496,0.283189195,0.061887499,20.8438572,0.667986194,0,SUCCESS,0,4.22E-05,1.040518522,1,4.5,0,0.003569304,120189636.8,0.003506392,0.003506392,0.001386258,1,60,16.66666667
dataset_batch_7_geo_batch7_0007,dataset_batch_7_geo_batch7_0007_sim_001,1.100364728,0.576805239,724.1963315,0.323498732,0.103888323,20.84251299,0.547727944,0,SUCCESS,0,9.26E-05,1.040518522,1,9.000002861,0,0.00594884,123845855,0.001345657,0.001345657,0.000370357,1,60,16.66666667
dataset_batch_7_geo_batch7_0008,dataset_batch_7_geo_batch7_0008_sim_001,1.14903281,0.511491041,913.1924791,0.276893628,0.11976053,22.54248622,0.506692041,0,SUCCESS,0,0.000219552,1.082659483,1.040518522,90,9.000002861,0.017251636,132997356.7,0.001295188,0.001295188,0.000443623,2,60,16.66666667
dataset_batch_7_geo_batch7_0009,dataset_batch_7_geo_batch7_0009_sim_001,1.150982616,0.617963776,582.0330141,0.2227791,0.052480679,26.49068013,0.501866233,0,SUCCESS,0,6.13E-19,1,1,0,0,0,135292277.2,0.001981572,0.001981572,0.000464714,1,60,16.66666667
dataset_batch_7_geo_batch7_0010,dataset_batch_7_geo_batch7_0010_sim_001,0.818402188,0.485657061,261.9575494,0.1607249,0.058446325,20.60988173,0.55314226,0,SUCCESS,0,0.000378551,1.172071099,1.082659483,18,13.5,0.02082094,82400408.05,0.002183631,0.002183631,0.001306139,2,60,16.66666667
dataset_batch_7_geo_batch7_0011,dataset_batch_7_geo_batch7_0011_sim_001,0.84763237,0.478603433,170.921482,0.215895416,0.086030635,20.6803569,0.413101346,0,SUCCESS,0,0.000139471,1.040518522,1,11.25,4.499999523,0.007138608,95857849.52,0.004578196,0.004578196,0.001197677,2,60,16.66666667
dataset_batch_7_geo_batch7_0012,dataset_batch_7_geo_batch7_0012_sim_001,1.031384572,0.587864825,773.7872968,0.155118775,0.086716973,20.28945839,0.770558999,0,SUCCESS,0,0.000261147,1.126487851,1.082659483,18,11.25,0.017251636,100926347.7,0.000844634,0.000844634,0.00073155,2,60,16.66666667
dataset_batch_7_geo_batch7_0013,dataset_batch_7_geo_batch7_0013_sim_001,1.130809396,0.598226252,838.0071608,0.177081382,0.078178432,21.28367957,0.519022575,0,SUCCESS,0,0.000577645,1.082659483,1.082659483,90,18,0.02379536,120379503.6,0.001348808,0.001348808,0.000417398,2,60,16.66666667
dataset_batch_7_geo_batch7_0014,dataset_batch_7_geo_batch7_0014_sim_001,1.144275045,0.472680025,661.7905772,0.209523826,0.125942129,26.2714597,0.513680213,0,SUCCESS,0,0.000268919,1.126487851,1.040518522,13.5,8.999999046,0.012492564,141333212.7,0.001863715,0.001863715,0.00081529,2,60,16.66666667
dataset_batch_7_geo_batch7_0015,dataset_batch_7_geo_batch7_0015_sim_001,1.032120988,0.56563326,474.2655357,0.166685066,0.042697716,22.34912047,0.580501986,0,SUCCESS,0,0.000149613,1.082659483,1,90,4.499999523,0.013087448,113157040.5,0.001875279,0.001875279,0.000818646,2,60,16.66666667
dataset_batch_7_geo_batch7_0016,dataset_batch_7_geo_batch7_0016_sim_001,1.146937221,0.538267692,131.9137107,0.189982699,0.111851748,23.19559429,0.488036297,0,SUCCESS,0,0.001978986,1.082659483,1.040518522,90,90,0.019036288,131105477.8,0.00935484,0.00935484,0.003186023,2,60,16.66666667
dataset_batch_7_geo_batch7_0017,dataset_batch_7_geo_batch7_0017_sim_001,1.152168039,0.599179117,683.3445148,0.203448064,0.054712707,26.28066101,0.724145411,0,SUCCESS,0,0.000234243,1.082659483,1.040518522,13.5,6.75,0.011302796,123721616.3,0.001329003,0.001329003,0.000802863,2,60,16.66666667
dataset_batch_7_geo_batch7_0018,dataset_batch_7_geo_batch7_0018_sim_001,1.02713227,0.555462123,545.3129105,0.256834534,0.115885589,20.4287249,0.698109633,0,SUCCESS,0,0.000212513,1.082659483,1.040518522,13.5,6.75,0.010707912,106113629.8,0.001284169,0.001284169,0.000865465,2,60,16.66666667
dataset_batch_7_geo_batch7_0019,dataset_batch_7_geo_batch7_0019_sim_001,1.085587147,0.468949039,287.932072,0.23573472,0.091563311,26.3953863,0.459409557,0,SUCCESS,0,0.000448386,1.082659483,1.040518522,15.75,8.999999046,0.012492564,134578752.6,0.004081787,0.004081787,0.001468526,2,60,16.66666667
dataset_batch_7_geo_batch7_0020,dataset_batch_7_geo_batch7_0020_sim_001,1.054719021,0.576012481,323.7155692,0.190268559,0.059400326,22.02040825,0.509455095,0,SUCCESS,0,0.000697601,1.040518522,1.040518522,90,13.50000477,0.016656752,113499651,0.003097343,0.003097343,0.000939418,2,60,16.66666667
dataset_batch_7_geo_batch7_0021,dataset_batch_7_geo_batch7_0021_sim_001,0.705544483,0.404241485,246.4987773,0.305552696,0.118340378,20.42622056,0.567109945,0,SUCCESS,0,0.000519248,1.172071099,1.082659483,20.24999809,15.74999905,0.022605592,66624738.45,0.001488816,0.001363901,0.001488816,3,60,16.66666667
dataset_batch_7_geo_batch7_0022,dataset_batch_7_geo_batch7_0022_sim_001,1.15314127,0.607086754,193.0346447,0.340307315,0.047706058,24.64301668,0.468999823,0,SUCCESS,0,0.002195229,1.082659483,1.040518522,90,20.25,0.023200476,128303486.7,0.006007171,0.006007171,0.001007885,2,60,16.66666667
dataset_batch_7_geo_batch7_0023,dataset_batch_7_geo_batch7_0023_sim_001,1.078425346,0.54018231,730.735793,0.347621625,0.092355106,20.96512274,0.458693085,0,SUCCESS,0,0.000685067,1.082659483,1.082659483,90,18,0.02379536,118573002.4,0.001451059,0.001451059,0.000293121,2,60,16.66666667
dataset_batch_7_geo_batch7_0024,dataset_batch_7_geo_batch7_0024_sim_001,1.100882206,0.557690775,986.9501562,0.252616516,0.048526659,24.80369646,0.458408185,0,SUCCESS,0,0.000282599,1.040518522,1.040518522,90,13.50000477,0.01784652,123883778,0.001157324,0.001157324,0.000277531,2,60,16.66666667
dataset_batch_7_geo_batch7_0025,dataset_batch_7_geo_batch7_0025_sim_001,1.115067299,0.626961098,632.6478139,0.340131752,0.107439887,20.74087672,0.784540325,0,SUCCESS,0,0.000141012,1.082659483,1,11.25,2.249999762,0.008328376,112355881.9,0.001027993,0.001027993,0.000685979,2,60,16.66666667
dataset_batch_7_geo_batch7_0026,dataset_batch_7_geo_batch7_0026_sim_001,1.127671584,0.606396966,664.998647,0.27560102,0.098131472,21.1917724,0.748948349,0,SUCCESS,0,0.00021922,1.082659483,1.040518522,13.5,6.75,0.010707912,117691689.9,0.001171557,0.001171557,0.000735017,2,60,16.66666667
dataset_batch_7_geo_batch7_0027,dataset_batch_7_geo_batch7_0027_sim_001,1.086741288,0.541130816,446.7324481,0.344595135,0.066369433,22.86174688,0.486725877,0,SUCCESS,0,0.000521721,1.040518522,1.040518522,90,13.50000477,0.01784652,121517747.2,0.002316021,0.002316021,0.000540017,2,60,16.66666667
dataset_batch_7_geo_batch7_0028,dataset_batch_7_geo_batch7_0028_sim_001,1.045815285,0.428918531,773.0871836,0.27470578,0.124424895,24.51722715,0.420691247,0,SUCCESS,0,0.000163908,1.082659483,1.040518522,15.75,6.75,0.012492564,132142395.7,0.00148687,0.00148687,0.000502239,2,60,16.66666667
dataset_batch_7_geo_batch7_0029,dataset_batch_7_geo_batch7_0029_sim_001,1.081146305,0.51212816,939.3205885,0.189298043,0.100143778,21.38414007,0.552438726,0,SUCCESS,0,0.000246,1.126487851,1.040518522,90,90,0.025580012,118506467.1,0.00111882,0.00111882,0.000515609,2,60,16.66666667
dataset_batch_7_geo_batch7_0030,dataset_batch_7_geo_batch7_0030_sim_001,1.067096147,0.50058101,222.5987036,0.251233953,0.112952096,25.11042566,0.512374032,0,SUCCESS,0,0.000130268,1.040518522,1,9,2.249999762,0.00594884,126637470.5,0.004695788,0.004695788,0.001776931,2,60,16.66666667
dataset_batch_7_geo_batch7_0031,dataset_batch_7_geo_batch7_0031_sim_001,1.098156107,0.53575636,759.8180841,0.180394973,0.087594554,24.3409815,0.434557015,0,SUCCESS,0,0.000384093,1.082659483,1.040518522,90,13.50000477,0.019631172,125524895.3,0.001591356,0.001591356,0.000452311,2,60,16.66666667
dataset_batch_7_geo_batch7_0032,dataset_batch_7_geo_batch7_0032_sim_001,1.039864012,0.513332683,137.8207319,0.30547521,0.073116669,23.24212408,0.46228412,0,SUCCESS,0,0.000894698,1.082659483,1.040518522,90,90,0.016656752,119545523.5,0.007404061,0.007404061,0.001917931,2,60,16.66666667
dataset_batch_7_geo_batch7_0033,dataset_batch_7_geo_batch7_0033_sim_001,1.147557984,0.569742715,375.8012587,0.277674108,0.076884219,24.17304156,0.645272072,0,SUCCESS,0,0.000347385,1.082659483,1.040518522,11.25,6.75,0.009518144,129058711.5,0.00257556,0.00257556,0.001191538,2,60,16.66666667
dataset_batch_7_geo_batch7_0034,dataset_batch_7_geo_batch7_0034_sim_001,1.103177366,0.612690055,684.5989909,0.244733492,0.11453359,20.71310393,0.751858804,0,SUCCESS,0,0.000100669,1.082659483,1,11.25,0,0.007733492,112976933.4,0.001091946,0.001091946,0.000713637,1,60,16.66666667
dataset_batch_7_geo_batch7_0035,dataset_batch_7_geo_batch7_0035_sim_001,1.122847288,0.53543989,429.4803747,0.168075437,0.118428475,24.33088371,0.606162559,0,SUCCESS,0,0.000237068,1.082659483,1.040518522,11.25,6.75,0.009518144,128928804.4,0.002464011,0.002464011,0.001264267,2,60,16.66666667
dataset_batch_7_geo_batch7_0036,dataset_batch_7_geo_batch7_0036_sim_001,1.124572281,0.555766288,155.2180168,0.310351922,0.080768194,23.5749063,0.594786152,0,SUCCESS,0,0.000460926,1.082659483,1.040518522,11.25,8.999999046,0.008328376,128768773.5,0.006281225,0.006281225,0.002407124,2,60,16.66666667
dataset_batch_7_geo_batch7_0037,dataset_batch_7_geo_batch7_0037_sim_001,1.131728335,0.592290118,668.3422614,0.212009261,0.082058673,22.76776443,0.728396348,0,SUCCESS,0,0.000278052,1.126487851,1.040518522,13.5,8.999999046,0.012492564,120340885.4,0.001291726,0.001291726,0.000815513,2,60,16.66666667
dataset_batch_7_geo_batch7_0038,dataset_batch_7_geo_batch7_0038_sim_001,1.162176851,0.556308749,399.9661315,0.193629279,0.121704625,23.14410622,0.490253191,0,SUCCESS,0,0.000612509,1.040518522,1.040518522,90,13.50000477,0.016656752,132952621,0.003114231,0.003114231,0.000998236,2,60,16.66666667
dataset_batch_7_geo_batch7_0039,dataset_batch_7_geo_batch7_0039_sim_001,1.0919362,0.487129987,375.9794524,0.200285745,0.120170692,24.33032126,0.558865134,0,SUCCESS,0,0.000450886,1.126487851,1.082659483,13.5,9,0.013087448,128962316.2,0.002856828,0.002856828,0.001413283,2,60,16.66666667
dataset_batch_7_geo_batch7_0040,dataset_batch_7_geo_batch7_0040_sim_001,0.995735145,0.474082914,185.3578499,0.19632156,0.101134105,24.2059648,0.427501894,0,SUCCESS,0,0.000337072,1.082659483,1.040518522,13.5,8.999999046,0.010707912,120707603.4,0.005707844,0.005707844,0.001879383,2,60,16.66666667
dataset_batch_7_geo_batch7_0041,dataset_batch_7_geo_batch7_0041_sim_001,1.152946486,0.573577557,473.3018484,0.284359735,0.12519302,22.19264177,0.68673718,0,SUCCESS,0,0.000239591,1.082659483,1.040518522,11.25,6.75,0.00892326,127388267.1,0.00193827,0.00193827,0.001021787,2,60,16.66666667
dataset_batch_7_geo_batch7_0042,dataset_batch_7_geo_batch7_0042_sim_001,1.086430384,0.482126849,806.6809979,0.304398668,0.101197719,24.98039558,0.529979753,0,SUCCESS,0,0.000186642,1.082659483,1.040518522,13.5,6.75,0.011302796,129941630.4,0.001279118,0.001279118,0.000508103,2,60,16.66666667
dataset_batch_7_geo_batch7_0043,dataset_batch_7_geo_batch7_0043_sim_001,1.141047884,0.51714731,187.7012335,0.339616729,0.090645142,25.18388015,0.404094206,0,SUCCESS,0,0.002001791,1.082659483,1.082659483,90,90,0.02082094,131366091.9,0.006706442,0.006706442,0.001268651,2,60,16.66666667
dataset_batch_7_geo_batch7_0044,dataset_batch_7_geo_batch7_0044_sim_001,1.147145582,0.602662892,234.1187672,0.194465449,0.057630368,26.682448,0.427642321,0,SUCCESS,0,0.00129538,1.082659483,1.040518522,20.25,18,0.013682332,130432947.8,0.005374284,0.005374284,0.001078134,2,60,16.66666667
dataset_batch_7_geo_batch7_0045,dataset_batch_7_geo_batch7_0045_sim_001,0.974091994,0.549163741,272.5436738,0.28612953,0.04282018,20.95149971,0.665393888,0,SUCCESS,0,0.000691625,1.172071099,1.082659483,18,13.5,0.019036288,99236595.11,0.002305923,0.002305923,0.001442515,2,60,16.66666667
dataset_batch_7_geo_batch7_0046,dataset_batch_7_geo_batch7_0046_sim_001,1.042734734,0.556193352,924.7867751,0.22323206,0.047601926,21.9548666,0.639223843,0,SUCCESS,0,0.00018734,1.126487851,1.040518522,90,6.75,0.02082094,111041898.5,0.000888917,0.000888917,0.000475969,2,60,16.66666667
dataset_batch_7_geo_batch7_0047,dataset_batch_7_geo_batch7_0047_sim_001,1.151740284,0.551830785,565.4863291,0.331371041,0.114891574,22.38016105,0.451491897,0,SUCCESS,0,0.000793055,1.082659483,1.040518522,90,18,0.021415824,130938591.5,0.002129604,0.002129604,0.000430029,2,60,16.66666667
dataset_batch_7_geo_batch7_0048,dataset_batch_7_geo_batch7_0048_sim_001,0.963880287,0.458492185,687.7344677,0.204133094,0.081413459,26.58653735,0.407682872,0,SUCCESS,0,9.51E-05,1.082659483,1,13.5,0,0.010707912,117222560.9,0.001496397,0.001496397,0.00047454,1,60,16.66666667
dataset_batch_7_geo_batch7_0049,dataset_batch_7_geo_batch7_0049_sim_001,1.064159236,0.576498384,498.6394723,0.161396897,0.074589905,23.69794066,0.427417642,0,SUCCESS,0,0.000652388,1.082659483,1.040518522,90,18,0.019036288,117707454.1,0.002255918,0.002255918,0.000512001,2,60,16.66666667
dataset_batch_7_geo_batch7_0050,dataset_batch_7_geo_batch7_0050_sim_001,0.785399891,0.464618762,878.356913,0.25985871,0.058561922,20.74852612,0.407358411,0,SUCCESS,0,4.68E-05,1.082659483,1,15.74999905,0,0.01189768,86257979.12,0.000762765,0.000762765,0.000179553,1,60,16.66666667
dataset_batch_7_geo_batch7_0051,dataset_batch_7_geo_batch7_0051_sim_001,1.073385095,0.588286576,348.9694935,0.161224322,0.053855719,22.50162529,0.703982437,0,SUCCESS,0,0.000474628,1.126487851,1.082659483,15.75,11.25,0.015466984,111945243.5,0.002321376,0.002321376,0.00148242,2,60,16.66666667
dataset_batch_7_geo_batch7_0052,dataset_batch_7_geo_batch7_0052_sim_001,1.123029804,0.596371038,215.875597,0.216456791,0.11204513,21.11636277,0.713286707,0,SUCCESS,0,0.000449,1.082659483,1.040518522,11.25,8.999999046,0.00892326,119491370.5,0.003984976,0.003984976,0.002361613,2,60,16.66666667
dataset_batch_7_geo_batch7_0053,dataset_batch_7_geo_batch7_0053_sim_001,1.044722038,0.540768745,875.360753,0.227119345,0.044502636,23.10241145,0.483484568,0,SUCCESS,0,0.000299066,1.082659483,1.040518522,90,13.50000477,0.021415824,114409982.2,0.001173767,0.001173767,0.000350309,2,60,16.66666667
dataset_batch_7_geo_batch7_0054,dataset_batch_7_geo_batch7_0054_sim_001,1.12227448,0.609022276,964.8645733,0.315094752,0.113101158,21.61695734,0.774163109,0,SUCCESS,0,0.000123539,1.082659483,1,11.25,2.249999762,0.009518144,115166564.7,0.000730494,0.000730494,0.000494813,2,60,16.66666667
dataset_batch_7_geo_batch7_0055,dataset_batch_7_geo_batch7_0055_sim_001,1.052915932,0.526609954,690.8562543,0.209056433,0.091008481,20.50136541,0.503417046,0,SUCCESS,0,0.000477829,1.082659483,1.040518522,90,90,0.024985128,114195522.2,0.001500986,0.001500986,0.000538055,2,60,16.66666667
dataset_batch_7_geo_batch7_0056,dataset_batch_7_geo_batch7_0056_sim_001,1.16269372,0.574201994,385.3892271,0.214907385,0.060078895,25.63804899,0.488007412,0,SUCCESS,0,0.000510699,1.040518522,1.040518522,90,90,0.016656752,133170023.7,0.003184443,0.003184443,0.000902297,2,60,16.66666667
dataset_batch_7_geo_batch7_0057,dataset_batch_7_geo_batch7_0057_sim_001,1.165345844,0.573995093,894.7435877,0.296339459,0.077866582,24.13684608,0.637381064,0,SUCCESS,0,0.000131506,1.082659483,1,11.25,2.249999762,0.00892326,132334617.8,0.001111227,0.001111227,0.000476008,2,60,16.66666667
dataset_batch_7_geo_batch7_0058,dataset_batch_7_geo_batch7_0058_sim_001,1.168828143,0.6073737,724.294725,0.247585005,0.049172363,25.56690564,0.692543047,0,SUCCESS,0,0.000165283,1.082659483,1,11.25,4.499999523,0.00892326,127954203.2,0.001305856,0.001305856,0.000654047,2,60,16.66666667
dataset_batch_7_geo_batch7_0059,dataset_batch_7_geo_batch7_0059_sim_001,1.054518389,0.55669171,197.5782947,0.298424688,0.046991257,23.60233917,0.628061364,0,SUCCESS,0,0.000610088,1.082659483,1.040518522,13.5,9,0.011302796,114778547,0.004112239,0.004112239,0.001904962,2,60,16.66666667
dataset_batch_7_geo_batch7_0060,dataset_batch_7_geo_batch7_0060_sim_001,1.108556479,0.522291902,189.782351,0.295612777,0.112442111,21.60046421,0.63126461,0,SUCCESS,0,0.001194628,1.126487851,1.082659483,90,90,0.023200476,121967571.4,0.004875829,0.004875829,0.002508056,2,60,16.66666667
dataset_batch_7_geo_batch7_0061,dataset_batch_7_geo_batch7_0061_sim_001,1.153873892,0.582280089,206.0914808,0.192539195,0.054130008,25.98076979,0.545561333,0,SUCCESS,0,0.000170732,1.040518522,1,9,4.499999523,0.00594884,135207079.9,0.005546895,0.005546895,0.001933264,2,60,16.66666667
dataset_batch_7_geo_batch7_0062,dataset_batch_7_geo_batch7_0062_sim_001,1.029310147,0.553231438,395.6457716,0.308776773,0.078226351,20.20154851,0.609976716,0,SUCCESS,0,0.00019094,1.082659483,1.040518522,90,4.499999523,0.013087448,111160384.7,0.001985777,0.001985777,0.000858478,2,60,16.66666667
dataset_batch_7_geo_batch7_0063,dataset_batch_7_geo_batch7_0063_sim_001,1.077854156,0.513741353,254.182778,0.194584357,0.056488335,26.75432573,0.479440457,0,SUCCESS,0,0.0003692,1.082659483,1.040518522,13.5,8.999999046,0.010707912,129672517.2,0.004428776,0.004428776,0.001550375,2,60,16.66666667
dataset_batch_7_geo_batch7_0064,dataset_batch_7_geo_batch7_0064_sim_001,1.143448016,0.545401004,631.1130823,0.173947777,0.102307748,23.07219491,0.535072491,0,SUCCESS,0,0.000235406,1.082659483,1.040518522,90,90,0.017251636,130453332,0.00185675,0.00185675,0.000734981,2,60,16.66666667
dataset_batch_7_geo_batch7_0065,dataset_batch_7_geo_batch7_0065_sim_001,1.051860773,0.52484839,819.4618454,0.241559914,0.045126741,23.72261067,0.545897157,0,SUCCESS,0,0.0001613,1.126487851,1.040518522,90,6.75,0.015466984,120727032.5,0.001177981,0.001177981,0.000472264,2,60,16.66666667
dataset_batch_7_geo_batch7_0066,dataset_batch_7_geo_batch7_0066_sim_001,1.052938988,0.63169307,124.7541757,0.320571164,0.056107357,20.7897039,0.77772811,0,SUCCESS,0,0.000996936,1.082659483,1.082659483,13.5,11.25,0.010707912,101831090,0.004505834,0.004505834,0.003210777,2,60,16.66666667
dataset_batch_7_geo_batch7_0067,dataset_batch_7_geo_batch7_0067_sim_001,1.053508536,0.616903187,173.1409857,0.160670025,0.085677552,20.33463385,0.786024356,0,SUCCESS,0,0.000811446,1.126487851,1.082659483,15.75,11.25,0.013682332,102256701.5,0.00377393,0.00377393,0.003121612,2,60,16.66666667
dataset_batch_7_geo_batch7_0068,dataset_batch_7_geo_batch7_0068_sim_001,1.043491741,0.589000205,857.9433565,0.176756311,0.05779222,20.82220285,0.472470161,0,SUCCESS,0,0.000640128,1.126487851,1.082659483,90,20.25,0.029149316,108245375,0.001195121,0.001195121,0.000298676,2,60,16.66666667
dataset_batch_7_geo_batch7_0069,dataset_batch_7_geo_batch7_0069_sim_001,1.056973373,0.552772863,538.8814497,0.299533635,0.045173988,22.1768948,0.562585065,0,SUCCESS,0,0.000141033,1.082659483,1,90,4.499999523,0.0148721,117452547.1,0.001676965,0.001676965,0.000584412,2,60,16.66666667
dataset_batch_7_geo_batch7_0070,dataset_batch_7_geo_batch7_0070_sim_001,1.049373178,0.538475638,253.6020392,0.270646265,0.12046783,20.65452583,0.502168518,0,SUCCESS,0,0.000302238,1.040518522,1.040518522,90,6.750002384,0.008328376,119535708.6,0.00391074,0.00391074,0.001164114,2,60,16.66666667
dataset_batch_7_geo_batch7_0071,dataset_batch_7_geo_batch7_0071_sim_001,1.143360558,0.623103713,982.8010771,0.150699957,0.046997289,24.55688281,0.441793155,0,SUCCESS,0,0.000590765,1.126487851,1.082659483,90,22.50000191,0.02676978,123996883.1,0.001255164,0.001255164,0.000272327,2,60,16.66666667
dataset_batch_7_geo_batch7_0072,dataset_batch_7_geo_batch7_0072_sim_001,1.107827905,0.581090043,174.9104287,0.298175352,0.114215414,20.80867204,0.713075856,0,SUCCESS,0,0.000746522,1.082659483,1.040518522,13.5,9,0.010707912,117717415.4,0.004494396,0.004494396,0.00263645,2,60,16.66666667
dataset_batch_7_geo_batch7_0073,dataset_batch_7_geo_batch7_0073_sim_001,1.071653873,0.604620792,595.5278785,0.182338938,0.045724062,21.3137554,0.586716027,0,SUCCESS,0,0.000192911,1.040518522,1,90,6.750002384,0.014277216,113218806.1,0.001551166,0.001551166,0.000581914,2,60,16.66666667
dataset_batch_7_geo_batch7_0074,dataset_batch_7_geo_batch7_0074_sim_001,1.066936321,0.465561701,954.8417123,0.281152924,0.069713041,25.26607016,0.451622229,0,SUCCESS,0,0.000182296,1.126487851,1.040518522,90,6.75,0.019036288,131215897.3,0.001176885,0.001176885,0.000385164,2,60,16.66666667
dataset_batch_7_geo_batch7_0075,dataset_batch_7_geo_batch7_0075_sim_001,1.094453274,0.607303025,536.6713062,0.181867063,0.049072227,24.32038564,0.441691618,0,SUCCESS,0,0.000741239,1.082659483,1.040518522,90,20.25,0.018441404,119615159.3,0.002126147,0.002126147,0.000426244,2,60,16.66666667
dataset_batch_7_geo_batch7_0076,dataset_batch_7_geo_batch7_0076_sim_001,1.120793151,0.518114075,825.1671195,0.250189896,0.09558568,24.90862346,0.413484832,0,SUCCESS,0,0.000410632,1.040518522,1.040518522,90,13.50000477,0.01784652,130967595.1,0.001530039,0.001530039,0.00038132,2,60,16.66666667
dataset_batch_7_geo_batch7_0077,dataset_batch_7_geo_batch7_0077_sim_001,1.04534478,0.558677054,869.2282998,0.191407279,0.063042911,20.99149055,0.593297366,0,SUCCESS,0,0.000130027,1.082659483,1,90,90,0.019631172,110980888.4,0.00103157,0.00103157,0.000472602,2,60,16.66666667
dataset_batch_7_geo_batch7_0078,dataset_batch_7_geo_batch7_0078_sim_001,1.040498712,0.56344899,132.9140694,0.247950923,0.042929478,22.11702867,0.575536068,0,SUCCESS,0,0.000462432,1.082659483,1.040518522,11.25,8.999999046,0.00892326,115030615.7,0.006614968,0.006614968,0.002541953,2,60,16.66666667
dataset_batch_7_geo_batch7_0079,dataset_batch_7_geo_batch7_0079_sim_001,0.791155773,0.506708231,123.9506142,0.314132783,0.048990856,20.23735052,0.623318359,0,SUCCESS,0,0.000782401,1.126487851,1.082659483,18,13.5,0.017251636,72543846.54,0.0029234,0.0029234,0.002388681,2,60,16.66666667
dataset_batch_7_geo_batch7_0080,dataset_batch_7_geo_batch7_0080_sim_001,1.167292793,0.600938495,421.202716,0.209625551,0.058209474,25.61411265,0.614766615,0,SUCCESS,0,5.95E-05,1.040518522,1,6.75,0,0.004759072,132516132.4,0.002527838,0.002527838,0.001026096,1,60,16.66666667
dataset_batch_7_geo_batch7_0081,dataset_batch_7_geo_batch7_0081_sim_001,1.03663236,0.500604164,758.9783811,0.235552756,0.099060194,21.59737623,0.522255849,0,SUCCESS,0,0.000128348,1.082659483,1,90,90,0.017251636,118146630.7,0.001298059,0.001298059,0.000526262,2,60,16.66666667
dataset_batch_7_geo_batch7_0082,dataset_batch_7_geo_batch7_0082_sim_001,1.031841527,0.498291285,819.3402756,0.302612777,0.063042605,23.17431057,0.447421329,0,SUCCESS,0,0.000314152,1.082659483,1.040518522,90,90,0.021415824,116392863.2,0.001264341,0.001264341,0.000333673,2,60,16.66666667
dataset_batch_7_geo_batch7_0083,dataset_batch_7_geo_batch7_0083_sim_001,0.965720186,0.544006804,472.7645226,0.192582882,0.071855282,20.65188798,0.493683874,0,SUCCESS,0,0.00018899,1.040518522,1,90,4.500001431,0.013087448,104858920.7,0.00184363,0.00184363,0.000576467,2,60,16.66666667
dataset_batch_7_geo_batch7_0084,dataset_batch_7_geo_batch7_0084_sim_001,0.994167247,0.522611103,373.9410431,0.166347279,0.056294846,22.25480627,0.49601064,0,SUCCESS,0,0.000316525,1.082659483,1.040518522,90,90,0.02082094,109598042.7,0.002537259,0.002537259,0.000942491,2,60,16.66666667
dataset_batch_7_geo_batch7_0085,dataset_batch_7_geo_batch7_0085_sim_001,1.124441161,0.608177162,356.6083,0.184418215,0.088233953,21.85362063,0.688121936,0,SUCCESS,0,0.000172488,1.082659483,1,11.25,4.499999523,0.008328376,120543222.2,0.002528171,0.002528171,0.001358902,2,60,16.66666667
dataset_batch_7_geo_batch7_0086,dataset_batch_7_geo_batch7_0086_sim_001,1.073774701,0.504280234,354.2068003,0.255159486,0.047487817,27.63644942,0.42957257,0,SUCCESS,0,0.000343899,1.082659483,1.040518522,13.5,6.75,0.010707912,132352086.8,0.003267232,0.003267232,0.000873478,2,60,16.66666667
dataset_batch_7_geo_batch7_0087,dataset_batch_7_geo_batch7_0087_sim_001,1.09858484,0.489133587,113.8301411,0.229482813,0.085580926,25.92125427,0.468972189,0,SUCCESS,0,0.001037565,1.082659483,1.082659483,13.5,11.25,0.011302796,135166891.8,0.010351216,0.010351216,0.003623829,2,60,16.66666667
dataset_batch_7_geo_batch7_0088,dataset_batch_7_geo_batch7_0088_sim_001,0.768930777,0.477569179,367.148476,0.242904772,0.053807321,20.60941569,0.420432813,0,SUCCESS,0,7.39E-05,1.082659483,1,13.5,0,0.010707912,81976307.04,0.001685695,0.001685695,0.000396303,1,60,16.66666667
dataset_batch_7_geo_batch7_0089,dataset_batch_7_geo_batch7_0089_sim_001,1.062096066,0.538403697,224.9642875,0.15122121,0.108156329,20.77490079,0.572244334,0,SUCCESS,0,0.000450227,1.082659483,1.040518522,90,90,0.019036288,116628649.8,0.004377184,0.004377184,0.002075211,2,60,16.66666667
dataset_batch_7_geo_batch7_0090,dataset_batch_7_geo_batch7_0090_sim_001,1.10044067,0.528617626,140.1667838,0.23372018,0.090536497,24.6093878,0.459514488,0,SUCCESS,0,0.000696325,1.040518522,1.040518522,90,90,0.014277216,130421667.9,0.008314403,0.008314403,0.002387942,2,60,16.66666667
dataset_batch_7_geo_batch7_0091,dataset_batch_7_geo_batch7_0091_sim_001,1.085771971,0.626809309,564.2700446,0.188353193,0.059624664,21.16174704,0.768195661,0,SUCCESS,0,0.000260581,1.126487851,1.040518522,15.74999905,8.999999046,0.013087448,108287793.3,0.00126921,0.00126921,0.000901219,2,60,16.66666667
dataset_batch_7_geo_batch7_0092,dataset_batch_7_geo_batch7_0092_sim_001,0.97395723,0.465109097,559.3478711,0.157089459,0.108595162,21.76914242,0.504852093,0,SUCCESS,0,0.000237003,1.126487851,1.040518522,90,8.999999046,0.020226056,112765275.1,0.00169453,0.00169453,0.000815456,2,60,16.66666667
dataset_batch_7_geo_batch7_0093,dataset_batch_7_geo_batch7_0093_sim_001,0.95769477,0.487825592,578.7288485,0.185346857,0.065786499,23.90409944,0.416556278,0,SUCCESS,0,0.000125863,1.082659483,1,90,90,0.018441404,111733328.4,0.001714044,0.001714044,0.00050735,2,60,16.66666667
dataset_batch_7_geo_batch7_0094,dataset_batch_7_geo_batch7_0094_sim_001,1.027348807,0.58206155,487.1606789,0.176998734,0.054624674,20.81866692,0.567888335,0,SUCCESS,0,0.000126602,1.040518522,1,90,2.250000715,0.013087448,110188932.2,0.001803634,0.001803634,0.00068901,2,60,16.66666667
dataset_batch_7_geo_batch7_0095,dataset_batch_7_geo_batch7_0095_sim_001,1.085829735,0.541350081,843.6488949,0.260901473,0.092131884,21.37689104,0.487132617,0,SUCCESS,0,0.000423617,1.082659483,1.040518522,90,15.74999905,0.022010708,119561758.6,0.001286447,0.001286447,0.000370978,2,60,16.66666667
dataset_batch_7_geo_batch7_0096,dataset_batch_7_geo_batch7_0096_sim_001,1.148938523,0.596168863,684.6231685,0.325914164,0.060168552,23.18984799,0.676137786,0,SUCCESS,0,0.000215451,1.082659483,1.040518522,11.25,6.75,0.009518144,126082157.6,0.001284463,0.001284463,0.000576203,2,60,16.66666667
dataset_batch_7_geo_batch7_0097,dataset_batch_7_geo_batch7_0097_sim_001,1.145397752,0.636111586,304.3629865,0.342145727,0.111504434,20.59123745,0.714274419,0,SUCCESS,0,3.18E-06,1.040518522,1,2.249999762,0,0.001784652,121110323.8,0.002604761,0.002604761,0.001162148,1,60,16.66666667
dataset_batch_7_geo_batch7_0098,dataset_batch_7_geo_batch7_0098_sim_001,1.093873591,0.589099017,649.8181655,0.190987913,0.083306825,21.26189512,0.70393722,0,SUCCESS,0,0.00022122,1.082659483,1.040518522,90,6.75,0.015466984,115212726.3,0.001284928,0.001284928,0.000786202,2,60,16.66666667
dataset_batch_7_geo_batch7_0099,dataset_batch_7_geo_batch7_0099_sim_001,1.063318182,0.524289457,973.7714787,0.293168316,0.043563683,24.25060325,0.546687353,0,SUCCESS,0,0.000133045,1.082659483,1,13.5,4.499999523,0.011302796,122728439.4,0.000980202,0.000980202,0.000363672,2,60,16.66666667
dataset_batch_7_geo_batch7_0100,dataset_batch_7_geo_batch7_0100_sim_001,1.101316156,0.616706898,631.0278238,0.326793653,0.074192739,20.66216462,0.798358248,0,SUCCESS,0,0.00040449,1.126487851,1.082659483,15.75,11.25,0.015466984,109768294.5,0.000992896,0.000992896,0.000751102,2,60,16.66666667
dataset_batch_7_geo_batch7_0101,dataset_batch_7_geo_batch7_0101_sim_001,1.128913144,0.576234843,452.4981758,0.264388503,0.042909087,26.24401078,0.439866672,0,SUCCESS,0,0.000596955,1.040518522,1.040518522,90,13.50000477,0.016656752,129012087.7,0.002654061,0.002654061,0.000523813,2,60,16.66666667
dataset_batch_7_geo_batch7_0102,dataset_batch_7_geo_batch7_0102_sim_001,1.160802727,0.47263817,549.8036872,0.298249831,0.099518788,25.89541663,0.459409977,0,SUCCESS,0,0.00036734,1.126487851,1.040518522,90,8.999999046,0.018441404,146679605.7,0.002305811,0.002305811,0.000736149,2,60,16.66666667
dataset_batch_7_geo_batch7_0103,dataset_batch_7_geo_batch7_0103_sim_001,1.095173189,0.50878656,496.1914951,0.166029922,0.065100176,26.93225125,0.458841736,0,SUCCESS,0,0.000218662,1.082659483,1.040518522,90,6.75,0.013087448,134072931.2,0.002415047,0.002415047,0.000844665,2,60,16.66666667
dataset_batch_7_geo_batch7_0104,dataset_batch_7_geo_batch7_0104_sim_001,1.104428195,0.623951487,873.7784178,0.2443057,0.073627896,20.21839941,0.676455493,0,SUCCESS,0,2.68E-05,1.040518522,1,90,0,0.009518144,116614062.7,0.000957931,0.000957931,0.000440903,1,60,16.66666667
dataset_batch_7_geo_batch7_0105,dataset_batch_7_geo_batch7_0105_sim_001,1.09138072,0.547358573,231.2106831,0.177743039,0.045514821,26.70986316,0.410023571,0,SUCCESS,0,0.001150515,1.082659483,1.040518522,90,90,0.020226056,125670384,0.005262212,0.005262212,0.001287177,2,60,16.66666667
dataset_batch_7_geo_batch7_0106,dataset_batch_7_geo_batch7_0106_sim_001,1.153219387,0.568454071,712.1980859,0.154755329,0.067606549,26.46014692,0.54305645,0,SUCCESS,0,6.28E-05,1.040518522,1,11.25,0,0.006543724,135988270.4,0.001642254,0.001642254,0.000632427,1,60,16.66666667
dataset_batch_7_geo_batch7_0107,dataset_batch_7_geo_batch7_0107_sim_001,1.02872412,0.464231981,777.4443985,0.25543594,0.096991112,22.25482087,0.484700383,0,SUCCESS,0,0.000201843,1.126487851,1.040518522,90,90,0.02379536,117638901.8,0.00132394,0.00132394,0.000518789,2,60,16.66666667
dataset_batch_7_geo_batch7_0108,dataset_batch_7_geo_batch7_0108_sim_001,0.975296159,0.470612034,282.0118425,0.318141531,0.058213878,24.68471245,0.46807911,0,SUCCESS,0,0.000315297,1.082659483,1.040518522,13.5,8.999999046,0.011302796,115040721.6,0.003222866,0.003222866,0.001020667,2,60,16.66666667
dataset_batch_7_geo_batch7_0109,dataset_batch_7_geo_batch7_0109_sim_001,1.039118555,0.492568539,115.0329228,0.294435304,0.05876784,27.12329253,0.407060231,0,SUCCESS,0,0.000556731,1.082659483,1.040518522,11.25,8.999999046,0.00892326,128325249.9,0.009625531,0.009625531,0.002189431,2,60,16.66666667
dataset_batch_7_geo_batch7_0110,dataset_batch_7_geo_batch7_0110_sim_001,1.109363861,0.522829809,931.2229144,0.163080148,0.072938303,25.08816584,0.527507762,0,SUCCESS,0,0.00012483,1.082659483,1,90,4.499999523,0.01189768,131797667.1,0.001220065,0.001220065,0.000512113,2,60,16.66666667
dataset_batch_7_geo_batch7_0111,dataset_batch_7_geo_batch7_0111_sim_001,1.089535509,0.516353332,851.8402491,0.332043012,0.076912174,22.46393353,0.539415086,0,SUCCESS,0,0.000154028,1.082659483,1,90,90,0.019036288,123217292.6,0.001159661,0.001159661,0.000401488,2,60,16.66666667
dataset_batch_7_geo_batch7_0112,dataset_batch_7_geo_batch7_0112_sim_001,1.093907836,0.572190972,277.3472136,0.299757745,0.071856705,21.72850284,0.598261153,0,SUCCESS,0,0.000149848,1.040518522,1,9,4.499999523,0.00594884,122410048.5,0.003296182,0.003296182,0.001230096,2,60,16.66666667
dataset_batch_7_geo_batch7_0113,dataset_batch_7_geo_batch7_0113_sim_001,0.925393879,0.562079038,854.6711156,0.156491501,0.064580263,20.80577871,0.413016958,0,SUCCESS,0,0.000373467,1.082659483,1.040518522,22.50000191,15.74999905,0.016656752,97495865.24,0.001033929,0.001033929,0.000189421,2,60,16.66666667
dataset_batch_7_geo_batch7_0114,dataset_batch_7_geo_batch7_0114_sim_001,1.06233841,0.558355976,799.3386679,0.219468439,0.070750278,21.26144125,0.648019468,0,SUCCESS,0,0.000206967,1.126487851,1.040518522,90,8.999999046,0.022010708,112514749.1,0.001062182,0.001062182,0.000579301,2,60,16.66666667
dataset_batch_7_geo_batch7_0115,dataset_batch_7_geo_batch7_0115_sim_001,1.025331775,0.577086806,954.343857,0.246444773,0.043293318,21.0929689,0.730232472,0,SUCCESS,0,0.000282908,1.172071099,1.082659483,18,11.25,0.020226056,102795614,0.000677881,0.000677881,0.000502114,2,60,16.66666667
dataset_batch_7_geo_batch7_0116,dataset_batch_7_geo_batch7_0116_sim_001,1.131886999,0.606809916,700.2506041,0.264207432,0.059901399,22.49550705,0.513756311,0,SUCCESS,0,0.00052018,1.082659483,1.040518522,90,15.74999905,0.019036288,122234471.7,0.001566636,0.001566636,0.000373729,2,60,16.66666667
dataset_batch_7_geo_batch7_0117,dataset_batch_7_geo_batch7_0117_sim_001,1.133424204,0.50379479,520.1898366,0.244138034,0.085689982,26.24325295,0.50006703,0,SUCCESS,0,0.00021466,1.082659483,1.040518522,13.5,6.75,0.010707912,138564140.9,0.002282283,0.002282283,0.000826059,2,60,16.66666667
dataset_batch_7_geo_batch7_0118,dataset_batch_7_geo_batch7_0118_sim_001,1.094145272,0.588065738,323.6561938,0.171996122,0.044684571,22.14293513,0.627134472,0,SUCCESS,0,0.000331264,1.082659483,1.040518522,90,90,0.019631172,115938448.9,0.00289402,0.00289402,0.001371391,2,60,16.66666667
dataset_batch_7_geo_batch7_0119,dataset_batch_7_geo_batch7_0119_sim_001,1.029334564,0.610964839,278.3369828,0.169143343,0.052018578,22.08786703,0.468224972,0,SUCCESS,0,0.001123605,1.082659483,1.082659483,22.50000191,18,0.016656752,108448643.9,0.003528523,0.003528523,0.000730722,2,60,16.66666667
dataset_batch_7_geo_batch7_0120,dataset_batch_7_geo_batch7_0120_sim_001,1.015491039,0.57202498,228.7895921,0.321865347,0.055274577,21.77946605,0.702171723,0,SUCCESS,0,0.000673375,1.126487851,1.082659483,15.75,11.25,0.014277216,102979800.4,0.002711575,0.002711575,0.001720674,2,60,16.66666667
dataset_batch_7_geo_batch7_0121,dataset_batch_7_geo_batch7_0121_sim_001,1.080695244,0.490506627,382.3246037,0.190927831,0.121856268,23.70722316,0.602817023,0,SUCCESS,0,0.000577166,1.126487851,1.082659483,15.75,11.25,0.015466984,124322617.5,0.002622422,0.002622422,0.001500763,2,60,16.66666667
dataset_batch_7_geo_batch7_0122,dataset_batch_7_geo_batch7_0122_sim_001,0.970812057,0.511269066,915.998078,0.302384333,0.063845674,20.20498426,0.450407857,0,SUCCESS,0,0.000600822,1.082659483,1.082659483,90,20.25,0.030933968,102461223.4,0.001014453,0.001014453,0.000278659,2,60,16.66666667
dataset_batch_7_geo_batch7_0123,dataset_batch_7_geo_batch7_0123_sim_001,0.994384778,0.555525577,223.883351,0.17282844,0.070883973,20.5990464,0.575193309,0,SUCCESS,0,0.00020107,1.082659483,1.040518522,11.25,4.499999523,0.00892326,107562464.8,0.00369737,0.00369737,0.001640256,2,60,16.66666667
dataset_batch_7_geo_batch7_0124,dataset_batch_7_geo_batch7_0124_sim_001,1.031317171,0.576560261,771.7022617,0.238534448,0.065914962,21.79213566,0.672413586,0,SUCCESS,0,0.000118629,1.082659483,1,13.5,2.249999762,0.010707912,107169823.8,0.00095629,0.00095629,0.000543692,2,60,16.66666667
dataset_batch_7_geo_batch7_0125,dataset_batch_7_geo_batch7_0125_sim_001,1.061538433,0.515218736,938.4076846,0.319453303,0.072920228,23.04856283,0.533122297,0,SUCCESS,0,9.96E-05,1.082659483,1,11.25,0,0.009518144,123689388.6,0.00101814,0.00101814,0.000352678,1,60,16.66666667
dataset_batch_7_geo_batch7_0126,dataset_batch_7_geo_batch7_0126_sim_001,1.153853087,0.516370738,926.0302628,0.257268366,0.117390966,26.35758451,0.400848658,0,SUCCESS,0,0.000116972,1.040518522,1,90,2.250000715,0.013087448,143087367.7,0.001441157,0.001441157,0.00034029,2,60,16.66666667
dataset_batch_7_geo_batch7_0127,dataset_batch_7_geo_batch7_0127_sim_001,1.090148471,0.458265402,516.4239585,0.247876687,0.07511136,27.60678861,0.417589666,0,SUCCESS,0,0.000347888,1.126487851,1.040518522,15.75,8.999999046,0.0148721,138349984.7,0.002391777,0.002391777,0.000758542,2,60,16.66666667
dataset_batch_7_geo_batch7_0128,dataset_batch_7_geo_batch7_0128_sim_001,1.124143066,0.529193447,124.3806093,0.26376431,0.081291011,26.01235423,0.53119121,0,SUCCESS,0,0.000418064,1.040518522,1.040518522,11.25,6.75,0.007138608,133800063.8,0.00886733,0.00886733,0.00316346,2,60,16.66666667
dataset_batch_7_geo_batch7_0129,dataset_batch_7_geo_batch7_0129_sim_001,0.82378371,0.414415118,110.0029877,0.321087173,0.110601384,21.74814107,0.423807254,0,SUCCESS,0,0.000335261,1.082659483,1.040518522,11.25,8.999999046,0.00892326,94614669.45,0.0065523,0.0065523,0.002206315,2,60,16.66666667
dataset_batch_7_geo_batch7_0130,dataset_batch_7_geo_batch7_0130_sim_001,0.884756642,0.485979626,804.5546011,0.349223206,0.064877063,20.23127934,0.547348741,0,SUCCESS,0,0.000131567,1.126487851,1,15.75,4.499999523,0.0148721,94097710.44,0.000765482,0.000765482,0.000340031,2,60,16.66666667
dataset_batch_7_geo_batch7_0131,dataset_batch_7_geo_batch7_0131_sim_001,1.033026009,0.508767439,779.4774196,0.198269197,0.086174024,24.32974372,0.414734341,0,SUCCESS,0,0.000209764,1.082659483,1.040518522,90,9.000002861,0.016061868,119801740.8,0.001436766,0.001436766,0.000391993,2,60,16.66666667
dataset_batch_7_geo_batch7_0132,dataset_batch_7_geo_batch7_0132_sim_001,1.023017213,0.56783699,797.3958453,0.227960192,0.075416285,20.78112699,0.712504804,0,SUCCESS,0,0.000233537,1.126487851,1.040518522,15.75,8.999999046,0.015466984,103913521.4,0.000857263,0.000857263,0.000607681,2,60,16.66666667
dataset_batch_7_geo_batch7_0133,dataset_batch_7_geo_batch7_0133_sim_001,1.07909844,0.547134309,750.4165996,0.205246734,0.062716227,22.97349959,0.567432108,0,SUCCESS,0,0.000128391,1.082659483,1,90,4.499999523,0.016061868,122130657.8,0.001324549,0.001324549,0.000556778,2,60,16.66666667
dataset_batch_7_geo_batch7_0134,dataset_batch_7_geo_batch7_0134_sim_001,1.065427633,0.499632034,582.6274973,0.323384543,0.107534331,21.31197363,0.536083101,0,SUCCESS,0,0.000208228,1.082659483,1.040518522,90,90,0.019036288,120338164.3,0.001653558,0.001653558,0.000616788,2,60,16.66666667
dataset_batch_7_geo_batch7_0135,dataset_batch_7_geo_batch7_0135_sim_001,1.145673204,0.534005135,600.1683134,0.335836203,0.11742872,24.66605849,0.441412282,0,SUCCESS,0,9.96E-05,1.040518522,1,90,0,0.011302796,140177596.8,0.002011233,0.002011233,0.000411781,1,60,16.66666667
dataset_batch_7_geo_batch7_0136,dataset_batch_7_geo_batch7_0136_sim_001,1.071359643,0.526202684,885.2010835,0.162595328,0.052977394,25.50222757,0.553184619,0,SUCCESS,0,0.00014411,1.126487851,1.040518522,13.5,4.499999523,0.012492564,123638904.1,0.001163827,0.001163827,0.000527801,2,60,16.66666667
dataset_batch_7_geo_batch7_0137,dataset_batch_7_geo_batch7_0137_sim_001,0.89437112,0.549579748,145.9094404,0.157407217,0.047024423,22.13120408,0.423236565,0,SUCCESS,0,0.000557976,1.040518522,1.040518522,90,9.000002861,0.01189768,96702545.23,0.005606495,0.005606495,0.001104526,2,60,16.66666667
dataset_batch_7_geo_batch7_0138,dataset_batch_7_geo_batch7_0138_sim_001,1.058767093,0.537574741,155.9535567,0.25282006,0.0667935,23.85809741,0.501248979,0,SUCCESS,0,0.000234471,1.040518522,1.040518522,11.25,6.75,0.007138608,123844337.6,0.006539468,0.006539468,0.002021432,2,60,16.66666667
dataset_batch_7_geo_batch7_0139,dataset_batch_7_geo_batch7_0139_sim_001,1.048759753,0.562862514,521.4490231,0.172967785,0.079380187,21.52916503,0.639041236,0,SUCCESS,0,0.000197858,1.082659483,1.040518522,13.5,6.75,0.011302796,112828519.4,0.001635799,0.001635799,0.000892311,2,60,16.66666667
dataset_batch_7_geo_batch7_0140,dataset_batch_7_geo_batch7_0140_sim_001,1.118571189,0.514882282,297.1957181,0.234681299,0.101481314,24.36109226,0.512285007,0,SUCCESS,0,0.00024189,1.082659483,1.040518522,11.25,6.75,0.00892326,134709222.1,0.003844449,0.003844449,0.001416777,2,60,16.66666667
dataset_batch_7_geo_batch7_0141,dataset_batch_7_geo_batch7_0141_sim_001,0.966913318,0.478595604,550.1068205,0.329268296,0.084628717,21.66176001,0.444138545,0,SUCCESS,0,0.000215295,1.082659483,1.040518522,90,90,0.017251636,110114020.8,0.001664194,0.001664194,0.000435681,2,60,16.66666667
dataset_batch_7_geo_batch7_0142,dataset_batch_7_geo_batch7_0142_sim_001,1.142422745,0.537770201,796.5847548,0.320809069,0.05718898,25.82021864,0.47919462,0,SUCCESS,0,0.000112655,1.082659483,1,90,2.249999762,0.015466984,137648738.8,0.001456244,0.001456244,0.00036235,2,60,16.66666667
dataset_batch_7_geo_batch7_0143,dataset_batch_7_geo_batch7_0143_sim_001,0.767436093,0.454429728,123.4900972,0.286544177,0.084968252,20.65882178,0.451020613,0,SUCCESS,0,6.66E-05,1.040518522,1,9,0,0.00594884,81209243.44,0.004681559,0.004681559,0.001551521,1,60,16.66666667
dataset_batch_7_geo_batch7_0144,dataset_batch_7_geo_batch7_0144_sim_001,1.065046303,0.581305051,375.308904,0.156032292,0.122440013,20.26639722,0.735024964,0,SUCCESS,0,0.000335461,1.082659483,1.040518522,13.5,8.999999046,0.011302796,109101172.2,0.002039524,0.002039524,0.001498373,2,60,16.66666667
dataset_batch_7_geo_batch7_0145,dataset_batch_7_geo_batch7_0145_sim_001,1.149622354,0.515945483,264.5996185,0.1887254,0.121756473,25.37467315,0.422190435,0,SUCCESS,0,0.00082975,1.040518522,1.040518522,90,90,0.016656752,137294688.2,0.005040782,0.005040782,0.001501135,2,60,16.66666667
dataset_batch_7_geo_batch7_0146,dataset_batch_7_geo_batch7_0146_sim_001,1.082988189,0.650297349,843.936213,0.17347459,0.048577817,20.9598732,0.517532138,0,SUCCESS,0,0.000527699,1.082659483,1.082659483,24.75000191,20.25,0.019631172,110822495.1,0.00118659,0.00118659,0.000268683,2,60,16.66666667
dataset_batch_7_geo_batch7_0147,dataset_batch_7_geo_batch7_0147_sim_001,1.113358083,0.499957329,400.7824844,0.158855586,0.0824105,27.74986246,0.467642791,0,SUCCESS,0,0.000261067,1.082659483,1.040518522,13.5,6.75,0.010707912,137195943.5,0.003076084,0.003076084,0.001157608,2,60,16.66666667
dataset_batch_7_geo_batch7_0148,dataset_batch_7_geo_batch7_0148_sim_001,1.083552546,0.559756306,471.1814568,0.257690732,0.045002071,23.90988203,0.516779272,0,SUCCESS,0,0.000196944,1.082659483,1,90,90,0.0148721,122681709.9,0.002188277,0.002188277,0.000653265,2,60,16.66666667
dataset_batch_7_geo_batch7_0149,dataset_batch_7_geo_batch7_0149_sim_001,1.043813453,0.55024534,856.1121016,0.257515279,0.071728064,21.20167827,0.48122524,0,SUCCESS,0,0.000421689,1.082659483,1.040518522,90,15.74999905,0.021415824,112823456.9,0.001180722,0.001180722,0.000312351,2,60,16.66666667
dataset_batch_7_geo_batch7_0150,dataset_batch_7_geo_batch7_0150_sim_001,1.101924046,0.472881503,843.0044647,0.205025956,0.077314816,26.40484133,0.450691857,0,SUCCESS,0,0.000208491,1.126487851,1.040518522,90,8.999999046,0.020226056,136990945.1,0.001460715,0.001460715,0.000531177,2,60,16.66666667
dataset_batch_7_geo_batch7_0151,dataset_batch_7_geo_batch7_0151_sim_001,0.987453057,0.493732621,848.0341719,0.314142671,0.08320372,20.25065452,0.509029627,0,SUCCESS,0,0.000191565,1.082659483,1,90,90,0.019631172,107663818.8,0.001025262,0.001025262,0.000359299,2,60,16.66666667
dataset_batch_7_geo_batch7_0152,dataset_batch_7_geo_batch7_0152_sim_001,1.047596361,0.453432594,665.1311872,0.168990035,0.12598164,26.37202328,0.426606098,0,SUCCESS,0,0.000125618,1.082659483,1,13.5,2.249999762,0.010707912,130784248.7,0.001781819,0.001781819,0.000669931,2,60,16.66666667
dataset_batch_7_geo_batch7_0153,dataset_batch_7_geo_batch7_0153_sim_001,0.789439263,0.401934572,254.5807301,0.280401582,0.11439087,22.13468945,0.503411504,0,SUCCESS,0,0.000461583,1.126487851,1.082659483,18,13.5,0.01784652,84820427.94,0.002292605,0.002292605,0.00139844,2,60,16.66666667
dataset_batch_7_geo_batch7_0154,dataset_batch_7_geo_batch7_0154_sim_001,1.075329173,0.492063982,240.9557898,0.243378013,0.054714256,27.38552585,0.409864782,0,SUCCESS,0,0.000482328,1.082659483,1.040518522,90,11.25,0.017251636,133761981.3,0.004973446,0.004973446,0.001335069,2,60,16.66666667
dataset_batch_7_geo_batch7_0155,dataset_batch_7_geo_batch7_0155_sim_001,0.819819318,0.500592533,114.4954833,0.305886051,0.062859151,21.04958759,0.672985764,0,SUCCESS,0,0.001431583,1.172071099,1.126487851,20.24999809,15.75,0.022010708,74939818.26,0.003395492,0.003118532,0.003395492,3,60,16.66666667
dataset_batch_7_geo_batch7_0156,dataset_batch_7_geo_batch7_0156_sim_001,1.07217704,0.603363757,240.8209407,0.235511014,0.048028177,21.28629402,0.727416743,0,SUCCESS,0,0.000773272,1.126487851,1.082659483,90,11.25,0.01784652,109539016.3,0.003031518,0.003031518,0.001929679,2,60,16.66666667
dataset_batch_7_geo_batch7_0157,dataset_batch_7_geo_batch7_0157_sim_001,1.019705804,0.559423684,813.9070075,0.250094342,0.048195585,21.01202158,0.678127579,0,SUCCESS,0,0.00026994,1.172071099,1.082659483,90,11.25,0.024390244,104921967.3,0.000874592,0.000874592,0.000545698,2,60,16.66666667
dataset_batch_7_geo_batch7_0158,dataset_batch_7_geo_batch7_0158_sim_001,1.161157743,0.631277906,853.3824246,0.296120516,0.054020778,23.37233632,0.534785316,0,SUCCESS,0,0.000270061,1.040518522,1.040518522,18,11.25000381,0.010707912,126686276.7,0.001279542,0.001279542,0.000272869,2,60,16.66666667
dataset_batch_7_geo_batch7_0159,dataset_batch_7_geo_batch7_0159_sim_001,0.984791409,0.51451216,193.6953318,0.279468119,0.070523114,20.40350352,0.470760529,0,SUCCESS,0,0.001661894,1.082659483,1.082659483,90,90,0.025580012,106117429.1,0.004774734,0.004774734,0.001342425,2,60,16.66666667
dataset_batch_7_geo_batch7_0160,dataset_batch_7_geo_batch7_0160_sim_001,1.12958098,0.58098594,173.576746,0.186237918,0.125645803,20.40709786,0.540694703,0,SUCCESS,0,0.001376036,1.082659483,1.040518522,90,15.74999905,0.015466984,123591355.6,0.006379492,0.006379492,0.002226688,2,60,16.66666667
dataset_batch_7_geo_batch7_0161,dataset_batch_7_geo_batch7_0161_sim_001,1.009828143,0.544573115,621.4288904,0.277264546,0.053487147,20.59303926,0.641668841,0,SUCCESS,0,0.000315841,1.126487851,1.082659483,90,90,0.02379536,103837744.2,0.001179446,0.001179446,0.000649745,2,60,16.66666667
dataset_batch_7_geo_batch7_0162,dataset_batch_7_geo_batch7_0162_sim_001,0.937596258,0.510765711,194.9065206,0.345210235,0.098129601,20.73776637,0.406863167,0,SUCCESS,0,0.000942677,1.040518522,1.040518522,18,13.50000477,0.010707912,103674274.1,0.004573531,0.004573531,0.000678004,2,60,16.66666667
dataset_batch_7_geo_batch7_0163,dataset_batch_7_geo_batch7_0163_sim_001,1.039677746,0.578589456,193.4577833,0.299074551,0.061477219,20.21376669,0.658633683,0,SUCCESS,0,0.000529194,1.082659483,1.040518522,90,8.999999046,0.015466984,108835455.5,0.003794512,0.003794512,0.001879489,2,60,16.66666667
dataset_batch_7_geo_batch7_0164,dataset_batch_7_geo_batch7_0164_sim_001,0.943965079,0.484744491,908.6152413,0.159795148,0.091861847,20.33524595,0.440373269,0,SUCCESS,0,0.000278204,1.126487851,1.040518522,90,11.25000381,0.027364664,103215662.8,0.001044567,0.001044567,0.000365171,2,60,16.66666667
dataset_batch_7_geo_batch7_0165,dataset_batch_7_geo_batch7_0165_sim_001,1.122096665,0.553292878,613.9532966,0.29066697,0.051192143,25.99719165,0.545059064,0,SUCCESS,0,7.31E-05,1.040518522,1,11.25,0,0.007138608,131342307.9,0.001710863,0.001710863,0.000558059,1,60,16.66666667
dataset_batch_7_geo_batch7_0166,dataset_batch_7_geo_batch7_0166_sim_001,0.905198984,0.48445314,448.3182101,0.205943588,0.050172898,20.64675297,0.473968273,0,SUCCESS,0,0.000300869,1.172071099,1.082659483,90,90,0.029149316,97220944.54,0.001829582,0.001829582,0.000682092,2,60,16.66666667
dataset_batch_7_geo_batch7_0167,dataset_batch_7_geo_batch7_0167_sim_001,1.151514579,0.521803277,233.7237888,0.327020902,0.082848326,26.25385353,0.443657786,0,SUCCESS,0,0.000281747,1.082659483,1.040518522,90,90,0.014277216,143060058.6,0.005246433,0.005246433,0.00119206,2,60,16.66666667
dataset_batch_7_geo_batch7_0168,dataset_batch_7_geo_batch7_0168_sim_001,0.894089232,0.478678665,342.047488,0.227533558,0.080775433,20.77202139,0.45591566,0,SUCCESS,0,0.000162477,1.082659483,1,13.5,6.75,0.011302796,101367168.7,0.002383445,0.002383445,0.00079838,2,60,16.66666667
dataset_batch_7_geo_batch7_0169,dataset_batch_7_geo_batch7_0169_sim_001,0.8490612,0.472838631,125.5321471,0.311433627,0.051020022,21.0916484,0.502324893,0,SUCCESS,0,0.000669708,1.126487851,1.082659483,15.75,11.25,0.015466984,91276186.24,0.005098366,0.005098366,0.001998393,2,60,16.66666667
dataset_batch_7_geo_batch7_0170,dataset_batch_7_geo_batch7_0170_sim_001,1.078925776,0.54153757,511.4794525,0.333396774,0.060690692,22.44615179,0.50119151,0,SUCCESS,0,0.000469884,1.082659483,1.040518522,90,90,0.019036288,119290966.4,0.001972893,0.001972893,0.000507953,2,60,16.66666667
dataset_batch_7_geo_batch7_0171,dataset_batch_7_geo_batch7_0171_sim_001,1.022494692,0.567333661,675.0806188,0.289587139,0.06246676,21.32533302,0.71067405,0,SUCCESS,0,0.000327457,1.126487851,1.082659483,15.75,8.999999046,0.015466984,103953878.5,0.000957578,0.000957578,0.000651637,2,60,16.66666667
dataset_batch_7_geo_batch7_0172,dataset_batch_7_geo_batch7_0172_sim_001,0.842731329,0.455820936,318.3246348,0.255218527,0.087615422,20.36256941,0.402246586,0,SUCCESS,0,0.000151517,1.082659483,1,90,90,0.017251636,95886696.45,0.002482282,0.002482282,0.000652215,2,60,16.66666667
dataset_batch_7_geo_batch7_0173,dataset_batch_7_geo_batch7_0173_sim_001,1.116798818,0.594998751,827.7647032,0.16194953,0.054012296,24.52890032,0.783876992,0,SUCCESS,0,0.000364715,1.172071099,1.082659483,15.75,11.25,0.01784652,114447840,0.00095903,0.00095903,0.000763734,2,60,16.66666667
dataset_batch_7_geo_batch7_0174,dataset_batch_7_geo_batch7_0174_sim_001,1.140243315,0.574904316,367.4486217,0.184898585,0.05720366,27.04816916,0.498685206,0,SUCCESS,0,6.09E-05,1.040518522,1,9,0,0.00594884,135964657.4,0.003213638,0.003213638,0.000982776,1,60,16.66666667
dataset_batch_7_geo_batch7_0175,dataset_batch_7_geo_batch7_0175_sim_001,1.160521407,0.554891636,185.6458016,0.183096683,0.081175589,24.48375919,0.567018408,0,SUCCESS,0,0.000512645,1.082659483,1.040518522,90,8.999999046,0.015466984,136113564,0.006223171,0.006223171,0.002601484,2,60,16.66666667
dataset_batch_7_geo_batch7_0176,dataset_batch_7_geo_batch7_0176_sim_001,1.110596664,0.551976997,881.2173388,0.335078128,0.104411257,20.99452431,0.530046035,0,SUCCESS,0,0.00020529,1.040518522,1.040518522,90,9.000002861,0.013087448,123592729.7,0.001157898,0.001157898,0.000324996,2,60,16.66666667
dataset_batch_7_geo_batch7_0177,dataset_batch_7_geo_batch7_0177_sim_001,1.165618393,0.563013795,710.8425099,0.226427963,0.057617193,26.02381767,0.492873167,0,SUCCESS,0,0.000200122,1.082659483,1.040518522,90,6.750002384,0.016656752,135894255.2,0.001728605,0.001728605,0.000510592,2,60,16.66666667
dataset_batch_7_geo_batch7_0178,dataset_batch_7_geo_batch7_0178_sim_001,1.096235051,0.571261825,541.6838458,0.295249935,0.073781122,22.12709905,0.472953763,0,SUCCESS,0,0.000776162,1.082659483,1.040518522,90,18,0.021415824,120140808.7,0.002009997,0.002009997,0.000429239,2,60,16.66666667
dataset_batch_7_geo_batch7_0179,dataset_batch_7_geo_batch7_0179_sim_001,0.998289941,0.490195456,449.7756485,0.161665523,0.08384399,23.60367134,0.404681928,0,SUCCESS,0,0.000529825,1.082659483,1.040518522,90,90,0.022010708,114197618.1,0.002425253,0.002425253,0.000732577,2,60,16.66666667
dataset_batch_7_geo_batch7_0180,dataset_batch_7_geo_batch7_0180_sim_001,1.057187906,0.502468712,230.616104,0.295353423,0.123281171,23.40810904,0.521674549,0,SUCCESS,0,0.000107281,1.040518522,1,6.75,0,0.004759072,124294073.3,0.004276141,0.004276141,0.00155109,1,60,16.66666667
dataset_batch_7_geo_batch7_0181,dataset_batch_7_geo_batch7_0181_sim_001,1.06376125,0.500278706,808.629548,0.294629937,0.089955061,22.14842212,0.598148186,0,SUCCESS,0,0.000300415,1.126487851,1.082659483,90,90,0.023200476,117529328.8,0.00111223,0.00111223,0.000558564,2,60,16.66666667
dataset_batch_7_geo_batch7_0182,dataset_batch_7_geo_batch7_0182_sim_001,0.817945024,0.4212642,353.4505047,0.256867942,0.092183494,20.48439779,0.403924215,0,SUCCESS,0,0.000229017,1.126487851,1.040518522,18,8.999999046,0.017251636,94394673.38,0.002158096,0.002158096,0.000703115,2,60,16.66666667
dataset_batch_7_geo_batch7_0183,dataset_batch_7_geo_batch7_0183_sim_001,1.127669473,0.570275031,604.0637719,0.195211368,0.106616591,21.9354743,0.451661997,0,SUCCESS,0,0.000893617,1.082659483,1.082659483,90,20.25,0.02379536,124319848.5,0.002019847,0.002019847,0.000526809,2,60,16.66666667
dataset_batch_7_geo_batch7_0184,dataset_batch_7_geo_batch7_0184_sim_001,1.125548201,0.589689219,399.1655381,0.185414313,0.057007348,26.68062298,0.705534026,0,SUCCESS,0,0.000304536,1.082659483,1.040518522,11.25,6.75,0.009518144,120733961.4,0.002245821,0.002245821,0.001350318,2,60,16.66666667
dataset_batch_7_geo_batch7_0185,dataset_batch_7_geo_batch7_0185_sim_001,1.136200937,0.542852458,734.498113,0.289645367,0.125470549,21.29120705,0.425964975,0,SUCCESS,0,0.000910717,1.126487851,1.082659483,90,22.50000191,0.026174896,126744598.3,0.001696641,0.001696641,0.000363485,2,60,16.66666667
dataset_batch_7_geo_batch7_0186,dataset_batch_7_geo_batch7_0186_sim_001,1.015211035,0.484385191,163.0991608,0.234660776,0.112655321,21.1703035,0.496489728,0,SUCCESS,0,0.000501704,1.082659483,1.040518522,90,90,0.01784652,117153641.8,0.006055059,0.006055059,0.002367559,2,60,16.66666667
dataset_batch_7_geo_batch7_0187,dataset_batch_7_geo_batch7_0187_sim_001,1.080819913,0.561874908,631.6153499,0.206159075,0.089863495,21.30212329,0.627072581,0,SUCCESS,0,0.000155745,1.082659483,1,90,4.499999523,0.016656752,118088008.8,0.001447545,0.001447545,0.000720984,2,60,16.66666667
dataset_batch_7_geo_batch7_0188,dataset_batch_7_geo_batch7_0188_sim_001,1.151205801,0.639358745,302.1634521,0.27993859,0.108093714,20.5984018,0.767902992,0,SUCCESS,0,0.000191448,1.040518522,1,9,4.499999523,0.00594884,118854346.4,0.002572529,0.002572529,0.001531634,2,60,16.66666667
dataset_batch_7_geo_batch7_0189,dataset_batch_7_geo_batch7_0189_sim_001,1.104179842,0.502814679,187.6843047,0.348688703,0.098520471,23.89178273,0.49202313,0,SUCCESS,0,0.000302614,1.040518522,1.040518522,11.25,6.75,0.007138608,134039317.4,0.005694752,0.005694752,0.001630426,2,60,16.66666667
dataset_batch_7_geo_batch7_0190,dataset_batch_7_geo_batch7_0190_sim_001,1.012937309,0.540133897,761.609967,0.162865282,0.092527855,20.38673595,0.484892549,0,SUCCESS,0,0.000328615,1.082659483,1.040518522,90,13.50000477,0.019631172,109243415.2,0.001294918,0.001294918,0.000432753,2,60,16.66666667
dataset_batch_7_geo_batch7_0191,dataset_batch_7_geo_batch7_0191_sim_001,1.016859855,0.526910735,163.381225,0.294567174,0.052563948,20.55545618,0.537456473,0,SUCCESS,0,0.001416309,1.126487851,1.082659483,90,90,0.025580012,107686844.8,0.005397824,0.005397824,0.001923304,2,60,16.66666667
dataset_batch_7_geo_batch7_0192,dataset_batch_7_geo_batch7_0192_sim_001,1.158376711,0.620011746,923.1526312,0.219732401,0.062855475,21.14851775,0.633897342,0,SUCCESS,0,0.000206681,1.040518522,1.040518522,90,9.000002861,0.015466984,122100338.1,0.001091844,0.001091844,0.000441122,2,60,16.66666667
dataset_batch_7_geo_batch7_0193,dataset_batch_7_geo_batch7_0193_sim_001,0.955226664,0.550068001,748.2450878,0.205222989,0.054908101,21.79488354,0.666546412,0,SUCCESS,0,0.000169473,1.126487851,1.040518522,15.75,6.75,0.0148721,95876947.57,0.000849249,0.000849249,0.000574681,2,60,16.66666667
dataset_batch_7_geo_batch7_0194,dataset_batch_7_geo_batch7_0194_sim_001,1.127259274,0.55228238,119.5553012,0.197511591,0.092219827,22.50777798,0.568507435,0,SUCCESS,0,0.000898443,1.082659483,1.040518522,90,90,0.017251636,127038257.4,0.00907635,0.00907635,0.003790142,2,60,16.66666667
dataset_batch_7_geo_batch7_0195,dataset_batch_7_geo_batch7_0195_sim_001,1.081585704,0.555236579,837.5698899,0.178011565,0.067995164,25.0011032,0.406831247,0,SUCCESS,0,0.000421545,1.082659483,1.040518522,90,15.74999905,0.021415824,122402944.2,0.001428575,0.001428575,0.000328626,2,60,16.66666667
dataset_batch_7_geo_batch7_0196,dataset_batch_7_geo_batch7_0196_sim_001,1.064566348,0.619650793,456.9970949,0.217167164,0.056830074,21.54767771,0.520167397,0,SUCCESS,0,0.000503022,1.040518522,1.040518522,18,13.50000477,0.010707912,112183846,0.002121558,0.002121558,0.000504284,2,60,16.66666667
dataset_batch_7_geo_batch7_0197,dataset_batch_7_geo_batch7_0197_sim_001,1.00551035,0.574126528,255.2217321,0.160576272,0.044165365,20.26016785,0.568996463,0,SUCCESS,0,0.000455564,1.082659483,1.040518522,90,90,0.019036288,104612501,0.003318084,0.003318084,0.001352954,2,60,16.66666667
dataset_batch_7_geo_batch7_0198,dataset_batch_7_geo_batch7_0198_sim_001,0.905679915,0.446348807,865.1289961,0.291401973,0.096511877,21.47437328,0.403411254,0,SUCCESS,0,8.16E-05,1.082659483,1,90,0,0.016656752,105735803.9,0.001034824,0.001034824,0.000279186,1,60,16.66666667
dataset_batch_7_geo_batch7_0199,dataset_batch_7_geo_batch7_0199_sim_001,1.106974938,0.611481413,470.2015732,0.28963981,0.054079673,21.50231221,0.629104781,0,SUCCESS,0,3.94E-05,1.040518522,1,6.75,0,0.004759072,120756843.9,0.001879268,0.001879268,0.000689733,1,60,16.66666667
dataset_batch_7_geo_batch7_0200,dataset_batch_7_geo_batch7_0200_sim_001,1.117261177,0.616846264,395.1819834,0.269776022,0.07412346,20.23798933,0.724897824,0,SUCCESS,0,0.000326354,1.082659483,1.040518522,90,90,0.018441404,114498192.9,0.001996997,0.001996997,0.001118941,2,60,16.66666667
dataset_batch_7_geo_batch7_0201,dataset_batch_7_geo_batch7_0201_sim_001,1.141817757,0.538416606,425.7502371,0.310851847,0.063486677,26.13760082,0.524287732,0,SUCCESS,0,0.000153792,1.082659483,1,11.25,4.499999523,0.008328376,136726850.2,0.002599231,0.002599231,0.000797537,2,60,16.66666667
dataset_batch_7_geo_batch7_0202,dataset_batch_7_geo_batch7_0202_sim_001,0.968169027,0.50906313,722.9568357,0.234175309,0.05462079,21.66315774,0.493941524,0,SUCCESS,0,0.00011896,1.082659483,1,90,90,0.019036288,107339030.6,0.001225973,0.001225973,0.000427193,2,60,16.66666667
dataset_batch_7_geo_batch7_0203,dataset_batch_7_geo_batch7_0203_sim_001,1.089763093,0.488050139,120.0910409,0.318309428,0.065721883,27.57033728,0.407877173,0,SUCCESS,0,0.001165267,1.082659483,1.082659483,13.5,11.25,0.010707912,137215859.5,0.009871823,0.009871823,0.002241403,2,60,16.66666667
dataset_batch_7_geo_batch7_0204,dataset_batch_7_geo_batch7_0204_sim_001,1.165683872,0.615056947,657.2677901,0.160029933,0.061734463,23.68391037,0.54253354,0,SUCCESS,0,0.00037685,1.082659483,1.040518522,90,13.50000477,0.018441404,127455225.5,0.001761882,0.001761882,0.000573205,2,60,16.66666667
dataset_batch_7_geo_batch7_0205,dataset_batch_7_geo_batch7_0205_sim_001,0.976312034,0.530600842,190.4495296,0.242243596,0.062298145,20.87584786,0.515670305,0,SUCCESS,0,0.000259638,1.082659483,1.040518522,90,90,0.016061868,107712705.9,0.004499089,0.004499089,0.001539727,2,60,16.66666667
dataset_batch_7_geo_batch7_0206,dataset_batch_7_geo_batch7_0206_sim_001,1.01904768,0.564353986,173.2565178,0.26832907,0.047206537,21.41508053,0.697616854,0,SUCCESS,0,0.001273489,1.172071099,1.126487851,18,13.5,0.019036288,104279426.6,0.003875324,0.003875324,0.002562581,2,60,16.66666667
dataset_batch_7_geo_batch7_0207,dataset_batch_7_geo_batch7_0207_sim_001,1.166924381,0.490043977,223.8415067,0.303394989,0.092956693,25.9719935,0.466554341,0,SUCCESS,0,0.000711261,1.082659483,1.040518522,90,11.25,0.016061868,146564817.3,0.005616821,0.005616821,0.001706909,2,60,16.66666667
dataset_batch_7_geo_batch7_0208,dataset_batch_7_geo_batch7_0208_sim_001,1.024188657,0.461078968,439.0612503,0.245408621,0.123078707,21.25959945,0.498204809,0,SUCCESS,0,0.000334919,1.126487851,1.040518522,90,90,0.023200476,116662073,0.002304743,0.002304743,0.000975081,2,60,16.66666667
dataset_batch_7_geo_batch7_0209,dataset_batch_7_geo_batch7_0209_sim_001,1.136306456,0.534422534,502.6261887,0.326007024,0.044198133,25.18335591,0.419061782,0,SUCCESS,0,0.00183945,1.126487851,1.082659483,90,90,0.032123736,125517815.9,0.002468394,0.002468394,0.000483608,2,60,16.66666667
dataset_batch_7_geo_batch7_0210,dataset_batch_7_geo_batch7_0210_sim_001,1.122244138,0.600397385,448.5048008,0.322274395,0.048488698,23.67046835,0.749378058,0,SUCCESS,0,0.000585964,1.126487851,1.082659483,15.75,11.25,0.0148721,117060106.9,0.001637248,0.001637248,0.001022749,2,60,16.66666667
dataset_batch_7_geo_batch7_0211,dataset_batch_7_geo_batch7_0211_sim_001,1.137792937,0.565700175,947.7557165,0.171756074,0.083305519,22.55058196,0.597970637,0,SUCCESS,0,0.000142313,1.082659483,1,90,90,0.018441404,125112555.1,0.001131956,0.001131956,0.00051649,2,60,16.66666667
dataset_batch_7_geo_batch7_0212,dataset_batch_7_geo_batch7_0212_sim_001,1.162977772,0.60931512,267.4215525,0.196480436,0.12155961,20.4403063,0.597991068,0,SUCCESS,0,0.000499221,1.040518522,1.040518522,13.50000477,9.000002861,0.008328376,127156294.8,0.004028311,0.004028311,0.001531885,2,60,16.66666667
dataset_batch_7_geo_batch7_0213,dataset_batch_7_geo_batch7_0213_sim_001,1.036913941,0.533293962,608.2949857,0.281749936,0.077383781,20.7549156,0.46297826,0,SUCCESS,0,0.000872864,1.082659483,1.082659483,90,20.25,0.02676978,112648044.6,0.001683824,0.001683824,0.000431257,2,60,16.66666667
dataset_batch_7_geo_batch7_0214,dataset_batch_7_geo_batch7_0214_sim_001,0.991429074,0.514788871,353.0602842,0.309370342,0.046470579,22.23063923,0.435643403,0,SUCCESS,0,0.00116944,1.082659483,1.082659483,90,90,0.027364664,108398538.5,0.002744347,0.002744347,0.000600329,2,60,16.66666667
dataset_batch_7_geo_batch7_0215,dataset_batch_7_geo_batch7_0215_sim_001,1.068338148,0.530296835,241.9459327,0.200602838,0.076826047,26.07178294,0.418429418,0,SUCCESS,0,0.000207285,1.040518522,1.040518522,90,4.500001431,0.01189768,129000047,0.004818777,0.004818777,0.00122016,2,60,16.66666667
dataset_batch_7_geo_batch7_0216,dataset_batch_7_geo_batch7_0216_sim_001,1.055122863,0.466594765,663.0661621,0.231791372,0.084920409,25.87498864,0.424689264,0,SUCCESS,0,0.000186254,1.082659483,1.040518522,15.75,6.75,0.012492564,131473981.1,0.001756105,0.001756105,0.000564093,2,60,16.66666667
dataset_batch_7_geo_batch7_0217,dataset_batch_7_geo_batch7_0217_sim_001,1.058890262,0.526890736,583.6983222,0.180640311,0.063284772,24.50380827,0.608335621,0,SUCCESS,0,0.000304946,1.126487851,1.040518522,15.75,8.999999046,0.015466984,118288881.8,0.001598371,0.001598371,0.000861434,2,60,16.66666667
dataset_batch_7_geo_batch7_0218,dataset_batch_7_geo_batch7_0218_sim_001,1.089636673,0.466252872,140.3535697,0.281832875,0.086457421,25.22072903,0.467100763,0,SUCCESS,0,0.001129443,1.126487851,1.082659483,15.75,13.5,0.014277216,134974551.7,0.0081534,0.0081534,0.002815641,2,60,16.66666667
dataset_batch_7_geo_batch7_0219,dataset_batch_7_geo_batch7_0219_sim_001,1.125318863,0.48657753,564.3578187,0.2429764,0.126606169,25.59517444,0.577000259,0,SUCCESS,0,0.000349512,1.126487851,1.040518522,13.5,8.999999046,0.012492564,133679441.1,0.001926894,0.001926894,0.000951882,2,60,16.66666667
dataset_batch_7_geo_batch7_0220,dataset_batch_7_geo_batch7_0220_sim_001,0.928605305,0.522843721,606.9456768,0.310335038,0.058825393,21.42330246,0.424392704,0,SUCCESS,0,0.000366413,1.040518522,1.040518522,90,13.50000477,0.015466984,100259263.2,0.001425034,0.001425034,0.000254953,2,60,16.66666667
dataset_batch_7_geo_batch7_0221,dataset_batch_7_geo_batch7_0221_sim_001,1.141388921,0.626998156,120.356255,0.172996858,0.073732696,21.90265558,0.717104903,0,SUCCESS,0,0.000722973,1.082659483,1.040518522,90,8.999999046,0.012492564,120648912,0.007404616,0.007404616,0.004175226,2,60,16.66666667
dataset_batch_7_geo_batch7_0222,dataset_batch_7_geo_batch7_0222_sim_001,1.169352886,0.55393904,573.5879232,0.31702776,0.113162837,23.18997394,0.685849517,0,SUCCESS,0,0.000433634,1.126487851,1.082659483,15.75,8.999999046,0.013682332,131320557.5,0.001618386,0.001618386,0.000864815,2,60,16.66666667
dataset_batch_7_geo_batch7_0223,dataset_batch_7_geo_batch7_0223_sim_001,0.77364156,0.507329217,430.8159049,0.175424694,0.053113545,20.46598259,0.414370232,0,SUCCESS,0,1.49E-05,1.040518522,1,8.999999046,0,0.005353956,81524017.96,0.001450244,0.001450244,0.000282079,1,60,16.66666667
dataset_batch_7_geo_batch7_0224,dataset_batch_7_geo_batch7_0224_sim_001,0.918320648,0.455008949,226.261255,0.295032684,0.11692014,20.69877711,0.47442632,0,SUCCESS,0,0.000212416,1.082659483,1.040518522,11.25,6.75,0.00892326,105739200.3,0.003622234,0.003622234,0.001337478,2,60,16.66666667
dataset_batch_7_geo_batch7_0225,dataset_batch_7_geo_batch7_0225_sim_001,0.977471989,0.543560901,747.7489548,0.183669264,0.042166226,20.83961585,0.500264134,0,SUCCESS,0,0.000355484,1.082659483,1.040518522,90,90,0.025580012,102285400.9,0.001193019,0.001193019,0.000398563,2,60,16.66666667
dataset_batch_7_geo_batch7_0226,dataset_batch_7_geo_batch7_0226_sim_001,1.110864926,0.492700864,729.3833583,0.177792146,0.056945299,27.26896596,0.504174277,0,SUCCESS,0,0.000260406,1.126487851,1.040518522,15.75,8.999999046,0.015466984,135062721.8,0.001623141,0.001623141,0.000682659,2,60,16.66666667
dataset_batch_7_geo_batch7_0227,dataset_batch_7_geo_batch7_0227_sim_001,1.101233677,0.467013751,619.3063076,0.167595141,0.110140743,25.76911976,0.442954866,0,SUCCESS,0,0.000227547,1.126487851,1.040518522,90,8.999999046,0.018441404,137573396,0.002035971,0.002035971,0.000779101,2,60,16.66666667
dataset_batch_7_geo_batch7_0228,dataset_batch_7_geo_batch7_0228_sim_001,1.001230602,0.456925523,969.4640812,0.155389831,0.111919709,21.70811114,0.451410024,0,SUCCESS,0,0.00018951,1.126487851,1.040518522,90,90,0.024985128,114790142.9,0.001104747,0.001104747,0.00045629,2,60,16.66666667
dataset_batch_7_geo_batch7_0229,dataset_batch_7_geo_batch7_0229_sim_001,0.852846538,0.490609774,850.2419868,0.204885791,0.047042797,20.66054217,0.44126122,0,SUCCESS,0,8.79E-05,1.126487851,1,90,0,0.023200476,91998914.7,0.000887172,0.000887172,0.000261546,1,60,16.66666667
dataset_batch_7_geo_batch7_0230,dataset_batch_7_geo_batch7_0230_sim_001,0.993869064,0.566967591,689.1699097,0.177784139,0.049722127,21.68726076,0.737490338,0,SUCCESS,0,0.000355403,1.172071099,1.082659483,18,11.25,0.02082094,97526575.28,0.00090648,0.00090648,0.000765897,2,60,16.66666667
dataset_batch_7_geo_batch7_0231,dataset_batch_7_geo_batch7_0231_sim_001,0.970036564,0.509979788,672.3087669,0.164640112,0.11551018,20.86215775,0.416099783,0,SUCCESS,0,0.000335366,1.040518522,1.040518522,90,11.25000381,0.016656752,108131685.9,0.001495224,0.001495224,0.000417069,2,60,16.66666667
dataset_batch_7_geo_batch7_0232,dataset_batch_7_geo_batch7_0232_sim_001,0.916822438,0.566734708,191.1424112,0.154543825,0.074951796,20.24000695,0.405544632,0,SUCCESS,0,0.001661966,1.082659483,1.082659483,22.50000191,20.25,0.017251636,96246781.52,0.004561222,0.004561222,0.000742209,2,60,16.66666667
dataset_batch_7_geo_batch7_0233,dataset_batch_7_geo_batch7_0233_sim_001,1.156558968,0.560967559,257.7994565,0.195150557,0.04943333,26.63569901,0.478718798,0,SUCCESS,0,0.000604744,1.082659483,1.040518522,90,90,0.018441404,134563191.3,0.004824833,0.004824833,0.001446089,2,60,16.66666667
dataset_batch_7_geo_batch7_0234,dataset_batch_7_geo_batch7_0234_sim_001,0.993866153,0.529742488,959.0641608,0.155740465,0.048047323,23.41767443,0.408698874,0,SUCCESS,0,0.000440588,1.082659483,1.040518522,90,18,0.027959548,109064124.7,0.001095482,0.001095482,0.000280975,2,60,16.66666667
dataset_batch_7_geo_batch7_0235,dataset_batch_7_geo_batch7_0235_sim_001,1.027896919,0.478615093,497.2103299,0.257288213,0.090787253,22.19830637,0.477149723,0,SUCCESS,0,0.000307776,1.082659483,1.040518522,90,90,0.019631172,117777803.3,0.00206606,0.00206606,0.000740674,2,60,16.66666667
dataset_batch_7_geo_batch7_0236,dataset_batch_7_geo_batch7_0236_sim_001,0.711430111,0.401477898,122.2047879,0.168535406,0.126016715,20.79537875,0.425582313,0,SUCCESS,0,0.000274554,1.082659483,1.040518522,13.5,8.999999046,0.010707912,75927756.11,0.00469838,0.00469838,0.002225172,2,60,16.66666667
dataset_batch_7_geo_batch7_0237,dataset_batch_7_geo_batch7_0237_sim_001,1.141301182,0.578832358,743.486832,0.201656856,0.046046495,26.36272236,0.540479876,0,SUCCESS,0,4.86E-05,1.040518522,1,9,0,0.00594884,133527069.7,0.001511606,0.001511606,0.000514865,1,60,16.66666667
dataset_batch_7_geo_batch7_0238,dataset_batch_7_geo_batch7_0238_sim_001,1.094190825,0.575500449,692.1856178,0.273522939,0.066523878,22.74093953,0.612068089,0,SUCCESS,0,7.11E-05,1.040518522,1,9,0,0.00594884,121492703.7,0.001317156,0.001317156,0.000536659,1,60,16.66666667
dataset_batch_7_geo_batch7_0239,dataset_batch_7_geo_batch7_0239_sim_001,1.103027215,0.614053002,271.9918829,0.164368819,0.060032603,21.61912337,0.709055967,0,SUCCESS,0,0.000424762,1.082659483,1.040518522,90,8.999999046,0.016656752,115016667.7,0.003089246,0.003089246,0.001818398,2,60,16.66666667
dataset_batch_7_geo_batch7_0240,dataset_batch_7_geo_batch7_0240_sim_001,1.02342122,0.567658653,646.9121468,0.200413037,0.04752032,21.63664208,0.58110847,0,SUCCESS,0,8.39E-05,1.082659483,1,11.25,0,0.00892326,111550913.7,0.001326289,0.001326289,0.00055088,1,60,16.66666667
dataset_batch_7_geo_batch7_0241,dataset_batch_7_geo_batch7_0241_sim_001,1.090522717,0.544495723,971.8107521,0.347282412,0.051841872,23.6528395,0.620333755,0,SUCCESS,0,0.000195539,1.126487851,1.040518522,13.5,6.75,0.013087448,122061477.1,0.000879129,0.000879129,0.000378818,2,60,16.66666667
dataset_batch_7_geo_batch7_0242,dataset_batch_7_geo_batch7_0242_sim_001,1.03306297,0.519592569,613.795436,0.344575933,0.045615338,21.80005393,0.494364729,0,FAILED,1,,,,,,,,,,,0,60,16.66666667
dataset_batch_7_geo_batch7_0243,dataset_batch_7_geo_batch7_0243_sim_001,1.149262109,0.632268317,641.6031461,0.336945523,0.053203143,23.66648266,0.542224943,0,SUCCESS,0,0.000110769,1.040518522,1,11.25000381,2.250000715,0.007138608,129247454.6,0.00161385,0.00161385,0.00030808,2,60,16.66666667
dataset_batch_7_geo_batch7_0244,dataset_batch_7_geo_batch7_0244_sim_001,1.066016179,0.579696348,640.7603476,0.211909684,0.070326924,20.81215327,0.617460603,0,SUCCESS,0,9.69E-05,1.082659483,1,90,0,0.0148721,114477603.3,0.001377053,0.001377053,0.000620744,1,60,16.66666667
dataset_batch_7_geo_batch7_0245,dataset_batch_7_geo_batch7_0245_sim_001,0.920154937,0.526045859,150.8289097,0.165898189,0.05646035,20.9621488,0.566164699,0,SUCCESS,0,0.000514952,1.126487851,1.082659483,15.75,11.25,0.0148721,96933446.85,0.004774697,0.004774697,0.002372782,2,60,16.66666667
dataset_batch_7_geo_batch7_0246,dataset_batch_7_geo_batch7_0246_sim_001,1.134398953,0.464767922,562.4665971,0.332992609,0.113993222,25.27640399,0.411444285,0,SUCCESS,0,0.000274921,1.082659483,1.040518522,90,90,0.019036288,139941419.1,0.00223967,0.00223967,0.000567988,2,60,16.66666667
dataset_batch_7_geo_batch7_0247,dataset_batch_7_geo_batch7_0247_sim_001,1.09717532,0.55925711,903.4465101,0.167103104,0.069787246,24.78018511,0.541089037,0,SUCCESS,0,3.82E-05,1.040518522,1,9,0,0.00594884,126975233.7,0.001179717,0.001179717,0.000454349,1,60,16.66666667
dataset_batch_7_geo_batch7_0248,dataset_batch_7_geo_batch7_0248_sim_001,1.14630472,0.556155708,526.2543212,0.311981224,0.110913169,21.9788609,0.634573702,0,SUCCESS,0,0.000244014,1.082659483,1.040518522,90,6.75,0.013087448,129879932.5,0.001823993,0.001823993,0.00081093,2,60,16.66666667
dataset_batch_7_geo_batch7_0249,dataset_batch_7_geo_batch7_0249_sim_001,1.068460341,0.541640065,143.5255078,0.330291684,0.089333268,21.26716409,0.516721982,0,SUCCESS,0,0.000967401,1.040518522,1.040518522,90,90,0.014277216,118962571.5,0.006764474,0.006764474,0.001877689,2,60,16.66666667
dataset_batch_7_geo_batch7_0250,dataset_batch_7_geo_batch7_0250_sim_001,0.948199426,0.454306263,639.5688245,0.303419353,0.07531357,24.50682683,0.412399636,0,SUCCESS,0,0.000113643,1.082659483,1,13.5,2.249999762,0.010707912,114477397.6,0.001485394,0.001485394,0.000397518,2,60,16.66666667
dataset_batch_7_geo_batch7_0251,dataset_batch_7_geo_batch7_0251_sim_001,1.113347366,0.519059303,631.5111512,0.169586258,0.089876748,25.66321603,0.404238332,0,SUCCESS,0,0.000478429,1.082659483,1.040518522,90,90,0.023200476,130293354.9,0.002043483,0.002043483,0.000577399,2,60,16.66666667
dataset_batch_7_geo_batch7_0252,dataset_batch_7_geo_batch7_0252_sim_001,1.152967024,0.548092692,446.219865,0.200732985,0.06186019,25.46105727,0.555891365,0,SUCCESS,0,0.000253391,1.082659483,1.040518522,13.5,6.75,0.010707912,136309660.4,0.002578461,0.002578461,0.001037141,2,60,16.66666667
dataset_batch_7_geo_batch7_0253,dataset_batch_7_geo_batch7_0253_sim_001,0.953490351,0.566739832,420.3771942,0.215055738,0.056004749,21.87830967,0.4385931,0,SUCCESS,0,0.001333619,1.082659483,1.040518522,18,11.25000381,0.01189768,103714030.8,0.002128315,0.002128315,0.000397626,2,60,16.66666667
dataset_batch_7_geo_batch7_0254,dataset_batch_7_geo_batch7_0254_sim_001,1.131717206,0.485853719,315.5438167,0.170873422,0.083536657,27.41781018,0.447863874,0,SUCCESS,0,0.000486997,1.126487851,1.082659483,90,11.25,0.018441404,142094740.3,0.004114377,0.004114377,0.001505029,2,60,16.66666667
dataset_batch_7_geo_batch7_0255,dataset_batch_7_geo_batch7_0255_sim_001,0.754779163,0.407167668,162.9722072,0.323442188,0.117366012,20.95745983,0.524733922,0,SUCCESS,0,0.000609405,1.126487851,1.082659483,18,13.5,0.017251636,77354002.49,0.002858191,0.002858191,0.001999719,2,60,16.66666667
dataset_batch_7_geo_batch7_0256,dataset_batch_7_geo_batch7_0256_sim_001,1.14339094,0.556232506,326.5805266,0.262073993,0.085292973,23.93815116,0.503870291,0,SUCCESS,0,0.001419509,1.040518522,1.040518522,90,11.25000381,0.014277216,129223026.7,0.003555177,0.003555177,0.001050617,2,60,16.66666667
dataset_batch_7_geo_batch7_0257,dataset_batch_7_geo_batch7_0257_sim_001,1.129345535,0.67179819,266.7411462,0.246803922,0.04448783,21.10657146,0.635463472,0,SUCCESS,0,0.000215614,1.040518522,1.040518522,9.000002861,4.500001431,0.00594884,119005147.8,0.003387007,0.003387007,0.001038297,2,60,16.66666667
dataset_batch_7_geo_batch7_0258,dataset_batch_7_geo_batch7_0258_sim_001,1.08984818,0.467172086,117.3710724,0.289164874,0.094745515,26.23631353,0.457650319,0,SUCCESS,0,0.0010195,1.082659483,1.082659483,13.5,11.25,0.011302796,135501949.6,0.009810426,0.009810426,0.003208987,2,60,16.66666667
dataset_batch_7_geo_batch7_0259,dataset_batch_7_geo_batch7_0259_sim_001,1.141505198,0.492884296,494.8475415,0.22933752,0.094198603,26.16291609,0.420255987,0,SUCCESS,0,0.000414141,1.082659483,1.040518522,90,90,0.02082094,137366853.3,0.002664031,0.002664031,0.00079193,2,60,16.66666667
dataset_batch_7_geo_batch7_0260,dataset_batch_7_geo_batch7_0260_sim_001,1.01150082,0.56425859,338.3418729,0.195130249,0.074614053,20.56589129,0.487698994,0,SUCCESS,0,0.000793777,1.082659483,1.040518522,90,15.74999905,0.020226056,107235265.2,0.002817321,0.002817321,0.000792905,2,60,16.66666667
dataset_batch_7_geo_batch7_0261,dataset_batch_7_geo_batch7_0261_sim_001,1.149810864,0.60577163,878.8350566,0.164000641,0.057726066,25.26008165,0.451403318,0,SUCCESS,0,0.000441236,1.082659483,1.040518522,90,18,0.02082094,127887524.9,0.001412615,0.001412615,0.000335466,2,60,16.66666667
dataset_batch_7_geo_batch7_0262,dataset_batch_7_geo_batch7_0262_sim_001,1.073647016,0.558177487,638.2096893,0.170169579,0.090408941,21.26344971,0.530751571,0,SUCCESS,0,0.0002789,1.040518522,1.040518522,90,9.000002861,0.016656752,117280506,0.001619214,0.001619214,0.000602576,2,60,16.66666667
dataset_batch_7_geo_batch7_0263,dataset_batch_7_geo_batch7_0263_sim_001,0.951930647,0.482498282,635.9419555,0.174034598,0.125398663,20.77894035,0.515747737,0,SUCCESS,0,9.22E-05,1.082659483,1,11.25,0,0.009518144,107649355.9,0.001369539,0.001369539,0.000636641,1,60,16.66666667
dataset_batch_7_geo_batch7_0264,dataset_batch_7_geo_batch7_0264_sim_001,1.11560216,0.58881942,389.121675,0.272251194,0.049554502,24.15167717,0.551658285,0,SUCCESS,0,4.62E-05,1.040518522,1,6.75,0,0.004759072,127925098.8,0.002624257,0.002624257,0.000777993,1,60,16.66666667
dataset_batch_7_geo_batch7_0265,dataset_batch_7_geo_batch7_0265_sim_001,1.126370285,0.587036416,967.1972025,0.150412695,0.075158667,22.88862558,0.657728113,0,SUCCESS,0,0.000114423,1.082659483,1,90,2.249999762,0.015466984,123405417.5,0.001005512,0.001005512,0.000535393,2,60,16.66666667
dataset_batch_7_geo_batch7_0266,dataset_batch_7_geo_batch7_0266_sim_001,1.077822221,0.551514489,529.360935,0.175405034,0.051576247,26.3530223,0.571709274,0,SUCCESS,0,0.000107146,1.082659483,1,11.25,0,0.008328376,122308400.6,0.001880641,0.001880641,0.000821724,1,60,16.66666667
dataset_batch_7_geo_batch7_0267,dataset_batch_7_geo_batch7_0267_sim_001,1.130741299,0.51171627,243.8636556,0.309603435,0.063627928,27.21337024,0.438366598,0,SUCCESS,0,0.000455486,1.082659483,1.040518522,13.5,8.999999046,0.010707912,141217281.3,0.004974531,0.004974531,0.001202487,2,60,16.66666667
dataset_batch_7_geo_batch7_0268,dataset_batch_7_geo_batch7_0268_sim_001,1.121712475,0.599959703,970.0173036,0.269736205,0.058787042,23.13247542,0.50710342,0,SUCCESS,0,0.000273053,1.040518522,1.040518522,90,13.50000477,0.014277216,122692758.6,0.001119695,0.001119695,0.000260144,2,60,16.66666667
dataset_batch_7_geo_batch7_0269,dataset_batch_7_geo_batch7_0269_sim_001,1.001417006,0.494194866,158.4915342,0.323598066,0.126686113,21.06968906,0.56533485,0,SUCCESS,0,0.000429643,1.082659483,1.040518522,11.25,8.999999046,0.00892326,112650312.2,0.005125593,0.005125593,0.002277283,2,60,16.66666667
dataset_batch_7_geo_batch7_0270,dataset_batch_7_geo_batch7_0270_sim_001,1.084709914,0.576286487,131.4262611,0.230754451,0.058210314,22.61478617,0.53266434,0,SUCCESS,0,0.001117792,1.040518522,1.040518522,90,90,0.014277216,118745012.3,0.007730237,0.007730237,0.002419126,2,60,16.66666667
dataset_batch_7_geo_batch7_0271,dataset_batch_7_geo_batch7_0271_sim_001,0.706721822,0.41099705,203.6573601,0.324154098,0.076013809,20.38198331,0.410126296,0,SUCCESS,0,0.000241362,1.126487851,1.040518522,18,8.999999046,0.017251636,75488107.91,0.002602498,0.002602498,0.000817794,2,60,16.66666667
dataset_batch_7_geo_batch7_0272,dataset_batch_7_geo_batch7_0272_sim_001,1.137363306,0.530909417,356.197628,0.201988411,0.120084058,23.39644505,0.526936022,0,SUCCESS,0,0.000128312,1.040518522,1,90,2.249999762,0.010707912,136072464.8,0.003275621,0.003275621,0.001264238,2,60,16.66666667
dataset_batch_7_geo_batch7_0273,dataset_batch_7_geo_batch7_0273_sim_001,1.084096457,0.535027591,782.2965053,0.260784518,0.101153772,20.58220967,0.482828867,0,SUCCESS,0,0.00058991,1.082659483,1.082659483,90,18,0.024390244,118688859.3,0.001397603,0.001397603,0.000410245,2,60,16.66666667
dataset_batch_7_geo_batch7_0274,dataset_batch_7_geo_batch7_0274_sim_001,1.151364003,0.510643752,173.6297068,0.269474761,0.098741616,25.22480646,0.490736891,0,SUCCESS,0,0.000547487,1.082659483,1.040518522,13.5,8.999999046,0.010113028,141807936.4,0.00697819,0.00697819,0.002283352,2,60,16.66666667
dataset_batch_7_geo_batch7_0275,dataset_batch_7_geo_batch7_0275_sim_001,1.048010558,0.526614983,497.3238866,0.285629816,0.114219545,20.94698849,0.720880922,0,SUCCESS,0,0.000636582,1.172071099,1.126487851,18,13.5,0.019631172,109963755.6,0.001415948,0.001415948,0.001095295,2,60,16.66666667
dataset_batch_7_geo_batch7_0276,dataset_batch_7_geo_batch7_0276_sim_001,1.073626233,0.522855735,417.0035019,0.285714474,0.093858426,21.05440064,0.556906613,0,SUCCESS,0,0.000404834,1.082659483,1.040518522,90,90,0.020226056,117701187.6,0.002319508,0.002319508,0.000916315,2,60,16.66666667
dataset_batch_7_geo_batch7_0277,dataset_batch_7_geo_batch7_0277_sim_001,1.007029573,0.527768187,741.4934536,0.259929675,0.04961798,21.76787498,0.466304107,0,SUCCESS,0,0.000504134,1.082659483,1.040518522,90,90,0.02676978,108614152.8,0.001316517,0.001316517,0.000367108,2,60,16.66666667
dataset_batch_7_geo_batch7_0278,dataset_batch_7_geo_batch7_0278_sim_001,1.158618472,0.491339259,559.109441,0.150859943,0.047411568,27.72848913,0.452137066,0,SUCCESS,0,0.000436646,1.172071099,1.082659483,90,90,0.030933968,137754562.5,0.002419219,0.002419219,0.000921961,2,60,16.66666667
dataset_batch_7_geo_batch7_0279,dataset_batch_7_geo_batch7_0279_sim_001,1.027291274,0.49918444,189.7202692,0.304875385,0.064008579,25.75917072,0.401828907,0,SUCCESS,0,0.000237735,1.040518522,1.040518522,90,90,0.013087448,125558717.6,0.005710764,0.005710764,0.001169236,2,60,16.66666667
dataset_batch_7_geo_batch7_0280,dataset_batch_7_geo_batch7_0280_sim_001,1.165347088,0.623949774,709.2559721,0.285479804,0.06905517,21.70410152,0.644505511,0,SUCCESS,0,5.26E-05,1.040518522,1,90,0,0.009518144,128028388,0.001362852,0.001362852,0.000506804,1,60,16.66666667
dataset_batch_7_geo_batch7_0281,dataset_batch_7_geo_batch7_0281_sim_001,0.999890274,0.489162748,155.600623,0.167719557,0.110720499,22.22951792,0.508510721,0,SUCCESS,0,0.000490881,1.082659483,1.040518522,13.5,8.999999046,0.010707912,115941571.7,0.006232919,0.006232919,0.002747461,2,60,16.66666667
dataset_batch_7_geo_batch7_0282,dataset_batch_7_geo_batch7_0282_sim_001,0.935627229,0.541268577,241.8870639,0.193406369,0.059411832,20.28692489,0.642822246,0,SUCCESS,0,0.000532796,1.126487851,1.082659483,15.75,13.5,0.016656752,94355610.99,0.002638302,0.002638302,0.001702614,2,60,16.66666667
dataset_batch_7_geo_batch7_0283,dataset_batch_7_geo_batch7_0283_sim_001,1.073266898,0.580265411,917.5051226,0.21824088,0.060263118,21.85202139,0.563023579,0,SUCCESS,0,7.80E-05,1.040518522,1,90,0,0.01189768,118039483.7,0.001045336,0.001045336,0.000371769,1,60,16.66666667
dataset_batch_7_geo_batch7_0284,dataset_batch_7_geo_batch7_0284_sim_001,1.140616132,0.583665907,552.3802893,0.326247565,0.046508276,24.66009783,0.460512259,0,SUCCESS,0,0.000678697,1.082659483,1.040518522,90,18,0.022010708,128266345.5,0.002100774,0.002100774,0.000368074,2,60,16.66666667
dataset_batch_7_geo_batch7_0285,dataset_batch_7_geo_batch7_0285_sim_001,1.113092367,0.52163331,608.6741993,0.172104183,0.063611799,26.81119367,0.46557828,0,SUCCESS,0,0.000165004,1.082659483,1.040518522,90,4.499999523,0.015466984,135612351,0.001992867,0.001992867,0.000677123,2,60,16.66666667
dataset_batch_7_geo_batch7_0286,dataset_batch_7_geo_batch7_0286_sim_001,1.157051716,0.640059971,829.6853,0.239626335,0.054584455,22.25081969,0.796980485,0,SUCCESS,0,0.000278289,1.126487851,1.040518522,15.75,8.999999046,0.0148721,118156816.5,0.00093576,0.00093576,0.000641835,2,60,16.66666667
dataset_batch_7_geo_batch7_0287,dataset_batch_7_geo_batch7_0287_sim_001,1.087890423,0.612253929,182.4507632,0.287950984,0.055484071,21.86317591,0.712684198,0,SUCCESS,0,0.00052213,1.082659483,1.040518522,11.25,8.999999046,0.009518144,112628773.2,0.004062679,0.004062679,0.002207177,2,60,16.66666667
dataset_batch_7_geo_batch7_0288,dataset_batch_7_geo_batch7_0288_sim_001,1.013202443,0.545430156,825.0345869,0.189249504,0.077104174,20.83755284,0.66569378,0,SUCCESS,0,0.000217629,1.126487851,1.040518522,90,8.999999046,0.019631172,106023174.7,0.000919458,0.000919458,0.000595796,2,60,16.66666667
dataset_batch_7_geo_batch7_0289,dataset_batch_7_geo_batch7_0289_sim_001,1.10406253,0.556067904,830.5786738,0.243371715,0.042116263,24.68254362,0.522089945,0,SUCCESS,0,9.11E-05,1.082659483,1,90,0,0.015466984,127363239.2,0.001290831,0.001290831,0.000414415,1,60,16.66666667
dataset_batch_7_geo_batch7_0290,dataset_batch_7_geo_batch7_0290_sim_001,0.929900702,0.474267137,338.3722449,0.331262888,0.074921775,22.49548539,0.419383895,0,SUCCESS,0,0.000111537,1.082659483,1,90,2.249999762,0.014277216,109232349.9,0.002609152,0.002609152,0.000590888,2,60,16.66666667
dataset_batch_7_geo_batch7_0291,dataset_batch_7_geo_batch7_0291_sim_001,1.025039581,0.584872331,268.5409764,0.252592034,0.04476882,21.74229375,0.657076784,0,SUCCESS,0,0.000288564,1.082659483,1.040518522,11.25,6.75,0.009518144,106521887.6,0.00272791,0.00272791,0.001392458,2,60,16.66666667
dataset_batch_7_geo_batch7_0292,dataset_batch_7_geo_batch7_0292_sim_001,1.09207533,0.470045335,749.7962103,0.254776412,0.085892378,26.43106902,0.486306676,0,SUCCESS,0,0.000219846,1.126487851,1.040518522,15.75,6.75,0.013682332,134085155.4,0.0015219,0.0015219,0.000581112,2,60,16.66666667
dataset_batch_7_geo_batch7_0293,dataset_batch_7_geo_batch7_0293_sim_001,0.991888121,0.533753154,621.5443742,0.293119795,0.051727633,21.4338176,0.520557053,0,SUCCESS,0,7.51E-05,1.082659483,1,90,0,0.013087448,110234434.2,0.001373018,0.001373018,0.00043135,1,60,16.66666667
dataset_batch_7_geo_batch7_0294,dataset_batch_7_geo_batch7_0294_sim_001,1.113487741,0.530366508,517.7480972,0.318337713,0.102552452,21.81719114,0.46163627,0,SUCCESS,0,0.000855342,1.082659483,1.082659483,90,18,0.023200476,125152537.9,0.002204674,0.002204674,0.000530094,2,60,16.66666667
dataset_batch_7_geo_batch7_0295,dataset_batch_7_geo_batch7_0295_sim_001,1.110480562,0.569365557,765.7473386,0.1804198,0.045678862,26.95891797,0.419276483,0,SUCCESS,0,0.000309183,1.040518522,1.040518522,90,11.25000381,0.016656752,127894395.7,0.001599367,0.001599367,0.000366875,2,60,16.66666667
dataset_batch_7_geo_batch7_0296,dataset_batch_7_geo_batch7_0296_sim_001,1.074562297,0.497153659,770.9506972,0.159135759,0.12491749,23.86831086,0.550852312,0,SUCCESS,0,0.000144846,1.082659483,1,13.5,4.499999523,0.010707912,125894884.3,0.001378908,0.001378908,0.000679663,2,60,16.66666667
dataset_batch_7_geo_batch7_0297,dataset_batch_7_geo_batch7_0297_sim_001,1.153789346,0.604614693,366.7486138,0.172079599,0.073420952,23.74826326,0.709464109,0,SUCCESS,0,0.000354966,1.082659483,1.040518522,13.5,8.999999046,0.010707912,124549661.7,0.002568357,0.002568357,0.00149203,2,60,16.66666667
dataset_batch_7_geo_batch7_0298,dataset_batch_7_geo_batch7_0298_sim_001,0.996551527,0.499424203,915.261245,0.167024433,0.08246583,20.44590277,0.48326266,0,SUCCESS,0,0.000329243,1.126487851,1.040518522,90,90,0.029149316,107839674.6,0.001080349,0.001080349,0.000423099,2,60,16.66666667
dataset_batch_7_geo_batch7_0299,dataset_batch_7_geo_batch7_0299_sim_001,1.102010551,0.465096813,328.0539346,0.232137798,0.125608133,25.39545505,0.470569417,0,SUCCESS,0,0.000336144,1.082659483,1.040518522,13.5,6.75,0.010707912,136964195.9,0.003649023,0.003649023,0.001387644,2,60,16.66666667
dataset_batch_7_geo_batch7_0300,dataset_batch_7_geo_batch7_0300_sim_001,1.083959433,0.524197267,135.604167,0.180042095,0.080186087,25.14566385,0.539920894,0,SUCCESS,0,0.000610456,1.082659483,1.040518522,13.5,8.999999046,0.010113028,126672422.1,0.00784575,0.00784575,0.003342321,2,60,16.66666667
dataset_batch_7_geo_batch7_0301,dataset_batch_7_geo_batch7_0301_sim_001,1.132227853,0.502434019,729.2850531,0.262888607,0.126276631,23.93925606,0.63463745,0,SUCCESS,0,0.00038681,1.126487851,1.082659483,15.75,9,0.015466984,130693177.6,0.001372802,0.001372802,0.000767127,2,60,16.66666667
dataset_batch_7_geo_batch7_0302,dataset_batch_7_geo_batch7_0302_sim_001,1.061021535,0.543523464,220.7258744,0.294045727,0.074341772,20.48483326,0.471956955,0,FAILED,1,,,,,,,,,,,0,60,16.66666667
dataset_batch_7_geo_batch7_0303,dataset_batch_7_geo_batch7_0303_sim_001,1.12180502,0.560914104,649.0208474,0.172927573,0.08805202,21.94704224,0.613394374,0,SUCCESS,0,0.000221823,1.082659483,1.040518522,90,90,0.02082094,121304521.5,0.001582538,0.001582538,0.000772998,2,60,16.66666667
dataset_batch_7_geo_batch7_0304,dataset_batch_7_geo_batch7_0304_sim_001,1.121946154,0.612786412,971.914676,0.209888893,0.046032566,23.52089649,0.784262817,0,SUCCESS,0,0.000279449,1.126487851,1.082659483,15.75,8.999999046,0.015466984,114340933.7,0.00078404,0.00078404,0.000583994,2,60,16.66666667
dataset_batch_7_geo_batch7_0305,dataset_batch_7_geo_batch7_0305_sim_001,1.127862379,0.578939638,346.9334263,0.337292159,0.089708936,22.09384988,0.656011353,0,SUCCESS,0,0.000260096,1.082659483,1.040518522,11.25,6.75,0.00892326,124550335.7,0.002500301,0.002500301,0.00109072,2,60,16.66666667
dataset_batch_7_geo_batch7_0306,dataset_batch_7_geo_batch7_0306_sim_001,1.14538591,0.611582949,927.5996055,0.233090937,0.055115332,22.86230728,0.719904665,0,SUCCESS,0,0.000184818,1.082659483,1.040518522,13.5,6.75,0.011302796,122126771,0.000942229,0.000942229,0.000531323,2,60,16.66666667
dataset_batch_7_geo_batch7_0307,dataset_batch_7_geo_batch7_0307_sim_001,0.95642174,0.558704385,898.3524497,0.174825765,0.050423433,21.76409411,0.720652303,0,SUCCESS,0,0.00021154,1.172071099,1.040518522,18,8.999999046,0.019631172,92507682.09,0.000645979,0.000645979,0.000552259,2,60,16.66666667
dataset_batch_7_geo_batch7_0308,dataset_batch_7_geo_batch7_0308_sim_001,1.148291964,0.576552085,435.8613898,0.295470418,0.113794702,20.20533837,0.596612296,0,SUCCESS,0,0.000416976,1.040518522,1.040518522,90,11.25000381,0.014277216,124886220.3,0.00233375,0.00233375,0.000852082,2,60,16.66666667
dataset_batch_7_geo_batch7_0309,dataset_batch_7_geo_batch7_0309_sim_001,1.146100443,0.610669563,677.1988841,0.328263573,0.053915801,25.96775604,0.711506042,0,SUCCESS,0,0.000221466,1.082659483,1.040518522,11.25,2.249999762,0.00892326,122772242,0.001210228,0.001210228,0.000598673,2,60,16.66666667
dataset_batch_7_geo_batch7_0310,dataset_batch_7_geo_batch7_0310_sim_001,0.962379101,0.564239111,346.0984866,0.160960557,0.10691119,20.59347579,0.795565204,0,SUCCESS,0,0.000572051,1.126487851,1.082659483,18,13.5,0.01784652,88915645.89,0.001686445,0.001463688,0.001686445,3,60,16.66666667
dataset_batch_7_geo_batch7_0311,dataset_batch_7_geo_batch7_0311_sim_001,0.936622929,0.512038747,300.5486866,0.209266962,0.069159844,20.28822071,0.459594495,0,SUCCESS,0,0.000766783,1.082659483,1.040518522,90,90,0.02379536,99721553.01,0.002919363,0.002919363,0.000884983,2,60,16.66666667
dataset_batch_7_geo_batch7_0312,dataset_batch_7_geo_batch7_0312_sim_001,1.033743611,0.566497632,851.9694397,0.191418813,0.073784365,21.37111137,0.71181025,0,SUCCESS,0,0.000229256,1.126487851,1.040518522,15.75,8.999999046,0.015466984,105867476.7,0.000851836,0.000851836,0.000608348,2,60,16.66666667
dataset_batch_7_geo_batch7_0313,dataset_batch_7_geo_batch7_0313_sim_001,0.940319977,0.412750978,205.896375,0.311675045,0.126410095,25.89359231,0.402039854,0,SUCCESS,0,0.00016623,1.040518522,1,11.25,4.499999523,0.007138608,115968740.6,0.004687496,0.004687496,0.001445853,2,60,16.66666667
dataset_batch_7_geo_batch7_0314,dataset_batch_7_geo_batch7_0314_sim_001,1.160289501,0.540542503,981.3901885,0.150875302,0.11256217,21.99845652,0.621766877,0,SUCCESS,0,0.000271948,1.126487851,1.040518522,90,90,0.028554432,125617563.3,0.001141339,0.001141339,0.000612666,2,60,16.66666667
dataset_batch_7_geo_batch7_0315,dataset_batch_7_geo_batch7_0315_sim_001,1.129739802,0.540824697,512.2428589,0.319972792,0.102271605,21.97897214,0.528261913,0,SUCCESS,0,0.000293082,1.040518522,1.040518522,90,9.000002861,0.014277216,128405751.1,0.002094294,0.002094294,0.000635929,2,60,16.66666667
dataset_batch_7_geo_batch7_0316,dataset_batch_7_geo_batch7_0316_sim_001,1.088090753,0.51091949,852.2947235,0.260667365,0.062447826,25.6211689,0.517045851,0,SUCCESS,0,0.000128059,1.082659483,1,13.5,4.499999523,0.010707912,129415090,0.001251512,0.001251512,0.000456803,2,60,16.66666667
dataset_batch_7_geo_batch7_0317,dataset_batch_7_geo_batch7_0317_sim_001,1.120245894,0.548621153,947.1909409,0.284018423,0.074636579,22.5832669,0.536812874,0,SUCCESS,0,0.000173469,1.082659483,1,90,6.750002384,0.016656752,125362453.3,0.00112482,0.00112482,0.000368541,2,60,16.66666667
dataset_batch_7_geo_batch7_0318,dataset_batch_7_geo_batch7_0318_sim_001,0.959230111,0.493558844,759.5526975,0.192676229,0.114620694,20.37393862,0.436775767,0,SUCCESS,0,0.000223586,1.040518522,1.040518522,90,9.000002861,0.016061868,107100868.4,0.001270015,0.001270015,0.000396294,2,60,16.66666667
dataset_batch_7_geo_batch7_0319,dataset_batch_7_geo_batch7_0319_sim_001,1.08144259,0.554316917,234.6466684,0.157254312,0.079247371,22.17671696,0.455693308,0,SUCCESS,0,0.002166627,1.082659483,1.082659483,90,90,0.029149316,117899750,0.004898204,0.004898204,0.001468916,2,60,16.66666667
dataset_batch_7_geo_batch7_0320,dataset_batch_7_geo_batch7_0320_sim_001,0.980125482,0.564515481,686.1691452,0.326033882,0.06356832,20.41870007,0.711637703,0,SUCCESS,0,0.000260399,1.126487851,1.040518522,15.75,8.999999046,0.015466984,96771544.41,0.000796384,0.000796384,0.000577489,2,60,16.66666667
dataset_batch_7_geo_batch7_0321,dataset_batch_7_geo_batch7_0321_sim_001,1.041546265,0.453993335,789.316736,0.28635043,0.091643645,25.31088069,0.412466485,0,SUCCESS,0,0.000153543,1.082659483,1,15.74999905,4.499999523,0.01189768,130523064.9,0.001432091,0.001432091,0.00041309,2,60,16.66666667
dataset_batch_7_geo_batch7_0322,dataset_batch_7_geo_batch7_0322_sim_001,1.133312922,0.586317811,973.1500323,0.185679592,0.060624238,23.18715129,0.591175321,0,SUCCESS,0,5.67E-05,1.082659483,1,90,0,0.013682332,127396824.3,0.001078488,0.001078488,0.000439815,1,60,16.66666667
dataset_batch_7_geo_batch7_0323,dataset_batch_7_geo_batch7_0323_sim_001,1.042492754,0.513909407,871.7647718,0.238765402,0.072711651,21.97062339,0.513702254,0,SUCCESS,0,0.000158281,1.082659483,1,90,90,0.019631172,116444153.3,0.001143592,0.001143592,0.000424545,2,60,16.66666667
dataset_batch_7_geo_batch7_0324,dataset_batch_7_geo_batch7_0324_sim_001,1.076255915,0.487471832,246.787458,0.255281323,0.105069908,25.80321532,0.50975186,0,SUCCESS,0,0.000339508,1.082659483,1.040518522,11.25,6.75,0.00892326,129071872.5,0.004340992,0.004340992,0.001694435,2,60,16.66666667
dataset_batch_7_geo_batch7_0325,dataset_batch_7_geo_batch7_0325_sim_001,1.145121855,0.60021075,882.5566359,0.238119668,0.057420839,25.49428984,0.722983423,0,SUCCESS,0,0.000172325,1.082659483,1.040518522,13.5,4.499999523,0.010707912,122520687.9,0.000990355,0.000990355,0.000580659,2,60,16.66666667
dataset_batch_7_geo_batch7_0326,dataset_batch_7_geo_batch7_0326_sim_001,0.973736917,0.535953635,210.2748626,0.163113875,0.088372857,20.88513527,0.468150007,0,SUCCESS,0,0.000649864,1.040518522,1.040518522,90,11.25000381,0.014277216,106184027.6,0.004427229,0.004427229,0.001362575,2,60,16.66666667
dataset_batch_7_geo_batch7_0327,dataset_batch_7_geo_batch7_0327_sim_001,1.069483085,0.594260075,515.9434909,0.232351235,0.057394615,20.29645055,0.64841184,0,SUCCESS,0,0.000207691,1.082659483,1.040518522,90,90,0.019036288,110138429.2,0.001612443,0.001612443,0.000763921,2,60,16.66666667
dataset_batch_7_geo_batch7_0328,dataset_batch_7_geo_batch7_0328_sim_001,1.037274371,0.50764367,262.3975193,0.2557704,0.047587699,25.49841249,0.410390267,0,SUCCESS,0,0.000828792,1.082659483,1.040518522,90,90,0.020226056,119770271.5,0.00423911,0.00423911,0.001005163,2,60,16.66666667
dataset_batch_7_geo_batch7_0329,dataset_batch_7_geo_batch7_0329_sim_001,1.124952987,0.478199106,324.4482026,0.176280974,0.080343799,27.50146117,0.489869683,0,SUCCESS,0,0.000584989,1.126487851,1.082659483,15.75,11.25,0.015466984,139090208.3,0.003820562,0.003820562,0.001608142,2,60,16.66666667
dataset_batch_7_geo_batch7_0330,dataset_batch_7_geo_batch7_0330_sim_001,0.950983027,0.54557696,344.6007176,0.297031214,0.042962832,20.84318358,0.69555161,0,SUCCESS,0,0.000808386,1.172071099,1.126487851,18,13.5,0.02082094,93732507.91,0.001577617,0.001577617,0.001205452,2,60,16.66666667
dataset_batch_7_geo_batch7_0331,dataset_batch_7_geo_batch7_0331_sim_001,1.112207889,0.521183559,817.0813846,0.215696587,0.122734177,22.59267934,0.454829305,0,SUCCESS,0,0.000360793,1.082659483,1.040518522,90,13.50000477,0.018441404,127426666.6,0.001479451,0.001479451,0.000452353,2,60,16.66666667
dataset_batch_7_geo_batch7_0332,dataset_batch_7_geo_batch7_0332_sim_001,1.163796325,0.598424326,745.8795778,0.160307469,0.070134333,23.50294536,0.524029881,0,SUCCESS,0,0.000423284,1.082659483,1.040518522,90,15.74999905,0.02082094,127190593.1,0.001595346,0.001595346,0.000520691,2,60,16.66666667
dataset_batch_7_geo_batch7_0333,dataset_batch_7_geo_batch7_0333_sim_001,1.129232169,0.595162568,354.7988216,0.324849099,0.042401801,23.59921371,0.738733155,0,SUCCESS,0,0.00136386,1.172071099,1.126487851,15.75,11.25,0.017251636,119165940.7,0.002150697,0.002150697,0.001298367,2,60,16.66666667
dataset_batch_7_geo_batch7_0334,dataset_batch_7_geo_batch7_0334_sim_001,1.01761341,0.511813803,345.9600255,0.324619166,0.082036165,20.2609251,0.461348302,0,SUCCESS,0,0.001420232,1.082659483,1.082659483,90,90,0.027959548,110162248.9,0.002827035,0.002827035,0.000726387,2,60,16.66666667
dataset_batch_7_geo_batch7_0335,dataset_batch_7_geo_batch7_0335_sim_001,1.134177498,0.508317896,933.5088807,0.299151412,0.11531691,23.5369933,0.435226385,0,SUCCESS,0,0.000353947,1.040518522,1.040518522,90,13.50000477,0.01784652,131992055,0.001324595,0.001324595,0.000337222,2,60,16.66666667
dataset_batch_7_geo_batch7_0336,dataset_batch_7_geo_batch7_0336_sim_001,1.076334901,0.532166204,872.3023738,0.264395249,0.097624901,20.99979901,0.492355798,0,SUCCESS,0,0.000363668,1.082659483,1.040518522,90,13.50000477,0.020226056,118470332.2,0.001219755,0.001219755,0.00037,2,60,16.66666667
dataset_batch_7_geo_batch7_0337,dataset_batch_7_geo_batch7_0337_sim_001,1.09131221,0.464932713,872.6860169,0.189857838,0.076424171,25.91632394,0.478796137,0,SUCCESS,0,0.000247519,1.172071099,1.040518522,90,8.999999046,0.023200476,133902528.3,0.001365217,0.001365217,0.000569687,2,60,16.66666667
dataset_batch_7_geo_batch7_0338,dataset_batch_7_geo_batch7_0338_sim_001,1.127777696,0.611431907,694.0626607,0.289476124,0.073629621,22.03304135,0.631435141,0,SUCCESS,0,1.17E-05,1.040518522,1,4.499999523,0,0.00297442,124197358,0.001323723,0.001323723,0.000489427,1,60,16.66666667
dataset_batch_7_geo_batch7_0339,dataset_batch_7_geo_batch7_0339_sim_001,1.106504397,0.515404592,458.9157708,0.214915169,0.104018285,23.4826872,0.440049268,0,SUCCESS,0,0.000713968,1.082659483,1.040518522,90,90,0.023200476,126914581.2,0.002660142,0.002660142,0.000789814,2,60,16.66666667
dataset_batch_7_geo_batch7_0340,dataset_batch_7_geo_batch7_0340_sim_001,1.049589821,0.549460819,822.1733653,0.206858688,0.073195823,21.21376726,0.464881668,0,SUCCESS,0,0.000608946,1.082659483,1.082659483,90,18,0.02676978,112928503.4,0.001295428,0.001295428,0.000362628,2,60,16.66666667
dataset_batch_7_geo_batch7_0341,dataset_batch_7_geo_batch7_0341_sim_001,0.927106645,0.454633651,366.916101,0.318234364,0.095781123,22.15800643,0.513464166,0,SUCCESS,0,0.00029842,1.126487851,1.040518522,15.74999905,8.999999046,0.013087448,105021312,0.00209897,0.00209897,0.000907233,2,60,16.66666667
dataset_batch_7_geo_batch7_0342,dataset_batch_7_geo_batch7_0342_sim_001,1.153213718,0.574445535,388.4803052,0.333894196,0.105049821,21.991225,0.63049619,0,SUCCESS,0,0.000140551,1.040518522,1,9,4.499999523,0.00594884,130615104.8,0.002449808,0.002449808,0.00096637,2,60,16.66666667
dataset_batch_7_geo_batch7_0343,dataset_batch_7_geo_batch7_0343_sim_001,0.924076624,0.501839715,800.2832332,0.197194588,0.077950441,20.85159004,0.532508677,0,SUCCESS,0,9.12E-05,1.082659483,1,13.5,0,0.011302796,100854459.1,0.000968176,0.000968176,0.000439432,1,60,16.66666667
dataset_batch_7_geo_batch7_0344,dataset_batch_7_geo_batch7_0344_sim_001,1.060787044,0.594591739,855.421604,0.192122536,0.055153996,21.72909634,0.487529404,0,SUCCESS,0,0.000489304,1.082659483,1.040518522,90,18,0.022010708,112341624.6,0.00120362,0.00120362,0.00030411,2,60,16.66666667
dataset_batch_7_geo_batch7_0345,dataset_batch_7_geo_batch7_0345_sim_001,1.034270026,0.571010415,287.532711,0.209379515,0.092720739,20.4041678,0.606244092,0,SUCCESS,0,6.53E-05,1.040518522,1,9,0,0.00594884,111784392.9,0.002928873,0.002928873,0.001317169,1,60,16.66666667
dataset_batch_7_geo_batch7_0346,dataset_batch_7_geo_batch7_0346_sim_001,1.119795134,0.560749002,231.2604866,0.252250943,0.125589721,21.47959131,0.529664705,0,SUCCESS,0,0.000362656,1.040518522,1.040518522,90,6.750002384,0.009518144,128534897.6,0.004689492,0.004689492,0.001501184,2,60,16.66666667
dataset_batch_7_geo_batch7_0347,dataset_batch_7_geo_batch7_0347_sim_001,0.924548496,0.472986182,942.4511833,0.189218209,0.057756085,21.45216596,0.474801545,0,SUCCESS,0,0.000136994,1.172071099,1.040518522,90,6.75,0.027959548,103059201.7,0.000923671,0.000923671,0.000372914,2,60,16.66666667
dataset_batch_7_geo_batch7_0348,dataset_batch_7_geo_batch7_0348_sim_001,1.152810986,0.478277835,971.6658054,0.157984249,0.10244402,26.71484954,0.411906278,0,SUCCESS,0,0.000270087,1.126487851,1.040518522,90,90,0.024390244,139535413.3,0.001435017,0.001435017,0.000500549,2,60,16.66666667
dataset_batch_7_geo_batch7_0349,dataset_batch_7_geo_batch7_0349_sim_001,1.112855878,0.561375302,409.6018857,0.323863099,0.055042294,24.0653857,0.560954249,0,SUCCESS,0,8.72E-05,1.040518522,1,9,0,0.00594884,128397423.8,0.002407318,0.002407318,0.000760225,1,60,16.66666667
dataset_batch_7_geo_batch7_0350,dataset_batch_7_geo_batch7_0350_sim_001,1.128406397,0.538000851,340.3443373,0.266719832,0.123764967,22.53097718,0.561887336,0,SUCCESS,0,9.65E-05,1.040518522,1,9,0,0.00594884,132287715.9,0.003128925,0.003128925,0.001205823,1,60,16.66666667
dataset_batch_7_geo_batch7_0351,dataset_batch_7_geo_batch7_0351_sim_001,0.756128913,0.476856196,116.2045756,0.178580673,0.058755175,20.26107078,0.481173581,0,SUCCESS,0,0.000318334,1.082659483,1.040518522,15.75,8.999999046,0.012492564,76321568.95,0.004611616,0.004611616,0.00191956,2,60,16.66666667
dataset_batch_7_geo_batch7_0352,dataset_batch_7_geo_batch7_0352_sim_001,1.159425359,0.609317895,591.2109729,0.189781478,0.066991049,24.12701962,0.625907857,0,SUCCESS,0,3.55E-05,1.040518522,1,6.75,0,0.004759072,130070379.1,0.001758142,0.001758142,0.000741738,1,60,16.66666667
dataset_batch_7_geo_batch7_0353,dataset_batch_7_geo_batch7_0353_sim_001,1.079752105,0.501928365,983.6357118,0.263749099,0.072329144,26.13718937,0.496097728,0,SUCCESS,0,8.59E-05,1.082659483,1,13.5,0,0.009518144,129674858.2,0.001099005,0.001099005,0.000380817,1,60,16.66666667
dataset_batch_7_geo_batch7_0354,dataset_batch_7_geo_batch7_0354_sim_001,0.911999868,0.453623491,982.1578637,0.201547532,0.108334767,20.83214233,0.424032013,0,SUCCESS,0,7.28E-05,1.082659483,1,90,0,0.01784652,106217135.4,0.000931628,0.000931628,0.000320423,1,60,16.66666667
dataset_batch_7_geo_batch7_0355,dataset_batch_7_geo_batch7_0355_sim_001,1.101627033,0.604023557,181.9006291,0.186671613,0.052914209,22.74141291,0.677180866,0,SUCCESS,0,0.000518363,1.082659483,1.040518522,11.25,8.999999046,0.009518144,117481376.8,0.004798204,0.004798204,0.00253748,2,60,16.66666667
dataset_batch_7_geo_batch7_0356,dataset_batch_7_geo_batch7_0356_sim_001,1.032375598,0.505915431,547.6611096,0.226757362,0.101001669,20.96504399,0.502290979,0,SUCCESS,0,0.000264287,1.082659483,1.040518522,90,90,0.019036288,115572192,0.001831504,0.001831504,0.000683225,2,60,16.66666667
dataset_batch_7_geo_batch7_0357,dataset_batch_7_geo_batch7_0357_sim_001,1.163120884,0.609700404,703.594112,0.211365053,0.054514457,25.97931661,0.644440689,0,SUCCESS,0,3.59E-05,1.040518522,1,6.75,0,0.004759072,129616813.8,0.001440991,0.001440991,0.000629525,1,60,16.66666667
dataset_batch_7_geo_batch7_0358,dataset_batch_7_geo_batch7_0358_sim_001,1.085547177,0.606854373,134.7648623,0.295049383,0.046797732,21.53718579,0.476313174,0,SUCCESS,0,0.006820489,1.126487851,1.126487851,90,29.25000381,0.031528852,115106402.2,0.007873797,0.007873797,0.00141227,2,60,16.66666667
dataset_batch_7_geo_batch7_0359,dataset_batch_7_geo_batch7_0359_sim_001,0.819584268,0.50761116,677.9830446,0.214104822,0.054242653,20.68023318,0.426922109,0,SUCCESS,0,1.84E-05,1.040518522,1,9,0,0.00594884,88674793.3,0.001021458,0.001021458,0.000222265,1,60,16.66666667
dataset_batch_7_geo_batch7_0360,dataset_batch_7_geo_batch7_0360_sim_001,1.126696833,0.544136232,905.7690104,0.325552601,0.045313124,24.38777134,0.59727409,0,SUCCESS,0,0.000237415,1.126487851,1.040518522,90,8.999999046,0.01784652,129506607.2,0.001069929,0.001069929,0.000424128,2,60,16.66666667
dataset_batch_7_geo_batch7_0361,dataset_batch_7_geo_batch7_0361_sim_001,1.127188324,0.56938749,638.8598395,0.239779023,0.091209834,22.13238555,0.631333626,0,SUCCESS,0,0.000161082,1.082659483,1,90,4.499999523,0.013682332,125634786,0.001523215,0.001523215,0.000708604,2,60,16.66666667
dataset_batch_7_geo_batch7_0362,dataset_batch_7_geo_batch7_0362_sim_001,1.120691506,0.554137036,803.5021276,0.212885163,0.080859877,23.60245481,0.440579497,0,SUCCESS,0,0.000592155,1.082659483,1.040518522,90,18,0.024390244,125674406.1,0.001523792,0.001523792,0.000391849,2,60,16.66666667
dataset_batch_7_geo_batch7_0363,dataset_batch_7_geo_batch7_0363_sim_001,1.059372986,0.503647403,719.1583873,0.344300781,0.081701777,23.06876225,0.442384772,0,SUCCESS,0,0.000353945,1.082659483,1.040518522,90,11.25000381,0.019036288,120985563.6,0.001476577,0.001476577,0.000334572,2,60,16.66666667
dataset_batch_7_geo_batch7_0364,dataset_batch_7_geo_batch7_0364_sim_001,1.1467601,0.563615018,647.0975044,0.166579248,0.123978798,23.05648691,0.70833679,0,SUCCESS,0,0.000284322,1.126487851,1.040518522,13.5,8.999999046,0.012492564,125630031.4,0.001489601,0.001489601,0.000963631,2,60,16.66666667
dataset_batch_7_geo_batch7_0365,dataset_batch_7_geo_batch7_0365_sim_001,0.930656358,0.48481553,254.275565,0.178026842,0.088670226,21.35296185,0.513978892,0,SUCCESS,0,0.000340877,1.126487851,1.040518522,15.74999905,8.999999046,0.013682332,103973993.8,0.003261662,0.003261662,0.001494657,2,60,16.66666667
dataset_batch_7_geo_batch7_0366,dataset_batch_7_geo_batch7_0366_sim_001,1.15455496,0.628268048,864.9506704,0.341744518,0.044165923,22.37369319,0.745057358,0,SUCCESS,0,0.00023199,1.126487851,1.040518522,13.5,6.75,0.012492564,121339206.5,0.000888378,0.000888378,0.000470654,2,60,16.66666667
dataset_batch_7_geo_batch7_0367,dataset_batch_7_geo_batch7_0367_sim_001,0.999052808,0.563774676,274.8523612,0.189043309,0.044166926,20.88981551,0.589212348,0,SUCCESS,0,0.000270613,1.082659483,1.040518522,90,8.999999046,0.016061868,106740968.1,0.002943218,0.002943218,0.001314177,2,60,16.66666667
dataset_batch_7_geo_batch7_0368,dataset_batch_7_geo_batch7_0368_sim_001,1.109421429,0.56776368,175.6717509,0.236434949,0.079023229,23.93018091,0.494634682,0,SUCCESS,0,0.001386417,1.040518522,1.040518522,90,9.000002861,0.013087448,125750006.1,0.006337156,0.006337156,0.001773822,2,60,16.66666667
dataset_batch_7_geo_batch7_0369,dataset_batch_7_geo_batch7_0369_sim_001,0.901876836,0.471566245,388.8875061,0.26876044,0.072604592,20.93562433,0.503312619,0,SUCCESS,0,0.000264427,1.126487851,1.040518522,15.75,8.999999046,0.015466984,100361529.7,0.001948251,0.001948251,0.000806448,2,60,16.66666667
dataset_batch_7_geo_batch7_0370,dataset_batch_7_geo_batch7_0370_sim_001,1.057155613,0.465946279,440.448568,0.326870805,0.084588196,25.57805791,0.442270166,0,SUCCESS,0,0.000246135,1.082659483,1.040518522,13.5,6.75,0.010707912,130832678.3,0.002463883,0.002463883,0.000701012,2,60,16.66666667
dataset_batch_7_geo_batch7_0371,dataset_batch_7_geo_batch7_0371_sim_001,0.935418091,0.540090966,171.8441644,0.216283284,0.058186669,20.65701586,0.446762097,0,SUCCESS,0,0.001496212,1.082659483,1.040518522,90,90,0.021415824,98786914.35,0.00505417,0.00505417,0.001173866,2,60,16.66666667
dataset_batch_7_geo_batch7_0372,dataset_batch_7_geo_batch7_0372_sim_001,1.050283759,0.542208733,767.1453395,0.314919801,0.056773927,23.87018818,0.627671061,0,SUCCESS,0,0.00018468,1.082659483,1.040518522,13.5,6.75,0.011302796,114856084.1,0.0010436,0.0010436,0.000501505,2,60,16.66666667
dataset_batch_7_geo_batch7_0373,dataset_batch_7_geo_batch7_0373_sim_001,1.102578002,0.510217852,618.678166,0.32691109,0.047666255,25.3165696,0.51063004,0,SUCCESS,0,0.000337107,1.126487851,1.040518522,15.75,11.25,0.016061868,132305495.2,0.001703834,0.001703834,0.00054062,2,60,16.66666667
dataset_batch_7_geo_batch7_0374,dataset_batch_7_geo_batch7_0374_sim_001,1.048009368,0.518610462,726.8677502,0.178441296,0.111066306,21.85366181,0.430250318,0,SUCCESS,0,0.000486896,1.082659483,1.040518522,90,15.74999905,0.022010708,117401757,0.001556958,0.001556958,0.000458505,2,60,16.66666667
dataset_batch_7_geo_batch7_0375,dataset_batch_7_geo_batch7_0375_sim_001,1.148882988,0.624079754,659.7423951,0.302106614,0.057178385,23.39915506,0.797125093,0,SUCCESS,0,0.000400229,1.126487851,1.082659483,15.75,8.999999046,0.0148721,117605480.9,0.001098437,0.001098437,0.000766465,2,60,16.66666667
dataset_batch_7_geo_batch7_0376,dataset_batch_7_geo_batch7_0376_sim_001,1.021832455,0.497246302,297.4680923,0.219276219,0.117489017,20.24246997,0.472030184,0,SUCCESS,0,0.000831317,1.082659483,1.040518522,90,90,0.02082094,113782894,0.003463883,0.003463883,0.001205619,2,60,16.66666667
dataset_batch_7_geo_batch7_0377,dataset_batch_7_geo_batch7_0377_sim_001,1.13471177,0.529621411,156.7190511,0.284684748,0.122997055,22.82186899,0.573230017,0,SUCCESS,0,0.000484518,1.082659483,1.040518522,11.25,6.75,0.008328376,133170080.5,0.006726145,0.006726145,0.002705745,2,60,16.66666667
dataset_batch_7_geo_batch7_0378,dataset_batch_7_geo_batch7_0378_sim_001,1.134304455,0.577722422,934.2323386,0.185752637,0.095815404,21.28293089,0.503728872,0,SUCCESS,0,0.000518283,1.082659483,1.082659483,90,18,0.02379536,122765308.5,0.001249741,0.001249741,0.000392462,2,60,16.66666667
dataset_batch_7_geo_batch7_0379,dataset_batch_7_geo_batch7_0379_sim_001,1.066308767,0.514997987,840.6525537,0.335323856,0.045641246,22.31628085,0.58247387,0,SUCCESS,0,0.000319703,1.172071099,1.082659483,90,90,0.029149316,114033136.4,0.001051564,0.001051564,0.000449023,2,60,16.66666667
dataset_batch_7_geo_batch7_0380,dataset_batch_7_geo_batch7_0380_sim_001,1.14195365,0.497623874,755.8344596,0.298957702,0.069242217,26.21561406,0.508487738,0,SUCCESS,0,0.000237397,1.126487851,1.040518522,15.75,6.75,0.013682332,139874811.7,0.001529841,0.001529841,0.000531273,2,60,16.66666667
dataset_batch_7_geo_batch7_0381,dataset_batch_7_geo_batch7_0381_sim_001,0.98660577,0.457256093,834.333712,0.150303219,0.092643669,22.49357433,0.442111105,0,SUCCESS,0,0.000209851,1.126487851,1.040518522,90,90,0.026174896,113043413.6,0.001264594,0.001264594,0.000508421,2,60,16.66666667
dataset_batch_7_geo_batch7_0382,dataset_batch_7_geo_batch7_0382_sim_001,1.01172747,0.507224615,485.7842166,0.151845845,0.049513205,25.16977304,0.504325776,0,SUCCESS,0,0.000204446,1.126487851,1.040518522,15.75,6.75,0.013682332,117238809.3,0.00203678,0.00203678,0.000845729,2,60,16.66666667
dataset_batch_7_geo_batch7_0383,dataset_batch_7_geo_batch7_0383_sim_001,1.030516845,0.471707994,284.1304414,0.302030542,0.095961577,25.94931213,0.404160255,0,SUCCESS,0,0.000154975,1.040518522,1,11.25,4.499999523,0.007138608,128143228.5,0.003878061,0.003878061,0.000948318,2,60,16.66666667
dataset_batch_7_geo_batch7_0384,dataset_batch_7_geo_batch7_0384_sim_001,0.994227112,0.479787252,889.7989448,0.277691862,0.087759371,20.56701952,0.466171262,0,SUCCESS,0,0.000319903,1.082659483,1.040518522,90,90,0.023200476,109593338.1,0.001087967,0.001087967,0.000358404,2,60,16.66666667
dataset_batch_7_geo_batch7_0385,dataset_batch_7_geo_batch7_0385_sim_001,1.15553035,0.591185276,148.4175048,0.215207596,0.044923829,25.75141612,0.524953922,0,SUCCESS,0,0.000415933,1.040518522,1.040518522,90,90,0.012492564,134088236.1,0.007787085,0.007787085,0.002338046,2,60,16.66666667
dataset_batch_7_geo_batch7_0386,dataset_batch_7_geo_batch7_0386_sim_001,1.165439605,0.636439744,761.1564947,0.163093383,0.051485236,22.6307675,0.493552031,0,SUCCESS,0,0.000875896,1.126487851,1.082659483,90,22.50000191,0.030339084,122312972.7,0.001586456,0.001586456,0.000399296,2,60,16.66666667
dataset_batch_7_geo_batch7_0387,dataset_batch_7_geo_batch7_0387_sim_001,1.09814764,0.575073192,621.9383603,0.281578707,0.053065807,24.25002039,0.597969482,0,SUCCESS,0,5.03E-05,1.040518522,1,9,0,0.00594884,123006223.5,0.001499416,0.001499416,0.000568227,1,60,16.66666667
dataset_batch_7_geo_batch7_0388,dataset_batch_7_geo_batch7_0388_sim_001,1.158073642,0.600488447,710.1843877,0.302290698,0.058308037,23.40043523,0.731822064,0,SUCCESS,0,0.000353365,1.126487851,1.082659483,15.74999905,8.999999046,0.013682332,124220008.7,0.0011783,0.0011783,0.000670707,2,60,16.66666667
dataset_batch_7_geo_batch7_0389,dataset_batch_7_geo_batch7_0389_sim_001,1.155080965,0.573432983,806.0568069,0.34435517,0.070210201,24.14980133,0.530104927,0,SUCCESS,0,3.55E-05,1.040518522,1,90,0,0.010707912,136227423.8,0.001341807,0.001341807,0.000332949,1,60,16.66666667
dataset_batch_7_geo_batch7_0390,dataset_batch_7_geo_batch7_0390_sim_001,1.000442404,0.403449968,554.6137462,0.214159038,0.121094032,23.77740642,0.419028425,0,SUCCESS,0,0.000369159,1.172071099,1.082659483,90,90,0.024985128,122791532.2,0.002021236,0.002021236,0.000824205,2,60,16.66666667
dataset_batch_7_geo_batch7_0391,dataset_batch_7_geo_batch7_0391_sim_001,1.126327185,0.540443104,585.1194839,0.209876091,0.120059075,23.87184486,0.638053684,0,SUCCESS,0,0.000217173,1.082659483,1.040518522,13.5,6.75,0.010707912,127418572.6,0.001710257,0.001710257,0.000917238,2,60,16.66666667
dataset_batch_7_geo_batch7_0392,dataset_batch_7_geo_batch7_0392_sim_001,1.007752029,0.552032166,129.9114947,0.150400744,0.103325791,22.19505893,0.425078254,0,SUCCESS,0,0.001462876,1.040518522,1.040518522,18,13.50000477,0.010707912,112368314.3,0.007980822,0.007980822,0.001956933,2,60,16.66666667
dataset_batch_7_geo_batch7_0393,dataset_batch_7_geo_batch7_0393_sim_001,1.115570164,0.525437466,986.9698831,0.16350308,0.115830885,21.90572019,0.57613738,0,SUCCESS,0,0.000176675,1.126487851,1,90,90,0.021415824,123396786.7,0.001105081,0.001105081,0.000538452,2,60,16.66666667
dataset_batch_7_geo_batch7_0394,dataset_batch_7_geo_batch7_0394_sim_001,1.153722232,0.612218397,504.2626158,0.307683006,0.048221371,22.38647757,0.603353443,0,SUCCESS,0,0.000189926,1.040518522,1,90,4.500001431,0.013087448,126686652.4,0.001964863,0.001964863,0.00061864,2,60,16.66666667
dataset_batch_7_geo_batch7_0395,dataset_batch_7_geo_batch7_0395_sim_001,1.102165312,0.512427017,832.4948385,0.30899304,0.061207057,26.53392663,0.523989148,0,SUCCESS,0,0.000127367,1.082659483,1,13.5,2.249999762,0.009518144,131344121.9,0.001260637,0.001260637,0.000431375,2,60,16.66666667
dataset_batch_7_geo_batch7_0396,dataset_batch_7_geo_batch7_0396_sim_001,1.058895205,0.524858801,816.4625524,0.305699351,0.088498091,20.52714812,0.611052927,0,SUCCESS,0,0.000234562,1.126487851,1.040518522,90,90,0.024390244,111970077.5,0.001046292,0.001046292,0.000504321,2,60,16.66666667
dataset_batch_7_geo_batch7_0397,dataset_batch_7_geo_batch7_0397_sim_001,1.00478382,0.570266344,826.8750784,0.178175217,0.102550306,20.34731878,0.462213138,0,SUCCESS,0,0.000268661,1.040518522,1.040518522,18,11.25000381,0.010707912,108326687.9,0.001172106,0.001172106,0.000288584,2,60,16.66666667
dataset_batch_7_geo_batch7_0398,dataset_batch_7_geo_batch7_0398_sim_001,1.078983953,0.507668398,866.0529562,0.183241256,0.105524935,22.49215776,0.418808515,0,SUCCESS,0,0.000598561,1.082659483,1.082659483,90,18,0.027959548,121963654.2,0.001403086,0.001403086,0.000422972,2,60,16.66666667
dataset_batch_7_geo_batch7_0399,dataset_batch_7_geo_batch7_0399_sim_001,1.095831493,0.472355751,975.2846992,0.248096851,0.046778269,26.75628126,0.431437212,0,SUCCESS,0,0.000223703,1.126487851,1.040518522,90,90,0.026174896,130569812.1,0.001252521,0.001252521,0.000400001,2,60,16.66666667
dataset_batch_7_geo_batch7_0400,dataset_batch_7_geo_batch7_0400_sim_001,1.1129018,0.582172399,954.5188557,0.153562774,0.064692282,25.20028394,0.416742206,0,SUCCESS,0,0.000432443,1.082659483,1.040518522,90,18,0.022010708,124875165.5,0.001289449,0.001289449,0.000296221,2,60,16.66666667
dataset_batch_7_geo_batch7_0401,dataset_batch_7_geo_batch7_0401_sim_001,1.144343094,0.534807206,919.9888248,0.161191306,0.103396176,24.40437942,0.515048619,0,SUCCESS,0,7.98E-05,1.082659483,1,90,0,0.0148721,135730443,0.001314796,0.001314796,0.000513458,1,60,16.66666667
dataset_batch_7_geo_batch7_0402,dataset_batch_7_geo_batch7_0402_sim_001,1.146079081,0.534799199,293.5425968,0.187775592,0.101821893,24.52873685,0.527187251,0,SUCCESS,0,0.000229269,1.082659483,1.040518522,90,6.75,0.010707912,137466829.9,0.004044374,0.004044374,0.001575785,2,60,16.66666667
dataset_batch_7_geo_batch7_0403,dataset_batch_7_geo_batch7_0403_sim_001,1.157246626,0.592989301,281.6148771,0.175042644,0.043516617,26.56141686,0.473068196,0,SUCCESS,0,0.000776127,1.040518522,1.040518522,90,13.50000477,0.016656752,131850318.5,0.004387892,0.004387892,0.001180607,2,60,16.66666667
dataset_batch_7_geo_batch7_0404,dataset_batch_7_geo_batch7_0404_sim_001,1.029281728,0.464439661,949.8823476,0.343000976,0.119275878,20.9073193,0.478618307,0,SUCCESS,0,0.00024044,1.082659483,1.040518522,90,6.750002384,0.019036288,117315513.4,0.001028165,0.001028165,0.000336251,2,60,16.66666667
dataset_batch_7_geo_batch7_0405,dataset_batch_7_geo_batch7_0405_sim_001,0.700083641,0.40718721,130.7469131,0.295571494,0.057424531,21.43208966,0.515913712,0,SUCCESS,0,0.001216083,1.268786311,1.219479561,24.75,20.24999809,0.037477692,68490773.46,0.003019001,0.003019001,0.002312166,2,60,16.66666667
dataset_batch_7_geo_batch7_0406,dataset_batch_7_geo_batch7_0406_sim_001,1.063928681,0.581747088,585.9602559,0.15210945,0.067398973,22.14951771,0.720592409,0,SUCCESS,0,0.000316339,1.126487851,1.082659483,15.75,9,0.015466984,109720788.8,0.001333903,0.001333903,0.000934504,2,60,16.66666667
dataset_batch_7_geo_batch7_0407,dataset_batch_7_geo_batch7_0407_sim_001,1.032312096,0.500178555,236.5641058,0.254677724,0.044332773,26.24962159,0.400715861,0,SUCCESS,0,0.000647745,1.082659483,1.040518522,90,90,0.019631172,121355073.9,0.004734062,0.004734062,0.001116502,2,60,16.66666667
dataset_batch_7_geo_batch7_0408,dataset_batch_7_geo_batch7_0408_sim_001,1.095870608,0.635155041,940.3452329,0.258610019,0.078094001,20.40768318,0.781976526,0,SUCCESS,0,0.000127831,1.082659483,1,13.5,2.249999762,0.010707912,108775836.8,0.000716433,0.000716433,0.000498144,2,60,16.66666667
dataset_batch_7_geo_batch7_0409,dataset_batch_7_geo_batch7_0409_sim_001,1.113762673,0.517135545,409.3921823,0.164359854,0.070187079,27.35137569,0.426552225,0,SUCCESS,0,0.000224236,1.082659483,1.040518522,90,90,0.01784652,135688442.2,0.003093136,0.003093136,0.000953827,2,60,16.66666667
dataset_batch_7_geo_batch7_0410,dataset_batch_7_geo_batch7_0410_sim_001,1.099403798,0.567570013,197.8155771,0.329846197,0.070108463,22.71705779,0.503334935,0,SUCCESS,0,0.000938336,1.040518522,1.040518522,90,13.50000477,0.014277216,122353167.3,0.005220789,0.005220789,0.001192901,2,60,16.66666667
dataset_batch_7_geo_batch7_0411,dataset_batch_7_geo_batch7_0411_sim_001,0.904056338,0.456183482,646.2185708,0.250469246,0.09496482,20.62978842,0.500412478,0,SUCCESS,0,0.000175482,1.126487851,1.040518522,15.75,6.75,0.015466984,101737605.9,0.001213108,0.001213108,0.000543161,2,60,16.66666667
dataset_batch_7_geo_batch7_0412,dataset_batch_7_geo_batch7_0412_sim_001,0.892501933,0.484924119,237.3615763,0.243043851,0.073429062,20.44722434,0.569428462,0,SUCCESS,0,0.000592357,1.172071099,1.082659483,18,13.5,0.019036288,94229133.52,0.002788761,0.002788761,0.001571864,2,60,16.66666667
dataset_batch_7_geo_batch7_0413,dataset_batch_7_geo_batch7_0413_sim_001,1.163023732,0.487647423,830.3008404,0.344507334,0.052134263,26.58917892,0.451224893,0,SUCCESS,0,0.000424611,1.126487851,1.082659483,90,90,0.025580012,138472150,0.001489922,0.001489922,0.000397631,2,60,16.66666667
dataset_batch_7_geo_batch7_0414,dataset_batch_7_geo_batch7_0414_sim_001,1.092674151,0.532340543,882.4972247,0.30690262,0.063403018,24.04560791,0.549639367,0,SUCCESS,0,0.000428397,1.126487851,1.040518522,13.5,2.249999762,0.011302796,127162511.6,0.001128856,0.001128856,0.000398254,2,60,16.66666667
dataset_batch_7_geo_batch7_0415,dataset_batch_7_geo_batch7_0415_sim_001,1.116450211,0.587493928,701.1531555,0.31266181,0.060446523,22.16574904,0.70307971,0,SUCCESS,0,0.000314886,1.126487851,1.040518522,13.5,8.999999046,0.013087448,119427625.9,0.001138628,0.001138628,0.000617187,2,60,16.66666667
dataset_batch_7_geo_batch7_0416,dataset_batch_7_geo_batch7_0416_sim_001,1.073512255,0.576189284,768.1624384,0.206054611,0.056427844,23.62261022,0.706954137,0,SUCCESS,0,0.000244797,1.126487851,1.040518522,15.75,8.999999046,0.0148721,112451125.5,0.001032437,0.001032437,0.000668151,2,60,16.66666667
dataset_batch_7_geo_batch7_0417,dataset_batch_7_geo_batch7_0417_sim_001,1.162215932,0.529752366,625.4481723,0.208530864,0.113337766,24.0718707,0.580678973,0,SUCCESS,0,0.000218178,1.082659483,1.040518522,90,6.75,0.014277216,137267964.8,0.001833991,0.001833991,0.00083448,2,60,16.66666667
dataset_batch_7_geo_batch7_0418,dataset_batch_7_geo_batch7_0418_sim_001,0.855896357,0.468777127,181.5960953,0.250848901,0.095293727,20.53505023,0.457864347,0,SUCCESS,0,0.000123148,1.040518522,1,11.25,2.249999762,0.007138608,95230675.36,0.004065359,0.004065359,0.001382687,2,60,16.66666667
dataset_batch_7_geo_batch7_0419,dataset_batch_7_geo_batch7_0419_sim_001,1.116209003,0.518014087,458.2207416,0.253380104,0.126856364,21.92341516,0.583386896,0,SUCCESS,0,0.000281863,1.082659483,1.040518522,90,90,0.017251636,127574963,0.002261351,0.002261351,0.001032772,2,60,16.66666667
dataset_batch_7_geo_batch7_0420,dataset_batch_7_geo_batch7_0420_sim_001,1.042834409,0.553096135,986.1115282,0.329118336,0.066403367,21.94234823,0.444638717,0,SUCCESS,0,0.000696765,1.082659483,1.040518522,90,18,0.024390244,115697132.6,0.001061113,0.001061113,0.000233033,2,60,16.66666667
dataset_batch_7_geo_batch7_0421,dataset_batch_7_geo_batch7_0421_sim_001,1.00229845,0.529929565,608.8365271,0.196783137,0.047887464,22.01334966,0.483617535,0,SUCCESS,0,0.000421429,1.082659483,1.040518522,90,90,0.024390244,108046419,0.001585782,0.001585782,0.000518757,2,60,16.66666667
dataset_batch_7_geo_batch7_0422,dataset_batch_7_geo_batch7_0422_sim_001,0.977679048,0.482015424,800.5061706,0.178850839,0.064592026,24.02305424,0.42930265,0,SUCCESS,0,0.000128034,1.126487851,1,90,90,0.022010708,113694968.4,0.001277284,0.001277284,0.000420727,2,60,16.66666667
dataset_batch_7_geo_batch7_0423,dataset_batch_7_geo_batch7_0423_sim_001,1.145000681,0.529532019,301.156806,0.336773869,0.105563468,23.13991329,0.515543552,0,SUCCESS,0,0.000148186,1.040518522,1,90,90,0.012492564,136736231.8,0.003679359,0.003679359,0.001069418,2,60,16.66666667
dataset_batch_7_geo_batch7_0424,dataset_batch_7_geo_batch7_0424_sim_001,0.92184039,0.575104792,873.7944194,0.162734604,0.05928461,21.70956787,0.41066594,0,SUCCESS,0,0.000225024,1.040518522,1.040518522,20.25,11.25000381,0.011302796,97755650.76,0.000992,0.000992,0.000149532,2,60,16.66666667
dataset_batch_7_geo_batch7_0425,dataset_batch_7_geo_batch7_0425_sim_001,0.956231337,0.500535286,714.7824721,0.19028999,0.048276084,24.80609854,0.408114193,0,SUCCESS,0,8.69E-05,1.082659483,1,90,0,0.01784652,111601940.1,0.001382535,0.001382535,0.0003631,1,60,16.66666667
dataset_batch_7_geo_batch7_0426,dataset_batch_7_geo_batch7_0426_sim_001,1.123815665,0.580115781,860.3266487,0.214190072,0.058384693,24.68085467,0.647271431,0,SUCCESS,0,0.000123713,1.082659483,1,11.25,2.249999762,0.009518144,124307475.2,0.001109627,0.001109627,0.000545179,2,60,16.66666667
dataset_batch_7_geo_batch7_0427,dataset_batch_7_geo_batch7_0427_sim_001,1.08564549,0.582072738,729.4685834,0.304311405,0.050594095,20.24878777,0.636330519,0,SUCCESS,0,0.000309445,1.082659483,1.040518522,90,90,0.022605592,110986490.3,0.001155435,0.001155435,0.000494152,2,60,16.66666667
dataset_batch_7_geo_batch7_0428,dataset_batch_7_geo_batch7_0428_sim_001,1.153999645,0.544357524,472.0816674,0.186907383,0.119876382,22.11210016,0.537991869,0,SUCCESS,0,0.000414499,1.082659483,1.040518522,90,90,0.01784652,130518939.5,0.002508747,0.002508747,0.000988801,2,60,16.66666667
dataset_batch_7_geo_batch7_0429,dataset_batch_7_geo_batch7_0429_sim_001,1.11273276,0.58650962,481.4795121,0.288496422,0.049628992,23.0556297,0.616144542,0,SUCCESS,0,0.000121194,1.082659483,1,11.25,2.249999762,0.007733492,123844371.1,0.001921241,0.001921241,0.000741111,2,60,16.66666667
dataset_batch_7_geo_batch7_0430,dataset_batch_7_geo_batch7_0430_sim_001,1.040407697,0.525341227,701.9139044,0.204232728,0.126156622,21.44463051,0.432541887,0,SUCCESS,0,0.00036776,1.040518522,1.040518522,90,13.50000477,0.0148721,117412823.3,0.001566491,0.001566491,0.000422932,2,60,16.66666667
dataset_batch_7_geo_batch7_0431,dataset_batch_7_geo_batch7_0431_sim_001,0.874718491,0.483468724,207.3429018,0.327714942,0.069643794,20.44312349,0.523844666,0,SUCCESS,0,0.000325008,1.082659483,1.040518522,13.5,8.999999046,0.011302796,93864053.38,0.00310488,0.00310488,0.001256676,2,60,16.66666667
dataset_batch_7_geo_batch7_0432,dataset_batch_7_geo_batch7_0432_sim_001,1.122416113,0.537256785,867.7606454,0.250783852,0.087387461,23.46174657,0.505546721,0,SUCCESS,0,0.000168099,1.082659483,1,90,6.750002384,0.016061868,128969136.8,0.00130868,0.00130868,0.00042267,2,60,16.66666667
dataset_batch_7_geo_batch7_0433,dataset_batch_7_geo_batch7_0433_sim_001,1.060834867,0.529840085,982.2307198,0.282854698,0.12584039,21.0759865,0.667024658,0,SUCCESS,0,0.000169287,1.082659483,1.040518522,13.5,6.75,0.011302796,115077702.6,0.000812947,0.000812947,0.000491923,2,60,16.66666667
dataset_batch_7_geo_batch7_0434,dataset_batch_7_geo_batch7_0434_sim_001,0.713271555,0.403138234,795.1780154,0.226613695,0.104428984,20.43108384,0.410707612,0,SUCCESS,0,5.89E-05,1.126487851,1,15.75,0,0.013682332,77010451.87,0.000728544,0.000728544,0.000288433,1,60,16.66666667
dataset_batch_7_geo_batch7_0435,dataset_batch_7_geo_batch7_0435_sim_001,1.137768764,0.621353601,606.4194201,0.16434971,0.076532198,21.34753347,0.645835805,0,SUCCESS,0,0.000106602,1.040518522,1,90,0,0.013087448,122294868.5,0.001608656,0.001608656,0.000726265,1,60,16.66666667
dataset_batch_7_geo_batch7_0436,dataset_batch_7_geo_batch7_0436_sim_001,0.998419001,0.546863152,878.2029144,0.215511741,0.059036533,20.49384801,0.640495609,0,SUCCESS,0,0.000191522,1.126487851,1.040518522,90,8.999999046,0.022605592,103520698.9,0.000850441,0.000850441,0.00049276,2,60,16.66666667
dataset_batch_7_geo_batch7_0437,dataset_batch_7_geo_batch7_0437_sim_001,1.086184398,0.565795316,422.156127,0.338324115,0.070318725,23.34222389,0.430944747,0,SUCCESS,0,0.000896678,1.082659483,1.040518522,90,18,0.020226056,121667307.8,0.002616068,0.002616068,0.000385659,2,60,16.66666667
dataset_batch_7_geo_batch7_0438,dataset_batch_7_geo_batch7_0438_sim_001,1.101980351,0.607362267,986.9432438,0.288066726,0.076101312,20.27406664,0.741955265,0,SUCCESS,0,0.000175575,1.126487851,1.040518522,90,6.75,0.017251636,112994210.2,0.000740565,0.000740565,0.000460322,2,60,16.66666667
dataset_batch_7_geo_batch7_0439,dataset_batch_7_geo_batch7_0439_sim_001,1.16577562,0.52313905,334.8585568,0.16243434,0.101865333,24.69396182,0.592682835,0,SUCCESS,0,0.000631375,1.126487851,1.082659483,90,90,0.022605592,135273836.8,0.00349534,0.00349534,0.001772434,2,60,16.66666667
dataset_batch_7_geo_batch7_0440,dataset_batch_7_geo_batch7_0440_sim_001,0.863107398,0.477264402,676.7647484,0.289808708,0.064439077,20.38737452,0.453032068,0,SUCCESS,0,7.83E-05,1.082659483,1,13.5,0,0.011302796,96285693.94,0.001089464,0.001089464,0.000317443,1,60,16.66666667
dataset_batch_7_geo_batch7_0441,dataset_batch_7_geo_batch7_0441_sim_001,0.8898863,0.487849374,224.8031971,0.338623447,0.058643326,20.46126991,0.538317052,0,SUCCESS,0,0.000444637,1.126487851,1.082659483,15.75,11.25,0.0148721,95399848.74,0.002859675,0.002859675,0.001203673,2,60,16.66666667
dataset_batch_7_geo_batch7_0442,dataset_batch_7_geo_batch7_0442_sim_001,1.138886718,0.488491629,357.9083663,0.208619984,0.113171221,25.72313728,0.453337699,0,SUCCESS,0,0.000313746,1.082659483,1.040518522,90,8.999999046,0.015466984,142026302.5,0.003591827,0.003591827,0.001247066,2,60,16.66666667
dataset_batch_7_geo_batch7_0443,dataset_batch_7_geo_batch7_0443_sim_001,1.14432414,0.521492645,132.2365816,0.219433541,0.117702198,26.5808542,0.406863289,0,SUCCESS,0,0.000376953,1.040518522,1.040518522,90,90,0.01189768,143160209.9,0.010011563,0.010011563,0.002563671,2,60,16.66666667
dataset_batch_7_geo_batch7_0444,dataset_batch_7_geo_batch7_0444_sim_001,1.098641105,0.610677712,531.0114724,0.163030686,0.087928418,20.86271276,0.680657353,0,SUCCESS,0,8.68E-05,1.040518522,1,90,0,0.007733492,116381927.9,0.001633878,0.001633878,0.000877766,1,60,16.66666667
dataset_batch_7_geo_batch7_0445,dataset_batch_7_geo_batch7_0445_sim_001,1.128643919,0.602268454,915.3873935,0.179231593,0.077090912,21.65426449,0.514292033,0,SUCCESS,0,0.00047844,1.082659483,1.040518522,90,18,0.022605592,120646880.6,0.001231095,0.001231095,0.000364465,2,60,16.66666667
dataset_batch_7_geo_batch7_0446,dataset_batch_7_geo_batch7_0446_sim_001,0.884118556,0.481940964,648.5628884,0.308971013,0.05654306,20.22648367,0.406608675,0,SUCCESS,0,0.000593507,1.082659483,1.082659483,90,90,0.031528852,94112613.5,0.00127962,0.00127962,0.000264102,2,60,16.66666667
dataset_batch_7_geo_batch7_0447,dataset_batch_7_geo_batch7_0447_sim_001,1.017477985,0.545227961,668.3221786,0.271565397,0.049500117,21.21111631,0.48934249,0,SUCCESS,0,0.000548391,1.082659483,1.040518522,90,18,0.026174896,108181829.8,0.001421566,0.001421566,0.00038442,2,60,16.66666667
dataset_batch_7_geo_batch7_0448,dataset_batch_7_geo_batch7_0448_sim_001,1.162174308,0.519820896,771.9584214,0.28178372,0.101578877,23.51782696,0.49718984,0,SUCCESS,0,0.000297957,1.082659483,1.040518522,90,90,0.019631172,134664745.8,0.00156898,0.00156898,0.000500045,2,60,16.66666667
dataset_batch_7_geo_batch7_0449,dataset_batch_7_geo_batch7_0449_sim_001,1.049823816,0.514887162,450.5657465,0.153026193,0.051189229,25.41466788,0.537624209,0,SUCCESS,0,0.00029701,1.126487851,1.040518522,15.75,8.999999046,0.0148721,121450425.8,0.0022621,0.0022621,0.001024662,2,60,16.66666667
dataset_batch_7_geo_batch7_0450,dataset_batch_7_geo_batch7_0450_sim_001,0.996100819,0.487267674,192.9163818,0.294930159,0.061828307,22.82318306,0.450969309,0,SUCCESS,0,0.000944108,1.082659483,1.040518522,90,90,0.022010708,112426766.8,0.00505813,0.00505813,0.001438793,2,60,16.66666667
dataset_batch_7_geo_batch7_0451,dataset_batch_7_geo_batch7_0451_sim_001,1.022853454,0.502285883,608.8518672,0.326237839,0.051808702,22.05741084,0.446095418,0,SUCCESS,0,0.000850573,1.082659483,1.082659483,90,90,0.031528852,111975979.5,0.001658682,0.001658682,0.000407984,2,60,16.66666667
dataset_batch_7_geo_batch7_0452,dataset_batch_7_geo_batch7_0452_sim_001,1.161037263,0.580786469,919.2070863,0.161377467,0.087000788,22.25092833,0.692703271,0,SUCCESS,0,0.000235859,1.126487851,1.040518522,90,90,0.024985128,121879614.7,0.001088329,0.001088329,0.000644384,2,60,16.66666667
dataset_batch_7_geo_batch7_0453,dataset_batch_7_geo_batch7_0453_sim_001,1.137540178,0.534630878,398.0911641,0.168093337,0.123069197,22.44713445,0.479968084,0,SUCCESS,0,0.000822051,1.082659483,1.040518522,90,90,0.023200476,128533878.5,0.003108784,0.003108784,0.001084886,2,60,16.66666667
dataset_batch_7_geo_batch7_0454,dataset_batch_7_geo_batch7_0454_sim_001,1.072710102,0.478413591,325.0201602,0.248473282,0.110860729,25.26989788,0.426090732,0,SUCCESS,0,0.000208931,1.082659483,1.040518522,11.25,4.499999523,0.00892326,133769822.5,0.003627407,0.003627407,0.001085382,2,60,16.66666667
dataset_batch_7_geo_batch7_0455,dataset_batch_7_geo_batch7_0455_sim_001,1.164363217,0.57627614,894.8135554,0.187598033,0.056369442,25.26305534,0.475771612,0,SUCCESS,0,0.000394524,1.082659483,1.040518522,90,15.74999905,0.023200476,130564675.1,0.001406207,0.001406207,0.000408431,2,60,16.66666667
dataset_batch_7_geo_batch7_0456,dataset_batch_7_geo_batch7_0456_sim_001,1.020276093,0.560586486,232.9361428,0.156554715,0.097411011,20.46563219,0.445774629,0,SUCCESS,0,0.001775466,1.082659483,1.082659483,90,20.25,0.022010708,109588032.1,0.004437026,0.004437026,0.00116187,2,60,16.66666667
dataset_batch_7_geo_batch7_0457,dataset_batch_7_geo_batch7_0457_sim_001,1.155219348,0.608079004,810.1726396,0.154270079,0.042769969,25.60526507,0.433508316,0,SUCCESS,0,0.000664658,1.082659483,1.082659483,90,20.25,0.02676978,127711755.3,0.001576287,0.001576287,0.000360535,2,60,16.66666667
dataset_batch_7_geo_batch7_0458,dataset_batch_7_geo_batch7_0458_sim_001,1.11319808,0.588393558,642.0541576,0.254512389,0.052440992,24.1847215,0.599405758,0,SUCCESS,0,3.53E-05,1.040518522,1,6.75,0,0.004759072,124788312.6,0.001505092,0.001505092,0.000566766,1,60,16.66666667
dataset_batch_7_geo_batch7_0459,dataset_batch_7_geo_batch7_0459_sim_001,1.081788202,0.588851087,926.3898475,0.249114486,0.081781627,21.63195823,0.707959574,0,SUCCESS,0,0.000131931,1.082659483,1,13.5,4.499999523,0.010707912,113123688.7,0.000835786,0.000835786,0.000501246,2,60,16.66666667
dataset_batch_7_geo_batch7_0460,dataset_batch_7_geo_batch7_0460_sim_001,0.98453946,0.563587092,504.091268,0.330499154,0.053169266,20.20317913,0.705730815,0,SUCCESS,0,0.000405273,1.126487851,1.082659483,18,11.25,0.01784652,97919553.08,0.001109603,0.001109603,0.00077508,2,60,16.66666667
dataset_batch_7_geo_batch7_0461,dataset_batch_7_geo_batch7_0461_sim_001,1.056770581,0.561913693,524.6978483,0.152636576,0.076448238,20.280764,0.590212753,0,SUCCESS,0,0.000336271,1.082659483,1.040518522,90,90,0.021415824,110998604.7,0.001782629,0.001782629,0.00083487,2,60,16.66666667
dataset_batch_7_geo_batch7_0462,dataset_batch_7_geo_batch7_0462_sim_001,1.058691488,0.57132257,238.8653922,0.154868739,0.063536768,21.42931211,0.524676494,0,SUCCESS,0,0.001075985,1.082659483,1.040518522,90,90,0.022605592,112813827.1,0.004215208,0.004215208,0.001486647,2,60,16.66666667
dataset_batch_7_geo_batch7_0463,dataset_batch_7_geo_batch7_0463_sim_001,1.009495859,0.486847525,608.0235915,0.345553297,0.046013761,22.66272187,0.45699502,0,SUCCESS,0,0.000492449,1.126487851,1.040518522,90,90,0.028554432,112137036,0.001580197,0.001580197,0.000416623,2,60,16.66666667
dataset_batch_7_geo_batch7_0464,dataset_batch_7_geo_batch7_0464_sim_001,1.032058896,0.55190739,737.6782757,0.312021187,0.080211049,20.20801175,0.573693877,0,SUCCESS,0,3.82E-05,1.040518522,1,90,0,0.010707912,113475427.3,0.001134454,0.001134454,0.000410311,1,60,16.66666667
dataset_batch_7_geo_batch7_0465,dataset_batch_7_geo_batch7_0465_sim_001,1.08454486,0.546930932,428.7058505,0.251097372,0.055063853,24.44700316,0.531696348,0,SUCCESS,0,0.00012451,1.082659483,1,11.25,2.249999762,0.008328376,126011852.6,0.002391061,0.002391061,0.00081306,2,60,16.66666667
dataset_batch_7_geo_batch7_0466,dataset_batch_7_geo_batch7_0466_sim_001,1.053476836,0.504660278,821.3881104,0.284185709,0.077490266,24.05641002,0.416147534,0,SUCCESS,0,0.000327245,1.082659483,1.040518522,90,13.50000477,0.019631172,121209570.3,0.00136764,0.00136764,0.000320076,2,60,16.66666667
dataset_batch_7_geo_batch7_0467,dataset_batch_7_geo_batch7_0467_sim_001,0.940670445,0.458033921,568.0464209,0.167358148,0.096635533,21.98854264,0.490895731,0,SUCCESS,0,0.000223537,1.126487851,1.040518522,15.75,8.999999046,0.016656752,108476279,0.001586431,0.001586431,0.000740192,2,60,16.66666667
dataset_batch_7_geo_batch7_0468,dataset_batch_7_geo_batch7_0468_sim_001,1.108056593,0.480015107,406.5320411,0.182714278,0.114601431,26.56897932,0.421953239,0,SUCCESS,0,0.000229892,1.082659483,1.040518522,13.5,6.75,0.010707912,139995129.6,0.003153226,0.003153226,0.001056361,2,60,16.66666667
dataset_batch_7_geo_batch7_0469,dataset_batch_7_geo_batch7_0469_sim_001,0.818805912,0.407434753,764.709107,0.152218312,0.099401109,21.43667413,0.409142232,0,SUCCESS,0,0.000144924,1.172071099,1.040518522,20.24999809,6.75,0.022605592,94998868.74,0.001052265,0.001052265,0.000444782,2,60,16.66666667
dataset_batch_7_geo_batch7_0470,dataset_batch_7_geo_batch7_0470_sim_001,1.083757875,0.563284551,466.6546069,0.344604869,0.053183908,22.41580045,0.599148106,0,SUCCESS,0,0.000180054,1.082659483,1.040518522,90,4.499999523,0.010707912,121056241.6,0.001857481,0.001857481,0.000672211,2,60,16.66666667
dataset_batch_7_geo_batch7_0471,dataset_batch_7_geo_batch7_0471_sim_001,0.991587917,0.570302365,796.4729892,0.217142423,0.048578034,21.25899558,0.749480806,0,SUCCESS,0,0.000328222,1.172071099,1.082659483,18,11.25,0.021415824,96264475.21,0.000730659,0.000730659,0.00064217,2,60,16.66666667
dataset_batch_7_geo_batch7_0472,dataset_batch_7_geo_batch7_0472_sim_001,0.937213864,0.468936926,652.5061449,0.280257754,0.060650179,21.60552538,0.497245039,0,SUCCESS,0,0.00021959,1.126487851,1.040518522,90,8.999999046,0.02379536,105042198.5,0.001265892,0.001265892,0.000502413,2,60,16.66666667
dataset_batch_7_geo_batch7_0473,dataset_batch_7_geo_batch7_0473_sim_001,1.093477559,0.475978463,287.2803887,0.189483711,0.110698263,26.2746012,0.438757185,0,SUCCESS,0,0.000342349,1.082659483,1.040518522,13.5,8.999999046,0.010707912,136742717,0.004295743,0.004295743,0.001518325,2,60,16.66666667
dataset_batch_7_geo_batch7_0474,dataset_batch_7_geo_batch7_0474_sim_001,1.096053467,0.592860319,733.2779449,0.305784994,0.044606686,21.55097649,0.563174908,0,SUCCESS,0,0.000292186,1.040518522,1.040518522,90,11.25000381,0.015466984,116632937.1,0.001297082,0.001297082,0.000371064,2,60,16.66666667
dataset_batch_7_geo_batch7_0475,dataset_batch_7_geo_batch7_0475_sim_001,1.074303611,0.462934406,984.4473506,0.281886144,0.126239088,23.79318205,0.464271848,0,SUCCESS,0,8.91E-05,1.082659483,1,13.5,0,0.009518144,132680988.7,0.001139729,0.001139729,0.000393296,1,60,16.66666667
dataset_batch_7_geo_batch7_0476,dataset_batch_7_geo_batch7_0476_sim_001,1.151895303,0.600035528,448.9785648,0.191911789,0.078240066,24.34857392,0.633109819,0,SUCCESS,0,5.30E-05,1.040518522,1,6.75,0,0.004759072,128865249.4,0.002276865,0.002276865,0.001014772,1,60,16.66666667
dataset_batch_7_geo_batch7_0477,dataset_batch_7_geo_batch7_0477_sim_001,0.882212791,0.507326497,189.5259368,0.291324253,0.067943328,20.33142123,0.666419382,0,SUCCESS,0,0.001080537,1.172071099,1.126487851,20.24999809,15.74999905,0.022605592,85677513.29,0.00254261,0.00254261,0.002173535,2,60,16.66666667
dataset_batch_7_geo_batch7_0478,dataset_batch_7_geo_batch7_0478_sim_001,1.011962973,0.476320588,892.5291428,0.345697145,0.060934542,20.8080138,0.498657606,0,SUCCESS,0,0.000518977,1.172071099,1.082659483,90,90,0.039262344,108330480.8,0.00102781,0.00102781,0.000355298,2,60,16.66666667
dataset_batch_7_geo_batch7_0479,dataset_batch_7_geo_batch7_0479_sim_001,1.154551231,0.521609404,467.0231993,0.156169359,0.116114094,23.76108155,0.684743858,0,SUCCESS,0,0.000757793,1.172071099,1.126487851,90,90,0.029149316,127517084.7,0.002236329,0.002236329,0.001493142,2,60,16.66666667
dataset_batch_7_geo_batch7_0480,dataset_batch_7_geo_batch7_0480_sim_001,1.138525239,0.638431014,949.8714914,0.153943326,0.0492215,24.27595762,0.429046926,0,SUCCESS,0,0.000652972,1.126487851,1.082659483,29.25000381,22.50000191,0.026174896,122073648.7,0.001292886,0.001292886,0.000239537,2,60,16.66666667
dataset_batch_7_geo_batch7_0481,dataset_batch_7_geo_batch7_0481_sim_001,1.132042761,0.634843925,506.1860419,0.24601109,0.087976967,20.22939367,0.766841919,0,SUCCESS,0,0.000236075,1.082659483,1.040518522,90,6.75,0.013087448,115827941,0.00151691,0.00151691,0.00095682,2,60,16.66666667
dataset_batch_7_geo_batch7_0482,dataset_batch_7_geo_batch7_0482_sim_001,1.034394865,0.482643971,823.9060091,0.273844236,0.082149399,22.32518187,0.458680829,0,SUCCESS,0,0.000317431,1.082659483,1.040518522,90,90,0.022605592,117006800.3,0.001276684,0.001276684,0.00040685,2,60,16.66666667
dataset_batch_7_geo_batch7_0483,dataset_batch_7_geo_batch7_0483_sim_001,0.965946739,0.489208322,163.3627767,0.156297871,0.094375584,22.39676308,0.519753265,0,SUCCESS,0,0.000534474,1.082659483,1.040518522,13.5,11.25,0.011302796,109463696.3,0.005479432,0.005479432,0.002569611,2,60,16.66666667
dataset_batch_7_geo_batch7_0484,dataset_batch_7_geo_batch7_0484_sim_001,1.115142729,0.640290513,325.170578,0.250875839,0.061793767,22.09444436,0.735333767,0,SUCCESS,0,0.000116577,1.040518522,1,9,2.249999762,0.00594884,114487587.4,0.002367123,0.002367123,0.001301791,2,60,16.66666667
dataset_batch_7_geo_batch7_0485,dataset_batch_7_geo_batch7_0485_sim_001,1.127256472,0.585570916,355.860175,0.152865258,0.077621616,24.40738201,0.65529771,0,SUCCESS,0,0.000225917,1.082659483,1.040518522,11.25,4.499999523,0.00892326,124141290.6,0.002744821,0.002744821,0.001450965,2,60,16.66666667
dataset_batch_7_geo_batch7_0486,dataset_batch_7_geo_batch7_0486_sim_001,1.116321455,0.599810265,331.5989673,0.328850479,0.059821328,23.21036377,0.535381019,0,SUCCESS,0,0.000138557,1.040518522,1,11.25000381,2.250000715,0.006543724,126787062.2,0.003032184,0.003032184,0.000685373,2,60,16.66666667
dataset_batch_7_geo_batch7_0487,dataset_batch_7_geo_batch7_0487_sim_001,1.002721969,0.518966905,590.1801306,0.211425902,0.047786819,21.5316452,0.456946005,0,FAILED,1,,,,,,,,,,,0,60,16.66666667
dataset_batch_7_geo_batch7_0488,dataset_batch_7_geo_batch7_0488_sim_001,0.995489521,0.537296182,114.0931692,0.19306632,0.115403224,20.78795627,0.650010308,0,SUCCESS,0,0.000763445,1.082659483,1.040518522,13.5,11.25,0.010707912,104432695.6,0.006547647,0.006547647,0.004131688,2,60,16.66666667
dataset_batch_7_geo_batch7_0489,dataset_batch_7_geo_batch7_0489_sim_001,1.054407007,0.508403506,392.6002026,0.241751194,0.068898138,25.89642191,0.439962649,0,SUCCESS,0,0.000149781,1.082659483,1,11.25,4.499999523,0.008328376,128204551.6,0.002831819,0.002831819,0.000788859,2,60,16.66666667
dataset_batch_7_geo_batch7_0490,dataset_batch_7_geo_batch7_0490_sim_001,1.057762933,0.526242889,764.1017524,0.150642244,0.096724894,20.71370681,0.6284883,0,SUCCESS,0,0.000274848,1.172071099,1.082659483,90,90,0.030339084,110659098.9,0.001208597,0.001208597,0.00072181,2,60,16.66666667
dataset_batch_7_geo_batch7_0491,dataset_batch_7_geo_batch7_0491_sim_001,0.992320974,0.504802458,175.3116808,0.179395928,0.086535469,21.72511711,0.447141773,0,SUCCESS,0,0.001333719,1.082659483,1.040518522,90,90,0.022010708,110210285.2,0.005778936,0.005778936,0.00186791,2,60,16.66666667
dataset_batch_7_geo_batch7_0492,dataset_batch_7_geo_batch7_0492_sim_001,1.166462399,0.572192646,298.6471781,0.162558073,0.071796886,24.57120244,0.572756933,0,SUCCESS,0,0.000245652,1.082659483,1.040518522,90,6.75,0.014277216,135770678.4,0.003869041,0.003869041,0.001604019,2,60,16.66666667
dataset_batch_7_geo_batch7_0493,dataset_batch_7_geo_batch7_0493_sim_001,1.053893759,0.569146257,170.0844579,0.150087629,0.061217288,24.00601216,0.618744897,0,SUCCESS,0,0.000350645,1.082659483,1.040518522,11.25,6.75,0.00892326,114536732.8,0.005232337,0.005232337,0.002646602,2,60,16.66666667
dataset_batch_7_geo_batch7_0494,dataset_batch_7_geo_batch7_0494_sim_001,1.073944808,0.567309693,450.0715148,0.330814103,0.058694345,23.94661264,0.651974509,0,SUCCESS,0,0.000222974,1.082659483,1.040518522,11.25,6.75,0.00892326,116154772.1,0.001750064,0.001750064,0.000821165,2,60,16.66666667
dataset_batch_7_geo_batch7_0495,dataset_batch_7_geo_batch7_0495_sim_001,1.005599347,0.579684332,829.0205063,0.218305231,0.079188224,20.74122488,0.746252615,0,SUCCESS,0,0.000196831,1.126487851,1.040518522,15.75,8.999999046,0.0148721,98336281.03,0.000731676,0.000731676,0.000598281,2,60,16.66666667
dataset_batch_7_geo_batch7_0496,dataset_batch_7_geo_batch7_0496_sim_001,1.063932001,0.491309022,599.049723,0.283853005,0.126350521,23.40660813,0.624242999,0,SUCCESS,0,0.000360459,1.126487851,1.082659483,15.75,8.999999046,0.0148721,120160376.2,0.001466809,0.001466809,0.000840716,2,60,16.66666667
dataset_batch_7_geo_batch7_0497,dataset_batch_7_geo_batch7_0497_sim_001,1.123088068,0.61619161,277.633535,0.162680711,0.069058901,23.66915813,0.761024478,0,SUCCESS,0,0.000517309,1.082659483,1.040518522,13.5,8.999999046,0.011302796,115682473.6,0.00294421,0.00294421,0.002038496,2,60,16.66666667
dataset_batch_7_geo_batch7_0498,dataset_batch_7_geo_batch7_0498_sim_001,1.028594313,0.494818305,924.6322942,0.2386716,0.103795758,21.02181492,0.435725998,0,SUCCESS,0,0.000468549,1.082659483,1.040518522,90,15.74999905,0.026174896,114719569.3,0.00117183,0.00117183,0.000346857,2,60,16.66666667
dataset_batch_7_geo_batch7_0499,dataset_batch_7_geo_batch7_0499_sim_001,1.140935623,0.50660325,929.1146626,0.168838751,0.058117666,27.77133824,0.423279594,0,SUCCESS,0,0.000221152,1.126487851,1.040518522,90,90,0.024390244,136413442.5,0.001432818,0.001432818,0.000458978,2,60,16.66666667
dataset_batch_7_geo_batch7_0500,dataset_batch_7_geo_batch7_0500_sim_001,1.168725696,0.568269268,730.8944829,0.344190879,0.04582737,25.35813425,0.513079102,0,SUCCESS,0,0.000121497,1.082659483,1,90,2.250000715,0.016656752,136970277.5,0.001547291,0.001547291,0.000367124,2,60,16.66666667
dataset_batch_7_geo_batch7_0501,dataset_batch_7_geo_batch7_0501_sim_001,1.166361262,0.558387223,217.7331197,0.277044973,0.075148826,23.77774466,0.564305667,0,SUCCESS,0,0.000385886,1.082659483,1.040518522,90,90,0.013682332,136083835.2,0.005113044,0.005113044,0.0018118,2,60,16.66666667
dataset_batch_7_geo_batch7_0502,dataset_batch_7_geo_batch7_0502_sim_001,1.133151513,0.53352698,786.666118,0.26437789,0.063854983,26.11906155,0.472835861,0,SUCCESS,0,0.000102074,1.082659483,1,90,0,0.013682332,137633305.8,0.001513224,0.001513224,0.000425224,1,60,16.66666667
dataset_batch_7_geo_batch7_0503,dataset_batch_7_geo_batch7_0503_sim_001,1.110234119,0.498896729,643.5025487,0.158865563,0.053098163,26.90605343,0.444796923,0,SUCCESS,0,0.000280413,1.126487851,1.040518522,90,90,0.026174896,130993443,0.001952487,0.001952487,0.000692444,2,60,16.66666667
dataset_batch_7_geo_batch7_0504,dataset_batch_7_geo_batch7_0504_sim_001,1.056372159,0.505329584,328.4835982,0.213228106,0.112254989,26.96143283,0.400587203,0,SUCCESS,0,2.43E-05,1.040518522,1,4.5,0,0.003569304,130976101.2,0.003584245,0.003584245,0.00091681,1,60,16.66666667
dataset_batch_7_geo_batch7_0505,dataset_batch_7_geo_batch7_0505_sim_001,1.087763249,0.484503145,775.8641063,0.28931865,0.122572377,25.78870369,0.404356291,0,SUCCESS,0,3.94E-05,1.040518522,1,9,0,0.00594884,137270657.8,0.001555688,0.001555688,0.000380921,1,60,16.66666667
dataset_batch_7_geo_batch7_0506,dataset_batch_7_geo_batch7_0506_sim_001,1.089358347,0.526940489,665.3979141,0.326934038,0.093107384,21.67140088,0.640141551,0,SUCCESS,0,0.00036134,1.126487851,1.082659483,90,90,0.022605592,118271776.3,0.001276596,0.001276596,0.000658355,2,60,16.66666667
dataset_batch_7_geo_batch7_0507,dataset_batch_7_geo_batch7_0507_sim_001,1.115080142,0.581237772,650.7471952,0.341313012,0.045831993,23.42198949,0.564996237,0,SUCCESS,0,4.52E-05,1.040518522,1,9,0,0.00594884,127466917.9,0.001480184,0.001480184,0.000416787,1,60,16.66666667
dataset_batch_7_geo_batch7_0508,dataset_batch_7_geo_batch7_0508_sim_001,1.107474724,0.498820845,822.364004,0.182934732,0.0948609,24.53289715,0.531983757,0,SUCCESS,0,0.000197599,1.126487851,1.040518522,90,6.75,0.018441404,132039626.7,0.001382648,0.001382648,0.000618385,2,60,16.66666667
dataset_batch_7_geo_batch7_0509,dataset_batch_7_geo_batch7_0509_sim_001,0.895174747,0.468325035,805.7263662,0.193896131,0.071558773,21.67673477,0.491433034,0,SUCCESS,0,0.000129679,1.126487851,1,15.75,4.499999523,0.015466984,100073949.4,0.000986537,0.000986537,0.000434161,2,60,16.66666667
dataset_batch_7_geo_batch7_0510,dataset_batch_7_geo_batch7_0510_sim_001,1.094614535,0.58568245,483.3002021,0.174611645,0.042784484,23.22896387,0.512330544,0,SUCCESS,0,0.000611563,1.082659483,1.040518522,90,90,0.023200476,117712805.9,0.002223975,0.002223975,0.000689897,2,60,16.66666667
dataset_batch_7_geo_batch7_0511,dataset_batch_7_geo_batch7_0511_sim_001,0.91806823,0.556422708,126.1768099,0.161020801,0.080915644,20.41118229,0.775978786,0,SUCCESS,0,0.001754749,1.172071099,1.126487851,20.24999809,15.75,0.022605592,82863449.1,0.004298029,0.003571446,0.004298029,3,60,16.66666667
dataset_batch_7_geo_batch7_0512,dataset_batch_7_geo_batch7_0512_sim_001,1.087191193,0.599837885,313.762966,0.163115544,0.066667349,21.93729302,0.709643786,0,SUCCESS,0,0.000410057,1.082659483,1.040518522,13.5,8.999999046,0.011302796,113362023.8,0.002614782,0.002614782,0.001627435,2,60,16.66666667
dataset_batch_7_geo_batch7_0513,dataset_batch_7_geo_batch7_0513_sim_001,0.812030024,0.530157709,431.7259443,0.173460455,0.050952153,20.27959197,0.412000323,0,SUCCESS,0,7.03E-05,1.040518522,1,90,0,0.009518144,86207785.55,0.001585958,0.001585958,0.000261799,1,60,16.66666667
dataset_batch_7_geo_batch7_0514,dataset_batch_7_geo_batch7_0514_sim_001,1.151041489,0.507570577,390.1677679,0.306923227,0.099374447,25.69464568,0.420548928,0,SUCCESS,0,0.000463677,1.082659483,1.040518522,90,90,0.01784652,138708434.5,0.003277095,0.003277095,0.000767267,2,60,16.66666667
dataset_batch_7_geo_batch7_0515,dataset_batch_7_geo_batch7_0515_sim_001,1.10773008,0.554907179,809.1323652,0.212589484,0.048594733,25.02581379,0.436644419,0,SUCCESS,0,0.000512692,1.082659483,1.040518522,90,18,0.025580012,124564740.3,0.001486088,0.001486088,0.000368277,2,60,16.66666667
dataset_batch_7_geo_batch7_0516,dataset_batch_7_geo_batch7_0516_sim_001,1.124567181,0.411327942,753.357937,0.241245481,0.124731893,27.71960809,0.541155563,0,SUCCESS,0,0.000758041,1.219479561,1.126487851,18,13.5,0.022605592,139730755.7,0.001560797,0.001560797,0.000849999,2,60,16.66666667
dataset_batch_7_geo_batch7_0517,dataset_batch_7_geo_batch7_0517_sim_001,1.074116359,0.587690914,475.4131878,0.196659831,0.052409105,22.86414367,0.69087139,0,SUCCESS,0,0.000292007,1.126487851,1.040518522,13.5,8.999999046,0.012492564,112855306.9,0.001705414,0.001705414,0.001009356,2,60,16.66666667
dataset_batch_7_geo_batch7_0518,dataset_batch_7_geo_batch7_0518_sim_001,0.976892273,0.521216732,648.4024847,0.186380563,0.066119043,20.22907353,0.479756079,0,SUCCESS,0,0.000514442,1.126487851,1.040518522,90,90,0.029149316,103719116.3,0.001437713,0.001437713,0.000488751,2,60,16.66666667
dataset_batch_7_geo_batch7_0519,dataset_batch_7_geo_batch7_0519_sim_001,1.133157138,0.553901505,714.1303264,0.301533727,0.067838004,23.95685188,0.587379328,0,SUCCESS,0,0.000165481,1.082659483,1,11.25,4.499999523,0.00892326,130772562.9,0.001410745,0.001410745,0.00053539,2,60,16.66666667
dataset_batch_7_geo_batch7_0520,dataset_batch_7_geo_batch7_0520_sim_001,0.976290416,0.563603813,326.2810078,0.194632851,0.072970162,21.02760889,0.721220177,0,SUCCESS,0,0.000495479,1.126487851,1.082659483,15.75,11.25,0.015466984,95616091.38,0.001853591,0.001853591,0.001502753,2,60,16.66666667
dataset_batch_7_geo_batch7_0521,dataset_batch_7_geo_batch7_0521_sim_001,1.006401255,0.547648299,402.6863002,0.252870378,0.04592998,20.54638656,0.484558836,0,SUCCESS,0,0.001197281,1.082659483,1.082659483,90,90,0.0297442,105367945.1,0.002342212,0.002342212,0.000637526,2,60,16.66666667
dataset_batch_7_geo_batch7_0522,dataset_batch_7_geo_batch7_0522_sim_001,1.026132944,0.558985795,418.380117,0.325093871,0.048149119,21.01264696,0.725445414,0,SUCCESS,0,0.001097116,1.219479442,1.126487851,90,13.5,0.027364664,103827068.3,0.001470406,0.001470406,0.001077857,2,60,16.66666667
dataset_batch_7_geo_batch7_0523,dataset_batch_7_geo_batch7_0523_sim_001,1.1625165,0.530116136,950.494363,0.283885819,0.09486433,22.05183323,0.607897766,0,SUCCESS,0,0.000314501,1.126487851,1.040518522,90,90,0.027364664,126484914.9,0.001116247,0.001116247,0.000510433,2,60,16.66666667
dataset_batch_7_geo_batch7_0524,dataset_batch_7_geo_batch7_0524_sim_001,1.095678459,0.630771238,352.6094462,0.191563519,0.052859079,21.29592637,0.799073114,0,SUCCESS,0,0.000641499,1.126487851,1.082659483,15.75,11.25,0.015466984,108002264.2,0.001964771,0.001964771,0.00154224,2,60,16.66666667
dataset_batch_7_geo_batch7_0525,dataset_batch_7_geo_batch7_0525_sim_001,1.136333531,0.528007358,789.8727615,0.251818594,0.102737362,23.07594037,0.511303212,0,SUCCESS,0,0.000196295,1.082659483,1,90,6.750002384,0.016656752,131163469.2,0.001468115,0.001468115,0.000502229,2,60,16.66666667
dataset_batch_7_geo_batch7_0526,dataset_batch_7_geo_batch7_0526_sim_001,0.915344095,0.485824722,148.4158694,0.225181182,0.051460931,21.45385779,0.521590223,0,SUCCESS,0,0.000889053,1.172071099,1.126487851,18,13.5,0.020226056,100855589.1,0.005202832,0.005202832,0.002332745,2,60,16.66666667
dataset_batch_7_geo_batch7_0527,dataset_batch_7_geo_batch7_0527_sim_001,1.15121206,0.585448913,481.7770352,0.304517446,0.048262657,25.09308601,0.601735355,0,SUCCESS,0,8.60E-05,1.040518522,1,9,0,0.00594884,131336216.1,0.002083074,0.002083074,0.000733679,1,60,16.66666667
dataset_batch_7_geo_batch7_0528,dataset_batch_7_geo_batch7_0528_sim_001,1.158416959,0.586157809,722.5212163,0.216161384,0.045637106,25.89417793,0.603623187,0,SUCCESS,0,8.91E-05,1.082659483,1,11.25,0,0.007733492,132434209,0.00147869,0.00147869,0.000602275,1,60,16.66666667
dataset_batch_7_geo_batch7_0529,dataset_batch_7_geo_batch7_0529_sim_001,1.163109882,0.606580354,553.0637911,0.186907985,0.06780004,25.51497864,0.644021541,0,SUCCESS,0,4.38E-05,1.040518522,1,6.75,0,0.004759072,129808552.6,0.001859356,0.001859356,0.000845664,1,60,16.66666667
dataset_batch_7_geo_batch7_0530,dataset_batch_7_geo_batch7_0530_sim_001,1.104796951,0.532543497,782.4541774,0.228075183,0.066354085,25.7567526,0.520713716,0,SUCCESS,0,8.69E-05,1.082659483,1,11.25,0,0.008328376,130902596.1,0.001403423,0.001403423,0.000505055,1,60,16.66666667
dataset_batch_7_geo_batch7_0531,dataset_batch_7_geo_batch7_0531_sim_001,1.14124066,0.635313153,237.7709961,0.193928187,0.045795562,26.5426667,0.780629893,0,SUCCESS,0,0.000409798,1.082659483,1.040518522,11.25,6.75,0.00892326,116633071,0.003360566,0.003360566,0.002286459,2,60,16.66666667
dataset_batch_7_geo_batch7_0532,dataset_batch_7_geo_batch7_0532_sim_001,1.007828919,0.51597227,124.5699118,0.281497734,0.091738919,20.23418273,0.453197558,0,SUCCESS,0,0.003268446,1.082659483,1.082659483,90,90,0.024390244,109825538.5,0.007945451,0.007945451,0.002055872,2,60,16.66666667
dataset_batch_7_geo_batch7_0533,dataset_batch_7_geo_batch7_0533_sim_001,0.707337061,0.419160761,134.5140875,0.304553376,0.089128451,20.25701018,0.503549824,0,SUCCESS,0,0.000575259,1.126487851,1.082659483,18,13.5,0.01784652,69778903.47,0.003067546,0.003067546,0.001961337,2,60,16.66666667
dataset_batch_7_geo_batch7_0534,dataset_batch_7_geo_batch7_0534_sim_001,1.133269266,0.625939232,947.1397638,0.215549503,0.105199559,21.68574897,0.743713929,0,SUCCESS,0,4.88E-05,1.040518522,1,9,0,0.00594884,117896397.4,0.000869048,0.000869048,0.000524938,1,60,16.66666667
dataset_batch_7_geo_batch7_0535,dataset_batch_7_geo_batch7_0535_sim_001,1.039240459,0.451539455,576.3315627,0.185521304,0.115634067,26.95218509,0.416984939,0,SUCCESS,0,0.000147317,1.082659483,1,13.5,4.499999523,0.010707912,130005566,0.002039106,0.002039106,0.000727471,2,60,16.66666667
dataset_batch_7_geo_batch7_0536,dataset_batch_7_geo_batch7_0536_sim_001,1.121608267,0.582340145,614.4227236,0.344332892,0.090203307,21.21244681,0.661866796,0,SUCCESS,0,0.000155968,1.082659483,1,90,4.499999523,0.011302796,122876522.1,0.00136902,0.00136902,0.000601799,2,60,16.66666667
dataset_batch_7_geo_batch7_0537,dataset_batch_7_geo_batch7_0537_sim_001,1.159802315,0.565884499,174.5719875,0.31106342,0.070472916,24.77184429,0.533612919,0,SUCCESS,0,0.000202454,1.040518522,1.040518522,9,4.499999523,0.00594884,137790201.9,0.006377148,0.006377148,0.001808599,2,60,16.66666667
dataset_batch_7_geo_batch7_0538,dataset_batch_7_geo_batch7_0538_sim_001,1.131275252,0.589063314,598.774414,0.249848849,0.046842831,24.37554517,0.659206918,0,SUCCESS,0,0.000203928,1.082659483,1.040518522,13.5,6.75,0.010113028,124416269.5,0.001548741,0.001548741,0.000738986,2,60,16.66666667
dataset_batch_7_geo_batch7_0539,dataset_batch_7_geo_batch7_0539_sim_001,1.097872093,0.514172911,791.17962,0.165956879,0.117581226,23.50568894,0.574624191,0,SUCCESS,0,0.000158413,1.082659483,1.040518522,13.5,4.499999523,0.011302796,127607739,0.001345264,0.001345264,0.000671175,2,60,16.66666667
dataset_batch_7_geo_batch7_0540,dataset_batch_7_geo_batch7_0540_sim_001,1.123723625,0.625358761,324.5861904,0.266003809,0.056377609,23.86682991,0.779999663,0,SUCCESS,0,0.000506543,1.082659483,1.040518522,13.5,8.999999046,0.011302796,114200943.6,0.002242567,0.002242567,0.001529272,2,60,16.66666667
dataset_batch_7_geo_batch7_0541,dataset_batch_7_geo_batch7_0541_sim_001,1.165386367,0.570187456,484.9005505,0.340011084,0.063792123,25.15258506,0.52331168,0,SUCCESS,0,7.69E-05,1.040518522,1,90,0,0.006543724,139085259.3,0.002296241,0.002296241,0.000569499,1,60,16.66666667
dataset_batch_7_geo_batch7_0542,dataset_batch_7_geo_batch7_0542_sim_001,1.112821397,0.527274065,119.9975088,0.162435089,0.115399071,22.50536803,0.531323806,0,SUCCESS,0,0.000806668,1.082659483,1.040518522,90,90,0.018441404,128501706.9,0.009459643,0.009459643,0.003977088,2,60,16.66666667
dataset_batch_7_geo_batch7_0543,dataset_batch_7_geo_batch7_0543_sim_001,1.054034934,0.558839292,447.9106157,0.274821869,0.048104199,22.0050563,0.605948939,0,SUCCESS,0,0.000250583,1.082659483,1.040518522,90,6.75,0.016061868,115211449.5,0.001907202,0.001907202,0.000819981,2,60,16.66666667
dataset_batch_7_geo_batch7_0544,dataset_batch_7_geo_batch7_0544_sim_001,1.148172407,0.606758928,720.1161762,0.314325911,0.067082776,22.37895541,0.611381103,0,SUCCESS,0,1.84E-05,1.040518522,1,4.5,0,0.003569304,129103097.1,0.001344237,0.001344237,0.000442495,1,60,16.66666667
dataset_batch_7_geo_batch7_0545,dataset_batch_7_geo_batch7_0545_sim_001,0.8894631,0.500906894,602.5989773,0.310176307,0.071930784,20.92477261,0.417110037,0,SUCCESS,0,0.00018531,1.040518522,1,90,6.750002384,0.013087448,97557270.97,0.001346656,0.001346656,0.000249466,2,60,16.66666667
dataset_batch_7_geo_batch7_0546,dataset_batch_7_geo_batch7_0546_sim_001,1.020090462,0.587347811,117.3899549,0.237036727,0.057681312,21.08361039,0.645181109,0,SUCCESS,0,0.000341186,1.040518522,1.040518522,11.25,6.75,0.007138608,106222656.8,0.006340349,0.006340349,0.003093049,2,60,16.66666667
dataset_batch_7_geo_batch7_0547,dataset_batch_7_geo_batch7_0547_sim_001,0.936519511,0.523092184,125.1786675,0.194005612,0.046588318,22.1952302,0.443613073,0,SUCCESS,0,0.001425886,1.082659483,1.040518522,90,90,0.020226056,101394934.7,0.007120523,0.007120523,0.001910881,2,60,16.66666667
dataset_batch_7_geo_batch7_0548,dataset_batch_7_geo_batch7_0548_sim_001,0.959886426,0.542321127,246.6743315,0.317764503,0.064530526,22.33664864,0.429406156,0,SUCCESS,0,0.000470145,1.040518522,1.040518522,15.74999905,9.000002861,0.00892326,106339229.5,0.003643333,0.003643333,0.000553548,2,60,16.66666667
dataset_batch_7_geo_batch7_0549,dataset_batch_7_geo_batch7_0549_sim_001,1.145113762,0.450926928,703.737071,0.317190211,0.100477354,25.88776253,0.400051335,0,SUCCESS,0,0.00036181,1.126487851,1.040518522,90,90,0.024985128,139653838.8,0.001867215,0.001867215,0.000505053,2,60,16.66666667
dataset_batch_7_geo_batch7_0550,dataset_batch_7_geo_batch7_0550_sim_001,1.149074083,0.548798797,151.9864477,0.208750085,0.116662369,21.9964967,0.62475629,0,SUCCESS,0,0.000960149,1.082659483,1.082659483,90,90,0.019631172,126935034.5,0.006946379,0.006946379,0.003468529,2,60,16.66666667
dataset_batch_7_geo_batch7_0551,dataset_batch_7_geo_batch7_0551_sim_001,1.107713549,0.586326801,754.6707224,0.154511729,0.042235363,22.39285315,0.661526483,0,SUCCESS,0,0.000237942,1.126487851,1.040518522,90,90,0.024985128,114698565.9,0.001235262,0.001235262,0.000674705,2,60,16.66666667
dataset_batch_7_geo_batch7_0552,dataset_batch_7_geo_batch7_0552_sim_001,1.084080891,0.541010466,924.6736605,0.160984878,0.074686304,25.4043578,0.402145244,0,SUCCESS,0,0.000339364,1.082659483,1.040518522,90,13.50000477,0.02082094,124159672,0.001320506,0.001320506,0.000333682,2,60,16.66666667
dataset_batch_7_geo_batch7_0553,dataset_batch_7_geo_batch7_0553_sim_001,1.103417925,0.606599359,728.7756353,0.230785186,0.050795055,22.8126128,0.527627613,0,SUCCESS,0,0.000298095,1.040518522,1.040518522,90,11.25000381,0.014277216,119157542.6,0.00142452,0.00142452,0.000379796,2,60,16.66666667
dataset_batch_7_geo_batch7_0554,dataset_batch_7_geo_batch7_0554_sim_001,1.054338255,0.547570755,685.1311763,0.164049809,0.121855094,21.05279392,0.728270418,0,SUCCESS,0,0.000320494,1.126487851,1.082659483,15.75,11.25,0.015466984,109485744.5,0.001130814,0.001130814,0.00088782,2,60,16.66666667
dataset_batch_7_geo_batch7_0555,dataset_batch_7_geo_batch7_0555_sim_001,1.089820235,0.595592971,354.772107,0.209785162,0.072770494,20.87261131,0.661335349,0,SUCCESS,0,0.000230346,1.082659483,1.040518522,90,90,0.0148721,115562732.3,0.002436803,0.002436803,0.001226402,2,60,16.66666667
dataset_batch_7_geo_batch7_0556,dataset_batch_7_geo_batch7_0556_sim_001,1.023566286,0.454011979,828.3412531,0.290089362,0.126109445,20.65326914,0.514151145,0,SUCCESS,0,0.000256013,1.126487851,1.040518522,90,90,0.024985128,114420029.1,0.001164699,0.001164699,0.000506035,2,60,16.66666667
dataset_batch_7_geo_batch7_0557,dataset_batch_7_geo_batch7_0557_sim_001,1.102735709,0.561811814,589.333468,0.280690552,0.093159589,21.34851385,0.565903512,0,SUCCESS,0,8.10E-05,1.040518522,1,90,0,0.009518144,124845309.2,0.001679783,0.001679783,0.000588056,1,60,16.66666667
dataset_batch_7_geo_batch7_0558,dataset_batch_7_geo_batch7_0558_sim_001,0.925241473,0.467481261,670.7161047,0.285111093,0.054778458,21.7389394,0.500565796,0,SUCCESS,0,0.000226353,1.172071099,1.040518522,90,8.999999046,0.02379536,103791910.2,0.001189226,0.001189226,0.000481006,2,60,16.66666667
dataset_batch_7_geo_batch7_0559,dataset_batch_7_geo_batch7_0559_sim_001,1.048437966,0.545392921,477.1807836,0.301488545,0.050073573,22.58856286,0.601593117,0,SUCCESS,0,0.000265798,1.082659483,1.040518522,13.5,8.999999046,0.011302796,115869450,0.001759288,0.001759288,0.000756701,2,60,16.66666667
dataset_batch_7_geo_batch7_0560,dataset_batch_7_geo_batch7_0560_sim_001,1.008198087,0.512528141,387.7607856,0.15531079,0.118607006,21.70239754,0.41078991,0,SUCCESS,0,0.0007084,1.082659483,1.040518522,90,15.74999905,0.019631172,113535202.1,0.002801233,0.002801233,0.000795015,2,60,16.66666667
dataset_batch_7_geo_batch7_0561,dataset_batch_7_geo_batch7_0561_sim_001,1.154292443,0.616273297,270.8831373,0.18491708,0.056772571,25.22652316,0.74933903,0,SUCCESS,0,0.000554942,1.082659483,1.040518522,13.5,8.999999046,0.011302796,121711143.7,0.003250895,0.003250895,0.002071189,2,60,16.66666667
dataset_batch_7_geo_batch7_0562,dataset_batch_7_geo_batch7_0562_sim_001,1.16306866,0.628653053,155.2380874,0.338335455,0.094555325,21.82113823,0.715174744,0,SUCCESS,0,0.00021142,1.040518522,1.040518522,9,4.499999523,0.00594884,124497558.4,0.005339403,0.005339403,0.002445531,2,60,16.66666667
dataset_batch_7_geo_batch7_0563,dataset_batch_7_geo_batch7_0563_sim_001,1.080269234,0.491092551,342.3884076,0.234813028,0.075536516,26.91455653,0.408138268,0,SUCCESS,0,0.000278474,1.082659483,1.040518522,90,6.75,0.014277216,135157277.9,0.003547101,0.003547101,0.000969148,2,60,16.66666667
dataset_batch_7_geo_batch7_0564,dataset_batch_7_geo_batch7_0564_sim_001,1.047496108,0.539725931,315.4502303,0.3015104,0.066976006,24.56883635,0.418275345,0,SUCCESS,0,0.000537865,1.040518522,1.040518522,90,11.25000381,0.014277216,120245708.9,0.003425868,0.003425868,0.00061107,2,60,16.66666667
dataset_batch_7_geo_batch7_0565,dataset_batch_7_geo_batch7_0565_sim_001,0.891063193,0.536166427,280.4487603,0.169488494,0.051405944,21.42460224,0.67859672,0,SUCCESS,0,0.000509739,1.172071099,1.082659483,18,13.5,0.019036288,84922498.23,0.001866368,0.001866368,0.001576906,2,60,16.66666667
dataset_batch_7_geo_batch7_0566,dataset_batch_7_geo_batch7_0566_sim_001,1.018395139,0.569884727,131.2707949,0.343277421,0.064715313,21.09921338,0.637751247,0,SUCCESS,0,0.000338836,1.040518522,1.040518522,11.25,6.75,0.007138608,107295517.6,0.005322989,0.005322989,0.002360926,2,60,16.66666667
dataset_batch_7_geo_batch7_0567,dataset_batch_7_geo_batch7_0567_sim_001,0.913687363,0.501024122,783.3718471,0.168795371,0.05311615,21.04040865,0.512849402,0,SUCCESS,0,0.000125158,1.126487851,1,18,4.499999523,0.016656752,100249631.9,0.001007398,0.001007398,0.000436188,2,60,16.66666667
dataset_batch_7_geo_batch7_0568,dataset_batch_7_geo_batch7_0568_sim_001,0.986736722,0.518780363,279.5702962,0.17861288,0.070372476,24.26365846,0.40150862,0,SUCCESS,0,0.000548205,1.040518522,1.040518522,90,11.25000381,0.016656752,112630060.3,0.003734786,0.003734786,0.000909605,2,60,16.66666667
dataset_batch_7_geo_batch7_0569,dataset_batch_7_geo_batch7_0569_sim_001,0.888419673,0.524476039,109.9971298,0.208371613,0.091339077,20.71996634,0.767802894,0,SUCCESS,0,0.002347233,1.172071099,1.172071099,20.24999809,18,0.02379536,79979161.48,0.005040468,0.003692888,0.005040468,3,60,16.66666667
dataset_batch_7_geo_batch7_0570,dataset_batch_7_geo_batch7_0570_sim_001,1.115136117,0.570184112,176.3401824,0.339522625,0.071767484,24.30149867,0.511751911,0,SUCCESS,0,4.80E-05,1.040518522,1,4.5,0,0.003569304,131139214.5,0.005900981,0.005900981,0.001352904,1,60,16.66666667
dataset_batch_7_geo_batch7_0571,dataset_batch_7_geo_batch7_0571_sim_001,1.060878021,0.448064542,531.3036872,0.150776526,0.093443338,27.36557415,0.48023813,0,SUCCESS,0,0.000369958,1.126487851,1.082659483,15.75,11.25,0.016061868,130275489.1,0.002187667,0.002187667,0.001012921,2,60,16.66666667
dataset_batch_7_geo_batch7_0572,dataset_batch_7_geo_batch7_0572_sim_001,1.076563388,0.580985176,603.8669028,0.345966348,0.060168851,21.0827813,0.620174113,0,SUCCESS,0,7.88E-05,1.040518522,1,90,0,0.011302796,117366923.6,0.001354689,0.001354689,0.000501123,1,60,16.66666667
dataset_batch_7_geo_batch7_0573,dataset_batch_7_geo_batch7_0573_sim_001,1.161805811,0.624765287,491.4087601,0.282722698,0.074237594,20.24759524,0.692445246,0,SUCCESS,0,0.000366847,1.082659483,1.040518522,90,90,0.018441404,119304045.3,0.001833404,0.001833404,0.000838034,2,60,16.66666667
dataset_batch_7_geo_batch7_0574,dataset_batch_7_geo_batch7_0574_sim_001,1.051608334,0.601775079,136.9092336,0.16941024,0.049272224,21.68536181,0.561792128,0,SUCCESS,0,0.000719429,1.040518522,1.040518522,90,9.000002861,0.01189768,112350009.5,0.006720485,0.006720485,0.002334897,2,60,16.66666667
dataset_batch_7_geo_batch7_0575,dataset_batch_7_geo_batch7_0575_sim_001,0.957864551,0.50058359,290.7532578,0.318546642,0.069587626,22.03399717,0.515625042,0,SUCCESS,0,0.000165832,1.082659483,1,11.25,4.499999523,0.00892326,107686930.6,0.002753184,0.002753184,0.000954363,2,60,16.66666667
dataset_batch_7_geo_batch7_0576,dataset_batch_7_geo_batch7_0576_sim_001,1.064821758,0.586729232,534.2710296,0.195353451,0.076985892,21.77980165,0.695222105,0,SUCCESS,0,0.000200104,1.082659483,1.040518522,13.5,6.75,0.010707912,111059397.1,0.001476904,0.001476904,0.000898382,2,60,16.66666667
dataset_batch_7_geo_batch7_0577,dataset_batch_7_geo_batch7_0577_sim_001,1.125284762,0.566798517,671.1279617,0.195434169,0.063751699,26.86709622,0.416053501,0,SUCCESS,0,0.000351517,1.040518522,1.040518522,90,13.50000477,0.0148721,130538857.9,0.001877093,0.001877093,0.000443459,2,60,16.66666667
dataset_batch_7_geo_batch7_0578,dataset_batch_7_geo_batch7_0578_sim_001,0.95377175,0.518644325,670.7181919,0.199705582,0.067568002,21.82991356,0.448417454,0,SUCCESS,0,0.000219868,1.082659483,1.040518522,90,9.000002861,0.016656752,104707421.5,0.001371481,0.001371481,0.000387888,2,60,16.66666667
dataset_batch_7_geo_batch7_0579,dataset_batch_7_geo_batch7_0579_sim_001,1.161341111,0.630962235,987.2021368,0.177129196,0.112565321,20.44471227,0.597264005,0,SUCCESS,0,0.000162834,1.040518522,1,15.74999905,6.750002384,0.00892326,124687866.5,0.001080471,0.001080471,0.00038947,2,60,16.66666667
dataset_batch_7_geo_batch7_0580,dataset_batch_7_geo_batch7_0580_sim_001,1.071015007,0.464033798,389.1820662,0.348361133,0.125741526,24.2551041,0.504542438,0,SUCCESS,0,0.000333692,1.082659483,1.040518522,11.25,6.75,0.009518144,129726316.9,0.002593699,0.002593699,0.000927559,2,60,16.66666667
dataset_batch_7_geo_batch7_0581,dataset_batch_7_geo_batch7_0581_sim_001,1.078737281,0.573801669,447.2713382,0.194701939,0.064527968,23.18542029,0.469404499,0,SUCCESS,0,0.000680515,1.082659483,1.040518522,90,15.74999905,0.020226056,118116312.8,0.002454699,0.002454699,0.000640106,2,60,16.66666667
dataset_batch_7_geo_batch7_0582,dataset_batch_7_geo_batch7_0582_sim_001,1.099253491,0.567736376,332.2997747,0.158359166,0.100524921,21.51654693,0.468296013,0,SUCCESS,0,0.001397652,1.082659483,1.082659483,90,20.25,0.02379536,119794550.2,0.003479835,0.003479835,0.001031541,2,60,16.66666667
dataset_batch_7_geo_batch7_0583,dataset_batch_7_geo_batch7_0583_sim_001,1.14052025,0.518315589,518.4190485,0.188503719,0.109776208,25.92406021,0.45759469,0,SUCCESS,0,0.000110148,1.040518522,1,90,2.249999762,0.01189768,141107790.2,0.002451708,0.002451708,0.000804724,2,60,16.66666667
dataset_batch_7_geo_batch7_0584,dataset_batch_7_geo_batch7_0584_sim_001,1.155902847,0.586352229,839.4125655,0.218658773,0.081278213,20.86735544,0.622225919,0,SUCCESS,0,0.000339429,1.082659483,1.040518522,90,90,0.02379536,121954229.2,0.001241657,0.001241657,0.000543088,2,60,16.66666667
dataset_batch_7_geo_batch7_0585,dataset_batch_7_geo_batch7_0585_sim_001,1.047196563,0.500332772,563.0176043,0.319779743,0.118603987,21.76461269,0.625763424,0,SUCCESS,0,0.000375536,1.126487851,1.082659483,15.75,8.999999046,0.0148721,116707995.9,0.001443013,0.001443013,0.000795205,2,60,16.66666667
dataset_batch_7_geo_batch7_0586,dataset_batch_7_geo_batch7_0586_sim_001,1.143839748,0.519925022,168.3715183,0.223458112,0.095828946,26.11674072,0.523362443,0,SUCCESS,0,0.000468422,1.082659483,1.040518522,11.25,8.999999046,0.00892326,138138214.8,0.007006912,0.007006912,0.002682133,2,60,16.66666667
dataset_batch_7_geo_batch7_0587,dataset_batch_7_geo_batch7_0587_sim_001,0.994953345,0.576520149,584.7769304,0.164193124,0.06142593,21.82622775,0.730081207,0,SUCCESS,0,0.000268043,1.126487851,1.040518522,15.75,8.999999046,0.015466984,97611376.34,0.001086014,0.001086014,0.000866643,2,60,16.66666667
dataset_batch_7_geo_batch7_0588,dataset_batch_7_geo_batch7_0588_sim_001,1.103323627,0.49463079,324.0321554,0.273890219,0.04792852,27.55186767,0.476603565,0,SUCCESS,0,0.000464605,1.126487851,1.040518522,15.75,11.25,0.013682332,135241535.9,0.003539682,0.003539682,0.001154835,2,60,16.66666667
dataset_batch_7_geo_batch7_0589,dataset_batch_7_geo_batch7_0589_sim_001,1.083075964,0.480858807,824.8659177,0.252743737,0.080167567,25.48211286,0.502652475,0,SUCCESS,0,0.00020036,1.126487851,1.040518522,15.75,6.75,0.014277216,131013461.9,0.001331718,0.001331718,0.000521255,2,60,16.66666667
dataset_batch_7_geo_batch7_0590,dataset_batch_7_geo_batch7_0590_sim_001,1.155941394,0.585033259,794.1149255,0.157610741,0.064377483,23.13155582,0.663967028,0,SUCCESS,0,0.000226795,1.126487851,1.040518522,90,90,0.022605592,123668803.1,0.00128746,0.00128746,0.000693105,2,60,16.66666667
dataset_batch_7_geo_batch7_0591,dataset_batch_7_geo_batch7_0591_sim_001,1.157407212,0.623344597,505.5877483,0.232057732,0.09032831,20.80122154,0.66979897,0,SUCCESS,0,0.000134646,1.040518522,1,90,2.250000715,0.012492564,124048576,0.001883529,0.001883529,0.000842861,2,60,16.66666667
dataset_batch_7_geo_batch7_0592,dataset_batch_7_geo_batch7_0592_sim_001,0.995701558,0.533492858,206.7723059,0.294878195,0.118093881,20.65893473,0.425277874,0,SUCCESS,0,0.001028297,1.040518522,1.040518522,18,13.50000477,0.010113028,110841419.6,0.004759361,0.004759361,0.000882779,2,60,16.66666667
dataset_batch_7_geo_batch7_0593,dataset_batch_7_geo_batch7_0593_sim_001,1.12726743,0.587382929,578.252179,0.25070165,0.049661846,24.12914518,0.646592407,0,SUCCESS,0,0.000187526,1.082659483,1.040518522,11.25,4.499999523,0.009518144,124544453.9,0.001618946,0.001618946,0.000740797,2,60,16.66666667
dataset_batch_7_geo_batch7_0594,dataset_batch_7_geo_batch7_0594_sim_001,1.128143034,0.549332361,885.3835061,0.305124682,0.080974825,22.36453986,0.651453966,0,SUCCESS,0,0.000265641,1.126487851,1.040518522,90,90,0.022010708,122876898.3,0.001030554,0.001030554,0.000514354,2,60,16.66666667
dataset_batch_7_geo_batch7_0595,dataset_batch_7_geo_batch7_0595_sim_001,1.056209279,0.554934993,713.764329,0.160607955,0.043650283,22.56895612,0.538407269,0,SUCCESS,0,0.000239557,1.082659483,1.040518522,90,90,0.022010708,114268418.1,0.001396841,0.001396841,0.000548418,2,60,16.66666667
dataset_batch_7_geo_batch7_0596,dataset_batch_7_geo_batch7_0596_sim_001,1.150110667,0.58181399,366.5433923,0.322557326,0.076025081,22.72858574,0.475409483,0,SUCCESS,0,0.001376146,1.082659483,1.082659483,90,20.25,0.023200476,127367022.1,0.003179245,0.003179245,0.000643239,2,60,16.66666667
dataset_batch_7_geo_batch7_0597,dataset_batch_7_geo_batch7_0597_sim_001,0.935721395,0.548190324,195.5288212,0.192939976,0.086703423,20.6351759,0.43188504,0,SUCCESS,0,0.000806282,1.040518522,1.040518522,15.74999905,11.25000381,0.009518144,101001566,0.004524847,0.004524847,0.000951902,2,60,16.66666667
dataset_batch_7_geo_batch7_0598,dataset_batch_7_geo_batch7_0598_sim_001,1.144637886,0.560623929,220.2162892,0.197074913,0.108340287,21.63741224,0.606276934,0,SUCCESS,0,0.000685331,1.082659483,1.040518522,90,90,0.019036288,125355157.1,0.004849295,0.004849295,0.00223679,2,60,16.66666667
dataset_batch_7_geo_batch7_0599,dataset_batch_7_geo_batch7_0599_sim_001,1.161215023,0.62076572,128.9246277,0.278391547,0.05876876,22.82433417,0.663021204,0,SUCCESS,0,0.000300536,1.040518522,1.040518522,9,6.75,0.00594884,127616825.9,0.007302974,0.007302974,0.003004155,2,60,16.66666667
dataset_batch_7_geo_batch7_0600,dataset_batch_7_geo_batch7_0600_sim_001,0.997308489,0.499885572,173.244966,0.157888737,0.117752976,20.86394072,0.573452391,0,SUCCESS,0,0.000680854,1.126487851,1.082659483,90,11.25,0.018441404,111127073.4,0.005109391,0.005109391,0.002781722,2,60,16.66666667
dataset_batch_7_geo_batch7_0601,dataset_batch_7_geo_batch7_0601_sim_001,1.112339995,0.559592415,932.8861218,0.307899967,0.098411074,20.44532865,0.541386468,0,SUCCESS,0,0.000276864,1.040518522,1.040518522,90,11.25000381,0.016656752,121342212.6,0.001098592,0.001098592,0.000334013,2,60,16.66666667
dataset_batch_7_geo_batch7_0602,dataset_batch_7_geo_batch7_0602_sim_001,1.070973699,0.530181028,166.7206397,0.156485078,0.100696807,21.90338727,0.489794768,0,SUCCESS,0,0.001411974,1.082659483,1.040518522,90,90,0.021415824,119412318.4,0.006616145,0.006616145,0.00241814,2,60,16.66666667
dataset_batch_7_geo_batch7_0603,dataset_batch_7_geo_batch7_0603_sim_001,1.130951328,0.605546058,310.6999684,0.270496024,0.115676976,21.3496605,0.732698753,0,SUCCESS,0,0.000241451,1.082659483,1.040518522,11.25,6.75,0.008328376,119234838.5,0.002609156,0.002609156,0.001536668,2,60,16.66666667
dataset_batch_7_geo_batch7_0604,dataset_batch_7_geo_batch7_0604_sim_001,1.098836337,0.612910656,486.0766135,0.210471657,0.069049628,21.7521941,0.694596959,0,SUCCESS,0,0.000129265,1.082659483,1,11.25,2.249999762,0.008328376,115516953.3,0.001704935,0.001704935,0.000915702,2,60,16.66666667
dataset_batch_7_geo_batch7_0605,dataset_batch_7_geo_batch7_0605_sim_001,1.117581055,0.503707303,747.4996854,0.237920971,0.119595483,24.22977432,0.436994408,0,SUCCESS,0,0.000240764,1.040518522,1.040518522,90,9.000002861,0.015466984,132531549,0.001659381,0.001659381,0.000487129,2,60,16.66666667
dataset_batch_7_geo_batch7_0606,dataset_batch_7_geo_batch7_0606_sim_001,1.045108365,0.510031479,502.1481615,0.224258915,0.099799645,21.87267064,0.518770323,0,SUCCESS,0,0.000142671,1.082659483,1,90,4.499999523,0.014277216,121191116.2,0.002000689,0.002000689,0.000782884,2,60,16.66666667
dataset_batch_7_geo_batch7_0607,dataset_batch_7_geo_batch7_0607_sim_001,1.076776639,0.548043723,285.085081,0.294352252,0.076328835,23.23307032,0.43662172,0,SUCCESS,0,0.001187395,1.082659483,1.040518522,90,18,0.020226056,120950360.7,0.003899048,0.003899048,0.000777539,2,60,16.66666667
dataset_batch_7_geo_batch7_0608,dataset_batch_7_geo_batch7_0608_sim_001,1.083629632,0.460270809,844.3135928,0.210717778,0.115948038,25.14835562,0.496091321,0,SUCCESS,0,0.000201351,1.126487851,1.040518522,15.74999905,6.75,0.013682332,132603860.9,0.001358706,0.001358706,0.000589283,2,60,16.66666667
dataset_batch_7_geo_batch7_0609,dataset_batch_7_geo_batch7_0609_sim_001,0.997983265,0.555954891,143.2733534,0.162000419,0.048889494,22.64118727,0.604657692,0,SUCCESS,0,0.000540519,1.082659483,1.040518522,13.5,8.999999046,0.011302796,106461922.8,0.005612725,0.005612725,0.002844074,2,60,16.66666667
dataset_batch_7_geo_batch7_0610,dataset_batch_7_geo_batch7_0610_sim_001,1.031532156,0.631397273,149.659622,0.197239376,0.056594402,20.46846597,0.796002193,0,SUCCESS,0,0.000886039,1.126487851,1.082659483,15.75,11.25,0.013682332,97123536.21,0.003814181,0.003814181,0.003256891,2,60,16.66666667
dataset_batch_7_geo_batch7_0611,dataset_batch_7_geo_batch7_0611_sim_001,1.155667599,0.511316231,323.9515988,0.320942531,0.089075256,25.77321777,0.456667169,0,SUCCESS,0,0.000288893,1.082659483,1.040518522,90,90,0.016656752,142713168.1,0.003783593,0.003783593,0.000971662,2,60,16.66666667
dataset_batch_7_geo_batch7_0612,dataset_batch_7_geo_batch7_0612_sim_001,1.162217712,0.566330022,649.9378908,0.170083076,0.112831657,23.38770795,0.685631789,0,SUCCESS,0,0.000266377,1.126487851,1.040518522,90,8.999999046,0.014277216,129411069.6,0.001564036,0.001564036,0.00092648,2,60,16.66666667
dataset_batch_7_geo_batch7_0613,dataset_batch_7_geo_batch7_0613_sim_001,1.059666532,0.604467839,568.2997863,0.247617292,0.057488572,21.86788549,0.566019156,0,SUCCESS,0,6.36E-19,1,1,0,0,0,116647681.7,0.0015856,0.0015856,0.000478737,1,60,16.66666667
dataset_batch_7_geo_batch7_0614,dataset_batch_7_geo_batch7_0614_sim_001,1.147567033,0.540081289,232.0850534,0.218157075,0.101418315,24.59542382,0.491717404,0,SUCCESS,0,0.001064765,1.040518522,1.040518522,90,90,0.014277216,133860175.5,0.005251954,0.005251954,0.001768205,2,60,16.66666667
dataset_batch_7_geo_batch7_0615,dataset_batch_7_geo_batch7_0615_sim_001,1.087259518,0.525736941,963.9670783,0.331085408,0.084047118,20.94449291,0.566471751,0,SUCCESS,0,0.000250709,1.082659483,1.040518522,90,90,0.022010708,117678214.8,0.000980407,0.000980407,0.00036992,2,60,16.66666667
dataset_batch_7_geo_batch7_0616,dataset_batch_7_geo_batch7_0616_sim_001,1.157317521,0.626699316,370.7473651,0.208036521,0.073497141,20.71043672,0.665235514,0,SUCCESS,0,0.000431557,1.040518522,1.040518522,90,90,0.015466984,120442725.4,0.002612623,0.002612623,0.001176043,2,60,16.66666667
dataset_batch_7_geo_batch7_0617,dataset_batch_7_geo_batch7_0617_sim_001,1.030947573,0.558144247,616.8227546,0.306557172,0.087319307,20.2678961,0.699103437,0,SUCCESS,0,0.000306583,1.126487851,1.040518522,15.75,8.999999046,0.0148721,106568959.2,0.001086054,0.001086054,0.000704694,2,60,16.66666667
dataset_batch_7_geo_batch7_0618,dataset_batch_7_geo_batch7_0618_sim_001,1.151108423,0.62319925,487.3183256,0.312155894,0.056422173,22.81015926,0.777050019,0,SUCCESS,0,0.000512129,1.126487851,1.082659483,15.75,11.25,0.0148721,119180372.4,0.001534925,0.001534925,0.000977793,2,60,16.66666667
dataset_batch_7_geo_batch7_0619,dataset_batch_7_geo_batch7_0619_sim_001,0.997297576,0.550428256,651.2928032,0.158885277,0.04326722,21.59375708,0.492989911,0,SUCCESS,0,0.000417214,1.082659483,1.040518522,90,90,0.025580012,105296668.9,0.001443579,0.001443579,0.000475678,2,60,16.66666667
dataset_batch_7_geo_batch7_0620,dataset_batch_7_geo_batch7_0620_sim_001,0.949481895,0.515387741,253.0222808,0.321679709,0.068088851,21.36390638,0.508891399,0,SUCCESS,0,7.09E-05,1.040518522,1,9,0,0.00594884,105832446.8,0.003104834,0.003104834,0.000950011,1,60,16.66666667
dataset_batch_7_geo_batch7_0621,dataset_batch_7_geo_batch7_0621_sim_001,1.102252745,0.555916691,627.6402499,0.258458796,0.067717044,24.45730713,0.475364534,0,SUCCESS,0,0.000220159,1.040518522,1.040518522,90,6.750002384,0.014277216,126491874.9,0.001784911,0.001784911,0.000456703,2,60,16.66666667
dataset_batch_7_geo_batch7_0622,dataset_batch_7_geo_batch7_0622_sim_001,1.114041656,0.553595286,269.6076465,0.265792206,0.078895956,24.03522762,0.462323362,0,SUCCESS,0,0.00088023,1.040518522,1.040518522,90,13.50000477,0.016656752,126792986.5,0.004292914,0.004292914,0.001043715,2,60,16.66666667
dataset_batch_7_geo_batch7_0623,dataset_batch_7_geo_batch7_0623_sim_001,1.039396379,0.544498639,561.8946893,0.186028741,0.05333213,23.69137458,0.595812952,0,SUCCESS,0,0.000194236,1.082659483,1.040518522,13.5,6.75,0.011302796,114704029.4,0.001591678,0.001591678,0.00077658,2,60,16.66666667
dataset_batch_7_geo_batch7_0624,dataset_batch_7_geo_batch7_0624_sim_001,1.088495027,0.540954418,511.5268244,0.183812778,0.077365536,22.30746038,0.483331232,0,SUCCESS,0,0.00077087,1.082659483,1.082659483,90,90,0.026174896,119556010.7,0.002208776,0.002208776,0.000732508,2,60,16.66666667
dataset_batch_7_geo_batch7_0625,dataset_batch_7_geo_batch7_0625_sim_001,0.897330994,0.496847411,549.3321182,0.259301434,0.051734687,20.20196993,0.508212016,0,SUCCESS,0,0.000156363,1.126487851,1.040518522,15.75,6.75,0.015466984,97929891.5,0.001333331,0.001333331,0.000507291,2,60,16.66666667
dataset_batch_7_geo_batch7_0626,dataset_batch_7_geo_batch7_0626_sim_001,1.156820254,0.606226524,342.5321928,0.178854585,0.057900051,25.40238464,0.444324926,0,SUCCESS,0,0.001240101,1.082659483,1.082659483,90,20.25,0.022010708,129207784.7,0.003683869,0.003683869,0.000843047,2,60,16.66666667
dataset_batch_7_geo_batch7_0627,dataset_batch_7_geo_batch7_0627_sim_001,1.097503004,0.468949551,696.92175,0.237854339,0.126223557,26.88961711,0.415059266,0,SUCCESS,0,9.15E-05,1.082659483,1,11.25,0,0.008328376,139175418.7,0.001795147,0.001795147,0.000551399,1,60,16.66666667
dataset_batch_7_geo_batch7_0628,dataset_batch_7_geo_batch7_0628_sim_001,0.953446448,0.549327103,738.712968,0.16718187,0.077190603,20.6841697,0.733916358,0,SUCCESS,0,0.000290749,1.172071099,1.082659483,18,11.25,0.020226056,91743567.79,0.000770799,0.000770799,0.000720021,2,60,16.66666667
dataset_batch_7_geo_batch7_0629,dataset_batch_7_geo_batch7_0629_sim_001,0.985100106,0.471422123,935.3068264,0.158070558,0.054505017,25.17805681,0.487170295,0,SUCCESS,0,0.000164898,1.172071099,1.040518522,18,6.75,0.018441404,115598002.8,0.001053423,0.001053423,0.00046444,2,60,16.66666667
dataset_batch_7_geo_batch7_0630,dataset_batch_7_geo_batch7_0630_sim_001,1.001142893,0.480691707,127.8780351,0.310195422,0.082384706,23.90112127,0.464878923,0,SUCCESS,0,0.00043571,1.082659483,1.040518522,11.25,8.999999046,0.00892326,119117233.7,0.007505567,0.007505567,0.002266283,2,60,16.66666667
dataset_batch_7_geo_batch7_0631,dataset_batch_7_geo_batch7_0631_sim_001,1.154752592,0.511087499,926.8378343,0.27409109,0.0814782,24.9941134,0.492171759,0,SUCCESS,0,0.000146907,1.082659483,1,90,90,0.01784652,137811987.8,0.001308963,0.001308963,0.000428128,2,60,16.66666667
dataset_batch_7_geo_batch7_0632,dataset_batch_7_geo_batch7_0632_sim_001,0.968243976,0.522383239,265.8514359,0.26781203,0.060545127,20.41149891,0.472644414,0,SUCCESS,0,0.001130916,1.082659483,1.040518522,90,90,0.024985128,103229630.1,0.003357242,0.003357242,0.00092665,2,60,16.66666667
dataset_batch_7_geo_batch7_0633,dataset_batch_7_geo_batch7_0633_sim_001,1.033430536,0.566104489,271.8595235,0.219473347,0.054766866,23.40694473,0.555668405,0,SUCCESS,0,4.80E-05,1.040518522,1,6.75,0,0.004759072,114817195.4,0.003314519,0.003314519,0.001204439,1,60,16.66666667
dataset_batch_7_geo_batch7_0634,dataset_batch_7_geo_batch7_0634_sim_001,0.87058016,0.484250634,155.4453093,0.286258232,0.096903828,20.29642174,0.609064861,0,SUCCESS,0,0.000785255,1.126487851,1.082659483,15.75,13.5,0.015466984,88212892.22,0.003522202,0.003522202,0.002435349,2,60,16.66666667
dataset_batch_7_geo_batch7_0635,dataset_batch_7_geo_batch7_0635_sim_001,1.14683962,0.602817143,147.5073338,0.320566698,0.057728409,24.05500575,0.695278354,0,SUCCESS,0,0.000813869,1.082659483,1.040518522,11.25,8.999999046,0.009518144,124259901.3,0.005774121,0.005774121,0.002763702,2,60,16.66666667
dataset_batch_7_geo_batch7_0636,dataset_batch_7_geo_batch7_0636_sim_001,1.113413074,0.56280877,980.47512,0.288110044,0.11269996,20.22904411,0.534778648,0,SUCCESS,0,0.000255231,1.040518522,1.040518522,90,11.25000381,0.014277216,121925262,0.001067034,0.001067034,0.000323576,2,60,16.66666667
dataset_batch_7_geo_batch7_0637,dataset_batch_7_geo_batch7_0637_sim_001,1.076749763,0.589581245,977.0734315,0.21107445,0.049232323,22.18483647,0.726430644,0,SUCCESS,0,0.000225619,1.126487851,1.040518522,15.75,8.999999046,0.015466984,111163847.8,0.000780715,0.000780715,0.000522146,2,60,16.66666667
dataset_batch_7_geo_batch7_0638,dataset_batch_7_geo_batch7_0638_sim_001,1.112087735,0.484047056,508.0454145,0.278489851,0.051812487,27.09715236,0.477242539,0,SUCCESS,0,0.00038161,1.126487851,1.082659483,15.75,11.25,0.0148721,137284692.1,0.00229239,0.00229239,0.000775689,2,60,16.66666667
dataset_batch_7_geo_batch7_0639,dataset_batch_7_geo_batch7_0639_sim_001,1.057018474,0.487546666,194.2883588,0.208054831,0.109321354,24.00066313,0.454451147,0,SUCCESS,0,0.00036766,1.082659483,1.040518522,90,8.999999046,0.013682332,128806851.1,0.005808559,0.005808559,0.00199929,2,60,16.66666667
dataset_batch_7_geo_batch7_0640,dataset_batch_7_geo_batch7_0640_sim_001,1.017031783,0.533841253,120.1671656,0.161348943,0.05639361,25.69359896,0.568809391,0,SUCCESS,0,0.000503128,1.082659483,1.040518522,11.25,8.999999046,0.00892326,112993482.9,0.007489858,0.007489858,0.003544537,2,60,16.66666667
dataset_batch_7_geo_batch7_0641,dataset_batch_7_geo_batch7_0641_sim_001,0.963724833,0.486022792,819.427521,0.322469112,0.118704232,20.23034249,0.405227712,0,SUCCESS,0,0.00034109,1.040518522,1.040518522,90,13.50000477,0.015466984,107819353.3,0.001176048,0.001176048,0.000241162,2,60,16.66666667
dataset_batch_7_geo_batch7_0642,dataset_batch_7_geo_batch7_0642_sim_001,1.005501325,0.528447512,705.1111549,0.325151102,0.053254307,21.55214705,0.523029521,0,SUCCESS,0,7.65E-05,1.082659483,1,90,0,0.013682332,112489099.6,0.001218148,0.001218148,0.000374154,1,60,16.66666667
dataset_batch_7_geo_batch7_0643,dataset_batch_7_geo_batch7_0643_sim_001,1.134164285,0.470545391,348.1490341,0.349729534,0.113148145,25.64430653,0.482171921,0,SUCCESS,0,0.000793431,1.082659483,1.040518522,13.5,8.999999046,0.010707912,141504213.7,0.003297062,0.003297062,0.001037464,2,60,16.66666667
dataset_batch_7_geo_batch7_0644,dataset_batch_7_geo_batch7_0644_sim_001,1.139587182,0.522894391,456.4943535,0.236340577,0.126124217,22.614987,0.560340283,0,SUCCESS,0,0.000219862,1.082659483,1.040518522,90,90,0.0148721,132961384.8,0.002446559,0.002446559,0.001032554,2,60,16.66666667
dataset_batch_7_geo_batch7_0645,dataset_batch_7_geo_batch7_0645_sim_001,1.151952612,0.543585726,817.0469572,0.176391218,0.096342254,22.48040453,0.562374549,0,SUCCESS,0,0.00028198,1.082659483,1.040518522,90,90,0.022010708,128078055.8,0.001417341,0.001417341,0.000614834,2,60,16.66666667
dataset_batch_7_geo_batch7_0646,dataset_batch_7_geo_batch7_0646_sim_001,1.11672809,0.490699575,814.7020419,0.25586709,0.123077703,24.63008298,0.527425597,0,SUCCESS,0,0.000143742,1.082659483,1,11.25,4.499999523,0.009518144,134830443.6,0.001377476,0.001377476,0.000561859,2,60,16.66666667
dataset_batch_7_geo_batch7_0647,dataset_batch_7_geo_batch7_0647_sim_001,1.05105325,0.440854773,700.0935621,0.318413992,0.104010415,27.65904005,0.40368979,0,SUCCESS,0,0.000133892,1.082659483,1,13.5,2.249999762,0.010113028,133365259.3,0.001633248,0.001633248,0.000448739,2,60,16.66666667
dataset_batch_7_geo_batch7_0648,dataset_batch_7_geo_batch7_0648_sim_001,1.169313509,0.614255358,839.7655462,0.338523384,0.081118604,20.8420126,0.625235788,0,SUCCESS,0,0.000147444,1.040518522,1,90,4.500001431,0.01189768,126591834.8,0.001151542,0.001151542,0.000372962,2,60,16.66666667
dataset_batch_7_geo_batch7_0649,dataset_batch_7_geo_batch7_0649_sim_001,1.140011247,0.656521124,964.748502,0.343206767,0.059442565,20.77197701,0.77510313,0,SUCCESS,0,9.48E-05,1.082659483,1,11.25,0,0.00892326,115581396.9,0.000716844,0.000716844,0.000398722,1,60,16.66666667
dataset_batch_7_geo_batch7_0650,dataset_batch_7_geo_batch7_0650_sim_001,1.137080283,0.571946298,510.8102675,0.150293371,0.085186453,22.17024602,0.460435953,0,SUCCESS,0,0.001282602,1.126487851,1.082659483,90,90,0.033908388,122563093.6,0.00243496,0.00243496,0.000727811,2,60,16.66666667
dataset_batch_7_geo_batch7_0651,dataset_batch_7_geo_batch7_0651_sim_001,1.160077055,0.593492333,869.1068578,0.228208538,0.055884778,25.88859958,0.683619439,0,SUCCESS,0,0.000150522,1.082659483,1,11.25,4.499999523,0.009518144,127717676,0.001106609,0.001106609,0.000574385,2,60,16.66666667
dataset_batch_7_geo_batch7_0652,dataset_batch_7_geo_batch7_0652_sim_001,1.124007707,0.670641448,366.6188509,0.162588258,0.05285451,21.87594211,0.523075099,0,SUCCESS,0,0.00114116,1.082659483,1.082659483,24.75000191,20.25,0.019036288,116544720.6,0.002887595,0.002887595,0.00063485,2,60,16.66666667
dataset_batch_7_geo_batch7_0653,dataset_batch_7_geo_batch7_0653_sim_001,1.06463194,0.570249686,677.1013202,0.30236838,0.047133707,23.57061644,0.707842683,0,SUCCESS,0,0.000347801,1.126487851,1.082659483,15.75,8.999999046,0.015466984,111191922.1,0.00105635,0.00105635,0.000660185,2,60,16.66666667
dataset_batch_7_geo_batch7_0654,dataset_batch_7_geo_batch7_0654_sim_001,0.857913965,0.500714448,124.7419345,0.153494141,0.054735826,20.48134146,0.697451375,0,SUCCESS,0,0.002342272,1.320067286,1.219479561,22.5,20.24999809,0.036882808,80102102.09,0.004171676,0.003786968,0.004171676,3,60,16.66666667
dataset_batch_7_geo_batch7_0655,dataset_batch_7_geo_batch7_0655_sim_001,1.14841988,0.593669053,388.1671002,0.333084483,0.068774068,20.49861598,0.66608877,0,SUCCESS,0,0.000670244,1.082659483,1.040518522,90,90,0.022605592,118671039.4,0.002289132,0.002289132,0.000990927,2,60,16.66666667
dataset_batch_7_geo_batch7_0656,dataset_batch_7_geo_batch7_0656_sim_001,0.993938955,0.599854719,240.86937,0.18558007,0.055012244,21.78225564,0.491014853,0,SUCCESS,0,0.000410753,1.040518522,1.040518522,13.50000477,9.000002861,0.008328376,106289739.2,0.003692628,0.003692628,0.000835403,2,60,16.66666667
dataset_batch_7_geo_batch7_0657,dataset_batch_7_geo_batch7_0657_sim_001,1.144450299,0.493893903,968.9663263,0.187239696,0.101271899,24.76049368,0.453636002,0,SUCCESS,0,0.000291265,1.126487851,1.040518522,90,90,0.024390244,134445204.2,0.001346805,0.001346805,0.000481339,2,60,16.66666667
dataset_batch_7_geo_batch7_0658,dataset_batch_7_geo_batch7_0658_sim_001,0.92790464,0.464605022,117.1077505,0.236515049,0.113938194,20.395697,0.572627193,0,SUCCESS,0,0.001411998,1.126487851,1.126487851,18,13.5,0.01784652,101223969.4,0.006323066,0.006323066,0.003775887,2,60,16.66666667
dataset_batch_7_geo_batch7_0659,dataset_batch_7_geo_batch7_0659_sim_001,1.152842269,0.532824711,120.7772656,0.153029548,0.118321339,26.33851725,0.454546044,0,SUCCESS,0,0.000248188,1.040518522,1.040518522,90,6.75,0.010707912,142670014.1,0.010761979,0.010761979,0.003546249,2,60,16.66666667
dataset_batch_7_geo_batch7_0660,dataset_batch_7_geo_batch7_0660_sim_001,1.107068311,0.559861543,180.8750605,0.34758033,0.088913774,21.09262945,0.497899826,0,SUCCESS,0,0.002089971,1.082659483,1.082659483,90,90,0.022010708,121373763.9,0.005792186,0.005792186,0.001297217,2,60,16.66666667
dataset_batch_7_geo_batch7_0661,dataset_batch_7_geo_batch7_0661_sim_001,1.114717852,0.594966663,189.0118939,0.161544965,0.067994457,23.17796852,0.507167032,0,SUCCESS,0,0.001368431,1.082659483,1.040518522,90,15.74999905,0.020226056,121823319.3,0.005900814,0.005900814,0.001779409,2,60,16.66666667
dataset_batch_7_geo_batch7_0662,dataset_batch_7_geo_batch7_0662_sim_001,1.167400565,0.548729403,264.9423277,0.347995065,0.090015962,26.34940442,0.407364902,0,SUCCESS,0,0.001033907,1.040518522,1.040518522,90,90,0.015466984,139018673.4,0.004825986,0.004825986,0.000749407,2,60,16.66666667
dataset_batch_7_geo_batch7_0663,dataset_batch_7_geo_batch7_0663_sim_001,1.050009522,0.540507513,362.1960601,0.343232181,0.076657442,22.83447142,0.519098475,0,SUCCESS,0,4.24E-05,1.040518522,1,6.75,0,0.004759072,121140646.2,0.00255647,0.00255647,0.000694272,1,60,16.66666667
dataset_batch_7_geo_batch7_0664,dataset_batch_7_geo_batch7_0664_sim_001,1.155429223,0.543291048,238.5628236,0.296762606,0.067949194,25.6527027,0.480491045,0,SUCCESS,0,0.000346827,1.082659483,1.040518522,90,90,0.015466984,138095954.8,0.005017179,0.005017179,0.001318467,2,60,16.66666667
dataset_batch_7_geo_batch7_0665,dataset_batch_7_geo_batch7_0665_sim_001,0.992120102,0.490439273,346.8323233,0.324479496,0.055186604,23.35777246,0.428144392,0,SUCCESS,0,0.000630327,1.082659483,1.040518522,90,90,0.021415824,112115173.2,0.002825748,0.002825748,0.000652897,2,60,16.66666667
dataset_batch_7_geo_batch7_0666,dataset_batch_7_geo_batch7_0666_sim_001,1.169216842,0.572554469,182.6007348,0.169708779,0.092145356,24.49724031,0.449333747,0,SUCCESS,0,0.002318524,1.082659483,1.082659483,90,90,0.023200476,132283633.3,0.007156197,0.007156197,0.001982823,2,60,16.66666667
dataset_batch_7_geo_batch7_0667,dataset_batch_7_geo_batch7_0667_sim_001,1.115390914,0.532296829,440.6967867,0.336973707,0.121612989,23.39417046,0.470639398,0,SUCCESS,0,2.04E-05,1.040518522,1,90,0,0.008328376,135283910.7,0.00252818,0.00252818,0.00058649,1,60,16.66666667
dataset_batch_7_geo_batch7_0668,dataset_batch_7_geo_batch7_0668_sim_001,0.950445157,0.562320713,282.2453394,0.348723993,0.057489208,20.25924159,0.708679005,0,SUCCESS,0,0.000574955,1.126487851,1.082659483,15.75,11.25,0.015466984,91965112.38,0.001720952,0.001720952,0.001295904,2,60,16.66666667
dataset_batch_7_geo_batch7_0669,dataset_batch_7_geo_batch7_0669_sim_001,0.889213913,0.47857035,542.9297608,0.218013882,0.089443579,21.01054813,0.516819487,0,SUCCESS,0,0.000124207,1.082659483,1,13.5,4.499999523,0.011302796,97030316.99,0.0013545,0.0013545,0.000623507,2,60,16.66666667
dataset_batch_7_geo_batch7_0670,dataset_batch_7_geo_batch7_0670_sim_001,1.149937959,0.543735293,189.5670348,0.302570925,0.089781423,22.99885281,0.529641803,0,SUCCESS,0,0.000808764,1.040518522,1.040518522,90,90,0.015466984,131656160.6,0.005901078,0.005901078,0.001850702,2,60,16.66666667
dataset_batch_7_geo_batch7_0671,dataset_batch_7_geo_batch7_0671_sim_001,1.024405635,0.480672135,661.9085365,0.174305826,0.082624153,25.12197281,0.419329819,0,SUCCESS,0,0.000146576,1.082659483,1,90,4.499999523,0.018441404,123583716,0.001701931,0.001701931,0.000556622,2,60,16.66666667
dataset_batch_7_geo_batch7_0672,dataset_batch_7_geo_batch7_0672_sim_001,1.060061771,0.555771448,324.8617556,0.175366794,0.045278572,25.28295147,0.544063621,0,SUCCESS,0,0.000127193,1.040518522,1,11.25,2.249999762,0.007138608,120619487.2,0.003048457,0.003048457,0.001183875,2,60,16.66666667
dataset_batch_7_geo_batch7_0673,dataset_batch_7_geo_batch7_0673_sim_001,0.932792636,0.550591094,158.2644766,0.177159827,0.05593908,21.26046534,0.414891223,0,SUCCESS,0,0.002234828,1.082659483,1.082659483,90,20.25,0.023200476,98930118.89,0.005706292,0.005706292,0.001121925,2,60,16.66666667
dataset_batch_7_geo_batch7_0674,dataset_batch_7_geo_batch7_0674_sim_001,1.06257913,0.569597767,937.3291405,0.218465478,0.059167476,23.8560818,0.65763996,0,SUCCESS,0,0.000111266,1.082659483,1,13.5,2.249999762,0.010707912,113765068.6,0.000886078,0.000886078,0.000482126,2,60,16.66666667
dataset_batch_7_geo_batch7_0675,dataset_batch_7_geo_batch7_0675_sim_001,1.066302482,0.558853691,596.7233141,0.158306747,0.048076708,24.83809471,0.557629439,0,SUCCESS,0,8.32E-05,1.082659483,1,11.25,0,0.008328376,120743525.5,0.001659096,0.001659096,0.00068682,1,60,16.66666667
dataset_batch_7_geo_batch7_0676,dataset_batch_7_geo_batch7_0676_sim_001,1.072960679,0.561027519,304.335561,0.28329361,0.114007714,20.572459,0.437541003,0,SUCCESS,0,0.00168635,1.082659483,1.082659483,24.75000191,20.25,0.019036288,117654406.9,0.003630803,0.003630803,0.000699301,2,60,16.66666667
dataset_batch_7_geo_batch7_0677,dataset_batch_7_geo_batch7_0677_sim_001,1.08617176,0.58097911,586.9488404,0.246071165,0.051487156,23.04128327,0.61870264,0,SUCCESS,0,0.000107778,1.082659483,1,11.25,0,0.008328376,119439084,0.001534802,0.001534802,0.000656383,1,60,16.66666667
dataset_batch_7_geo_batch7_0678,dataset_batch_7_geo_batch7_0678_sim_001,1.131378262,0.600853289,581.9909029,0.202034706,0.081813597,20.5464122,0.604488084,0,SUCCESS,0,0.000315988,1.040518522,1.040518522,90,11.25000381,0.015466984,120411639.8,0.001741344,0.001741344,0.000694782,2,60,16.66666667
dataset_batch_7_geo_batch7_0679,dataset_batch_7_geo_batch7_0679_sim_001,1.099573015,0.509578289,416.8453771,0.15990465,0.119580856,24.26976672,0.531126585,0,SUCCESS,0,0.000194556,1.082659483,1.040518522,11.25,4.499999523,0.00892326,130651574.3,0.002696644,0.002696644,0.001197234,2,60,16.66666667
dataset_batch_7_geo_batch7_0680,dataset_batch_7_geo_batch7_0680_sim_001,1.041805371,0.57281783,524.3746003,0.348844222,0.049359177,21.38677003,0.705105192,0,SUCCESS,0,0.00053467,1.126487851,1.082659483,15.75,11.25,0.016061868,107293854.2,0.00122494,0.00122494,0.000746862,2,60,16.66666667
dataset_batch_7_geo_batch7_0681,dataset_batch_7_geo_batch7_0681_sim_001,0.957585369,0.447048205,809.9922725,0.303252624,0.115569642,20.67140309,0.444618113,0,SUCCESS,0,9.98E-05,1.082659483,1,90,0,0.016656752,111893017.3,0.001147177,0.001147177,0.000374855,1,60,16.66666667
dataset_batch_7_geo_batch7_0682,dataset_batch_7_geo_batch7_0682_sim_001,1.06909138,0.491815141,894.3715304,0.154972299,0.087969351,24.86412215,0.523069257,0,SUCCESS,0,0.00016878,1.126487851,1.040518522,15.75,6.75,0.0148721,126847107.7,0.001220188,0.001220188,0.000563425,2,60,16.66666667
dataset_batch_7_geo_batch7_0683,dataset_batch_7_geo_batch7_0683_sim_001,0.957467661,0.493773806,610.9966585,0.348781788,0.054139177,23.89030521,0.413091071,0,SUCCESS,0,6.84E-05,1.040518522,1,90,0,0.0148721,112337197.5,0.001508934,0.001508934,0.000276705,1,60,16.66666667
dataset_batch_7_geo_batch7_0684,dataset_batch_7_geo_batch7_0684_sim_001,1.164517265,0.529125057,970.4146211,0.199312727,0.07803587,25.6264851,0.4707404,0,SUCCESS,0,0.000243385,1.082659483,1.040518522,90,90,0.020226056,135937557.4,0.001330455,0.001330455,0.000437465,2,60,16.66666667
dataset_batch_7_geo_batch7_0685,dataset_batch_7_geo_batch7_0685_sim_001,1.082986033,0.569935579,833.7769686,0.162951319,0.066858122,23.83265272,0.667038297,0,SUCCESS,0,0.000158061,1.082659483,1.040518522,13.5,6.75,0.011302796,116712204.3,0.001062045,0.001062045,0.000620043,2,60,16.66666667
dataset_batch_7_geo_batch7_0686,dataset_batch_7_geo_batch7_0686_sim_001,1.130444737,0.4828136,347.2426288,0.199640621,0.113344459,26.60699163,0.484829475,0,SUCCESS,0,0.000322581,1.082659483,1.040518522,13.5,8.999999046,0.010707912,140068129.4,0.003571442,0.003571442,0.001410982,2,60,16.66666667
dataset_batch_7_geo_batch7_0687,dataset_batch_7_geo_batch7_0687_sim_001,1.140209016,0.539903849,598.8315437,0.321371946,0.056015605,25.47979221,0.465820535,0,SUCCESS,0,0.000580129,1.082659483,1.040518522,90,90,0.018441404,131904714.6,0.001959847,0.001959847,0.000457215,2,60,16.66666667
dataset_batch_7_geo_batch7_0688,dataset_batch_7_geo_batch7_0688_sim_001,0.825579428,0.478174896,109.1627205,0.205478757,0.044898988,20.6122702,0.403206141,0,SUCCESS,0,0.001864955,1.172071099,1.082659483,90,90,0.030933968,87203049.47,0.006946762,0.006946762,0.001734118,2,60,16.66666667
dataset_batch_7_geo_batch7_0689,dataset_batch_7_geo_batch7_0689_sim_001,1.009519087,0.493833996,529.8731076,0.313618121,0.042580341,22.02584016,0.50340858,0,SUCCESS,0,0.000741361,1.126487851,1.082659483,90,90,0.0297442,108572726.9,0.001736009,0.001736009,0.000597236,2,60,16.66666667
dataset_batch_7_geo_batch7_0690,dataset_batch_7_geo_batch7_0690_sim_001,1.023851936,0.569882027,173.7165733,0.347039254,0.048768472,20.34770503,0.487816599,0,SUCCESS,0,0.002746634,1.082659483,1.082659483,90,90,0.025580012,106938645.2,0.005261402,0.005261402,0.000980393,2,60,16.66666667
dataset_batch_7_geo_batch7_0691,dataset_batch_7_geo_batch7_0691_sim_001,1.060461737,0.524471905,785.2594848,0.187044004,0.065143863,23.25510851,0.597501561,0,SUCCESS,0,0.000246486,1.126487851,1.040518522,90,8.999999046,0.021415824,118354832.5,0.001206875,0.001206875,0.000627658,2,60,16.66666667
dataset_batch_7_geo_batch7_0692,dataset_batch_7_geo_batch7_0692_sim_001,0.954201738,0.53893681,185.8518783,0.155915368,0.102116907,20.25107448,0.550045133,0,SUCCESS,0,4.71E-05,1.040518522,1,6.75,0,0.004759072,103007611.3,0.00428529,0.00428529,0.00187749,1,60,16.66666667
dataset_batch_7_geo_batch7_0693,dataset_batch_7_geo_batch7_0693_sim_001,1.060574056,0.511666703,154.6294387,0.337815276,0.120353125,21.18997938,0.620079911,0,SUCCESS,0,0.001081233,1.082659483,1.082659483,13.5,11.25,0.011302796,118713914.8,0.00533399,0.00533399,0.002671291,2,60,16.66666667
dataset_batch_7_geo_batch7_0694,dataset_batch_7_geo_batch7_0694_sim_001,1.034116178,0.500585824,323.6265108,0.205897571,0.122662745,24.49044104,0.401083618,0,SUCCESS,0,3.72E-05,1.040518522,1,90,0,0.008328376,127295445.5,0.003523417,0.003523417,0.000923442,1,60,16.66666667
dataset_batch_7_geo_batch7_0695,dataset_batch_7_geo_batch7_0695_sim_001,0.890543824,0.544285334,783.6133164,0.175711507,0.046899826,20.48458277,0.727961649,0,SUCCESS,0,0.000287845,1.219479561,1.082659483,20.24999809,13.5,0.02676978,81566028.54,0.000617585,0.000580725,0.000617585,3,60,16.66666667
dataset_batch_7_geo_batch7_0696,dataset_batch_7_geo_batch7_0696_sim_001,1.037396716,0.517739229,496.6688285,0.186128262,0.043431369,25.36997019,0.410244112,0,SUCCESS,0,0.000622271,1.082659483,1.040518522,90,90,0.025580012,117473062.2,0.002281607,0.002281607,0.000606745,2,60,16.66666667
dataset_batch_7_geo_batch7_0697,dataset_batch_7_geo_batch7_0697_sim_001,1.153767082,0.637426075,350.0088091,0.20114788,0.060666753,20.62063819,0.636920807,0,SUCCESS,0,0.000534347,1.040518522,1.040518522,90,13.50000477,0.0148721,120378054.1,0.002833133,0.002833133,0.001114778,2,60,16.66666667
dataset_batch_7_geo_batch7_0698,dataset_batch_7_geo_batch7_0698_sim_001,1.099535382,0.540020518,182.6263611,0.275697669,0.051537436,26.62941176,0.446485912,0,SUCCESS,0,0.000233454,1.040518522,1.040518522,90,6.75,0.010707912,133750112.3,0.006306005,0.006306005,0.001466722,2,60,16.66666667
dataset_batch_7_geo_batch7_0699,dataset_batch_7_geo_batch7_0699_sim_001,1.084955898,0.483154149,376.2332264,0.287581765,0.048643434,27.61272006,0.414931959,0,SUCCESS,0,0.000389109,1.126487851,1.040518522,90,11.25,0.016061868,136211052,0.003162106,0.003162106,0.000820161,2,60,16.66666667
dataset_batch_7_geo_batch7_0700,dataset_batch_7_geo_batch7_0700_sim_001,1.100150181,0.482721983,912.5438259,0.197402171,0.124740139,25.81381472,0.432150405,0,SUCCESS,0,7.54E-05,1.082659483,1,11.25,0,0.008328376,137902472.9,0.001365409,0.001365409,0.000455609,1,60,16.66666667
dataset_batch_7_geo_batch7_0701,dataset_batch_7_geo_batch7_0701_sim_001,1.132901264,0.577252109,605.6706068,0.230319703,0.056953587,24.27627109,0.563665677,0,SUCCESS,0,6.67E-05,1.040518522,1,11.25,0,0.006543724,130834284.1,0.001762735,0.001762735,0.00062676,1,60,16.66666667
dataset_batch_7_geo_batch7_0702,dataset_batch_7_geo_batch7_0702_sim_001,1.15334954,0.601446279,801.9447957,0.268409561,0.062732221,22.55507126,0.698204286,0,SUCCESS,0,0.000213242,1.082659483,1.040518522,90,6.75,0.015466984,124715830.9,0.001121843,0.001121843,0.000577666,2,60,16.66666667
dataset_batch_7_geo_batch7_0703,dataset_batch_7_geo_batch7_0703_sim_001,1.137839044,0.532683257,395.6641778,0.245298002,0.100349548,24.05203266,0.522794235,0,SUCCESS,0,0.000134904,1.040518522,1,11.25,2.249999762,0.007138608,136447848.1,0.002901886,0.002901886,0.001023669,2,60,16.66666667
dataset_batch_7_geo_batch7_0704,dataset_batch_7_geo_batch7_0704_sim_001,0.881603995,0.480135129,302.0938293,0.199805234,0.097118752,20.71089541,0.561739672,0,SUCCESS,0,0.000314688,1.126487851,1.040518522,15.75,8.999999046,0.0148721,93054805.42,0.002228192,0.002228192,0.001292134,2,60,16.66666667
dataset_batch_7_geo_batch7_0705,dataset_batch_7_geo_batch7_0705_sim_001,1.151220777,0.559830744,842.0752712,0.222743575,0.103074965,21.43344774,0.567253358,0,SUCCESS,0,0.000262971,1.082659483,1.040518522,90,11.25000381,0.018441404,127090310.4,0.001324463,0.001324463,0.000518771,2,60,16.66666667
dataset_batch_7_geo_batch7_0706,dataset_batch_7_geo_batch7_0706_sim_001,1.163179685,0.552922072,795.0763888,0.337472389,0.115020488,21.88592948,0.44783577,0,SUCCESS,0,0.000750109,1.082659483,1.082659483,90,20.25,0.02379536,130520783.9,0.001544569,0.001544569,0.000304528,2,60,16.66666667
dataset_batch_7_geo_batch7_0707,dataset_batch_7_geo_batch7_0707_sim_001,1.083183299,0.565106068,523.6557321,0.332846234,0.125217899,20.86194344,0.42254345,0,SUCCESS,0,0.000891124,1.082659483,1.082659483,24.75000191,20.25,0.018441404,120469794.4,0.002129301,0.002129301,0.000306214,2,60,16.66666667
dataset_batch_7_geo_batch7_0708,dataset_batch_7_geo_batch7_0708_sim_001,1.037097039,0.497511518,403.4415241,0.195197662,0.105501015,22.19445547,0.44828616,0,SUCCESS,0,0.000572967,1.082659483,1.040518522,90,90,0.020226056,117914040,0.002721165,0.002721165,0.000902492,2,60,16.66666667
dataset_batch_7_geo_batch7_0709,dataset_batch_7_geo_batch7_0709_sim_001,1.143902758,0.592553173,443.2727317,0.175494497,0.065468981,23.47610921,0.511259304,0,SUCCESS,0,0.000716904,1.082659483,1.040518522,90,15.74999905,0.02082094,124942563,0.002630821,0.002630821,0.000809413,2,60,16.66666667
dataset_batch_7_geo_batch7_0710,dataset_batch_7_geo_batch7_0710_sim_001,1.088344307,0.522617693,404.8563791,0.1815118,0.067015084,25.86979542,0.533998498,0,SUCCESS,0,0.000239756,1.082659483,1.040518522,13.5,6.75,0.010707912,127852448.9,0.002667912,0.002667912,0.001117256,2,60,16.66666667
dataset_batch_7_geo_batch7_0711,dataset_batch_7_geo_batch7_0711_sim_001,1.086091671,0.502869073,319.9175,0.278256494,0.10647612,22.91441795,0.507927442,0,SUCCESS,0,0.000222932,1.082659483,1.040518522,11.25,4.499999523,0.00892326,130029657.2,0.003338063,0.003338063,0.001176105,2,60,16.66666667
dataset_batch_7_geo_batch7_0712,dataset_batch_7_geo_batch7_0712_sim_001,1.131658525,0.53350496,907.7327782,0.250243081,0.12064787,25.16920874,0.413557452,0,SUCCESS,0,0.00015452,1.040518522,1,90,4.500001431,0.01189768,136396823.6,0.00139939,0.00139939,0.000320909,2,60,16.66666667
dataset_batch_7_geo_batch7_0713,dataset_batch_7_geo_batch7_0713_sim_001,0.990604165,0.460774977,660.1879504,0.290369156,0.114346708,20.42139739,0.42434852,0,SUCCESS,0,0.000529082,1.082659483,1.040518522,90,90,0.024985128,111759476.2,0.001543599,0.001543599,0.000449093,2,60,16.66666667
dataset_batch_7_geo_batch7_0714,dataset_batch_7_geo_batch7_0714_sim_001,0.951997375,0.495730574,335.913526,0.193331644,0.096272209,21.26304721,0.51259488,0,SUCCESS,0,0.000171334,1.082659483,1.040518522,11.25,4.499999523,0.009518144,107125560.3,0.002553583,0.002553583,0.001086571,2,60,16.66666667
dataset_batch_7_geo_batch7_0715,dataset_batch_7_geo_batch7_0715_sim_001,1.018145337,0.498438319,531.9631557,0.187506907,0.112050836,21.7150973,0.418066983,0,SUCCESS,0,0.000605308,1.082659483,1.040518522,90,90,0.023200476,114666847.7,0.00206847,0.00206847,0.000612643,2,60,16.66666667
dataset_batch_7_geo_batch7_0716,dataset_batch_7_geo_batch7_0716_sim_001,0.804985157,0.44017017,417.9739263,0.151241682,0.088381272,21.25312941,0.41663353,0,SUCCESS,0,0.000158775,1.126487851,1.040518522,18,6.75,0.016061868,90415776.15,0.001773077,0.001773077,0.000659468,2,60,16.66666667
dataset_batch_7_geo_batch7_0717,dataset_batch_7_geo_batch7_0717_sim_001,1.039891795,0.470545741,544.0612852,0.287829844,0.044229105,25.80617562,0.468181011,0,SUCCESS,0,0.000357311,1.126487851,1.082659483,18,11.25,0.017251636,126140110.6,0.001921551,0.001921551,0.000649473,2,60,16.66666667
dataset_batch_7_geo_batch7_0718,dataset_batch_7_geo_batch7_0718_sim_001,1.161527974,0.528607516,929.7875316,0.195740227,0.103594971,22.09578726,0.562940398,0,SUCCESS,0,0.000365783,1.126487851,1.040518522,90,90,0.027959548,127736226.4,0.001267656,0.001267656,0.0005631,2,60,16.66666667
dataset_batch_7_geo_batch7_0719,dataset_batch_7_geo_batch7_0719_sim_001,1.034400245,0.609872862,280.0553995,0.299122018,0.045351437,21.16189044,0.491841496,0,FAILED,1,,,,,,,,,,,0,60,16.66666667
dataset_batch_7_geo_batch7_0720,dataset_batch_7_geo_batch7_0720_sim_001,1.053376722,0.459779969,825.9753731,0.15395181,0.123503639,25.66097828,0.428624833,0,SUCCESS,0,0.000112989,1.082659483,1,13.5,2.249999762,0.010707912,131317542.2,0.001446449,0.001446449,0.000548324,2,60,16.66666667
dataset_batch_7_geo_batch7_0721,dataset_batch_7_geo_batch7_0721_sim_001,1.144402783,0.635603958,727.8601806,0.287716453,0.066319129,21.59052425,0.782903105,0,SUCCESS,0,0.000277054,1.126487851,1.040518522,13.5,6.75,0.01189768,117030915.5,0.001016594,0.001016594,0.000655767,2,60,16.66666667
dataset_batch_7_geo_batch7_0722,dataset_batch_7_geo_batch7_0722_sim_001,1.122846174,0.563471733,173.0857031,0.272280381,0.045456283,25.13624436,0.565751164,0,SUCCESS,0,0.000339608,1.082659483,1.040518522,11.25,6.75,0.008328376,129731056.8,0.005958068,0.005958068,0.002098576,2,60,16.66666667
dataset_batch_7_geo_batch7_0723,dataset_batch_7_geo_batch7_0723_sim_001,1.059869567,0.487937581,538.0934575,0.161221457,0.118087148,25.85932723,0.553828623,0,SUCCESS,0,0.000210289,1.082659483,1.040518522,13.5,6.75,0.010707912,123699636.3,0.001927833,0.001927833,0.000986808,2,60,16.66666667
dataset_batch_7_geo_batch7_0724,dataset_batch_7_geo_batch7_0724_sim_001,1.073797221,0.464711666,819.4771081,0.254028974,0.07130787,27.31918787,0.408805952,0,SUCCESS,0,0.000179468,1.126487851,1.040518522,15.75,6.75,0.013682332,135696450.7,0.00147424,0.00147424,0.000433416,2,60,16.66666667
dataset_batch_7_geo_batch7_0725,dataset_batch_7_geo_batch7_0725_sim_001,1.100529707,0.599237046,511.8402019,0.242461098,0.043237969,22.43067216,0.610978742,0,SUCCESS,0,7.04E-05,1.040518522,1,90,0,0.007733492,121335129.9,0.001812544,0.001812544,0.00069922,1,60,16.66666667
dataset_batch_7_geo_batch7_0726,dataset_batch_7_geo_batch7_0726_sim_001,1.000302626,0.513938817,549.5680644,0.193843853,0.094974303,20.7474103,0.506879625,0,SUCCESS,0,0.000123247,1.082659483,1,90,90,0.016061868,112573923.5,0.001717953,0.001717953,0.000662263,2,60,16.66666667
dataset_batch_7_geo_batch7_0727,dataset_batch_7_geo_batch7_0727_sim_001,1.035972563,0.472940084,878.6289465,0.317426846,0.086737115,23.77833438,0.405105771,0,SUCCESS,0,0.00029514,1.082659483,1.040518522,90,90,0.02082094,120601914.1,0.001253926,0.001253926,0.000297974,2,60,16.66666667
dataset_batch_7_geo_batch7_0728,dataset_batch_7_geo_batch7_0728_sim_001,1.098754186,0.509377738,735.6716661,0.170486547,0.11748174,24.88688777,0.535843561,0,SUCCESS,0,0.000104564,1.082659483,1,11.25,0,0.00892326,130250070.6,0.001512361,0.001512361,0.000673147,1,60,16.66666667
dataset_batch_7_geo_batch7_0729,dataset_batch_7_geo_batch7_0729_sim_001,0.991994028,0.485447012,444.3530697,0.287562779,0.04280523,21.28990926,0.495961988,0,SUCCESS,0,0.000855762,1.172071099,1.082659483,90,90,0.03866746,106667780.5,0.002067022,0.002067022,0.000754471,2,60,16.66666667
dataset_batch_7_geo_batch7_0730,dataset_batch_7_geo_batch7_0730_sim_001,1.048943865,0.524881874,705.3653763,0.23195202,0.07942868,20.78874972,0.483197368,0,SUCCESS,0,0.000639307,1.082659483,1.082659483,90,90,0.027959548,113731977.1,0.001484874,0.001484874,0.00047815,2,60,16.66666667
dataset_batch_7_geo_batch7_0731,dataset_batch_7_geo_batch7_0731_sim_001,1.082473,0.523652601,593.9042488,0.194132039,0.044424971,27.02487205,0.407076017,0,SUCCESS,0,0.00036682,1.082659483,1.040518522,90,90,0.021415824,126304854,0.002047355,0.002047355,0.0005304,2,60,16.66666667
dataset_batch_7_geo_batch7_0732,dataset_batch_7_geo_batch7_0732_sim_001,1.057593126,0.546533971,933.8338382,0.291664104,0.091110664,20.97277351,0.647899664,0,SUCCESS,0,0.000163714,1.082659483,1.040518522,13.5,6.75,0.011302796,114717020.6,0.000859065,0.000859065,0.000453161,2,60,16.66666667
dataset_batch_7_geo_batch7_0733,dataset_batch_7_geo_batch7_0733_sim_001,1.136995119,0.481107626,835.6009861,0.313008793,0.049195116,27.64912343,0.457029209,0,SUCCESS,0,0.000264941,1.126487851,1.040518522,15.75,8.999999046,0.015466984,142880147.7,0.001449297,0.001449297,0.000431078,2,60,16.66666667
dataset_batch_7_geo_batch7_0734,dataset_batch_7_geo_batch7_0734_sim_001,1.08129463,0.579006049,892.3638235,0.271283691,0.053503348,21.4694168,0.450097264,0,SUCCESS,0,0.000898103,1.126487851,1.126487851,90,24.75000191,0.035098156,115329959.1,0.001246934,0.001246934,0.000251919,2,60,16.66666667
dataset_batch_7_geo_batch7_0735,dataset_batch_7_geo_batch7_0735_sim_001,1.101487829,0.573931739,599.0684941,0.18148272,0.074053235,23.9895438,0.695172713,0,SUCCESS,0,0.000269125,1.126487851,1.040518522,13.5,8.999999046,0.012492564,118054710.7,0.001462553,0.001462553,0.000905417,2,60,16.66666667
dataset_batch_7_geo_batch7_0736,dataset_batch_7_geo_batch7_0736_sim_001,1.037003211,0.561195046,401.0732698,0.155080057,0.074034829,22.18858382,0.540530046,0,SUCCESS,0,5.95E-05,1.040518522,1,90,0,0.007733492,116543639.4,0.002372486,0.002372486,0.000913099,1,60,16.66666667
dataset_batch_7_geo_batch7_0737,dataset_batch_7_geo_batch7_0737_sim_001,0.913397735,0.503932741,897.8365317,0.183667006,0.047424152,21.36589329,0.518080487,0,SUCCESS,0,0.000106188,1.126487851,1,15.75,2.249999762,0.015466984,99740500.79,0.000863621,0.000863621,0.00037088,2,60,16.66666667
dataset_batch_7_geo_batch7_0738,dataset_batch_7_geo_batch7_0738_sim_001,1.161610797,0.565626517,605.0157176,0.311624731,0.068697339,24.44917817,0.445586524,0,SUCCESS,0,0.001052823,1.082659483,1.082659483,90,18,0.024390244,130918280.3,0.002048842,0.002048842,0.000403875,2,60,16.66666667
dataset_batch_7_geo_batch7_0739,dataset_batch_7_geo_batch7_0739_sim_001,1.160090878,0.55017307,644.3394548,0.190602773,0.107045569,23.14349556,0.602829108,0,SUCCESS,0,0.000191814,1.082659483,1.040518522,90,90,0.01784652,132096179.4,0.001725994,0.001725994,0.000813058,2,60,16.66666667
dataset_batch_7_geo_batch7_0740,dataset_batch_7_geo_batch7_0740_sim_001,1.114652141,0.493808227,769.8601069,0.195515267,0.122625979,23.52360249,0.564871262,0,SUCCESS,0,0.000246569,1.126487851,1.040518522,90,8.999999046,0.020226056,130772429.3,0.001439821,0.001439821,0.000711621,2,60,16.66666667
dataset_batch_7_geo_batch7_0741,dataset_batch_7_geo_batch7_0741_sim_001,0.991728589,0.465062785,168.0725959,0.246436177,0.107316324,21.59038166,0.498851528,0,SUCCESS,0,0.000734693,1.126487851,1.082659483,90,90,0.02082094,115320109.9,0.005631237,0.005631237,0.002360405,2,60,16.66666667
dataset_batch_7_geo_batch7_0742,dataset_batch_7_geo_batch7_0742_sim_001,0.9620219,0.571059686,882.2375587,0.320454722,0.0957311,21.06257503,0.78984452,0,SUCCESS,0,0.000184001,1.126487851,1.040518522,15.75,6.75,0.014277216,88806276.14,0.000538687,0.000473857,0.000538687,3,60,16.66666667
dataset_batch_7_geo_batch7_0743,dataset_batch_7_geo_batch7_0743_sim_001,1.043930785,0.519206979,701.6784447,0.165151979,0.126007735,21.71900701,0.418044345,0,SUCCESS,0,0.000474374,1.082659483,1.040518522,90,15.74999905,0.02082094,117622369.5,0.001625537,0.001625537,0.00046544,2,60,16.66666667
dataset_batch_7_geo_batch7_0744,dataset_batch_7_geo_batch7_0744_sim_001,1.097522291,0.562240652,399.1234667,0.31590237,0.05661137,24.0653008,0.654567445,0,SUCCESS,0,0.00043657,1.082659483,1.040518522,13.5,8.999999046,0.011302796,120335962.4,0.002103353,0.002103353,0.001020061,2,60,16.66666667
dataset_batch_7_geo_batch7_0745,dataset_batch_7_geo_batch7_0745_sim_001,0.904340526,0.474758611,880.7364847,0.206761879,0.084277142,20.53195795,0.47456761,0,SUCCESS,0,8.37E-05,1.126487851,1,15.75,0,0.013087448,102267729.3,0.000933992,0.000933992,0.000362453,1,60,16.66666667
dataset_batch_7_geo_batch7_0746,dataset_batch_7_geo_batch7_0746_sim_001,1.066168271,0.563122073,295.1011077,0.342172427,0.08439832,20.2185777,0.467000171,0,SUCCESS,0,0.001922292,1.082659483,1.082659483,90,22.50000191,0.025580012,113814858.5,0.003472931,0.003472931,0.000637569,2,60,16.66666667
dataset_batch_7_geo_batch7_0747,dataset_batch_7_geo_batch7_0747_sim_001,1.147246268,0.564874547,958.4050584,0.242758018,0.122889768,21.78918865,0.463061981,0,SUCCESS,0,0.000488477,1.082659483,1.040518522,90,18,0.020226056,128251891.4,0.001279493,0.001279493,0.000323607,2,60,16.66666667
dataset_batch_7_geo_batch7_0748,dataset_batch_7_geo_batch7_0748_sim_001,1.118737813,0.57934724,465.5050568,0.159484441,0.072441042,26.18526964,0.407659761,0,SUCCESS,0,0.000600053,1.082659483,1.040518522,90,15.74999905,0.016061868,128430455.4,0.002688246,0.002688246,0.000593957,2,60,16.66666667
dataset_batch_7_geo_batch7_0749,dataset_batch_7_geo_batch7_0749_sim_001,1.097851985,0.50322569,688.0659646,0.342490327,0.044909857,25.67871213,0.421328644,0,SUCCESS,0,0.00047751,1.082659483,1.040518522,90,90,0.025580012,126870002.1,0.001685583,0.001685583,0.000358037,2,60,16.66666667
dataset_batch_7_geo_batch7_0750,dataset_batch_7_geo_batch7_0750_sim_001,1.149541885,0.60236857,194.1600965,0.220811784,0.090910648,20.27870611,0.673763757,0,SUCCESS,0,0.001004493,1.082659483,1.040518522,90,90,0.021415824,119184869.7,0.004913189,0.004913189,0.002443494,2,60,16.66666667
dataset_batch_7_geo_batch7_0751,dataset_batch_7_geo_batch7_0751_sim_001,1.122279255,0.583878262,454.3309699,0.289656371,0.125729195,21.34294132,0.710424592,0,SUCCESS,0,0.000196493,1.082659483,1.040518522,11.25,4.499999523,0.008328376,120200025.2,0.001807697,0.001807697,0.00103186,2,60,16.66666667
dataset_batch_7_geo_batch7_0752,dataset_batch_7_geo_batch7_0752_sim_001,0.986434523,0.544133417,346.4267043,0.306992016,0.059990456,20.90507773,0.630338302,0,SUCCESS,0,0.000347311,1.126487851,1.040518522,13.5,8.999999046,0.01189768,103635152.5,0.001982278,0.001982278,0.001020915,2,60,16.66666667
dataset_batch_7_geo_batch7_0753,dataset_batch_7_geo_batch7_0753_sim_001,1.134856242,0.615232334,206.0582753,0.204971607,0.070586955,23.64125231,0.538410055,0,SUCCESS,0,0.000416941,1.040518522,1.040518522,11.25000381,6.750002384,0.007138608,127576475.4,0.00527474,0.00527474,0.00151327,2,60,16.66666667
dataset_batch_7_geo_batch7_0754,dataset_batch_7_geo_batch7_0754_sim_001,1.134662772,0.616958146,796.956675,0.176096804,0.069043434,22.46078299,0.502938697,0,SUCCESS,0,0.000529438,1.082659483,1.040518522,90,18,0.02082094,121646339.7,0.001432034,0.001432034,0.000381369,2,60,16.66666667
dataset_batch_7_geo_batch7_0755,dataset_batch_7_geo_batch7_0755_sim_001,1.11159013,0.548034917,647.2595648,0.345032165,0.089755766,21.22718238,0.625942091,0,SUCCESS,0,0.000253425,1.082659483,1.040518522,90,90,0.020226056,120283998.8,0.001367765,0.001367765,0.000590873,2,60,16.66666667
dataset_batch_7_geo_batch7_0756,dataset_batch_7_geo_batch7_0756_sim_001,0.959982546,0.476946755,201.2958119,0.259530834,0.123867851,20.57634918,0.509895707,0,SUCCESS,0,0.000263303,1.082659483,1.040518522,11.25,6.75,0.00892326,109666533.4,0.004264104,0.004264104,0.001763726,2,60,16.66666667
dataset_batch_7_geo_batch7_0757,dataset_batch_7_geo_batch7_0757_sim_001,1.037313149,0.569649746,384.7390277,0.342630578,0.070066642,22.00189901,0.665435252,0,SUCCESS,0,0.000215529,1.082659483,1.040518522,11.25,4.499999523,0.00892326,108965378.5,0.001806455,0.001806455,0.000913093,2,60,16.66666667
dataset_batch_7_geo_batch7_0758,dataset_batch_7_geo_batch7_0758_sim_001,0.940548542,0.538672142,237.8941695,0.158870869,0.047888138,21.83213764,0.533212784,0,SUCCESS,0,0.000177039,1.082659483,1.040518522,13.5,4.499999523,0.010113028,101647214,0.003318264,0.003318264,0.001343926,2,60,16.66666667
dataset_batch_7_geo_batch7_0759,dataset_batch_7_geo_batch7_0759_sim_001,1.125892133,0.540994002,525.7791137,0.163751393,0.101322148,23.85629503,0.574295025,0,SUCCESS,0,0.00017438,1.082659483,1.040518522,11.25,4.499999523,0.009518144,130979649.6,0.002090093,0.002090093,0.00095893,2,60,16.66666667
dataset_batch_7_geo_batch7_0760,dataset_batch_7_geo_batch7_0760_sim_001,0.833836731,0.507278532,328.0209164,0.250643424,0.053365464,20.43524038,0.415790724,0,SUCCESS,0,0.000240683,1.040518522,1.040518522,90,6.750002384,0.015466984,89091888.45,0.00221341,0.00221341,0.000413652,2,60,16.66666667
dataset_batch_7_geo_batch7_0761,dataset_batch_7_geo_batch7_0761_sim_001,1.122782488,0.555336193,704.5778566,0.184511138,0.110453796,21.36093339,0.463069485,0,SUCCESS,0,0.00079489,1.126487851,1.082659483,90,20.25,0.026174896,123346960.2,0.00172053,0.00172053,0.000511377,2,60,16.66666667
dataset_batch_7_geo_batch7_0762,dataset_batch_7_geo_batch7_0762_sim_001,1.051145382,0.469484705,973.7988866,0.277046137,0.049931108,25.93807149,0.442554851,0,SUCCESS,0,0.000178288,1.126487851,1.040518522,90,6.75,0.020226056,128927976.7,0.001136254,0.001136254,0.000355235,2,60,16.66666667
dataset_batch_7_geo_batch7_0763,dataset_batch_7_geo_batch7_0763_sim_001,1.052971706,0.559101476,810.6329061,0.219969001,0.042621216,21.56098726,0.459634867,0,SUCCESS,0,0.001040468,1.126487851,1.082659483,90,90,0.038072576,111673977.3,0.001338764,0.001338764,0.000382658,2,60,16.66666667
dataset_batch_7_geo_batch7_0764,dataset_batch_7_geo_batch7_0764_sim_001,1.161222696,0.54677467,143.4644218,0.341314471,0.067131898,26.61499411,0.490942514,0,SUCCESS,0,0.00032419,1.040518522,1.040518522,11.25,6.75,0.007138608,141517129.2,0.008074324,0.008074324,0.00193043,2,60,16.66666667
dataset_batch_7_geo_batch7_0765,dataset_batch_7_geo_batch7_0765_sim_001,1.147846137,0.471762529,507.943874,0.227386711,0.108986801,26.03585163,0.501397934,0,SUCCESS,0,0.000410942,1.126487851,1.082659483,15.75,8.999999046,0.0148721,142704349.9,0.0024492,0.0024492,0.001012008,2,60,16.66666667
dataset_batch_7_geo_batch7_0766,dataset_batch_7_geo_batch7_0766_sim_001,1.115310083,0.487265658,287.8058467,0.324014327,0.107367129,25.76415223,0.462120993,0,SUCCESS,0,0.000232308,1.082659483,1.040518522,11.25,6.75,0.008328376,138520249.8,0.004014095,0.004014095,0.001147664,2,60,16.66666667
dataset_batch_7_geo_batch7_0767,dataset_batch_7_geo_batch7_0767_sim_001,1.068902052,0.537567549,490.418211,0.210583925,0.101024762,21.50689561,0.51414853,0,SUCCESS,0,0.000283248,1.040518522,1.040518522,90,9.000002861,0.015466984,119642649.7,0.002127652,0.002127652,0.00075396,2,60,16.66666667
dataset_batch_7_geo_batch7_0768,dataset_batch_7_geo_batch7_0768_sim_001,1.065102642,0.534691653,862.7983925,0.252701323,0.074876844,21.93831361,0.474728362,0,SUCCESS,0,0.000424675,1.082659483,1.040518522,90,15.74999905,0.02379536,117158979.1,0.0012408,0.0012408,0.000353122,2,60,16.66666667
dataset_batch_7_geo_batch7_0769,dataset_batch_7_geo_batch7_0769_sim_001,1.075769443,0.537453641,166.3647131,0.168733253,0.077535094,24.77774827,0.531253507,0,SUCCESS,0,0.000274776,1.040518522,1.040518522,11.25,6.75,0.007138608,125046439.2,0.006324608,0.006324608,0.002536093,2,60,16.66666667
dataset_batch_7_geo_batch7_0770,dataset_batch_7_geo_batch7_0770_sim_001,0.931878769,0.476644676,243.1199293,0.264103053,0.115763038,20.91572075,0.506169145,0,SUCCESS,0,0.000149518,1.040518522,1,11.25,4.499999523,0.007138608,105070905.5,0.003325699,0.003325699,0.001356592,2,60,16.66666667
dataset_batch_7_geo_batch7_0771,dataset_batch_7_geo_batch7_0771_sim_001,1.109923421,0.584350695,813.5692013,0.15157366,0.057738063,24.87954432,0.410497974,0,SUCCESS,0,0.000646073,1.082659483,1.082659483,90,20.25,0.025580012,123204163.9,0.001516258,0.001516258,0.000338896,2,60,16.66666667
dataset_batch_7_geo_batch7_0772,dataset_batch_7_geo_batch7_0772_sim_001,1.052881755,0.582614073,939.9662541,0.186792622,0.05497888,21.38283438,0.537038535,0,SUCCESS,0,0.000218605,1.040518522,1.040518522,90,11.25000381,0.016061868,111754625,0.001023856,0.001023856,0.000340554,2,60,16.66666667
dataset_batch_7_geo_batch7_0773,dataset_batch_7_geo_batch7_0773_sim_001,1.122403953,0.512188977,849.540812,0.298568544,0.111109895,23.54814367,0.429257205,0,SUCCESS,0,0.000388354,1.040518522,1.040518522,90,13.50000477,0.019036288,128809451,0.001442738,0.001442738,0.000367959,2,60,16.66666667
dataset_batch_7_geo_batch7_0774,dataset_batch_7_geo_batch7_0774_sim_001,1.073738145,0.575944407,482.9729529,0.185808701,0.096277253,21.48532132,0.693886307,0,SUCCESS,0,0.000249183,1.082659483,1.040518522,13.5,6.75,0.011302796,113252143.1,0.001698694,0.001698694,0.001060939,2,60,16.66666667
dataset_batch_7_geo_batch7_0775,dataset_batch_7_geo_batch7_0775_sim_001,0.892246416,0.537924762,483.9277434,0.151924357,0.050553862,21.44251456,0.749583486,0,SUCCESS,0,0.000541668,1.219479561,1.126487851,20.24999809,15.74999905,0.027364664,80962099.66,0.001101396,0.000928281,0.001101396,3,60,16.66666667
dataset_batch_7_geo_batch7_0776,dataset_batch_7_geo_batch7_0776_sim_001,1.1114796,0.603011786,329.1706547,0.204014545,0.066727923,23.66964331,0.52490631,0,SUCCESS,0,0.000246003,1.040518522,1.040518522,11.25000381,6.750002384,0.007138608,125149452.3,0.003242751,0.003242751,0.000920528,2,60,16.66666667
dataset_batch_7_geo_batch7_0777,dataset_batch_7_geo_batch7_0777_sim_001,1.126704162,0.616894605,519.8972832,0.272018362,0.119836996,21.36813461,0.788445089,0,SUCCESS,0,0.00022415,1.082659483,1.040518522,11.25,6.75,0.00892326,114682600.6,0.001392201,0.001392201,0.000996638,2,60,16.66666667
dataset_batch_7_geo_batch7_0778,dataset_batch_7_geo_batch7_0778_sim_001,1.100366524,0.575420256,751.11596,0.218415223,0.06319421,24.49139926,0.432960135,0,SUCCESS,0,0.000476632,1.082659483,1.040518522,90,15.74999905,0.02082094,123115251.8,0.001565208,0.001565208,0.000333027,2,60,16.66666667
dataset_batch_7_geo_batch7_0779,dataset_batch_7_geo_batch7_0779_sim_001,1.060900177,0.553155064,511.518872,0.197703767,0.044988873,22.90804386,0.45857565,0,SUCCESS,0,0.001013979,1.082659483,1.082659483,90,90,0.0297442,115126194.9,0.002144979,0.002144979,0.000600179,2,60,16.66666667
dataset_batch_7_geo_batch7_0780,dataset_batch_7_geo_batch7_0780_sim_001,1.013332409,0.50662702,553.593414,0.166618855,0.049323425,23.45850271,0.487069578,0,SUCCESS,0,0.000234605,1.126487851,1.040518522,90,90,0.025580012,113789648.6,0.001823674,0.001823674,0.000701247,2,60,16.66666667
dataset_batch_7_geo_batch7_0781,dataset_batch_7_geo_batch7_0781_sim_001,1.094413338,0.5514975,592.6121035,0.301884857,0.081223048,22.04128566,0.620668627,0,SUCCESS,0,0.000218052,1.082659483,1.040518522,90,6.75,0.013087448,122248623.1,0.001510343,0.001510343,0.000672171,2,60,16.66666667
dataset_batch_7_geo_batch7_0782,dataset_batch_7_geo_batch7_0782_sim_001,1.133051961,0.632529107,406.95342,0.176101252,0.063155629,21.38064967,0.63216399,0,SUCCESS,0,0.000132124,1.040518522,1,90,2.250000715,0.010113028,122138915.1,0.002381746,0.002381746,0.000966846,2,60,16.66666667
dataset_batch_7_geo_batch7_0783,dataset_batch_7_geo_batch7_0783_sim_001,1.080649997,0.517148426,314.1490529,0.323556518,0.123110726,21.61468509,0.56091321,0,SUCCESS,0,0.000173208,1.040518522,1,11.25,4.499999523,0.007138608,125265206.2,0.003021619,0.003021619,0.001157328,2,60,16.66666667
dataset_batch_7_geo_batch7_0784,dataset_batch_7_geo_batch7_0784_sim_001,0.982553826,0.533315129,289.126197,0.280357701,0.057330552,21.10463532,0.514549056,0,SUCCESS,0,0.000185433,1.082659483,1,90,90,0.014277216,108517551.5,0.002942797,0.002942797,0.000919907,2,60,16.66666667
dataset_batch_7_geo_batch7_0785,dataset_batch_7_geo_batch7_0785_sim_001,1.155240755,0.568338116,893.311049,0.197047636,0.060741895,26.59043762,0.527338446,0,SUCCESS,0,4.71E-05,1.040518522,1,9,0,0.00594884,137245899.2,0.001316296,0.001316296,0.000450303,1,60,16.66666667
dataset_batch_7_geo_batch7_0786,dataset_batch_7_geo_batch7_0786_sim_001,1.094369736,0.546713213,492.6963251,0.293217345,0.113600155,21.46873997,0.724499188,0,SUCCESS,0,0.000598897,1.126487851,1.082659483,15.75,11.25,0.015466984,116621792,0.00155749,0.00155749,0.001081593,2,60,16.66666667
dataset_batch_7_geo_batch7_0787,dataset_batch_7_geo_batch7_0787_sim_001,1.107768528,0.635187064,410.5916029,0.238767558,0.058493129,21.88285666,0.660299314,0,SUCCESS,0,1.02E-18,1,1,0,0,0,117817269.6,0.002091458,0.002091458,0.00086335,1,60,16.66666667
dataset_batch_7_geo_batch7_0788,dataset_batch_7_geo_batch7_0788_sim_001,0.976286867,0.546735159,238.0301791,0.262874302,0.042110547,20.55830338,0.454086757,0,SUCCESS,0,0.00221112,1.126487851,1.082659483,90,90,0.033908388,101375546.9,0.003880942,0.003880942,0.000859239,2,60,16.66666667
dataset_batch_7_geo_batch7_0789,dataset_batch_7_geo_batch7_0789_sim_001,1.097679028,0.612253263,897.1206888,0.260758296,0.058433395,20.25974035,0.728369518,0,SUCCESS,0,0.000204929,1.126487851,1.040518522,90,90,0.02082094,109864652.7,0.000842831,0.000842831,0.000501273,2,60,16.66666667
dataset_batch_7_geo_batch7_0790,dataset_batch_7_geo_batch7_0790_sim_001,0.951978344,0.516854532,908.9402064,0.210454216,0.045917415,21.53698938,0.514793398,0,SUCCESS,0,8.94E-05,1.126487851,1,90,0,0.013682332,105827456.2,0.000917567,0.000917567,0.000351156,1,60,16.66666667
dataset_batch_7_geo_batch7_0791,dataset_batch_7_geo_batch7_0791_sim_001,1.113854477,0.676590386,275.6685932,0.230713778,0.049349394,20.87196525,0.773910185,0,SUCCESS,0,8.94E-05,1.040518522,1,9,0,0.00594884,110080455.1,0.002564899,0.002564899,0.001501686,1,60,16.66666667
dataset_batch_7_geo_batch7_0792,dataset_batch_7_geo_batch7_0792_sim_001,1.028785287,0.527875977,195.5019889,0.317715861,0.059201691,21.56575443,0.530675071,0,SUCCESS,0,0.000432109,1.082659483,1.040518522,90,90,0.017251636,114493993.3,0.004581383,0.004581383,0.001493319,2,60,16.66666667
dataset_batch_7_geo_batch7_0793,dataset_batch_7_geo_batch7_0793_sim_001,1.065449839,0.503715717,670.5580732,0.186784696,0.059835079,25.2864157,0.531821368,0,SUCCESS,0,0.000236915,1.126487851,1.040518522,15.75,8.999999046,0.015466984,125073728.7,0.001567238,0.001567238,0.000691389,2,60,16.66666667
dataset_batch_7_geo_batch7_0794,dataset_batch_7_geo_batch7_0794_sim_001,1.158485264,0.5815133,572.1097332,0.205072785,0.081927434,23.41295955,0.599855639,0,SUCCESS,0,9.10E-05,1.040518522,1,90,0,0.009518144,132755716.7,0.001891165,0.001891165,0.000784192,1,60,16.66666667
dataset_batch_7_geo_batch7_0795,dataset_batch_7_geo_batch7_0795_sim_001,1.167201516,0.607777378,137.6456838,0.233089833,0.056600032,23.62528522,0.637230027,0,SUCCESS,0,0.000406883,1.040518522,1.040518522,9,6.75,0.00594884,130836380.2,0.007412179,0.007412179,0.00308312,2,60,16.66666667
dataset_batch_7_geo_batch7_0796,dataset_batch_7_geo_batch7_0796_sim_001,1.012183995,0.499339151,498.2021479,0.278919314,0.061769608,21.87920731,0.451753189,0,SUCCESS,0,0.000796556,1.126487851,1.040518522,90,90,0.028554432,111607117.3,0.002026326,0.002026326,0.000574117,2,60,16.66666667
dataset_batch_7_geo_batch7_0797,dataset_batch_7_geo_batch7_0797_sim_001,1.076622398,0.559451822,752.2990087,0.166941953,0.091341903,21.64251395,0.65462452,0,SUCCESS,0,0.000182843,1.126487851,1.040518522,90,6.75,0.017251636,116544561.9,0.001188528,0.001188528,0.00068545,2,60,16.66666667
dataset_batch_7_geo_batch7_0798,dataset_batch_7_geo_batch7_0798_sim_001,0.961268426,0.501569418,437.2419254,0.218488904,0.058649245,21.64755898,0.495969073,0,SUCCESS,0,0.000205399,1.126487851,1.040518522,90,8.999999046,0.019631172,108216827.8,0.002017578,0.002017578,0.000751876,2,60,16.66666667
dataset_batch_7_geo_batch7_0799,dataset_batch_7_geo_batch7_0799_sim_001,1.169769345,0.610223148,969.4706645,0.287652276,0.04759388,24.71349162,0.497878243,0,SUCCESS,0,0.000299153,1.040518522,1.040518522,90,13.50000477,0.016656752,130032682.8,0.001210956,0.001210956,0.000258342,2,60,16.66666667
dataset_batch_7_geo_batch7_0800,dataset_batch_7_geo_batch7_0800_sim_001,1.058210817,0.570885171,270.0527172,0.166259067,0.042780536,22.22728972,0.587201091,0,SUCCESS,0,0.000320465,1.082659483,1.040518522,90,90,0.018441404,114658764.6,0.003439153,0.003439153,0.001511116,2,60,16.66666667
dataset_batch_7_geo_batch7_0801,dataset_batch_7_geo_batch7_0801_sim_001,1.156843504,0.550402446,313.2262535,0.257709903,0.119778211,22.83221315,0.536479909,0,SUCCESS,0,0.000102519,1.040518522,1,90,0,0.010113028,137007382.4,0.003665676,0.003665676,0.001247161,1,60,16.66666667
dataset_batch_7_geo_batch7_0802,dataset_batch_7_geo_batch7_0802_sim_001,1.125573344,0.453449453,978.8571583,0.163653724,0.123599265,26.68971752,0.515830597,0,SUCCESS,0,0.000248963,1.126487851,1.040518522,15.75,8.999999046,0.015466984,139046216.2,0.001262835,0.001262835,0.000620744,2,60,16.66666667
dataset_batch_7_geo_batch7_0803,dataset_batch_7_geo_batch7_0803_sim_001,1.034912504,0.558597265,765.0452089,0.328176034,0.078224632,20.21587264,0.451971311,0,SUCCESS,0,0.0006979,1.126487851,1.082659483,90,22.50000191,0.02676978,109982324.2,0.0013065,0.0013065,0.000232135,2,60,16.66666667
dataset_batch_7_geo_batch7_0804,dataset_batch_7_geo_batch7_0804_sim_001,1.115670152,0.560613004,977.061964,0.237510745,0.055787063,26.40056331,0.524063194,0,SUCCESS,0,2.67E-05,1.040518522,1,9,0,0.00594884,131055631.9,0.001116823,0.001116823,0.00035842,1,60,16.66666667
dataset_batch_7_geo_batch7_0805,dataset_batch_7_geo_batch7_0805_sim_001,1.157068638,0.606872169,442.4908652,0.32730401,0.045838876,24.04071468,0.508135355,0,SUCCESS,0,0.000641148,1.040518522,1.040518522,90,18,0.016656752,127439166,0.002524939,0.002524939,0.000508297,2,60,16.66666667
dataset_batch_7_geo_batch7_0806,dataset_batch_7_geo_batch7_0806_sim_001,1.124612945,0.542489467,497.9752306,0.170690129,0.126266133,23.07227254,0.452879826,0,SUCCESS,0,0.000553632,1.082659483,1.040518522,90,13.50000477,0.01784652,128877737.8,0.002482389,0.002482389,0.000758295,2,60,16.66666667
dataset_batch_7_geo_batch7_0807,dataset_batch_7_geo_batch7_0807_sim_001,1.146822297,0.597516716,137.3509733,0.252102786,0.049104763,25.07247935,0.574279425,0,SUCCESS,0,0.000138361,1.040518522,1,6.75,2.249999762,0.004759072,131514738.8,0.007690351,0.007690351,0.002530385,2,60,16.66666667
dataset_batch_7_geo_batch7_0808,dataset_batch_7_geo_batch7_0808_sim_001,1.013140773,0.49036252,129.5952767,0.275242924,0.042534418,26.00362842,0.401753654,0,SUCCESS,0,0.000881351,1.082659483,1.082659483,90,90,0.02082094,120181252.1,0.008324013,0.008324013,0.00194412,2,60,16.66666667
dataset_batch_7_geo_batch7_0809,dataset_batch_7_geo_batch7_0809_sim_001,1.143142655,0.49803883,664.118286,0.172199148,0.084151023,26.40203097,0.501644838,0,SUCCESS,0,0.000242138,1.126487851,1.040518522,15.75,8.999999046,0.0148721,140459637.8,0.001878287,0.001878287,0.000775862,2,60,16.66666667
dataset_batch_7_geo_batch7_0810,dataset_batch_7_geo_batch7_0810_sim_001,1.102920344,0.545596574,306.0635798,0.285521917,0.077780091,22.21209621,0.495072251,0,SUCCESS,0,0.00103598,1.082659483,1.040518522,90,90,0.02082094,122005407.8,0.0035612,0.0035612,0.000990155,2,60,16.66666667
dataset_batch_7_geo_batch7_0811,dataset_batch_7_geo_batch7_0811_sim_001,1.049737826,0.505113179,258.5969827,0.254047591,0.099074606,21.78923996,0.492977023,0,SUCCESS,0,0.000509758,1.082659483,1.040518522,90,90,0.017251636,119664846.8,0.003996563,0.003996563,0.001376763,2,60,16.66666667
dataset_batch_7_geo_batch7_0812,dataset_batch_7_geo_batch7_0812_sim_001,1.069884927,0.547432033,297.1447414,0.277574911,0.110664802,20.75857903,0.473811939,0,SUCCESS,0,0.001023205,1.082659483,1.040518522,90,15.74999905,0.017251636,117870960.3,0.003565872,0.003565872,0.000892416,2,60,16.66666667
dataset_batch_7_geo_batch7_0813,dataset_batch_7_geo_batch7_0813_sim_001,0.977690189,0.52551646,326.1745755,0.32846824,0.061808305,22.486803,0.43104945,0,SUCCESS,0,0.000588185,1.040518522,1.040518522,90,13.50000477,0.015466984,108278512.1,0.002857721,0.002857721,0.000509608,2,60,16.66666667
dataset_batch_7_geo_batch7_0814,dataset_batch_7_geo_batch7_0814_sim_001,1.079678183,0.573063577,306.439226,0.23757978,0.04422381,24.77177113,0.534591492,0,SUCCESS,0,6.71E-05,1.040518522,1,9,0,0.00594884,123594684.3,0.003270639,0.003270639,0.001026562,1,60,16.66666667
dataset_batch_7_geo_batch7_0815,dataset_batch_7_geo_batch7_0815_sim_001,1.166865504,0.601365591,782.8892081,0.241865858,0.053693939,26.27585737,0.728702866,0,SUCCESS,0,0.000229849,1.082659483,1.040518522,13.5,6.75,0.011302796,125863426.9,0.001154849,0.001154849,0.000675327,2,60,16.66666667
dataset_batch_7_geo_batch7_0816,dataset_batch_7_geo_batch7_0816_sim_001,1.122097757,0.676774945,668.7385704,0.160533567,0.054318878,22.10316106,0.463383378,0,SUCCESS,0,0.000951981,1.126487851,1.082659483,29.25000381,24.75000191,0.027959548,115945955.6,0.001690431,0.001690431,0.000279798,2,60,16.66666667
dataset_batch_7_geo_batch7_0817,dataset_batch_7_geo_batch7_0817_sim_001,0.857748811,0.406427089,627.2624738,0.150368338,0.115753951,20.41174981,0.40863389,0,SUCCESS,0,0.000201512,1.172071099,1.040518522,90,11.25,0.02676978,101640031.4,0.001407485,0.001407485,0.00059761,2,60,16.66666667
dataset_batch_7_geo_batch7_0818,dataset_batch_7_geo_batch7_0818_sim_001,1.042066621,0.545017526,513.4870301,0.191800947,0.098649835,20.87318087,0.515044387,0,SUCCESS,0,0.000252422,1.040518522,1.040518522,90,6.750002384,0.014277216,114978047.8,0.001933459,0.001933459,0.000683884,2,60,16.66666667
dataset_batch_7_geo_batch7_0819,dataset_batch_7_geo_batch7_0819_sim_001,1.053527054,0.566860958,173.7855634,0.157458197,0.079901875,21.54505919,0.675192836,0,SUCCESS,0,0.000823978,1.126487851,1.082659483,90,11.25,0.017251636,111339989,0.004739234,0.004739234,0.002948863,2,60,16.66666667
dataset_batch_7_geo_batch7_0820,dataset_batch_7_geo_batch7_0820_sim_001,0.908252177,0.523612774,135.7898303,0.226276202,0.057178596,21.52741732,0.436374612,0,SUCCESS,0,0.000741344,1.040518522,1.040518522,90,90,0.014277216,98943824.95,0.006159452,0.006159452,0.001408583,2,60,16.66666667
dataset_batch_7_geo_batch7_0821,dataset_batch_7_geo_batch7_0821_sim_001,0.940977686,0.556992386,522.7121127,0.158004251,0.057204182,20.46136453,0.718963958,0,SUCCESS,0,0.000370075,1.172071099,1.082659483,18,13.5,0.021415824,90048009.29,0.001073942,0.001073942,0.000945388,2,60,16.66666667
dataset_batch_7_geo_batch7_0822,dataset_batch_7_geo_batch7_0822_sim_001,1.124550666,0.601508952,626.6644079,0.176092494,0.060386124,25.98311136,0.768474796,0,SUCCESS,0,0.00029385,1.126487851,1.040518522,13.5,8.999999046,0.012492564,116300900,0.001301652,0.001301652,0.000949897,2,60,16.66666667
dataset_batch_7_geo_batch7_0823,dataset_batch_7_geo_batch7_0823_sim_001,0.924148263,0.435212766,768.1721196,0.333757713,0.110672753,20.69658995,0.402377559,0,SUCCESS,0,0.000235156,1.082659483,1.040518522,90,9.000002861,0.020226056,105803180.8,0.001187603,0.001187603,0.000311236,2,60,16.66666667
dataset_batch_7_geo_batch7_0824,dataset_batch_7_geo_batch7_0824_sim_001,1.080575553,0.533695731,834.6685271,0.218264454,0.101553628,20.91365101,0.535134422,0,SUCCESS,0,0.000210104,1.082659483,1.040518522,90,9.000002861,0.01784652,119471949.4,0.00124587,0.00124587,0.000480947,2,60,16.66666667
dataset_batch_7_geo_batch7_0825,dataset_batch_7_geo_batch7_0825_sim_001,1.164394329,0.506701457,602.1334491,0.330318408,0.107644971,24.99313308,0.50833373,0,SUCCESS,0,0.00015654,1.082659483,1,11.25,2.249999762,0.008328376,143234890,0.001938101,0.001938101,0.000609586,2,60,16.66666667
dataset_batch_7_geo_batch7_0826,dataset_batch_7_geo_batch7_0826_sim_001,1.136900744,0.633432016,622.0732681,0.2371336,0.096940176,21.07498808,0.753264883,0,SUCCESS,0,0.000101717,1.040518522,1,11.25,0,0.007138608,117563658.8,0.001287007,0.001287007,0.000772939,1,60,16.66666667
dataset_batch_7_geo_batch7_0827,dataset_batch_7_geo_batch7_0827_sim_001,1.125495904,0.544069522,286.2725398,0.174071746,0.126207531,22.96529671,0.670661074,0,SUCCESS,0,0.000595145,1.126487851,1.082659483,13.5,11.25,0.012492564,125205545.8,0.003416082,0.003416082,0.002081291,2,60,16.66666667
dataset_batch_7_geo_batch7_0828,dataset_batch_7_geo_batch7_0828_sim_001,1.163018265,0.496351402,614.0033703,0.158118298,0.123450788,26.38884465,0.448464684,0,SUCCESS,0,0.00017132,1.082659483,1.040518522,90,4.499999523,0.016656752,145196768.3,0.002206721,0.002206721,0.0008032,2,60,16.66666667
dataset_batch_7_geo_batch7_0829,dataset_batch_7_geo_batch7_0829_sim_001,1.032328738,0.551664176,312.4070363,0.151220671,0.077489411,21.29387827,0.508372785,0,SUCCESS,0,0.000615004,1.082659483,1.040518522,90,90,0.018441404,111782057.4,0.003168633,0.003168633,0.001132916,2,60,16.66666667
dataset_batch_7_geo_batch7_0830,dataset_batch_7_geo_batch7_0830_sim_001,1.139284749,0.588037618,228.7946573,0.153183851,0.058655611,23.0415565,0.667347649,0,SUCCESS,0,0.000740922,1.126487851,1.082659483,90,90,0.022010708,121688037.2,0.004306742,0.004306742,0.002348994,2,60,16.66666667
dataset_batch_7_geo_batch7_0831,dataset_batch_7_geo_batch7_0831_sim_001,1.140954685,0.559166845,658.4866585,0.303420367,0.083371895,22.98484957,0.499148078,0,SUCCESS,0,0.000409646,1.040518522,1.040518522,90,13.50000477,0.016656752,128200981.8,0.001723716,0.001723716,0.000444126,2,60,16.66666667
dataset_batch_7_geo_batch7_0832,dataset_batch_7_geo_batch7_0832_sim_001,1.036036016,0.484229679,845.0068228,0.170498891,0.066975286,24.97485561,0.472294093,0,SUCCESS,0,0.000158487,1.126487851,1.040518522,90,6.75,0.017251636,124427710.6,0.001285164,0.001285164,0.00050495,2,60,16.66666667
dataset_batch_7_geo_batch7_0833,dataset_batch_7_geo_batch7_0833_sim_001,1.154841279,0.538501316,590.3283592,0.295567073,0.121607397,23.09861226,0.526795957,0,SUCCESS,0,4.42E-05,1.040518522,1,8.999999046,0,0.005353956,138816130.9,0.001928153,0.001928153,0.000616079,1,60,16.66666667
dataset_batch_7_geo_batch7_0834,dataset_batch_7_geo_batch7_0834_sim_001,1.14761286,0.529157366,747.7207792,0.188185182,0.050510629,27.23838003,0.495103115,0,SUCCESS,0,0.000177756,1.082659483,1.040518522,90,6.75,0.0148721,139809774.5,0.001648765,0.001648765,0.000590832,2,60,16.66666667
dataset_batch_7_geo_batch7_0835,dataset_batch_7_geo_batch7_0835_sim_001,1.116766325,0.486945204,382.3525197,0.220669572,0.073322512,27.58618934,0.42532685,0,SUCCESS,0,0.000364685,1.082659483,1.040518522,90,8.999999046,0.014277216,140895429.8,0.003327681,0.003327681,0.001030688,2,60,16.66666667
dataset_batch_7_geo_batch7_0836,dataset_batch_7_geo_batch7_0836_sim_001,1.030797778,0.593880168,758.5652587,0.180822438,0.110075802,20.43835247,0.778703049,0,SUCCESS,0,0.000170326,1.082659483,1.040518522,13.5,6.75,0.011302796,100024120,0.000825129,0.000825129,0.000721897,2,60,16.66666667
dataset_batch_7_geo_batch7_0837,dataset_batch_7_geo_batch7_0837_sim_001,1.074708604,0.543796744,858.931269,0.238699107,0.068050763,21.78757029,0.584219043,0,SUCCESS,0,0.000154952,1.082659483,1.040518522,90,90,0.019631172,116394940.9,0.001107061,0.001107061,0.000482575,2,60,16.66666667
dataset_batch_7_geo_batch7_0838,dataset_batch_7_geo_batch7_0838_sim_001,1.056285543,0.477377233,571.9608557,0.290731674,0.122796169,22.8907887,0.532058366,0,SUCCESS,0,0.000218642,1.082659483,1.040518522,13.5,6.75,0.010707912,124903274.5,0.00172643,0.00172643,0.00072455,2,60,16.66666667
dataset_batch_7_geo_batch7_0839,dataset_batch_7_geo_batch7_0839_sim_001,1.159146474,0.549483832,551.6482371,0.348089657,0.10408798,22.41311188,0.490084907,0,SUCCESS,0,0.000825038,1.082659483,1.040518522,90,13.50000477,0.019631172,130716131.3,0.002090128,0.002090128,0.000488688,2,60,16.66666667
dataset_batch_7_geo_batch7_0840,dataset_batch_7_geo_batch7_0840_sim_001,1.05948211,0.602571829,574.3337414,0.219026831,0.083802275,20.37652708,0.751671463,0,SUCCESS,0,0.000247142,1.082659483,1.040518522,13.5,8.999999046,0.011302796,106036179.6,0.001195682,0.001195682,0.000863861,2,60,16.66666667
dataset_batch_7_geo_batch7_0841,dataset_batch_7_geo_batch7_0841_sim_001,1.139000871,0.539043476,706.3211031,0.342764682,0.060854385,25.41973396,0.501364222,0,SUCCESS,0,9.99E-05,1.082659483,1,90,0,0.010113028,137469641.1,0.001567425,0.001567425,0.000403565,1,60,16.66666667
dataset_batch_7_geo_batch7_0842,dataset_batch_7_geo_batch7_0842_sim_001,1.147473701,0.492401568,411.8005526,0.328846309,0.055850375,27.49869047,0.489374575,0,FAILED,1,,,,,,,,,,,0,60,16.66666667
dataset_batch_7_geo_batch7_0843,dataset_batch_7_geo_batch7_0843_sim_001,1.145512385,0.476261779,582.2620072,0.21129805,0.087363469,27.22041999,0.470447952,0,SUCCESS,0,0.00031344,1.126487851,1.040518522,15.75,8.999999046,0.0148721,143841828.2,0.002206199,0.002206199,0.000838054,2,60,16.66666667
dataset_batch_7_geo_batch7_0844,dataset_batch_7_geo_batch7_0844_sim_001,1.140824486,0.500237951,627.9699573,0.326140208,0.094006936,24.83146882,0.465527087,0,SUCCESS,0,0.000170289,1.082659483,1.040518522,90,90,0.018441404,138276791.5,0.001892997,0.001892997,0.000521578,2,60,16.66666667
dataset_batch_7_geo_batch7_0845,dataset_batch_7_geo_batch7_0845_sim_001,1.052176618,0.556783842,867.0436901,0.18147431,0.08935244,20.99665563,0.624073724,0,SUCCESS,0,0.000110341,1.082659483,1,90,2.249999762,0.015466984,114275363.9,0.001012809,0.001012809,0.000527593,2,60,16.66666667
dataset_batch_7_geo_batch7_0846,dataset_batch_7_geo_batch7_0846_sim_001,1.017525063,0.572011002,900.8696222,0.249965735,0.069849881,20.29480333,0.672830791,0,SUCCESS,0,0.000128824,1.082659483,1,13.5,4.499999523,0.011302796,105023543.2,0.000786093,0.000786093,0.000456805,2,60,16.66666667
dataset_batch_7_geo_batch7_0847,dataset_batch_7_geo_batch7_0847_sim_001,0.97906038,0.5755309,832.9008504,0.182767167,0.094346249,20.85130333,0.794896494,0,SUCCESS,0,0.000233099,1.126487851,1.040518522,18,8.999999046,0.016656752,91207504.12,0.000676867,0.000624051,0.000676867,3,60,16.66666667
dataset_batch_7_geo_batch7_0848,dataset_batch_7_geo_batch7_0848_sim_001,1.114766597,0.565717004,443.0401199,0.331448176,0.102175242,21.69989198,0.642159994,0,SUCCESS,0,0.000180465,1.082659483,1,11.25,4.499999523,0.008328376,123814175.9,0.001971785,0.001971785,0.000864563,2,60,16.66666667
dataset_batch_7_geo_batch7_0849,dataset_batch_7_geo_batch7_0849_sim_001,1.104232786,0.595935807,426.7303554,0.323379723,0.057882495,22.56216516,0.594898721,0,SUCCESS,0,1.48E-05,1.040518522,1,4.499999523,0,0.00297442,123091511.3,0.00213241,0.00213241,0.00067158,1,60,16.66666667
dataset_batch_7_geo_batch7_0850,dataset_batch_7_geo_batch7_0850_sim_001,1.016984989,0.503387941,814.8123531,0.318661671,0.078755055,21.85363543,0.423636875,0,SUCCESS,0,0.000593139,1.082659483,1.040518522,90,18,0.024985128,113285369.1,0.001272783,0.001272783,0.000301307,2,60,16.66666667
dataset_batch_7_geo_batch7_0851,dataset_batch_7_geo_batch7_0851_sim_001,0.942627909,0.500698337,163.8506566,0.163298478,0.067948651,22.01616623,0.472048281,0,SUCCESS,0,0.000436525,1.082659483,1.040518522,90,11.25,0.017251636,107407722.1,0.005454693,0.005454693,0.001992547,2,60,16.66666667
dataset_batch_7_geo_batch7_0852,dataset_batch_7_geo_batch7_0852_sim_001,0.888859009,0.472360267,711.8421356,0.15176101,0.044993074,21.21751507,0.494025098,0,SUCCESS,0,0.000215625,1.219479561,1.082659483,90,11.25,0.034503272,96942506.71,0.001114833,0.001114833,0.000516755,2,60,16.66666667
dataset_batch_7_geo_batch7_0853,dataset_batch_7_geo_batch7_0853_sim_001,1.09646081,0.525276526,321.7186634,0.323801101,0.100420557,21.71909008,0.530786918,0,SUCCESS,0,0.000286585,1.040518522,1.040518522,90,90,0.014277216,125917857.3,0.003151286,0.003151286,0.001024197,2,60,16.66666667
dataset_batch_7_geo_batch7_0854,dataset_batch_7_geo_batch7_0854_sim_001,0.940556544,0.535705823,844.2433786,0.15778012,0.048389723,21.77109674,0.428750802,0,SUCCESS,0,0.000365096,1.082659483,1.040518522,90,15.74999905,0.024985128,100284884.7,0.001085402,0.001085402,0.000273757,2,60,16.66666667
dataset_batch_7_geo_batch7_0855,dataset_batch_7_geo_batch7_0855_sim_001,1.046693349,0.493446706,926.8305762,0.327492154,0.053768643,24.67716501,0.525831007,0,SUCCESS,0,0.000177947,1.126487851,1.040518522,13.5,6.75,0.013087448,122741244,0.001016326,0.001016326,0.000370732,2,60,16.66666667
dataset_batch_7_geo_batch7_0856,dataset_batch_7_geo_batch7_0856_sim_001,1.148110837,0.569697038,575.2517083,0.167698546,0.122148929,22.98014433,0.433766557,0,SUCCESS,0,0.000816815,1.082659483,1.082659483,90,18,0.021415824,129323759.2,0.00223784,0.00223784,0.000588052,2,60,16.66666667
dataset_batch_7_geo_batch7_0857,dataset_batch_7_geo_batch7_0857_sim_001,1.105604789,0.601592449,227.247909,0.153281633,0.076256041,22.07740541,0.712512421,0,SUCCESS,0,0.000552031,1.082659483,1.040518522,13.5,9,0.011302796,116263542.7,0.003765839,0.003765839,0.002339052,2,60,16.66666667
dataset_batch_7_geo_batch7_0858,dataset_batch_7_geo_batch7_0858_sim_001,1.104848302,0.525730001,393.9551031,0.256895164,0.060669054,27.77936785,0.410028614,0,SUCCESS,0,0.000123577,1.040518522,1,11.25,2.249999762,0.007138608,137649636.1,0.003110875,0.003110875,0.00069955,2,60,16.66666667
dataset_batch_7_geo_batch7_0859,dataset_batch_7_geo_batch7_0859_sim_001,1.038291638,0.488538394,985.127269,0.216074029,0.055237849,25.4243612,0.51042419,0,SUCCESS,0,0.000160466,1.126487851,1.040518522,15.75,6.75,0.015466984,122463076.3,0.001036568,0.001036568,0.000431238,2,60,16.66666667
dataset_batch_7_geo_batch7_0860,dataset_batch_7_geo_batch7_0860_sim_001,1.018018177,0.48450758,635.7870988,0.226618831,0.053117288,22.24876568,0.491503216,0,SUCCESS,0,0.000445239,1.172071099,1.082659483,90,90,0.033908388,111939320,0.001582248,0.001582248,0.000621178,2,60,16.66666667
dataset_batch_7_geo_batch7_0861,dataset_batch_7_geo_batch7_0861_sim_001,1.064336616,0.564113773,242.4512314,0.290076823,0.056662092,23.11358494,0.631413238,0,SUCCESS,0,0.000393385,1.082659483,1.040518522,11.25,8.999999046,0.009518144,115869225.6,0.003414123,0.003414123,0.001566283,2,60,16.66666667
dataset_batch_7_geo_batch7_0862,dataset_batch_7_geo_batch7_0862_sim_001,1.168942034,0.533989738,400.8893222,0.153852049,0.086297963,26.40031443,0.535301257,0,SUCCESS,0,0.000257892,1.082659483,1.040518522,13.5,6.75,0.010707912,141002513.8,0.003087216,0.003087216,0.001297006,2,60,16.66666667
dataset_batch_7_geo_batch7_0863,dataset_batch_7_geo_batch7_0863_sim_001,1.135571998,0.542353082,831.0929816,0.295826841,0.085789988,22.27151829,0.498936877,0,SUCCESS,0,0.000450511,1.082659483,1.040518522,90,15.74999905,0.022605592,126674443.1,0.001372304,0.001372304,0.00038993,2,60,16.66666667
dataset_batch_7_geo_batch7_0864,dataset_batch_7_geo_batch7_0864_sim_001,1.135761074,0.584525357,636.0229028,0.189071294,0.113188057,20.90002041,0.616787443,0,SUCCESS,0,0.000136393,1.040518522,1,90,4.500001431,0.013087448,124753658.6,0.001609722,0.001609722,0.000720346,2,60,16.66666667
dataset_batch_7_geo_batch7_0865,dataset_batch_7_geo_batch7_0865_sim_001,1.106790358,0.498723764,738.071627,0.261879133,0.073348485,25.91387758,0.423879036,0,SUCCESS,0,0.000289327,1.082659483,1.040518522,90,90,0.019036288,131259286.1,0.001662355,0.001662355,0.000449852,2,60,16.66666667
dataset_batch_7_geo_batch7_0866,dataset_batch_7_geo_batch7_0866_sim_001,1.070661263,0.532098736,526.283022,0.29056148,0.091723135,22.00982047,0.431519797,0,SUCCESS,0,0.000898927,1.082659483,1.082659483,90,20.25,0.023200476,119391094.5,0.002128087,0.002128087,0.000462366,2,60,16.66666667
dataset_batch_7_geo_batch7_0867,dataset_batch_7_geo_batch7_0867_sim_001,1.031984525,0.550740546,168.6104739,0.157091083,0.125643589,21.13200422,0.450014279,0,SUCCESS,0,0.001138298,1.040518522,1.040518522,15.74999905,13.50000477,0.009518144,115033675.9,0.006257799,0.006257799,0.001747883,2,60,16.66666667
dataset_batch_7_geo_batch7_0868,dataset_batch_7_geo_batch7_0868_sim_001,1.046576104,0.540761222,261.6904543,0.267398559,0.04721705,24.63455815,0.429410134,0,SUCCESS,0,0.00095849,1.040518522,1.040518522,90,90,0.01784652,117869594.7,0.004130675,0.004130675,0.00086641,2,60,16.66666667
dataset_batch_7_geo_batch7_0869,dataset_batch_7_geo_batch7_0869_sim_001,1.076447358,0.530756649,344.7192193,0.224062287,0.078605385,23.47452121,0.49201752,0,SUCCESS,0,0.000312011,1.082659483,1.040518522,90,90,0.016061868,123915368.4,0.00314247,0.00314247,0.001026922,2,60,16.66666667
dataset_batch_7_geo_batch7_0870,dataset_batch_7_geo_batch7_0870_sim_001,0.917619218,0.456633729,943.8223919,0.186441478,0.056426563,24.10078714,0.410823149,0,SUCCESS,0,0.00012145,1.126487851,1,90,4.499999523,0.021415824,109075592.9,0.001001556,0.001001556,0.00032936,2,60,16.66666667
dataset_batch_7_geo_batch7_0871,dataset_batch_7_geo_batch7_0871_sim_001,0.992588201,0.542284322,653.9694833,0.178158603,0.052421919,22.62414543,0.447137299,0,SUCCESS,0,0.000412514,1.082659483,1.040518522,90,13.50000477,0.022010708,107596131.2,0.001508083,0.001508083,0.000406287,2,60,16.66666667
dataset_batch_7_geo_batch7_0872,dataset_batch_7_geo_batch7_0872_sim_001,1.157277977,0.59145063,582.5594349,0.332148368,0.046392143,23.72921947,0.477589208,0,SUCCESS,0,0.000897704,1.082659483,1.082659483,90,20.25,0.024985128,127499230.4,0.001996711,0.001996711,0.000366529,2,60,16.66666667
dataset_batch_7_geo_batch7_0873,dataset_batch_7_geo_batch7_0873_sim_001,1.147045265,0.565139568,314.7174382,0.16547904,0.113232661,22.67538842,0.658963809,0,SUCCESS,0,0.000423601,1.082659483,1.040518522,90,8.999999046,0.017251636,128008404.3,0.003246837,0.003246837,0.001799098,2,60,16.66666667
dataset_batch_7_geo_batch7_0874,dataset_batch_7_geo_batch7_0874_sim_001,0.803769467,0.467803808,257.3078626,0.18453936,0.094187166,20.68566537,0.442681772,0,SUCCESS,0,5.59E-05,1.040518522,1,11.25,0,0.006543724,87207939.55,0.002635305,0.002635305,0.000911081,1,60,16.66666667
dataset_batch_7_geo_batch7_0875,dataset_batch_7_geo_batch7_0875_sim_001,1.030735246,0.561891236,237.4832344,0.176332784,0.065353501,22.59039321,0.545689523,0,SUCCESS,0,7.84E-05,1.040518522,1,9,0,0.00594884,115158088.4,0.003901211,0.003901211,0.001480102,1,60,16.66666667
dataset_batch_7_geo_batch7_0876,dataset_batch_7_geo_batch7_0876_sim_001,1.104960875,0.545313942,616.8034172,0.213143536,0.088905529,23.42827035,0.50511668,0,SUCCESS,0,0.000169733,1.040518522,1,90,4.500001431,0.014277216,127386034.6,0.001809897,0.001809897,0.000601899,2,60,16.66666667
dataset_batch_7_geo_batch7_0877,dataset_batch_7_geo_batch7_0877_sim_001,0.911765674,0.488698906,315.8470651,0.294631026,0.068364292,20.90002914,0.588541888,0,SUCCESS,0,0.000523395,1.172071099,1.082659483,18,13.5,0.019036288,96229129.16,0.002032123,0.002032123,0.00116273,2,60,16.66666667
dataset_batch_7_geo_batch7_0878,dataset_batch_7_geo_batch7_0878_sim_001,0.917072986,0.492231061,176.0896833,0.255041273,0.090937377,20.95751113,0.605650621,0,SUCCESS,0,0.000785329,1.126487851,1.082659483,15.75,13.5,0.015466984,95964352.48,0.003697264,0.003697264,0.002325869,2,60,16.66666667
dataset_batch_7_geo_batch7_0879,dataset_batch_7_geo_batch7_0879_sim_001,0.87771576,0.461442682,643.6439672,0.1518414,0.103607283,20.3397625,0.50806672,0,SUCCESS,0,0.000153821,1.126487851,1.040518522,15.75,6.75,0.015466984,96490851.6,0.001182455,0.001182455,0.000607282,2,60,16.66666667
dataset_batch_7_geo_batch7_0880,dataset_batch_7_geo_batch7_0880_sim_001,1.071486257,0.556935875,598.9339928,0.17245796,0.073456077,22.97694066,0.486412431,0,SUCCESS,0,0.000364125,1.040518522,1.040518522,90,11.25000381,0.017251636,118681230.5,0.001806246,0.001806246,0.000568253,2,60,16.66666667
dataset_batch_7_geo_batch7_0881,dataset_batch_7_geo_batch7_0881_sim_001,1.061621784,0.543496133,950.2899718,0.299789867,0.044813802,23.19658329,0.629197067,0,SUCCESS,0,0.000247685,1.126487851,1.040518522,15.75,8.999999046,0.015466984,116654053.5,0.000872073,0.000872073,0.000426319,2,60,16.66666667
dataset_batch_7_geo_batch7_0882,dataset_batch_7_geo_batch7_0882_sim_001,1.022771913,0.561086637,382.0216857,0.280054752,0.065333558,20.33648362,0.49021483,0,SUCCESS,0,0.001427567,1.082659483,1.082659483,90,18,0.022605592,110601576,0.002517794,0.002517794,0.000763297,2,60,16.66666667
dataset_batch_7_geo_batch7_0883,dataset_batch_7_geo_batch7_0883_sim_001,0.977858679,0.446344612,483.3567534,0.324136049,0.087058919,23.73392992,0.401594267,0,SUCCESS,0,0.000195749,1.082659483,1.040518522,90,90,0.01784652,118694204.9,0.002087411,0.002087411,0.000533134,2,60,16.66666667
dataset_batch_7_geo_batch7_0884,dataset_batch_7_geo_batch7_0884_sim_001,1.157811632,0.555414203,594.6532308,0.290183394,0.104482959,21.8664989,0.561701512,0,SUCCESS,0,0.000252558,1.040518522,1.040518522,90,9.000002861,0.014277216,130497294.4,0.00184022,0.00184022,0.000639941,2,60,16.66666667
dataset_batch_7_geo_batch7_0885,dataset_batch_7_geo_batch7_0885_sim_001,0.944720011,0.512959221,753.2163251,0.312008887,0.049855986,22.18098252,0.434433745,0,SUCCESS,0,0.000258822,1.040518522,1.040518522,90,11.25000381,0.01784652,103181085.8,0.001171729,0.001171729,0.000238646,2,60,16.66666667
dataset_batch_7_geo_batch7_0886,dataset_batch_7_geo_batch7_0886_sim_001,1.0648362,0.513155012,382.9543588,0.211984679,0.121909195,23.94775752,0.414187651,0,SUCCESS,0,0.000377573,1.040518522,1.040518522,90,6.750002384,0.012492564,126392375.3,0.003062778,0.003062778,0.000809277,2,60,16.66666667
dataset_batch_7_geo_batch7_0887,dataset_batch_7_geo_batch7_0887_sim_001,0.880137729,0.496881054,284.7230463,0.173686244,0.066016063,20.54039593,0.5146885,0,SUCCESS,0,0.000251549,1.126487851,1.040518522,15.75,8.999999046,0.0148721,94604429.84,0.002539389,0.002539389,0.001128923,2,60,16.66666667
dataset_batch_7_geo_batch7_0888,dataset_batch_7_geo_batch7_0888_sim_001,1.063680375,0.471184603,912.8380102,0.313966094,0.070155671,25.85485269,0.427426243,0,SUCCESS,0,0.000154171,1.082659483,1.040518522,90,4.499999523,0.015466984,132345650.2,0.001230664,0.001230664,0.000331316,2,60,16.66666667
dataset_batch_7_geo_batch7_0889,dataset_batch_7_geo_batch7_0889_sim_001,0.979848607,0.528056317,210.0767992,0.178820294,0.08231803,20.73857659,0.69793747,0,SUCCESS,0,0.001231336,1.172071099,1.126487851,18,15.75,0.022010708,99506390.1,0.003205048,0.003205048,0.002598557,2,60,16.66666667
dataset_batch_7_geo_batch7_0890,dataset_batch_7_geo_batch7_0890_sim_001,1.101310829,0.566123035,255.7842872,0.163805337,0.107846907,21.66031552,0.466506516,0,SUCCESS,0,0.001617607,1.082659483,1.082659483,90,20.25,0.023200476,120941851.8,0.004539294,0.004539294,0.00132911,2,60,16.66666667
dataset_batch_7_geo_batch7_0891,dataset_batch_7_geo_batch7_0891_sim_001,1.098428698,0.616735593,334.0996291,0.290024819,0.051995119,21.80874377,0.595816084,0,SUCCESS,0,1.21E-18,1,1,0,0,0,120920640.1,0.002717094,0.002717094,0.000828053,1,60,16.66666667
dataset_batch_7_geo_batch7_0892,dataset_batch_7_geo_batch7_0892_sim_001,1.067584019,0.59856219,478.7954725,0.195657659,0.056325797,25.49423075,0.400394473,0,SUCCESS,0,0.000559179,1.040518522,1.040518522,20.25,15.74999905,0.01189768,119687423,0.002380925,0.002380925,0.000367984,2,60,16.66666667
dataset_batch_7_geo_batch7_0893,dataset_batch_7_geo_batch7_0893_sim_001,1.152921467,0.601700362,358.6501425,0.29804445,0.077265962,21.72266678,0.634681914,0,SUCCESS,0,0.000123849,1.040518522,1,90,2.250000715,0.011302796,127431523.7,0.002677208,0.002677208,0.001025706,2,60,16.66666667
dataset_batch_7_geo_batch7_0894,dataset_batch_7_geo_batch7_0894_sim_001,1.137910213,0.527329462,147.9764205,0.283412418,0.068476505,26.75080321,0.473301568,0,SUCCESS,0,0.000509685,1.082659483,1.040518522,11.25,8.999999046,0.00892326,139595490.1,0.008044823,0.008044823,0.002232993,2,60,16.66666667
dataset_batch_7_geo_batch7_0895,dataset_batch_7_geo_batch7_0895_sim_001,1.167909147,0.507097006,493.8701902,0.178892509,0.123506515,26.91101991,0.453445482,0,SUCCESS,0,0.000145901,1.082659483,1,11.25,4.499999523,0.008328376,146992837.3,0.002715658,0.002715658,0.000936326,2,60,16.66666667
dataset_batch_7_geo_batch7_0896,dataset_batch_7_geo_batch7_0896_sim_001,0.988695453,0.548583661,779.8721603,0.169818134,0.093748996,20.64951326,0.693721893,0,SUCCESS,0,0.000194314,1.126487851,1.040518522,15.75,8.999999046,0.015466984,100142202.2,0.000877939,0.000877939,0.000654636,2,60,16.66666667
dataset_batch_7_geo_batch7_0897,dataset_batch_7_geo_batch7_0897_sim_001,1.154118439,0.553409257,709.0119378,0.341221816,0.05489657,26.17642751,0.520944473,0,SUCCESS,0,7.41E-05,1.040518522,1,11.25,0,0.007138608,138211822.6,0.00155554,0.00155554,0.000411302,1,60,16.66666667
dataset_batch_7_geo_batch7_0898,dataset_batch_7_geo_batch7_0898_sim_001,1.063374334,0.560133411,213.731246,0.310786468,0.099140714,20.20050234,0.492749674,0,SUCCESS,0,0.001462114,1.082659483,1.040518522,90,18,0.017251636,115291394,0.004674809,0.004674809,0.001098781,2,60,16.66666667
dataset_batch_7_geo_batch7_0899,dataset_batch_7_geo_batch7_0899_sim_001,0.98972319,0.542069864,817.6069433,0.300289595,0.055734357,21.78753214,0.555745626,0,SUCCESS,0,3.32E-05,1.040518522,1,9,0,0.00594884,108603635.8,0.000972972,0.000972972,0.000346652,1,60,16.66666667
dataset_batch_7_geo_batch7_0900,dataset_batch_7_geo_batch7_0900_sim_001,1.063035597,0.565026889,482.9116953,0.348075266,0.086499927,20.74755062,0.430801762,0,SUCCESS,0,0.001496572,1.126487851,1.126487851,90,24.75000191,0.027959548,115085005.4,0.002291001,0.002291001,0.000531259,2,60,16.66666667
dataset_batch_7_geo_batch7_0901,dataset_batch_7_geo_batch7_0901_sim_001,1.080871955,0.65438145,800.59974,0.159306565,0.053518667,20.38595701,0.537154563,0,SUCCESS,0,0.000501696,1.082659483,1.082659483,22.50000191,18,0.01784652,109845980.7,0.001213122,0.001213122,0.000299988,2,60,16.66666667
dataset_batch_7_geo_batch7_0902,dataset_batch_7_geo_batch7_0902_sim_001,0.994119656,0.546680912,583.0386383,0.176050762,0.052341154,22.43956811,0.655350583,0,SUCCESS,0,0.000279775,1.126487851,1.040518522,15.75,9,0.015466984,103386747.3,0.001268092,0.001268092,0.000807516,2,60,16.66666667
dataset_batch_7_geo_batch7_0903,dataset_batch_7_geo_batch7_0903_sim_001,1.010491621,0.535347468,393.3881048,0.178100116,0.114297437,20.29265451,0.447334191,0,SUCCESS,0,0.000758093,1.082659483,1.040518522,90,15.74999905,0.019631172,110360064.3,0.002606505,0.002606505,0.000738123,2,60,16.66666667
dataset_batch_7_geo_batch7_0904,dataset_batch_7_geo_batch7_0904_sim_001,1.017097823,0.496823467,552.5905265,0.314835149,0.085796357,21.44223734,0.442464309,0,SUCCESS,0,0.000612951,1.082659483,1.040518522,90,90,0.024390244,113519093.9,0.001828256,0.001828256,0.000458578,2,60,16.66666667
dataset_batch_7_geo_batch7_0905,dataset_batch_7_geo_batch7_0905_sim_001,1.098851214,0.483355554,792.1155536,0.175982142,0.106412327,25.80278825,0.507496166,0,SUCCESS,0,0.000170453,1.082659483,1.040518522,13.5,6.75,0.011302796,133310242.9,0.001469696,0.001469696,0.000643322,2,60,16.66666667
dataset_batch_7_geo_batch7_0906,dataset_batch_7_geo_batch7_0906_sim_001,1.070405531,0.498119231,975.1422108,0.280310417,0.119431853,21.21733716,0.59444673,0,SUCCESS,0,0.000205164,1.126487851,1.040518522,90,90,0.022605592,118384744.9,0.000952613,0.000952613,0.00047945,2,60,16.66666667
dataset_batch_7_geo_batch7_0907,dataset_batch_7_geo_batch7_0907_sim_001,1.016233768,0.495657574,287.6551748,0.166988278,0.112309623,22.00322644,0.51116577,0,SUCCESS,0,0.000261386,1.082659483,1.040518522,13.5,6.75,0.010707912,118243498.6,0.003454277,0.003454277,0.001501344,2,60,16.66666667
dataset_batch_7_geo_batch7_0908,dataset_batch_7_geo_batch7_0908_sim_001,1.119919414,0.561573209,629.317619,0.210918665,0.093714872,21.59774286,0.569930022,0,SUCCESS,0,0.00021612,1.040518522,1.040518522,90,6.750002384,0.015466984,123913650.5,0.001678709,0.001678709,0.000670765,2,60,16.66666667
dataset_batch_7_geo_batch7_0909,dataset_batch_7_geo_batch7_0909_sim_001,1.146359373,0.585710879,174.9973034,0.318181735,0.050982093,24.68293871,0.573789655,0,SUCCESS,0,0.000149684,1.040518522,1,9,4.499999523,0.00594884,132094542.9,0.005838186,0.005838186,0.001771676,2,60,16.66666667
dataset_batch_7_geo_batch7_0910,dataset_batch_7_geo_batch7_0910_sim_001,1.098901261,0.526204016,418.278421,0.245434702,0.101154987,21.50337551,0.48595786,0,SUCCESS,0,0.000891063,1.082659483,1.040518522,90,90,0.024390244,122177852.8,0.002698486,0.002698486,0.000857728,2,60,16.66666667
dataset_batch_7_geo_batch7_0911,dataset_batch_7_geo_batch7_0911_sim_001,1.149795613,0.520273618,392.0329521,0.260725798,0.060912666,27.0716959,0.418280789,0,SUCCESS,0,0.000622975,1.082659483,1.040518522,90,90,0.020226056,136439527.9,0.003324772,0.003324772,0.000822496,2,60,16.66666667
dataset_batch_7_geo_batch7_0912,dataset_batch_7_geo_batch7_0912_sim_001,1.143626737,0.485027059,302.3324562,0.281145011,0.126485994,25.61864535,0.504387882,0,SUCCESS,0,0.000360918,1.082659483,1.040518522,11.25,6.75,0.00892326,141079641.7,0.003923069,0.003923069,0.001442025,2,60,16.66666667
dataset_batch_7_geo_batch7_0913,dataset_batch_7_geo_batch7_0913_sim_001,1.027920165,0.545613064,126.1875291,0.164592954,0.098731065,20.22158224,0.519526456,0,SUCCESS,0,0.001204704,1.040518522,1.040518522,90,90,0.016061868,111509815.7,0.007678101,0.007678101,0.002874283,2,60,16.66666667
dataset_batch_7_geo_batch7_0914,dataset_batch_7_geo_batch7_0914_sim_001,1.148266733,0.553979697,704.5345673,0.266050466,0.082501739,23.66662928,0.469872892,0,SUCCESS,0,0.000517988,1.082659483,1.040518522,90,15.74999905,0.021415824,129754963.9,0.001721327,0.001721327,0.000442963,2,60,16.66666667
dataset_batch_7_geo_batch7_0915,dataset_batch_7_geo_batch7_0915_sim_001,1.152647797,0.517341787,360.6086133,0.30467099,0.108900078,23.91856843,0.548992629,0,SUCCESS,0,0.000345401,1.082659483,1.040518522,11.25,6.75,0.00892326,138307983.2,0.003074766,0.003074766,0.001139676,2,60,16.66666667
dataset_batch_7_geo_batch7_0916,dataset_batch_7_geo_batch7_0916_sim_001,1.169159741,0.561792503,406.8112584,0.229652563,0.099070012,22.08494118,0.597530633,0,SUCCESS,0,0.000481525,1.082659483,1.040518522,90,90,0.019036288,128718194.9,0.002720228,0.002720228,0.001159358,2,60,16.66666667
dataset_batch_7_geo_batch7_0917,dataset_batch_7_geo_batch7_0917_sim_001,1.134427344,0.540193903,724.6855081,0.21635573,0.050403532,27.63774836,0.541573362,0,SUCCESS,0,0.000120743,1.082659483,1,13.5,2.249999762,0.009518144,134376544.3,0.001559025,0.001559025,0.000599599,2,60,16.66666667
dataset_batch_7_geo_batch7_0918,dataset_batch_7_geo_batch7_0918_sim_001,1.131714739,0.481208312,884.8013261,0.292764879,0.075188783,25.46485681,0.419943261,0,SUCCESS,0,0.000597951,1.126487851,1.082659483,90,90,0.030933968,132466996.6,0.000105683,0.000105683,0,2,60,16.66666667
dataset_batch_7_geo_batch7_0919,dataset_batch_7_geo_batch7_0919_sim_001,0.969751692,0.501817758,127.7808535,0.333762864,0.092224803,21.14143542,0.511421057,0,SUCCESS,0,0.000170594,1.040518522,1,9,4.499999523,0.00594884,109899805.4,0.006396345,0.006396345,0.002088141,2,60,16.66666667
dataset_batch_7_geo_batch7_0920,dataset_batch_7_geo_batch7_0920_sim_001,1.120200742,0.524201085,559.2463754,0.27561702,0.11991115,22.4471741,0.60539663,0,SUCCESS,0,0.000262059,1.082659483,1.040518522,90,6.75,0.011302796,129111214.4,0.001780267,0.001780267,0.000836052,2,60,16.66666667
dataset_batch_7_geo_batch7_0921,dataset_batch_7_geo_batch7_0921_sim_001,1.077791581,0.54285145,409.0256617,0.345335152,0.103448649,20.41780607,0.461669137,0,SUCCESS,0,0.001721712,1.082659483,1.082659483,90,20.25,0.022010708,119952541.4,0.002583274,0.002583274,0.000530314,2,60,16.66666667
dataset_batch_7_geo_batch7_0922,dataset_batch_7_geo_batch7_0922_sim_001,1.154511224,0.636477028,872.2090666,0.232067645,0.121198469,21.88096406,0.785423071,0,SUCCESS,0,5.43E-05,1.040518522,1,9,0,0.00594884,118571894.4,0.000911874,0.000911874,0.000605088,1,60,16.66666667
dataset_batch_7_geo_batch7_0923,dataset_batch_7_geo_batch7_0923_sim_001,1.106589001,0.529837054,137.5040511,0.264564774,0.092323317,24.65488698,0.440123868,0,SUCCESS,0,0.0011667,1.040518522,1.040518522,90,90,0.014277216,129706315.2,0.00862154,0.00862154,0.002131813,2,60,16.66666667
dataset_batch_7_geo_batch7_0924,dataset_batch_7_geo_batch7_0924_sim_001,1.133759488,0.579403099,776.7109528,0.261941132,0.124769877,20.93138698,0.473383949,0,SUCCESS,0,0.000576776,1.082659483,1.040518522,22.50000191,18,0.016656752,125055850.5,0.001506112,0.001506112,0.000348873,2,60,16.66666667
dataset_batch_7_geo_batch7_0925,dataset_batch_7_geo_batch7_0925_sim_001,1.066759452,0.566255163,204.848736,0.331969652,0.060791735,21.3501195,0.541287909,0,SUCCESS,0,0.000724779,1.040518522,1.040518522,90,90,0.014277216,115632365.5,0.004506637,0.004506637,0.001238585,2,60,16.66666667
dataset_batch_7_geo_batch7_0926,dataset_batch_7_geo_batch7_0926_sim_001,1.122286876,0.484217313,344.8022399,0.163104252,0.072751971,27.26805737,0.471770025,0,SUCCESS,0,0.000512183,1.126487851,1.082659483,15.75,11.25,0.015466984,139348727.7,0.003645635,0.003645635,0.001454802,2,60,16.66666667
dataset_batch_7_geo_batch7_0927,dataset_batch_7_geo_batch7_0927_sim_001,1.102277516,0.555862862,157.0857838,0.322600126,0.082024193,22.97620959,0.467264779,0,SUCCESS,0,0.00171209,1.040518522,1.040518522,90,90,0.016061868,123786679.6,0.006981907,0.006981907,0.001462504,2,60,16.66666667
dataset_batch_7_geo_batch7_0928,dataset_batch_7_geo_batch7_0928_sim_001,1.079833704,0.545423688,757.544902,0.243734805,0.068328085,22.31227608,0.492027924,0,SUCCESS,0,0.000412411,1.082659483,1.040518522,90,13.50000477,0.022605592,118473338.5,0.00141676,0.00141676,0.000422083,2,60,16.66666667
dataset_batch_7_geo_batch7_0929,dataset_batch_7_geo_batch7_0929_sim_001,1.131357018,0.557065145,126.2954456,0.191826292,0.05541856,25.2505378,0.571581612,0,SUCCESS,0,0.000779629,1.082659483,1.040518522,13.5,9,0.010707912,131209272.8,0.008615348,0.008615348,0.003592749,2,60,16.66666667
dataset_batch_7_geo_batch7_0930,dataset_batch_7_geo_batch7_0930_sim_001,1.08288259,0.486961143,366.9847551,0.303804362,0.092719516,24.77608522,0.596061102,0,SUCCESS,0,0.000755379,1.126487851,1.082659483,15.75,11.25,0.015466984,125275434.1,0.00254647,0.00254647,0.001290014,2,60,16.66666667
dataset_batch_7_geo_batch7_0931,dataset_batch_7_geo_batch7_0931_sim_001,1.146886033,0.624143481,181.6635349,0.222272665,0.057187193,23.43420083,0.622839241,0,SUCCESS,0,1.72E-05,1.040518522,1,2.249999762,0,0.002379536,127289828.7,0.005470757,0.005470757,0.002061792,1,60,16.66666667
dataset_batch_7_geo_batch7_0932,dataset_batch_7_geo_batch7_0932_sim_001,0.925655135,0.532378647,212.9003571,0.311314222,0.046870594,20.2337991,0.610626095,0,SUCCESS,0,0.000551035,1.126487851,1.082659483,15.75,11.25,0.0148721,94968898.11,0.00284659,0.00284659,0.001473668,2,60,16.66666667
dataset_batch_7_geo_batch7_0933,dataset_batch_7_geo_batch7_0933_sim_001,1.101716441,0.62397856,930.4459472,0.22796206,0.084509038,20.37141691,0.683199276,0,SUCCESS,0,1.91E-05,1.040518522,1,6.75,0,0.004759072,116067244.3,0.000894003,0.000894003,0.000432209,1,60,16.66666667
dataset_batch_7_geo_batch7_0934,dataset_batch_7_geo_batch7_0934_sim_001,1.120549481,0.628397953,493.2455121,0.223163412,0.087899273,20.991234,0.743264197,0,SUCCESS,0,0.000148764,1.082659483,1,11.25,4.499999523,0.008328376,115605096.7,0.001608499,0.001608499,0.000968625,2,60,16.66666667
dataset_batch_7_geo_batch7_0935,dataset_batch_7_geo_batch7_0935_sim_001,1.157808988,0.559251164,881.4034434,0.164298335,0.082257751,22.26028104,0.610007542,0,SUCCESS,0,0.000308965,1.126487851,1.040518522,90,90,0.028554432,124662250.7,0.001256917,0.001256917,0.000612645,2,60,16.66666667
dataset_batch_7_geo_batch7_0936,dataset_batch_7_geo_batch7_0936_sim_001,1.035777502,0.553935252,887.4415376,0.16500273,0.116432897,20.50401036,0.706616039,0,SUCCESS,0,0.000179773,1.126487851,1.040518522,15.75,6.75,0.0148721,107194912.3,0.000855099,0.000855099,0.000624856,2,60,16.66666667
dataset_batch_7_geo_batch7_0937,dataset_batch_7_geo_batch7_0937_sim_001,1.144902384,0.553361988,524.0462865,0.244953973,0.111367699,22.71406938,0.518282769,0,SUCCESS,0,0.000275016,1.040518522,1.040518522,90,9.000002861,0.014277216,131337046.2,0.002203879,0.002203879,0.000710967,2,60,16.66666667
dataset_batch_7_geo_batch7_0938,dataset_batch_7_geo_batch7_0938_sim_001,1.113447123,0.633947497,814.1094333,0.347151891,0.057984686,21.84288149,0.752715557,0,SUCCESS,0,0.000633213,1.126487851,1.082659483,13.5,8.999999046,0.01189768,113536116.9,0.000844582,0.000844582,0.000468384,2,60,16.66666667
dataset_batch_7_geo_batch7_0939,dataset_batch_7_geo_batch7_0939_sim_001,1.076856598,0.533113622,889.9521366,0.247485347,0.081334586,21.5570702,0.479288747,0,SUCCESS,0,0.000484944,1.082659483,1.040518522,90,15.74999905,0.026174896,118135761.2,0.001226602,0.001226602,0.000365733,2,60,16.66666667
dataset_batch_7_geo_batch7_0940,dataset_batch_7_geo_batch7_0940_sim_001,1.102808007,0.574978552,712.4180008,0.300466071,0.051262049,24.20171167,0.679357461,0,SUCCESS,0,0.000238396,1.126487851,1.040518522,13.5,6.75,0.01189768,119129240.5,0.001153848,0.001153848,0.00060295,2,60,16.66666667
dataset_batch_7_geo_batch7_0941,dataset_batch_7_geo_batch7_0941_sim_001,1.166114046,0.582889133,660.1409177,0.318769965,0.112236205,21.88317075,0.509405827,0,SUCCESS,0,0.00049754,1.040518522,1.040518522,18,15.74999905,0.010707912,130029304.7,0.001735262,0.001735262,0.000404843,2,60,16.66666667
dataset_batch_7_geo_batch7_0942,dataset_batch_7_geo_batch7_0942_sim_001,1.05268204,0.556882447,899.8145604,0.301386148,0.069484751,21.14338925,0.44034591,0,SUCCESS,0,0.000714477,1.126487851,1.082659483,90,22.50000191,0.030933968,112750960.8,0.001181634,0.001181634,0.000222283,2,60,16.66666667
dataset_batch_7_geo_batch7_0943,dataset_batch_7_geo_batch7_0943_sim_001,1.024932388,0.487794777,394.9786057,0.280452349,0.085015705,21.98510535,0.436491374,0,SUCCESS,0,0.000894085,1.082659483,1.040518522,90,90,0.025580012,115333568.4,0.002676999,0.002676999,0.000746631,2,60,16.66666667
dataset_batch_7_geo_batch7_0944,dataset_batch_7_geo_batch7_0944_sim_001,1.003548241,0.454332397,182.6675607,0.194573045,0.102385457,24.01279987,0.419802769,0,SUCCESS,0,0.000588821,1.126487851,1.082659483,90,90,0.020226056,122642748.8,0.006010648,0.006010648,0.002098014,2,60,16.66666667
dataset_batch_7_geo_batch7_0945,dataset_batch_7_geo_batch7_0945_sim_001,1.153923008,0.572285153,267.9852353,0.345305423,0.096657961,21.04829585,0.574499062,0,SUCCESS,0,0.000642559,1.040518522,1.040518522,90,90,0.015466984,127264547.2,0.003809445,0.003809445,0.00116929,2,60,16.66666667
dataset_batch_7_geo_batch7_0946,dataset_batch_7_geo_batch7_0946_sim_001,1.075641913,0.586961772,787.4944323,0.22785001,0.054496786,20.99565244,0.555362911,0,SUCCESS,0,0.000305295,1.082659483,1.040518522,90,11.25000381,0.01784652,113538805.8,0.001226969,0.001226969,0.000406156,2,60,16.66666667
dataset_batch_7_geo_batch7_0947,dataset_batch_7_geo_batch7_0947_sim_001,1.115227735,0.540724122,981.5600512,0.296527102,0.052030697,26.23425318,0.527847743,0,SUCCESS,0,5.97E-05,1.040518522,1,11.25,0,0.007138608,131833519.2,0.001082805,0.001082805,0.000342777,1,60,16.66666667
dataset_batch_7_geo_batch7_0948,dataset_batch_7_geo_batch7_0948_sim_001,1.159196572,0.563715992,596.8305337,0.341235458,0.073602767,24.8181116,0.539672423,0,SUCCESS,0,6.14E-05,1.040518522,1,9,0,0.00594884,137447560.5,0.001813613,0.001813613,0.000497378,1,60,16.66666667
dataset_batch_7_geo_batch7_0949,dataset_batch_7_geo_batch7_0949_sim_001,1.14191531,0.536578818,458.3903506,0.19853181,0.083048337,25.6282494,0.4488037,0,SUCCESS,0,0.000477266,1.082659483,1.040518522,90,90,0.018441404,133462241.9,0.002767183,0.002767183,0.000813631,2,60,16.66666667
dataset_batch_7_geo_batch7_0950,dataset_batch_7_geo_batch7_0950_sim_001,1.071956816,0.581566769,788.8604673,0.245341964,0.052008116,22.47291455,0.681761707,0,SUCCESS,0,0.000190037,1.126487851,1.040518522,13.5,6.75,0.012492564,113340501.4,0.00100808,0.00100808,0.000563669,2,60,16.66666667
dataset_batch_7_geo_batch7_0951,dataset_batch_7_geo_batch7_0951_sim_001,1.08826736,0.523080238,471.2171005,0.2263823,0.094536997,22.7220917,0.49395902,0,SUCCESS,0,0.000361414,1.082659483,1.040518522,90,90,0.017251636,123680483.3,0.002351205,0.002351205,0.000799765,2,60,16.66666667
dataset_batch_7_geo_batch7_0952,dataset_batch_7_geo_batch7_0952_sim_001,1.114506053,0.499709652,973.5191471,0.260129446,0.12449525,26.74069898,0.400751372,0,SUCCESS,0,2.50E-05,1.040518522,1,6.75,0,0.004759072,141250454.5,0.001303772,0.001303772,0.000319861,1,60,16.66666667
dataset_batch_7_geo_batch7_0953,dataset_batch_7_geo_batch7_0953_sim_001,1.139065603,0.562614368,134.8923571,0.155005205,0.11665217,21.93191716,0.68862126,0,SUCCESS,0,0.001409652,1.126487851,1.082659483,90,90,0.023200476,122861391.4,0.007259116,0.007259116,0.004507668,2,60,16.66666667
dataset_batch_7_geo_batch7_0954,dataset_batch_7_geo_batch7_0954_sim_001,1.118377512,0.539847857,962.2750041,0.218974525,0.114468214,21.29489468,0.582133415,0,SUCCESS,0,0.000158073,1.082659483,1,90,90,0.01784652,123349923.9,0.001090939,0.001090939,0.000484482,2,60,16.66666667
dataset_batch_7_geo_batch7_0955,dataset_batch_7_geo_batch7_0955_sim_001,1.10482263,0.596150763,281.2336704,0.214530154,0.076331532,20.94242108,0.732405774,0,SUCCESS,0,0.000724584,1.126487851,1.082659483,90,90,0.022605592,113559101.4,0.002854803,0.002854803,0.001858323,2,60,16.66666667
dataset_batch_7_geo_batch7_0956,dataset_batch_7_geo_batch7_0956_sim_001,1.124256868,0.569580307,436.4117182,0.278210229,0.082935719,22.8409683,0.431517109,0,SUCCESS,0,0.001366107,1.082659483,1.082659483,90,22.50000191,0.024985128,124675055.4,0.002766689,0.002766689,0.000536548,2,60,16.66666667
dataset_batch_7_geo_batch7_0957,dataset_batch_7_geo_batch7_0957_sim_001,1.009556395,0.474706207,838.7689879,0.330438181,0.05793232,24.94748389,0.405763878,0,SUCCESS,0,0.00016446,1.082659483,1,90,90,0.020226056,118848480.3,0.001244964,0.001244964,0.00028206,2,60,16.66666667
dataset_batch_7_geo_batch7_0958,dataset_batch_7_geo_batch7_0958_sim_001,1.087416194,0.582051705,495.5518154,0.201827033,0.119284885,21.26036972,0.700881657,0,SUCCESS,0,0.000152231,1.082659483,1,11.25,4.499999523,0.00892326,114865541.7,0.001665885,0.001665885,0.001023006,2,60,16.66666667
dataset_batch_7_geo_batch7_0959,dataset_batch_7_geo_batch7_0959_sim_001,1.16115602,0.5548844,541.5279498,0.34400436,0.048394803,25.25144631,0.504109177,0,SUCCESS,0,0.000325553,1.082659483,1.040518522,90,90,0.01784652,133524036.2,0.002096943,0.002096943,0.000511281,2,60,16.66666667
dataset_batch_7_geo_batch7_0960,dataset_batch_7_geo_batch7_0960_sim_001,1.07977226,0.550632176,160.389386,0.224828131,0.11728903,20.93153368,0.603857674,0,SUCCESS,0,0.000322791,1.040518522,1.040518522,90,6.75,0.009518144,120807455.1,0.005850466,0.005850466,0.002710008,2,60,16.66666667
dataset_batch_7_geo_batch7_0961,dataset_batch_7_geo_batch7_0961_sim_001,1.089241074,0.537984531,222.121706,0.265598443,0.116840076,20.64335884,0.531157072,0,SUCCESS,0,0.000626588,1.040518522,1.040518522,90,90,0.014277216,122069660.8,0.004648841,0.004648841,0.001602841,2,60,16.66666667
dataset_batch_7_geo_batch7_0962,dataset_batch_7_geo_batch7_0962_sim_001,1.073257011,0.46543011,308.046896,0.271524591,0.106494626,25.9031502,0.417513197,0,SUCCESS,0,0.000293275,1.082659483,1.040518522,13.5,6.75,0.010707912,135058971.5,0.003847417,0.003847417,0.001121992,2,60,16.66666667
dataset_batch_7_geo_batch7_0963,dataset_batch_7_geo_batch7_0963_sim_001,1.04701609,0.601111643,275.836869,0.170085791,0.043833428,20.41011125,0.757797938,0,SUCCESS,0,0.000929231,1.172071099,1.126487851,90,90,0.0297442,101090462.7,0.002471326,0.002471326,0.001926166,2,60,16.66666667
dataset_batch_7_geo_batch7_0964,dataset_batch_7_geo_batch7_0964_sim_001,1.162998785,0.616063465,374.9508787,0.211420262,0.042748181,25.58533441,0.541594243,0,SUCCESS,0,8.92E-05,1.040518522,1,90,0,0.010707912,134074629.8,0.003023632,0.003023632,0.000876657,1,60,16.66666667
dataset_batch_7_geo_batch7_0965,dataset_batch_7_geo_batch7_0965_sim_001,1.015422405,0.48724492,328.1837167,0.300858779,0.043503918,22.36670514,0.467542732,0,SUCCESS,0,0.001146464,1.126487851,1.082659483,90,90,0.03271862,112152839.1,0.003010086,0.003010086,0.000930007,2,60,16.66666667
dataset_batch_7_geo_batch7_0966,dataset_batch_7_geo_batch7_0966_sim_001,1.093237642,0.484349712,227.5431589,0.316002166,0.106618003,24.42219704,0.455077608,0,SUCCESS,0,0.0003321,1.082659483,1.040518522,11.25,6.75,0.00892326,135295656.8,0.004977028,0.004977028,0.001419692,2,60,16.66666667
dataset_batch_7_geo_batch7_0967,dataset_batch_7_geo_batch7_0967_sim_001,0.982540298,0.472364645,569.1916616,0.161669886,0.057728054,24.74888038,0.447873745,0,SUCCESS,0,0.000232606,1.126487851,1.040518522,90,8.999999046,0.021415824,117250944.1,0.001798013,0.001798013,0.000680754,2,60,16.66666667
dataset_batch_7_geo_batch7_0968,dataset_batch_7_geo_batch7_0968_sim_001,1.044928045,0.478645497,749.1357166,0.18431163,0.071305037,26.90382428,0.415133203,0,SUCCESS,0,0.000147533,1.082659483,1,15.75,4.499999523,0.012492564,129622475.1,0.001560455,0.001560455,0.00050131,2,60,16.66666667
dataset_batch_7_geo_batch7_0969,dataset_batch_7_geo_batch7_0969_sim_001,1.109378752,0.557125958,267.3228402,0.27949297,0.110041805,21.69280492,0.500438019,0,SUCCESS,0,0.000765659,1.040518522,1.040518522,90,13.50000477,0.013087448,124386749.6,0.004079252,0.004079252,0.001110784,2,60,16.66666667
dataset_batch_7_geo_batch7_0970,dataset_batch_7_geo_batch7_0970_sim_001,0.997362365,0.560968423,780.0398745,0.171809674,0.099244117,20.67640716,0.444910602,0,SUCCESS,0,0.000331203,1.082659483,1.040518522,20.25,13.50000477,0.013087448,107727421.5,0.001261383,0.001261383,0.000304107,2,60,16.66666667
dataset_batch_7_geo_batch7_0971,dataset_batch_7_geo_batch7_0971_sim_001,1.146306316,0.53503133,939.814583,0.220466227,0.118545036,22.09102369,0.668481931,0,SUCCESS,0,0.000290482,1.126487851,1.082659483,90,90,0.02379536,123088404.8,0.001061705,0.001061705,0.00063045,2,60,16.66666667
dataset_batch_7_geo_batch7_0972,dataset_batch_7_geo_batch7_0972_sim_001,1.16834683,0.567636052,714.5958437,0.340873763,0.081978574,22.85662108,0.464516638,0,SUCCESS,0,0.000778535,1.082659483,1.082659483,90,20.25,0.025580012,129891760.7,0.001688157,0.001688157,0.000330422,2,60,16.66666667
dataset_batch_7_geo_batch7_0973,dataset_batch_7_geo_batch7_0973_sim_001,1.141848524,0.570528401,604.9845741,0.155196577,0.04969144,25.55776805,0.593641365,0,SUCCESS,0,0.000169891,1.082659483,1.040518522,13.5,4.499999523,0.010707912,131012483.5,0.001798277,0.001798277,0.000808912,2,60,16.66666667
dataset_batch_7_geo_batch7_0974,dataset_batch_7_geo_batch7_0974_sim_001,1.079132132,0.575425396,114.2431356,0.227576259,0.121748594,21.99574686,0.675972429,0,SUCCESS,0,0.000272282,1.040518522,1.040518522,9,6.75,0.00594884,115234244.2,0.007270213,0.007270213,0.004080377,2,60,16.66666667
dataset_batch_7_geo_batch7_0975,dataset_batch_7_geo_batch7_0975_sim_001,0.915247087,0.465258321,132.8668415,0.269458225,0.105422091,20.89795541,0.561821736,0,SUCCESS,0,0.001036644,1.126487851,1.082659483,15.75,13.5,0.015466984,99632743.47,0.005350409,0.005350409,0.002987377,2,60,16.66666667
dataset_batch_7_geo_batch7_0976,dataset_batch_7_geo_batch7_0976_sim_001,1.140203304,0.56592046,464.2725177,0.234767313,0.054113009,26.29314373,0.498192232,0,SUCCESS,0,8.04E-05,1.040518522,1,9,0,0.00594884,136470718.2,0.002514269,0.002514269,0.000722781,1,60,16.66666667
dataset_batch_7_geo_batch7_0977,dataset_batch_7_geo_batch7_0977_sim_001,1.016148242,0.542319052,147.708329,0.165904948,0.049261259,23.08237322,0.481378227,0,SUCCESS,0,0.001173301,1.082659483,1.040518522,90,90,0.020226056,111454482.1,0.006725357,0.006725357,0.002174213,2,60,16.66666667
dataset_batch_7_geo_batch7_0978,dataset_batch_7_geo_batch7_0978_sim_001,0.997670501,0.547416462,209.3405222,0.202662092,0.06874788,20.54898303,0.553510529,0,SUCCESS,0,0.000218831,1.082659483,1.040518522,90,6.75,0.013087448,109655259.4,0.004086092,0.004086092,0.001639889,2,60,16.66666667
dataset_batch_7_geo_batch7_0979,dataset_batch_7_geo_batch7_0979_sim_001,1.145193403,0.575213875,725.9367236,0.153054077,0.075675271,25.00289693,0.654374833,0,SUCCESS,0,0.000172343,1.082659483,1.040518522,13.5,4.499999523,0.010707912,127836878.9,0.001406948,0.001406948,0.000757388,2,60,16.66666667
dataset_batch_7_geo_batch7_0980,dataset_batch_7_geo_batch7_0980_sim_001,1.098524817,0.462026962,725.4166881,0.1585636,0.10473684,25.76577899,0.48537872,0,SUCCESS,0,0.000264497,1.126487851,1.040518522,90,8.999999046,0.018441404,135594830.9,0.001674649,0.001674649,0.000746434,2,60,16.66666667
dataset_batch_7_geo_batch7_0981,dataset_batch_7_geo_batch7_0981_sim_001,1.130810277,0.474174129,532.2978462,0.254588427,0.051290467,27.45351377,0.436070811,0,SUCCESS,0,0.000442126,1.126487851,1.082659483,90,90,0.024985128,138645445.6,0.002393556,0.002393556,0.000765479,2,60,16.66666667
dataset_batch_7_geo_batch7_0982,dataset_batch_7_geo_batch7_0982_sim_001,1.094807134,0.564807334,591.485628,0.342532557,0.073658608,23.64820647,0.425627597,0,SUCCESS,0,0.000670571,1.082659483,1.040518522,90,18,0.019631172,123897233.1,0.001901324,0.001901324,0.000272326,2,60,16.66666667
dataset_batch_7_geo_batch7_0983,dataset_batch_7_geo_batch7_0983_sim_001,0.983878019,0.55670405,237.1315862,0.204155879,0.07161639,21.09457783,0.602757882,0,SUCCESS,0,0.000164034,1.082659483,1,11.25,4.499999523,0.007733492,104106719.3,0.003215265,0.003215265,0.001548119,2,60,16.66666667
dataset_batch_7_geo_batch7_0984,dataset_batch_7_geo_batch7_0984_sim_001,0.907708714,0.479603963,778.0963933,0.325624724,0.078162842,20.7295475,0.514643877,0,SUCCESS,0,9.26E-05,1.082659483,1,13.5,0,0.010707912,100267389,0.000922348,0.000922348,0.000355972,1,60,16.66666667
dataset_batch_7_geo_batch7_0985,dataset_batch_7_geo_batch7_0985_sim_001,1.017849341,0.558782353,341.8116873,0.294917396,0.062931927,20.72140231,0.672431281,0,SUCCESS,0,0.000533122,1.126487851,1.082659483,15.75,11.25,0.015466984,105832825.1,0.0020262,0.0020262,0.001182056,2,60,16.66666667
dataset_batch_7_geo_batch7_0986,dataset_batch_7_geo_batch7_0986_sim_001,1.035612177,0.515109251,597.964578,0.27871031,0.068501985,22.18725915,0.512926191,0,SUCCESS,0,0.000132809,1.082659483,1,90,90,0.016656752,117930265.9,0.001608487,0.001608487,0.000551359,2,60,16.66666667
dataset_batch_7_geo_batch7_0987,dataset_batch_7_geo_batch7_0987_sim_001,0.879876937,0.478545252,176.5029628,0.271115161,0.079995787,20.49842424,0.481009722,0,SUCCESS,0,0.000239717,1.082659483,1.040518522,13.5,6.75,0.010707912,97486500.88,0.004190653,0.004190653,0.001485401,2,60,16.66666667
dataset_batch_7_geo_batch7_0988,dataset_batch_7_geo_batch7_0988_sim_001,1.095254097,0.520469198,855.0609602,0.184762308,0.103925142,21.71934384,0.546247342,0,SUCCESS,0,0.000225016,1.082659483,1.040518522,90,90,0.02082094,121582830.9,0.001263895,0.001263895,0.000556463,2,60,16.66666667
dataset_batch_7_geo_batch7_0989,dataset_batch_7_geo_batch7_0989_sim_001,0.998048877,0.473053938,705.1980179,0.185456875,0.055491169,24.73563897,0.428577019,0,SUCCESS,0,0.000203343,1.126487851,1.040518522,90,90,0.026174896,115868560.5,0.001514716,0.001514716,0.000517071,2,60,16.66666667
dataset_batch_7_geo_batch7_0990,dataset_batch_7_geo_batch7_0990_sim_001,1.06442692,0.556519655,359.9004563,0.269272919,0.056574813,23.0903086,0.466436515,0,SUCCESS,0,0.000828828,1.082659483,1.040518522,90,15.74999905,0.018441404,117166142.7,0.002940427,0.002940427,0.000690355,2,60,16.66666667
dataset_batch_7_geo_batch7_0991,dataset_batch_7_geo_batch7_0991_sim_001,0.906866248,0.588171328,224.1652826,0.156447738,0.05003142,20.77887161,0.409148786,0,SUCCESS,0,0.001381051,1.082659483,1.082659483,24.75000191,20.25,0.018441404,93468680.35,0.003708188,0.003708188,0.000459021,2,60,16.66666667
dataset_batch_7_geo_batch7_0992,dataset_batch_7_geo_batch7_0992_sim_001,1.16299789,0.591227401,326.5685514,0.335207754,0.05322871,24.36140048,0.526861527,0,SUCCESS,0,0.000426522,1.040518522,1.040518522,90,90,0.015466984,132139732,0.003367959,0.003367959,0.000776586,2,60,16.66666667
dataset_batch_7_geo_batch7_0993,dataset_batch_7_geo_batch7_0993_sim_001,1.104909623,0.562553496,896.1167583,0.303579293,0.075499154,22.98242527,0.665831827,0,SUCCESS,0,0.000182232,1.082659483,1.040518522,13.5,6.75,0.011302796,120940477.9,0.000945778,0.000945778,0.000484425,2,60,16.66666667
dataset_batch_7_geo_batch7_0994,dataset_batch_7_geo_batch7_0994_sim_001,0.888595504,0.490231584,233.3525466,0.279990427,0.055387741,21.85704802,0.552841467,0,SUCCESS,0,0.000438898,1.126487851,1.082659483,15.75,11.25,0.015466984,94218970.66,0.002800206,0.002800206,0.001367923,2,60,16.66666667
dataset_batch_7_geo_batch7_0995,dataset_batch_7_geo_batch7_0995_sim_001,1.146704524,0.554479852,425.7990164,0.182400921,0.124888758,22.04210847,0.654062992,0,SUCCESS,0,0.000351695,1.082659483,1.040518522,90,90,0.018441404,127026151.9,0.00241067,0.00241067,0.001334688,2,60,16.66666667
dataset_batch_7_geo_batch7_0996,dataset_batch_7_geo_batch7_0996_sim_001,1.018102759,0.494504785,591.7714857,0.197310324,0.07390645,22.3113157,0.454647183,0,SUCCESS,0,0.000503055,1.126487851,1.040518522,90,90,0.027364664,113180300.6,0.00178558,0.00178558,0.000611047,2,60,16.66666667
dataset_batch_7_geo_batch7_0997,dataset_batch_7_geo_batch7_0997_sim_001,0.979551554,0.462497546,150.4288617,0.18484024,0.092537034,24.22146753,0.412033308,0,SUCCESS,0,0.000591498,1.082659483,1.040518522,90,11.25,0.017251636,119277140.4,0.007035789,0.007035789,0.00232525,2,60,16.66666667
dataset_batch_7_geo_batch7_0998,dataset_batch_7_geo_batch7_0998_sim_001,1.111236943,0.607748997,808.0466462,0.317328152,0.049747606,23.21795367,0.795201442,0,SUCCESS,0,0.000592175,1.219479442,1.126487851,20.24999809,11.25,0.020226056,112053608.6,0.000837382,0.000837382,0.000621267,2,60,16.66666667
dataset_batch_7_geo_batch7_0999,dataset_batch_7_geo_batch7_0999_sim_001,1.045417754,0.575082476,918.9020407,0.232774971,0.112937333,20.93007577,0.723793411,0,SUCCESS,0,0.000114788,1.082659483,1,13.5,2.249999762,0.010707912,106711740.7,0.00076713,0.00076713,0.000538599,2,60,16.66666667
dataset_batch_7_geo_batch7_1000,dataset_batch_7_geo_batch7_1000_sim_001,1.089230392,0.581069253,835.3797793,0.32885681,0.055755438,20.68819113,0.570088407,0,SUCCESS,0,0.000258105,1.040518522,1.040518522,90,11.25000381,0.015466984,115649062,0.001102459,0.001102459,0.000329184,2,60,16.66666667
