pair_id,invariant_max_abs_mismatch,dT_high_K,dT_ratio,dp_high_MPa,dp_ratio,hold_h,gap_h,ramp_up_h,ramp_down_h,wall_reset_h,recovery_h,pre_relax_days,SHmax_MPa,stress_ratio,ecc_ratio,Ecement_GPa,nu_cement,alpha_c_e6,k_cement_WmK,cap_cement_MJm3K,rinf,tau1_h,tau2_days,shiftK_K,thermal_diffusion_time_h,tau1_cold_h,tau2_cold_days,Fourier_hold,Deborah1_high,Deborah2_high,gap_over_tau1_ref,high_peak_LH_MPa,high_peak_HL_MPa,order_effect_high_peak_MPa,order_effect_high_peak_pct,high_cycle_peak_LH_MPa,high_cycle_peak_HL_MPa,order_effect_high_cycle_peak_MPa,global_peak_LH_MPa,global_peak_HL_MPa,order_effect_global_peak_MPa,residual_LH_MPa,residual_HL_MPa,order_effect_residual_MPa,memory_before_high_LH_MPa,memory_before_high_HL_MPa,pre_high_temperature_LH_K,pre_high_temperature_HL_K,loop_LH_MPa_mm,loop_HL_MPa_mm,order_effect_loop_MPa_mm,safer_sequence_high_episode,safer_sequence_high_cycle,sequence_benefit_abs_MPa
P000000,4.547473508864641e-13,74.48277081680135,0.5125973605362043,8.682904826004723,0.44529064953812475,29.392882250926526,29.35295504987299,2.5212849220646407,2.545861255220751,0.33033913378977614,58.28868407480455,82.06030195889731,27.139732846121806,0.6799235397306553,0.023221493566694146,16.035550365606888,0.19758256758858633,10.53889315990484,1.0205310116447461,1.6082279356177105,0.7769093563782337,11.014611183861339,2.1411210281337145,3558.1766586800177,0.36814159557393816,298.06105493427384,57.93983843229648,79.84124207725723,10.140586159252154,47.30928088317308,2.6649106863509697,4.065946718,4.126703898,-0.06075717999999952,-1.4722931788114333,4.065946718,4.126703898,-0.06075717999999952,4.065946718,4.126703898,-0.06075717999999952,-8.712324513,-8.720953396,0.008628883000000087,0.1827817172,1.666746622e-13,322.3892707,323.15,0.0942100307779502,0.09440861853831355,-0.0001985877603633418,LH,LH,0.06075717999999952
P000001,4.547473508864641e-13,57.04138177798244,0.6131930870570343,3.5813656002986325,0.5108688423423289,23.49238572819279,29.19324470115252,2.3978178102417775,0.2542215553679909,3.4717925024029035,48.72313174652956,109.50041930819239,18.90343793712419,0.9218942006675506,0.03708854242021554,15.81485389838005,0.1881794490034352,8.529385911211394,0.7152859091867825,2.0109446637784867,0.3930314956377556,3.493234906143585,23.82077921253471,3998.5543483520955,0.6567709656441437,49.55944051977061,337.9516471800873,35.7695253856907,2.1095958960138823,345.25397403927445,8.35708032397423,1.233115555,1.234694289,-0.0015787339999999705,-0.12786436400208948,1.233115555,1.234694289,-0.0015787339999999705,1.233115555,1.234694289,-0.0015787339999999705,-4.988297871,-4.990023854,0.001725983000000042,0.3155184499,0.3163402329,322.4733886,323.15,0.09527787434701035,0.09549598669444606,-0.00021811234743571162,LH,LH,0.0015787339999999705
P000002,0.0,70.56457108583561,0.7429518835052241,6.829945273349691,0.47499441544626386,16.945996086627652,15.261722158306116,1.8947525979510031,0.5609964982778968,2.0397270598661628,66.64735038484893,149.27671972704505,25.884445467044443,0.8984979507044625,0.6053467010455107,9.948884901313752,0.21640773313027098,10.28759304216758,1.6693224184656743,2.3363353485747305,0.46687376618124976,17.00506364241247,11.635890026801162,1893.9304331032322,0.3269553506687847,87.43091262764138,59.82550290142688,51.82969494753563,5.159384681826668,84.72869120790526,0.8974810373682888,1.253046949,1.458595083,-0.20554813400000005,-14.092199843237784,1.253046949,1.458595083,-0.20554813400000005,1.253046949,1.458595083,-0.20554813400000005,-6.632244745,-6.631968088,-0.0002766570000005686,0.4587088825,0.0007175658583,322.0362629,323.15,0.14447230468435154,0.14464542575331724,-0.00017312106896569257,LH,LH,0.20554813400000005
P000003,2.842170943040401e-14,71.94115764285944,0.6619876868325081,5.193027750030547,0.5603219206949993,18.61823811611503,14.528345743318107,2.839534512338696,1.9825352320622112,2.242935285191872,24.978020169244655,101.64932625574956,24.24746274145142,0.641174856308116,0.34754311882415884,14.223572177853603,0.19994429710201797,12.509227186595679,0.7507306212549123,2.351924524661249,0.5140801636189248,11.83351219758934,15.161254752459906,3228.411563036221,0.7318679775405412,206.85070253179802,265.01989810335147,25.43933972720331,11.110111560597039,341.6261793845637,1.2277289701258556,7.687781431,7.869213664,-0.18143223299999978,-2.3055954603191693,7.687781431,7.869213664,-0.18143223299999978,7.687781431,7.869213664,-0.18143223299999978,-4.861695605,-4.885506764,0.023811158999999193,0.4723014208,0.03507008142,321.5456475,323.15,0.13445026893405915,0.1355335348635819,-0.0010832659295227642,LH,LH,0.18143223299999978
P000004,0.0,60.875322135972056,0.37762756761318744,6.159071267159092,0.5912130404207487,18.964409363110214,27.26594201568105,2.4939734837018386,1.6911049025013405,3.2955604097313125,91.8594092519022,51.59977091238859,30.55238090598904,0.7859799659506769,0.5955835112557865,10.202079149825053,0.24351230717881306,10.385461098287657,1.544406635754906,2.2840392524318704,0.4968341189156608,23.411986340441715,3.713392584886111,3287.1866934483946,0.3454899345995033,248.21561387388516,39.369663325835056,54.891351277987354,13.088496937675108,49.82342986426021,1.1646146388092684,-0.96522421,-0.8274343289,-0.1377898811,-13.77898811,-0.96522421,-0.8274343289,-0.1377898811,-0.96522421,-0.8274343289,-0.1377898811,-8.588754138,-8.591675,0.0029208619999998575,0.251021989,0.0004584801955,322.8276041,323.15,0.10344522823104117,0.10385771404877675,-0.0004124858177355778,LH,LH,0.1377898811
P000005,0.0,89.21224834956658,0.4198912033267628,3.956597666837162,0.7573825073189213,21.717169271288334,13.885018520526604,2.255687126552116,2.4328622877213397,3.1511963883404843,35.075547993826426,154.64681853963054,34.16914142962278,0.5946853933579943,0.23997862278336363,10.176547355874607,0.26356315475352,10.18539500634483,1.5424396723298237,1.885485736152919,0.6790293002477166,7.6723080962019745,4.209036335214498,2906.0755201170923,0.2855673552155939,236.76940951641686,129.89194844967355,76.04920126424321,10.902406596307333,143.54572291857585,1.8097576826196682,1.579356047,1.65877923,-0.07942318299999984,-4.788050245842531,1.579356047,1.65877923,-0.07942318299999984,1.579356047,1.65877923,-0.07942318299999984,-8.762863054,-8.772635911,0.009772856999999746,0.2659686943,3.697083459e-12,322.2108332,323.15,0.06960688087927046,0.07019737224892703,-0.0005904913696565678,LH,LH,0.07942318299999984
P000006,0.0,90.81599228233556,0.3596470768050898,6.7901696472732365,0.6585272113969305,9.708646476732666,24.45579413616892,0.809568069382782,2.677070954353918,1.4756340270034525,55.70066560044644,100.25188802573822,19.206803818852705,0.8701900986917128,0.6320795077070396,12.942144485675106,0.18993524898915665,11.73177021832067,1.4631330369197344,1.7384685159159514,0.7888303580848522,33.59523993208903,22.073529295031115,1285.0620456040092,0.27757254561745615,158.9847618045971,104.45988194313509,34.97696955271971,16.37558460755712,258.22725882989994,0.7279541442658243,7.417864089,7.485010468,-0.06714637899999953,-0.8970779571660519,7.417864089,7.485010468,-0.06714637899999953,7.417864089,7.485010468,-0.06714637899999953,-6.551024224,-6.55194262,0.0009183960000003211,0.1513733183,0.03062814121,322.7766361,323.15,0.17533149732064493,0.1765583186362919,-0.0012268213156469698,LH,LH,0.06714637899999953
P000007,5.684341886080802e-14,85.77017438372553,0.38693381194520193,6.473905896945235,0.5152580341452133,22.960233115932645,8.98543158407421,2.3532735073549578,3.929168847863677,0.2666208484571512,41.42376863310003,167.27566036535544,18.569636400419462,0.6782734910283065,0.17987388667258744,14.825931682651083,0.21831875224817515,11.6260508347738,1.3858144549855091,2.4446915711509636,0.5788995553800101,16.127581680782445,8.286990056029499,3675.608235828073,0.41210936442896096,982.6973491074544,504.948808899471,55.71393202323242,42.799972637278564,527.8156956158168,0.5571468656569392,10.85156201,11.18185601,-0.3302940000000003,-2.953838787627174,10.85156201,11.18185601,-0.3302940000000003,10.85156201,11.18185601,-0.3302940000000003,-4.529847348,-4.548428471,0.018581123000000588,0.6239027011,8.791065609e-07,321.7027799,323.15,0.008912755599704773,0.006646155850985995,0.002266599748718778,LH,LH,0.3302940000000003
P000008,0.0,64.52062909591697,0.512339293530764,7.990386964110256,0.7560126770837052,25.9948411037808,5.610296107711815,1.101737936513639,1.1192279523640583,2.578018855600156,39.532486908615965,121.78291011195314,39.36399305409829,0.8256626695467326,0.3582163200841879,13.395372236905292,0.25723609631522426,10.256485151519891,0.8116824690686363,2.042156293434548,0.6437400116928143,3.731549874776702,4.50391863453031,3117.4317130957834,0.5877549644742323,41.40812042331017,49.97891263789741,44.227344174003036,1.5929360852022136,46.143536654858735,1.5034761147464333,-7.68110784,-7.496538138,-0.1845697020000001,-2.462065804273243,-7.68110784,-7.496538138,-0.1845697020000001,-7.68110784,-7.496538138,-0.1845697020000001,-18.02829499,-18.03425972,0.005964730000002305,0.4259865977,4.338924822e-09,320.9071687,323.15,0.17328524714488486,0.17436154323653374,-0.0010762960916488873,LH,LH,0.1845697020000001
P000009,4.547473508864641e-13,92.96702997161961,0.6246670470191524,7.77154304738713,0.43276580492076433,13.448820790659234,24.265035056306584,2.9231768453432925,1.2609233973961855,2.762873762570701,37.67905834195935,25.985226962243587,21.68669761988453,0.6049503031054284,0.3926567984612501,16.22555866283678,0.2020400655577788,13.958972609519913,0.9226071050214066,1.6706856173798685,0.7746997211223174,26.922473786058458,6.532186424382361,1780.136664764263,0.42303025986821163,249.0946623194159,60.437714027289424,31.791628321929025,18.52167310404066,107.85370399629255,0.9012929216360496,16.97943331,17.11233035,-0.13289703999999958,-0.7766156758421834,16.97943331,17.11233035,-0.13289703999999958,16.97943331,17.11233035,-0.13289703999999958,-5.009037826,-5.023913649,0.014875822999999677,0.3423921681,0.0678926327,322.2141252,323.15,0.3070382865680749,0.3081401714273758,-0.0011018848593009056,LH,LH,0.13289703999999958
P000010,9.094947017729282e-13,46.60926970302886,0.6540224022190977,7.738136241507136,0.39144403415622114,33.88414708774605,9.048348810004345,2.7476080090103685,1.3875378423742293,0.3148717300888717,27.501192996839848,100.49594252064875,28.425624465836307,0.8827793853343173,0.5724943853229478,16.055427911564138,0.27148673660177375,10.314094235332071,1.5544353635618238,1.9173464776971403,0.4988380227728553,2.1148423475798985,2.2695630737744588,2319.700347640013,0.2881518598582693,7.091213142698723,7.610002473872406,117.59128365304443,0.2092781950313044,5.390132999363238,4.278498026275455,-3.976043503,-3.756221851,-0.21982165200000026,-5.852200980660347,-3.976043503,-3.756221851,-0.21982165200000026,-3.976043503,-3.756221851,-0.21982165200000026,-13.71706916,-13.69704361,-0.020025549999999726,0.5082608957,2.930182819e-11,321.6745484,323.15,0.06290889397280432,0.062365821528467466,0.0005430724443368506,LH,LH,0.21982165200000026
P000011,0.0,46.80103191547789,0.4025493300734173,5.445040420074479,0.5140566540778715,19.982385068883037,4.706112199213535,0.4513879461131248,1.3511925033078729,1.6659516287609881,71.35173814730805,61.86956156719818,33.13008069370946,0.5523642698511243,0.2311845433883168,9.577402257179436,0.18538346635578398,11.71377414483392,1.198171632199077,1.9267678781715514,0.4010874699600602,19.2084419791921,9.724582545559384,3092.367672364194,0.3756677030040615,97.1234040167136,49.17028463263057,53.19165025125143,4.860451026336994,59.05635524063582,0.24500228619851197,1.994162657,2.277359326,-0.28319666900000007,-12.435308989970082,1.994162657,2.277359326,-0.28319666900000007,1.994162657,2.277359326,-0.28319666900000007,-3.290889616,-3.288230827,-0.002658788999999828,0.5586657831,0.1019919514,322.0093665,323.15,0.06248194117517921,0.06382160422127327,-0.001339663046094057,LH,LH,0.28319666900000007
P000012,2.842170943040401e-14,66.29123013588956,0.3696636470471943,4.968627727414994,0.4586915306119426,21.408949972385614,20.786796792757755,0.47752705009248986,1.3374349858432197,3.476780427991612,74.67150341219782,131.54159193920322,32.081226365750645,0.6645336536288248,0.5407808745931516,15.443028466543684,0.2646022035819605,10.793777722366304,1.3379986521026606,1.629072127787818,0.36212855498753266,2.3899801000124676,35.329896935833844,2623.8785701635757,0.28443178866779195,19.430628277784784,287.2333934701188,75.2691886960309,0.907593707437657,321.99624232737153,8.697476934075443,2.931159333,2.930293753,0.0008655800000001435,0.029539018028959484,2.931159333,2.930293753,0.0008655800000001435,2.931159333,2.930293753,0.0008655800000001435,-8.770591788,-8.773388277,0.0027964889999996245,1.015231957,1.028869503,322.6682622,323.15,0.13291157762784267,0.13346850467252236,-0.0005569270446796892,HL,HL,0.0008655800000001435
P000013,9.094947017729282e-13,80.86765605717594,0.5020396207132318,9.510924124123797,0.49462124748950836,21.832063008189504,20.889901361891692,0.9802267076235951,3.200441548710569,2.0011557936271775,35.74794329043213,82.74452334381962,20.251795303169605,0.6700884802293061,0.3990113956826658,12.046334978773082,0.24105746157108116,10.772262320163566,1.0047432780095469,2.5450260567552943,0.655819414230977,3.5921757433041313,39.65355501846931,3196.1426562198085,0.5917395795900863,97.51271305329094,1076.429999079671,36.89471477184804,4.466491005303191,1183.3201456143333,5.815389572971416,6.967878846,6.956109113,0.011769732999999505,0.16919994797096427,6.967878846,6.956109113,0.011769732999999505,6.967878846,6.956109113,0.011769732999999505,-5.420764965,-5.429565476,0.008800510999999567,0.6047078199,0.6117561567,322.1686287,323.15,0.222412980428795,0.2222037811368086,0.00020919929198640053,HL,HL,0.011769732999999505
P000014,5.684341886080802e-14,75.22734821804438,0.4215304288970622,5.891116182668977,0.6056421987063216,35.70453283067995,10.015455871532756,2.2065248286348016,3.414139840341248,3.912171662923179,70.27768350333733,124.94181438310746,26.229415001735962,0.6965931188367998,0.01593349193426312,12.077740733983628,0.22540583709687328,9.349543376775037,1.3198220127125861,2.5773197011472373,0.6113666441372938,6.942247530031768,2.3405791855499736,2346.2947537184336,0.45619069334667856,62.849599551166925,21.18974638879509,78.26668397977723,1.760269483127418,14.243399171269798,1.442682046153852,1.142856814,1.370613229,-0.227756415,-16.617117811285915,1.142856814,1.370613229,-0.227756415,1.142856814,1.370613229,-0.227756415,-7.312542906,-7.312726751,0.0001838449999995717,0.5493604064,1.2741007480000001e-14,321.8473838,323.15,0.12403523977175478,0.12623874250090716,-0.0022035027291523873,LH,LH,0.227756415
P000015,4.547473508864641e-13,94.26525914720898,0.5730932854800135,5.836805770901835,0.44762564871738164,12.695705776806616,20.649350695384904,0.570978391369106,2.8916252191784935,1.9889270555484881,78.29356195364883,80.82246234315744,23.977099335952953,0.8583469969626638,0.21494847951251486,11.405974287356948,0.2316926452852231,11.809666084962888,1.6561906337205043,1.8906125043055246,0.5971934795938043,6.127127636809473,6.809202697175293,3646.336295719605,0.2666770834340495,638.9866105109485,710.118934949379,47.60703699516169,50.330924624788715,1342.4109488989693,3.370151875298205,6.085369178,6.108120114,-0.022750936000000443,-0.37247034399101936,6.085369178,6.108120114,-0.022750936000000443,6.085369178,6.108120114,-0.022750936000000443,-8.216372611,-8.217885463,0.0015128519999993983,0.1152011243,0.0003070638499,322.4590558,323.15,0.13717513162478268,0.1369662971270844,0.00020883449769826257,LH,LH,0.022750936000000443
P000016,0.0,53.146956270062866,0.6812643412674022,5.932978781291219,0.5390507312582311,33.426226840530305,11.298294116756225,2.3070542459433203,0.6988719218821338,1.0658643246439625,72.64428693762606,142.63672888881035,22.605992843854004,0.8610719060090546,0.323963359492235,11.746987175907812,0.23773663194781278,13.425191323390646,1.359078693183186,1.6473727876718713,0.7811285964358452,4.002468128213806,15.845304527585796,3432.4903361241772,0.28316578669986014,32.38588891526461,128.21195717751897,118.04472295221257,0.9688765971035578,92.05606684058623,2.8228317515168695,0.9083265362,0.9223368817,-0.014010345500000021,-1.401034550000002,0.9083265362,0.9223368817,-0.014010345500000021,0.9083265362,0.9223368817,-0.014010345500000021,-9.41998397,-9.421475353,0.0014913829999994022,0.1094339876,0.00062002751,321.7212307,323.15,0.1180295900707515,0.11848062637886728,-0.0004510363081157709,LH,LH,0.014010345500000021
P000017,0.0,74.07364257436066,0.5243791411713968,3.033094502260202,0.7270634910579642,23.9339817631188,30.674805472898143,0.6125308412539852,2.7408558894155663,3.4292756703439493,51.67189389711041,116.54949856761866,28.49464489443689,0.5929877648616698,0.301434113032043,14.260017122575263,0.24058497212727373,13.257971965311473,0.9599831765436146,2.13072921756441,0.6848578699695913,8.422094514417353,12.292287102176648,2296.6252999014146,0.5185111907734729,69.71609443182014,101.75262779720511,46.159045723615016,2.912849818380389,102.03329689571473,3.642182526019806,6.785883122,6.819455928,-0.033572805999999566,-0.49230915713016055,6.785883122,6.819455928,-0.033572805999999566,6.785883122,6.819455928,-0.033572805999999566,-7.412628817,-7.418962677,0.006333859999999802,0.1111971374,0.001140852555,322.4778042,323.15,0.07310910782213281,0.07366628275814657,-0.0005571749360137601,LH,LH,0.033572805999999566
P000018,4.547473508864641e-13,57.27983146511649,0.6765762456444883,8.64851565879714,0.4274086897450253,22.544802005721202,20.58215132646214,2.437759927904677,1.9009429670143787,3.974867025052947,42.49878654613175,126.92771288114093,22.507924439169425,0.7070633029028072,0.4775511649325998,9.617884439132693,0.26271803953882894,13.947348026821269,0.9294112264513474,2.078172611428581,0.5371049389033806,27.243018067996555,19.55120157268419,3055.820826274106,0.5223567340478263,208.95132127551383,149.95583055224594,43.15978054119817,9.26827040763047,159.63502062872845,0.7555018785029842,4.396062435,4.584493061,-0.1884306259999997,-4.110173654814039,4.396062435,4.584493061,-0.1884306259999997,4.396062435,4.584493061,-0.1884306259999997,-6.163406286,-6.170212258,0.0068059720000004376,0.3951685803,0.03227202371,322.1785444,323.15,0.18840293498243485,0.18958017270392583,-0.0011772377214909757,LH,LH,0.1884306259999997
P000019,0.0,66.17660073866159,0.639267224606793,3.012646978520695,0.5095276888332776,26.414986970637095,31.310429060858482,2.511100267478848,0.8754940040699709,2.8301695111747383,38.093451668374655,86.215448062877,39.403714839032006,0.7843550644197399,0.0048770395648129634,12.65874648841462,0.2300916650148885,11.549031964599461,1.1234312843211145,1.730589794727729,0.5239131791728282,35.539048240933276,25.96749914916268,2133.3375980668275,0.35986625124847116,194.55623749440068,142.15740661791762,73.40223452184394,7.365373214481212,129.1606830100865,0.8810148445336152,-3.405195107,-3.23535399,-0.16984111699999982,-5.249537377515831,-3.405195107,-3.23535399,-0.16984111699999982,-3.405195107,-3.23535399,-0.16984111699999982,-13.40037708,-13.4059849,0.005607819999999819,0.9658633724,0.6905998197,322.4855137,323.15,0.056173681813827106,0.05737849126609147,-0.001204809452264366,LH,LH,0.16984111699999982
P000020,9.094947017729282e-13,70.88498283740971,0.37577910971047895,4.4119770160900735,0.7005666921699749,25.278065151738748,5.9096088245063285,1.463185880899685,0.6057069898519953,1.7037297319391238,40.75948504687763,95.90902516239522,37.21493496616064,0.8171616111192104,0.5966446287753472,11.448386709289423,0.24430977040611868,10.605423569201145,0.838937456979212,1.9877338333089263,0.7158991567844935,6.496899930108618,17.32565355554579,2759.7699301382754,0.5535057536523287,71.59854324054173,190.93591845528886,45.66901967132315,2.832437641518494,181.28215175565876,0.9096044094998904,-6.314052411,-6.174371577,-0.13968083399999998,-2.2622680261149433,-6.314052411,-6.174371577,-0.13968083399999998,-6.314052411,-6.174371577,-0.13968083399999998,-15.36414558,-15.37223859,0.008093009999999623,0.3937280222,0.03402927495,321.2924082,323.15,0.06967276586245075,0.07013312575679,-0.00046035989433924895,LH,LH,0.13968083399999998
P000021,2.842170943040401e-14,93.48708583703615,0.4546260751837052,4.48368602915326,0.7863161822254445,17.485831874698384,27.871967916524156,0.3878428274007694,1.6686758505204675,1.0271999270578283,84.52397297225406,153.2202775471658,35.67974981213151,0.5710363461066563,0.6690196411248345,14.574421473967512,0.27579999039311454,9.602387329119617,1.0429191683229275,2.591115448724893,0.6181884456120759,25.9473858316475,4.385217995533066,1319.8640281479059,0.5804029472074674,136.81959553069112,23.12309056317165,30.12705562373377,7.824597451875657,31.737361853462982,1.0741724849417886,3.211367843,3.381758941,-0.17039109800000007,-5.038534708497427,3.211367843,3.381758941,-0.17039109800000007,3.211367843,3.381758941,-0.17039109800000007,-9.789902547,-9.792189439,0.0022868919999989856,0.4411441919,2.530792182e-10,322.4556404,323.15,0.03396285255704096,0.03582060488696033,-0.0018577523299193738,LH,LH,0.17039109800000007
P000022,9.094947017729282e-13,81.99337571701525,0.5368514349079054,5.093016011407274,0.585924456931419,34.98562568925936,17.181969756557738,2.0459798682581236,0.5394217685918761,2.4711281500648425,69.19541023138609,164.62888269077166,20.55702598039418,0.6868930216910014,0.4119521060759866,10.91903296721722,0.19683390257689345,11.981683816866225,0.9979234758416247,2.53207255391362,0.41255111193162924,23.894846426886538,5.340033725245438,1641.297575411814,0.592751144805804,134.36300194706536,30.02751928194908,59.02245148884745,3.8405201936495597,20.598758735020187,0.7190659211445922,7.053352267,7.615620002,-0.5622677349999998,-7.383085485519736,7.053352267,7.615620002,-0.5622677349999998,7.053352267,7.615620002,-0.5622677349999998,-3.318916018,-3.313298115,-0.005617903000000091,1.105261302,1.033211019e-07,321.6478522,323.15,0.1133996091525587,0.1186930055116922,-0.0052933963591335065,LH,LH,0.5622677349999998
P000023,9.094947017729282e-13,56.193996341994065,0.4398590962392,8.939870678206447,0.6671906720298909,32.64684126304584,30.31823287562844,1.0879091163873742,2.6007836036706276,1.5088124723523224,78.05841098561223,40.47840055411874,38.35558139059416,0.5722877410103572,0.2806520705241875,13.142342682305753,0.26943261459006673,9.979875207146899,1.3466934577627176,2.5695694674090652,0.4997091322279661,25.5182873337911,34.21998503521915,3450.572867258659,0.44574359138557973,241.5532088649492,323.9224907394953,73.24130260979004,7.398976425274323,238.1283908942125,1.1880982637687165,-1.169925702,-1.031390392,-0.13853530999999997,-13.431898442583122,-1.169925702,-1.031390392,-0.13853530999999997,-1.169925702,-1.031390392,-0.13853530999999997,-9.695203797,-9.70171423,0.006510433000000759,4.215540393,4.224156671,322.7230722,323.15,0.1452592633021087,0.14581221359233848,-0.0005529502902297811,LH,LH,0.13853530999999997
P000024,1.3642420526593924e-12,80.10110730135526,0.35175059692887234,3.0612939991357915,0.6214082299276531,21.282801106446875,24.070428983726647,2.2900713582922076,2.825646165268829,2.652732908317702,87.8565008351616,66.48695922154273,28.378220237220816,0.8884355913100435,0.20954479526363695,12.641106911338191,0.18282450640608638,10.819262938591446,1.154014280002532,2.281862538055416,0.5556724838742935,10.462489717794938,33.084056367842514,2363.859850098833,0.46192534369399374,116.58299406067661,368.65396775254163,46.07411434984144,5.477803108603119,415.7204299287889,2.30064063458881,0.5554446686,0.6012293275,-0.04578465890000005,-4.578465890000006,0.5554446686,0.6012293275,-0.04578465890000005,0.5554446686,0.6012293275,-0.04578465890000005,-8.967774751,-8.969367942,0.0015931909999995497,1.306506891,1.242112556,322.6245847,323.15,0.07610053432723585,0.07679457050369407,-0.0006940361764582181,LH,LH,0.04578465890000005
P000025,4.547473508864641e-13,65.79067436780105,0.48224322940195974,4.752972817638132,0.7081533730890146,25.34012678193642,15.855843199483866,1.1168963874970683,1.0325514044156512,0.9322474596500855,63.36119000577853,33.17138306542802,36.81764864275195,0.743037723220172,0.6708965401478059,8.836000323082027,0.23343984239884982,13.129798608339346,1.4089937340970768,2.3700474910051796,0.5485170627935806,4.424543227138804,2.2401477631858957,1455.2894018026634,0.3929537899007256,13.991038597016257,7.083667671164615,64.48627658824275,0.5521297788845199,6.709043943266303,3.5836113211029197,-0.6477153725,-0.4979422102,-0.14977316229999998,-14.977316229999998,-0.6477153725,-0.4979422102,-0.14977316229999998,-0.6477153725,-0.4979422102,-0.14977316229999998,-9.162119567,-9.155190299,-0.006929268000000377,0.3336233303,8.057685172e-05,322.2370032,323.15,0.07073987864906726,0.07177342855336916,-0.001033549904301892,LH,LH,0.14977316229999998
P000026,1.3642420526593924e-12,86.74167955467281,0.5344201051710108,3.082950352611258,0.5376504975806953,14.60129529958622,7.593107318770509,1.0273623175528794,2.460327648865801,1.1910610579953684,67.48828336168393,140.5667644428706,23.873703425421418,0.7879432146466303,0.10773271014569094,8.305151328112014,0.22334939941365461,11.011799071108143,1.584828316198723,1.686205362839778,0.48516177769907154,4.2002196507948675,2.294069832390271,1494.164627907296,0.24855456225021258,22.911942738916366,12.514011411011413,58.74482917311139,1.5691719309016137,20.569152784190663,1.8077881515871574,2.800926566,3.021554885,-0.22062831900000024,-7.301814045982495,2.800926566,3.021554885,-0.22062831900000024,2.800926566,3.021554885,-0.22062831900000024,-5.270517746,-5.26964528,-0.0008724660000005713,0.6466530572,1.850520945e-14,321.5330722,323.15,0.0971059127059307,0.09942006994246433,-0.0023141572365336233,LH,LH,0.22062831900000024
P000027,5.684341886080802e-14,78.75920887496932,0.616259573349174,7.9446432544986525,0.618965510185508,28.851073425121747,33.571691928928225,2.616462984323818,3.7206456596079835,1.2100343078521756,74.91788061700024,61.70447897428876,33.2809135830319,0.8746224661510579,0.22540136802672284,17.086263558505095,0.2590201777456834,13.52234243677744,0.7076618432704211,2.540095869327205,0.7305093098561295,9.436210555495693,4.02060382902335,3390.3714801509855,0.8385284921113327,277.457306609181,118.21969240540945,34.40678962795595,9.616879847790626,98.34201230306057,3.557751465112859,1.586094224,1.639333646,-0.05323942200000009,-3.2476257734296565,1.586094224,1.639333646,-0.05323942200000009,1.586094224,1.639333646,-0.05323942200000009,-20.31395348,-20.32319404,0.009240560000002063,0.22099094,6.938264968e-06,322.1119634,323.15,0.2558396750996112,0.25533644875837436,0.0005032263412368398,LH,LH,0.05323942200000009
P000028,1.4210854715202004e-14,49.15775705940906,0.660926989929373,3.7826433778965107,0.6355238973743986,14.414873893594194,2.1474429738418763,0.5113861606605553,0.8847913980562672,1.820568393304594,61.21377890320868,95.26831359123608,32.36642429209185,0.8361262093087756,0.3276403087394588,16.75965431981949,0.26623787195340265,9.423041327595698,0.8722885481551137,1.7683639405810505,0.5495592578641857,2.2682485250293314,37.451794618220354,2383.0707551058194,0.4735926728393799,8.51721467292805,140.6305222421204,30.437282332032687,0.5908629333700243,234.14235592520583,0.946740601898598,-8.227248191,-7.970680828,-0.2565673629999994,-3.218888932281801,-8.227248191,-7.970680828,-0.2565673629999994,-8.227248191,-7.970680828,-0.2565673629999994,-16.0020689,-16.00266454,0.0005956400000002304,1.74924154,1.100188305,320.2629028,323.15,0.0740024797614593,0.07789939220691174,-0.003896912445452441,LH,LH,0.2565673629999994
P000029,0.0,61.15144215895114,0.39908104736451727,6.344006166116568,0.7991504063904806,31.557464420717444,29.480878571163135,1.8535909288717418,0.2893437671965185,1.6535387161903896,61.52423111101804,177.91846820932798,26.494878523179814,0.573446641016724,0.16388461402889842,9.401256780160987,0.22178959068932796,9.886829662103587,1.141670824322261,1.7012065866150894,0.7696296803794556,11.474223712228527,15.415913932173664,2621.15599175114,0.3481045082890824,76.19555796314143,102.37068694432857,90.65514427210645,2.4145019050744496,77.85468610244034,2.569313559726417,1.193297667,1.216953236,-0.023655568999999987,-1.943835498375715,1.193297667,1.216953236,-0.023655568999999987,1.193297667,1.216953236,-0.023655568999999987,-5.003379528,-5.006180985,0.0028014570000003403,0.05385433871,6.809897202e-05,322.7048026,323.15,0.08635950362731545,0.08669052849495616,-0.0003310248676407085,LH,LH,0.023655568999999987
P000030,4.547473508864641e-13,61.30026877659138,0.4252697672621526,3.680289808314752,0.5834085227678611,25.446841694322902,24.69297338227852,2.8298130101743904,1.0841365684078736,2.0126872134526015,26.44004384776536,87.92976778883254,24.429830504147652,0.8936171067802363,0.4173870201460694,8.36441564113744,0.21935059276128063,9.752550360807557,1.574337993203939,1.9113878340799433,0.755386257274175,10.966794056870302,30.29764883952989,2730.080075984506,0.2836248871660394,79.2547923215385,218.95495202661868,89.72005929587498,3.1145237304329187,206.50573897393332,2.251612755216212,-2.550149023,-2.533989467,-0.016159555999999853,-0.6377120430232575,-2.550149023,-2.533989467,-0.016159555999999853,-2.550149023,-2.533989467,-0.016159555999999853,-7.818176147,-7.821575861,0.0033997140000003867,0.2257408202,0.1842445498,322.7115757,323.15,0.052306610541273,0.05222667091743094,7.993962384206243e-05,LH,LH,0.016159555999999853
P000031,0.0,62.62425318659969,0.4563231620153748,9.675777354722854,0.6102334428645473,20.276197681108908,3.8518699304254334,0.4553894409040965,0.646067489458712,1.7996849990130699,45.43888881788122,152.95688516796008,27.478000191162458,0.8855339101212731,0.3575400882842251,17.42704774393493,0.23631222948959527,13.040113230363712,0.7891710782177421,2.522414211917588,0.38189075315075727,11.128008824468473,5.902191626364969,1597.211805711961,0.7466872557713533,36.50896210606569,19.364011462310227,27.154873107031815,1.8005822728824867,22.92028724539585,0.34614188316923955,6.04710649,7.492631979,-1.4455254890000004,-19.29262631677963,6.04710649,7.492631979,-1.4455254890000004,6.04710649,7.492631979,-1.4455254890000004,-10.3073027,-10.28720287,-0.020099829999999486,2.350042663,2.971272559e-06,320.8632377,323.15,0.25772495834623493,0.2659295972017823,-0.008204638855547342,LH,LH,1.4455254890000004
P000032,0.0,55.06579648303597,0.4759802923141545,5.232774801573076,0.5433135037554524,11.832527611881465,31.759032686513645,2.804690109349763,0.5483662766651509,2.562307835228146,84.29072736812807,163.7858611696626,30.011386784637423,0.7538407738242956,0.21737855902658212,14.072591048449803,0.2702490986046792,11.226364016121618,1.3413919969631476,1.7845590198531935,0.7155806744008257,16.15861594363973,3.1593873872053644,3606.534801368652,0.310791190356799,159.95403425102555,31.27475522086537,38.07227482316122,13.518162771106486,63.434808683401705,1.9654550115732201,-3.219230649,-3.170785663,-0.0484449859999998,-1.5278543285125166,-3.219230649,-3.170785663,-0.0484449859999998,-3.219230649,-3.170785663,-0.0484449859999998,-13.47624576,-13.47816774,0.001921980000000545,0.1202823277,2.044726825e-17,322.92325,323.15,0.10500705020985085,0.10533957393308818,-0.00033252372323733237,LH,LH,0.0484449859999998
P000033,0.0,59.535662224799324,0.6346041229239738,3.637556944381416,0.6980276486086545,9.217446141917556,10.315639093981401,2.624279270262085,1.612232788508611,2.1639817986813084,75.77970647631024,77.35461664945602,34.29966064483774,0.5873613384389413,0.19236053586781462,12.778201055110948,0.18895214625451645,8.927179627123394,1.308129896773774,1.8416979270394573,0.6920637273153674,17.676017673992465,7.350488857240864,3624.5773738519,0.32889784120660864,222.5966794591253,92.56578275719451,28.02525583050968,24.149496078619595,241.01890610130556,0.5835952013761151,-0.7920594615,-0.74467021,-0.04738925149999995,-4.738925149999995,-0.7920594615,-0.74467021,-0.04738925149999995,-0.7920594615,-0.74467021,-0.04738925149999995,-6.57732064,-6.577719277,0.0003986369999999795,0.1471535997,0.0004851985893,322.2209543,323.15,0.0553854363336898,0.05584640135796795,-0.0004609650242781496,LH,LH,0.04738925149999995
P000034,2.2737367544323206e-13,88.54558588942889,0.45989969047808205,8.874328685276291,0.5894265305905043,9.50245825955071,20.21266064532829,0.947930866476542,2.485477794327738,2.205181516586916,45.099480361677905,64.62240109115193,27.648566102607965,0.7506852713544767,0.02157555621435972,17.921674941430673,0.2696645591066276,11.687903922696826,1.2015102078560966,2.4549573155702458,0.7785968529760154,23.502413348981257,3.474871159315218,1904.4337221305705,0.47732037769703595,217.32596899573755,32.13200834399656,19.907924956814007,22.870499723301393,81.1546001247449,0.8600248980900693,7.302817403,7.442604243,-0.1397868400000002,-1.8781979457187186,7.302817403,7.442604243,-0.1397868400000002,7.302817403,7.442604243,-0.1397868400000002,-14.39005576,-14.39946056,0.009404800000000435,0.2814832749,2.606665202e-07,322.5882639,323.15,0.34655786587347853,0.347645916147512,-0.0010880502740334697,LH,LH,0.1397868400000002
P000035,1.3642420526593924e-12,68.56688718092185,0.5750287225837657,9.359858676831813,0.3622551589524215,31.92941358454477,16.323511223471296,1.1750974198707205,1.8630950822586216,3.3383778373555097,66.96264770024956,18.07078341513364,27.37225777764198,0.8275225986591936,0.3158866558393235,16.38210312713403,0.22406641585480602,8.329468541027003,1.0349309688465715,2.393382628321788,0.4694478477329129,26.17554021423596,14.869107713188523,2262.0859577520578,0.540249342175376,172.46008919973656,97.96656044341488,59.101253980203516,5.401292095236437,73.63735147895228,0.6236169756142612,-0.3596714418,-0.1085261282,-0.2511453136,-25.114531359999997,-0.3596714418,-0.1085261282,-0.2511453136,-0.3596714418,-0.1085261282,-0.2511453136,-10.44152661,-10.43853023,-0.002996380000000798,3.877881337,3.655971366,321.8603793,323.15,0.19562362796071803,0.19701010208186154,-0.0013864741211435105,LH,LH,0.2511453136
P000036,9.094947017729282e-13,86.03116714538943,0.5878639488100175,7.7160787601684095,0.7124657913977288,29.98196087177626,4.0694924349231405,0.42460682311924275,0.6318368936525695,1.133029861952511,90.82298281585499,106.52323381633975,33.455455588880696,0.9385630250665953,0.10367082025631293,8.55663836832364,0.25113582767491266,13.23948659414442,1.3819452395059078,2.41982080810911,0.35875069136932175,4.065047872629196,6.027559679867947,3008.2279442899917,0.40905892036233593,119.09639590146016,176.59340220486328,73.29496896246354,3.972268405352114,141.3597219688996,1.0010933603817733,3.24551619,3.954552107,-0.709035917,-17.9296137164289,3.24551619,3.954552107,-0.709035917,3.24551619,3.954552107,-0.709035917,-8.648639373,-8.649367057,0.0007276839999992291,1.294106851,0.000113382116,319.534981,323.15,0.21227176805549325,0.21491788855623292,-0.0026461205007396738,LH,LH,0.709035917
P000037,4.547473508864641e-13,84.20557686290134,0.4148965073679716,4.1846867940638965,0.7607464635160659,26.506277729816127,12.840385577667488,0.3246573474585112,3.6396256872757995,3.749417901552728,33.334840053211636,64.31574174286503,28.749147062925967,0.6615423069619287,0.1753962472651131,14.146218623873931,0.19753763617656583,9.166332857019244,1.0914384481358863,1.7112480980479954,0.6288650989112814,3.311708963884679,2.1481776760699547,2108.6637718140964,0.3662749560037456,33.017476120192974,21.417161319143386,72.36715832011475,1.2456474068802423,19.39208050631887,3.8772687206805587,1.850110481,1.941915668,-0.09180518700000007,-4.727557870448166,1.850110481,1.941915668,-0.09180518700000007,1.850110481,1.941915668,-0.09180518700000007,-7.257132454,-7.264336977,0.007204523000000407,0.2523480185,7.150916782e-10,321.9432784,323.15,0.11087960490448068,0.11250678254478699,-0.0016271776403063154,LH,LH,0.09180518700000007
P000038,5.684341886080802e-14,62.07472645678085,0.40140386343725215,8.356989996897106,0.5469504600453703,21.63658390790584,31.74443088003021,1.978702749073852,1.9512343266027534,2.8965877407124436,89.88148779330368,7.4940722425809865,28.976254013267233,0.8708898352936685,0.6034667372854656,11.491935598686567,0.22023984288750723,13.166298799775543,0.8310452562069083,2.1235908445615443,0.6662098599493507,2.6477996074235475,2.398157496199377,1589.7701161151865,0.5969523477069115,8.528741017332237,7.724626949303216,36.245077167413804,0.39418149619339404,8.568406527221551,11.988985416807756,0.2130395543,0.2488085962,-0.03576904190000002,-3.5769041900000023,0.2130395543,0.2488085962,-0.03576904190000002,0.2130395543,0.2488085962,-0.03576904190000002,-10.76070492,-10.75629833,-0.004406590000000321,0.2476207791,0.3089736532,322.6985511,323.15,0.1792372250321896,0.1801334636607822,-0.0008962386285925883,LH,LH,0.03576904190000002
P000039,1.4210854715202004e-14,82.47821605229305,0.7231264836209474,5.050935554472268,0.5611396619418538,10.642059873565094,6.416833409065657,0.9617459597937427,1.568364574124262,2.3755029998049966,64.40615182527993,134.89072735572404,18.64906524625612,0.7810749700702989,0.5240593318829766,17.163666715888652,0.20703884238255618,10.07839791038776,0.9948572173503629,1.878574394064008,0.37264990197074666,3.2067449606314513,18.982528755767497,3411.3060322005217,0.44112445871478445,119.45505358837765,707.1217130147492,24.124846544602676,11.224805630449827,1594.7026528679655,2.001042642256806,8.597003457,8.704883953,-0.10788049599999994,-1.2393099848599434,8.597003457,8.704883953,-0.10788049599999994,8.597003457,8.704883953,-0.10788049599999994,-4.296175652,-4.29673986,0.0005642080000001215,0.484806797,0.07397427839,320.5390947,323.15,0.18605002840856114,0.18612819237982364,-7.816397126250707e-05,LH,LH,0.10788049599999994
P000040,2.2737367544323206e-13,52.93826086900209,0.48300260323293953,5.910194722424707,0.46095867222307674,18.030302357519005,19.09591231212466,2.8775928455027264,3.395777192698464,3.968916000139512,32.670440672982856,88.5073162661489,21.500742841584128,0.9192031806769609,0.11697485981245571,10.059880690338346,0.22579951085305752,11.867275910652216,1.2978163538277476,1.8093178158986776,0.7380245682139734,3.719972437066937,14.470529462185318,1719.3837821020347,0.3256830167678091,10.549891621345049,41.03861523498395,55.36150621686682,0.5851200613363828,54.626192401531206,5.133347796302785,-0.5300004795,-0.5229394757,-0.007061003799999965,-0.7061003799999965,-0.5300004795,-0.5229394757,-0.007061003799999965,-0.5300004795,-0.5229394757,-0.007061003799999965,-7.967640255,-7.971048015,0.003407759999999982,0.03783004164,0.01080141206,322.6461969,323.15,0.10686369065720562,0.10682968175984262,3.4008897363005386e-05,LH,LH,0.007061003799999965
P000041,9.094947017729282e-13,81.18724600870479,0.7466243736303704,7.070061353103028,0.6682108895034646,23.140588787707284,16.380410792331418,1.4443536217423623,3.685755234325936,1.6070763884731767,38.00089396446931,40.95690401188266,39.30819834896006,0.9140049645414015,0.39614184299783356,13.746517732684424,0.24602389348241968,13.837108029819996,0.7193987094997547,2.556480856445395,0.40994820310836183,5.924362446582456,11.788074072469747,2374.6429641089285,0.830168758328441,69.73724695236004,138.76055695389732,27.874559907917103,3.013633213576907,143.9139426159558,2.764923810794302,3.331425965,3.476005793,-0.1445798279999999,-4.159366715992118,3.331425965,3.476005793,-0.1445798279999999,3.331425965,3.476005793,-0.1445798279999999,-14.64406431,-14.65048419,0.006419880000001044,1.446667871,1.118234905,320.9951661,323.15,0.2807658971960477,0.2802523009577026,0.0005135962383451265,LH,LH,0.1445798279999999
P000042,0.0,69.48615294234773,0.5305257001692645,4.644442136436167,0.5235700112915461,16.284345510231603,6.317886198204902,1.2631893756566672,2.6162409917410114,2.2370081498212246,83.29872323885706,96.39710304368205,19.399221484924286,0.756314205575289,0.31960742530685216,15.001465652205034,0.1930163481357846,10.011238121351678,0.9349060899304673,2.2202659446785447,0.5342177970063172,32.05317610313905,5.567788987782094,2963.830176385097,0.5547924009534393,395.3599618252665,68.67590389724562,29.352142318903645,24.278529436559683,101.21510210516611,0.1971064014959246,4.730999253,4.941276132,-0.21027687899999936,-4.255517671603773,4.730999253,4.941276132,-0.21027687899999936,4.730999253,4.941276132,-0.21027687899999936,-4.755103636,-4.756057081,0.0009534449999994976,0.4402268604,2.172640831e-05,321.1797246,323.15,0.09322055753386317,0.09533313294890171,-0.0021125754150385367,LH,LH,0.21027687899999936
P000043,0.0,88.14561582947094,0.7319907653457002,3.905366548157449,0.6135748500411329,18.58726061467808,23.731382282323878,0.3394766133359992,2.2986664349060915,0.30279511933953357,28.552953925317915,112.01216916346124,26.53821190941774,0.5503989190974177,0.5176069516717453,15.99964912136852,0.23145730825693558,12.20644779055079,0.784571330463465,2.001269968438618,0.7263553564852206,4.987545846170606,12.89290636947554,3297.7984154043556,0.5958908805450098,229.22497545281112,592.5511739060071,31.192389783978438,12.332370014320215,765.1061912003256,4.758128148444915,10.57053064,10.5605113,0.010019339999999488,0.09487551990024846,10.57053064,10.5605113,0.010019339999999488,10.57053064,10.5605113,0.010019339999999488,-5.874699102,-5.883863113,0.009164011000000194,0.05266984774,0.001548995067,321.7287921,323.15,0.1436234480530548,0.14391556218839663,-0.00029211413534183106,HL,HL,0.010019339999999488
P000044,0.0,45.58075745038216,0.49174472656149526,9.661037428832827,0.7958985474084723,28.659306551707985,3.056370446505885,2.9863039057316034,2.9849493991954823,0.5618404069342763,36.14467499521765,34.01184121720091,26.08377623479332,0.7761177087416872,0.6626465604125079,8.347863571076319,0.26143720006706855,8.588399693080989,1.5629993375520304,1.7884342497064,0.47668487698484197,22.511559233886835,18.383580834056087,2119.2160733616806,0.2673053674337663,66.08511617860812,53.966989250956,107.21560448579197,2.3058867826887353,45.19326870962809,0.13576893607196722,-2.514414966,-2.10669086,-0.40772410599999986,-19.353770111291976,-2.514414966,-2.10669086,-0.40772410599999986,-2.514414966,-2.10669086,-0.40772410599999986,-7.129014529,-7.106962075,-0.022052453999999777,1.959581724,1.768091613,321.0644707,323.15,0.0900218267572371,0.09455206793340075,-0.0045302411761636435,LH,LH,0.40772410599999986
P000045,2.842170943040401e-14,54.652102580605344,0.4647107452949141,8.024029894878653,0.3996202293895311,20.116963257518762,30.91428389642901,1.8432941930602431,1.4717136540570022,2.676704927489469,55.92976751012088,118.13699404715847,20.456387951493085,0.8563692683894002,0.17313224860380688,9.27440056195179,0.2778518266602742,9.956213024608282,0.8198442336915363,2.355607943117054,0.7854393316935667,26.72707848475124,6.672922036736236,3734.1017842789943,0.6712204176345792,280.8259150084862,70.11351569218047,29.970726052124785,13.959657400255324,83.64703733220814,1.1566652866330573,-1.51894296,-1.482880511,-0.036062448999999885,-2.4319187373823326,-1.51894296,-1.482880511,-0.036062448999999885,-1.51894296,-1.482880511,-0.036062448999999885,-8.697571062,-8.702556289,0.004985227000000592,0.08289700457,2.769160068e-07,322.7345302,323.15,0.11534709918310217,0.11543469765443308,-8.759847133091303e-05,LH,LH,0.036062448999999885
P000046,4.547473508864641e-13,90.37961633502812,0.3879612194352754,3.842166048305307,0.7533414404715597,13.92390110913142,35.11153782324239,0.9923370133918017,1.29911359286313,3.046846838233874,53.98772422003305,150.68163805598866,30.18538866571049,0.9015955196318248,0.3472031801848602,9.211018803202212,0.2227677788561585,13.992838749458883,0.815491108132228,2.501736949203075,0.42468451404204416,10.384898834493972,31.60802620610954,2485.508392665478,0.7166645259316415,205.7770014533957,626.3137425036365,19.428757257143126,14.778688805714465,1079.5487343866198,3.38101876415181,5.526847401,5.55705644,-0.030209038999999827,-0.5436158391797767,5.526847401,5.55705644,-0.030209038999999827,5.526847401,5.55705644,-0.030209038999999827,-7.430179291,-7.435600187,0.005420896000000397,0.321089804,0.2729668203,322.743279,323.15,0.09664738374744258,0.09681955109140204,-0.00017216734395945898,LH,LH,0.030209038999999827
P000047,1.4210854715202004e-14,76.25809079925419,0.6874945767447047,3.258408755940492,0.35456989564020086,15.363486358138381,10.777241786056523,2.323042255289423,2.2634307867434353,0.7952467426368157,65.65464927668698,10.08043912466505,23.139921291735327,0.8780341742357771,0.15404661085298715,8.628537453302554,0.26110347587559124,9.196891278668382,0.8252014122684199,2.493420147118633,0.7997441114722136,4.5044913654684136,16.053724134752056,3638.709578467821,0.7058769439499492,145.91390094988012,520.0279727989496,21.765105787656584,9.497447229650858,812.3593210706044,2.3925546552659043,-2.636069344,-2.645016024,0.008946679999999763,0.3382467220924391,-2.636069344,-2.645016024,0.008946679999999763,-2.636069344,-2.645016024,0.008946679999999763,-9.50483001,-9.505777593,0.0009475830000003072,1.222734191,1.202145467,321.1365513,323.15,0.006592522067456762,0.006195466799082111,0.00039705526837465095,HL,HL,0.008946679999999763
P000048,9.094947017729282e-13,79.89156266433665,0.45615024550628996,9.846122327354795,0.7500938469852148,15.194020480072304,14.914928567401061,0.9870509089956543,2.352984177495264,1.2908204649088884,94.18761647810392,160.78965858123783,21.81109999785292,0.9012237907316307,0.20339763810481026,9.140702289258435,0.20487057949047288,8.998760931501844,0.7421784639594591,2.2983838162966537,0.46399351871229755,5.35484767515546,5.280019608790076,1241.7719179331884,0.7234486355483725,18.91651140898803,18.652174109968186,21.00221043136707,1.2449970982859968,29.462391420779905,2.785313322095209,2.152993278,2.253755821,-0.1007625430000001,-4.470872224094418,2.152993278,2.253755821,-0.1007625430000001,2.152993278,2.253755821,-0.1007625430000001,-4.91120741,-4.910881933,-0.00032547700000051805,0.1887684745,1.012441584e-08,322.0694147,323.15,0.1792336952532078,0.1809809626085201,-0.0017472673553123041,LH,LH,0.1007625430000001
P000049,0.0,54.1230353385244,0.7362854637457379,4.257074655848761,0.45388064622046054,22.724609433250496,12.42383107721468,0.6957508276270938,2.112837490673587,0.39179000155794236,30.223168707953086,35.14398384249699,19.29452966275408,0.6640462214255873,0.588398189902628,9.996100174826687,0.1921400653754006,13.363811752232207,0.7908891019435792,2.0941076577514477,0.6033429174473199,2.9407650615437553,12.178704214360407,1975.2321407047853,0.6185529874054351,10.058046999678162,41.65377948244265,36.73833914952137,0.4426059347344071,43.99154628003784,4.224693512474195,4.239647735,4.241892564,-0.0022448289999994486,-0.052920458642701465,4.239647735,4.241892564,-0.0022448289999994486,4.239647735,4.241892564,-0.0022448289999994486,-3.02483906,-3.028610325,0.0037712649999996906,0.39259512,0.3409227054,321.3975432,323.15,0.035156117280990794,0.03532221701267542,-0.0001660997316846255,LH,LH,0.0022448289999994486
P000050,0.0,45.69149195834854,0.559465919382228,7.372575280973646,0.5302593815433103,17.830149384457318,14.850098660034172,1.2310641645987697,0.9285675026329565,3.4143522786896017,68.4844143552632,121.00074572924304,37.47250836840599,0.8909023811352325,0.14848478609943622,13.201228124540538,0.2290049005186367,8.663193226646692,1.6248744470274419,2.3915530099894786,0.7672614742848447,32.91205503868645,30.980910325028688,3341.388573836385,0.34383786203718253,180.66151189348068,170.06103364183647,51.85627108898546,10.132361092328523,228.90805452039118,0.45120545169782433,-12.64598308,-12.58751287,-0.05847021000000119,-0.46450963430078457,-12.64598308,-12.58751287,-0.05847021000000119,-12.64598308,-12.58751287,-0.05847021000000119,-19.12589653,-19.12596586,6.933000000231004e-05,0.2095557528,0.1125461823,322.647759,323.15,0.10477925759555609,0.10493057220800421,-0.0001513146124481196,LH,LH,0.05847021000000119
P000051,4.547473508864641e-13,77.52001491816728,0.5376912178743583,7.960456679769978,0.6374018972601727,22.111829237366912,10.19368402433853,1.3136099002860209,1.4534861894023214,2.9886074882960014,29.934175893232805,16.345506575652287,30.316576564814135,0.9399440168281825,0.043547462916389786,10.799298120320868,0.21475424362259507,10.105972728081744,1.3652928071105703,1.7980502108353968,0.39105595984855485,5.554177431313365,39.48623639413613,1754.0128383088056,0.30765891785204946,30.801548659852173,218.97702166147997,71.87124427188,1.392989622396344,237.67588214702317,1.8353183978006422,-1.062377615,-0.9324594937,-0.1299181212999999,-12.99181212999999,-1.062377615,-0.9324594937,-0.1299181212999999,-1.062377615,-0.9324594937,-0.1299181212999999,-10.05312398,-10.05372355,0.0005995700000003268,7.877301561,7.708386969,321.7856168,323.15,0.22225204250748096,0.22330221096625363,-0.0010501684587726767,LH,LH,0.1299181212999999
P000052,0.0,81.34547302038341,0.47834101918664546,6.5378693150397265,0.3529602847886052,25.021091314720444,34.68796301904,1.3586995244525308,3.8405683590165416,0.4493497223396469,66.03049378488114,138.04553505782104,25.158918105748974,0.5625657623355437,0.5212253880393477,13.079077495217579,0.18322306211354056,9.119923364238398,0.8681564314613167,1.6591819312210916,0.7708809254647038,10.125482392329111,10.83159388398701,2870.5771941064595,0.44646715780888563,201.0237259898793,215.04233345147318,56.04240060459487,8.034170990440083,206.26662274315032,3.425808438057133,4.507977697,4.517713138,-0.009735441000000122,-0.21549489094630783,4.507977697,4.517713138,-0.009735441000000122,4.507977697,4.517713138,-0.009735441000000122,-3.978873854,-3.983335045,0.0044611909999998645,0.05668739207,2.455375556e-05,322.4404796,323.15,0.04212714672253772,0.04212730029755574,-1.535750180220452e-07,LH,LH,0.009735441000000122
P000053,4.547473508864641e-13,65.64216334429484,0.49704434255071694,6.643955404799669,0.42115717007291253,35.05726425596387,23.168353588990975,2.662426314416721,0.8967342260618084,3.8341190747845637,53.34474770169054,36.199290886089315,28.013099675785313,0.5756039552905233,0.009077726045069586,14.896084444366888,0.23257338936683628,13.701824301969417,1.1669919992069386,2.1344445610254628,0.6325606222889548,24.556490427388542,7.9162030984892775,3371.689485012714,0.4272779640692345,350.9682455210768,113.14059396559931,82.04791073729074,10.011284478975588,77.45539513147976,0.943471692646709,7.923809332,8.170956394,-0.24714706199999892,-3.0247017617360075,7.923809332,8.170956394,-0.24714706199999892,7.923809332,8.170956394,-0.24714706199999892,-6.605548689,-6.620972959,0.015424270000000462,0.5688920701,0.1154209892,322.3907981,323.15,0.17558477922777638,0.17647651393292993,-0.0008917347051535518,LH,LH,0.24714706199999892
P000054,0.0,51.52777458824904,0.6858435719780555,4.1174497849531315,0.7643457084538823,11.078302079116598,28.58585117954137,1.66248922880299,1.5618424508080846,3.877163627400342,41.704099282306544,144.32220567048196,22.743982976834396,0.6823554820132626,0.6771646590908267,15.377022145331297,0.21236067752893162,10.896043722104046,1.4659068272957798,2.245414753124459,0.6022181769459438,21.98370724485024,5.733059590694109,3465.9767862728554,0.3578357270839329,168.17219464932342,43.85708027695072,30.959183895346772,15.18032216925554,95.01184559960572,1.3003198623943513,2.562555756,2.637707784,-0.07515202799999976,-2.849141533260902,2.562555756,2.637707784,-0.07515202799999976,2.562555756,2.637707784,-0.07515202799999976,-6.033655645,-6.039580873,0.005925228000000615,0.1882361966,4.146743201e-08,322.7842922,323.15,0.09749509577210828,0.09757251022172919,-7.741444962090782e-05,LH,LH,0.07515202799999976
P000055,0.0,90.96022087529249,0.3651933446204097,8.456787638862124,0.5838491947910719,23.233378331636878,28.42879176073325,0.9365971945317306,1.019076563305874,1.718704997992928,24.05372273109572,124.23702235388595,36.200606901997816,0.645843359312076,0.37777664020587803,8.527294223436487,0.2042636785220219,13.502412537526512,0.9128396497371903,1.9139101855224254,0.7979820477421264,2.8526984666280533,8.878855609371257,1614.4986907360712,0.4898019987798423,20.196225713967724,62.859560541128424,47.43422523696129,0.8692763241610255,64.93371008953882,9.965578939836798,3.450205354,3.456088742,-0.005883387999999989,-0.17023255012240623,3.450205354,3.456088742,-0.005883387999999989,3.450205354,3.456088742,-0.005883387999999989,-7.8031652,-7.825403044,0.022237844000000173,0.03226374851,6.646819765e-06,322.5383657,323.15,0.17857779374970528,0.17837118205427396,0.00020661169543131908,LH,LH,0.005883387999999989
P000056,2.2737367544323206e-13,56.456481352007884,0.43571340740538533,3.125027463137388,0.4105523826396249,20.55721220307925,23.59219461310824,1.1892746994992613,0.5158423616283934,3.4555886737236032,92.25204575311942,160.111294444583,38.79681376605648,0.7667765598998325,0.4490817797333155,15.074955412926442,0.2726299819099185,11.476713195165718,0.8465867228299546,1.9313015598884813,0.7726012911274489,2.2138765616769005,10.036943285316093,3302.529826227489,0.5329324109737937,19.262890860847687,87.33122091283906,38.5737699186213,0.9370380901142965,101.95688409511999,10.656508597407226,-9.646679176,-9.63923458,-0.007444595999999137,-0.07723223185630926,-9.646679176,-9.63923458,-0.007444595999999137,-9.646679176,-9.63923458,-0.007444595999999137,-19.62683004,-19.62752244,0.0006923999999983721,0.0278672658,2.378428608e-06,322.6355459,323.15,0.051876668427297115,0.05196923127230929,-9.256284501217571e-05,LH,LH,0.007444595999999137
P000057,2.2737367544323206e-13,64.84675819976712,0.3857455965159407,8.47236586925086,0.7974695009626489,11.620572067488009,17.332244572997897,2.3836690200363497,1.0413913839146731,2.11087273411197,59.01985703786987,14.579413207666178,24.91056464075843,0.8137176858473816,0.14484867082426742,13.513759341177368,0.1838237687425269,13.925962908215052,0.9084501138371309,2.0489365985213466,0.48572573307148714,2.755295862354644,25.8623149268754,2075.2706863519097,0.5268911832208841,13.815101091293855,129.6740941875931,22.0549753678767,1.188848622172887,267.81626949412197,6.290520306659903,5.819370006,5.785576167,0.03379383899999944,0.5841049884150533,5.819370006,5.785576167,0.03379383899999944,5.819370006,5.785576167,0.03379383899999944,-7.247591041,-7.249450369,0.0018593280000001045,4.460525254,4.614566156,322.653266,323.15,0.21725040991058472,0.21776167151911058,-0.0005112616085258537,HL,HL,0.03379383899999944
P000058,4.547473508864641e-13,88.84699690956583,0.5944147956229991,7.520892644513058,0.5947752286834519,24.123101740505792,34.61402831880668,0.3095106374578017,3.789078400889117,1.1622151266023661,65.12956371329483,46.53556573299208,19.788327320558427,0.7023339324910067,0.11895491675271724,17.85206672066776,0.20046318941130395,13.549349262609244,1.027097357100579,2.439953137825646,0.6938398700186864,9.540082272233429,4.264665756568848,1818.9418139883496,0.5549621558715335,80.63400438573395,36.04550437890058,43.46801216133731,3.34260516135614,35.861561850523266,3.6282735652659306,16.46349674,16.57916991,-0.11567317000000088,-0.6977018187758043,16.46349674,16.57916991,-0.11567317000000088,16.46349674,16.57916991,-0.11567317000000088,-5.918197568,-5.927043321,0.008845753000000123,0.2761634791,0.0002706800404,322.3529095,323.15,0.24760335328556088,0.24838912648721534,-0.0007857732016544605,LH,LH,0.11567317000000088
P000059,0.0,89.63347628664039,0.5043312528257823,4.636839437530264,0.5056589429744498,21.89961885632374,15.608728088758175,1.6425362648043662,1.812694111572241,1.272794718175477,31.71999468047766,122.77577132952727,20.405148558568932,0.7793816450374702,0.6300427269603287,17.529640914329644,0.18737675777706397,13.387281692661798,1.2603747863592796,2.0672252085561476,0.6906998521662271,2.93092416949341,2.062761959964568,3475.106885489235,0.38316124942699264,181.83480706891066,127.97394314165268,57.15509824929852,8.303103732620626,140.24785799012997,5.325531192932923,13.27140757,13.32471741,-0.05330984000000072,-0.4000823309017607,13.27140757,13.32471741,-0.05330984000000072,13.27140757,13.32471741,-0.05330984000000072,-6.801066193,-6.821171202,0.020105009000000784,0.195460084,5.230505262e-21,321.8342837,323.15,0.11846581231541363,0.1186203696537004,-0.0001545573382867732,LH,LH,0.05330984000000072
P000060,4.547473508864641e-13,80.55284242184581,0.4737730482873016,6.512556754283024,0.5799989416770671,18.781339274259288,21.962034313134975,2.7536177158886965,1.3700990077018653,3.182253850176106,66.20044302083372,92.20149753267465,19.623570658234005,0.6601705801798565,0.49077138882557075,12.460928596365365,0.2550410430625419,10.231606069936014,1.6343976715309592,1.6538879129025048,0.4529630395828518,20.666319287091433,5.074084671778312,1845.5973766926436,0.2363969306346827,137.6751103993634,33.80259240449942,79.44832119365853,7.33042028520584,43.19512074518879,1.0626969422103563,6.732171608,7.012754917,-0.28058330899999984,-4.001042562029689,6.732171608,7.012754917,-0.28058330899999984,6.732171608,7.012754917,-0.28058330899999984,-4.802690012,-4.804611189,0.0019211769999998296,0.5704126862,3.828430963e-05,322.5462152,323.15,0.16345030891956,0.1653470780915322,-0.0018967691719722068,LH,LH,0.28058330899999984
P000061,4.547473508864641e-13,65.25758804190826,0.5279750276818749,7.638963694886028,0.6879025692965459,16.424798734887208,17.560384707350977,1.8765260335503584,3.2542792688711963,2.371709901231691,77.33032599327598,29.285446133370275,34.44374728434545,0.5983832926134888,0.23662207986196207,17.632274890040826,0.24161884839679956,11.061017510062658,0.971902820839748,2.0619136067419603,0.3743873059365599,19.482247358508836,10.281467582985758,1534.9334287192985,0.4956112055214737,64.80805874443527,34.201493433258,33.14049107829455,3.9457444678928852,49.97539730302387,0.9013531336610153,5.020508592,5.50611777,-0.4856091780000007,-8.819447717697486,5.020508592,5.50611777,-0.4856091780000007,5.020508592,5.50611777,-0.4856091780000007,-8.012187861,-8.008089994,-0.0040978669999987005,2.462376675,2.005494658,322.3116098,323.15,0.20571574818762325,0.20882893710994718,-0.0031131889223239284,LH,LH,0.4856091780000007
P000062,4.547473508864641e-13,57.650537579345965,0.5711178824373576,8.787888815215581,0.5943087624832688,35.962779971820154,17.997826020969132,2.411678435469272,2.7125505816160573,0.7217429925901688,81.58649857364418,143.19032964576658,18.297935853377354,0.9099989687045118,0.10942405664436537,15.226833201983293,0.20578865518261472,10.39759321804316,1.643983872691225,1.8175275538160005,0.5325554256801892,28.172268365149712,14.053746182499005,2086.4588548656197,0.25827177405758156,114.47192545042859,57.10436108483102,139.243942173109,3.1830666466865716,38.10897453172,0.6388490194574891,4.195354915,4.637717106,-0.44236219099999996,-9.538360811781692,4.195354915,4.637717106,-0.44236219099999996,4.195354915,4.637717106,-0.44236219099999996,-6.221460673,-6.21494598,-0.006514692999999738,0.7691921091,0.002134191113,322.3288416,323.15,0.1576867847716977,0.15930708366140767,-0.0016202988897099646,LH,LH,0.44236219099999996
P000063,4.547473508864641e-13,60.72739890476812,0.7416652448036937,5.72919889801425,0.5331718269808504,27.292563102873494,7.40129589309676,2.963422914904116,1.7370281531605385,3.7094233758994983,79.32798639456058,139.42558251813566,30.97071646587274,0.5554031507859455,0.07175225320296136,16.873376654174038,0.27621310771289986,11.993958303214914,0.9058973793470828,1.6784590926251983,0.5348642442948045,7.366326038863511,20.490756203113566,1733.7243451533518,0.43283787161999254,25.494305673571823,70.9169807810206,63.05493324954439,0.9341118156428356,62.36158664648462,1.004747258545,4.353303509,4.844726356,-0.49142284699999994,-10.14345931822119,4.353303509,4.844726356,-0.49142284699999994,4.353303509,4.844726356,-0.49142284699999994,-8.359071703,-8.359800474,0.00072877100000035,1.399727844,0.03778785366,320.7213301,323.15,0.15664572744106314,0.15698497987077825,-0.00033925242971510894,LH,LH,0.49142284699999994
P000064,0.0,64.25505461555719,0.7260517268246833,5.801422635479392,0.44392031182599617,27.135431791619297,33.3077227159345,2.2467582876081975,1.7970373266289268,0.4188223521181721,59.45909883829006,17.361776384055673,39.993769024310076,0.9215111995461875,0.6133429436358742,17.48779126620103,0.1842690589471882,9.690737936289015,1.1810007017084665,1.9809252149896108,0.37811339254203175,19.704371063192564,2.867349175618333,3536.1519782379123,0.39184239250009795,297.8887017746936,43.34829671652005,69.25088329132869,10.977850069321384,38.33950862421115,1.690372283850905,-3.058224745,-2.906265151,-0.15195959400000003,-5.2286899544493775,-3.058224745,-2.906265151,-0.15195959400000003,-3.058224745,-2.906265151,-0.15195959400000003,-13.15672178,-13.16885771,0.012135929999999462,0.6794224111,0.4248434742,322.3587539,323.15,0.07879451412160768,0.07915532615063404,-0.00036081202902636667,LH,LH,0.15195959400000003
P000065,9.094947017729282e-13,85.54943910855675,0.7287341117592014,6.133761115671772,0.6274463132005117,30.001175122183376,16.77423393299084,1.7023615829516856,2.023089963820344,0.4679442013043644,93.20504417988133,134.66537754291812,31.341891122846725,0.8213310343962184,0.50117814126796,13.843748288400544,0.18218334682256002,10.942448241785794,1.411606814294502,2.5829397185749956,0.7910072206011469,2.5741992259512396,29.638007565706975,2429.9675270082726,0.4274585610376902,38.59115972463277,444.31878945399757,70.18499067922069,1.2863216046526729,355.4411086721419,6.516292042933189,-0.4443483679,-0.4660265116,0.02167814370000004,2.167814370000004,-0.4443483679,-0.4660265116,0.02167814370000004,-0.4443483679,-0.4660265116,0.02167814370000004,-12.55280978,-12.55377717,0.0009673899999995683,0.05214557101,0.04311819556,321.3197936,323.15,0.012811596783204648,0.012891600373943823,-8.000359073917496e-05,HL,HL,0.02167814370000004
P000066,0.0,48.17982939383354,0.41831950011714536,6.047903579779003,0.6944106489256847,30.949801464739036,3.963016141400999,0.6656520525941652,2.4698263827013798,3.2578206065181554,75.71247090099969,144.0805608397024,28.64342428787024,0.7238059802392688,0.22936135100314137,9.551471509537066,0.21333106567766724,12.219185763193884,1.0972022599077476,1.8633497106495351,0.673994874881912,30.80027965086663,4.759289652954342,2814.1147660334764,0.39673559944180714,141.6547860963895,21.88863755141385,78.01115278861867,4.576920671293357,16.97352733691799,0.1286681869880195,-0.9325860285,-0.6782697322,-0.2543162963000001,-25.431629630000007,-0.9325860285,-0.6782697322,-0.2543162963000001,-0.9325860285,-0.6782697322,-0.2543162963000001,-7.40003244,-7.394066018,-0.005966422000000193,0.434445688,3.538005631e-10,321.6598514,323.15,0.08870026550790004,0.08956650585692406,-0.0008662403490240222,LH,LH,0.2543162963000001
P000067,0.0,63.2188487983759,0.691182693020161,7.4312578658899735,0.6158093283688277,16.613558383691704,26.774802349703766,1.4119641753451284,2.0093419888942776,1.5888297219467717,85.7038336747681,162.82157101731352,25.076729423846515,0.5878352125245192,0.5359800742659222,13.914894197482878,0.2752399161300709,8.97308553440936,1.605515196345581,2.489650221870356,0.6478632817543588,3.11678328480636,7.8294921842512295,2858.003115697474,0.3622575207839822,26.784760078574074,67.2844566109347,45.86118280646693,1.6122229482677644,97.19934293231175,8.590524237031524,1.734840395,1.741712971,-0.00687257600000013,-0.39458717449030983,1.734840395,1.741712971,-0.00687257600000013,1.734840395,1.741712971,-0.00687257600000013,-7.231165117,-7.232158635,0.0009935180000004706,0.0374109497,2.027322009e-07,322.5982018,323.15,0.13968257345495658,0.13974866571516775,-6.609226021117576e-05,LH,LH,0.00687257600000013
P000068,2.842170943040401e-14,76.10822606553101,0.3507230183384679,9.803371008661257,0.46882100009960176,16.064055080649958,35.46856905682454,0.3900890935727178,0.6617764503930659,0.5455050774816608,28.28281066156758,179.04036836975996,35.42622145148552,0.8244903948045645,0.4407995998596331,13.983745926829837,0.2507789129111845,10.571117336522295,1.0309602036540042,2.376207325177724,0.5090346853042067,7.92928724875811,2.4854777773213503,1356.122436028498,0.5384382748215442,28.888291692609965,9.055190558017001,29.834534118092,1.7983187649429506,13.528624765124686,4.473109365836085,-0.4270734533,-0.3267800735,-0.10029337980000003,-10.029337980000003,-0.4270734533,-0.3267800735,-0.10029337980000003,-0.4270734533,-0.3267800735,-0.10029337980000003,-13.98995515,-13.96776888,-0.02218627000000062,0.1743417672,1.280819728e-18,322.8635741,323.15,0.13758210104423235,0.138077393167125,-0.0004952921228926488,LH,LH,0.10029337980000003
P000069,0.0,61.83183507294723,0.7280948632028188,7.669613392442301,0.4674005913437548,22.861346604353834,14.338535026030177,2.337809295730694,3.553804612469282,1.2540078376870802,34.91199070645844,11.535503562030321,24.764004021888077,0.6114755344108471,0.0805187528758235,13.432132223745372,0.209339819629761,11.533594138950424,0.795758949887684,2.5347061275681813,0.7573968696142934,8.840167472277784,2.89068410740551,2461.7624477340078,0.7441141753855498,53.61582100141811,17.532066237469554,30.722901619914207,2.345260842649017,18.40528456093377,1.6219754966175621,4.326595929,4.450773044,-0.12417711500000017,-2.7900122916265278,4.326595929,4.450773044,-0.12417711500000017,4.326595929,4.450773044,-0.12417711500000017,-5.844399546,-5.846231163,0.0018316169999996745,0.3959943464,0.07801316244,321.4672298,323.15,0.1437160324467168,0.14399143824870222,-0.00027540580198542886,LH,LH,0.12417711500000017
P000070,0.0,51.027595828050565,0.6630857834913808,3.750695208487135,0.5067465904711405,29.6406914630903,22.82229920965196,1.021797108206125,2.3206801047270216,2.6982838997191623,74.27141821082355,175.6069131175107,32.288800377896685,0.5990289584459866,0.3364212513204403,11.200200538848215,0.22211971490353924,12.837357293648136,1.4368802616222227,1.941599127496356,0.5993572810497,7.0263018547157055,4.863560251884932,1711.2290745123346,0.31566939961629226,18.966046219932164,13.128173317627386,93.89789285600583,0.6398651746552336,10.629851871553063,3.2481239322695425,0.9861832634,1.084593987,-0.09841072360000014,-9.073508131112305,0.9861832634,1.084593987,-0.09841072360000014,0.9861832634,1.084593987,-0.09841072360000014,-6.62099215,-6.618699574,-0.0022925760000003237,0.2607427344,3.968255805e-11,322.4692435,323.15,0.07861226486236295,0.07934269896067724,-0.0007304340983142893,LH,LH,0.09841072360000014
P000071,2.842170943040401e-14,71.08664967003261,0.5101624509180173,5.373875367989936,0.5211235161291445,27.93799140585953,7.826409021520421,1.7764547663220531,2.510234580098523,1.8905013805884316,57.41343197167258,7.8515231374603065,29.138041630862627,0.9372556154776759,0.5429849127043245,12.495454360118451,0.25814043685463217,13.394379632938755,1.1788975547369462,2.291140722138525,0.5254347672419957,6.392619165932309,31.909392136227353,3838.97244584078,0.4540139451982533,182.26949594086793,909.8162536327824,61.53553586037959,6.524073019173452,781.5733697522409,1.2242883266422468,0.01336089534,0.2741840672,-0.26082317186,-26.082317185999997,0.01336089534,0.2741840672,-0.26082317186,0.01336089534,0.2741840672,-0.26082317186,-14.08563953,-14.09058461,0.004945080000000601,6.97528265,6.579940932,321.1973354,323.15,0.13723226819679482,0.13805911032879406,-0.0008268421319992392,LH,LH,0.26082317186
P000072,0.0,92.80650416570636,0.6342648132066995,4.222295007034567,0.6781086345612615,31.12463619144485,6.8796852163352575,1.079121089993611,1.4822446393412012,2.30913384880866,50.47489489596045,19.702370905571378,27.851180009678863,0.7942537703889242,0.6520343953353298,14.605120943622657,0.2687460514463811,8.46784367632787,1.4405993846677743,2.465718954738168,0.42843993735116104,5.9858281960583914,3.272089581551861,2148.6242311620936,0.39984700176513743,87.20910074941278,47.671931206873644,77.84136445701517,2.801931569994824,36.7595091530564,1.1493288799811299,0.8832700422,1.367155798,-0.48388575579999993,-35.393607408012464,0.8832700422,1.367155798,-0.48388575579999993,0.8832700422,1.367155798,-0.48388575579999993,-10.07433052,-10.07843453,0.0041040099999989366,1.437415308,0.1482149602,319.8715186,323.15,0.09167912963904234,0.09645320006118846,-0.004774070422146115,LH,LH,0.48388575579999993
P000073,2.2737367544323206e-13,48.45748192214314,0.5525463294057472,5.524640225413343,0.7520056958051247,14.7501760618924,7.2457842343391565,1.2717243643508516,0.8071717511578311,0.6756003618970297,48.818278271468884,103.78565887746525,28.09747912870415,0.7335032389456029,0.2338792322511003,15.568058576256377,0.2709719925741553,9.52001866572592,1.1933326561091515,2.1756393397175806,0.4003088446431723,17.930560990644803,21.775090090246874,1440.9392187892759,0.42591101561372147,39.37414652234382,47.81643966398763,34.63206050361943,2.6694017994855206,77.80209179336876,0.4041024839166836,-1.56745712,-1.103642087,-0.46381503299999993,-42.025855887824605,-1.56745712,-1.103642087,-0.46381503299999993,-1.56745712,-1.103642087,-0.46381503299999993,-9.595978329,-9.584835124,-0.011143204999999767,1.100432596,0.3928498786,322.0184693,323.15,0.0640123600494746,0.06611459479105068,-0.0021022347415760867,LH,LH,0.46381503299999993
P000074,2.842170943040401e-14,94.64678452053886,0.6180877712411441,3.444331926688583,0.7411042559189653,15.06620203202264,19.392585400685828,0.7720778495567578,1.414517210267297,0.6288588448622463,59.42155979351168,85.41854693396182,18.015359553232223,0.8023595866253819,0.41350500200503854,13.044448160730843,0.23570690220780735,9.685441958658252,0.8484694834068374,2.22927097164946,0.6244009455462844,8.175820153980236,9.287823610766633,2838.767145956309,0.6137904530917161,311.00892624537204,353.30963670166943,24.546165480634087,20.642821965637683,562.8114678681036,2.3719437359742965,5.725735123,5.760380701,-0.03464557800000012,-0.6014459772421927,5.725735123,5.760380701,-0.03464557800000012,5.725735123,5.760380701,-0.03464557800000012,-5.798062268,-5.800629656,0.002567388000000115,0.198008458,0.001792313063,321.8713402,323.15,0.05356676348530952,0.05332435361940002,0.00024240986590949587,LH,LH,0.03464557800000012
P000075,2.842170943040401e-14,78.98977824325442,0.5827103192017915,3.9808553996693683,0.5359874999788451,33.708962795557156,24.4250378695732,0.8374901203393141,1.5893520160920447,3.795286691910724,62.35945853320083,169.80567366322833,21.55227485489969,0.5915585713604812,0.6781571906065478,8.745499579379944,0.25227922697631217,11.656954057760066,1.5213325570255614,2.47480240713439,0.5076817757382232,3.7680757582232323,37.25322740016302,1865.8533886686407,0.38002298540266094,24.39875393474839,241.21922884066282,88.70243140645862,0.7238061308123117,171.74249849476035,6.482098406930752,5.204541269,5.198867659,0.0056736099999996625,0.10913164889238551,5.204541269,5.198867659,0.0056736099999996625,5.204541269,5.198867659,0.0056736099999996625,-3.923134708,-3.92726059,0.004125881999999859,0.1767500106,0.1505265585,322.1629205,323.15,0.11752041274845473,0.11812505999910156,-0.0006046472506468226,HL,HL,0.0056736099999996625
P000076,2.2737367544323206e-13,52.239475432778704,0.5774748852022272,8.213624320009874,0.7892444828147782,8.388434991158277,13.162802593836602,2.668792832401341,2.5647036961266463,2.481009823036925,55.31099323619502,27.457371062867118,25.736830881401914,0.6746462080312324,0.017489871576380035,17.302087989469563,0.24017901242251538,11.85099015159697,1.1211363088755013,2.1871335255593825,0.46217206686829354,3.445105204764771,36.600315457231524,2310.8596028529237,0.45573289261032013,13.67931437509515,145.32712112090917,18.406472578951877,1.6307349809009257,415.79280409017235,3.8207258738083585,3.933970024,3.940868207,-0.006898182999999669,-0.17504221500599068,3.933970024,3.940868207,-0.006898182999999669,3.933970024,3.940868207,-0.006898182999999669,-8.254946474,-8.255762365,0.0008158910000002351,4.958953504,5.00206892,322.5076305,323.15,0.19559593693146382,0.19577646840482849,-0.00018053147336466457,LH,LH,0.006898182999999669
P000077,2.2737367544323206e-13,84.67293145276822,0.42813658800376464,9.184956737896762,0.43794822700963887,12.802275469320211,27.150658577557163,0.28787919389038974,0.2771379207982021,2.100627333303912,87.38906960108446,111.33807243244281,24.354515576595773,0.8730899233261177,0.05587658824641219,17.353695559849974,0.2600562762884903,11.930038849215311,1.248356382847616,2.1360362861930007,0.528531050984941,5.647658224751808,16.439945993731293,1767.8208570343086,0.3997270467371901,39.39391822837593,114.67299584766,32.02754372970255,3.077102841817519,214.97365112469157,4.807418844604451,9.315938818,9.346626112,-0.03068729399999981,-0.3283248268656091,9.315938818,9.346626112,-0.03068729399999981,9.315938818,9.346626112,-0.03068729399999981,-11.63537404,-11.63669112,0.0013170799999997485,0.09628918354,0.03564251452,322.7829629,323.15,0.3263774349681557,0.32664086869242254,-0.0002634337242668483,LH,LH,0.03068729399999981
P000078,4.547473508864641e-13,54.36884692825449,0.40483441442900153,5.02802244114395,0.41177441243148777,29.037954137447436,31.949561892084255,2.004371677199546,1.9749095863924828,3.569933811884778,78.56959375078586,84.74033346041311,22.34935594395234,0.5664612609024238,0.2902271373459023,10.592753050521237,0.20807075674241624,13.834555387842013,1.5688311852547017,2.0347123929288036,0.525844375759527,11.319080609804079,3.244909486752908,3221.1661655477947,0.30298443030151473,85.01380536583703,24.371423178807518,95.83975687645182,2.9276788909933216,20.143091125592534,2.8226287092973767,5.567714664,5.677158827,-0.10944416300000004,-1.927798152827688,5.567714664,5.677158827,-0.10944416300000004,5.567714664,5.677158827,-0.10944416300000004,-3.145461718,-3.146679702,0.0012179840000001718,0.2332211099,6.01072156e-08,322.8483007,323.15,0.09301093835634383,0.09355562804540392,-0.0005446896890600877,LH,LH,0.10944416300000004
P000079,2.2737367544323206e-13,87.93849088138475,0.4663451989642917,8.195253372837044,0.6602040942474592,8.076619097669303,19.99867908946109,2.969923052003633,0.30515192666043484,1.6126144390986459,67.14380859448423,137.04883338524758,24.55162580777624,0.6097861903886101,0.48447189199672036,17.39997363469392,0.2388011730404082,8.619504098966837,1.2212587288129566,2.1814788283627324,0.6141223389524463,9.380967936503584,3.4500406395243512,3669.7179250213217,0.41728888476770465,654.832591715447,240.82792615805317,19.354982585182864,81.07756275202013,715.6299136926233,2.13183535268695,6.22494408,6.271548204,-0.046604123999999914,-0.743103975032445,6.22494408,6.271548204,-0.046604123999999914,6.22494408,6.271548204,-0.046604123999999914,-6.695310763,-6.697930568,0.0026198050000001416,0.1526046288,8.934934888e-12,322.6351153,323.15,0.2120092197929609,0.21221242375386626,-0.00020320396090536819,LH,LH,0.046604123999999914
P000080,4.547473508864641e-13,52.69946823782181,0.3982811701956671,4.991883441864342,0.7236017266068737,29.219284094669824,7.101085252869204,2.0838446106249684,0.44612845221221803,1.9092342707258836,33.69024716846915,167.00617800650403,18.958002768963347,0.8151082461130277,0.4944177737836415,15.914141581088092,0.1954244161282151,13.903759169858244,1.4539387870760538,2.312289604321288,0.6124408799002342,2.3493681721733,17.046789535023404,3756.16601906572,0.37152633142313435,22.62597268651585,164.17188203219294,78.64660354690108,0.7743506861156559,134.84673874988565,3.022551057333978,6.394214136,6.428710145,-0.03449600899999972,-0.5365930057809398,6.394214136,6.428710145,-0.03449600899999972,6.394214136,6.428710145,-0.03449600899999972,-5.804650764,-5.811723387,0.007072623,0.1157442356,0.001262735723,322.0993167,323.15,0.1229621134939618,0.12321995317297328,-0.00025783967901148175,LH,LH,0.03449600899999972
P000081,1.4210854715202004e-14,88.73956326861577,0.38395634289815295,3.803465490430762,0.7053619922014971,10.008842361488814,25.417656774937623,2.4223021992437594,1.2170556049645715,0.7779166962378672,58.785953571238714,130.62934633588785,19.19594856815483,0.8031589135955902,0.5256520404889237,17.53938060552759,0.20850050443001608,11.943195015579523,0.9804866290579822,2.424535214637377,0.40918969952345435,28.6819958902192,9.373299825954337,1796.2825193516117,0.5776706674354453,235.23498956331912,76.87498789036952,17.326208384308007,23.50271700435973,184.33697352132393,0.8861885648482801,12.30610412,12.53761303,-0.23150890999999874,-1.846515037958535,12.30610412,12.53761303,-0.23150890999999874,12.30610412,12.53761303,-0.23150890999999874,-5.180156237,-5.190743107,0.010586870000000026,0.4394660355,0.001039075141,322.7126195,323.15,0.0040684279569217306,0.00066339941197874,0.0034050285449429905,LH,LH,0.23150890999999874
P000082,0.0,88.9817890973569,0.44560412434462515,8.76781347810044,0.7451832339563351,35.31798227177564,14.379008299633712,0.7292349795008236,2.7958525607240228,1.5321964494375453,93.92907433871403,172.36550993909017,31.553436369052022,0.5823017209388626,0.25773775383355774,14.323043961528327,0.2526813532864252,8.851499586785067,1.5986612854054443,2.546819437123399,0.5687485002744572,8.899367056555949,38.6490023497819,3814.7730594077925,0.3721647130241727,789.782667240224,3429.941923734668,94.89879356047837,22.36205514694362,2330.784514703631,1.6157338166022768,3.899908084,4.046026768,-0.14611868399999972,-3.6114116979069806,3.899908084,4.046026768,-0.14611868399999972,3.899908084,4.046026768,-0.14611868399999972,-7.876360684,-7.878235741,0.0018750570000003464,0.4776197234,0.1849234001,321.9558528,323.15,0.18236345871741405,0.1824879307096421,-0.00012447199222803684,LH,LH,0.14611868399999972
P000083,9.094947017729282e-13,83.98312054670154,0.5001815586449205,9.084562805042175,0.4303063192092096,27.226979836311088,17.759887143522924,1.5640422656540187,1.9068435411473286,3.7301762838696653,29.811164362214203,115.08653326233251,20.88283010158158,0.9061932416969884,0.38490620745209686,11.79931421682246,0.2269698362656798,8.828719865062993,0.8437135411227116,2.2540559030425675,0.5603459509425694,5.780320742465075,7.717409920427932,1742.566403008347,0.6241128989296945,38.39804026871844,51.265912411708925,43.62508751702338,1.410293778434769,45.189804571718355,3.072474337461946,2.492509235,2.555799842,-0.06329060699999989,-2.476352254191895,2.492509235,2.555799842,-0.06329060699999989,2.492509235,2.555799842,-0.06329060699999989,-6.953912507,-6.959420305,0.005507798000000008,0.1924458584,4.527525646e-05,321.8218854,323.15,0.2142422264471332,0.21559963848080832,-0.0013574120336751205,LH,LH,0.06329060699999989
P000084,0.0,80.35046207083627,0.6371227260176722,6.671271227929781,0.7163526160024498,8.54098312082528,27.05155387549317,2.2599565683302494,0.4745827802021101,0.715607680808118,86.35244020520832,173.22930938062487,22.898677907477555,0.6007683391099106,0.3081444159866749,12.249621861254269,0.19166239806898006,10.05404425271857,0.9618797587134181,2.4011708637894262,0.429115254942618,3.33701759597229,2.0198491044817715,2947.741228279443,0.5831708052654853,68.29370075113346,41.33720195854444,14.645765946628696,7.995999966867342,116.1567506890477,8.10650621325576,6.162852458,6.19153936,-0.028686902000000458,-0.46332422895233694,6.162852458,6.19153936,-0.028686902000000458,6.162852458,6.19153936,-0.028686902000000458,-3.03628841,-3.038081913,0.0017935030000000296,0.1123549258,2.0537275080000002e-20,322.6443561,323.15,0.10533685732310037,0.10556743840106961,-0.00023058107796923577,LH,LH,0.028686902000000458
P000085,9.094947017729282e-13,67.83398995306834,0.37931654081682287,6.075746107544497,0.6475097710905193,26.094285908449795,11.513206175036927,0.5867927922005227,2.782822584145474,3.053999839737342,27.785553696953585,83.39649252543893,37.53708501000721,0.7995337551672307,0.1258528559983916,13.171884058683021,0.18166440811945606,9.724750337672504,1.2295300104756592,1.9656305380802461,0.4031074010293089,18.396266357407914,8.064206975203843,2878.101278770585,0.3734704562902155,196.06681195341577,85.94805716780786,69.86974597040819,7.513783386956983,79.05000271953917,0.6258447204098414,-0.8639373729,-0.5021862315,-0.3617511414,-36.17511414,-0.8639373729,-0.5021862315,-0.3617511414,-0.8639373729,-0.5021862315,-0.3617511414,-9.001412553,-9.011032823,0.009620270000000986,0.6321375186,0.01038846602,322.2474294,323.15,0.12023531302999484,0.12203812222041831,-0.001802809190423471,LH,LH,0.3617511414
P000086,0.0,75.07300269466141,0.4241249382129632,7.835590074275341,0.4709084490076305,35.35368982058764,34.48378346080835,1.5976406808229546,3.9760496792661266,3.2992502306668188,52.168666822386726,36.963366004644925,30.685893729743647,0.6898651632004491,0.10476175136795818,14.919679816139887,0.24174583892980966,8.157628848312502,1.6790307176092987,2.0148923795766907,0.5847170509507309,17.710965167762836,28.756986157096122,2097.165757338395,0.28034105786488145,126.23098233770418,204.959050921138,126.10956843013477,3.5705179000635923,139.13730779079253,1.9470301665758498,-1.136119819,-1.079823143,-0.05629667599999988,-5.213508931063897,-1.136119819,-1.079823143,-0.05629667599999988,-1.136119819,-1.079823143,-0.05629667599999988,-10.46540051,-10.46634193,0.0009414200000001927,2.422474647,2.422605295,322.7163955,323.15,0.15097625790746738,0.15162510447638974,-0.0006488465689223621,LH,LH,0.05629667599999988
P000087,0.0,78.84435929446846,0.5053848647306255,3.292216074167122,0.6663086000104903,18.923515118279674,22.303568873272273,1.4956934680414204,3.4966443006875783,2.4008773697610413,94.71827626788615,141.8621766803373,25.231653604927168,0.742125439857821,0.0011962135137860363,12.724812857635767,0.23964184567130928,12.310725328143686,1.2065263353572182,2.1042681941547077,0.35198722420844925,2.6923012855452995,32.20635545287525,3263.764323136076,0.40743448071252414,70.09855437996599,838.5461802565796,46.44554158790417,3.7043093707390766,1063.4973576720704,8.284202437898738,6.824288346,6.824126192,0.0001621540000007471,0.002376187008247914,6.824288346,6.824126192,0.0001621540000007471,6.824288346,6.824126192,0.0001621540000007471,-6.231781545,-6.232978966,0.0011974210000005314,0.5166190958,0.5186859988,322.4201275,323.15,0.11966037436134071,0.11988152976626534,-0.00022115540492463615,HL,HL,0.0001621540000007471
P000088,2.842170943040401e-14,54.93593659148018,0.3811014443094626,4.780344479742475,0.49110106402882137,30.765888842261433,35.03225380819518,2.7750719122866174,2.164211065334412,1.944263403787331,80.85700328821783,65.91079915600368,27.912789378317527,0.8442292292068456,0.40379123759385005,8.938755733640292,0.19614701886342267,9.184058898898952,1.0873976640585041,2.4163658825135896,0.5220916590110983,9.851702425085652,21.287272690536188,3406.97512221981,0.5191200398188551,85.37706899940845,184.48029293711943,59.26546170900485,2.7750561486177707,143.91025896215984,3.5559593963162777,-1.815532912,-1.806339097,-0.00919381500000016,-0.508975032166962,-1.815532912,-1.806339097,-0.00919381500000016,-1.815532912,-1.806339097,-0.00919381500000016,-6.289204765,-6.290799578,0.0015948129999996397,0.5233669237,0.530457682,322.7925103,323.15,0.06122771243958225,0.061261624339932666,-3.39119003504168e-05,LH,LH,0.00919381500000016
P000089,1.8189894035458565e-12,87.64931341524544,0.7089131182487612,7.87719597005114,0.5040063519300775,28.06100520693615,8.30021132694686,1.513932826960778,0.9905758737823795,3.387870870555244,35.83175755731928,15.561407068416994,26.97752389896849,0.6912141483485911,0.5498550897584177,17.937441036571865,0.20287646268582496,13.788523460669293,1.537799530258314,2.5591302213371807,0.5554240129577964,18.68561258501051,2.3743639456502725,2273.2020316051276,0.3887641026813031,256.1793725327422,32.55248191589918,72.18003157544538,9.12937261668087,27.84146755328878,0.444203329657238,14.05720412,14.85373342,-0.7965292999999996,-5.362485494236099,14.05720412,14.85373342,-0.7965292999999996,14.05720412,14.85373342,-0.7965292999999996,-8.106973407,-8.128292791,0.021319383999999886,1.597756277,0.05125475908,320.5131593,323.15,0.34061974605845136,0.345004894120927,-0.004385148062475641,LH,LH,0.7965292999999996
P000090,2.2737367544323206e-13,91.4154428133732,0.6294166842654738,6.871411509516138,0.7618712060891837,9.568416269357666,27.45755301366633,0.33004366799789003,0.6284153712126666,1.4827824451492988,56.11975692146606,104.70893382027413,36.96302358847879,0.6981543004240399,0.3094854396948045,12.114997051735497,0.23998568437891693,9.0446762111127,1.0498077181203038,2.1414558368626393,0.6087820024330246,15.067907521671206,37.81395160330918,2423.6999339721137,0.47653286293283587,290.40727886222993,728.7970657074422,20.079236950141404,30.350610873007636,1828.0067552028447,1.8222538845673089,-1.151508017,-1.127448003,-0.02406001400000002,-2.1340242686118818,-1.151508017,-1.127448003,-0.02406001400000002,-1.151508017,-1.127448003,-0.02406001400000002,-11.43839269,-11.44123921,0.0028465200000002966,0.7276138243,0.673681445,322.6094787,323.15,0.1374092066190533,0.1374888757962279,-7.966917717461275e-05,LH,LH,0.02406001400000002
P000091,2.842170943040401e-14,50.36249080595593,0.5486915243905933,9.600367896795436,0.5257044763457099,15.51804318884974,16.617436082717187,0.8535485491137194,2.3064843167171025,2.2811107380620945,68.81798848289522,68.36335052176555,20.73021208173562,0.7712028058096075,0.4868087288809465,11.658149013074144,0.24938824563132878,11.592978382094781,0.8949946387256134,2.1717944703390373,0.621979475739284,5.441278422734284,3.3296776379447817,3582.191972784474,0.5668808475135622,42.122745576723574,25.776141762871724,27.374435486601058,2.7144366763323777,39.86503934680546,3.0539580575931637,2.537091829,2.59849725,-0.061405420999999905,-2.3631127952896587,2.537091829,2.59849725,-0.061405420999999905,2.537091829,2.59849725,-0.061405420999999905,-6.751254705,-6.753159867,0.0019051619999999048,0.1369826868,3.575955001e-07,322.4352213,323.15,0.1713304002600288,0.17141817139603863,-8.777113600982878e-05,LH,LH,0.061405420999999905
P000092,1.4210854715202004e-14,50.7576938319509,0.450201843049585,3.5289157918764564,0.5975629016720878,19.248692137679118,26.54189343977689,0.6249591411243567,1.3140893578745279,2.195594580816015,31.32560569026915,129.61998701052568,33.36735208647822,0.7918541447067518,0.3718132140329062,13.969750047993285,0.23282889078263708,10.52535819406862,0.727412542529765,1.9574473875462568,0.6359511802358275,5.719709423955111,6.154706779266217,2495.1696999108644,0.6286411525925973,24.112404829649524,25.946209932957622,30.61952285225844,1.252677566724117,32.350719411841816,4.640426894522814,-5.75045615,-5.72387301,-0.026583139999999617,-0.464425747279107,-5.75045615,-5.72387301,-0.026583139999999617,-5.75045615,-5.72387301,-0.026583139999999617,-13.25091161,-13.2550637,0.004152089999999831,0.07200347601,2.611593053e-07,322.7077991,323.15,0.06238766708048003,0.06253256174476905,-0.0001448946642890192,LH,LH,0.026583139999999617
P000093,0.0,70.65766508761374,0.6973204563557931,6.904035344393646,0.43144991269043564,26.871318719832434,7.527484227698645,0.906691877851309,1.6843749787529807,1.220275924680931,75.26136564327388,179.77060771711348,21.200939632133256,0.6579846274268548,0.4660224274562574,11.859189030094779,0.21510829735662915,10.333933309936985,1.1602824801054434,1.7193608399501117,0.3939468737161095,31.5157543765567,4.70414886824607,3900.7827886616355,0.34617586933242084,923.7857168888931,137.88740331842754,77.62331548889338,34.378131066827436,123.15352715458012,0.23884829592713278,5.664503354,5.851640572,-0.18713721800000016,-3.198029948993254,5.664503354,5.851640572,-0.18713721800000016,5.664503354,5.851640572,-0.18713721800000016,-3.591935874,-3.594030415,0.002094541000000394,0.3684057049,2.288986813e-08,320.4728654,323.15,0.11169220381183784,0.11265230915377354,-0.0009601053419357047,LH,LH,0.18713721800000016
P000094,0.0,76.92199239387132,0.5338931257807495,7.3922051647555485,0.7668891119479826,21.186887769198425,12.984224431470778,1.165357229231625,3.7233249527690884,1.5588182616443185,40.35731198724508,31.34737464141225,22.09777111204466,0.897845726804344,0.6097947659323912,10.81437639293635,0.19407003317384522,13.480977124841118,1.2766324360820605,2.408816556031186,0.5123472774288398,4.920919236550741,7.092342572996683,2954.9870597427207,0.4407896088276379,85.64359509134752,123.4350100808834,48.06576050090859,4.042292385003167,139.82422875001058,2.638577023379866,6.814179115,6.931222251,-0.11704313600000038,-1.6886363149459536,6.814179115,6.931222251,-0.11704313600000038,6.814179115,6.931222251,-0.11704313600000038,-5.442861939,-5.449222536,0.006360596999999579,0.4092619039,0.1910801497,321.756719,323.15,0.2060791708780616,0.20646539256005894,-0.00038622168199733964,LH,LH,0.11704313600000038
P000095,4.547473508864641e-13,48.73522702131008,0.7380093455881797,8.300212856171235,0.41976962195980266,22.288087814353908,6.968214893466545,2.1520894698137196,3.34345026720473,2.1463811842560516,90.96186447180062,128.74301714108785,25.58035471554456,0.8185960597263836,0.531948876420072,9.811754776467108,0.25361070848570916,10.595239121134298,1.6208396012539916,1.6463728896835808,0.4315666055754206,14.750325368546804,30.11115646621336,1297.681506012735,0.2372912160861761,30.097606270347825,61.4409315741225,93.92715070523147,1.3503897921186605,66.16011073095666,0.47241092785148847,-0.5289153159,-0.04094033529,-0.48797498060999994,-48.79749806099999,-0.5289153159,-0.04094033529,-0.48797498060999994,-0.5289153159,-0.04094033529,-0.48797498060999994,-6.976777632,-6.975999482,-0.000778150000000366,1.285372085,0.3578772921,321.5085975,323.15,0.12442428261693368,0.12214424281281,0.002280039804123682,LH,LH,0.48797498060999994
P000096,4.547473508864641e-13,92.07026428170508,0.5063085542024189,4.600141900803922,0.5495474615028817,10.123115872627924,31.053682696588,0.537327343458169,2.0987933973916837,3.8153172695879674,84.05631803108841,45.34722799116906,22.697804752050843,0.59012019819058,0.6417977831245795,8.013319389640545,0.18621951973183037,12.131708935842498,0.8059956901983389,2.5111397327489158,0.5439204989077916,30.709851374017507,12.516636249989878,3185.7329282490437,0.7278328535210601,1560.0987197796642,635.8607194718693,13.908572309775526,154.11250245569582,1507.5059358540418,1.0111961246045431,6.498122499,6.539782496,-0.041659997000000004,-0.6370241980598127,6.498122499,6.539782496,-0.041659997000000004,6.498122499,6.539782496,-0.041659997000000004,-2.306928202,-2.310615692,0.0036874899999999045,0.3294678277,0.2634579922,322.5934259,323.15,0.06302788517211462,0.06342713737038558,-0.0003992521982709579,LH,LH,0.041659997000000004
P000097,2.842170943040401e-14,72.48473358848571,0.47126165030496064,4.05170575712534,0.6614766476465659,20.673006301972258,24.943381286683344,1.2056571886910405,2.3963822460729363,2.4922065568470506,83.6026323535392,11.050289151881383,31.31092542247001,0.9142478866451049,0.43764127993481283,15.888309944744893,0.2699758733478717,10.21481845230965,1.6506796568944937,1.6913322647191256,0.7433728503420147,12.006011095970793,3.075635561149421,1389.588733209099,0.23936443874425334,41.63225203446783,10.665127145427727,86.36623890510376,2.013846047659552,12.381510833566859,2.0775743989653916,-7.136052985,-7.036693905,-0.09935908000000016,-1.412013672065506,-7.136052985,-7.036693905,-0.09935908000000016,-7.136052985,-7.036693905,-0.09935908000000016,-19.95908245,-19.9576982,-0.001384250000000975,0.3771230492,0.1764895497,322.6544224,323.15,0.09177475915879713,0.09245565038141446,-0.0006808912226173303,LH,LH,0.09935908000000016
P000098,4.547473508864641e-13,61.71447041465435,0.39538876048024046,7.0922149940521555,0.36744447895885796,17.533989835832546,13.600912825717245,2.3288152501891495,3.6521645170370673,3.171867325665865,47.623072683078036,76.42492915353498,37.76980771442544,0.8012609173868419,0.13871303295003867,15.931995404370333,0.2638141148670357,8.111179451034157,0.8998365566527539,2.3258330118320654,0.360259584841353,12.554474697452992,2.188096033505063,1990.9836014249126,0.6038212496879763,53.757545186870786,9.369302517948029,29.03837823675998,3.0659048904552004,12.824420598854292,1.0833518051118898,-4.877861431,-4.540927767,-0.336933664,-7.419930051488088,-4.877861431,-4.540927767,-0.336933664,-4.877861431,-4.540927767,-0.336933664,-13.55056379,-13.52967919,-0.020884600000000475,0.7380029751,4.32633101e-07,322.3688465,323.15,0.12269155508143104,0.12458536154367762,-0.0018938064622465861,LH,LH,0.336933664
P000099,8.526512829121202e-14,79.26060412786903,0.3554133465706424,4.362272602971382,0.47699639636714064,32.16889341757769,28.714399574708203,0.34781730794697324,0.7822714864635838,1.5519893315442541,25.23592037789452,118.79070168691209,35.98293283861091,0.6490580630573237,0.48291590967265585,15.594563277243154,0.1911287081059079,10.856533087318804,1.1886074767006982,2.5847363407529973,0.7119018800369372,3.5361456311731874,8.402797594526094,2232.909339957695,0.5080088593827882,33.40254553031018,79.37309672962172,63.32348899714406,1.0383492244112567,59.21727853001055,8.120253680044739,1.193363848,1.214748419,-0.02138457100000002,-1.7604115111838659,1.193363848,1.214748419,-0.02138457100000002,1.193363848,1.214748419,-0.02138457100000002,-10.09921656,-10.11696123,0.01774466999999902,0.0655076136,1.968371755e-05,322.5983279,323.15,0.07752463741087279,0.07836223443567611,-0.0008375970248033215,LH,LH,0.02138457100000002
P000100,1.4210854715202004e-14,92.63106071774041,0.6387438930311802,4.384465772926303,0.5465961058787714,15.930008586589658,23.023793247255288,2.0167296492253897,0.31152889895017233,3.3994750306686323,69.64283859317894,117.59644057659256,27.596545574500677,0.6986794103236504,0.45664510247435647,10.408726256012073,0.24907566608540427,12.069784037188642,1.5660391505321276,1.899949765535897,0.6779112560070981,2.0594854555379434,18.134555111821477,2982.44361703754,0.28342163453022223,84.02593062552259,739.8803743203001,56.20604303194428,5.274694622340509,1114.6967615972078,11.179391039322201,4.801062752,4.789725228,0.011337523999999988,0.23670510228274805,4.801062752,4.789725228,0.011337523999999988,4.801062752,4.789725228,0.011337523999999988,-8.259458088,-8.261269756,0.0018116680000002106,0.02295953142,0.01421269532,322.3602729,323.15,0.11719352896097032,0.11728564706898284,-9.211810801251774e-05,HL,HL,0.011337523999999988
P000101,4.547473508864641e-13,64.71783908442181,0.603200413057509,5.8477401112454555,0.6225089796617256,15.575113222971936,21.608632557812914,1.0637106312919096,3.2220466115763693,3.271212622227054,34.24273544689757,165.70760361318358,35.173401904157956,0.8964410017052871,0.0878513663220334,10.500490821091638,0.18465743683214192,9.488262939636188,1.002458301379163,1.8045028825473075,0.7610193523103543,2.023711993969594,23.228028212486958,3799.7749263196924,0.4205181630149768,38.45798525590839,441.4181312269624,37.03790844919397,2.4691945866041096,680.1899284957888,10.677721247985835,-6.644546983,-6.649429497,0.004882514000000171,0.07342756250296358,-6.644546983,-6.649429497,0.004882514000000171,-6.644546983,-6.649429497,0.004882514000000171,-12.93612815,-12.93851229,0.002384140000000201,0.01043036519,0.005053290919,322.4243241,323.15,0.11181857432313068,0.11162000060483128,0.00019857371829939963,HL,HL,0.004882514000000171
P000102,5.684341886080802e-14,46.48871131442078,0.7057738873060564,5.60039879287981,0.6643112625417978,35.54698422443083,26.850981197716855,0.4368900573275384,0.5974252809694348,3.324801479388708,45.70828007792544,97.09823904778123,22.873126654661228,0.7145925897933338,0.007550654996665318,9.009416257422467,0.2736495168604384,13.681951444768295,1.072647856351143,2.42244026214317,0.44016169673289385,27.511146086907104,2.0417903336071506,1671.5581338259865,0.5275813100159698,65.61371004752456,4.869642235330056,67.37726213871154,1.8458305670394788,3.2878010947437177,0.9760037300116541,1.205850964,1.732524168,-0.5266732040000002,-30.399183672455422,1.205850964,1.732524168,-0.5266732040000002,1.205850964,1.732524168,-0.5266732040000002,-6.571568501,-6.52273284,-0.04883566100000003,0.9526350425,1.297750123e-09,322.446552,323.15,0.09446890162757077,0.09470804619481717,-0.00023914456724639932,LH,LH,0.5266732040000002
P000103,0.0,59.705250587144064,0.642634312051527,5.782905525779447,0.4349753257671009,29.456907344173118,35.32573485250643,1.3058248895870002,1.8325037582941515,3.5925810971405956,48.36351924682923,115.72861987555846,21.94409976049507,0.8357883896129465,0.1414280850829502,16.4478583306595,0.24309657149410163,11.10894472659745,0.9889315288078877,2.3987229381748874,0.4713056773771931,9.117707930662172,11.397315671616054,1222.8318141487828,0.5666401712464804,21.494992024409452,26.869166168088903,51.98520831901942,0.7297097340621327,21.891639217234175,3.874409568846642,3.835981338,3.946685466,-0.11070412800000007,-2.8049898821098522,3.835981338,3.946685466,-0.11070412800000007,3.835981338,3.946685466,-0.11070412800000007,-8.331021484,-8.324693531,-0.0063279530000013295,0.2543771796,0.00439878395,322.5247421,323.15,0.15883538848256346,0.15934582064253808,-0.000510432159974622,LH,LH,0.11070412800000007
P000104,9.094947017729282e-13,85.9349590747868,0.6582095800119385,8.413186789298772,0.4971731998717118,32.74803749181598,21.81799232627476,0.4664924242587927,0.3746572887393756,2.8213091004574586,76.66243231342648,18.65411159843066,22.21414953148485,0.8095180871013681,0.6920369870355424,16.607062787686324,0.26411099302208235,9.828709292596663,1.4973756338196889,1.8530462843743423,0.4492626908585357,4.672454180075722,10.16926712366442,2696.3930795183223,0.28910060485539757,96.01126569761936,208.9617511764207,113.27557584390354,2.9318173866636568,153.14145250650242,4.669493051277214,7.311711228,7.311344388,0.0003668399999998684,0.005017408297740117,7.311711228,7.311344388,0.0003668399999998684,7.311711228,7.311344388,0.0003668399999998684,-8.70325138,-8.706875582,0.00362420200000102,2.070865707,2.145488582,321.8402492,323.15,0.2840864524860284,0.28459359319190736,-0.0005071407058789834,HL,HL,0.0003668399999998684
P000105,4.547473508864641e-13,74.2329924170502,0.6734421789753744,3.346139140866909,0.5996151290751723,24.050150094286682,14.11194698708879,2.5728428589826957,1.448968649257078,2.5872246671756054,28.828681662730176,93.26985090383316,26.824853036361034,0.8396549643643363,0.2988160282937301,9.715905613736242,0.21821783694997998,8.709012544842796,1.4933354141048674,2.2602478781101145,0.5712048931508098,10.046395007737528,11.00951528604164,3426.363658269814,0.353583671293525,237.29056519780565,260.03895952395294,68.01827133674851,9.866489991435689,259.496718486487,1.4046776954539473,-1.63588576,-1.565314675,-0.07057108500000009,-4.5084279938792555,-1.63588576,-1.565314675,-0.07057108500000009,-1.63588576,-1.565314675,-0.07057108500000009,-7.541098339,-7.548193099,0.007094759999999312,0.2906084034,0.005571696173,321.8236291,323.15,0.059995672661450304,0.06015897731185854,-0.00016330465040823722,LH,LH,0.07057108500000009
P000106,5.684341886080802e-14,62.98886949879891,0.5694391046630249,8.321565842777378,0.440263123686857,20.896678746279193,3.3934636020928233,0.9551313006124512,1.2578503268695596,1.9211871494531017,90.60617765564892,107.4261448954407,38.50234389899572,0.6172329295122501,0.19755520658467304,15.715852114740818,0.25161184814544757,9.820758169777736,0.7336034207873765,2.3091860749387942,0.5782817599814142,15.876806498763802,19.947676640228686,1273.350786255753,0.7353448872277127,41.21888481852066,51.78755475130978,28.417520960893228,1.9725089005285101,59.478414207460716,0.2137371644831122,-1.624308219,-1.110115802,-0.5141924170000001,-46.3188089092709,-1.624308219,-1.110115802,-0.5141924170000001,-1.624308219,-1.110115802,-0.5141924170000001,-11.31382339,-11.31330153,-0.000521859999999208,1.275492589,0.1014651614,320.0796301,323.15,0.14872634157483444,0.15130725531666334,-0.002580913741828894,LH,LH,0.5141924170000001
P000107,4.547473508864641e-13,51.088364158418905,0.36849145953299156,3.985048796779555,0.7376341958006245,35.21346678944096,33.65241845963756,1.9104450557957249,2.960730152185735,1.8984066401293496,32.064009369502344,48.34499751130798,18.701257259505688,0.8488916085505005,0.1824126809517719,13.351281132098643,0.25569069523907695,13.810104418282139,1.0449964925039938,2.110385890356282,0.6577209092159875,2.012689194017513,7.466909910717355,1468.0305702926105,0.4717810980762298,4.723469647113314,17.523680469810344,74.63941843585943,0.1341381601350789,11.94339466177068,16.72012676356861,3.180407752,3.242297539,-0.06188978700000014,-1.9088250308788253,3.180407752,3.242297539,-0.06188978700000014,3.180407752,3.242297539,-0.06188978700000014,-7.748317688,-7.748447088,0.00012939999999961316,0.1219373032,0.01402411866,322.793523,323.15,0.08407104560911394,0.08414283855620235,-7.179294708840878e-05,LH,LH,0.06188978700000014
P000108,0.0,68.7896495695754,0.6984923808479874,7.332257293883126,0.5586877757915005,16.6681935645784,5.45858870801948,2.5444293883091404,3.3735377017543478,2.325800840168937,70.95195743863343,78.35827361340395,36.33197622144279,0.6156063868903482,0.5842958661098064,8.872765723901566,0.24685991922600029,13.307188139311169,0.7792357215376061,1.843759828675091,0.3643296482928187,13.621119648475847,8.497610044349324,1403.443012079782,0.552750304296764,44.08642971552258,27.50356047360944,30.155014723663502,2.644943469411749,39.601499035226894,0.40074449449757793,3.041809158,3.777313326,-0.7355041679999998,-19.471621878369955,3.041809158,3.777313326,-0.7355041679999998,3.041809158,3.777313326,-0.7355041679999998,-6.078032522,-6.076263026,-0.0017694959999996485,1.568360626,0.02471941977,319.9708919,323.15,0.16916724246920564,0.17300426412307837,-0.0038370216538727298,LH,LH,0.7355041679999998
P000109,4.547473508864641e-13,73.49010144594499,0.6299019656054172,6.2438642976653895,0.774536134902793,27.430340400111422,21.176323348493394,0.30174415700489,1.4069560247589559,1.337997440630229,95.1761928219997,128.16928157430203,32.71076762827166,0.9467338570200204,0.2547102018266468,8.455420088714728,0.2594539369325982,12.654186469740273,1.6586640937429595,2.4059926691229814,0.4604034840288618,28.730204956338433,6.401474581789622,1338.6606703167708,0.3388670574586578,97.25628399105429,21.6700030798316,80.94720273438783,3.5455733531713385,18.960029891347823,0.7370752621039515,-0.2899221786,0.1581979276,-0.44812010620000003,-44.81201062,-0.2899221786,0.1581979276,-0.44812010620000003,-0.2899221786,0.1581979276,-0.44812010620000003,-10.31532344,-10.31158783,-0.0037356099999996673,0.8111980875,1.098460765e-05,322.2966974,323.15,0.13845420982343862,0.1398129019380038,-0.0013586921145651853,LH,LH,0.44812010620000003
P000110,5.684341886080802e-14,78.20374872462617,0.7469011656388485,8.134252893425304,0.6334895695226694,33.9986372058505,14.699883285931058,1.9241045356747184,2.910417656526926,1.9631396692377219,61.743186242908116,97.83287633893383,30.85062969278188,0.7129008660589442,0.40596954805997554,17.186220154359162,0.2545011282551912,12.57277738179665,1.2555110173550363,1.6693429489108038,0.7588286607450893,5.510191030371392,3.020145540372969,2335.462037813976,0.3106122174396446,55.36860727802352,30.347632491448145,109.4568574478459,1.6285537253386044,21.422716898470913,2.6677629150981126,5.09775925,5.231599163,-0.1338399130000001,-2.558298310516036,5.09775925,5.231599163,-0.1338399130000001,5.09775925,5.231599163,-0.1338399130000001,-13.79864583,-13.80284143,0.004195600000000965,0.4439836864,9.279833331e-12,321.1349574,323.15,0.27759341622089767,0.2784012529780785,-0.0008078367571808243,LH,LH,0.1338399130000001
P000111,0.0,92.27582312319964,0.5171791453549824,6.202722518277002,0.566196887896804,15.269159521444248,15.457110489732388,1.045268670096771,0.9708739079577289,0.7542547029227498,27.045031759790405,14.276900324509938,18.108055918231887,0.9481175393134147,0.08448222046778196,12.145048337638027,0.21289087692857928,10.998857042866575,1.1310420882555348,1.6161543402599947,0.4343238890127489,9.813201499044816,21.253167961864236,3034.9188855974817,0.3338086310629695,418.7999834495235,907.0257439985371,45.742254994490786,27.42783470572524,1425.6592070698262,1.575134321988286,7.020771799,7.124346951,-0.10357515199999945,-1.4538195951484543,7.020771799,7.124346951,-0.10357515199999945,7.020771799,7.124346951,-0.10357515199999945,-5.680044382,-5.705593925,0.025549542999999453,4.078236891,4.008260145,322.0880654,323.15,0.09448355467260555,0.09499405147598021,-0.0005104968033746576,LH,LH,0.10357515199999945
P000112,2.842170943040401e-14,45.14441168112914,0.5423396512407315,4.559891481179092,0.3876731271143778,12.85950865905618,19.41349709200503,1.8096998442674423,3.762438912833078,3.6829391651754912,71.81067385345514,158.83416699869423,31.18406712409442,0.773508192795364,0.33244437581461067,17.607436461654437,0.19185713336364635,13.875513188927231,1.3547200008916047,1.7349500544683367,0.3661734963268021,21.863756777847108,3.0877272847627406,2771.4179771343943,0.29917887805589494,88.01442413626452,12.42991045041183,42.98267559066675,6.844306922588466,23.198230874847354,0.8879305276426812,3.09054671,3.491969994,-0.40142328400000027,-11.49561092133486,3.09054671,3.491969994,-0.40142328400000027,3.09054671,3.491969994,-0.40142328400000027,-8.167471279,-8.158767842,-0.008703437000001202,0.7474181411,2.690480786e-09,322.7388885,323.15,0.11297421864876872,0.11416717179785685,-0.0011929531490881273,LH,LH,0.40142328400000027
P000113,4.547473508864641e-13,63.400058790600795,0.700479268430957,5.9656756767081776,0.7254654528372182,16.796897025905132,29.84673318970347,1.6736744656519722,1.9469386537643392,0.8584606908919385,30.66177529748137,8.768399903160137,28.275648347337583,0.9299426086791251,0.6900997881788172,13.55443310956256,0.20253583032385764,8.366826430414463,1.3028337815488977,2.0515296914024104,0.37905909325730214,23.087217029744373,2.7590180311276513,2654.7902895832517,0.36785976651309676,171.48416687506474,20.493067997396707,45.66114197570752,10.2092765473642,29.28121969069568,1.2927817653920994,-0.9268133425,-0.8470223155,-0.07979102700000007,-7.979102700000007,-0.9268133425,-0.8470223155,-0.07979102700000007,-0.9268133425,-0.8470223155,-0.07979102700000007,-7.824983182,-7.84401958,0.0190363979999999,1.584943488,1.945985343,322.5439722,323.15,0.119649774792649,0.12038530678575649,-0.0007355319931074827,LH,LH,0.07979102700000007
P000114,0.0,72.86406710569865,0.5564637535265523,8.262738126564017,0.7782904842564115,25.850619004186605,28.213785835641588,2.897033614270518,2.504642065970029,1.7377836596260956,41.01124367538648,163.66216554383647,20.597952646117662,0.7458235258813034,0.6362280215983428,17.289891509422645,0.2713129475144159,9.77134221421953,0.7635980833334518,1.7430930956942543,0.7070315886676604,29.631764369560834,16.834534539834834,2988.361525836421,0.5332725732856781,437.48323123968976,248.54498959463274,48.47543320090875,16.923510851668105,230.75191156177416,0.9521466721915532,5.374617138,5.498186359,-0.12356922100000034,-2.247454213655917,5.374617138,5.498186359,-0.12356922100000034,5.374617138,5.498186359,-0.12356922100000034,-9.265131223,-9.296256433,0.03112521000000079,0.2588648694,0.0007218116289,322.1807941,323.15,0.2473261238613349,0.24878074121590368,-0.0014546173545687824,LH,LH,0.12356922100000034
P000115,2.2737367544323206e-13,58.76388539205891,0.5455848717064143,3.5151517089574646,0.48652805844252645,12.351422376603121,32.05927933792303,1.716754651476738,0.846795386493723,3.9503568976888066,79.49996585264905,156.52599775783816,23.39010215534503,0.7638328312766183,0.044078161588112466,14.677323573469476,0.223440055293199,13.106503143549855,1.5251673371469638,2.5629045171896467,0.5952864188231466,3.9326924314126774,3.3706730003567147,2542.8210228877397,0.39256215193563854,22.607887572580847,19.37700381227751,31.46360981490688,1.830387374283807,37.65137951849052,8.15199253362585,3.934842696,3.982144661,-0.047301964999999946,-1.1878514977936896,3.934842696,3.982144661,-0.047301964999999946,3.934842696,3.982144661,-0.047301964999999946,-7.867875991,-7.868826878,0.0009508870000001224,0.104305134,3.035058001e-13,322.895933,323.15,0.10957009794608402,0.11000415926383753,-0.00043406131775350354,LH,LH,0.047301964999999946
P000116,9.094947017729282e-13,93.3407477157746,0.55596843560975,7.801395908384692,0.4366239337187394,28.680103283127732,15.973857414292093,1.0346858521336588,2.9338203012747575,3.209511216372963,69.51953153650359,20.397212860826365,22.004758428004166,0.7699725364607498,0.24804181821117333,16.406786486031883,0.22845358906292612,8.727367694714378,1.6928440009772994,1.7815701589330766,0.6755919040064563,14.11207991339373,15.62331022349083,3790.807379568671,0.24585524957437366,1655.2124736398962,1832.4653856958525,116.65442707763584,57.71291885875614,1533.4383151462723,1.1319279307036345,4.652901067,4.728068468,-0.07516740099999986,-1.5898120238473639,4.652901067,4.728068468,-0.07516740099999986,4.652901067,4.728068468,-0.07516740099999986,-8.693127137,-8.696084492,0.0029573550000012716,1.401667467,1.295854492,321.9242955,323.15,0.20885363096585552,0.20901589641845866,-0.00016226545260314418,LH,LH,0.07516740099999986
P000117,5.684341886080802e-14,76.75143061326375,0.5324832463848987,6.177473170186293,0.6750900928937462,34.098818857016624,30.803622594262432,1.0095979709673168,1.6360753098954715,2.849770226637522,25.63920895619983,134.03274976294628,31.74697709912112,0.8525380240647793,0.1559635187602372,14.343982825889125,0.26034878352156543,8.312508558304799,1.1099829746311058,2.2772099908885512,0.7536618177523842,14.86474714430435,17.865028361494197,2284.088890920572,0.479270014372606,134.38211647635174,161.5056279680829,71.1474071701608,3.940961035625418,113.67358756581638,2.072260112817681,-7.356856132,-7.304022326,-0.05283380599999976,-0.7233521974861467,-7.356856132,-7.304022326,-0.05283380599999976,-7.356856132,-7.304022326,-0.05283380599999976,-17.17253393,-17.19224434,0.01971040999999829,0.1427083148,0.004346304076,322.3848249,323.15,0.1180728648445898,0.11822139475908902,-0.00014852991449922082,LH,LH,0.05283380599999976
P000118,0.0,83.46928495378121,0.7152351860490369,6.961196170014493,0.711120810501278,11.732655906899664,2.759334891393783,0.8424382860911523,3.8784473471518224,0.806826040750203,77.96063904944441,150.1585228224295,35.07176298237889,0.7117968259268236,0.5457810075140204,8.158591943054649,0.2467208306577085,9.932562491958226,1.4918600360346617,2.168716248401595,0.388376643188021,2.088305286749645,2.577214882006384,2802.772512233916,0.3396003648039584,42.81301281011699,52.83630437458702,34.548419621611984,3.649046997529331,108.08049899804608,1.3213273504127196,0.7144125717,1.003872388,-0.28945981629999995,-28.834323939986678,0.7144125717,1.003872388,-0.28945981629999995,0.7144125717,1.003872388,-0.28945981629999995,-6.799886498,-6.799851683,-3.48150000002434e-05,0.8848027215,1.75864934e-12,318.450811,323.15,0.12068102328283435,0.12336258080356347,-0.0026815575207291137,LH,LH,0.28945981629999995
P000119,0.0,49.519349428031816,0.44174346780553303,4.534819786223952,0.7765512661210813,13.712432496684674,3.270597013736032,1.6064409529330592,0.5837540910176169,1.681973758970566,50.040275745034066,155.86241455979865,34.069313708696754,0.8338185232073951,0.649903296958728,17.990926023615,0.2085753675259049,8.059250159547187,0.8618672004221987,1.7935478833020415,0.7291972608870976,21.42084656093132,34.63004606856502,3548.6116696685826,0.4861453291689507,156.28315952115108,252.65542137019324,28.206447072371592,11.397187155447181,442.20674299404556,0.15268290188405303,-11.27613058,-11.17636424,-0.0997663400000004,-0.8926546939382892,-11.27613058,-11.17636424,-0.0997663400000004,-11.27613058,-11.17636424,-0.0997663400000004,-17.55883903,-17.55958614,0.0007471099999989406,0.2806027765,0.08105261269,321.4528353,323.15,0.06620406438936789,0.06723627643735051,-0.0010322120479826224,LH,LH,0.0997663400000004
P000120,2.2737367544323206e-13,48.03833534180099,0.3731138516075084,3.3561662839396833,0.36984435505665847,14.543220527753803,19.217292792553522,0.4032696217114764,2.0496640173589484,1.0897977481833885,39.11939377298172,16.965645827542026,24.857534896236125,0.9453107099008379,0.36368559482008517,12.609216387351932,0.24575858253101096,11.840558799686582,1.5340025562680115,1.876589557510833,0.38002697855431483,12.616690342266583,6.738595282129718,1522.1585029976632,0.2857832080124782,28.71783078789225,15.338241156002319,50.88899599419012,1.9746541512650577,25.311985542786193,1.523164337970202,-0.2536231644,-0.1256053773,-0.1280177871,-12.80177871,-0.2536231644,-0.1256053773,-0.1280177871,-0.2536231644,-0.1256053773,-0.1280177871,-8.282352371,-8.250067239,-0.03228513200000016,1.85876992,1.855360915,322.8675866,323.15,0.06226954663954413,0.06279165509794561,-0.0005221084584014837,LH,LH,0.1280177871
P000121,9.094947017729282e-13,71.42119233742511,0.591895366505258,7.209249802087698,0.48975533274662164,31.28471936958844,6.776917847882089,2.359736484419136,0.9476570682985814,0.8952060811442898,82.35329649491946,94.01420415751717,32.18743017521687,0.6761056910726331,0.29340672933362616,16.996320372178275,0.2304556352282705,8.039854260094657,0.7432808571275707,2.332991094162504,0.6201842011929068,2.135150700904549,26.445291643362875,1695.3533546654994,0.7332526278503203,9.459713115964371,117.16497205946226,42.665676441291424,0.3023748752293448,89.88283692774856,3.173976359144613,-2.160435718,-2.164323768,0.0038880500000000318,0.17964271600606624,-2.160435718,-2.164323768,0.0038880500000000318,-2.160435718,-2.164323768,0.0038880500000000318,-10.90081912,-10.90203441,0.0012152900000010902,0.426428883,0.3182377643,320.1364105,323.15,0.07283634668875019,0.07382160284097283,-0.000985256152222641,HL,HL,0.0038880500000000318
P000122,2.842170943040401e-14,72.17285962355784,0.5086624265177847,9.832736846264224,0.4807588893680774,9.156131376742449,9.665397933242136,0.6380430978139233,3.1259694003825995,3.651244188369174,62.99374643630372,91.23331006170258,26.01221649405064,0.9261454197744751,0.1718288153259569,11.891211606419253,0.27442176129156415,8.015938412396453,1.3716862792024225,1.6150943204253536,0.4176411731862834,3.3761665042506337,23.41996950506752,3524.850818590156,0.27506579635920714,77.7473948924046,539.3222209823173,33.28705894347365,8.491293068368513,1413.6683683301094,2.8628321266363153,-1.025337381,-0.9962514527,-0.029085928299999897,-2.9085928299999897,-1.025337381,-0.9962514527,-0.029085928299999897,-1.025337381,-0.9962514527,-0.029085928299999897,-9.859084391,-9.859795754,0.000711363000000631,0.6420375678,0.5663033283,322.243862,323.15,0.20620450904537374,0.20643100763664435,-0.00022649859127060745,LH,LH,0.029085928299999897
P000123,2.842170943040401e-14,89.9048090555772,0.49296556828790095,6.092660436758509,0.6756521315893322,17.092883770490147,4.821829265710865,2.705243193728324,0.4857624095214508,1.3574729902336793,33.14374441723095,23.50750389976742,32.881699027702496,0.9085840052642691,0.3291519757400498,12.355508964829745,0.2790416327551989,12.776141254591959,1.0819653414214925,1.9769858640145392,0.4071728847469957,5.666376716666202,19.25067687428661,1618.8342400579781,0.4268582797084989,39.07521605872957,132.7522675869859,40.043463095439684,2.286051703352165,186.39654167591058,0.8509545882342564,2.812802887,3.477072037,-0.66426915,-19.10426769797752,2.812802887,3.477072037,-0.66426915,2.812802887,3.477072037,-0.66426915,-13.85520265,-13.85966902,0.004466369999999387,6.1435331,5.025303181,320.392119,323.15,0.20370556787849875,0.2118566825371092,-0.008151114658610459,LH,LH,0.66426915
P000124,4.547473508864641e-13,46.183391267459385,0.5611506556070499,7.159408871398319,0.686413828192119,24.293529697257373,2.641365404596694,0.6005694183278278,1.1603765172815759,0.37005763124915547,86.76214251580859,38.737194745017575,33.52652816373923,0.6477746842676062,0.46116756390090885,15.117415333662997,0.1808185792858705,12.825955044641114,1.458263005694623,1.8202644010544196,0.792960430634261,2.8326231613063078,21.5147983331889,1964.3847570265275,0.2916030836589524,7.8055602845225796,59.28605601092593,83.31026336357313,0.3213020249339803,58.56972461366359,0.9324803386055023,-0.566303702,-0.4206269516,-0.1456767504,-14.56767504,-0.566303702,-0.4206269516,-0.1456767504,-0.566303702,-0.4206269516,-0.1456767504,-9.430210121,-9.430693747,0.00048362599999940414,0.9089483976,0.5956221886,320.6290415,323.15,0.09595536084747723,0.09734131114110958,-0.0013859502936323514,LH,LH,0.1456767504
P000125,4.547473508864641e-13,69.07336200377978,0.5179135250221106,7.848510105000677,0.6502901271274412,33.62989378020066,10.932920476879271,1.9822142072885784,2.1751846865499784,1.2422718942393058,55.0710187400275,54.55834197922024,26.317714127099386,0.7556713775656009,0.07755913244691552,8.407492019014654,0.27984227862738076,8.64890181903013,1.4198575197589172,2.2108713084608436,0.4055884853572765,3.6209584522800604,29.205822625658875,3921.0976124875287,0.3637576980124808,98.05106218651565,790.857439602385,92.45135969341545,2.9155923841853597,564.3960303446427,3.01934435894866,-0.7710467143,-0.7403747804,-0.030671933900000004,-3.0671933900000004,-0.7710467143,-0.7403747804,-0.030671933900000004,-0.7710467143,-0.7403747804,-0.030671933900000004,-7.397278097,-7.39953445,0.0022563529999999332,2.288127836,2.236642028,321.7589911,323.15,0.12694735000379098,0.12686129855114076,8.605145265022651e-05,LH,LH,0.030671933900000004
P000126,2.2737367544323206e-13,59.136561469021636,0.4633545260990666,3.1428036271392776,0.7855489467947325,17.634282416185258,32.33387422486888,1.0754233767130357,1.7780564182628977,0.48568987569995475,51.2401980069134,28.521274773364883,35.913114079095465,0.653023975013346,0.5056994589912785,15.059951119241935,0.21406580109778234,8.075247486029872,1.6378876836473268,2.091183854135177,0.5764366884223857,15.417809467472516,26.908988804246704,1669.8050358362307,0.29826451995430275,49.05514413524414,85.6168528422208,59.12296380034412,2.78180551822284,116.52328230420875,2.097176923419943,-4.24036666,-4.234836083,-0.0055305770000000365,-0.13059719175912282,-4.24036666,-4.234836083,-0.0055305770000000365,-4.24036666,-4.234836083,-0.0055305770000000365,-10.09355437,-10.09207749,-0.0014768800000002358,3.231210627,3.32569538,322.8653953,323.15,0.021208708258886766,0.021956985362594758,-0.0007482771037079922,LH,LH,0.0055305770000000365
P000127,2.842170943040401e-14,66.88533079172942,0.52602370637837,3.8522161384723805,0.3727454376251603,32.583553897358115,16.51280030092896,1.517930018058344,1.3286093600151707,3.6196262769452394,62.68947727232629,108.46781930289451,29.083240025727953,0.5856102634092679,0.0873524906335097,14.550438724234608,0.2533366398449526,11.787519606064185,1.3949940678398431,1.9682176577951243,0.5400496636742402,14.43935455068587,27.62756189361545,3569.9151904305513,0.3296053542779772,258.08722444841015,493.8115995677372,98.85626393641144,7.920781915361784,363.7257748789218,1.1435968445102418,4.6314921,4.83579092,-0.20429882,-4.224724008539227,4.6314921,4.83579092,-0.20429882,4.6314921,4.83579092,-0.20429882,-7.270644813,-7.27497985,0.004335037000000597,0.7510864333,0.3160784094,322.2200661,323.15,0.07828340159446084,0.07888194116417788,-0.0005985395697170326,LH,LH,0.20429882
P000128,2.842170943040401e-14,72.05594105129693,0.6760138908703407,5.019889527787388,0.35814998235030454,24.54648103720367,34.24206872002554,0.7792683984206048,1.058773882083762,1.5221244722602207,64.53698783302404,22.94188942463215,38.203088421082626,0.7188526719567181,0.15863942764380431,10.36565322768721,0.2630284832882149,11.132935242134508,1.1486700228686793,1.7657552245993158,0.7652111472210956,8.335800693825343,25.134973015228294,2158.9844829773797,0.35911099946590563,56.701998114046454,170.9737606324714,68.35346473294015,2.309984801002903,167.16735278511305,4.10783198612102,-4.768681596,-4.79194212,0.02326052399999945,0.48540911842231205,-4.768681596,-4.79194212,0.02326052399999945,-4.768681596,-4.79194212,0.02326052399999945,-14.35005737,-14.35209128,0.00203390999999975,1.674176352,1.757085251,322.4889698,323.15,0.06547180403091135,0.06531406721292071,0.0001577368179906391,HL,HL,0.02326052399999945
P000129,5.684341886080802e-14,87.23755589984796,0.7349419870981163,8.070181277920137,0.4158249603572809,25.11738647028068,29.72246265874371,1.6850956075440253,2.420122353930565,2.5225774789048865,85.10902124340424,175.00633684081063,19.904441580846342,0.8805485825254529,0.2193533002547169,16.667704659022704,0.25396092276792376,10.118486970263305,1.2334990989921035,2.082770068322342,0.6522736680559034,23.999219324112477,6.2376541521401085,1929.6413760902553,0.394453656469888,218.36185223104934,56.75458421555888,63.67639406632831,8.693653397793549,54.22976720866579,1.2384762294697218,6.805350812,6.980194489,-0.17484367699999925,-2.504853944621933,6.805350812,6.980194489,-0.17484367699999925,6.805350812,6.980194489,-0.17484367699999925,-9.735394527,-9.739255064,0.003860536999999553,0.4827020283,2.206332839e-09,322.1327436,323.15,0.24816486495568363,0.24931924025406874,-0.0011543752983851074,LH,LH,0.17484367699999925
P000130,0.0,56.8332052791692,0.6500972708439032,9.55250715498288,0.7841624800864709,18.348326679009983,5.146600042738501,0.655443005651135,3.8261076989511578,0.5128835035840915,30.844468523362288,105.49831036505485,39.62832816773776,0.6675258215447816,0.07623310252872179,13.308536330360637,0.2775140453533371,9.556778623477749,0.8870771031275506,2.316205298578665,0.626431275588254,9.056959980169868,14.124851719490445,3806.532467955765,0.6099709838690348,111.86842437115935,174.46526315621648,30.08065492333239,6.096927874035182,228.2042602031501,0.5682480715391185,-5.667303611,-5.409126727,-0.25817688400000005,-4.772986417775973,-5.667303611,-5.409126727,-0.25817688400000005,-5.667303611,-5.409126727,-0.25817688400000005,-14.1514621,-14.15596082,0.004498720000000844,0.5462224803,0.01331606815,320.5329401,323.15,0.13556352414216047,0.13694944498754655,-0.0013859208453860794,LH,LH,0.25817688400000005
P000131,5.684341886080802e-14,48.586213969454796,0.4158320891706761,6.71379754869186,0.35538360077679476,28.20385106220897,12.315169827881043,0.5238287363248835,3.5411229041716585,3.639320022527568,46.851318203123334,98.61292146913814,37.12803270706036,0.7390006002609507,0.468750819763874,13.257846663137713,0.18000096803103108,12.703939051496045,1.6668785400971435,1.7759134585325653,0.6470451384715981,4.7677176536744446,4.629095227432799,1364.1470137426916,0.24889222958068125,10.063131581438075,9.770543845179661,113.3175234507125,0.35679991215532664,8.314221053255912,2.5830325372539273,-2.336913982,-2.237385878,-0.099528104,-4.448410306807166,-2.336913982,-2.237385878,-0.099528104,-2.336913982,-2.237385878,-0.099528104,-10.92403097,-10.91327462,-0.010756350000001191,0.220014742,1.80298155e-07,322.5384072,323.15,0.10642123021479163,0.1069414275734464,-0.0005201973586547587,LH,LH,0.099528104
P000132,0.0,62.858301370962195,0.4720292713041652,5.433060814062371,0.6462425715261,32.22748380625909,22.402665217388655,2.7265048583316323,2.0043567505386437,0.6560138569257673,40.08539056940879,47.59471723856574,24.964609139035986,0.7036639931061559,0.04960554178814226,12.3346439704275,0.19978074892330197,13.037915451381789,0.7564028178474562,2.0705369187757072,0.4209496965002967,26.34356004957902,4.179198702670441,3947.9988390687545,0.639474653952595,503.50064109175656,79.8764184523356,50.39681183149466,15.623330822804377,59.48444670333636,0.8504038624706177,5.568620867,5.89370952,-0.3250886529999999,-5.515858083891449,5.568620867,5.89370952,-0.3250886529999999,5.568620867,5.89370952,-0.3250886529999999,-5.08774336,-5.133050028,0.04530666800000027,0.5711345796,0.004645229688,322.2500652,323.15,0.057861787173922166,0.059879867446311914,-0.002018080272389748,LH,LH,0.3250886529999999
P000133,9.094947017729282e-13,82.53496187147074,0.45292687637217044,9.296216966321843,0.6069578090382979,31.68784023833815,32.7262593158992,2.1137100060936556,3.580075922022903,0.39733192630479913,60.47737275623185,74.10610568919422,23.56395122281899,0.6212162808522321,0.0614027114090797,9.407616645396391,0.24764679617260738,9.899590844282095,1.6166743104651262,2.0558644386484524,0.7399785520059714,5.138641402861579,5.12684627083325,2066.4245672521324,0.29707453919293675,46.074198005488014,45.968440236854555,106.66629433954388,1.454002470946071,34.815959604268954,6.368659875288198,3.390701786,3.423011218,-0.032309431999999916,-0.9438891648996026,3.390701786,3.423011218,-0.032309431999999916,3.390701786,3.423011218,-0.032309431999999916,-5.856398192,-5.861332419,0.00493422699999968,0.07056371629,6.997319382e-06,322.6202216,323.15,0.09603233129448957,0.09616426555810872,-0.0001319342636191545,LH,LH,0.032309431999999916
P000134,0.0,78.49654636830402,0.37102380849329786,8.60977592706678,0.6916278653610215,35.887420135494885,29.98596432519323,2.27063729910081,1.754728059261834,3.5291006740260262,67.75188833386994,159.2979077974685,39.01513896605293,0.6135553547904877,0.5110236815489105,17.66317772692785,0.24844459715920414,12.108467947240529,1.0788588602085203,2.3890414734900225,0.422209246121205,7.0949649639454995,2.553920290017848,3319.595974036966,0.5173119985358055,191.5852227814245,68.96346778532566,69.37287408192786,5.3385064197449745,46.11987210556816,4.226372431375346,7.638838747,7.874472512,-0.23563376499999933,-2.992375230733415,7.638838747,7.874472512,-0.23563376499999933,7.638838747,7.874472512,-0.23563376499999933,-10.16486458,-10.19499603,0.030131450000000726,0.4271584011,2.757617148e-12,322.5185444,323.15,0.2647198047549425,0.26619635949849413,-0.001476554743551628,LH,LH,0.23563376499999933
P000135,2.842170943040401e-14,71.72396566923197,0.7488721782650433,3.877778349839317,0.5129410709228373,34.45178737669653,18.358736734135864,1.7399139439210065,3.413048601540024,1.4545124969931504,65.4666191211279,136.5223309336823,29.5652121677829,0.5788047103301414,0.5815350639370342,16.73345828637999,0.27207043471724746,12.021468204392008,1.5813211209443212,2.4968449670514152,0.5057452950171064,5.2005852054452895,5.787358066348847,3044.0280323908064,0.36886292056653375,76.39843074826638,85.01833101098389,93.39997450484395,2.2175462164828903,59.22595312554912,3.530129016040981,6.944058551,7.036775125,-0.09271657399999977,-1.317600354608458,6.944058551,7.036775125,-0.09271657399999977,6.944058551,7.036775125,-0.09271657399999977,-8.128507525,-8.132462354,0.003954828999999549,0.4306467234,5.752930659e-07,321.6697588,323.15,0.07211916585520808,0.07265157799189062,-0.0005324121366825363,LH,LH,0.09271657399999977
P000136,9.094947017729282e-13,83.13691745363352,0.5288181535763368,6.627163054677539,0.721964874352089,34.79405255533228,30.430486704875392,2.681199985291591,1.1111081134179124,1.4038181833185865,76.0317720125276,41.505359221605616,33.6590282815099,0.8553342297389048,0.013377704882949086,16.582982638407643,0.20526137641039463,11.386456454892647,1.5894262131738177,1.6043250727915994,0.7449130425104398,4.7787277844854525,13.521864938334106,2776.7430627462804,0.23580091968526865,93.74414082627834,265.25796575575305,147.55689927661462,2.6942576084576215,182.9677979595521,6.367905450415185,-1.405802884,-1.396728141,-0.009074742999999996,-0.6497143383609965,-1.405802884,-1.396728141,-0.009074742999999996,-1.405802884,-1.396728141,-0.009074742999999996,-17.21653371,-17.21916572,0.002632009999999241,0.262629421,0.259842517,322.475094,323.15,0.19384103155016935,0.1939620937104231,-0.00012106216025375982,LH,LH,0.009074742999999996
P000137,4.547473508864641e-13,60.37252632757534,0.6807080803292995,8.414978376520173,0.4852680110523177,17.224992404029848,31.217005409582328,1.226914076241275,3.744052037272103,2.403538870131851,37.03775359687804,24.878873914313882,21.028599745994242,0.6435479337705787,0.2615899134090741,12.381317906246103,0.21259706030496137,10.472360585283814,1.2160572177182063,1.9043662297866355,0.6946769534008141,2.1690015273457615,16.350429031821772,3601.710108413786,0.36583896252653547,28.076976342047736,211.65066198480812,47.083537207386605,1.63001385913407,294.8980045092502,14.392339062934193,4.004768685,3.995415418,0.009353267000000276,0.23409998764739903,4.004768685,3.995415418,0.009353267000000276,4.004768685,3.995415418,0.009353267000000276,-4.776756252,-4.77950429,0.002748038000000008,0.7855584971,0.8462381757,322.6233309,323.15,0.16522348585032504,0.16543226934967573,-0.00020878349935068985,HL,HL,0.009353267000000276
P000138,9.094947017729282e-13,47.502015634991075,0.671141108577346,8.928742672619077,0.3945709197162608,35.58311286579958,13.508555857479374,1.401748935349817,1.2860375565804973,3.91008570354247,92.9872934132857,121.98002160012523,22.992399797505648,0.6035479135320359,0.3856839810974991,17.774815435099313,0.21090646730857904,13.647430734538164,0.9186896803333926,1.8957723100886796,0.4760679552306334,31.216574566450028,2.217137311322298,2258.1456912524886,0.4820708072096509,104.08073692872436,7.3922679999171255,73.81304226191114,2.9250037038991246,4.985916568545397,0.43273664856225696,8.206836791,9.178066164,-0.9712293729999999,-10.582069857041835,8.206836791,9.178066164,-0.9712293729999999,8.206836791,9.178066164,-0.9712293729999999,-4.793414507,-4.773005388,-0.020409118999999976,1.748897255,1.891570332e-10,321.8387466,323.15,0.1991317225560022,0.19867153799643242,0.00046018455956978177,LH,LH,0.9712293729999999
P000139,9.094947017729282e-13,55.615051956549046,0.4472699340791038,3.218038669608713,0.5190953208900866,34.53356077998018,22.618579425004025,2.9952602950272165,2.643311032132536,3.998714105539777,51.549336246728096,53.02291693344855,20.17597875832075,0.8190944910110127,0.5120471427844988,17.72102202331549,0.219766259046819,13.445647753918735,1.4834307084100629,1.8547385517876411,0.7869109227600593,18.992089191267574,9.051544585767626,3085.7306097923856,0.2920847812083658,138.24757934696325,65.88817668931594,118.23129105567749,4.003281915460865,45.79070923553022,1.1909474095879817,4.709334679,4.845927478,-0.13659279899999976,-2.818713231267217,4.709334679,4.845927478,-0.13659279899999976,4.709334679,4.845927478,-0.13659279899999976,-9.114157436,-9.116738581,0.0025811450000006175,0.3090448084,0.01074870955,322.5880371,323.15,0.08690184757084367,0.08813691371445656,-0.0012350661436128924,LH,LH,0.13659279899999976
P000140,0.0,86.46572300907395,0.5962158244749782,4.474847951600406,0.6388082107428392,20.999309728080238,5.830975797718864,2.223368621582561,3.598828494730347,1.6278812151226483,93.63206887909706,107.82970861422231,28.162693507464816,0.5689257498504776,0.5074220805166921,15.27158837719557,0.22102007059551504,8.801184813844667,0.7037158773360382,2.074947320669373,0.46433849829971935,3.1738942038837514,2.608071497275032,1244.4540328070213,0.6888159905011311,12.9593049755028,10.648998284109565,30.486095006015624,0.6171300458592524,12.170683804757347,1.837167663176599,4.1223219,4.381435896,-0.25911399599999996,-5.913905900952612,4.1223219,4.381435896,-0.25911399599999996,4.1223219,4.381435896,-0.25911399599999996,-5.151089595,-5.148806068,-0.0022835270000003405,1.016310128,2.146058789e-10,319.4620087,323.15,0.1170485668458825,0.11967715533644312,-0.002628588490560621,LH,LH,0.25911399599999996
P000141,9.094947017729282e-13,87.18048818506901,0.4119280386817017,7.678833289258176,0.4253435652610399,32.29201301684092,33.847785615226286,2.098833805506012,0.7638763641992944,2.971074678788851,95.81799093709697,67.17937957187709,35.60062652904671,0.9358902930121158,0.02806478674129557,15.317483571411245,0.23488466045429726,8.229634288166606,1.163504830498502,2.194894888875264,0.41332603557456055,12.266856680679886,2.8282551855907307,2752.781847986854,0.44069592177160266,285.4736035526728,65.81899671728861,73.27504390561786,8.840378065120706,48.91785223767577,2.759287606949549,-2.906739585,-2.758218452,-0.14852113300000003,-5.384676217081592,-2.906739585,-2.758218452,-0.14852113300000003,-2.906739585,-2.758218452,-0.14852113300000003,-13.96380493,-13.97291982,0.00911488999999932,0.3801607198,7.077609869e-06,322.576297,323.15,0.19846426998929723,0.1989124386216237,-0.00044816863232646775,LH,LH,0.14852113300000003
P000142,4.547473508864641e-13,68.27337031245276,0.4067770083307871,8.222954936970496,0.5181462202364063,34.15421276132624,26.239225994394197,1.3477654546567175,0.7150434629374378,0.5905942405935601,56.524802494436706,112.51641521713508,29.173408875351974,0.7674868858954753,0.2861183571888637,12.183527233226894,0.26072120693166145,11.280757089873907,1.5948144799817672,2.157909009577952,0.7353560722233917,2.7800870081320257,10.639020566317859,3064.856183514855,0.31609414620435744,35.269882678797174,134.97311634266708,108.0507601024831,1.0326656604638311,94.84495558018017,9.438275103492048,-0.4607702975,-0.446351292,-0.01441900549999997,-1.441900549999997,-0.4607702975,-0.446351292,-0.01441900549999997,-0.4607702975,-0.446351292,-0.01441900549999997,-12.1237214,-12.12935453,0.005633129999999653,0.03997815774,0.0002856836863,322.6561505,323.15,0.10219618647407223,0.10202649893012782,0.00016968754394441898,LH,LH,0.01441900549999997
P000143,2.842170943040401e-14,75.9992826438704,0.3937779097968564,9.108615504009933,0.45089795122665066,9.856883121277246,31.580229796762783,2.167925242761646,3.1179645965398746,2.7982679572861584,89.02009547573961,173.6399843973757,32.50861717164254,0.7523144318774966,0.453804743902102,8.142478738301,0.21899589186197288,9.37240957270252,0.8007325403075877,1.6759493980460958,0.4920051142668401,2.2286518652865253,32.6730250479383,3910.413840910898,0.48895277928027103,92.06111271777212,1349.6567537622698,20.159171885240912,9.339779277594083,3286.2073833840063,14.170104487226716,-0.1196899682,-0.1221347607,0.002444792500000001,0.2444792500000001,-0.1196899682,-0.1221347607,0.002444792500000001,-0.1196899682,-0.1221347607,0.002444792500000001,-6.630865913,-6.632024106,0.001158193000000196,0.1122635999,0.1141975863,322.7898824,323.15,0.14641909883657023,0.1466325630432397,-0.00021346420666948362,HL,HL,0.002444792500000001
P000144,4.547473508864641e-13,77.12284229453232,0.4590153444048318,4.854066229879865,0.3826336435347572,13.289898873642098,2.39964044674967,2.479767613001817,3.768093101954376,2.419181926168116,83.62511250890668,116.09071365683332,36.67939014230445,0.5961734365539294,0.31337384058152673,9.646106813813049,0.1994712263654729,13.218429174854112,1.41731810507104,1.8476192852607005,0.6978789802313927,6.869726597784381,26.632942017724858,3131.529703186351,0.3045360054286722,143.2908625509454,555.5180660639286,43.63982792423811,10.781937764412538,1003.200529386762,0.34930654263935335,3.264655762,3.475362926,-0.210707164,-6.062882308597201,3.264655762,3.475362926,-0.210707164,3.264655762,3.475362926,-0.210707164,-6.591931454,-6.592757466,0.0008260120000000981,0.6500276248,0.09163507399,320.56168,323.15,0.0904865733466456,0.09195238741791169,-0.001465814071266086,LH,LH,0.210707164
P000145,0.0,54.41473275978498,0.44445567081747916,9.570339719328842,0.5687506367569043,22.10312217388602,15.29354694481538,2.4720141762744094,3.998685286845527,2.7999851617154983,43.986489708951,151.3034447640666,26.85501555526558,0.8478711435583222,0.14710191845137569,16.10636773967288,0.20160956580707626,11.038869117414027,1.5117130691694696,2.191786581407843,0.4879380981084268,32.161607407251914,19.605840015466445,3659.412884499976,0.3387056109016877,318.53972912194837,194.18304839846837,65.25762037140166,14.411526417670109,210.84773114403333,0.4755218466278193,2.445135186,2.740505423,-0.2953702370000002,-10.777947546502636,2.445135186,2.740505423,-0.2953702370000002,2.445135186,2.740505423,-0.2953702370000002,-9.25537281,-9.267028208,0.011655397999998485,0.486692219,0.02484921875,322.5649701,323.15,0.21794425997833097,0.21874244721252478,-0.000798187234193809,LH,LH,0.2953702370000002
P000146,2.842170943040401e-14,75.38771351802833,0.6646828767197228,6.001666696554238,0.746856392433535,18.464549176449832,8.692058641036258,1.3334053638909875,3.4445831267836233,2.1694236780590357,60.73631224503077,70.17191788466639,23.468661725545555,0.8423418928093787,0.2430572149745732,12.835341075374183,0.2206680134633231,13.609275576433534,1.0994243768758512,1.6318831464178456,0.5882915665579408,7.163825469422775,9.900097908474,3003.695852097642,0.34675057517049934,121.18157238700375,167.4677079243296,53.25023373752359,6.562931552185519,217.67252218159405,1.213326410328729,6.640623788,6.905979536,-0.26535574800000017,-3.8424056517505463,6.640623788,6.905979536,-0.26535574800000017,6.640623788,6.905979536,-0.26535574800000017,-7.961599185,-7.963514896,0.0019157110000005417,0.6133955331,0.0152554966,321.0430877,323.15,0.208696162761225,0.2103660588493378,-0.0016698960881127989,LH,LH,0.26535574800000017
P000147,4.547473508864641e-13,76.58273953976115,0.6263115770649785,8.973352030999212,0.7100256271421163,19.077121690527107,12.202514627303042,0.8670778205128088,1.5278136407185836,1.9721789395144396,49.52648112637735,79.71118763524272,31.65782143219558,0.6943982544404083,0.12867578292446583,11.962449433551491,0.23213974605815543,13.004081179121,1.269835628633909,2.0284103122843304,0.7497608895226581,33.99890845231057,6.326508696540837,2595.2604519374536,0.37316576740861895,411.8931241412427,76.64497334025006,51.12237872998017,21.590947042381735,96.42331741687265,0.35890901157662775,3.637308134,3.775165616,-0.1378574819999998,-3.6516936214858715,3.637308134,3.775165616,-0.1378574819999998,3.637308134,3.775165616,-0.1378574819999998,-10.35776033,-10.36425618,0.006495850000000303,0.2725364899,4.996481804e-05,321.7749602,323.15,0.26156183276669526,0.26184463881252196,-0.0002828060458267001,LH,LH,0.1378574819999998
P000148,2.842170943040401e-14,51.863272193892,0.5931580933896308,4.8839488218998275,0.6416768459961679,19.479427438386622,27.66349311447574,2.146534200115708,2.532137114499629,3.0772573160927017,81.2179993895336,168.4955888017918,24.641549396491122,0.5544942171255474,0.43238552526955104,10.078259974972728,0.18825013677989322,12.351665490309921,1.3912574527389676,2.1593852595485394,0.7331241701408289,5.072026853639927,6.002199934847349,2648.9996260187368,0.3625902515792219,24.30993782792821,28.768204794148442,53.722976151581896,1.2479801013053633,35.44441525519232,5.454129860259535,3.277285803,3.292437042,-0.01515123900000015,-0.4601831046948885,3.277285803,3.292437042,-0.01515123900000015,3.277285803,3.292437042,-0.01515123900000015,-3.232373074,-3.233245383,0.0008723090000000155,0.04734086617,1.548989572e-10,322.7050694,323.15,0.08478837982051271,0.08498543102650913,-0.000197051205996418,LH,LH,0.01515123900000015
P000149,2.842170943040401e-14,86.87547094081613,0.6222140397144216,4.68607715441687,0.40302899515486973,25.582777521674043,27.63262178183218,0.7646335468313428,2.2720140071179458,1.3339174260604014,82.92570435319934,138.5987153778505,18.444693421397506,0.7350359115390921,0.267850222584439,12.007744797457384,0.26639209412668313,12.450971943336384,1.6645787576513773,2.4575793795908885,0.36805547034553115,6.572104171575662,7.588495874117025,2507.316608987436,0.34490278508661826,113.94612328899174,131.5681650619419,74.1738792142523,4.454016894469539,123.42819143900297,4.2045319216550485,10.63200163,10.71534401,-0.08334238000000127,-0.7777853881520064,10.63200163,10.71534401,-0.08334238000000127,10.63200163,10.71534401,-0.08334238000000127,-4.910507446,-4.914517465,0.004010018999999865,0.2728544975,7.908229346e-05,322.3815861,323.15,0.09836765789046836,0.09830033968138405,6.731820908431607e-05,LH,LH,0.08334238000000127
P000150,4.547473508864641e-13,68.23897265395698,0.46924449798638634,9.01601036337402,0.3650422690570089,19.319725829506314,33.424036195892256,1.9965168017341153,1.5219529634267144,3.1185920419029802,92.5108184774715,89.84995970470113,23.254201580080686,0.8322793138689654,0.24911276704877697,10.303051738639965,0.2344855029450758,10.875973347949127,1.4774491182345613,1.9968314210755753,0.550720629733712,9.637967871298441,2.9599203762753916,3943.1763712538395,0.3157347357832904,252.70798885561445,77.60925699792115,61.18973821989203,13.080309269692778,96.41038306586073,3.4679547226369123,2.688076449,2.736674133,-0.048597684000000196,-1.7757935961022289,2.688076449,2.736674133,-0.048597684000000196,2.688076449,2.736674133,-0.048597684000000196,-6.925342653,-6.929107205,0.00376455199999981,0.1410238105,3.530487928e-09,322.8072306,323.15,0.18179627323072195,0.18185274139979546,-5.6468169073509156e-05,LH,LH,0.048597684000000196
P000151,4.547473508864641e-13,62.27281949283736,0.43003817854553666,6.9946643148597065,0.4939753428899366,20.19008065239492,6.14841763921551,1.8394288826095937,2.945918013450265,1.4448176103125607,60.06970127279508,123.50095338935961,18.227307240898824,0.6846460630471425,0.4639509884457358,14.784380091899598,0.1927633653159249,11.448721769475387,1.0676981638595278,2.367882737493547,0.6413841190075389,5.325764453218576,2.723798376907976,3326.014077457281,0.5180899771215348,62.1423235280324,31.78194631958466,38.97022050989935,3.077864056014118,37.77928007333411,1.154466686092317,6.906779298,7.16731712,-0.26053782199999986,-3.6350815463848187,6.906779298,7.16731712,-0.26053782199999986,6.906779298,7.16731712,-0.26053782199999986,-3.905002009,-3.906993813,0.001991804000000208,0.5570980213,1.379121217e-13,321.5485752,323.15,0.14180230456503332,0.1431818698953761,-0.0013795653303427802,LH,LH,0.26053782199999986
P000152,2.842170943040401e-14,53.965724138000354,0.6465344013586747,7.14506909263487,0.3887853265331761,23.007441148722407,28.973997524088155,1.1296791777960316,0.432373722194445,2.2980366713484837,26.75111712971546,35.82466595088388,25.682126417954493,0.9487401650339973,0.6589649029900669,11.361778603996205,0.23397017772059753,9.475556516777857,1.4068571441577804,1.9526634152671025,0.7835189431539483,16.426101058101306,14.652583017598344,1878.2099352122202,0.32424320547460356,52.67245143603358,46.98543279850673,70.95735781123246,2.289365909731272,49.01242080224899,1.763899870188505,-4.86251644,-4.833010513,-0.029505927000000653,-0.610508231269818,-4.86251644,-4.833010513,-0.029505927000000653,-4.86251644,-4.833010513,-0.029505927000000653,-11.94515116,-11.93589404,-0.00925711999999912,0.3420850547,0.2790139319,322.6197361,323.15,0.11097538022650524,0.1107675313708865,0.00020784885561873911,LH,LH,0.029505927000000653
P000153,4.547473508864641e-13,67.5340858020053,0.7123896673357125,6.744556957540108,0.4783832643571281,18.203599496069295,2.2673273959788776,1.1410611124349805,3.51217554821334,2.5089896317591194,87.01392407740678,155.29095104006885,34.529220126719295,0.6666575943289972,0.6670555494314714,11.280865932682563,0.2547290035646298,12.630377596103791,1.4871764487116526,2.5994628793188834,0.734737155893265,2.253453135038091,8.814905768625984,2471.4658415885233,0.4083331282282261,16.997871771127194,66.49112670680908,44.58026605643154,0.9337643236326719,87.66326908631429,1.006156889053986,-0.1009523307,0.01222143365,-0.11317376435,-11.317376435,-0.1009523307,0.01222143365,-0.11317376435,-0.1009523307,0.01222143365,-0.11317376435,-11.02116679,-11.02179051,0.0006237200000001053,0.6018646157,7.437355614e-07,318.9816095,323.15,0.14418191070261088,0.14620392951611266,-0.0020220188135017803,LH,LH,0.11317376435
P000154,5.684341886080802e-14,45.91040736701589,0.6554814665212224,4.524972706802664,0.5533472650349776,31.01541116393127,30.077111067887753,0.8022423751799749,1.1928498823551155,1.1473505124756609,89.49235493206646,60.40504661253732,19.708578062917418,0.9427159853730723,0.3754345253889637,15.74104699532879,0.19492086193909147,11.249026543621333,1.1058766290849193,1.9493433329496845,0.42574332557344285,6.100422706710245,2.979803250649255,2012.5550742985665,0.41178938949476973,17.11050281262349,8.357770330442186,75.31862635407998,0.5516774458409178,6.4673167436155214,4.930332292351482,2.323839681,2.489303523,-0.16546384199999986,-6.646993445001438,2.323839681,2.489303523,-0.16546384199999986,2.323839681,2.489303523,-0.16546384199999986,-5.833844794,-5.827005894,-0.006838899999999981,0.3284742298,1.548896579e-05,322.579064,323.15,0.09916259025475979,0.09971309555465467,-0.0005505052998948795,LH,LH,0.16546384199999986
P000155,4.547473508864641e-13,67.10598274630641,0.5191900076967838,4.449048883834667,0.6842175432859556,26.66022952222268,18.66284864026695,0.5421506845265497,2.233743299505484,1.8438247474578744,50.380647679198596,78.80827932736021,22.193991011640684,0.7164190912807264,0.5284734525147788,10.431278628939184,0.18919983648923128,11.893360330916082,0.9909895341306969,2.147575336924276,0.39038687291911145,18.88928423632755,7.286191872227096,2202.0086879912797,0.5062590909133989,112.67557055207091,43.46251642379137,52.66123611552725,4.226354107647498,39.12570945053248,0.9880124840503418,4.707000122,5.0391201,-0.3321199779999997,-6.590832752726011,4.707000122,5.0391201,-0.3321199779999997,4.707000122,5.0391201,-0.3321199779999997,-3.331448315,-3.330631683,-0.0008166319999998173,0.6285876553,0.005834945502,322.1262011,323.15,0.08249601523693201,0.08402442732426692,-0.00152841208733491,LH,LH,0.3321199779999997
P000156,0.0,80.48736632063722,0.564552059923891,8.581417325839453,0.7175082387762884,10.36012186423765,34.291554175699524,1.557490588911781,1.5398011880950684,2.447643773082717,53.02849842105704,26.685458560877237,29.942982488510502,0.7061518058501746,0.390402569439397,10.546822067846644,0.25003334731836563,10.348036302655073,1.1519754547622214,2.021672736257412,0.5154921949707854,25.101590034912267,20.975122229208907,3146.260448475524,0.4099785392715844,634.1482165160758,529.9001511202878,25.269912621876863,61.21049779396002,1227.5534779940285,1.366110837122489,2.115267198,2.131521768,-0.016254569999999635,-0.7625805302120487,2.115267198,2.131521768,-0.016254569999999635,2.115267198,2.131521768,-0.016254569999999635,-8.425179905,-8.43529196,0.010112055000000453,2.7209025,2.819024928,322.7654239,323.15,0.212664944846769,0.2126510187582694,1.3926088499621736e-05,LH,LH,0.016254569999999635
P000157,0.0,46.164854172224736,0.42270672951393423,7.308683167930695,0.7398183815086878,23.61998557386966,17.125717002437458,0.828780711185728,0.4222554562931994,0.5758852000583905,46.341595196004164,71.14537483182369,38.913366424933905,0.6557834601657916,0.16673906059163557,16.296944700889398,0.2241861355183293,12.38873208335136,1.6961675467421873,2.2714039500761674,0.4834118526778537,16.66986487017379,6.105195410518575,2574.170784405646,0.312837727368754,62.882418464516896,23.030147850735077,75.5023563575114,2.66225473626379,23.40067256557131,1.0273458804743698,-0.5710825296,-0.175103958,-0.39597857160000005,-39.597857160000004,-0.5710825296,-0.175103958,-0.39597857160000005,-0.5710825296,-0.175103958,-0.39597857160000005,-10.72270007,-10.71324479,-0.009455280000000954,0.6460605528,0.002234078251,322.75698,323.15,0.10075768560002848,0.10295543832765056,-0.002197752727622071,LH,LH,0.39597857160000005
P000158,4.547473508864641e-13,53.556797185256215,0.6215808273354728,5.657386076277572,0.413973322480252,24.501851095954418,21.262805861869836,0.9033914514901696,2.851462847629892,1.1092268295124477,49.732971426383244,119.39982101925801,34.93806399960805,0.7925164691942884,0.429981591894737,11.010098781655266,0.24226524330789195,10.72907744560083,1.433911625978718,2.2331317927175567,0.7040092797907789,3.813664922270076,3.619799030097892,2188.0230756921956,0.36381907357660204,14.638967887250026,13.894802726496373,67.34625223214296,0.5974637520210508,13.610207005583106,5.575425816176109,-5.988139924,-5.951894658,-0.036245266000000775,-0.6089702201177765,-5.988139924,-5.951894658,-0.036245266000000775,-5.988139924,-5.951894658,-0.036245266000000775,-13.26739269,-13.26779623,0.00040354000000064616,0.108342934,1.926128206e-11,322.458168,323.15,0.08097615201000569,0.08109302315184916,-0.00011687114184347203,LH,LH,0.036245266000000775
P000159,0.0,74.77067490890587,0.5447066299886134,6.286593590496521,0.6514169408695385,24.63011427823583,5.039763155154494,2.9421234312756734,3.368596585372879,1.6882886304641351,44.82554650420788,72.57091205242133,33.78049326000823,0.5797216553472848,0.09730861858214353,10.472865511395842,0.2091408647626898,12.976809399170667,0.7540538338817698,1.8256547505769738,0.5580742725663963,6.27254024623689,7.0380078587639066,3701.990308185298,0.5656005123560405,197.31755413971518,221.39714409015232,43.54683869651694,8.01123177548847,215.73312239395122,0.8034644589451649,4.690859794,5.016152537,-0.32529274300000033,-6.484905325358138,4.690859794,5.016152537,-0.32529274300000033,4.690859794,5.016152537,-0.32529274300000033,-5.671518327,-5.67574908,0.004230752999999865,0.7705506451,0.001631840385,320.0640412,323.15,0.13517745552548202,0.13672542683052782,-0.0015479713050458033,LH,LH,0.32529274300000033
P000160,4.547473508864641e-13,60.01015480715911,0.6693725448043176,9.502226741354585,0.46267567043655455,33.03932860537991,3.538026468992797,0.633371739704407,1.823075081936501,0.522340905849134,32.372573919750735,55.78599683526386,38.01174807937936,0.5572778567863198,0.134316503256607,15.631912427050395,0.21679530323710913,9.583479432099836,1.5769050861267297,2.003453103494606,0.6390671529304983,4.143329667482024,4.649862367011702,1914.078773058598,0.29680220432034654,15.99551249933739,17.951005008233977,111.31766585439398,0.48413551892615597,13.039735926336677,0.8539089941986006,0.4607420471,0.8826250176,-0.4218829705,-42.18829705,0.4607420471,0.8826250176,-0.4218829705,0.4607420471,0.8826250176,-0.4218829705,-8.13032288,-8.12957607,-0.0007468099999989875,1.120320105,0.0002672935975,320.0036333,323.15,0.11407231876973575,0.11218804213546117,0.0018842766342745815,LH,LH,0.4218829705
P000161,9.094947017729282e-13,94.11893164248436,0.5739494461726595,3.401145652257247,0.6328787830609031,16.334736612437293,23.306549948172453,0.8796062409863379,1.2421480525551747,3.774693136410683,57.78271068861419,57.021860804722735,30.042501872887506,0.6266099302966996,0.3410183457121934,8.623231519433116,0.19852468497666462,12.47832952160044,0.9425906012917687,1.8359333265795108,0.7800614608998168,4.111768749549191,33.24253452307274,2849.4887430151157,0.45501665703050936,154.08371269457697,1245.725003200698,35.89920579839791,9.432886268717514,1830.295815976171,5.668254069669592,4.368416513,4.355719058,0.012697454999999636,0.2915122585025004,4.368416513,4.355719058,0.012697454999999636,4.368416513,4.355719058,0.012697454999999636,-5.752111431,-5.75507324,0.002961808999999427,0.5229088505,0.535307304,322.199856,323.15,0.06115156103638508,0.061270663725120314,-0.00011910268873523144,HL,HL,0.012697454999999636
P000162,5.684341886080802e-14,81.81458200728346,0.6781468830070267,9.99093966040265,0.5712253933292818,11.315806474150174,3.7105932303583975,2.89219405249685,0.7587116715936427,2.957890336651028,27.938652928338385,158.0782911152011,39.75224730394364,0.6197566604751543,0.2542563676689376,14.697283268017095,0.20086917659095052,9.621067107289097,1.4232551971391814,1.8711695776796322,0.7636010186465104,3.244688911773478,13.713714929973433,1636.1010809550432,0.30713114907129396,18.054737039810565,76.30855334117777,36.84356506452379,1.5955325041175639,161.8448746337195,1.1435898267147793,-0.07381323841,0.005308296832,-0.079121535242,-7.9121535242,-0.07381323841,0.005308296832,-0.079121535242,-0.07381323841,0.005308296832,-0.079121535242,-10.70961667,-10.71156644,0.0019497699999995177,0.4075170175,0.0001145852239,320.3591262,323.15,0.2595826714678879,0.26006859302945956,-0.0004859215615716783,LH,LH,0.079121535242
P000163,4.547473508864641e-13,79.55679912003467,0.5403525104827351,9.63518624921895,0.3776522167552306,26.79460413188467,31.442090806693308,1.5399887762439235,3.574833037295476,2.9070961221108362,44.57584767427397,37.46089794510736,34.130459840325315,0.7487173160782028,0.4757209405879854,8.786292908871868,0.23858576687042252,11.751334895149657,1.5053227713430823,2.526422790354157,0.669784082016095,5.8694349789324685,3.5740661497637025,1573.0044342276642,0.39207567069783905,28.775998555714214,17.52252520605198,68.34038971149134,1.0739475162266627,15.694973617647832,5.356919519434218,0.1595233371,0.2203220335,-0.06079869639999999,-6.079869639999999,0.1595233371,0.2203220335,-0.06079869639999999,0.1595233371,0.2203220335,-0.06079869639999999,-9.952409074,-9.955591189,0.0031821149999995413,0.1568736434,0.0005600069774,322.51256,323.15,0.2023000139897655,0.20325607630323286,-0.0009560623134673707,LH,LH,0.06079869639999999
P000164,0.0,92.22255772794797,0.7218427471292371,9.330629579891443,0.6443855203406297,13.055837366744957,32.62174139184872,1.3424857382819995,3.952845054176867,1.1164529309192188,87.6196224792532,120.0866759069571,19.837413245064464,0.7003302786198501,0.5656740079131954,11.626921109450462,0.27550858379532117,10.75378505710935,1.3228702775478816,2.5651923462487076,0.7218803055363856,2.8832968590025536,5.4779035546821255,3591.3435029319785,0.4529978822501656,244.0105299547615,463.5895000702297,28.820967775595346,18.689764823226923,852.1971964835719,11.314041871891705,7.935121262,7.930395406,0.004725856000000306,0.05959168185264514,7.935121262,7.930395406,0.004725856000000306,7.935121262,7.930395406,0.004725856000000306,-6.876335425,-6.878006377,0.0016709520000004474,0.02230283143,2.189278499e-08,322.4135123,323.15,0.23044154032405495,0.23055222110587892,-0.00011068078182396857,HL,HL,0.004725856000000306
P000165,6.821210263296962e-13,49.36812395767516,0.43175856607300767,4.144497142749064,0.40733975753737245,18.137042202187065,33.02954927471862,1.5327983972717516,1.6436375980755686,3.1030639008104854,36.56446286552234,55.1489709987501,25.553379972506505,0.9242441254484828,0.5545657333797969,9.846924468267234,0.267807379340645,9.029565448777934,1.311833498220563,2.164444929535642,0.6823549853436542,14.423651334636565,12.027588447868746,3455.5613645703183,0.3854440259480381,99.19507867541087,82.71675144398277,47.05493140690713,5.469198206058614,109.4556660631357,2.2899575501663962,-5.598283391,-5.579294926,-0.01898846499999962,-0.3403380759011631,-5.598283391,-5.579294926,-0.01898846499999962,-5.598283391,-5.579294926,-0.01898846499999962,-10.94455019,-10.94716769,0.0026175000000012716,0.122895705,0.07496729284,322.8920517,323.15,0.049874303850407954,0.04967810531307813,0.00019619853732982112,LH,LH,0.01898846499999962
P000166,0.0,84.39729468882709,0.6923380831618592,6.807771415784456,0.735705232774893,23.399173279570505,14.005284334906076,1.7222698357191457,3.1518447456788308,2.6019830552638408,68.11085367451324,102.67201615636392,20.051537896222808,0.6334341202177829,0.6818770078261402,17.81309865712196,0.2617234815722834,11.361786806727537,0.8782484765602274,2.3065523872606746,0.43486971126649476,24.50821175836612,24.599888708599586,1495.4073351689665,0.6135350990124956,125.81699749262927,126.28763642505643,38.13827981028669,5.376984733152019,129.5303572476039,0.57145272258084,12.72360934,13.44608051,-0.7224711700000004,-5.373098647317264,12.72360934,13.44608051,-0.7224711700000004,12.72360934,13.44608051,-0.7224711700000004,-5.54171812,-5.544224741,0.0025066210000002087,1.701795071,0.3956326835,320.8628479,323.15,0.2540189472722998,0.2595398695254423,-0.005520922253142491,LH,LH,0.7224711700000004
P000167,2.2737367544323206e-13,81.5505108591944,0.4487480764932743,9.462663481762823,0.5756593198029583,14.952175854486784,8.065779222777424,0.2727282540226411,1.1529773549711821,0.5370133592154975,59.800951285628635,32.64088556951438,32.5344058044263,0.6171428614396305,0.60799986088474,10.261945862976887,0.25859969962966795,10.718271627022938,1.2929288431537758,2.1197713989892724,0.44159760667799774,7.496786658430725,5.213303605430899,2828.3846010002853,0.383008047536102,143.86064949059048,100.04142799308612,39.03880336372672,9.621385602378494,160.57825263696233,1.0758981934889158,3.804975078,4.095154742,-0.29017966400000006,-7.085926717833415,3.804975078,4.095154742,-0.29017966400000006,3.804975078,4.095154742,-0.29017966400000006,-6.920007703,-6.92233131,0.0023236070000001163,0.6017756506,0.09581220364,321.6536173,323.15,0.11738558299908294,0.12054426210827322,-0.0031586791091902794,LH,LH,0.29017966400000006
P000168,1.8189894035458565e-12,81.09599831171818,0.5808943950035017,8.056669321057036,0.3963383589275428,33.26090976845157,24.01108832959431,1.1427248861402728,1.4279499259895636,0.7476889600025686,53.6416724996419,43.33477702977009,20.07413204440648,0.8755320854286727,0.27405170738239965,9.491393030279347,0.19652186583281764,8.245446163863448,0.771963716054603,1.9920132714621956,0.5301122162064484,34.43195263598233,2.086523870103431,3242.321767305204,0.6028216404687179,992.802131631344,60.16229656907662,55.175374498151534,29.84891689802876,43.41117328749057,0.6973490171597782,1.812855588,1.932997501,-0.1201419130000001,-6.21531651943921,1.812855588,1.932997501,-0.1201419130000001,1.812855588,1.932997501,-0.1201419130000001,-4.543096067,-4.557210727,0.014114660000000612,0.3391097602,1.334018079e-05,321.8095483,323.15,0.09341102183650733,0.0945837097842344,-0.001172687947727069,LH,LH,0.1201419130000001
P000169,2.2737367544323206e-13,48.91052121042986,0.4956232527709529,9.233385184299966,0.5565290776020607,17.312051010596036,35.4715801740169,2.0598018061169654,3.0507433307370766,0.8843889409865889,29.521736583498743,145.35143183762924,30.735234905183813,0.7962802891260056,0.6727408677869914,14.511213745081745,0.20681135730716993,11.648699037958757,0.7759521777018669,2.508594728277975,0.48069052773971277,8.564729336413192,5.8610222348985355,2790.793446449025,0.7552470611477017,39.961598705233556,27.34655227897175,22.92236792591817,2.3083110534259985,37.9110051312589,4.141587991953051,0.8896921049,0.9585083738,-0.06881626890000003,-6.881626890000003,0.8896921049,0.9585083738,-0.06881626890000003,0.8896921049,0.9585083738,-0.06881626890000003,-9.233933405,-9.233448346,-0.00048505900000073154,0.1192861361,5.148263017e-07,322.7746982,323.15,0.13636020473072363,0.13653899691082627,-0.0001787921801026382,LH,LH,0.06881626890000003
P000170,2.842170943040401e-14,91.64790200737878,0.4870063129679072,3.5714915675147267,0.7018355752992055,22.340951194550442,19.591418675339,2.56258780499636,0.7190913459875626,2.440942381481449,82.71747611977304,59.236876991476684,23.70406847763046,0.7770371319105931,0.04701620950956997,15.517819802263174,0.2338260751350746,12.37572136318223,1.5569036356626171,1.6399144285465486,0.41581356986006623,4.349174597086364,4.578117955024348,2557.1110196644026,0.24606675904951197,99.74773365113529,104.99851873207764,90.7922357365431,4.46479349883126,112.7957546491821,4.50462915157829,10.65198975,10.76770603,-0.11571627999999912,-1.074660467861966,10.65198975,10.76770603,-0.11571627999999912,10.65198975,10.76770603,-0.11571627999999912,-7.241036906,-7.247138709,0.006101802999999961,0.2855253032,0.001264189463,322.3458927,323.15,0.15012105671643966,0.15081366091497672,-0.0006926041985370612,LH,LH,0.11571627999999912
P000171,5.684341886080802e-14,52.53716639815324,0.6029053073780468,6.0199748174247745,0.4022436920610168,33.06365458059172,3.1880135864452894,1.6931427391579028,3.4764793390062487,3.885310358230094,73.30450961092417,75.16025984947612,37.60903632727038,0.6372914226980745,0.27708157094583336,9.889187420817763,0.2041123784771383,8.585247554873053,1.2734332306993217,1.7757029952099652,0.4452526534152588,4.6634535942837845,25.47874188010088,3718.639260718161,0.32575241458597914,43.54667425636571,237.9169108651066,101.49933845498752,1.3170556857295355,172.6973600829449,0.6836164490524765,-1.876338651,-1.675547734,-0.20079091699999996,-11.983598731661079,-1.876338651,-1.675547734,-0.20079091699999996,-1.876338651,-1.675547734,-0.20079091699999996,-6.21307927,-6.21376381,0.0006845399999999557,1.542291015,1.039388427,320.7814953,323.15,0.07832299058633244,0.07759481908917998,0.0007281714971524578,LH,LH,0.20079091699999996
P000172,0.0,55.50369367683281,0.6669799560351085,4.167537098672345,0.36840768037881744,31.760422390230474,10.449166839101142,1.5793471084447286,3.317119610236765,3.8458056465251818,38.769589185281404,58.99406437386265,31.86876323273411,0.7295323619003992,0.11374822881114614,14.433100455066604,0.2562061379635795,13.327164501537515,1.1273634113586735,2.0599777149642113,0.5101310349016888,2.5051336080618083,36.41980325689998,1558.0776619345563,0.4268665081803084,6.808805855191524,98.98688391808352,74.40364090783827,0.2143802047571608,74.80017692600859,4.17110161528891,0.11954429,0.1105848284,0.008959461599999996,0.8959461599999996,0.11954429,0.1105848284,0.008959461599999996,0.11954429,0.1105848284,0.008959461599999996,-11.50127737,-11.5052115,0.003934129999999314,2.490498307,2.485134741,321.5972953,323.15,0.11059945779324296,0.11113735048359716,-0.0005378926903542025,HL,HL,0.008959461599999996
P000173,0.0,57.99646637821282,0.47775834255240973,5.293091732493575,0.7897451463640578,19.692465607196958,34.12845402396772,1.8624221718606224,2.083553195115122,2.775692692864626,72.25361322974456,99.32928237332162,38.56367115364008,0.9117470424436924,0.535878027866447,16.348506042847685,0.1959886048916969,8.384797751319192,0.8890918300808472,2.339994608697175,0.7952048361291455,2.4690746325483763,30.771219044280983,1258.103971561952,0.6148394598137843,5.785795474830915,72.10635820986813,32.028630064116555,0.29380757037942445,87.87891935707505,13.822366312493003,-15.26080401,-15.26461603,0.003812019999999805,0.024972917710526947,-15.26080401,-15.26461603,0.003812019999999805,-15.26080401,-15.26461603,0.003812019999999805,-22.30225855,-22.30388317,0.001624619999997634,0.1790716864,0.1836757356,322.7262243,323.15,0.09178870677760476,0.09219844509484879,-0.0004097383172440294,HL,HL,0.003812019999999805
P000174,0.0,55.98193442495081,0.7342763424489319,9.373098982005153,0.3837573630121879,21.043583659041452,6.53485472126255,2.4532874446328155,1.177263849774738,1.001870092108555,60.876526830282465,174.40367532512093,35.49214475769332,0.560834779382024,0.49500074212831346,8.047777415730561,0.2781803556321603,11.41797001594038,1.3777112032444572,1.827168496398902,0.5726210431540899,22.273454316944907,2.9124774346748343,2049.339218977456,0.3098231774741746,84.11935327259671,10.999448704258414,67.9212699017508,3.9973872623380156,12.544762963354822,0.2933920634075627,-0.853873329,-0.5573591267,-0.29651420230000003,-29.651420230000003,-0.853873329,-0.5573591267,-0.29651420230000003,-0.853873329,-0.5573591267,-0.29651420230000003,-7.661503558,-7.657338582,-0.004164975999999321,0.6982896585,2.768332589e-14,321.0104124,323.15,0.12335242906511547,0.12345012157546384,-9.769251034837112e-05,LH,LH,0.29651420230000003
P000175,2.842170943040401e-14,63.81706755572872,0.7072143903054704,4.303999509908927,0.4526698446206787,23.821773762286178,11.967121607371244,2.7933847708160173,2.6637213433174463,1.3660575084531335,74.60763514120481,132.27322605225237,26.611197612507056,0.8308415834168814,0.3352679743628063,14.10137877936061,0.2505749805676464,13.738193882317564,1.2124575740549899,2.2676676001858804,0.7054236587742679,4.296051721512622,10.307208778376605,2925.5715680032927,0.43692444094218214,39.86685730276473,95.64969143636432,54.52149509173028,1.673546970120276,96.36530920745489,2.7856092950290803,1.95368016,1.994929768,-0.04124960799999999,-2.0677223159266624,1.95368016,1.994929768,-0.04124960799999999,1.95368016,1.994929768,-0.04124960799999999,-12.31845292,-12.32000028,0.0015473599999999976,0.2273524586,5.424432868e-05,321.509101,323.15,0.08634605944591782,0.08643369930554366,-8.76398596258432e-05,LH,LH,0.04124960799999999
P000176,2.842170943040401e-14,49.73759719873615,0.657103130524931,9.15419960618718,0.748634128728714,11.58378525677285,15.064861639688134,0.7195669448105617,3.4365066708730776,2.7543467771905776,73.80149488916085,44.82311638516552,31.082293676594325,0.7969540055585581,0.3515338846950772,9.17756471612991,0.25192727893274375,10.458301727403754,1.3143473331029174,2.228303064910834,0.4547091480522449,20.462164919275047,4.939413120191164,3830.8823539441737,0.3960569187272461,176.820672596866,42.68318399307132,29.24777906670101,15.264498493139953,88.43365041101428,0.7362300958437327,-1.73159476,-1.588282646,-0.143312114,-9.023086310293918,-1.73159476,-1.588282646,-0.143312114,-1.73159476,-1.588282646,-0.143312114,-8.345218925,-8.346670304,0.0014513790000005855,0.2493420879,0.01346801385,322.4900377,323.15,0.1555568756713569,0.15592123530725258,-0.000364359635895678,LH,LH,0.143312114
P000177,2.842170943040401e-14,69.33379467712015,0.5151988920851708,9.138890444442328,0.6140316639852414,11.196027836272279,10.630259162963272,0.5541408170397281,3.6193397978476485,2.0719668037855437,84.75593655955058,153.95105319608584,34.895903429925866,0.7321017230382689,0.16943831508426277,13.78933296833766,0.18241599459853003,13.137692337506849,1.0578726962672145,1.7034448511038438,0.6595504635390803,2.4326745885432466,3.9431983135869544,3965.446014968586,0.3761734713326523,69.48178205283358,112.62519331852634,29.762938350247374,6.20593152043891,241.42532326398702,4.369782630618495,2.920056757,2.943220733,-0.023163976000000197,-0.7870281606908005,2.920056757,2.943220733,-0.023163976000000197,2.920056757,2.943220733,-0.023163976000000197,-10.49867119,-10.50002099,0.0013497999999998456,0.07214386831,1.629457759e-12,322.079919,323.15,0.2553046474991318,0.25533887168291547,-3.422418378368208e-05,LH,LH,0.023163976000000197
P000178,4.547473508864641e-13,53.334098347081294,0.4132233504361757,7.227160680034252,0.6902141126086001,34.90087664431908,23.85495798207955,1.7727962086705618,3.229457866677096,1.8061878682998396,54.67202853581672,71.54743165396549,27.73088541147951,0.5684121968197604,0.35409333692071837,17.236873486432387,0.19888740901523622,10.972666640409766,1.1742969047640315,2.4341029797624523,0.49297331379680975,2.536639530683045,2.69109035765901,3931.1278523038104,0.4842331605867914,28.0919248832874,29.80238511111571,72.07452831612433,0.8049059961896404,20.493962084565624,9.404157624105181,5.048813715,5.18153511,-0.1327213950000008,-2.561430004476044,5.048813715,5.18153511,-0.1327213950000008,5.048813715,5.18153511,-0.1327213950000008,-4.858805277,-4.870495554,0.011690276999999583,0.2321910543,1.06926662e-07,322.6063955,323.15,0.12114485414268697,0.12157391473180418,-0.00042906058911720835,LH,LH,0.1327213950000008
P000179,4.547473508864641e-13,77.6277493475447,0.4993431275878222,5.166977402530094,0.550692705454189,10.7984091181578,16.079750297454932,0.6811871773505203,3.0996798018171194,3.543098798085113,39.8143691528875,21.14549582599039,33.05821416644108,0.7478969374543007,0.1327073578977496,10.770086864108066,0.2119157415295234,12.8798695283722,1.11491091961177,2.3498499098748584,0.7516041815738208,17.433607710352376,4.376664696616643,1950.1757537080052,0.4923721157752801,117.50443672231152,29.49920225593801,21.931398574744268,10.881643345474366,65.56344053977585,0.9223420972072521,0.8522099685,0.9597603457,-0.10755037720000005,-10.755037720000004,0.8522099685,0.9597603457,-0.10755037720000005,0.8522099685,0.9597603457,-0.10755037720000005,-10.60965052,-10.61274308,0.0030925599999989117,0.2777761335,0.04553346256,322.4034857,323.15,0.11513468691924804,0.1162800553151673,-0.0011453683959192634,LH,LH,0.10755037720000005
P000180,0.0,87.54461810184891,0.7189938782699566,6.426141020573542,0.7914531854655499,30.5508534643361,22.453651026316933,2.601999975618891,0.8537381276753504,2.2592065373685464,24.41166994598217,146.09336686553405,35.26578959748366,0.7728781306663225,0.4271234860672024,14.383968044981893,0.18559627593003344,13.55570317959422,1.2091877189700309,2.5047927195636532,0.4572690531685608,13.065271457493273,17.531182938405262,1541.337478204789,0.4839177582937309,76.8810998089444,103.16024658510942,63.13232556717249,2.5164959760843493,81.04015558625339,1.7185751631237007,7.408724785,7.796714701,-0.38798991599999955,-4.9763256817674275,7.408724785,7.796714701,-0.38798991599999955,7.408724785,7.796714701,-0.38798991599999955,-9.529778651,-9.550499516,0.020720864999999478,0.8229458719,0.02186616082,321.6650875,323.15,0.255949762648486,0.2581253908390797,-0.0021756281905936925,LH,LH,0.38798991599999955
P000181,0.0,69.0123519786456,0.6117145971691986,8.166604090195413,0.5291948459154495,31.37706005621936,17.527448346429395,1.3014763395889526,1.8528951202059412,0.4329614361912436,71.0843480119363,170.59838641734532,29.8519341962943,0.6219034576049469,0.3418280039085414,16.80866255438043,0.1907184551250818,12.870522433088562,1.0853309220362317,2.0973708274940797,0.7010285038044524,10.794694862321622,6.951962296001106,1979.5270815816493,0.45144676105207865,56.97002890236852,36.68964227175753,69.50334516321786,1.8156585989985472,28.06354110118878,1.6237094767364046,7.140527935,7.384718053,-0.24419011800000057,-3.3066952082320826,7.140527935,7.384718053,-0.24419011800000057,7.140527935,7.384718053,-0.24419011800000057,-7.650176243,-7.651905102,0.0017288589999999715,0.5312649872,6.477346293e-09,321.8073329,323.15,0.10897685246503129,0.11021014318493227,-0.001233290719900984,LH,LH,0.24419011800000057
P000182,5.684341886080802e-14,73.79198774487114,0.7398177579868495,6.562092369452796,0.6017911155140245,30.211998456530562,28.54454199752798,0.25217706374357934,3.8542565567233753,0.6320117528984632,80.79824516102674,171.4298307037043,37.73060622126032,0.7368025076487803,0.09421155167188759,10.338291337681797,0.2732665151408581,9.135802122278132,0.8808648371784519,2.0397736077898996,0.5420728010665603,11.66886616577818,13.793253767915102,3505.533838899765,0.5409612903351517,289.2097878935863,341.8621775164654,55.84872521620312,9.572679818241923,271.57065667801464,2.4462138473437864,-4.100943205,-4.064891968,-0.03605123699999968,-0.8868928690800493,-4.100943205,-4.064891968,-0.03605123699999968,-4.100943205,-4.064891968,-0.03605123699999968,-12.51342245,-12.51495328,0.001530830000000094,0.2064046338,0.0004751837902,321.9343116,323.15,0.03337162688084494,0.033394227346429106,-2.2600465584166063e-05,LH,LH,0.03605123699999968
P000183,4.547473508864641e-13,52.104715693327066,0.5894655480598037,7.598953686645809,0.5441062581224927,30.42293554799036,20.36965836988302,1.3852188904224634,2.8717256759813323,1.8624627024145943,73.18669002347877,69.8285190741702,24.11540373912009,0.635567743647585,0.3061238836439834,16.15530459252215,0.20539453188261,11.1838202364881,1.5930466795937996,1.6566168577189215,0.3626359845572101,3.049835111043081,4.046338010195114,2210.267013084562,0.24293331122964623,11.358156868034905,15.069320205042104,125.23163412213727,0.373341910090106,11.887862837907528,6.678937591126475,5.635425317,5.814069611,-0.1786442939999997,-3.072620487068326,5.635425317,5.814069611,-0.1786442939999997,5.635425317,5.814069611,-0.1786442939999997,-4.454325522,-4.449282935,-0.005042587000000154,0.3238044666,0.0002051170806,322.4964428,323.15,0.12319682719514763,0.12465073266941884,-0.001453905474271211,LH,LH,0.1786442939999997
P000184,0.0,45.28767770370761,0.6952893136097827,7.124612237510497,0.7809796275282511,12.191755052284257,25.12206177896665,1.8076153044572405,1.130078292367423,0.7721665537539807,90.356831135523,109.9463052451026,33.96740590202269,0.6926338190572607,0.6856230905624415,13.026013232988078,0.18142280000830294,8.26097888363332,1.2969909274952558,2.257616294792699,0.5804022271865269,2.396122447462336,13.344966662754787,3347.0153227139745,0.4066368082524632,12.961380108215087,72.18712283698608,29.981926881333685,1.0631266829615833,142.10349048663548,10.484464934407963,-2.973960595,-2.972006548,-0.0019540469999999033,-0.06574840830397469,-2.973960595,-2.972006548,-0.0019540469999999033,-2.973960595,-2.972006548,-0.0019540469999999033,-7.816638234,-7.816960516,0.00032228199999995155,0.01815457151,0.007754488576,322.7365764,323.15,0.0858711318002135,0.08644979164721289,-0.0005786598469993964,LH,LH,0.0019540469999999033
P000185,0.0,93.81706614261014,0.40967758797675224,4.907574534536498,0.5731855956793863,22.633747400838068,5.4037798375265265,2.654809559895265,3.9259233620289953,1.772478769986099,95.49305620028589,11.754646630880185,36.42725023238776,0.7612801788222832,0.6250121234435506,11.149595509694567,0.1902249454857196,9.243311010475697,1.6742619749348953,2.4377766309960056,0.38370039080659757,13.740634145698333,12.588554056924345,3741.5000088620513,0.3401449211255147,1566.8956530520645,1435.5196725895516,66.54148274783775,69.22829106920432,1522.1726889500212,0.3932700470900932,0.3840935814,0.625485188,-0.24139160659999997,-24.139160659999998,0.3840935814,0.625485188,-0.24139160659999997,0.3840935814,0.625485188,-0.24139160659999997,-7.635938164,-7.636096233,0.00015806900000026047,6.397961329,6.195934652,320.977778,323.15,0.09247531956446034,0.09466172179220392,-0.002186402227743578,LH,LH,0.24139160659999997
P000186,0.0,94.51583775087329,0.35810661369563324,9.05989008180119,0.39254606739963704,12.093821648045191,35.9077523167919,0.3629353499401161,1.878098375004204,0.868515014126338,52.592995783267696,90.36931227540101,26.74472500500968,0.6835992911327218,0.12351759548165932,12.76260942385369,0.2224137297337569,12.249522135298204,1.428947746220762,2.007828060954275,0.7018806929784944,29.122044418062924,33.855451080179634,3255.216323028966,0.32824919279247833,1873.8831502061685,2178.458298155349,36.84341626299443,154.94549239603325,4323.116437241262,1.2330093245280591,8.685485591,8.725669581,-0.04018398999999917,-0.46052614790157925,8.685485591,8.725669581,-0.04018398999999917,8.685485591,8.725669581,-0.04018398999999917,-7.91282747,-7.927965106,0.015137636000000398,0.4096915475,0.3646659084,322.9103348,323.15,0.14373922014850385,0.14389304037841433,-0.0001538202299104785,LH,LH,0.04018398999999917
P000187,4.547473508864641e-13,84.97831983801876,0.37386170926215273,6.981508683934921,0.42694714165399617,24.739936663707347,12.556027879530777,2.4052835245180373,2.7293826346805505,0.4792989853174617,81.70745945621672,42.25308013429322,39.55848119267589,0.6506020419298839,0.24395244126892288,11.12387125046662,0.19450384986028985,11.089752662794577,1.1849810531498177,2.292268049519505,0.6675031659117454,35.68505509873114,3.526714225782555,3775.541050273258,0.4519053571272992,2306.206298540387,227.91979830629182,54.745836209988205,93.2179548350871,221.1030381244031,0.35185676033823005,1.399278247,1.52890353,-0.12962528299999998,-8.478316679666506,1.399278247,1.52890353,-0.12962528299999998,1.399278247,1.52890353,-0.12962528299999998,-8.942898329,-8.948714186,0.00581585699999998,0.2724909736,0.0003030465678,321.9958793,323.15,0.0399971142028091,0.0409517348475414,-0.0009546206447322986,LH,LH,0.12962528299999998
P000188,0.0,89.48109231732579,0.5997062121290268,3.3177161975948626,0.6710796882765346,27.799341815082617,11.812406485989737,2.8707402623769247,2.0786168664811138,3.136976925426433,56.71742203963794,58.01057771809637,30.256940342884057,0.7603277626542158,0.4080743670567068,14.744635863489616,0.2581133362639552,11.192157900090779,1.2367840188024535,1.8830714895423881,0.5867136961465862,4.227780869311416,23.93608741793339,2182.4105340242922,0.3556857270840247,56.14178665972328,317.8534448274212,78.15703498418844,2.019536542741576,274.4123485585278,2.7939968629248373,2.884646977,2.925510033,-0.040863056000000064,-1.3967839979716816,2.884646977,2.925510033,-0.040863056000000064,2.884646977,2.925510033,-0.040863056000000064,-12.2165187,-12.22105474,0.00453603999999963,1.114057301,0.9272086558,321.1646193,323.15,0.10619201790960087,0.1061331979850541,5.8819924546760216e-05,LH,LH,0.040863056000000064
P000189,2.2737367544323206e-13,69.95082650184798,0.46193741920205655,6.753584663943101,0.5664429270832164,9.892660928289102,29.562946661891683,1.369102775525655,1.70708177385727,3.357015058513234,62.01490398777245,84.59753107845806,31.771198995340328,0.7397819384180232,0.20145169423885714,15.404801318311218,0.2297788954938356,12.469135062977124,0.897016048812959,1.7286611390062252,0.6496639172519348,4.8598724525108,25.046539177210914,2735.109973306043,0.45019757444947217,50.36605390618358,259.57375521470857,21.97404315291219,5.091254443196023,629.7365461438515,6.083070481946149,2.404911271,2.404075744,0.0008355270000000026,0.03475460380502897,2.404911271,2.404075744,0.0008355270000000026,2.404911271,2.404075744,0.0008355270000000026,-12.1084405,-12.11056292,0.002122419999999181,0.3051586773,0.3095621736,322.8008801,323.15,0.20358806119556433,0.20382274404281878,-0.0002346828472544471,HL,HL,0.0008355270000000026
P000190,9.094947017729282e-13,72.53921933819271,0.6900656176587543,5.253572084001293,0.45712572538778395,28.33145078537036,11.274331282303416,1.4705946644061323,3.0643961805462756,3.5852438927812407,38.57978342771213,165.88906156721785,21.317127449225776,0.9170950907878523,0.44683501514936325,16.51730776209973,0.26789149471395013,9.448372643761378,0.8597372714027216,1.7608370193354936,0.37055264156542816,6.4577027373968,4.983007700067091,2447.9115054436406,0.4784613930967468,57.85270756778371,44.641337485318545,59.21366111067112,2.0419959431677737,37.816351437988644,1.745873376458371,3.45567316,3.799693367,-0.34402020700000024,-9.05389392701488,3.45567316,3.799693367,-0.34402020700000024,3.45567316,3.799693367,-0.34402020700000024,-8.447607579,-8.451337205,0.0037296260000001524,0.9017017176,1.150466513e-07,320.8791721,323.15,0.17892392337813265,0.1798343839282436,-0.0009104605501109586,LH,LH,0.34402020700000024
P000191,9.094947017729282e-13,83.07628009813415,0.6444073112215665,5.555263654307435,0.6729209035470516,29.16119763382376,13.354761342443556,1.7435727172207645,2.2156279831002745,3.612425040436259,27.299935268862292,170.24212694333153,19.087578761076717,0.578116472427346,0.12234176611308797,9.734253087831348,0.22777435831212206,9.53614453467948,0.924589169916114,2.4303662138586155,0.7194210184726181,2.509244197489028,18.79093991902003,1326.5357790313824,0.6140679234626204,10.386440770257769,77.7807854180471,47.48855382217154,0.35617332664727896,64.01447819371862,5.322224658647219,4.378714559,4.369129346,0.00958521299999937,0.2193849675971431,4.378714559,4.369129346,0.00958521299999937,4.378714559,4.369129346,0.00958521299999937,-3.432758932,-3.439147369,0.006388437000000025,0.04249320749,0.0007838709588,321.1207037,323.15,0.12451894292453511,0.1243941236025907,0.0001248193219444138,HL,HL,0.00958521299999937
P000192,2.842170943040401e-14,90.67046048858568,0.7312400184424672,6.309424077453775,0.653021187728581,15.850277407549754,21.004922820450744,2.815217371653613,1.005794489094326,3.1254939900336205,94.32531292809992,126.023452470171,34.59672510537224,0.7271415981997811,0.6157383171774142,14.177075404758337,0.2032854641330023,12.531666994762158,1.3352241384394805,1.6025819853237153,0.4700599476383958,7.809481015718443,3.865873036346133,2025.6635704983119,0.2803880992412816,90.03005930802522,44.56695368604069,56.52977943942677,5.680030512597993,67.48190337384914,2.689669489966533,6.989002912,7.139274555,-0.15027164299999995,-2.1048587197806676,6.989002912,7.139274555,-0.15027164299999995,6.989002912,7.139274555,-0.15027164299999995,-8.862787702,-8.865213525,0.002425822999999383,0.4913726419,1.333432913e-08,321.982222,323.15,0.26359633534098276,0.2643734432390527,-0.0007771078980699508,LH,LH,0.15027164299999995
P000193,9.094947017729282e-13,75.50786324787839,0.48895495840252134,4.748978920534585,0.6559202166428744,30.717296972160913,18.30006277625697,0.3708262352081452,3.007978211545025,3.7530568419538035,42.14576967478098,38.864845842880555,39.85244640225232,0.8543580955656354,0.18914047778416185,11.226026879740564,0.21523307111903,13.294605169051536,1.6889395103570919,2.479961153405447,0.502825519442079,3.8561246840728782,9.005073120170312,1510.1757722538737,0.34302381879677185,16.031961644831824,37.43887936709362,89.54858318558836,0.5219196747474751,29.251698338710842,4.745713449526807,-0.3337656332,-0.2569377233,-0.07682790990000005,-7.682790990000004,-0.3337656332,-0.2569377233,-0.07682790990000005,-0.3337656332,-0.2569377233,-0.07682790990000005,-12.42864096,-12.43100694,0.002365980000000434,0.4332272426,0.3250943507,322.3606669,323.15,0.1823234340863608,0.18292213376389943,-0.0005986996775386166,LH,LH,0.07682790990000005
P000194,0.0,91.13175336084507,0.7449358541634126,8.817921946095769,0.4655038412227722,14.120307956306604,18.47926551470424,0.9189247210153337,0.9099005288192308,3.4887218428821654,36.8887176070782,12.980757692796013,23.640892023614413,0.6249375334329398,0.42453541080708734,8.481903324379642,0.24814187140680805,11.44139502682916,1.2420939489883491,1.6237548530713808,0.6346627400953496,3.675146218316225,24.23921224490903,2886.626426698896,0.305393304352715,122.75544536648947,809.626370680811,46.23646869480251,8.693538819857167,1376.1054614719583,5.028171511274061,5.461222906,5.437549024,0.023673881999999757,0.4353778126047063,5.461222906,5.437549024,0.023673881999999757,5.461222906,5.437549024,0.023673881999999757,-5.359929584,-5.362737052,0.0028074680000003127,2.545426412,2.616493906,321.9565605,323.15,0.22657314008881477,0.22765469474633082,-0.001081554657516054,HL,HL,0.023673881999999757
P000195,9.094947017729282e-13,73.27950651044719,0.5587193596361253,5.3832654889183384,0.6283614543152832,30.179165549664013,8.62595571611495,2.6903475303243294,3.0255030418326476,2.6267600300085854,24.658166482139947,75.65503004726723,30.385374686396407,0.5645519428891225,0.05447654689956356,12.870899703616434,0.2723895990087969,9.783856261857869,0.9762685439396201,2.033450096921427,0.5821026135112737,21.225566730317063,18.520283821520856,3382.7469845956934,0.4865838805108437,457.2214495922296,398.94675715020554,62.02253456892199,15.150234980480429,317.26265445770514,0.40639460070549066,2.189326305,2.412929638,-0.22360333300000024,-9.266881614722005,2.189326305,2.412929638,-0.22360333300000024,2.189326305,2.412929638,-0.22360333300000024,-7.850766851,-7.872012676,0.021245824999999385,0.7227881956,0.2319422466,321.0267148,323.15,0.09743042911833905,0.09932628737386326,-0.0018958582555242132,LH,LH,0.22360333300000024
P000196,0.0,77.89528566801147,0.5213309032931932,9.24026447505251,0.5553884110980889,17.918668914281305,4.59129197326598,2.1373768564650852,3.3269152806747857,2.9313844658347614,63.89920544939436,151.9117443340989,39.1620992577068,0.863524255130146,0.6224071051698846,8.694412102061642,0.2064095121608563,12.921962341351081,1.283342601571802,1.8009178215912252,0.5201922654106463,2.3135088474348127,5.603551166428875,2551.730286735642,0.3278270454097363,28.41017543621543,68.81230295728948,54.65890982815517,1.5855070246636633,92.16618036056764,1.984557776105651,0.2701723821,0.3738113328,-0.10363895070000001,-10.363895070000002,0.2701723821,0.3738113328,-0.10363895070000001,0.2701723821,0.3738113328,-0.10363895070000001,-9.712062607,-9.713590005,0.0015273980000003462,0.3420126115,3.158610672e-08,320.6702592,323.15,0.23911877569456572,0.24021624690015417,-0.0010974712055884517,LH,LH,0.10363895070000001
P000197,4.547473508864641e-13,47.75476433355247,0.6719120471090181,8.904975372132313,0.730585433020662,9.39628563143911,16.939031557119186,0.7418550513354127,3.459995866012417,2.6942411621604196,43.33797476667503,22.443738130791495,29.40974944363387,0.5619907583764192,0.22269762431003273,8.704421118799514,0.2622498254465353,10.922971260849108,1.6072666469586,2.185373153211896,0.4440794297688828,11.58926380478409,2.112077908909738,3853.84349493688,0.3176370588416584,91.65921635084015,16.70437477854913,29.581830488246474,9.754835042919176,42.66632693069566,1.4616141147918897,0.66623277,0.787960641,-0.12172787099999993,-12.172787099999994,0.66623277,0.787960641,-0.12172787099999993,0.66623277,0.787960641,-0.12172787099999993,-5.453182148,-5.455905423,0.002723275000000136,0.261159665,0.004796249337,322.6916206,323.15,0.14048942385107632,0.14067973536854694,-0.00019031151747062047,LH,LH,0.12172787099999993
P000198,2.842170943040401e-14,69.71696907784647,0.64069099130417,5.325306564535417,0.38638962799218884,26.946259371386603,32.93826876615996,1.9566277856767453,2.698178877722088,0.3643701433563932,88.5351919370913,161.11213416063913,32.61759701998709,0.8413354473754784,0.4794701128144086,15.675287497249098,0.2670763015406537,12.08514670185166,1.137821867285389,1.857883172212846,0.793628097314971,2.316479973226317,2.508028254808189,2031.283777889274,0.3814500007903412,13.055830548640653,14.135409019044248,70.64165504143556,0.48451365247765094,12.589866807906585,14.219103617064569,-4.310580238,-4.266373841,-0.04420639699999995,-1.0361585423006054,-4.310580238,-4.266373841,-0.04420639699999995,-4.310580238,-4.266373841,-0.04420639699999995,-19.1867236,-19.18938731,0.002663710000000208,0.1388016765,4.326396199e-25,322.3880846,323.15,0.023921866020994942,0.02368637765373713,0.0002354883672578134,LH,LH,0.04420639699999995
P000199,1.8189894035458565e-12,88.19033792245692,0.5412297715791119,4.330600311083557,0.3594864684722257,32.49916556672334,11.15625915214968,1.430312684046419,2.056467754756934,0.34793094970007943,29.335407704349276,80.234826611526,38.44668869683218,0.9279942740108714,0.06298495700765266,10.112467106059636,0.2559245639849101,8.46961916631901,1.5316744787312266,2.208330892869811,0.48911372405990283,3.0023766146013737,2.415634699501437,3269.6458667066718,0.33681480023852767,133.90567850850607,107.73705133870354,96.48971940576209,4.120280511005342,79.56171141749044,3.7158093684495666,-5.855623223,-5.785230943,-0.07039228000000008,-1.2167583402210271,-5.855623223,-5.785230943,-0.07039228000000008,-5.855623223,-5.785230943,-0.07039228000000008,-13.89052861,-13.89923012,0.008701509999999857,0.3647723979,2.972273454e-09,321.3826245,323.15,0.02232796850210622,0.021905788837819823,0.0004221796642863984,LH,LH,0.07039228000000008
P000200,2.842170943040401e-14,67.28502553502987,0.38924172230725995,9.400641165780822,0.5987374790244591,12.540892755762783,4.2426997917476665,2.9089001212369485,3.1366719007714208,3.6925553346900952,47.8571671997403,59.80754836749719,21.369392346519156,0.6772220047760609,0.367732633360316,10.716620637921153,0.20741745104942405,9.873663693219402,0.854344932663571,1.9226460458166772,0.5659227740043844,8.081566516729866,14.975228907379948,3769.054548066932,0.5257261579773285,173.59787931534973,321.6787209758701,23.85442033931209,13.84254555845541,615.6092276503409,0.5249848260191561,3.728782393,3.938831601,-0.21004920800000004,-5.332779597550508,3.728782393,3.938831601,-0.21004920800000004,3.728782393,3.938831601,-0.21004920800000004,-4.176582701,-4.178796556,0.0022138549999999313,0.5223511495,0.1816939352,321.5343743,323.15,0.1664110099005721,0.16768047681942574,-0.0012694669188536567,LH,LH,0.21004920800000004
P000201,2.2737367544323206e-13,66.52212934295153,0.407913170872926,5.297592405224303,0.7584086802501346,12.475200109077822,17.93061726535313,2.199160294869472,2.131489331453064,2.0911484178920476,51.940436921777234,87.32530959926294,32.14155979398682,0.6084251925797349,0.3204635961796907,11.573020224746747,0.26556965216551126,8.418417370343235,0.7091044639931798,1.9382873335725623,0.3506819971451142,16.825271926486465,16.676375397536102,2913.352105740414,0.6385595926143184,174.13681419141577,172.5957771544595,19.536469662922563,13.958638953190157,332.0426618802535,1.0656955408326343,0.1456206702,0.2727725877,-0.12715191750000002,-12.715191750000002,0.1456206702,0.2727725877,-0.12715191750000002,0.1456206702,0.2727725877,-0.12715191750000002,-6.81436335,-6.818155142,0.003791792000000349,0.5431638072,0.366128842,322.517224,323.15,0.08344207836700232,0.08402718387582517,-0.0005851055088228474,LH,LH,0.12715191750000002
P000202,5.684341886080802e-14,83.49355920032724,0.6273072081536326,7.424308751089372,0.7931455269424272,28.451021975996206,24.977586158612105,2.0412976027426746,2.1528419609362626,0.7010288176116068,41.90195403235702,21.528596719091638,33.86610929455479,0.8641859887125392,0.06608047334166772,11.073028381575945,0.26851559435736283,13.187398151479705,0.8357432065630572,2.086746014036018,0.6621671763903122,4.9976998069338014,8.182484896528376,1410.8977441045322,0.5832976578420511,22.875556731211834,37.45300932103347,48.77616358216262,0.8040328656914916,31.593670851724454,4.997816420257624,-0.02588758441,0.00291133753,-0.02879892194,-2.879892194,-0.02588758441,0.00291133753,-0.02879892194,-0.02588758441,0.00291133753,-0.02879892194,-15.39808578,-15.4054933,0.007407519999999224,0.6012494802,0.5768176351,321.8602144,323.15,0.12064203837565932,0.12025984363361034,0.0003821947420489802,LH,LH,0.02879892194
P000203,1.4210854715202004e-14,47.022322253656355,0.60602683842391,5.110120257138442,0.563496881415626,8.285272715493331,23.511194717916673,0.7533359556408906,2.62903772032873,2.1252191718516835,44.44714686671166,53.898763625550295,28.86317938860616,0.6320545206366344,0.5912408697954146,11.779072261266702,0.24746605435282892,9.333511785099494,0.9820083136146255,2.448793767056922,0.4467811794786349,20.933320354076443,6.446612796833278,2402.6620408712797,0.582546425394755,74.2534972666881,22.867062539165705,14.222510609139732,8.96210659763018,66.23915950451597,1.123146940869236,-0.6924285585,-0.6013124427,-0.09111611580000001,-9.111611580000002,-0.6924285585,-0.6013124427,-0.09111611580000001,-0.6924285585,-0.6013124427,-0.09111611580000001,-6.39497249,-6.392662078,-0.0023104119999999284,0.2170364339,0.02354961317,322.7669971,323.15,0.06827738630151467,0.06859487352019679,-0.00031748721868211927,LH,LH,0.09111611580000001
P000204,4.547473508864641e-13,60.189891761849175,0.4041249912761271,8.360067687685405,0.5779447237295784,19.818789292282837,32.44362883473511,1.8837316837901827,2.695301329357121,0.2844151025942508,64.04634112549411,29.307663139800724,30.998523937212006,0.645126846521075,0.07105524441678847,16.690642570562694,0.26724432958048455,8.911895023237138,0.803335713167079,2.5519843830344118,0.6159484986650099,2.672364792920223,3.79330661105379,2698.732947990504,0.7421205076374838,18.075011674180722,25.656699811413425,26.70562137593435,0.9120139180862517,31.069546499174443,12.14041919751621,-1.325186315,-1.278155332,-0.04703098299999997,-3.6795983885939747,-1.325186315,-1.278155332,-0.04703098299999997,-1.325186315,-1.278155332,-0.04703098299999997,-10.97774337,-10.98186713,0.004123759999998811,0.0967632623,0.01018991263,322.7503267,323.15,0.06764408948374502,0.06784598586976945,-0.00020189638602442772,LH,LH,0.04703098299999997
P000205,5.684341886080802e-14,89.92584264344424,0.3570026138066322,7.558963505125557,0.3510361770646981,28.9483804680896,33.93218835554858,2.604532232558493,2.3322804202121845,3.2441863860242894,64.8090237606842,63.49976648170126,33.59318685960241,0.7175900908533798,0.289268137982261,14.871601705085265,0.2263165458113595,8.776079787436162,1.4729333840386143,2.299655281214657,0.5530344523178994,15.258758475102944,2.6229113388988337,3080.9972559127323,0.36473137973428355,602.6552044845008,103.59369485190884,79.36904274367416,20.818270132549216,85.88558794114427,2.223784353813206,0.6540865731,0.7658545294,-0.11176795630000003,-11.176795630000003,0.6540865731,0.7658545294,-0.11176795630000003,0.6540865731,0.7658545294,-0.11176795630000003,-10.76813856,-10.78455008,0.016411520000000124,0.3063407122,3.33436895e-07,322.7087059,323.15,0.15702502957293807,0.15765740869794204,-0.0006323791250039679,LH,LH,0.11176795630000003
P000206,5.684341886080802e-14,63.57551913291774,0.5976299894056879,6.416389265685196,0.6090171775078059,25.694502465518003,5.997580937143774,2.1220085422653545,2.5913459108622856,1.0221471135109144,33.99432114424579,52.485004346031786,39.12510159852312,0.6261008810539042,0.2680979751291262,13.360288296059558,0.18502629606969856,10.179172459130836,1.0534434581140164,1.745024741329428,0.7093570668364424,13.446224485163711,7.179671347487225,2933.4727763948817,0.3869758415588601,124.21799667372845,66.32675161304009,66.39820812072529,4.834419224128931,61.95263134007801,0.44604200560249324,-1.359972189,-1.157082189,-0.20289000000000001,-17.53462303100061,-1.359972189,-1.157082189,-0.20289000000000001,-1.359972189,-1.157082189,-0.20289000000000001,-9.141856277,-9.144683584,0.002827306999998669,0.5282995642,0.007527940307,320.683762,323.15,0.10501333024293097,0.10612567843567579,-0.0011123481927448192,LH,LH,0.20289000000000001
P000207,9.094947017729282e-13,79.68487883322965,0.3640160822220417,8.825812558706808,0.4595052520988133,30.368243459014877,18.804402302119843,1.2473027491734197,3.701270459845822,1.3782433171034854,85.91201128068896,45.954095026589115,28.656593880934327,0.7843773029219424,0.09074925085879262,14.052322632440331,0.18773661576645162,13.589329717459785,0.9471933590085577,2.115835693356883,0.39894528355326486,6.743503041025547,4.434791324019535,3970.7049823287803,0.5218393082601673,376.23512211648705,247.4269300692536,58.19462615850804,12.3890972694636,195.5413170233692,2.788521364596298,9.757255823,9.962565294,-0.20530947099999963,-2.0608092889855207,9.757255823,9.962565294,-0.20530947099999963,9.757255823,9.962565294,-0.20530947099999963,-6.691615545,-6.700438866,0.008823320999999495,0.3796072731,0.008564980985,322.2521673,323.15,0.23632133305168992,0.23688128247520157,-0.0005599494235116464,LH,LH,0.20530947099999963
P000208,4.547473508864641e-13,51.38094677016362,0.6525306486818423,5.59321210651188,0.6819001294324774,32.91493677689932,7.942248788514777,2.857814910584688,3.9057352951924322,1.8526637411217264,63.51039149160028,9.402655954420641,37.336226221883166,0.6382560955151113,0.5595479252260859,15.186341920042919,0.19384164941650514,12.275321656814372,1.018544370084732,2.022645267220744,0.6715191793923295,4.403148953809201,3.741118700894032,1802.6872568572733,0.46390949882699817,12.641615311663065,10.740900193952506,70.95120246540587,0.3840692569865523,7.831751475086501,1.803765639507578,-1.074812452,-0.9205739018,-0.1542385502,-15.42385502,-1.074812452,-0.9205739018,-0.1542385502,-1.074812452,-0.9205739018,-0.1542385502,-9.838131415,-9.835642798,-0.002488616999999138,0.9630340578,0.6548471436,321.0933739,323.15,0.11408468814083984,0.11427189833683159,-0.00018721019599174382,LH,LH,0.1542385502
P000209,1.4210854715202004e-14,60.60164254605792,0.5858997393952355,3.6205962714950095,0.38137040212247153,11.042442057359915,35.770809660818436,2.373224964830632,3.2714220346851675,1.7445865492149901,42.83490695249198,24.211740635870065,19.50323151039467,0.7215321885877148,0.40076025707454405,10.874665182608847,0.2785753300320971,12.672398645265165,1.4433341011607514,2.2149092861439237,0.4502993616574341,9.211903540847326,11.172053358058518,2056.552443573487,0.3584945571023904,40.023190235937314,48.539502708957976,30.802258607809375,3.6244872309980924,105.4973219658907,3.883107275516281,4.561775378,4.581550334,-0.01977495600000001,-0.43162149400059413,4.561775378,4.581550334,-0.01977495600000001,4.561775378,4.581550334,-0.01977495600000001,-5.824443825,-5.825092009,0.0006481839999992189,1.296344605,1.367625735,322.8614756,323.15,0.07270258446076408,0.07266266676134932,3.991769941476264e-05,LH,LH,0.01977495600000001
P000210,5.684341886080802e-14,90.20415296105566,0.715645450403444,7.572965581550437,0.6304474185156193,27.609912878358674,26.380132306639716,0.8936470485283728,3.8082874938805777,1.4112290841596855,91.2291653177604,176.31041252176698,25.363863189709352,0.8944940079822759,0.6553012261311452,8.09311187903321,0.21076519610960848,13.758458162115334,1.3507140446154442,1.7079637922036426,0.748670460863813,12.351078496917657,10.76891693749973,3882.5612752339375,0.2953988083746012,1294.9615522238744,1129.078193182468,93.46656823119606,46.90205137296528,981.4546230466091,2.1358565823400086,4.528470018,4.544807163,-0.01633714499999961,-0.35946838697586364,4.528470018,4.544807163,-0.01633714499999961,4.528470018,4.544807163,-0.01633714499999961,-7.497306213,-7.499071666,0.0017654529999999724,0.1258596413,1.38571608e-06,321.8336614,323.15,0.1684412068994594,0.16822122716437193,0.00021997973508747215,LH,LH,0.01633714499999961
P000211,2.2737367544323206e-13,61.58806219000691,0.43771741290213617,8.718945378030945,0.6996129284203594,19.534546999528985,34.87000810319057,1.8220666765139233,1.2122891188186027,0.6603563203546527,85.41709740578025,25.513726774378565,26.375203941073877,0.5838401264356063,0.5690999355836697,9.12769126993155,0.22754062936493114,10.676613002875929,1.0122127903844271,1.8126418328210965,0.5630753085140832,6.683770276955726,9.595997124333381,2162.6345868972403,0.4183441235226783,32.31339372318293,46.392862171550924,46.694923870419856,1.6541665247708108,56.99792742284063,5.217116486396193,2.573651119,2.586054734,-0.012403615000000201,-0.4796346665414468,2.573651119,2.586054734,-0.012403615000000201,2.573651119,2.586054734,-0.012403615000000201,-4.416754789,-4.418590873,0.0018360840000006817,0.5396500992,0.6147444504,322.7794409,323.15,0.10579702732759018,0.10590028589651998,-0.00010325856892980101,LH,LH,0.012403615000000201
P000212,2.842170943040401e-14,82.80258409084286,0.6875569861957174,4.277643360241918,0.4877811662389941,14.853439178168003,2.045021175226106,0.4187058361522651,0.3560756562466002,3.06262860288856,73.56981824903646,168.57577861764955,31.47463865558062,0.9295895550413212,0.5663449585824407,8.262157715525575,0.21038750207158524,8.182714201821044,1.0612623195417015,2.517794050663982,0.5677790774531841,19.9865992023401,9.232840785170623,2588.2108083354765,0.5542311781865221,315.5661581588284,145.77628069548234,26.800078672530393,21.24532604022483,235.54347883512125,0.10231961698549835,-3.376462511,-3.282242413,-0.09422009800000009,-2.870601440857077,-3.376462511,-3.282242413,-0.09422009800000009,-3.376462511,-3.282242413,-0.09422009800000009,-8.431211115,-8.431127079,-8.403600000050915e-05,0.3173135879,4.57179541e-06,318.3004029,323.15,0.05476632385788666,0.05493787073361232,-0.00017154687572566024,LH,LH,0.09422009800000009
P000213,0.0,85.31016783226244,0.6152240571486205,3.424394800811105,0.7790988856359298,20.74185083688703,10.652662757992427,1.6230515908643273,3.295034634394621,3.5142846092741027,57.07448731632743,139.4566288783147,36.646900588351215,0.5587609143219604,0.03144964048134728,13.635340737599527,0.22940592357605272,11.514479268142544,1.0379915894440572,1.6940406532188332,0.6719664867820133,10.648661745229067,12.752146858729732,1681.3169174146954,0.38126197099323733,68.83064218157331,82.42711417454449,54.40314643197115,3.318442636718119,95.37484170269767,1.0003757291628832,4.409208016,4.635557268,-0.22634925200000033,-4.882891935399563,4.409208016,4.635557268,-0.22634925200000033,4.409208016,4.635557268,-0.22634925200000033,-7.988195556,-7.99002747,0.0018319140000002676,0.6726371415,0.0004340914539,321.2054401,323.15,0.09603570029955694,0.09760788894298385,-0.0015721886434269111,LH,LH,0.22634925200000033
P000214,9.094947017729282e-13,77.32589783449424,0.6957963167630421,7.914220839153555,0.7200653833690125,33.3744346022424,25.885806373562463,2.505437149086606,3.0826549879622855,1.0508370048484457,54.566462736914616,39.8546645213935,23.824027247635158,0.7590015105236406,0.5773777867963605,9.34728922789898,0.23806021112115158,12.5593558146353,0.7355051718827387,2.2487958860178194,0.4943022256160631,3.2618904145249297,28.159923763269667,2712.36702557384,0.7142624221797779,45.72089499079224,394.70882025835374,46.72573212012286,1.3699376644337304,283.8403646114204,7.9358295601517135,4.737815905,4.703456182,0.034359722999999676,0.7305207419916743,4.737815905,4.703456182,0.034359722999999676,4.737815905,4.703456182,0.034359722999999676,-5.924951469,-5.930349878,0.005398409000000548,2.039689973,2.11347828,321.5281138,323.15,0.19282043338293336,0.19264043318759244,0.0001800001953409236,HL,HL,0.034359722999999676
P000215,2.842170943040401e-14,91.8206389829052,0.5502190981874818,6.456212579599107,0.3730357514301395,12.040857140300687,24.723171375048842,0.6784757619543667,3.169421014093186,3.3840026518647055,77.50125464732432,72.32329732207637,29.496425237350323,0.6288768536415972,0.6284146668551922,10.62425694306192,0.23723894351814867,8.18769863904376,1.1724162933336615,1.6650375892384943,0.5185821922877856,8.290139074663353,4.920651344918047,3488.9333782948793,0.33176891474082604,602.1658423764567,357.4183901460958,36.29290329899311,50.01021400386943,712.4111899638472,2.982238434408026,1.913647269,1.934754463,-0.02110719400000005,-1.090949492747083,1.913647269,1.934754463,-0.02110719400000005,1.913647269,1.934754463,-0.02110719400000005,-6.183958198,-6.185926512,0.001968313999999971,0.143651329,0.000111454464,322.4133397,323.15,0.10667402194670855,0.1068097392714238,-0.00013571732471524822,LH,LH,0.02110719400000005
P000216,0.0,62.51918828315516,0.6198117305081066,8.093631586021946,0.7725965700744333,8.937632064811899,19.79305398020295,2.948900451159592,2.7672116330371668,0.947199241630335,46.20168190581081,105.8364410005876,36.87453838021892,0.8671829174007047,0.5623084958764291,9.29551680755993,0.21574074896801673,8.508869584745593,0.7679113734505498,2.469766937534931,0.6227116703131454,30.19926462847731,8.713302873738892,2244.7018815472757,0.7513432127857083,159.82427785462727,46.113617555136585,11.895538433992634,17.882172447427877,123.82774467529732,0.6554150978079939,-5.845565733,-5.777788578,-0.06777715499999992,-1.1730639514584178,-5.845565733,-5.777788578,-0.06777715499999992,-5.845565733,-5.777788578,-0.06777715499999992,-11.46697122,-11.46935127,0.002380050000001077,0.1366561255,0.0002914732506,322.4030423,323.15,0.11940242523944178,0.12015516158639786,-0.0007527363469560788,LH,LH,0.06777715499999992
P000217,0.0,64.95976680077817,0.38231597765500136,7.037069606656981,0.6039224173612301,14.205834223944557,9.918113120183934,0.7113392029403949,3.5216092773415584,2.7385761079946045,70.08035524036677,161.79193292582949,18.36784705488356,0.654597709003281,0.3631269845321089,9.44822254810773,0.24521301380779253,8.300753242817326,1.373163679166813,2.1459735790413506,0.5625825472095459,13.217056512423646,4.128449912239113,1839.8719260292278,0.3650863184199012,55.367155012398065,17.294359454164788,38.910891773286956,3.897494095705713,29.217898812330592,0.750402565870941,1.799174413,1.966671629,-0.1674972159999999,-8.516786103492414,1.799174413,1.966671629,-0.1674972159999999,1.799174413,1.966671629,-0.1674972159999999,-3.974588746,-3.973356292,-0.0012324539999997164,0.3396893008,2.222903618e-11,322.3861363,323.15,0.09690924868896363,0.09812145900640724,-0.0012122103174436183,LH,LH,0.1674972159999999
P000218,8.526512829121202e-14,94.80923376682185,0.35347286878567896,4.81533871295052,0.5815649690528826,29.790603207421846,25.59323847259817,1.7882541312306248,1.727179463973319,3.9403849830754614,86.44390418468777,114.18349033509696,30.50931088797171,0.7230574424564513,0.5162836661343099,11.939672299437563,0.2447783748394478,10.024019127111366,1.501178238554758,2.327776557571831,0.5934106055547581,7.930558285640998,35.12893185277849,1564.143945681352,0.3622451045895024,59.172849028032815,262.11004398065563,82.2388013805754,1.986292409590782,211.16192282969698,3.2271673129163014,2.048464198,2.073537738,-0.025073540000000172,-1.2092155132023052,2.048464198,2.073537738,-0.025073540000000172,2.048464198,2.073537738,-0.025073540000000172,-9.605963336,-9.609513295,0.0035499589999989922,0.4803803114,0.4139226883,322.5313101,323.15,0.12072618263507931,0.12160416711056404,-0.0008779844754847332,LH,LH,0.025073540000000172
P000219,1.1368683772161603e-13,64.0125522222012,0.6472690924307105,8.563121004214654,0.5262654965301924,20.434662613853206,9.23687914816382,1.208397360614959,0.5019585485613474,0.2565437084283417,70.41754342866173,125.41704631022111,23.20387523122279,0.8075470525831123,0.18473612863585048,11.342068432411939,0.20375121154435755,12.421934237011222,1.2444157938836446,1.724678313440228,0.652400434028199,7.441917267619238,20.20970284830158,2610.5245508969947,0.3237696106818148,54.74357516230458,148.66483287817763,63.11482591222994,2.6789566432671337,174.60312687802588,1.2411961616873515,3.637207735,3.830235807,-0.19302807200000016,-5.039587161898207,3.637207735,3.830235807,-0.19302807200000016,3.637207735,3.830235807,-0.19302807200000016,-6.816497602,-6.817273631,0.0007760289999998449,0.4263470766,0.01876923838,321.4984632,323.15,0.10975266786910742,0.1105034866498955,-0.0007508187807880734,LH,LH,0.19302807200000016
P000220,4.547473508864641e-13,71.18445938560832,0.7095158424886742,6.2793156283477725,0.531325072874941,27.482927036700577,8.231073543307891,0.26975519844394347,3.817888431865464,3.009498824433167,34.6481219272753,135.8867063487301,35.81319659039983,0.6400659651458953,0.2825306400282148,15.803490909574357,0.19825782622101193,10.142355207259937,1.5507696027278384,1.7161958152803896,0.629952129632944,21.054359625283404,5.36415100635482,3517.5419899028466,0.258531254795464,455.9343162135457,116.1612399843136,106.30407939822823,16.589729165481284,101.44005971054747,0.39094390377105076,0.9231118431,1.106165357,-0.18305351390000002,-16.548476477011928,0.9231118431,1.106165357,-0.18305351390000002,0.9231118431,1.106165357,-0.18305351390000002,-9.473100678,-9.480985794,0.007885116000000636,0.4469552784,2.401333944e-08,321.1148121,323.15,0.14373146486727612,0.1455815526857822,-0.0018500878185060965,LH,LH,0.18305351390000002
P000221,1.4210854715202004e-14,47.62000985497728,0.568032546113356,3.7352141933790666,0.5404503935780782,8.616608997128452,26.146185762493104,1.930807313983141,2.5574009104117845,0.8234115776061669,80.14050697434735,50.497410921113406,24.516457552873092,0.6716399424779462,0.15186040778568366,16.942784107238765,0.18050445791632674,9.661317283541493,0.9521976722178499,2.275548661832553,0.643461435368584,10.173951194647385,10.520701942807861,3204.3247997951253,0.5582805616820326,56.463949992414264,58.38836623241608,15.434191316222151,6.552920065333275,162.63019362315111,2.5699146046866104,0.4277295188,0.4526199749,-0.024890456100000014,-2.4890456100000016,0.4277295188,0.4526199749,-0.024890456100000014,0.4277295188,0.4526199749,-0.024890456100000014,-6.281957504,-6.282309126,0.0003516220000001624,0.1303556629,0.07590649778,322.8356318,323.15,0.0416608624841068,0.041753713534375674,-9.285105026887036e-05,LH,LH,0.024890456100000014
P000222,4.547473508864641e-13,47.31451259518025,0.5635586257562594,7.284445198696032,0.3635788322128575,32.037058124768656,4.368837004657234,2.738114635834429,2.8106249951185776,1.4309593814692545,57.60613389878534,49.89876833221398,36.5223831028065,0.9416941804983712,0.6389146509805,10.985217458581683,0.2175492488772042,8.127353524728761,0.8216705482640789,2.4631720426847266,0.6571599342580785,3.426516774557866,2.3081928693606772,3708.0269221571384,0.7003103116755104,24.527781584383224,16.52256629084055,45.746946161793865,0.7656065512900568,12.3775906463021,1.275008205737139,-9.736259392,-9.637809853,-0.09844953899999886,-1.0214928547210762,-9.736259392,-9.637809853,-0.09844953899999886,-9.736259392,-9.637809853,-0.09844953899999886,-14.5476782,-14.54731969,-0.00035850999999986755,0.360404411,1.407687075e-07,320.6096767,323.15,0.07775374331182001,0.0776063386500167,0.00014740466180331036,LH,LH,0.09844953899999886
P000223,5.684341886080802e-14,82.16413715767894,0.6000162633723217,5.1501507178139185,0.7432091296993112,24.399821232385825,11.921341588082456,2.637392474123509,3.0438132237524624,3.022414541594291,43.564033670808314,101.46126400129921,27.324640613041865,0.8083622476792738,0.039379745774332266,12.999103694632586,0.27716431487171567,12.044511430705654,1.3970386004093256,2.3833567084136726,0.39705623619680097,10.594928320278283,11.441047496099861,3862.3437031957437,0.3985420364644939,623.5744171289609,673.3735527092117,61.22270425684344,25.556515811734393,662.3394946668981,1.1251932271467537,5.984637759,6.271014395,-0.28637663599999996,-4.566671641327017,5.984637759,6.271014395,-0.28637663599999996,5.984637759,6.271014395,-0.28637663599999996,-9.635341738,-9.645661289,0.01031955100000026,0.660527302,0.02364188955,321.5911879,323.15,0.1656849197481207,0.16551832751105428,0.00016659223706641524,LH,LH,0.28637663599999996
P000224,4.547473508864641e-13,57.32297940360444,0.5860221955188911,3.2225533009365943,0.5881414144027395,25.783223644388737,32.257151065718425,2.8206444239341595,1.49622176982297,1.5820370119787772,37.42066131530163,49.53096251141297,38.66893632938948,0.8047901136697793,0.42190184227125643,11.282763480284288,0.22835704632704246,12.616715015901242,1.6291339686650486,1.9836959017743712,0.7252654401192228,18.23794675693699,9.587237329712398,2350.94891032117,0.2844538341434258,87.55860301954998,46.02739105416057,90.64115350046032,3.3959525087781475,42.84403690305276,1.7686832567075617,-6.118374588,-6.046203905,-0.0721706830000004,-1.1936528131364834,-6.118374588,-6.046203905,-0.0721706830000004,-6.118374588,-6.046203905,-0.0721706830000004,-14.99105931,-14.99244577,0.00138645999999909,0.2203513062,0.0458787393,322.7153205,323.15,0.04961306800116137,0.049465958159339025,0.00014710984182234738,LH,LH,0.0721706830000004
P000225,0.0,94.01519936665366,0.7127218870741053,5.514515951211376,0.7686949378035678,14.324056932953773,18.174844362850447,0.796045645891613,2.9169064900262374,3.862379207561574,47.292305322557795,73.8859664387061,37.269279357170234,0.838462304645839,0.29564676371557636,13.732237128162588,0.2247957946318354,8.946483124897295,0.7206769761337555,2.3777177106130982,0.41923614195985304,13.014384409740005,3.2127028813702943,1384.6878960331571,0.770749301947731,75.50512189137227,18.639031630038733,18.584586319774797,5.271210680381058,31.22975294043906,1.3965197116237273,-1.250322505,-0.9510990644,-0.29922344059999995,-29.922344059999993,-1.250322505,-0.9510990644,-0.29922344059999995,-1.250322505,-0.9510990644,-0.29922344059999995,-11.82668602,-11.82988453,0.003198509999998933,0.737278746,7.96592152e-06,321.5298635,323.15,0.197679473234221,0.19970524618549615,-0.002025772951275151,LH,LH,0.29922344059999995
P000226,2.842170943040401e-14,50.21209484127728,0.43297614279615104,4.924497967527777,0.47453781105875725,26.331050654725363,11.667453816423823,1.7554357450566984,0.8270458634668919,2.354497281817314,43.84654186294003,132.77648306287614,29.330697542724128,0.7304088649594633,0.5864322862489978,17.03468544035352,0.24391354755231012,12.73190114753943,1.4001518300620044,2.114191836502122,0.456335777767846,2.595544277864317,27.208621916529644,1210.6856251275892,0.3527465332137801,5.170855770395923,54.20514719840314,74.64580988175886,0.19637863441913064,49.40644221988961,4.495185813599032,1.714169458,1.735133626,-0.020964168000000116,-1.2082163405667359,1.714169458,1.735133626,-0.020964168000000116,1.714169458,1.735133626,-0.020964168000000116,-9.778510952,-9.782699881,0.004188928999999675,0.3099266583,0.2555933492,322.3744826,323.15,0.10039087897991775,0.10074543472825569,-0.0003545557483379397,LH,LH,0.020964168000000116
P000227,1.1368683772161603e-13,75.82430228930815,0.44239132199328773,9.449930250520381,0.42232984471271956,23.688714327402568,13.076036182895693,1.9637471437152807,3.666453008784481,0.9123120084299177,88.71753957429493,177.18425369783233,21.716467704861383,0.9336937987646001,0.6472564307259518,17.121017929780255,0.2099670256531327,11.565300701971317,1.6459904615012646,2.2042572760669326,0.6871415749328411,32.5483573328729,13.123891201224367,3358.09649992533,0.3128444565633056,787.2909995778099,317.44524974005407,75.72042217922132,33.234855581296344,321.61669428163833,0.4017418160052359,6.465829982,6.664715606,-0.19888562399999987,-2.9841577009070037,6.465829982,6.664715606,-0.19888562399999987,6.465829982,6.664715606,-0.19888562399999987,-10.42809566,-10.43353069,0.00543502999999923,0.3807887692,4.099374983e-05,322.0959909,323.15,0.20924719707253805,0.2113284750322332,-0.002081277959695149,LH,LH,0.19888562399999987
P000228,5.684341886080802e-14,67.96766258302942,0.3658020323780545,4.701215650334748,0.7153608285845953,21.550301484267543,35.719240603489354,1.4825037943308428,1.7713110840655224,2.713326424665192,52.88802743796132,127.4943496017405,29.718854320770212,0.7260953313206648,0.5564672536305955,8.915431219617004,0.21371959819843356,13.07698810575264,0.9391212247666652,1.7597455963152961,0.4385013597843506,12.114629623592537,27.916863134108638,3685.7602708440268,0.43774553613165623,252.73006774334783,582.3893036998014,49.230202721669976,11.727449285470527,648.5915428607425,2.9484385171733365,3.31311049,3.348405127,-0.035294636999999796,-1.0540730784157528,3.31311049,3.348405127,-0.035294636999999796,3.31311049,3.348405127,-0.035294636999999796,-5.419081919,-5.426300762,0.007218843000000419,0.3083672294,0.2683114454,322.7817826,323.15,0.08638789112824469,0.08649775336641446,-0.0001098622381697778,LH,LH,0.035294636999999796
P000229,5.684341886080802e-14,59.042853959270346,0.6092412471735382,9.914325018440183,0.6421145213809627,24.84724748619515,22.971111826601994,1.250063304854757,0.8009543444709429,2.6100696374939916,48.123061817080455,110.4416818434519,38.16033635368608,0.9039588472252016,0.5764424985115175,15.476289669033848,0.2452362177899881,12.32551489740306,1.51386605649305,1.756138130414386,0.6642318872428183,14.080767456157158,3.152372891567534,2686.7139800165723,0.27099714545490755,90.3317645690599,20.223287314531078,91.68822588328554,3.635483754055543,19.533708746548516,1.631382088946957,-6.383531391,-6.158033941,-0.22549744999999977,-3.661841622837521,-6.383531391,-6.158033941,-0.22549744999999977,-6.383531391,-6.158033941,-0.22549744999999977,-21.02295236,-21.03008784,0.007135479999998751,0.4228762507,5.350397181e-11,322.4864253,323.15,0.2882811495946347,0.28917860798078066,-0.0008974583861459662,LH,LH,0.22549744999999977
P000230,4.547473508864641e-13,53.71205492844048,0.5541150628545662,4.085436575082077,0.5011464315441276,16.165875257862172,9.518799642510924,1.6491694098287022,3.9690369338037716,2.0620889882483615,49.1553082760736,131.2801503307912,39.70487745070348,0.6303816047463822,0.027017859153494604,9.085339013770115,0.23617555006872068,8.558124814898513,0.9553488642969241,2.358195609561288,0.37507329612995205,4.548359886352816,3.6403619298635155,2222.273945996307,0.5766487166678999,17.915545743611567,14.339030399388424,28.034182320347252,1.1082323386665038,21.287850122309553,2.0927982570314474,-2.677364939,-2.572199788,-0.10516515100000001,-4.0885296504036575,-2.677364939,-2.572199788,-0.10516515100000001,-2.677364939,-2.572199788,-0.10516515100000001,-6.965021999,-6.96376713,-0.0012548690000002694,0.340766655,9.837243513e-09,321.9394029,323.15,0.06504526588877137,0.06531562636067097,-0.0002703604718996,LH,LH,0.10516515100000001
P000231,4.547473508864641e-13,59.43370273783757,0.7178544102052542,9.707325736222352,0.7341094101954267,19.79833882450704,2.8968743600501234,1.3962831404237648,0.6831674916964612,1.2888254760144915,35.29087879552014,62.511742082963046,33.02833350651919,0.9067019250043078,0.37229431359720355,13.66646815067843,0.23534546425571412,12.783033207446977,1.280397507953742,2.5184769500468285,0.6993932137262131,5.231512561947163,3.9133998336870137,3018.423444313614,0.4595012056438788,42.939667341935,32.12074615987538,43.0865873284587,2.1688520295845657,38.9375045386518,0.5537355259588462,-3.413430798,-2.943562231,-0.4698685669999998,-15.96258309240413,-3.413430798,-2.943562231,-0.4698685669999998,-3.413430798,-2.943562231,-0.4698685669999998,-16.3800743,-16.38225716,0.002182860000001341,0.9836591305,5.33292155e-06,319.5591189,323.15,0.26929780799718966,0.2710177610960213,-0.0017199530988316614,LH,LH,0.4698685669999998
P000232,5.684341886080802e-14,74.66851117443136,0.39158688448580903,9.961783668715075,0.47137065299884473,29.740193232752354,13.812375981280917,2.5892532709164766,2.4133106852144928,2.5372431536640683,42.907466106832274,52.218429257256666,38.06008440568118,0.9181541133867807,0.6437611491442343,9.975877238099736,0.2390842835925136,10.429352312059915,1.134843205971447,1.6854951389557096,0.6885079146038229,4.576409333888059,22.544656552525822,2637.0585826587753,0.3469645763502303,53.15077377142821,261.8353938107663,85.71535903057791,1.7871697522427055,211.29820516895217,3.0181688248472516,-6.02251898,-6.019691624,-0.0028273560000000586,-0.04696845248231039,-6.02251898,-6.019691624,-0.0028273560000000586,-6.02251898,-6.019691624,-0.0028273560000000586,-15.68566331,-15.69446955,0.008806240000000187,0.7057074071,0.6870551496,322.0300155,323.15,0.20303546006810477,0.2029204296162053,0.00011503045189947825,LH,LH,0.0028273560000000586
P000233,1.1368683772161603e-13,50.52820881197097,0.6074992416604198,9.882806740361,0.6790936751190362,9.062725980639376,22.071410775268983,2.5543831286884746,0.34539353181295984,2.221785786400098,25.82763519584865,81.76511511210835,25.394672831057214,0.7100843144333615,0.03547940706514097,8.204091568561342,0.23096423320989365,9.058900602615738,1.6131065796717041,1.6198259453944228,0.35579835687379147,15.741749076288428,4.30917257051606,1211.1734364133004,0.23458421388821715,31.531325507337495,8.631437480660715,38.633145131231636,3.4792319192589067,22.85785755614807,1.4020939266853667,0.5016708559,0.644801418,-0.14313056209999997,-14.313056209999997,0.5016708559,0.644801418,-0.14313056209999997,0.5016708559,0.644801418,-0.14313056209999997,-4.608535381,-4.584033489,-0.02450189199999997,0.2375648495,6.227776725e-05,322.8635919,323.15,0.12057612803376903,0.12097142531670832,-0.0003952972829392859,LH,LH,0.14313056209999997
P000234,0.0,49.95077147298647,0.6842276798600305,4.028668159655014,0.6187931277228595,12.967387634347386,8.787943963589042,2.1772000285004296,2.381772393292267,1.317531957147739,91.65268973012596,65.5075426814538,35.288982400955746,0.8833014821655967,0.6983657979275363,11.689518508651734,0.2737520788808483,12.963424990596035,0.9682954598110993,1.9624732690196325,0.5917777749241635,22.774286292607584,14.352030466387927,2520.7862824311005,0.4734666018066111,94.81035435335684,59.74813334326511,27.38817814153649,7.3114459925781645,110.58165612634049,0.3858713221867929,-6.386426509,-6.172639346,-0.21378716299999923,-3.463464346714794,-6.386426509,-6.172639346,-0.21378716299999923,-6.386426509,-6.172639346,-0.21378716299999923,-15.82059759,-15.82053331,-6.428000000013867e-05,0.6057836897,0.1759759552,321.6693221,323.15,0.07088232751060083,0.07129781040768851,-0.0004154828970876767,LH,LH,0.21378716299999923
P000235,2.2737367544323206e-13,66.87439366315766,0.43624899283949437,5.685221083077393,0.5029166779672839,15.714091092780695,9.324056048757472,2.1856711820761383,2.1866091726051318,1.1825492418841987,58.404870008000444,141.0156474553418,34.81115608167176,0.688818950964126,0.38019795068404383,9.051295273002596,0.18650831141153856,9.082878354041181,1.0660564736661529,2.595546319906652,0.7227685834662978,15.556333410286609,16.12885128033455,2676.0279916920845,0.5687770532911125,135.01552757107137,139.9844878157313,27.627856999248316,8.592003621074825,213.7971383608065,0.5993736314877354,-2.257529839,-2.190047851,-0.06748198799999994,-3.081301989323517,-2.257529839,-2.190047851,-0.06748198799999994,-2.257529839,-2.190047851,-0.06748198799999994,-7.483191847,-7.484215514,0.001023667000000117,0.1847157204,0.001495322197,321.9785168,323.15,0.062448968757667644,0.06340444878205717,-0.0009554800243895267,LH,LH,0.06748198799999994
P000236,0.0,83.81044626535481,0.547489148822765,8.538657745397003,0.4172882766947237,27.78427992438986,26.668108527608993,1.6255794938004917,3.303560741129699,0.6109078505168892,26.059196634527176,13.128332031374008,21.155093316547266,0.8286777329918897,0.05997656890058337,16.95619226784767,0.24985867202207995,9.40054453093416,1.3617082259256155,1.9350855200911365,0.7134932916347583,3.1011026931856973,5.423829337473577,3979.7806033311626,0.33197822399598775,231.4473637236226,404.8014934183062,83.69307959405693,8.330155193996994,349.66664129780196,8.599556727421177,4.629493711,4.625564121,0.00392959000000026,0.08495374612060773,4.629493711,4.625564121,0.00392959000000026,4.629493711,4.625564121,0.00392959000000026,-10.29163527,-10.30280579,0.011170520000000295,0.3569385393,0.4039143283,322.3342765,323.15,0.12171058117046803,0.121475924370714,0.00023465679975402665,HL,HL,0.00392959000000026
P000237,1.1368683772161603e-13,70.2435753320184,0.3612753845574812,9.005004398702765,0.7655951654427726,31.492776838519074,28.091030928438027,2.0257125912066014,2.992808296916357,0.9873142122914469,76.94155008908123,34.66770700906308,36.26952761860859,0.8221879099993215,0.45621168958956637,12.886219804459445,0.18944035445003743,11.33534731501704,1.2638097897184777,2.221933041885421,0.5384696881714757,8.777233175831373,11.848976394523676,1481.3159062042125,0.41071706434950994,31.354023264919135,42.32690121100532,76.67754659377754,0.9955941143484615,32.256464213141044,3.2004425957132283,-0.05930519069,0.0175608623,-0.07686605299,-7.686605299,-0.05930519069,0.0175608623,-0.07686605299,-0.05930519069,0.0175608623,-0.07686605299,-11.07854691,-11.07975815,0.0012112399999999468,0.7500076376,0.7843419273,322.644491,323.15,0.14596119599507196,0.14698857375871627,-0.0010273777636443104,LH,LH,0.07686605299
P000238,5.684341886080802e-14,93.07841595099939,0.6098100174873744,9.730380175430547,0.6555802663393604,28.470459853788032,8.495077649907309,1.590287714918005,0.39989460621712625,3.3441837988573613,32.87136441601771,94.48536215164884,25.987334442213783,0.8465672133282685,0.21141814945418416,10.674298251467931,0.2427361775873425,10.650992655864485,1.28752848541765,2.4761933120841664,0.590783409702292,25.019346451089692,7.963133144106181,2524.2984369988426,0.44928425080571427,589.8730722490498,187.7442251189405,63.36847953768943,20.71877571624704,158.26444061651014,0.3395403499653491,3.743256647,4.017937372,-0.2746807249999996,-6.836361535005023,3.743256647,4.017937372,-0.2746807249999996,3.743256647,4.017937372,-0.2746807249999996,-9.096330216,-9.115478422,0.019148206000000556,0.5250713507,0.0003935681563,320.726629,323.15,0.29007685872642447,0.2922631375544621,-0.0021862788280376244,LH,LH,0.2746807249999996
P000239,2.2737367544323206e-13,70.09746238734982,0.3930094095082248,8.707533912043086,0.4429436430987759,10.919878925514189,27.987476773713013,2.236859793372583,1.6207835895374274,3.5522329056652415,46.55573838015974,103.2535512084849,29.670180684714726,0.8680627286695513,0.4198870650194031,16.862081871674256,0.26516744228512307,11.15987253917697,1.0136415868335258,1.9449714546979608,0.5032096295124976,8.63403425469164,23.074391238750202,1305.5257507787558,0.4482520730337867,26.43852259297977,70.6567516515765,24.361022697804927,2.421136971693562,155.29128584710813,3.2415295038359297,1.829396109,1.875870406,-0.04647429700000005,-2.477479086580358,1.829396109,1.875870406,-0.04647429700000005,1.829396109,1.875870406,-0.04647429700000005,-14.15425307,-14.15412944,-0.00012362999999915303,0.3552357501,0.2835715847,322.8186964,323.15,0.26017463759560683,0.2602539860433889,-7.934844778206829e-05,LH,LH,0.04647429700000005
P000240,0.0,65.32745116364416,0.5838172541486653,9.268265164490971,0.4992795671662587,13.20825918547079,4.399375663774883,2.537081438011545,2.8746118907913902,2.343638691262238,50.90613530628828,43.60652161298566,37.92959458227831,0.7815140410461275,0.09996302227216886,13.87816791488138,0.2366907432767769,11.294293448480934,1.6314974122932708,2.2412569746362356,0.4742788683306039,27.86821002883389,6.834618493895652,1439.1893285143547,0.32092146036219515,86.13819227130725,21.125206151349303,41.15729490500205,6.521540125897897,38.385448113411755,0.1578635893451019,-0.8793047574,-0.3559990582,-0.5233056992,-52.33056992,-0.8793047574,-0.3559990582,-0.5233056992,-0.8793047574,-0.3559990582,-0.5233056992,-13.00191506,-12.98563237,-0.0162826900000006,1.038416854,0.1052110979,321.3371353,323.15,0.22937447956909143,0.2323081485329528,-0.00293366896386138,LH,LH,0.5233056992
P000241,0.0,58.514799265087575,0.7045055570846299,6.3639382400396824,0.448880344398795,8.725283866756511,18.96117538984351,1.9461052858527392,0.33553830986376676,2.8617823043337722,81.97916177345198,147.5244672605213,35.7366747730735,0.931447953142903,0.26442494148387335,12.26646431790935,0.21736371927048023,12.74047720915472,1.6859080057002056,1.8338104260642973,0.740335581575893,12.789392711225354,2.805305393247042,3173.3779069526254,0.254105496712494,112.16776727855142,24.603579669487786,34.33724960553953,12.855486307547269,67.67526662570474,1.4825704251931473,-6.106223583,-6.048585684,-0.05763789900000038,-0.9529153096477881,-6.106223583,-6.048585684,-0.05763789900000038,-6.106223583,-6.048585684,-0.05763789900000038,-16.82453887,-16.82504208,0.0005032099999979778,0.1638214721,4.687208103e-18,322.7195065,323.15,0.15662338352365693,0.15690214394552268,-0.00027876042186575356,LH,LH,0.05763789900000038
P000242,0.0,56.68280645781165,0.49055091803761,6.9183916620238755,0.37570609244911196,11.40463142863996,15.71360306382399,2.7640267469889683,0.462197580314526,2.8792043974333783,88.17878128166912,113.39926742163982,27.058443135264795,0.6733241708623934,0.6878735008339886,12.548353582925081,0.2573582907920866,10.647266334234839,0.7259401991744614,2.153731178324808,0.3551658874965116,7.61850880687111,2.4587031402721267,1870.458909675041,0.6930812402664389,26.09766551189361,8.422437221571878,16.4549705951581,2.288339230880857,17.724246029565094,2.0625562642458246,2.36151805,2.545576647,-0.18405859699999993,-7.230526616313665,2.36151805,2.545576647,-0.18405859699999993,2.36151805,2.545576647,-0.18405859699999993,-6.241902123,-6.238228102,-0.0036740210000001383,0.4204309122,2.663769116e-09,322.4536993,323.15,0.12917429441111614,0.12939166832467622,-0.00021737391356008162,LH,LH,0.18405859699999993
P000243,0.0,73.58131990549398,0.4854730838076954,9.930671607966328,0.6823313132048137,34.311855251743765,9.704714322836558,0.5761254460690584,3.892337365133878,0.969478984295732,78.95244140846759,157.08242888237322,37.050370845374054,0.7082353813992053,0.2707495194468547,17.75282950159969,0.22678890488849013,9.277763800648483,0.8653863282328389,1.9068429195071803,0.386622701537872,13.82042203886071,11.110758115587217,2405.790739766162,0.5147524043395488,124.10530689702904,99.77293326617382,66.65700822858217,3.616980369801539,69.78784390466552,0.7022010106166461,1.603563708,2.428568114,-0.8250044059999999,-33.97081602299255,1.603563708,2.428568114,-0.8250044059999999,1.603563708,2.428568114,-0.8250044059999999,-10.63959354,-10.64160099,0.002007450000000688,1.420679545,0.001397654574,321.155929,323.15,0.16186254644867126,0.1710376230898386,-0.009175076641167346,LH,LH,0.8250044059999999
P000244,2.842170943040401e-14,84.54971520913065,0.7239776199997745,8.516524962827559,0.625271260704301,8.115902608011975,20.163187980468287,0.4962473270918514,3.185112484571885,3.226019248108337,95.12894221201755,76.76553287769015,34.74899082168288,0.7642959628681552,0.18716509520728433,12.447705998172431,0.2161300481678006,9.294807953343895,1.326016187501152,1.7497518011052788,0.6009078903291654,2.71756100249818,3.416566997281147,3162.125293323984,0.3082627997137609,87.11524323471801,109.52286433395587,26.32786899862079,10.73389460695577,323.87632909986525,7.4195898314454825,-0.9705767958,-0.9640251837,-0.006551612099999993,-0.6551612099999993,-0.9705767958,-0.9640251837,-0.006551612099999993,-0.9705767958,-0.9640251837,-0.006551612099999993,-11.13654758,-11.13724381,0.0006962299999990762,0.05132427725,1.517138468e-07,322.3957011,323.15,0.23827311164524595,0.23829656395906265,-2.3452313816701986e-05,LH,LH,0.006551612099999993
P000245,2.2737367544323206e-13,85.2259658726968,0.4266050721125124,7.495796009270174,0.6947999184092447,10.49722045177,28.933139968396762,2.7109990310829373,2.831992927632476,1.7865180154559643,68.22705721603825,146.512278501452,20.810098491301556,0.6029154416032504,0.43624078676619893,13.620770019736472,0.18675822090082453,8.757889298766372,1.6826089351143887,2.320998103066476,0.6083982357572773,29.927939398597324,3.8219577531466227,2443.536510492288,0.3222441854602894,449.1755408030066,57.36211630982983,32.5753603180641,42.78995024128205,131.14812609311102,0.9667601762703654,5.977011073,6.065929432,-0.088918359,-1.4658653714453564,5.977011073,6.065929432,-0.088918359,5.977011073,6.065929432,-0.088918359,-3.271685664,-3.279814655,0.008128990999999974,0.1844117413,5.157880823e-11,322.8223008,323.15,0.15100955205639732,0.15180154427279524,-0.0007919922163979187,LH,LH,0.088918359
P000246,0.0,51.681748033702796,0.6485216222566678,7.476821900659073,0.7330270089481323,13.871024478416825,21.47461897191318,0.4986670224259477,3.6092373246732325,2.9167908951490373,76.39955739975255,68.77418814815648,20.999196285012104,0.6069001958913567,0.19572825386417878,16.193419042603097,0.20109497792017086,12.168086894288448,1.451339504234226,2.575343195624946,0.4785510375662576,6.836864037676694,20.737702705393332,1778.6621541005081,0.4145334593781506,19.495803970865843,59.13503391649008,33.461772903024546,1.405505700116175,102.31694250154965,3.1410042460359784,7.345677253,7.423461255,-0.07778400200000046,-1.0478131336323713,7.345677253,7.423461255,-0.07778400200000046,7.345677253,7.423461255,-0.07778400200000046,-3.74889066,-3.749240131,0.00034947100000026765,0.608248556,0.5294326406,322.6674991,323.15,0.176596213062927,0.17688200112621139,-0.0002857880632843868,LH,LH,0.07778400200000046
P000247,0.0,58.42587767983168,0.4798044254865142,7.251875737894753,0.7291850359503103,13.655600697968127,12.745710259480726,1.4399644279423938,2.204738233880126,3.2036154448150542,71.85209681031398,56.75809983992027,24.047984189992643,0.8117429666234908,0.6966532743763628,14.453490629148863,0.22519842237089666,12.90706935822996,1.1110544831426115,2.3456678136881224,0.7472443518334914,3.972798989413024,8.622491723275974,1347.928134905351,0.4932017939420143,9.974959991941715,21.649474388140167,27.687654152315623,0.7304665838263659,38.0493979582074,3.208244437598361,2.645561034,2.673377791,-0.02781675700000008,-1.0405097660961335,2.645561034,2.673377791,-0.02781675700000008,2.645561034,2.673377791,-0.02781675700000008,-9.985305395,-9.986029989,0.000724594000001133,0.0994475298,0.007974062881,322.3238526,323.15,0.19259171492062063,0.19355999614481983,-0.0009682812241992023,LH,LH,0.02781675700000008
P000248,4.547473508864641e-13,58.276876208078946,0.5796532745156993,6.5902761107122245,0.4083052223675294,26.16734851844906,25.270719205111295,2.2949203422756965,1.9270015587054807,3.6651011145473524,31.08361017872156,147.8939620320874,34.338574894085994,0.889749590935297,0.20532796942286388,16.499166803804755,0.19332940947022365,8.680338793844658,1.476194731979881,2.201312025593011,0.6056934312126907,7.30147296310362,17.723052100116576,1937.9608090941433,0.34836254124231836,27.317981077304342,66.30963428196598,75.11527624391523,1.0439720729841635,60.817442838931846,3.4610440020542828,-7.058652126,-7.02455272,-0.034099406000000165,-0.48543170446872475,-7.058652126,-7.02455272,-0.034099406000000165,-7.058652126,-7.02455272,-0.034099406000000165,-15.25491713,-15.25163563,-0.0032814999999999372,0.1012981351,0.006739131752,322.59148,323.15,0.13279074324052742,0.13302716159487538,-0.00023641835434795588,LH,LH,0.034099406000000165
P000249,2.2737367544323206e-13,78.10608021362114,0.6325860412484225,5.756700793146994,0.37850374897416467,10.24374806233322,19.89247490588192,2.0880574249948314,0.39536824389401465,3.7809690562111924,80.51044742574133,30.830914812068837,22.43073913913208,0.8872686716622853,0.599674115308519,15.188266147785821,0.25682103949323837,13.664381925299255,0.7618491992585885,1.9723084420979544,0.5742640499082571,2.158757832856685,13.197867020999105,3876.5390700021057,0.604782635540893,98.81085837363679,604.0939605163253,16.937900429584307,9.645967254599839,1415.3271794825398,9.214778333685627,8.628177675,8.60030237,0.02787530500000024,0.32412005765327806,8.628177675,8.60030237,0.02787530500000024,8.628177675,8.60030237,0.02787530500000024,-10.13795401,-10.13961583,0.0016618200000007022,0.807319643,0.8493035259,322.2676734,323.15,0.23163801553761124,0.23128038269533707,0.0003576328422741637,HL,HL,0.02787530500000024
P000250,2.2737367544323206e-13,65.90486188042081,0.6676645573674787,3.466937451429437,0.7712653056205034,8.789032547600135,30.164135031707424,2.4470902543719717,1.0947570160665605,1.0839055987743502,92.82570783388003,178.42728120725917,31.992356167847205,0.6572148929380977,0.5489327341033161,16.266501955420782,0.2749007205753248,8.880734579612588,1.2544982620785279,2.3643252248463416,0.6380448939123635,20.067024366646493,38.299231569754866,3107.327500504393,0.44028171221954837,235.70503749112777,449.8585165439283,19.962293013018552,26.81808677059542,1228.4178421892766,1.5031693030603674,-2.728109009,-2.698595002,-0.029514007000000397,-1.0936804884811093,-2.728109009,-2.698595002,-0.029514007000000397,-2.728109009,-2.698595002,-0.029514007000000397,-12.00200767,-12.00243348,0.0004258100000011922,0.215300966,0.1193265057,322.7640072,323.15,0.043330956522883685,0.04350476086553492,-0.0001738043426512334,LH,LH,0.029514007000000397
P000251,2.842170943040401e-14,55.16889044306248,0.7030617149462441,9.768642966707601,0.5734958728988051,13.528908774786863,26.008708887400985,1.5065603138779566,2.2501870722463906,0.9617705224571439,72.69961976911472,88.98274401239583,32.82444386970412,0.8607282353200727,0.47233275410335973,13.483790259066897,0.21137976917673984,8.444022905024688,1.4488994846444498,1.866009136694399,0.6821363635317025,6.239874696152596,29.129498803990682,3156.99178479259,0.3008631533012354,46.626968045509926,217.66786611161433,44.966984578670605,3.4464692475720016,386.13822250132245,4.168146021175317,-6.079045106,-6.078385325,-0.0006597809999995263,-0.010854543842192603,-6.079045106,-6.078385325,-0.0006597809999995263,-6.079045106,-6.078385325,-0.0006597809999995263,-13.77201043,-13.77248711,0.00047668000000022914,0.342949358,0.3404407096,322.6816154,323.15,0.15129753823106687,0.1513689664107684,-7.142817970154369e-05,LH,LH,0.0006597809999995263
P000252,1.1368683772161603e-13,55.8174015767421,0.521939907847363,5.628350232738531,0.4831446521195235,33.49820170714045,5.28263661361772,1.2864732149511169,3.241889366939991,2.0316006660003634,89.6807254197302,148.79732237067822,36.12459336548446,0.7904656990262984,0.6603499371142433,14.970600201394124,0.2793224655538632,12.184787654388913,1.223581454276136,2.485795400145345,0.7618721822649555,3.004658001373648,7.671996863295652,2003.5120957530735,0.47459809348482485,10.964623370830392,27.9967157892084,70.58225089185183,0.32731976082444986,20.05842536907811,1.7581490509744013,-7.723633174,-7.633362547,-0.09027062699999977,-1.1825801073142683,-7.723633174,-7.633362547,-0.09027062699999977,-7.723633174,-7.633362547,-0.09027062699999977,-19.28994788,-19.28891094,-0.001036939999998765,0.3151497766,1.457331102e-07,320.9881657,323.15,0.09369398162741013,0.09538774368944994,-0.0016937620620398053,LH,LH,0.09027062699999977
P000253,0.0,72.98501571870182,0.4951549068643265,3.7045195458824747,0.4061513441588042,10.575634548941395,25.657063567478534,2.076100893412338,0.7405525973339896,0.849986250350831,54.37284292331071,47.197717759552646,38.79853547857839,0.8511184094176283,0.44553160133953174,10.965577301026144,0.26487231537095957,9.240452635830113,1.5198512288755253,1.638756302336551,0.7189293405027459,34.90310024590028,2.6766728295655358,1422.7736826714674,0.25188760146769046,126.10181983815221,9.670582628521572,41.985530400542274,11.923806486937924,21.946104700426698,0.7350941144688777,-9.645266128,-9.578610033,-0.06665609499999903,-0.6958848389312962,-9.645266128,-9.578610033,-0.06665609499999903,-9.645266128,-9.578610033,-0.06665609499999903,-17.86458867,-17.86156279,-0.003025879999999148,0.1835069398,2.943652559e-06,322.8044358,323.15,0.01021873261204317,0.010633201686924262,-0.00041446907488109155,LH,LH,0.06665609499999903
P000254,1.4210854715202004e-14,86.3510547913736,0.4675581229455237,3.1847461969185393,0.399058266154834,17.04506213005406,33.15997894406543,1.1618963752504476,2.360691329770456,2.993659352579211,39.42164467869033,91.78754655451452,27.20220168003516,0.743785766164115,0.497813736941252,11.528409203738319,0.27650558961411953,11.315318282820998,0.9317955793131858,2.1016325653689787,0.4361486475359543,34.36676861498182,22.51884126921552,1649.4232486959404,0.5269017471675773,221.04973987424347,144.84294582934572,32.349602599880924,12.968549964067652,203.9435628559526,0.9648849828031167,4.509931536,4.684148388,-0.1742168519999998,-3.7192855044113053,4.509931536,4.684148388,-0.1742168519999998,4.509931536,4.684148388,-0.1742168519999998,-8.62109219,-8.632586996,0.011494805999999969,0.7737873479,0.4763834977,322.5911244,323.15,0.03220216834487724,0.033922101338582526,-0.0017199329937052851,LH,LH,0.1742168519999998
P000255,4.547473508864641e-13,57.730178025961315,0.5660553085369484,5.471397835481566,0.7046605033318573,34.60228065334216,21.682093423476367,2.9317858651745157,0.9642850846862663,2.644925285616414,79.72839894632818,30.073875239806455,18.852754589717797,0.8786322946151539,0.6206662140432718,9.792817817507105,0.22022933788909452,10.503638207656508,1.3293843760941488,2.2380842273775348,0.5459358787906735,17.110723150471802,35.599847519112075,1827.879561838704,0.393295838675398,58.557597103999,121.83246199798883,87.98028672228271,1.6923045532937449,84.50249615755632,1.2671640603850525,1.265820117,1.416490934,-0.15067081699999996,-10.63690655432038,1.265820117,1.416490934,-0.15067081699999996,1.265820117,1.416490934,-0.15067081699999996,-5.188353034,-5.187803961,-0.0005490730000001776,2.573749836,2.419682614,322.3036213,323.15,0.105665833870563,0.10655245054917135,-0.0008866166786083568,LH,LH,0.15067081699999996
