peak_cement_s1_MPa,peak_injection_s1_MPa,peak_post_s1_MPa,final_cement_s1_MPa,peak_cement_s1_centroid_MPa,final_cement_s1_centroid_MPa,peak_radial_tension_MPa,peak_cement_vm_MPa,peak_casing_vm_MPa,memory_qnorm_peak_MPa,time_peak_h,peak_phase,peak_episode,final_memory_qnorm_MPa,inner_ur_range_mm,cement_T_min_K,peak_casing_cement_s1_MPa,peak_cement_rock_s1_MPa,final_casing_cement_s1_MPa,final_cement_rock_s1_MPa,peak_s1_angle_deg,peak_s1_x_m,peak_s1_y_m,peak_s1_zone,memory_peak_angle_deg,post_minus_inj_MPa,postshut_amplification,delayed_peak,residual_shift_MPa,stress_displacement_loop_MPa_mm,high_episode,low_episode,high_injection_peak_s1_MPa,low_injection_peak_s1_MPa,high_post_peak_s1_MPa,low_post_peak_s1_MPa,high_cycle_peak_s1_MPa,low_cycle_peak_s1_MPa,high_injection_peak_s1_centroid_MPa,low_injection_peak_s1_centroid_MPa,memory_before_high_MPa,cement_T_before_high_K,memory_before_episode2_MPa,cement_T_before_episode2_K,wall_T_min_K,wall_P_max_MPa,total_elapsed_h,thermal_exposure_Kh,pressure_exposure_MPa_h,thermal_diffusion_time_h,tau1_cold_h,tau2_cold_days,Fourier_hold,Deborah1_high,Deborah2_high,gap_over_tau1_ref,dT_high_K,dT_ratio,dp_high_MPa,dp_ratio,hold_h,gap_h,ramp_up_h,ramp_down_h,wall_reset_h,recovery_h,pre_relax_days,SHmax_MPa,stress_ratio,ecc_ratio,Ecement_GPa,nu_cement,alpha_c_e6,k_cement_WmK,cap_cement_MJm3K,rinf,tau1_h,tau2_days,shiftK_K,case_id,pair_id,sequence,fidelity,schema_version,n_nodes,n_elems,n_states,solver_stdout
4.126703898,4.126703898,2.983810607,-8.720953396,3.72700645,-8.808268565,-9.897375964,25.21582342,215.7585178,4.689450569,9.37962411388889,1,1,0.1166422142,0.041892232269999996,259.4864522,4.126703898,-2.350914135,-8.720953396,-9.93808378,13.125,0.1031756887,0.02405719646,1,1.874999472,-1.1428932909999996,0.7230493587015291,False,-0.024919214000000522,0.09440861853831355,1,2,4.126703898,-2.525888444,2.983810607,-3.244376649,4.126703898,-2.525888444,3.72700645,-2.790079523,1.666746622e-13,323.15,0.1856838349,321.6659322,248.66722918319863,23.682904826004723,157.22237424868095,3758.932320827621,400.6553414242867,0.36814159557393816,298.06105493427384,57.93983843229648,79.84124207725723,10.140586159252154,47.30928088317308,2.6649106863509697,74.48277081680135,0.5125973605362043,8.682904826004723,0.44529064953812475,29.392882250926526,29.35295504987299,2.5212849220646407,2.545861255220751,0.33033913378977614,58.28868407480455,82.06030195889731,27.139732846121806,0.6799235397306553,0.023221493566694146,16.035550365606888,0.19758256758858633,10.53889315990484,1.0205310116447461,1.6082279356177105,0.7769093563782337,11.014611183861339,2.1411210281337145,3558.1766586800177,P000000_HL,P000000,HL,production,thermorheo-v2.0-interface-objective-R10,3381,3264,164,states=164 nodes=3381 elems=3264
4.065946718,4.065946718,2.924582002,-8.712324513,3.671143254,-8.797885467,-9.895308364,25.14893151,215.7818866,4.559858985,73.52294672222223,1,2,0.1271865807,0.041892062179999995,259.1389867,4.065946718,-2.319131382,-8.712324513,-9.892158312,13.125,0.1031756887,0.02405719646,1,1.874999472,-1.141364716,0.7192868487559949,False,-0.016290331000000435,0.0942100307779502,2,1,4.065946718,-2.512742199,2.924582002,-3.229456318,4.065946718,-2.512742199,3.671143254,-2.788004346,0.1827817172,322.3892707,0.1827817172,322.3892707,248.66722918319863,23.682904826004723,157.22237424868095,3758.9323208276214,400.6553414242867,0.36814159557393816,298.06105493427384,57.93983843229648,79.84124207725723,10.140586159252154,47.30928088317308,2.6649106863509697,74.48277081680135,0.5125973605362043,8.682904826004723,0.44529064953812475,29.392882250926526,29.35295504987299,2.5212849220646407,2.545861255220751,0.33033913378977614,58.28868407480455,82.06030195889731,27.139732846121806,0.6799235397306553,0.023221493566694146,16.035550365606888,0.19758256758858633,10.53889315990484,1.0205310116447461,1.6082279356177105,0.7769093563782337,11.014611183861339,2.1411210281337145,3558.1766586800177,P000000_LH,P000000,LH,production,thermorheo-v2.0-interface-objective-R10,3381,3264,164,states=164 nodes=3381 elems=3264
1.234694289,1.234694289,-0.8697201064,-4.990023854,0.8369430656,-5.100917246,-8.741924747,15.52732233,160.1033755,7.174826945,2.3978178102777776,1,1,0.3036309363,0.032598771309999997,277.3589894,1.234694289,-4.219241641,-4.990023854,-6.920917573,1.875,0.1058865229,0.003466365849,1,178.1249992,-2.1044143954,-0.7044011737548419,False,-0.007378450000000036,0.09549598669444606,1,2,1.234694289,-1.371096386,-0.8697201064,-2.911368946,1.234694289,-1.371096386,0.8369430656,-1.677629817,0.3163402329,323.15,0.3105010384,322.0465769,266.1086182220175,18.581365600298632,137.148811640093,2455.1905614185866,134.29173891830928,0.6567709656441437,49.55944051977061,337.9516471800873,35.7695253856907,2.1095958960138823,345.25397403927445,8.35708032397423,57.04138177798244,0.6131930870570343,3.5813656002986325,0.5108688423423289,23.49238572819279,29.19324470115252,2.3978178102417775,0.2542215553679909,3.4717925024029035,48.72313174652956,109.50041930819239,18.90343793712419,0.9218942006675506,0.03708854242021554,15.81485389838005,0.1881794490034352,8.529385911211394,0.7152859091867825,2.0109446637784867,0.3930314956377556,3.493234906143585,23.82077921253471,3998.5543483520955,P000001_HL,P000001,HL,production,thermorheo-v2.0-interface-objective-R10,3381,3264,144,states=144 nodes=3381 elems=3264
1.233115555,1.233115555,-0.8731322193,-4.988297871,0.840515308,-5.097975472,-8.732109088,15.51815456,160.1518126,7.164341711,61.20728011111111,1,2,0.3030425652,0.03257142704,276.9976251,1.233115555,-4.167302707,-4.988297871,-6.896025764,1.875,0.1058865229,0.003466365849,1,178.1249992,-2.1062477743,-0.7080700715838428,False,-0.005652466999999994,0.09527787434701035,2,1,1.233115555,-1.375968639,-0.8731322193,-2.91182909,1.233115555,-1.375968639,0.840515308,-1.690544344,0.3155184499,322.4733886,0.3155184499,322.4733886,266.1086182220175,18.581365600298632,137.148811640093,2455.190561418586,134.29173891830925,0.6567709656441437,49.55944051977061,337.9516471800873,35.7695253856907,2.1095958960138823,345.25397403927445,8.35708032397423,57.04138177798244,0.6131930870570343,3.5813656002986325,0.5108688423423289,23.49238572819279,29.19324470115252,2.3978178102417775,0.2542215553679909,3.4717925024029035,48.72313174652956,109.50041930819239,18.90343793712419,0.9218942006675506,0.03708854242021554,15.81485389838005,0.1881794490034352,8.529385911211394,0.7152859091867825,2.0109446637784867,0.3930314956377556,3.493234906143585,23.82077921253471,3998.5543483520955,P000001_LH,P000001,LH,production,thermorheo-v2.0-interface-objective-R10,3381,3264,144,states=144 nodes=3381 elems=3264
1.458595083,1.458595083,-0.4922457332,-6.631968088,1.072471047,-6.776748782,-8.544970418,17.45798292,198.7730876,7.328188578,4.885222494444444,1,1,0.1610320214,0.0416038571,261.5939299,1.458595083,-2.220621017,-6.631968088,-8.821063355,1.875,0.1058865229,0.003466365849,1,178.124988,-1.9508408162,-0.3374793586905297,False,-0.050769359000000236,0.14464542575331724,1,2,1.458595083,-1.284478022,-0.4922457332,-2.360518369,1.458595083,-1.284478022,1.072471047,-1.586203873,0.0007175658583,323.15,0.4472710931,321.6509298,252.58542891416437,21.82994527334969,124.79201702860048,2395.1485433869116,183.0859560229897,0.3269553506687847,87.43091262764138,59.82550290142688,51.82969494753563,5.159384681826668,84.72869120790526,0.8974810373682888,70.56457108583561,0.7429518835052241,6.829945273349691,0.47499441544626386,16.945996086627652,15.261722158306116,1.8947525979510031,0.5609964982778968,2.0397270598661628,66.64735038484893,149.27671972704505,25.884445467044443,0.8984979507044625,0.6053467010455107,9.948884901313752,0.21640773313027098,10.28759304216758,1.6693224184656743,2.3363353485747305,0.46687376618124976,17.00506364241247,11.635890026801162,1893.9304331032322,P000002_HL,P000002,HL,production,thermorheo-v2.0-interface-objective-R10,3381,3264,130,states=130 nodes=3381 elems=3264
1.253046949,1.253046949,-0.6740730406,-6.632244745,0.8780440482,-6.77700305,-8.596683438,17.2291913,198.5679766,6.975630769,41.58841688888889,1,2,0.1670158767,0.04160713332,261.1008999,1.253046949,-2.356398634,-6.632244745,-8.819723188,1.875,0.1058865229,0.003466365849,1,178.124988,-1.9271199896,-0.5379471544445698,False,-0.051046016000000805,0.14447230468435154,2,1,1.253046949,-1.088835512,-0.6740730406,-2.202916379,1.253046949,-1.088835512,0.8780440482,-1.402348724,0.4587088825,322.0362629,0.4587088825,322.0362629,252.58542891416437,21.82994527334969,124.79201702860048,2395.1485433869116,183.0859560229897,0.3269553506687847,87.43091262764138,59.82550290142688,51.82969494753563,5.159384681826668,84.72869120790526,0.8974810373682888,70.56457108583561,0.7429518835052241,6.829945273349691,0.47499441544626386,16.945996086627652,15.261722158306116,1.8947525979510031,0.5609964982778968,2.0397270598661628,66.64735038484893,149.27671972704505,25.884445467044443,0.8984979507044625,0.6053467010455107,9.948884901313752,0.21640773313027098,10.28759304216758,1.6693224184656743,2.3363353485747305,0.46687376618124976,17.00506364241247,11.635890026801162,1893.9304331032322,P000002_LH,P000002,LH,production,thermorheo-v2.0-interface-objective-R10,3381,3264,130,states=130 nodes=3381 elems=3264
7.869213664,7.869213664,6.878449365,-4.885506764,7.288049411,-5.000284016,-7.166259478,22.79456322,218.7065077,10.50279894,6.759163588888889,1,1,0.3822547209,0.040127381340000004,265.6416059,7.869213664,1.6452054,-4.885506764,-5.999667099,24.375,0.09649987052,0.0437235225,1,91.87476026,-0.9907642990000003,0.8740961497166434,False,-0.09174755799999978,0.1355335348635819,1,2,7.869213664,3.203745413,6.878449365,2.369878452,7.869213664,3.203745413,7.288049411,2.76198971,0.03507008142,323.15,0.4176796319,320.7264618,251.20884235714055,20.193027750030545,90.87285220397837,2766.9815793446132,170.39588872048006,0.7318679775405412,206.85070253179802,265.01989810335147,25.43933972720331,11.110111560597039,341.6261793845637,1.2277289701258556,71.94115764285944,0.6619876868325081,5.193027750030547,0.5603219206949993,18.61823811611503,14.528345743318107,2.839534512338696,1.9825352320622112,2.242935285191872,24.978020169244655,101.64932625574956,24.24746274145142,0.641174856308116,0.34754311882415884,14.223572177853603,0.19994429710201797,12.509227186595679,0.7507306212549123,2.351924524661249,0.5140801636189248,11.83351219758934,15.161254752459906,3228.411563036221,P000003_HL,P000003,HL,production,thermorheo-v2.0-interface-objective-R10,3381,3264,95,states=95 nodes=3381 elems=3264
7.687781431,7.687781431,6.704513869,-4.861695605,7.118544327,-4.974869815,-7.185876969,22.57357585,218.7435157,10.1173635,46.97075247222222,1,2,0.4137916261,0.04012375324,264.97483,7.687781431,1.594042959,-4.861695605,-5.954549813,24.375,0.09649987052,0.0437235225,1,91.87476026,-0.983267562,0.8720999587689761,False,-0.06793639900000059,0.13445026893405915,2,1,7.687781431,3.295488928,6.704513869,2.45095436,7.687781431,3.295488928,7.118544327,2.836521617,0.4723014208,321.5456475,0.4723014208,321.5456475,251.20884235714055,20.193027750030545,90.87285220397837,2766.9815793446132,170.3958887204801,0.7318679775405412,206.85070253179802,265.01989810335147,25.43933972720331,11.110111560597039,341.6261793845637,1.2277289701258556,71.94115764285944,0.6619876868325081,5.193027750030547,0.5603219206949993,18.61823811611503,14.528345743318107,2.839534512338696,1.9825352320622112,2.242935285191872,24.978020169244655,101.64932625574956,24.24746274145142,0.641174856308116,0.34754311882415884,14.223572177853603,0.19994429710201797,12.509227186595679,0.7507306212549123,2.351924524661249,0.5140801636189248,11.83351219758934,15.161254752459906,3228.411563036221,P000003_LH,P000003,LH,production,thermorheo-v2.0-interface-objective-R10,3381,3264,95,states=95 nodes=3381 elems=3264
-0.8274343289,-0.8274343289,-1.571898916,-8.591675,-1.150086212,-8.723080045,-11.58979868,17.97003628,163.3809865,6.714193414,8.482734336111111,1,1,0.1333221804,0.035312665640000004,270.1711621,-0.8274343289,-3.782407904,-8.591675,-10.22636597,24.375,0.09649987052,0.0437235225,1,178.1249882,-0.7444645871000001,,False,-0.042362446000000276,0.10385771404877675,1,2,-0.8274343289,-5.502041625,-1.571898916,-6.11938876,-0.8274343289,-5.502041625,-1.150086212,-5.728552443,0.0004584801955,323.15,0.3015149229,322.2962596,262.2746778640279,21.159071267159092,172.01544758567266,1975.0095256577856,206.36640317892991,0.3454899345995033,248.21561387388516,39.369663325835056,54.891351277987354,13.088496937675108,49.82342986426021,1.1646146388092684,60.875322135972056,0.37762756761318744,6.159071267159092,0.5912130404207487,18.964409363110214,27.26594201568105,2.4939734837018386,1.6911049025013405,3.2955604097313125,91.8594092519022,51.59977091238859,30.55238090598904,0.7859799659506769,0.5955835112557865,10.202079149825053,0.24351230717881306,10.385461098287657,1.544406635754906,2.2840392524318704,0.4968341189156608,23.411986340441715,3.713392584886111,3287.1866934483946,P000004_HL,P000004,HL,production,thermorheo-v2.0-interface-objective-R10,3381,3264,177,states=177 nodes=3381 elems=3264
-0.96522421,-0.96522421,-1.703979359,-8.588754138,-1.283370549,-8.72042549,-11.62001296,17.82772083,163.3712825,6.508637419,62.1937245,1,2,0.1568230234,0.035361846169999996,270.0000151,-0.96522421,-3.890035271,-8.588754138,-10.22534339,24.375,0.09649987052,0.0437235225,1,178.1249882,-0.738755149,,False,-0.03944158400000042,0.10344522823104117,2,1,-0.96522421,-5.418202091,-1.703979359,-6.051360431,-0.96522421,-5.418202091,-1.283370549,-5.648763427,0.251021989,322.8276041,0.251021989,322.8276041,262.2746778640279,21.159071267159092,172.01544758567266,1975.0095256577856,206.36640317892991,0.3454899345995033,248.21561387388516,39.369663325835056,54.891351277987354,13.088496937675108,49.82342986426021,1.1646146388092684,60.875322135972056,0.37762756761318744,6.159071267159092,0.5912130404207487,18.964409363110214,27.26594201568105,2.4939734837018386,1.6911049025013405,3.2955604097313125,91.8594092519022,51.59977091238859,30.55238090598904,0.7859799659506769,0.5955835112557865,10.202079149825053,0.24351230717881306,10.385461098287657,1.544406635754906,2.2840392524318704,0.4968341189156608,23.411986340441715,3.713392584886111,3287.1866934483946,P000004_LH,P000004,LH,production,thermorheo-v2.0-interface-objective-R10,3381,3264,177,states=177 nodes=3381 elems=3264
1.65877923,1.65877923,1.493722298,-8.772635911,1.389789011,-8.8832642,-9.137292467,20.32616145,236.2951312,6.312049842,12.127127705555557,1,1,0.1439597992,0.05140299894,244.0824922,1.65877923,-1.263688222,-8.772635911,-9.750020403,31.875,0.08996723585,0.05594522235,1,178.1249948,-0.16505693199999993,0.9004949368699294,False,-0.026145388999999852,0.07019737224892703,1,2,1.65877923,-4.367730944,1.493722298,-4.74484763,1.65877923,-4.367730944,1.389789011,-4.567355314,3.697083459e-12,323.15,0.2779037637,320.9133093,233.9377516504334,18.956597666837162,108.07439666215758,3401.574757689609,167.30536835942223,0.2855673552155939,236.76940951641686,129.89194844967355,76.04920126424321,10.902406596307333,143.54572291857585,1.8097576826196682,89.21224834956658,0.4198912033267628,3.956597666837162,0.7573825073189213,21.717169271288334,13.885018520526604,2.255687126552116,2.4328622877213397,3.1511963883404843,35.075547993826426,154.64681853963054,34.16914142962278,0.5946853933579943,0.23997862278336363,10.176547355874607,0.26356315475352,10.18539500634483,1.5424396723298237,1.885485736152919,0.6790293002477166,7.6723080962019745,4.209036335214498,2906.0755201170923,P000005_HL,P000005,HL,production,thermorheo-v2.0-interface-objective-R10,3381,3264,115,states=115 nodes=3381 elems=3264
1.579356047,1.579356047,1.415283723,-8.762863054,1.314108489,-8.871365747,-9.143538589,20.23932658,236.2654551,6.085186388,55.56906130555556,1,2,0.1587508516,0.05140303113,243.7295816,1.579356047,-1.297463771,-8.762863054,-9.710131245,31.875,0.08996723585,0.05594522235,1,178.1249948,-0.16407232400000016,0.8961144168145891,False,-0.016372532000000106,0.06960688087927046,2,1,1.579356047,-4.360647171,1.415283723,-4.735248893,1.579356047,-4.360647171,1.314108489,-4.572302397,0.2659686943,322.2108332,0.2659686943,322.2108332,233.9377516504334,18.956597666837162,108.07439666215758,3401.574757689609,167.30536835942223,0.2855673552155939,236.76940951641686,129.89194844967355,76.04920126424321,10.902406596307333,143.54572291857585,1.8097576826196682,89.21224834956658,0.4198912033267628,3.956597666837162,0.7573825073189213,21.717169271288334,13.885018520526604,2.255687126552116,2.4328622877213397,3.1511963883404843,35.075547993826426,154.64681853963054,34.16914142962278,0.5946853933579943,0.23997862278336363,10.176547355874607,0.26356315475352,10.18539500634483,1.5424396723298237,1.885485736152919,0.6790293002477166,7.6723080962019745,4.209036335214498,2906.0755201170923,P000005_LH,P000005,LH,production,thermorheo-v2.0-interface-objective-R10,3381,3264,115,states=115 nodes=3381 elems=3264
7.485010468,7.485010468,6.716758352,-6.55194262,6.924134751,-6.695760867,-5.002669436,21.2793239,262.1035778,4.972236728,9.547349897222222,1,1,0.124285824,0.051060003869999995,246.3641126,7.485010468,3.440223767,-6.55194262,-8.005587774,1.875,0.1058865229,0.003466365849,1,91.87456467,-0.7682521159999993,0.8973612502902382,False,-0.04463104100000059,0.1765583186362919,1,2,7.485010468,-0.8889635029,6.716758352,-1.43185223,7.485010468,-0.8889635029,6.924134751,-1.21896118,0.03062814121,323.15,0.1877061187,322.1118603,232.3340077176644,21.79016964727324,109.498298791561,1670.4456295013244,128.96838927527753,0.27757254561745615,158.9847618045971,104.45988194313509,34.97696955271971,16.37558460755712,258.22725882989994,0.7279541442658243,90.81599228233556,0.3596470768050898,6.7901696472732365,0.6585272113969305,9.708646476732666,24.45579413616892,0.809568069382782,2.677070954353918,1.4756340270034525,55.70066560044644,100.25188802573822,19.206803818852705,0.8701900986917128,0.6320795077070396,12.942144485675106,0.18993524898915665,11.73177021832067,1.4631330369197344,1.7384685159159514,0.7888303580848522,33.59523993208903,22.073529295031115,1285.0620456040092,P000006_HL,P000006,HL,production,thermorheo-v2.0-interface-objective-R10,3381,3264,114,states=114 nodes=3381 elems=3264
7.417864089,7.417864089,6.650012013,-6.551024224,6.863594051,-6.693474294,-5.001875454,21.19979675,262.1498681,4.843460987,48.674063555555556,1,2,0.1495863403,0.05105894688,246.1325279,7.417864089,3.407415134,-6.551024224,-7.997975011,1.875,0.1058865229,0.003466365849,1,91.87456467,-0.7678520759999996,0.8964860953520768,False,-0.04371264500000027,0.17533149732064493,2,1,7.417864089,-0.836415623,6.650012013,-1.38273449,7.417864089,-0.836415623,6.863594051,-1.180550749,0.1513733183,322.7766361,0.1513733183,322.7766361,232.3340077176644,21.79016964727324,109.498298791561,1670.4456295013244,128.96838927527753,0.27757254561745615,158.9847618045971,104.45988194313509,34.97696955271971,16.37558460755712,258.22725882989994,0.7279541442658243,90.81599228233556,0.3596470768050898,6.7901696472732365,0.6585272113969305,9.708646476732666,24.45579413616892,0.809568069382782,2.677070954353918,1.4756340270034525,55.70066560044644,100.25188802573822,19.206803818852705,0.8701900986917128,0.6320795077070396,12.942144485675106,0.18993524898915665,11.73177021832067,1.4631330369197344,1.7384685159159514,0.7888303580848522,33.59523993208903,22.073529295031115,1285.0620456040092,P000006_LH,P000006,LH,production,thermorheo-v2.0-interface-objective-R10,3381,3264,114,states=114 nodes=3381 elems=3264
11.18185601,11.18185601,10.58658217,-4.548428471,10.76233533,-4.640657125,-3.40921223,22.52196685,274.2374918,10.98477696,15.330796572222223,1,1,0.2490972461,0.048410917680000005,247.6786755,11.18185601,5.229334884,-4.548428471,-5.648291176,1.875,0.1058865229,0.003466365849,1,1.874995781,-0.5952738400000008,0.9467643082268593,False,-0.07366180400000033,0.006646155850985995,1,2,11.18185601,1.675708848,10.58658217,0.9895374843,11.18185601,1.675708848,10.76233533,1.428524406,8.791065609e-07,323.15,0.2889776074,319.4097735,237.37982561627445,21.473905896945233,109.42779285639111,3354.5256239284718,256.04581587414935,0.41210936442896096,982.6973491074544,504.948808899471,55.71393202323242,42.799972637278564,527.8156956158168,0.5571468656569392,85.77017438372553,0.38693381194520193,6.473905896945235,0.5152580341452133,22.960233115932645,8.98543158407421,2.3532735073549578,3.929168847863677,0.2666208484571512,41.42376863310003,167.27566036535544,18.569636400419462,0.6782734910283065,0.17987388667258744,14.825931682651083,0.21831875224817515,11.6260508347738,1.3858144549855091,2.4446915711509636,0.5788995553800101,16.127581680782445,8.286990056029499,3675.608235828073,P000007_HL,P000007,HL,production,thermorheo-v2.0-interface-objective-R10,3381,3264,114,states=114 nodes=3381 elems=3264
10.85156201,10.85156201,10.25608516,-4.529847348,10.43843122,-4.62066028,-3.457206841,22.14628047,274.3652295,10.38274367,53.82552447222223,1,2,0.2811406661,0.048410502519999996,247.2943185,10.85156201,5.047541809,-4.529847348,-5.601323894,1.875,0.1058865229,0.003466365849,1,1.874995781,-0.5954768500000007,0.9451252410066631,False,-0.05508068099999974,0.008912755599704773,2,1,10.85156201,1.704541432,10.25608516,1.031615573,10.85156201,1.704541432,10.43843122,1.424678722,0.6239027011,321.7027799,0.6239027011,321.7027799,237.37982561627445,21.473905896945233,109.42779285639111,3354.5256239284718,256.0458158741493,0.41210936442896096,982.6973491074544,504.948808899471,55.71393202323242,42.799972637278564,527.8156956158168,0.5571468656569392,85.77017438372553,0.38693381194520193,6.473905896945235,0.5152580341452133,22.960233115932645,8.98543158407421,2.3532735073549578,3.929168847863677,0.2666208484571512,41.42376863310003,167.27566036535544,18.569636400419462,0.6782734910283065,0.17987388667258744,14.825931682651083,0.21831875224817515,11.6260508347738,1.3858144549855091,2.4446915711509636,0.5788995553800101,16.127581680782445,8.286990056029499,3675.608235828073,P000007_LH,P000007,LH,production,thermorheo-v2.0-interface-objective-R10,3381,3264,114,states=114 nodes=3381 elems=3264
-7.496538138,-7.496538138,-9.315692744,-18.03425972,-8.008848793,-18.11838449,-19.11868168,22.64730204,259.2249914,5.904678381,3.1013410972222224,1,1,0.1361329025,0.039626625999999984,270.4361293,-7.496538138,-12.49918112,-18.03425972,-18.81581245,13.125,0.1031756887,0.02405719646,1,91.87475291,-1.8191546059999997,,False,-0.043616980000003025,0.17436154323653374,1,2,-7.496538138,-12.36882648,-9.315692744,-13.93166243,-7.496538138,-12.36882648,-8.008848793,-12.67626443,4.338924822e-09,323.15,0.5691031503,318.7723712,258.629370904083,22.990386964110257,106.73043471284508,2825.241722865703,380.3207866786318,0.5877549644742323,41.40812042331017,49.97891263789741,44.227344174003036,1.5929360852022136,46.143536654858735,1.5034761147464333,64.52062909591697,0.512339293530764,7.990386964110256,0.7560126770837052,25.9948411037808,5.610296107711815,1.101737936513639,1.1192279523640583,2.578018855600156,39.532486908615965,121.78291011195314,39.36399305409829,0.8256626695467326,0.3582163200841879,13.395372236905292,0.25723609631522426,10.256485151519891,0.8116824690686363,2.042156293434548,0.6437400116928143,3.731549874776702,4.50391863453031,3117.4317130957834,P000008_HL,P000008,HL,production,thermorheo-v2.0-interface-objective-R10,3381,3264,113,states=113 nodes=3381 elems=3264
-7.68110784,-7.68110784,-9.450423975,-18.02829499,-8.167080725,-18.11000243,-19.11121793,22.430913,259.2249914,5.514272587,39.50546305555555,1,2,0.1353248792,0.0394299806,269.8557279,-7.68110784,-12.4842657,-18.02829499,-18.77710481,13.125,0.1031756887,0.02405719646,1,91.87475291,-1.7693161349999995,,False,-0.03765225000000072,0.17328524714488486,2,1,-7.68110784,-12.24917718,-9.450423975,-13.90802112,-7.68110784,-12.24917718,-8.167080725,-12.60492998,0.4259865977,320.9071687,0.4259865977,320.9071687,258.629370904083,22.990386964110257,106.73043471284508,2825.241722865703,380.3207866786318,0.5877549644742323,41.40812042331017,49.97891263789741,44.227344174003036,1.5929360852022136,46.143536654858735,1.5034761147464333,64.52062909591697,0.512339293530764,7.990386964110256,0.7560126770837052,25.9948411037808,5.610296107711815,1.101737936513639,1.1192279523640583,2.578018855600156,39.532486908615965,121.78291011195314,39.36399305409829,0.8256626695467326,0.3582163200841879,13.395372236905292,0.25723609631522426,10.256485151519891,0.8116824690686363,2.042156293434548,0.6437400116928143,3.731549874776702,4.50391863453031,3117.4317130957834,P000008_LH,P000008,LH,production,thermorheo-v2.0-interface-objective-R10,3381,3264,113,states=113 nodes=3381 elems=3264
17.11233035,17.11233035,15.50696711,-5.023913649,16.45377237,-5.133584117,-3.651733823,30.5944994,294.3460817,7.956535534,10.608217297222222,1,1,0.389983372,0.050158434509999995,247.6108982,17.11233035,8.359414342,-5.023913649,-5.985745373,1.875,0.1058865229,0.003466365849,1,1.874990407,-1.6053632400000009,0.906186754979283,False,-0.09992473899999954,0.3081401714273758,1,2,17.11233035,7.906889341,15.50696711,7.159346241,17.11233035,7.906889341,16.45377237,7.447458337,0.0678926327,323.15,0.3349152609,321.6518021,230.18297002838037,22.77154304738713,102.73568299020475,2651.1785548253874,173.04450698880763,0.42303025986821163,249.0946623194159,60.437714027289424,31.791628321929025,18.52167310404066,107.85370399629255,0.9012929216360496,92.96702997161961,0.6246670470191524,7.77154304738713,0.43276580492076433,13.448820790659234,24.265035056306584,2.9231768453432925,1.2609233973961855,2.762873762570701,37.67905834195935,25.985226962243587,21.68669761988453,0.6049503031054284,0.3926567984612501,16.22555866283678,0.2020400655577788,13.958972609519913,0.9226071050214066,1.6706856173798685,0.7746997211223174,26.922473786058458,6.532186424382361,1780.136664764263,P000009_HL,P000009,HL,production,thermorheo-v2.0-interface-objective-R10,3381,3264,108,states=108 nodes=3381 elems=3264
16.97943331,16.97943331,15.37484501,-5.009037826,16.3213641,-5.115921252,-3.650626672,30.43283694,294.4583526,7.676875722,55.26904713888889,1,2,0.4063242229,0.05015449103,247.0769438,16.97943331,8.388406014,-5.009037826,-5.938433296,1.875,0.1058865229,0.003466365849,1,1.874990407,-1.6045883000000014,0.9054981240713739,False,-0.08504891599999986,0.3070382865680749,2,1,16.97943331,7.983871237,15.37484501,7.234158737,16.97943331,7.983871237,16.3213641,7.529527102,0.3423921681,322.2141252,0.3423921681,322.2141252,230.18297002838037,22.77154304738713,102.73568299020475,2651.178554825387,173.0445069888076,0.42303025986821163,249.0946623194159,60.437714027289424,31.791628321929025,18.52167310404066,107.85370399629255,0.9012929216360496,92.96702997161961,0.6246670470191524,7.77154304738713,0.43276580492076433,13.448820790659234,24.265035056306584,2.9231768453432925,1.2609233973961855,2.762873762570701,37.67905834195935,25.985226962243587,21.68669761988453,0.6049503031054284,0.3926567984612501,16.22555866283678,0.2020400655577788,13.958972609519913,0.9226071050214066,1.6706856173798685,0.7746997211223174,26.922473786058458,6.532186424382361,1780.136664764263,P000009_LH,P000009,LH,production,thermorheo-v2.0-interface-objective-R10,3381,3264,108,states=108 nodes=3381 elems=3264
-3.756221851,-3.756221851,-7.390618072,-13.69704361,-4.302404984,-13.78238843,-15.42716625,19.58619687,150.0203451,6.447929705,2.7476080088888892,1,1,0.5539108531,0.027244440380000012,281.8776766,-3.756221851,-8.029728635,-13.69704361,-14.84612116,1.875,0.1058865229,0.003466365849,1,1.874985545,-3.634396221,,False,-0.28606332000000023,0.062365821528467466,1,2,-3.756221851,-8.135105035,-7.390618072,-9.870689021,-3.756221851,-8.135105035,-4.302404984,-8.459848021,2.930182819e-11,323.15,0.5527598022,320.8940351,276.5407302969711,22.738136241507135,113.21787114528324,2837.2396465541424,387.0987668392849,0.2881518598582693,7.091213142698723,7.610002473872406,117.59128365304443,0.2092781950313044,5.390132999363238,4.278498026275455,46.60926970302886,0.6540224022190977,7.738136241507136,0.39144403415622114,33.88414708774605,9.048348810004345,2.7476080090103685,1.3875378423742293,0.3148717300888717,27.501192996839848,100.49594252064875,28.425624465836307,0.8827793853343173,0.5724943853229478,16.055427911564138,0.27148673660177375,10.314094235332071,1.5544353635618238,1.9173464776971403,0.4988380227728553,2.1148423475798985,2.2695630737744588,2319.700347640013,P000010_HL,P000010,HL,production,thermorheo-v2.0-interface-objective-R10,3381,3264,119,states=119 nodes=3381 elems=3264
-3.976043503,-3.976043503,-7.583317245,-13.71706916,-4.49843236,-13.80004041,-15.45469115,19.3266053,150.0203451,5.985252905,50.1301215,1,2,0.5858390585,0.02724429923999999,281.5288126,-3.976043503,-8.107255742,-13.71706916,-14.80976734,1.875,0.1058865229,0.003466365849,1,1.874985545,-3.607273742,,False,-0.30608886999999996,0.06290889397280432,2,1,-3.976043503,-7.884606141,-7.583317245,-9.670130753,-3.976043503,-7.884606141,-4.49843236,-8.23923064,0.5082608957,321.6745484,0.5082608957,321.6745484,276.5407302969711,22.738136241507135,113.21787114528324,2837.2396465541433,387.09876683928485,0.2881518598582693,7.091213142698723,7.610002473872406,117.59128365304443,0.2092781950313044,5.390132999363238,4.278498026275455,46.60926970302886,0.6540224022190977,7.738136241507136,0.39144403415622114,33.88414708774605,9.048348810004345,2.7476080090103685,1.3875378423742293,0.3148717300888717,27.501192996839848,100.49594252064875,28.425624465836307,0.8827793853343173,0.5724943853229478,16.055427911564138,0.27148673660177375,10.314094235332071,1.5544353635618238,1.9173464776971403,0.4988380227728553,2.1148423475798985,2.2695630737744588,2319.700347640013,P000010_LH,P000010,LH,production,thermorheo-v2.0-interface-objective-R10,3381,3264,119,states=119 nodes=3381 elems=3264
2.277359326,2.277359326,1.562108057,-3.288230827,1.975314664,-3.437582977,-10.66783703,19.6531705,159.2695391,5.522192237,3.4487457055555555,1,1,0.1721805826,0.027862932910000006,283.0483472,2.277359326,-1.032426926,-3.288230827,-4.906130663,35.625,0.08611561649,0.06170957809,1,178.124995,-0.7152512689999999,0.6859295497051483,False,-0.047906304000000066,0.06382160422127327,1,2,2.277359326,-1.222780204,1.562108057,-1.655002109,2.277359326,-1.222780204,1.975314664,-1.424184205,0.1019919514,323.15,0.6008950017,320.3164751,276.3489680845221,20.445040420074477,122.95968464065163,1469.8440443247732,172.16710079964037,0.3756677030040615,97.1234040167136,49.17028463263057,53.19165025125143,4.860451026336994,59.05635524063582,0.24500228619851197,46.80103191547789,0.4025493300734173,5.445040420074479,0.5140566540778715,19.982385068883037,4.706112199213535,0.4513879461131248,1.3511925033078729,1.6659516287609881,71.35173814730805,61.86956156719818,33.13008069370946,0.5523642698511243,0.2311845433883168,9.577402257179436,0.18538346635578398,11.71377414483392,1.198171632199077,1.9267678781715514,0.4010874699600602,19.2084419791921,9.724582545559384,3092.367672364194,P000011_HL,P000011,HL,production,thermorheo-v2.0-interface-objective-R10,3381,3264,128,states=128 nodes=3381 elems=3264
1.994162657,1.994162657,1.320324789,-3.290889616,1.707266523,-3.440311322,-10.69689985,19.3631072,159.2667642,5.072813555,31.605775055555558,1,2,0.1871824278,0.0278601166,282.7637886,1.994162657,-1.160022249,-3.290889616,-4.908872093,35.625,0.08611561649,0.06170957809,1,178.124995,-0.6738378679999999,0.6620948318159184,False,-0.050565092999999894,0.06248194117517921,2,1,1.994162657,-0.9539429982,1.320324789,-1.478921477,1.994162657,-0.9539429982,1.707266523,-1.179632257,0.5586657831,322.0093665,0.5586657831,322.0093665,276.3489680845221,20.445040420074477,122.95968464065163,1469.8440443247732,172.16710079964037,0.3756677030040615,97.1234040167136,49.17028463263057,53.19165025125143,4.860451026336994,59.05635524063582,0.24500228619851197,46.80103191547789,0.4025493300734173,5.445040420074479,0.5140566540778715,19.982385068883037,4.706112199213535,0.4513879461131248,1.3511925033078729,1.6659516287609881,71.35173814730805,61.86956156719818,33.13008069370946,0.5523642698511243,0.2311845433883168,9.577402257179436,0.18538346635578398,11.71377414483392,1.198171632199077,1.9267678781715514,0.4010874699600602,19.2084419791921,9.724582545559384,3092.367672364194,P000011_LH,P000011,LH,production,thermorheo-v2.0-interface-objective-R10,3381,3264,128,states=128 nodes=3381 elems=3264
2.930293753,2.930293753,0.04514034145,-8.773388277,2.291512342,-8.895751742,-11.34097108,22.17171115,178.6568827,12.41840846,1.4506611397222224,1,1,0.9697637191,0.035803307660000006,266.1319855,2.930293753,-1.553340951,-8.773388277,-9.950758339,28.125,0.0934336017,0.04994130058,1,1.874986424,-2.88515341155,0.015404715450041778,False,-0.0076285780000002745,0.13346850467252236,1,2,2.930293753,-4.425423974,0.04514034145,-5.947381609,2.930293753,-4.425423974,2.291512342,-4.817694668,1.028869503,323.15,1.011494622,321.8468213,256.8587698641104,19.968627727414994,148.85968507758147,2244.8154302214934,161.7426894294547,0.28443178866779195,19.430628277784784,287.2333934701188,75.2691886960309,0.907593707437657,321.99624232737153,8.697476934075443,66.29123013588956,0.3696636470471943,4.968627727414994,0.4586915306119426,21.408949972385614,20.786796792757755,0.47752705009248986,1.3374349858432197,3.476780427991612,74.67150341219782,131.54159193920322,32.081226365750645,0.6645336536288248,0.5407808745931516,15.443028466543684,0.2646022035819605,10.793777722366304,1.3379986521026606,1.629072127787818,0.36212855498753266,2.3899801000124676,35.329896935833844,2623.8785701635757,P000012_HL,P000012,HL,production,thermorheo-v2.0-interface-objective-R10,3381,3264,155,states=155 nodes=3381 elems=3264
2.931159333,2.931159333,0.0401943687,-8.770591788,2.29860069,-8.891817588,-11.33227333,22.15371349,178.716039,12.40917328,48.93815036111111,1,2,0.9683200456,0.03579950905,265.8996835,2.931159333,-1.515190652,-8.770591788,-9.939628462,28.125,0.0934336017,0.04994130058,1,1.874986424,-2.8909649643,0.013712788741122998,False,-0.00483208900000065,0.13291157762784267,2,1,2.931159333,-4.450275925,0.0401943687,-5.954575165,2.931159333,-4.450275925,2.29860069,-4.857546764,1.015231957,322.6682622,1.015231957,322.6682622,256.8587698641104,19.968627727414994,148.85968507758147,2244.8154302214934,161.74268942945474,0.28443178866779195,19.430628277784784,287.2333934701188,75.2691886960309,0.907593707437657,321.99624232737153,8.697476934075443,66.29123013588956,0.3696636470471943,4.968627727414994,0.4586915306119426,21.408949972385614,20.786796792757755,0.47752705009248986,1.3374349858432197,3.476780427991612,74.67150341219782,131.54159193920322,32.081226365750645,0.6645336536288248,0.5407808745931516,15.443028466543684,0.2646022035819605,10.793777722366304,1.3379986521026606,1.629072127787818,0.36212855498753266,2.3899801000124676,35.329896935833844,2623.8785701635757,P000012_LH,P000012,LH,production,thermorheo-v2.0-interface-objective-R10,3381,3264,155,states=155 nodes=3381 elems=3264
6.956109113,6.956109113,6.067102528,-5.429565476,6.444927779,-5.525260257,-5.503318865,20.24077488,272.2555739,6.404350448,4.949692708333333,1,1,0.5814449874,0.04629149311999999,255.358021,6.956109113,1.934875023,-5.429565476,-6.381084205,13.125,0.1031756887,0.02405719646,1,1.87499024,-0.8890065849999997,0.8721977228133799,False,0.01672373199999999,0.2222037811368086,1,2,6.956109113,0.5964447459,6.067102528,-0.3498603747,6.956109113,0.5964447459,6.444927779,0.2592444761,0.6117561567,323.15,0.5987864297,321.1952315,242.28234394282404,24.510924124123797,112.66561876862549,3221.677732729085,340.06236020081144,0.5917395795900863,97.51271305329094,1076.429999079671,36.89471477184804,4.466491005303191,1183.3201456143333,5.815389572971416,80.86765605717594,0.5020396207132318,9.510924124123797,0.49462124748950836,21.832063008189504,20.889901361891692,0.9802267076235951,3.200441548710569,2.0011557936271775,35.74794329043213,82.74452334381962,20.251795303169605,0.6700884802293061,0.3990113956826658,12.046334978773082,0.24105746157108116,10.772262320163566,1.0047432780095469,2.5450260567552943,0.655819414230977,3.5921757433041313,39.65355501846931,3196.1426562198085,P000013_HL,P000013,HL,production,thermorheo-v2.0-interface-objective-R10,3381,3264,118,states=118 nodes=3381 elems=3264
6.967878846,6.967878846,6.070611459,-5.420764965,6.464225289,-5.512253639,-5.48940315,20.23558187,272.3723512,6.399418429,53.853481138888895,1,2,0.5794781298,0.046288820310000006,254.9116287,6.967878846,2.003925554,-5.420764965,-6.32686256,13.125,0.1031756887,0.02405719646,1,1.87499024,-0.8972673869999994,0.871228044167977,False,0.025524242999999558,0.222412980428795,2,1,6.967878846,0.5591689429,6.070611459,-0.3671121975,6.967878846,0.5591689429,6.464225289,0.2015871689,0.6047078199,322.1686287,0.6047078199,322.1686287,242.28234394282404,24.510924124123797,112.66561876862549,3221.6777327290843,340.0623602008113,0.5917395795900863,97.51271305329094,1076.429999079671,36.89471477184804,4.466491005303191,1183.3201456143333,5.815389572971416,80.86765605717594,0.5020396207132318,9.510924124123797,0.49462124748950836,21.832063008189504,20.889901361891692,0.9802267076235951,3.200441548710569,2.0011557936271775,35.74794329043213,82.74452334381962,20.251795303169605,0.6700884802293061,0.3990113956826658,12.046334978773082,0.24105746157108116,10.772262320163566,1.0047432780095469,2.5450260567552943,0.655819414230977,3.5921757433041313,39.65355501846931,3196.1426562198085,P000013_LH,P000013,LH,production,thermorheo-v2.0-interface-objective-R10,3381,3264,118,states=118 nodes=3381 elems=3264
1.370613229,1.370613229,0.3723826927,-7.312726751,1.075321208,-7.402499914,-9.16064927,18.36920234,212.6691771,5.993117731,4.1901099861111115,1,1,0.1791355979,0.043272485490000005,256.551098,1.370613229,-2.712433144,-7.312726751,-8.409138751,24.375,0.09649987052,0.0437235225,1,178.1249996,-0.9982305362999999,0.2716905723810142,False,-0.05907207299999939,0.12623874250090716,1,2,1.370613229,-3.653188267,0.3723826927,-4.419001757,1.370613229,-3.653188267,1.075321208,-3.83535201,1.2741007480000001e-14,323.15,0.8132147119,320.0597933,247.9226517819556,20.891116182668977,170.76787770002844,4510.431706736557,364.3130624695316,0.45619069334667856,62.849599551166925,21.18974638879509,78.26668397977723,1.760269483127418,14.243399171269798,1.442682046153852,75.22734821804438,0.4215304288970622,5.891116182668977,0.6056421987063216,35.70453283067995,10.015455871532756,2.2065248286348016,3.414139840341248,3.912171662923179,70.27768350333733,124.94181438310746,26.229415001735962,0.6965931188367998,0.01593349193426312,12.077740733983628,0.22540583709687328,9.349543376775037,1.3198220127125861,2.5773197011472373,0.6113666441372938,6.942247530031768,2.3405791855499736,2346.2947537184336,P000014_HL,P000014,HL,production,thermorheo-v2.0-interface-objective-R10,3381,3264,177,states=177 nodes=3381 elems=3264
1.142856814,1.142856814,0.1986063081,-7.312542906,0.8604149724,-7.401682875,-9.172655172,18.12430191,212.5916854,5.484368375,59.44293502777778,1,2,0.2080585799,0.043275024249999995,256.2028628,1.142856814,-2.767405479,-7.312542906,-8.392554405,24.375,0.09649987052,0.0437235225,1,178.1249996,-0.9442505058999999,0.1737805695928589,False,-0.05888822799999982,0.12403523977175478,2,1,1.142856814,-3.450165496,0.1986063081,-4.350169678,1.142856814,-3.450165496,0.8604149724,-3.65660457,0.5493604064,321.8473838,0.5493604064,321.8473838,247.9226517819556,20.891116182668977,170.76787770002844,4510.431706736557,364.31306246953164,0.45619069334667856,62.849599551166925,21.18974638879509,78.26668397977723,1.760269483127418,14.243399171269798,1.442682046153852,75.22734821804438,0.4215304288970622,5.891116182668977,0.6056421987063216,35.70453283067995,10.015455871532756,2.2065248286348016,3.414139840341248,3.912171662923179,70.27768350333733,124.94181438310746,26.229415001735962,0.6965931188367998,0.01593349193426312,12.077740733983628,0.22540583709687328,9.349543376775037,1.3198220127125861,2.5773197011472373,0.6113666441372938,6.942247530031768,2.3405791855499736,2346.2947537184336,P000014_LH,P000014,LH,production,thermorheo-v2.0-interface-objective-R10,3381,3264,177,states=177 nodes=3381 elems=3264
6.108120114,6.108120114,5.590927958,-8.217885463,5.729568998,-8.317113229,-5.96514976,20.21421677,257.3942216,10.01718825,13.266684169444444,1,1,0.05595661331,0.05285695146,240.1113589,6.108120114,0.6913336124,-8.217885463,-9.785880239,1.875,0.1058865229,0.003466365849,1,178.1249953,-0.5171921560000001,0.915327114341681,False,-0.009611875999999242,0.1369662971270844,1,2,6.108120114,-0.3333208986,5.590927958,-0.7687819787,6.108120114,-0.3333208986,5.729568998,-0.6252037508,0.0003070638499,323.15,0.07775967043,321.9443599,228.884740852791,20.836805770901833,135.23738553483915,2501.2165477695835,121.90114109162027,0.2666770834340495,638.9866105109485,710.118934949379,47.60703699516169,50.330924624788715,1342.4109488989693,3.370151875298205,94.26525914720898,0.5730932854800135,5.836805770901835,0.44762564871738164,12.695705776806616,20.649350695384904,0.570978391369106,2.8916252191784935,1.9889270555484881,78.29356195364883,80.82246234315744,23.977099335952953,0.8583469969626638,0.21494847951251486,11.405974287356948,0.2316926452852231,11.809666084962888,1.6561906337205043,1.8906125043055246,0.5971934795938043,6.127127636809473,6.809202697175293,3646.336295719605,P000015_HL,P000015,HL,production,thermorheo-v2.0-interface-objective-R10,3381,3264,139,states=139 nodes=3381 elems=3264
6.085369178,6.085369178,5.56791753,-8.216372611,5.708993678,-8.315163813,-5.963871752,20.18559918,257.4144125,9.955000761,52.06327130555555,1,2,0.05530784835,0.05285502642999999,239.7360487,6.085369178,0.7039079668,-8.216372611,-9.778559712,1.875,0.1058865229,0.003466365849,1,178.1249953,-0.5174516479999998,0.9149679119106354,False,-0.008099023999999844,0.13717513162478268,2,1,6.085369178,-0.3423802177,5.56791753,-0.7714455798,6.085369178,-0.3423802177,5.708993678,-0.6420383605,0.1152011243,322.4590558,0.1152011243,322.4590558,228.884740852791,20.836805770901833,135.23738553483915,2501.216547769583,121.90114109162027,0.2666770834340495,638.9866105109485,710.118934949379,47.60703699516169,50.330924624788715,1342.4109488989693,3.370151875298205,94.26525914720898,0.5730932854800135,5.836805770901835,0.44762564871738164,12.695705776806616,20.649350695384904,0.570978391369106,2.8916252191784935,1.9889270555484881,78.29356195364883,80.82246234315744,23.977099335952953,0.8583469969626638,0.21494847951251486,11.405974287356948,0.2316926452852231,11.809666084962888,1.6561906337205043,1.8906125043055246,0.5971934795938043,6.127127636809473,6.809202697175293,3646.336295719605,P000015_LH,P000015,LH,production,thermorheo-v2.0-interface-objective-R10,3381,3264,139,states=139 nodes=3381 elems=3264
0.9223368817,0.9223368817,-1.246201706,-9.421475353,0.501803174,-9.515027393,-10.98346096,18.9759766,145.9810075,3.319819697,4.273302883333334,1,1,0.03423688897,0.029471750750000004,276.3274392,0.9223368817,-3.577607126,-9.421475353,-10.70838613,1.875,0.1058865229,0.003466365849,1,1.874992187,-2.1685385877,-1.3511350686780195,False,-0.012257595999999538,0.11848062637886728,1,2,0.9223368817,-2.652354137,-1.246201706,-4.01650131,0.9223368817,-2.652354137,0.501803174,-2.953614359,0.00062002751,323.15,0.1483270413,321.0527681,270.00304372993713,20.93297878129122,158.93861572038176,3199.9089095178047,318.94385881703045,0.28316578669986014,32.38588891526461,128.21195717751897,118.04472295221257,0.9688765971035578,92.05606684058623,2.8228317515168695,53.146956270062866,0.6812643412674022,5.932978781291219,0.5390507312582311,33.426226840530305,11.298294116756225,2.3070542459433203,0.6988719218821338,1.0658643246439625,72.64428693762606,142.63672888881035,22.605992843854004,0.8610719060090546,0.323963359492235,11.746987175907812,0.23773663194781278,13.425191323390646,1.359078693183186,1.6473727876718713,0.7811285964358452,4.002468128213806,15.845304527585796,3432.4903361241772,P000016_HL,P000016,HL,production,thermorheo-v2.0-interface-objective-R10,3381,3264,166,states=166 nodes=3381 elems=3264
0.9083265362,0.9083265362,-1.262210608,-9.41998397,0.505612179,-9.512631214,-10.96320931,18.93790989,146.0305134,3.23569197,53.069614333333334,1,2,0.03380562271,0.029470384500000002,275.926621,0.9083265362,-3.507931129,-9.41998397,-10.6969636,1.875,0.1058865229,0.003466365849,1,1.874992187,-2.1705371442,-1.3896000586754629,False,-0.010766213000000135,0.1180295900707515,2,1,0.9083265362,-2.654917634,-1.262210608,-4.015533324,0.9083265362,-2.654917634,0.505612179,-2.983109271,0.1094339876,321.7212307,0.1094339876,321.7212307,270.00304372993713,20.93297878129122,158.93861572038176,3199.9089095178047,318.94385881703045,0.28316578669986014,32.38588891526461,128.21195717751897,118.04472295221257,0.9688765971035578,92.05606684058623,2.8228317515168695,53.146956270062866,0.6812643412674022,5.932978781291219,0.5390507312582311,33.426226840530305,11.298294116756225,2.3070542459433203,0.6988719218821338,1.0658643246439625,72.64428693762606,142.63672888881035,22.605992843854004,0.8610719060090546,0.323963359492235,11.746987175907812,0.23773663194781278,13.425191323390646,1.359078693183186,1.6473727876718713,0.7811285964358452,4.002468128213806,15.845304527585796,3432.4903361241772,P000016_LH,P000016,LH,production,thermorheo-v2.0-interface-objective-R10,3381,3264,166,states=166 nodes=3381 elems=3264
6.819455928,6.819455928,6.121640456,-7.418962677,6.396367903,-7.528656042,-8.770270852,24.66515692,204.6198097,8.030473431,3.604278561111111,1,1,0.1061141683,0.04009243034999999,261.0999041,6.819455928,1.109341921,-7.418962677,-8.329083752,24.375,0.09649987052,0.0437235225,1,178.1249936,-0.6978154720000003,0.8976728525900666,False,-0.02342835199999982,0.07366628275814657,1,2,6.819455928,0.002281048804,6.121640456,-0.765390086,6.819455928,0.002281048804,6.396367903,-0.3385944218,0.001140852555,323.15,0.1525651796,321.8681111,249.07635742563932,18.0330945022602,143.77998769827317,3240.217338242985,134.15759758718346,0.5185111907734729,69.71609443182014,101.75262779720511,46.159045723615016,2.912849818380389,102.03329689571473,3.642182526019806,74.07364257436066,0.5243791411713968,3.033094502260202,0.7270634910579642,23.9339817631188,30.674805472898143,0.6125308412539852,2.7408558894155663,3.4292756703439493,51.67189389711041,116.54949856761866,28.49464489443689,0.5929877648616698,0.301434113032043,14.260017122575263,0.24058497212727373,13.257971965311473,0.9599831765436146,2.13072921756441,0.6848578699695913,8.422094514417353,12.292287102176648,2296.6252999014146,P000017_HL,P000017,HL,production,thermorheo-v2.0-interface-objective-R10,3381,3264,148,states=148 nodes=3381 elems=3264
6.785883122,6.785883122,6.087914439,-7.412628817,6.362101139,-7.519540094,-8.765266713,24.61808237,204.6642173,7.924994803,64.99572819444445,1,2,0.1086520434,0.04008918249000001,260.7435944,6.785883122,1.160197461,-7.412628817,-8.283575812,24.375,0.09649987052,0.0437235225,1,178.1249936,-0.697968683,0.8971440164159078,False,-0.017094492000000017,0.07310910782213281,2,1,6.785883122,0.00971100135,6.087914439,-0.7573251212,6.785883122,0.00971100135,6.362101139,-0.3275024381,0.1111971374,322.4778042,0.1111971374,322.4778042,249.07635742563932,18.0330945022602,143.77998769827317,3240.217338242985,134.15759758718346,0.5185111907734729,69.71609443182014,101.75262779720511,46.159045723615016,2.912849818380389,102.03329689571473,3.642182526019806,74.07364257436066,0.5243791411713968,3.033094502260202,0.7270634910579642,23.9339817631188,30.674805472898143,0.6125308412539852,2.7408558894155663,3.4292756703439493,51.67189389711041,116.54949856761866,28.49464489443689,0.5929877648616698,0.301434113032043,14.260017122575263,0.24058497212727373,13.257971965311473,0.9599831765436146,2.13072921756441,0.6848578699695913,8.422094514417353,12.292287102176648,2296.6252999014146,P000017_LH,P000017,LH,production,thermorheo-v2.0-interface-objective-R10,3381,3264,148,states=148 nodes=3381 elems=3264
4.584493061,4.584493061,3.610539706,-6.170212258,4.156959447,-6.267893903,-7.587921832,18.90296143,206.9980814,7.257925122,9.299221408333334,1,1,0.3540624038,0.03343455343,275.8046816,4.584493061,0.162514914,-6.170212258,-7.244506128,16.875,0.1013813657,0.03075370105,1,178.1249902,-0.9739533549999999,0.7875548414970106,False,-0.12699995200000025,0.18958017270392583,1,2,4.584493061,0.4997720824,3.610539706,-0.03790175187,4.584493061,0.4997720824,4.156959447,0.1946118101,0.03227202371,323.15,0.3434424272,321.7141594,265.8701685348835,23.648515658797137,124.79768172398032,2655.53791353574,305.0953941016726,0.5223567340478263,208.95132127551383,149.95583055224594,43.15978054119817,9.26827040763047,159.63502062872845,0.7555018785029842,57.27983146511649,0.6765762456444883,8.64851565879714,0.4274086897450253,22.544802005721202,20.58215132646214,2.437759927904677,1.9009429670143787,3.974867025052947,42.49878654613175,126.92771288114093,22.507924439169425,0.7070633029028072,0.4775511649325998,9.617884439132693,0.26271803953882894,13.947348026821269,0.9294112264513474,2.078172611428581,0.5371049389033806,27.243018067996555,19.55120157268419,3055.820826274106,P000018_HL,P000018,HL,production,thermorheo-v2.0-interface-objective-R10,3381,3264,129,states=129 nodes=3381 elems=3264
4.396062435,4.396062435,3.42973893,-6.163406286,3.978687857,-6.261054014,-7.612935058,18.69366535,207.0240611,6.940328172,60.73974466666667,1,2,0.372699228,0.03343723548,275.3591532,4.396062435,0.06080284094,-6.163406286,-7.226153257,16.875,0.1013813657,0.03075370105,1,178.1249902,-0.9663235050000001,0.7801843082785971,False,-0.12019397999999981,0.18840293498243485,2,1,4.396062435,0.642078559,3.42973893,0.09133838831,4.396062435,0.642078559,3.978687857,0.3260791841,0.3951685803,322.1785444,0.3951685803,322.1785444,265.8701685348835,23.648515658797137,124.79768172398032,2655.5379135357402,305.0953941016725,0.5223567340478263,208.95132127551383,149.95583055224594,43.15978054119817,9.26827040763047,159.63502062872845,0.7555018785029842,57.27983146511649,0.6765762456444883,8.64851565879714,0.4274086897450253,22.544802005721202,20.58215132646214,2.437759927904677,1.9009429670143787,3.974867025052947,42.49878654613175,126.92771288114093,22.507924439169425,0.7070633029028072,0.4775511649325998,9.617884439132693,0.26271803953882894,13.947348026821269,0.9294112264513474,2.078172611428581,0.5371049389033806,27.243018067996555,19.55120157268419,3055.820826274106,P000018_LH,P000018,LH,production,thermorheo-v2.0-interface-objective-R10,3381,3264,129,states=129 nodes=3381 elems=3264
-3.23535399,-3.23535399,-4.19543348,-13.4059849,-3.559311502,-13.50048455,-16.54760147,22.44924632,238.9579724,8.100450683,6.424431669444445,1,1,1.026256492,0.03698436059999999,266.1858059,-3.23535399,-8.000999823,-13.4059849,-14.49035446,24.375,0.09649987052,0.0437235225,1,178.1249999,-0.96007949,,False,-0.18838683000000067,0.05737849126609147,1,2,-3.23535399,-7.124674909,-4.19543348,-7.745999,-3.23535399,-7.124674909,-3.559311502,-7.367956177,0.6905998197,323.15,0.965459294,322.11055,256.9733992613384,18.012646978520696,134.66738223595442,3250.2157836925085,127.82731367986453,0.35986625124847116,194.55623749440068,142.15740661791762,73.40223452184394,7.365373214481212,129.1606830100865,0.8810148445336152,66.17660073866159,0.639267224606793,3.012646978520695,0.5095276888332776,26.414986970637095,31.310429060858482,2.511100267478848,0.8754940040699709,2.8301695111747383,38.093451668374655,86.215448062877,39.403714839032006,0.7843550644197399,0.0048770395648129634,12.65874648841462,0.2300916650148885,11.549031964599461,1.1234312843211145,1.730589794727729,0.5239131791728282,35.539048240933276,25.96749914916268,2133.3375980668275,P000019_HL,P000019,HL,production,thermorheo-v2.0-interface-objective-R10,3381,3264,140,states=140 nodes=3381 elems=3264
-3.405195107,-3.405195107,-4.346458339,-13.40037708,-3.720060065,-13.49424262,-16.57079579,22.24093427,238.9579724,7.740849214,70.36661147222222,1,2,1.049472507,0.0369838629,265.8473305,-3.405195107,-8.039176984,-13.40037708,-14.45867596,24.375,0.09649987052,0.0437235225,1,178.1249999,-0.9412632319999998,,False,-0.18277901000000085,0.056173681813827106,2,1,-3.405195107,-6.98047277,-4.346458339,-7.630241703,-3.405195107,-6.98047277,-3.720060065,-7.232402308,0.9658633724,322.4855137,0.9658633724,322.4855137,256.9733992613384,18.012646978520696,134.66738223595442,3250.2157836925085,127.82731367986453,0.35986625124847116,194.55623749440068,142.15740661791762,73.40223452184394,7.365373214481212,129.1606830100865,0.8810148445336152,66.17660073866159,0.639267224606793,3.012646978520695,0.5095276888332776,26.414986970637095,31.310429060858482,2.511100267478848,0.8754940040699709,2.8301695111747383,38.093451668374655,86.215448062877,39.403714839032006,0.7843550644197399,0.0048770395648129634,12.65874648841462,0.2300916650148885,11.549031964599461,1.1234312843211145,1.730589794727729,0.5239131791728282,35.539048240933276,25.96749914916268,2133.3375980668275,P000019_LH,P000019,LH,production,thermorheo-v2.0-interface-objective-R10,3381,3264,140,states=140 nodes=3381 elems=3264
-6.174371577,-6.174371577,-7.366088272,-15.37223859,-6.615066823,-15.48176486,-16.8596548,20.43047341,234.7219295,4.669166475,6.324352255555555,1,1,0.05870515787,0.0411605318,265.7173324,-6.174371577,-9.344865355,-15.37223859,-16.36065088,20.625,0.09915291209,0.03731851358,1,178.1249881,-1.1917166950000002,,False,0.004443499999998934,0.07013312575679,1,2,-6.174371577,-11.74504982,-7.366088272,-12.6839913,-6.174371577,-11.74504982,-6.615066823,-11.97947595,0.03402927495,323.15,0.517452038,318.2066921,252.26501716259025,19.411977016090074,104.77046938024306,2678.661357361867,197.4191212138075,0.5535057536523287,71.59854324054173,190.93591845528886,45.66901967132315,2.832437641518494,181.28215175565876,0.9096044094998904,70.88498283740971,0.37577910971047895,4.4119770160900735,0.7005666921699749,25.278065151738748,5.9096088245063285,1.463185880899685,0.6057069898519953,1.7037297319391238,40.75948504687763,95.90902516239522,37.21493496616064,0.8171616111192104,0.5966446287753472,11.448386709289423,0.24430977040611868,10.605423569201145,0.838937456979212,1.9877338333089263,0.7158991567844935,6.496899930108618,17.32565355554579,2759.7699301382754,P000020_HL,P000020,HL,production,thermorheo-v2.0-interface-objective-R10,3381,3264,110,states=110 nodes=3381 elems=3264
-6.314052411,-6.314052411,-7.475733037,-15.36414558,-6.73445284,-15.47014441,-16.8617797,20.25296444,234.7219295,4.33513849,41.284648833333335,1,2,0.06036483398,0.0411574049,265.23383,-6.314052411,-9.376477598,-15.36414558,-16.32662804,20.625,0.09915291209,0.03731851358,1,178.1249881,-1.1616806260000008,,False,0.012536509999998557,0.06967276586245075,2,1,-6.314052411,-11.68234935,-7.475733037,-12.68259666,-6.314052411,-11.68234935,-6.73445284,-11.96450225,0.3937280222,321.2924082,0.3937280222,321.2924082,252.26501716259025,19.411977016090074,104.77046938024306,2678.661357361866,197.41912121380744,0.5535057536523287,71.59854324054173,190.93591845528886,45.66901967132315,2.832437641518494,181.28215175565876,0.9096044094998904,70.88498283740971,0.37577910971047895,4.4119770160900735,0.7005666921699749,25.278065151738748,5.9096088245063285,1.463185880899685,0.6057069898519953,1.7037297319391238,40.75948504687763,95.90902516239522,37.21493496616064,0.8171616111192104,0.5966446287753472,11.448386709289423,0.24430977040611868,10.605423569201145,0.838937456979212,1.9877338333089263,0.7158991567844935,6.496899930108618,17.32565355554579,2759.7699301382754,P000020_LH,P000020,LH,production,thermorheo-v2.0-interface-objective-R10,3381,3264,110,states=110 nodes=3381 elems=3264
3.381758941,3.381758941,2.956108244,-9.792189439,3.197823338,-9.829753529,-8.882381983,25.14132081,246.9624367,9.835722115,4.273583244444445,1,1,0.2748244538,0.052837885830000014,246.5429799,3.381758941,0.5458248332,-9.792189439,-10.33492349,151.875,-0.0934336017,0.04994130058,1,95.62454544,-0.425650697,0.8741333417236021,False,-0.058605342999999976,0.03582060488696033,1,2,3.381758941,-3.859593576,2.956108244,-4.282714525,3.381758941,-3.859593576,3.197823338,-3.980958805,2.530792182e-10,323.15,0.5555900769,321.6226799,229.66291416296383,19.48368602915326,153.5350418481331,2701.0125647557206,148.2845573216067,0.5804029472074674,136.81959553069112,23.12309056317165,30.12705562373377,7.824597451875657,31.737361853462982,1.0741724849417886,93.48708583703615,0.4546260751837052,4.48368602915326,0.7863161822254445,17.485831874698384,27.871967916524156,0.3878428274007694,1.6686758505204675,1.0271999270578283,84.52397297225406,153.2202775471658,35.67974981213151,0.5710363461066563,0.6690196411248345,14.574421473967512,0.27579999039311454,9.602387329119617,1.0429191683229275,2.591115448724893,0.6181884456120759,25.9473858316475,4.385217995533066,1319.8640281479059,P000021_HL,P000021,HL,production,thermorheo-v2.0-interface-objective-R10,3381,3264,160,states=160 nodes=3381 elems=3264
3.211367843,3.211367843,2.804120028,-9.789902547,3.032142583,-9.827545089,-8.882468562,24.94754454,246.9599522,9.402992012,52.71510163888889,1,2,0.3214992968,0.05283686744999999,246.1495075,3.211367843,0.4402166142,-9.789902547,-10.33287235,151.875,-0.0934336017,0.04994130058,1,95.62454544,-0.4072478150000003,0.8731855598891602,False,-0.05631845100000099,0.03396285255704096,2,1,3.211367843,-3.731928271,2.804120028,-4.186922547,3.211367843,-3.731928271,3.032142583,-3.858457554,0.4411441919,322.4556404,0.4411441919,322.4556404,229.66291416296383,19.48368602915326,153.5350418481331,2701.0125647557206,148.28455732160668,0.5804029472074674,136.81959553069112,23.12309056317165,30.12705562373377,7.824597451875657,31.737361853462982,1.0741724849417886,93.48708583703615,0.4546260751837052,4.48368602915326,0.7863161822254445,17.485831874698384,27.871967916524156,0.3878428274007694,1.6686758505204675,1.0271999270578283,84.52397297225406,153.2202775471658,35.67974981213151,0.5710363461066563,0.6690196411248345,14.574421473967512,0.27579999039311454,9.602387329119617,1.0429191683229275,2.591115448724893,0.6181884456120759,25.9473858316475,4.385217995533066,1319.8640281479059,P000021_LH,P000021,LH,production,thermorheo-v2.0-interface-objective-R10,3381,3264,160,states=160 nodes=3381 elems=3264
7.615620002,7.615620002,5.666936791,-3.313298115,7.14251063,-3.433987096,-3.467761039,17.385053,266.9678049,11.25582478,5.044747783333333,1,1,0.6083829854,0.047412879115,253.6168969,7.615620002,3.00883855,-3.313298115,-4.754136288,28.125,0.0934336017,0.04994130058,1,178.1249915,-1.9486832109999996,0.7441202147050089,False,-0.22074703500000004,0.1186930055116922,1,2,7.615620002,2.156171885,5.666936791,0.7423279647,7.615620002,2.156171885,7.14251063,1.849009911,1.033211019e-07,323.15,1.065792854,320.3519302,241.15662428298472,20.093016011407272,166.46169094029221,4761.173477285359,293.0250732663306,0.592751144805804,134.36300194706536,30.02751928194908,59.02245148884745,3.8405201936495597,20.598758735020187,0.7190659211445922,81.99337571701525,0.5368514349079054,5.093016011407274,0.585924456931419,34.98562568925936,17.181969756557738,2.0459798682581236,0.5394217685918761,2.4711281500648425,69.19541023138609,164.62888269077166,20.55702598039418,0.6868930216910014,0.4119521060759866,10.91903296721722,0.19683390257689345,11.981683816866225,0.9979234758416247,2.53207255391362,0.41255111193162924,23.894846426886538,5.340033725245438,1641.297575411814,P000022_HL,P000022,HL,production,thermorheo-v2.0-interface-objective-R10,3381,3264,173,states=173 nodes=3381 elems=3264
7.053352267,7.053352267,5.206128891,-3.318916018,6.609144689,-3.44031369,-3.583819066,16.77675828,266.4762129,10.2055639,62.26887302777778,1,2,0.6857165332,0.04741442625,253.0840915,7.053352267,2.712838323,-3.318916018,-4.755323644,28.125,0.0934336017,0.04994130058,1,178.1249915,-1.8472233760000005,0.7381070296683652,False,-0.22636493800000013,0.1133996091525587,2,1,7.053352267,2.648464173,5.206128891,1.048409645,7.053352267,2.648464173,6.609144689,2.313140736,1.105261302,321.6478522,1.105261302,321.6478522,241.15662428298472,20.093016011407272,166.46169094029221,4761.17347728536,293.0250732663307,0.592751144805804,134.36300194706536,30.02751928194908,59.02245148884745,3.8405201936495597,20.598758735020187,0.7190659211445922,81.99337571701525,0.5368514349079054,5.093016011407274,0.585924456931419,34.98562568925936,17.181969756557738,2.0459798682581236,0.5394217685918761,2.4711281500648425,69.19541023138609,164.62888269077166,20.55702598039418,0.6868930216910014,0.4119521060759866,10.91903296721722,0.19683390257689345,11.981683816866225,0.9979234758416247,2.53207255391362,0.41255111193162924,23.894846426886538,5.340033725245438,1641.297575411814,P000022_LH,P000022,LH,production,thermorheo-v2.0-interface-objective-R10,3381,3264,173,states=173 nodes=3381 elems=3264
-1.031390392,-1.031390392,-1.733103918,-9.70171423,-1.352208349,-9.82862676,-14.30917356,24.82464257,244.603666,5.705370575,7.023698436111111,1,1,3.778524238,0.0393245765,273.6241522,-1.031390392,-4.214762483,-9.70171423,-10.67705585,28.125,0.0934336017,0.04994130058,1,1.874993287,-0.701713526,,False,0.015273732999999012,0.14581221359233848,1,2,-1.031390392,-5.815015537,-1.733103918,-6.462947416,-1.031390392,-5.815015537,-1.352208349,-6.052850113,4.224156671,323.15,4.23145984,322.1793987,266.9560036580059,23.939870678206447,184.065336772153,2956.988208637512,514.0728368344153,0.44574359138557973,241.5532088649492,323.9224907394953,73.24130260979004,7.398976425274323,238.1283908942125,1.1880982637687165,56.193996341994065,0.4398590962392,8.939870678206447,0.6671906720298909,32.64684126304584,30.31823287562844,1.0879091163873742,2.6007836036706276,1.5088124723523224,78.05841098561223,40.47840055411874,38.35558139059416,0.5722877410103572,0.2806520705241875,13.142342682305753,0.26943261459006673,9.979875207146899,1.3466934577627176,2.5695694674090652,0.4997091322279661,25.5182873337911,34.21998503521915,3450.572867258659,P000023_HL,P000023,HL,production,thermorheo-v2.0-interface-objective-R10,3381,3264,191,states=191 nodes=3381 elems=3264
-1.169925702,-1.169925702,-1.853192361,-9.695203797,-1.484995313,-9.822034602,-14.28964036,24.64425955,244.603666,5.471803831,76.175576,1,2,3.779817947,0.03887956610000001,273.4300655,-1.169925702,-4.302170253,-9.695203797,-10.66903048,28.125,0.0934336017,0.04994130058,1,1.874993287,-0.683266659,,False,0.02178416599999977,0.1452592633021087,2,1,-1.169925702,-5.747639152,-1.853192361,-6.421645982,-1.169925702,-5.747639152,-1.484995313,-5.990964819,4.215540393,322.7230722,4.215540393,322.7230722,266.9560036580059,23.939870678206447,184.065336772153,2956.988208637513,514.0728368344153,0.44574359138557973,241.5532088649492,323.9224907394953,73.24130260979004,7.398976425274323,238.1283908942125,1.1880982637687165,56.193996341994065,0.4398590962392,8.939870678206447,0.6671906720298909,32.64684126304584,30.31823287562844,1.0879091163873742,2.6007836036706276,1.5088124723523224,78.05841098561223,40.47840055411874,38.35558139059416,0.5722877410103572,0.2806520705241875,13.142342682305753,0.26943261459006673,9.979875207146899,1.3466934577627176,2.5695694674090652,0.4997091322279661,25.5182873337911,34.21998503521915,3450.572867258659,P000023_LH,P000023,LH,production,thermorheo-v2.0-interface-objective-R10,3381,3264,191,states=191 nodes=3381 elems=3264
0.6012293275,0.6012293275,0.004682182717,-8.969367942,0.190536959,-9.093125563,-10.69566971,19.90095271,196.5295882,7.440943986,5.1922715083333335,1,1,1.106255027,0.045694403140000006,254.4125175,0.6012293275,-4.441506911,-8.969367942,-10.88309669,1.875,0.1058865229,0.003466365849,1,178.1249955,-0.596547144783,0.00778768184258277,False,0.028681071999999475,0.07679457050369407,1,2,0.6012293275,-5.452266191,0.004682182717,-6.107332753,0.6012293275,-5.452266191,0.190536959,-5.702383334,1.242112556,323.15,1.351925997,321.6562846,243.04889269864472,18.061293999135792,170.02943289553946,2877.9789012840606,118.33567298747779,0.46192534369399374,116.58299406067661,368.65396775254163,46.07411434984144,5.477803108603119,415.7204299287889,2.30064063458881,80.10110730135526,0.35175059692887234,3.0612939991357915,0.6214082299276531,21.282801106446875,24.070428983726647,2.2900713582922076,2.825646165268829,2.652732908317702,87.8565008351616,66.48695922154273,28.378220237220816,0.8884355913100435,0.20954479526363695,12.641106911338191,0.18282450640608638,10.819262938591446,1.154014280002532,2.281862538055416,0.5556724838742935,10.462489717794938,33.084056367842514,2363.859850098833,P000024_HL,P000024,HL,production,thermorheo-v2.0-interface-objective-R10,3381,3264,176,states=176 nodes=3381 elems=3264
0.5554446686,0.5554446686,-0.03471884855,-8.967774751,0.1502588496,-9.090462677,-10.69326676,19.83044879,196.5396862,7.335841107,58.31395202777778,1,2,1.105857749,0.04569530189000001,254.16061,0.5554446686,-4.431296672,-8.967774751,-10.86652001,1.875,0.1058865229,0.003466365849,1,178.1249955,-0.5901635171499999,-0.06250640345060646,False,0.030274262999999024,0.07610053432723585,2,1,0.5554446686,-5.420962965,-0.03471884855,-6.100353608,0.5554446686,-5.420962965,0.1502588496,-5.683916899,1.306506891,322.6245847,1.306506891,322.6245847,243.04889269864472,18.061293999135792,170.02943289553946,2877.9789012840592,118.33567298747776,0.46192534369399374,116.58299406067661,368.65396775254163,46.07411434984144,5.477803108603119,415.7204299287889,2.30064063458881,80.10110730135526,0.35175059692887234,3.0612939991357915,0.6214082299276531,21.282801106446875,24.070428983726647,2.2900713582922076,2.825646165268829,2.652732908317702,87.8565008351616,66.48695922154273,28.378220237220816,0.8884355913100435,0.20954479526363695,12.641106911338191,0.18282450640608638,10.819262938591446,1.154014280002532,2.281862538055416,0.5556724838742935,10.462489717794938,33.084056367842514,2363.859850098833,P000024_LH,P000024,LH,production,thermorheo-v2.0-interface-objective-R10,3381,3264,176,states=176 nodes=3381 elems=3264
-0.4979422102,-0.4979422102,-2.377164498,-9.155190299,-0.9800006503,-9.306170329,-13.18378742,20.11457918,186.3197772,6.63308464,2.0915166483333336,1,1,0.2398040012,0.038660117869999996,266.3577807,-0.4979422102,-3.780010593,-9.155190299,-10.83886867,28.125,0.0934336017,0.04994130058,1,178.1249869,-1.8792222878,,False,-0.09152530999999975,0.07177342855336916,1,2,-0.4979422102,-4.992567999,-2.377164498,-6.128901907,-0.4979422102,-4.992567999,-0.9800006503,-5.316070742,8.057685172e-05,323.15,0.5364657157,321.2567712,257.35932563219893,19.75297281763813,136.06067727226085,2671.7190537414604,214.4570627180904,0.3929537899007256,13.991038597016257,7.083667671164615,64.48627658824275,0.5521297788845199,6.709043943266303,3.5836113211029197,65.79067436780105,0.48224322940195974,4.752972817638132,0.7081533730890146,25.34012678193642,15.855843199483866,1.1168963874970683,1.0325514044156512,0.9322474596500855,63.36119000577853,33.17138306542802,36.81764864275195,0.743037723220172,0.6708965401478059,8.836000323082027,0.23343984239884982,13.129798608339346,1.4089937340970768,2.3700474910051796,0.5485170627935806,4.424543227138804,2.2401477631858957,1455.2894018026634,P000025_HL,P000025,HL,production,thermorheo-v2.0-interface-objective-R10,3381,3264,143,states=143 nodes=3381 elems=3264
-0.6477153725,-0.6477153725,-2.495032531,-9.162119567,-1.118805322,-9.312575747,-13.20871809,19.95914013,186.3985607,6.317425508,46.36918188888889,1,2,0.2804762657,0.038659773509999995,266.0108514,-0.6477153725,-3.871405221,-9.162119567,-10.82906579,28.125,0.0934336017,0.04994130058,1,178.1249869,-1.8473171585000001,,False,-0.09845457800000013,0.07073987864906726,2,1,-0.6477153725,-4.822731182,-2.495032531,-6.020842913,-0.6477153725,-4.822731182,-1.118805322,-5.166882716,0.3336233303,322.2370032,0.3336233303,322.2370032,257.35932563219893,19.75297281763813,136.06067727226085,2671.719053741461,214.4570627180904,0.3929537899007256,13.991038597016257,7.083667671164615,64.48627658824275,0.5521297788845199,6.709043943266303,3.5836113211029197,65.79067436780105,0.48224322940195974,4.752972817638132,0.7081533730890146,25.34012678193642,15.855843199483866,1.1168963874970683,1.0325514044156512,0.9322474596500855,63.36119000577853,33.17138306542802,36.81764864275195,0.743037723220172,0.6708965401478059,8.836000323082027,0.23343984239884982,13.129798608339346,1.4089937340970768,2.3700474910051796,0.5485170627935806,4.424543227138804,2.2401477631858957,1455.2894018026634,P000025_LH,P000025,LH,production,thermorheo-v2.0-interface-objective-R10,3381,3264,143,states=143 nodes=3381 elems=3264
3.021554885,3.021554885,1.965608582,-5.26964528,2.712360323,-5.370310348,-5.577614998,13.6380929,244.2576131,8.373535237,2.0007820041666666,1,1,0.2124846102,0.053140120900000004,246.7201795,3.021554885,-0.7743996165,-5.26964528,-6.741434301,24.375,0.09649987052,0.0437235225,1,178.1249976,-1.055946303,0.6505288359175379,False,-0.05692222400000002,0.09942006994246433,1,2,3.021554885,-1.106137516,1.965608582,-1.897610612,3.021554885,-1.106137516,2.712360323,-1.321268012,1.850520945e-14,323.15,0.909973795,320.1244255,236.40832044532715,18.082950352611256,113.64148332845497,2418.5049658311023,77.4841398595407,0.24855456225021258,22.911942738916366,12.514011411011413,58.74482917311139,1.5691719309016137,20.569152784190663,1.8077881515871574,86.74167955467281,0.5344201051710108,3.082950352611258,0.5376504975806953,14.60129529958622,7.593107318770509,1.0273623175528794,2.460327648865801,1.1910610579953684,67.48828336168393,140.5667644428706,23.873703425421418,0.7879432146466303,0.10773271014569094,8.305151328112014,0.22334939941365461,11.011799071108143,1.584828316198723,1.686205362839778,0.48516177769907154,4.2002196507948675,2.294069832390271,1494.164627907296,P000026_HL,P000026,HL,production,thermorheo-v2.0-interface-objective-R10,3381,3264,121,states=121 nodes=3381 elems=3264
2.800926566,2.800926566,1.808649783,-5.270517746,2.502065248,-5.371145952,-5.639212016,13.42915676,243.7450298,7.786137098,28.87393563888889,1,2,0.2255813469,0.053562698539999995,246.1963714,2.800926566,-0.8359718309,-5.270517746,-6.739826166,24.375,0.09649987052,0.0437235225,1,178.1249976,-0.9922767829999999,0.6457326675232798,False,-0.05779469000000059,0.0971059127059307,2,1,2.800926566,-0.8695205401,1.808649783,-1.800199502,2.800926566,-0.8695205401,2.502065248,-1.114268127,0.6466530572,321.5330722,0.6466530572,321.5330722,236.40832044532715,18.082950352611256,113.64148332845497,2418.5049658311036,77.4841398595407,0.24855456225021258,22.911942738916366,12.514011411011413,58.74482917311139,1.5691719309016137,20.569152784190663,1.8077881515871574,86.74167955467281,0.5344201051710108,3.082950352611258,0.5376504975806953,14.60129529958622,7.593107318770509,1.0273623175528794,2.460327648865801,1.1910610579953684,67.48828336168393,140.5667644428706,23.873703425421418,0.7879432146466303,0.10773271014569094,8.305151328112014,0.22334939941365461,11.011799071108143,1.584828316198723,1.686205362839778,0.48516177769907154,4.2002196507948675,2.294069832390271,1494.164627907296,P000026_LH,P000026,LH,production,thermorheo-v2.0-interface-objective-R10,3381,3264,121,states=121 nodes=3381 elems=3264
1.639333646,1.639333646,0.722074456,-20.32319404,0.9509430626,-20.36309729,-14.91565297,29.45583504,216.5791882,9.030486798,10.575379791666668,1,1,0.1834023891,0.0427661243,259.3525702,1.639333646,-8.651230645,-20.32319404,-20.69378852,1.875,0.1058865229,0.003466365849,1,1.874994666,-0.9172591900000001,0.4404682706060923,False,-0.024174560000002288,0.25533644875837436,1,2,1.639333646,-6.968683094,0.722074456,-8.048592392,1.639333646,-6.968683094,0.9509430626,-7.453608528,6.938264968e-06,323.15,0.2366201097,321.4655854,244.39079112503066,22.94464325449865,181.2860052997399,4389.775186412326,411.83976354529875,0.8385284921113327,277.457306609181,118.21969240540945,34.40678962795595,9.616879847790626,98.34201230306057,3.557751465112859,78.75920887496932,0.616259573349174,7.9446432544986525,0.618965510185508,28.851073425121747,33.571691928928225,2.616462984323818,3.7206456596079835,1.2100343078521756,74.91788061700024,61.70447897428876,33.2809135830319,0.8746224661510579,0.22540136802672284,17.086263558505095,0.2590201777456834,13.52234243677744,0.7076618432704211,2.540095869327205,0.7305093098561295,9.436210555495693,4.02060382902335,3390.3714801509855,P000027_HL,P000027,HL,production,thermorheo-v2.0-interface-objective-R10,3381,3264,186,states=186 nodes=3381 elems=3264
1.586094224,1.586094224,0.6624583116,-20.31395348,0.8986642613,-20.35143446,-14.90378704,29.38510759,216.5791882,8.893183754,80.54528808333333,1,2,0.1882950152,0.04276452830000001,258.8425632,1.586094224,-8.55378764,-20.31395348,-20.64503369,1.875,0.1058865229,0.003466365849,1,1.874994666,-0.9236359124,0.41766642963324985,False,-0.014934000000000225,0.2558396750996112,2,1,1.586094224,-6.974202752,0.6624583116,-8.039144696,1.586094224,-6.974202752,0.8986642613,-7.463151635,0.22099094,322.1119634,0.22099094,322.1119634,244.39079112503066,22.94464325449865,181.2860052997399,4389.775186412326,411.8397635452987,0.8385284921113327,277.457306609181,118.21969240540945,34.40678962795595,9.616879847790626,98.34201230306057,3.557751465112859,78.75920887496932,0.616259573349174,7.9446432544986525,0.618965510185508,28.851073425121747,33.571691928928225,2.616462984323818,3.7206456596079835,1.2100343078521756,74.91788061700024,61.70447897428876,33.2809135830319,0.8746224661510579,0.22540136802672284,17.086263558505095,0.2590201777456834,13.52234243677744,0.7076618432704211,2.540095869327205,0.7305093098561295,9.436210555495693,4.02060382902335,3390.3714801509855,P000027_LH,P000027,LH,production,thermorheo-v2.0-interface-objective-R10,3381,3264,186,states=186 nodes=3381 elems=3264
-7.970680828,-7.970680828,-10.49009836,-16.00266454,-8.440412943,-16.07745619,-17.92201439,18.55662632,197.7357469,5.563777288,0.5113861605555555,1,1,1.042700826,0.027197345139999995,283.5512824,-7.970680828,-12.34487154,-16.00266454,-16.74797521,13.125,0.1031756887,0.02405719646,1,178.1249931,-2.5194175319999994,,False,0.013443049999999346,0.07789939220691174,1,2,-7.970680828,-11.12879175,-10.49009836,-12.48383507,-7.970680828,-11.12879175,-8.440412943,-11.43882978,1.100188305,323.15,2.028988911,318.7817456,273.9922429405909,18.782643377896513,98.62446156828176,1344.3776536581706,93.497909880571,0.4735926728393799,8.51721467292805,140.6305222421204,30.437282332032687,0.5908629333700243,234.14235592520583,0.946740601898598,49.15775705940906,0.660926989929373,3.7826433778965107,0.6355238973743986,14.414873893594194,2.1474429738418763,0.5113861606605553,0.8847913980562672,1.820568393304594,61.21377890320868,95.26831359123608,32.36642429209185,0.8361262093087756,0.3276403087394588,16.75965431981949,0.26623787195340265,9.423041327595698,0.8722885481551137,1.7683639405810505,0.5495592578641857,2.2682485250293314,37.451794618220354,2383.0707551058194,P000028_HL,P000028,HL,production,thermorheo-v2.0-interface-objective-R10,3381,3264,104,states=104 nodes=3381 elems=3264
-8.227248191,-8.227248191,-10.52645413,-16.0020689,-8.662969505,-16.0765046,-17.91176576,18.2127063,197.7357469,4.898512299,20.290448980555556,1,2,1.042482132,0.02719353664,282.8673266,-8.227248191,-12.23285823,-16.0020689,-16.74262089,13.125,0.1031756887,0.02405719646,1,178.1249931,-2.299205939,,False,0.014038689999999576,0.0740024797614593,2,1,-8.227248191,-10.77717752,-10.52645413,-12.47997428,-8.227248191,-10.77717752,-8.662969505,-11.17956364,1.74924154,320.2629028,1.74924154,320.2629028,273.9922429405909,18.782643377896513,98.62446156828176,1344.3776536581706,93.49790988057102,0.4735926728393799,8.51721467292805,140.6305222421204,30.437282332032687,0.5908629333700243,234.14235592520583,0.946740601898598,49.15775705940906,0.660926989929373,3.7826433778965107,0.6355238973743986,14.414873893594194,2.1474429738418763,0.5113861606605553,0.8847913980562672,1.820568393304594,61.21377890320868,95.26831359123608,32.36642429209185,0.8361262093087756,0.3276403087394588,16.75965431981949,0.26623787195340265,9.423041327595698,0.8722885481551137,1.7683639405810505,0.5495592578641857,2.2682485250293314,37.451794618220354,2383.0707551058194,P000028_LH,P000028,LH,production,thermorheo-v2.0-interface-objective-R10,3381,3264,104,states=104 nodes=3381 elems=3264
1.216953236,1.216953236,0.3476761611,-5.006180985,0.9696872529,-5.119633284,-9.329257124,18.43670704,195.4439663,2.494902018,6.784444744444444,1,1,0.03204713548,0.04156213897,270.2406138,1.216953236,-1.721018077,-5.006180985,-6.210232168,31.875,0.08996723585,0.05594522235,1,178.1249964,-0.8692770749,0.28569393696899625,False,-0.012673871000000503,0.08669052849495616,1,2,1.216953236,-2.235102726,0.3476761611,-3.050689148,1.216953236,-2.235102726,0.9696872529,-2.418580474,6.809897202e-05,323.15,0.0951862795,322.0344436,261.99855784104886,21.344006166116568,161.71298534813337,2874.7075910007156,372.4207955019529,0.3481045082890824,76.19555796314143,102.37068694432857,90.65514427210645,2.4145019050744496,77.85468610244034,2.569313559726417,61.15144215895114,0.39908104736451727,6.344006166116568,0.7991504063904806,31.557464420717444,29.480878571163135,1.8535909288717418,0.2893437671965185,1.6535387161903896,61.52423111101804,177.91846820932798,26.494878523179814,0.573446641016724,0.16388461402889842,9.401256780160987,0.22178959068932796,9.886829662103587,1.141670824322261,1.7012065866150894,0.7696296803794556,11.474223712228527,15.415913932173664,2621.15599175114,P000029_HL,P000029,HL,production,thermorheo-v2.0-interface-objective-R10,3381,3264,167,states=167 nodes=3381 elems=3264
1.193297667,1.193297667,0.3290249843,-5.003379528,0.9489524817,-5.115587771,-9.326466406,18.41002517,195.4747254,2.445996844,71.61926113888889,1,2,0.03618619591,0.04152818077,270.0323748,1.193297667,-1.709473407,-5.003379528,-6.185893787,31.875,0.08996723585,0.05594522235,1,178.1249964,-0.8642726827,0.2757275015270771,False,-0.009872414000000163,0.08635950362731545,2,1,1.193297667,-2.222688124,0.3290249843,-3.044976894,1.193297667,-2.222688124,0.9489524817,-2.413603911,0.05385433871,322.7048026,0.05385433871,322.7048026,261.99855784104886,21.344006166116568,161.71298534813337,2874.7075910007156,372.4207955019529,0.3481045082890824,76.19555796314143,102.37068694432857,90.65514427210645,2.4145019050744496,77.85468610244034,2.569313559726417,61.15144215895114,0.39908104736451727,6.344006166116568,0.7991504063904806,31.557464420717444,29.480878571163135,1.8535909288717418,0.2893437671965185,1.6535387161903896,61.52423111101804,177.91846820932798,26.494878523179814,0.573446641016724,0.16388461402889842,9.401256780160987,0.22178959068932796,9.886829662103587,1.141670824322261,1.7012065866150894,0.7696296803794556,11.474223712228527,15.415913932173664,2621.15599175114,P000029_LH,P000029,LH,production,thermorheo-v2.0-interface-objective-R10,3381,3264,167,states=167 nodes=3381 elems=3264
-2.533989467,-2.533989467,-2.99645531,-7.821575861,-2.770797488,-7.945578519,-10.83590198,14.26029116,157.0880111,2.365709226,7.723436413888889,1,1,0.219850704,0.037782349109999995,268.8361527,-2.533989467,-5.193458605,-7.821575861,-9.697613783,1.875,0.1058865229,0.003466365849,1,178.1249914,-0.46246584299999993,,False,-0.015401315000000082,0.05222667091743094,1,2,-2.533989467,-5.491247235,-2.99645531,-5.834384666,-2.533989467,-5.491247235,-2.770797488,-5.674380365,0.1842445498,323.15,0.2577373449,322.1190677,261.8497312234086,18.680289808314754,113.87997420275943,2529.5393953577154,159.69306180070575,0.2836248871660394,79.2547923215385,218.95495202661868,89.72005929587498,3.1145237304329187,206.50573897393332,2.251612755216212,61.30026877659138,0.4252697672621526,3.680289808314752,0.5834085227678611,25.446841694322902,24.69297338227852,2.8298130101743904,1.0841365684078736,2.0126872134526015,26.44004384776536,87.92976778883254,24.429830504147652,0.8936171067802363,0.4173870201460694,8.36441564113744,0.21935059276128063,9.752550360807557,1.574337993203939,1.9113878340799433,0.755386257274175,10.966794056870302,30.29764883952989,2730.080075984506,P000030_HL,P000030,HL,production,thermorheo-v2.0-interface-objective-R10,3381,3264,121,states=121 nodes=3381 elems=3264
-2.550149023,-2.550149023,-3.010300895,-7.818176147,-2.783697955,-7.939382599,-10.83356753,14.23760871,157.0932383,2.31957864,63.78988827777778,1,2,0.2490345503,0.037782601,268.6366856,-2.550149023,-5.189392823,-7.818176147,-9.669890155,1.875,0.1058865229,0.003466365849,1,178.1249914,-0.46015187199999996,,False,-0.012001600999999695,0.052306610541273,2,1,-2.550149023,-5.481934,-3.010300895,-5.831265772,-2.550149023,-5.481934,-2.783697955,-5.672647966,0.2257408202,322.7115757,0.2257408202,322.7115757,261.8497312234086,18.680289808314754,113.87997420275943,2529.539395357716,159.69306180070575,0.2836248871660394,79.2547923215385,218.95495202661868,89.72005929587498,3.1145237304329187,206.50573897393332,2.251612755216212,61.30026877659138,0.4252697672621526,3.680289808314752,0.5834085227678611,25.446841694322902,24.69297338227852,2.8298130101743904,1.0841365684078736,2.0126872134526015,26.44004384776536,87.92976778883254,24.429830504147652,0.8936171067802363,0.4173870201460694,8.36441564113744,0.21935059276128063,9.752550360807557,1.574337993203939,1.9113878340799433,0.755386257274175,10.966794056870302,30.29764883952989,2730.080075984506,P000030_LH,P000030,LH,production,thermorheo-v2.0-interface-objective-R10,3381,3264,121,states=121 nodes=3381 elems=3264
7.492631979,7.492631979,1.139994265,-10.28720287,6.48549489,-10.39192253,-11.22414505,28.00937882,171.2691353,15.78984655,1.4209226638888888,1,1,0.4803511193,0.03853754596,272.8332177,7.492631979,-2.471528044,-10.28720287,-11.87165378,1.875,0.1058865229,0.003466365849,1,178.1249925,-6.352637714,0.15214870664876143,False,-0.29262451099999964,0.2659295972017823,1,2,7.492631979,-3.266967372,1.139994265,-6.597391071,7.492631979,-3.266967372,6.48549489,-3.695263781,2.971272559e-06,323.15,3.206929976,318.138722,260.5257468134003,24.675777354722854,95.64543796927623,2010.9673445399592,324.488930239155,0.7466872557713533,36.50896210606569,19.364011462310227,27.154873107031815,1.8005822728824867,22.92028724539585,0.34614188316923955,62.62425318659969,0.4563231620153748,9.675777354722854,0.6102334428645473,20.276197681108908,3.8518699304254334,0.4553894409040965,0.646067489458712,1.7996849990130699,45.43888881788122,152.95688516796008,27.478000191162458,0.8855339101212731,0.3575400882842251,17.42704774393493,0.23631222948959527,13.040113230363712,0.7891710782177421,2.522414211917588,0.38189075315075727,11.128008824468473,5.902191626364969,1597.211805711961,P000031_HL,P000031,HL,production,thermorheo-v2.0-interface-objective-R10,3381,3264,101,states=101 nodes=3381 elems=3264
6.04710649,6.04710649,0.1962594843,-10.3073027,5.154294269,-10.41134703,-11.29792949,26.4576491,171.7197996,13.49993598,28.450132194444446,1,2,0.5352317556,0.037641864920000004,272.2693056,6.04710649,-2.914552879,-10.3073027,-11.85877597,1.875,0.1058865229,0.003466365849,1,178.1249925,-5.8508470057,0.032455106359471436,False,-0.31272434099999913,0.25772495834623493,2,1,6.04710649,-1.482668085,0.1962594843,-5.867812054,6.04710649,-1.482668085,5.154294269,-2.047280466,2.350042663,320.8632377,2.350042663,320.8632377,260.5257468134003,24.675777354722854,95.64543796927623,2010.9673445399592,324.488930239155,0.7466872557713533,36.50896210606569,19.364011462310227,27.154873107031815,1.8005822728824867,22.92028724539585,0.34614188316923955,62.62425318659969,0.4563231620153748,9.675777354722854,0.6102334428645473,20.276197681108908,3.8518699304254334,0.4553894409040965,0.646067489458712,1.7996849990130699,45.43888881788122,152.95688516796008,27.478000191162458,0.8855339101212731,0.3575400882842251,17.42704774393493,0.23631222948959527,13.040113230363712,0.7891710782177421,2.522414211917588,0.38189075315075727,11.128008824468473,5.902191626364969,1597.211805711961,P000031_LH,P000031,LH,production,thermorheo-v2.0-interface-objective-R10,3381,3264,101,states=101 nodes=3381 elems=3264
-3.170785663,-3.170785663,-4.59839632,-13.47816774,-3.48909853,-13.55386682,-14.64218056,20.00839401,179.6023414,4.796306302,7.7349099472222225,1,1,0.06339926533,0.030050194579999995,276.046091,-3.170785663,-7.074903064,-13.47816774,-14.24705803,16.875,0.1013813657,0.03075370105,1,1.874994863,-1.4276106569999998,,False,-0.015418020000000254,0.10533957393308818,1,2,-3.170785663,-8.649307361,-4.59839632,-9.436375027,-3.170785663,-8.649307361,-3.48909853,-8.854763756,2.044726825e-17,323.15,0.1555270972,322.6736148,268.084203516964,20.232774801573076,151.54554372089078,1224.3740519572893,109.09659515852911,0.310791190356799,159.95403425102555,31.27475522086537,38.07227482316122,13.518162771106486,63.434808683401705,1.9654550115732201,55.06579648303597,0.4759802923141545,5.232774801573076,0.5433135037554524,11.832527611881465,31.759032686513645,2.804690109349763,0.5483662766651509,2.562307835228146,84.29072736812807,163.7858611696626,30.011386784637423,0.7538407738242956,0.21737855902658212,14.072591048449803,0.2702490986046792,11.226364016121618,1.3413919969631476,1.7845590198531935,0.7155806744008257,16.15861594363973,3.1593873872053644,3606.534801368652,P000032_HL,P000032,HL,production,thermorheo-v2.0-interface-objective-R10,3381,3264,156,states=156 nodes=3381 elems=3264
-3.219230649,-3.219230649,-4.643054446,-13.47624576,-3.534751691,-13.55175282,-14.64318307,19.95478224,179.6023414,4.692545384,57.24183447222222,1,2,0.07085158572,0.03004880604,275.8992019,-3.219230649,-7.087937654,-13.47624576,-14.24201283,16.875,0.1013813657,0.03075370105,1,1.874994863,-1.4238237969999998,,False,-0.01349603999999971,0.10500705020985085,2,1,-3.219230649,-8.622067934,-4.643054446,-9.41327624,-3.219230649,-8.622067934,-3.534751691,-8.831795858,0.1202823277,322.92325,0.1202823277,322.92325,268.084203516964,20.232774801573076,151.54554372089078,1224.3740519572893,109.09659515852911,0.310791190356799,159.95403425102555,31.27475522086537,38.07227482316122,13.518162771106486,63.434808683401705,1.9654550115732201,55.06579648303597,0.4759802923141545,5.232774801573076,0.5433135037554524,11.832527611881465,31.759032686513645,2.804690109349763,0.5483662766651509,2.562307835228146,84.29072736812807,163.7858611696626,30.011386784637423,0.7538407738242956,0.21737855902658212,14.072591048449803,0.2702490986046792,11.226364016121618,1.3413919969631476,1.7845590198531935,0.7155806744008257,16.15861594363973,3.1593873872053644,3606.534801368652,P000032_LH,P000032,LH,production,thermorheo-v2.0-interface-objective-R10,3381,3264,156,states=156 nodes=3381 elems=3264
-0.74467021,-0.74467021,-1.037405594,-6.577719277,-0.995662326,-6.720876767,-12.65630738,22.75565702,216.0662527,3.722927002,9.998236183333335,1,1,0.04720425209,0.03450114068,272.6180486,-0.74467021,-3.945684247,-6.577719277,-8.123678454,31.875,0.08996723585,0.05594522235,1,178.1249958,-0.292735384,,False,-0.0086027470000003,0.05584640135796795,1,2,-0.74467021,-2.887519222,-1.037405594,-3.116990293,-0.74467021,-2.887519222,-0.995662326,-3.105366898,0.0004851985893,323.15,0.1092580109,321.6860231,263.6143377752006,18.637556944381416,117.33122556903076,1286.9046253087408,70.01691720519815,0.32889784120660864,222.5966794591253,92.56578275719451,28.02525583050968,24.149496078619595,241.01890610130556,0.5835952013761151,59.535662224799324,0.6346041229239738,3.637556944381416,0.6980276486086545,9.217446141917556,10.315639093981401,2.624279270262085,1.612232788508611,2.1639817986813084,75.77970647631024,77.35461664945602,34.29966064483774,0.5873613384389413,0.19236053586781462,12.778201055110948,0.18895214625451645,8.927179627123394,1.308129896773774,1.8416979270394573,0.6920637273153674,17.676017673992465,7.350488857240864,3624.5773738519,P000033_HL,P000033,HL,production,thermorheo-v2.0-interface-objective-R10,3381,3264,124,states=124 nodes=3381 elems=3264
-0.7920594615,-0.7920594615,-1.083544813,-6.57732064,-1.039369764,-6.720397452,-12.65917429,22.69560143,216.062019,3.590927187,35.01007066666667,1,2,0.0493528016,0.03449990603,272.2056072,-0.7920594615,-3.926367665,-6.57732064,-8.121827944,31.875,0.08996723585,0.05594522235,1,178.1249958,-0.2914853515000001,,False,-0.00820411000000032,0.0553854363336898,2,1,-0.7920594615,-2.862114988,-1.083544813,-3.091010482,-0.7920594615,-2.862114988,-1.039369764,-3.086088743,0.1471535997,322.2209543,0.1471535997,322.2209543,263.6143377752006,18.637556944381416,117.33122556903076,1286.9046253087408,70.01691720519815,0.32889784120660864,222.5966794591253,92.56578275719451,28.02525583050968,24.149496078619595,241.01890610130556,0.5835952013761151,59.535662224799324,0.6346041229239738,3.637556944381416,0.6980276486086545,9.217446141917556,10.315639093981401,2.624279270262085,1.612232788508611,2.1639817986813084,75.77970647631024,77.35461664945602,34.29966064483774,0.5873613384389413,0.19236053586781462,12.778201055110948,0.18895214625451645,8.927179627123394,1.308129896773774,1.8416979270394573,0.6920637273153674,17.676017673992465,7.350488857240864,3624.5773738519,P000033_LH,P000033,LH,production,thermorheo-v2.0-interface-objective-R10,3381,3264,124,states=124 nodes=3381 elems=3264
7.442604243,7.442604243,6.229329107,-14.39946056,6.871660859,-14.44873723,-9.434231244,28.54626158,241.1982158,7.701704518,6.6494058222222225,1,1,0.2474548089,0.04759713945999999,248.631382,7.442604243,-2.891632308,-14.39946056,-15.06086297,1.875,0.1058865229,0.003466365849,1,1.87499951,-1.213275136,0.8369824464143552,False,-0.06581496999999992,0.347645916147512,1,2,7.442604243,-4.362710417,6.229329107,-5.177597993,7.442604243,-4.362710417,6.871660859,-4.684429137,2.606665202e-07,323.15,0.285356981,321.9285681,234.6044141105711,23.87432868527629,95.59423788089,1753.4503538665538,158.2473368019522,0.47732037769703595,217.32596899573755,32.13200834399656,19.907924956814007,22.870499723301393,81.1546001247449,0.8600248980900693,88.54558588942889,0.45989969047808205,8.874328685276291,0.5894265305905043,9.50245825955071,20.21266064532829,0.947930866476542,2.485477794327738,2.205181516586916,45.099480361677905,64.62240109115193,27.648566102607965,0.7506852713544767,0.02157555621435972,17.921674941430673,0.2696645591066276,11.687903922696826,1.2015102078560966,2.4549573155702458,0.7785968529760154,23.502413348981257,3.474871159315218,1904.4337221305705,P000034_HL,P000034,HL,production,thermorheo-v2.0-interface-objective-R10,3381,3264,102,states=102 nodes=3381 elems=3264
7.302817403,7.302817403,6.090544233,-14.39005576,6.740322866,-14.43857106,-9.435654008,28.39014109,241.2757353,7.424649539,42.00311491666667,1,2,0.2754536641,0.047593513579999996,248.2999076,7.302817403,-2.848678489,-14.39005576,-15.0255475,1.875,0.1058865229,0.003466365849,1,1.87499951,-1.2122731699999996,0.8339992494537797,False,-0.05641016999999948,0.34655786587347853,2,1,7.302817403,-4.287867127,6.090544233,-5.109115094,7.302817403,-4.287867127,6.740322866,-4.624390235,0.2814832749,322.5882639,0.2814832749,322.5882639,234.6044141105711,23.87432868527629,95.59423788089,1753.4503538665535,158.2473368019522,0.47732037769703595,217.32596899573755,32.13200834399656,19.907924956814007,22.870499723301393,81.1546001247449,0.8600248980900693,88.54558588942889,0.45989969047808205,8.874328685276291,0.5894265305905043,9.50245825955071,20.21266064532829,0.947930866476542,2.485477794327738,2.205181516586916,45.099480361677905,64.62240109115193,27.648566102607965,0.7506852713544767,0.02157555621435972,17.921674941430673,0.2696645591066276,11.687903922696826,1.2015102078560966,2.4549573155702458,0.7785968529760154,23.502413348981257,3.474871159315218,1904.4337221305705,P000034_LH,P000034,LH,production,thermorheo-v2.0-interface-objective-R10,3381,3264,102,states=102 nodes=3381 elems=3264
-0.1085261282,-0.1085261282,-2.341504486,-10.43853023,-0.5713103816,-10.54180436,-12.24863035,21.59600332,185.2120565,7.034154803,4.168479944444444,1,1,3.094415678,0.03837773982999999,264.6620649,-0.1085261282,-5.056281772,-10.43853023,-11.6738385,1.875,0.1058865229,0.003466365849,1,1.874992393,-2.2329783578,,False,0.09239743000000011,0.19701010208186154,1,2,-0.1085261282,-5.609205628,-2.341504486,-6.61141847,-0.1085261282,-5.609205628,-0.5713103816,-5.887973455,3.655971366,323.15,3.845792872,320.9072935,254.5831128190781,24.359858676831813,159.8981267717801,3893.1317468600946,426.4857521278806,0.540249342175376,172.46008919973656,97.96656044341488,59.101253980203516,5.401292095236437,73.63735147895228,0.6236169756142612,68.56688718092185,0.5750287225837657,9.359858676831813,0.3622551589524215,31.92941358454477,16.323511223471296,1.1750974198707205,1.8630950822586216,3.3383778373555097,66.96264770024956,18.07078341513364,27.37225777764198,0.8275225986591936,0.3158866558393235,16.38210312713403,0.22406641585480602,8.329468541027003,1.0349309688465715,2.393382628321788,0.4694478477329129,26.17554021423596,14.869107713188523,2262.0859577520578,P000035_HL,P000035,HL,production,thermorheo-v2.0-interface-objective-R10,3381,3264,165,states=165 nodes=3381 elems=3264
-0.3596714418,-0.3596714418,-2.553401963,-10.44152661,-0.8005957968,-10.54496475,-12.25180359,21.20511791,185.3393521,6.507622051,58.797975083333334,1,2,3.094060111,0.03837533615000001,264.1933833,-0.3596714418,-5.116217817,-10.44152661,-11.67800895,1.875,0.1058865229,0.003466365849,1,1.874992393,-2.1937305212,,False,0.08940104999999932,0.19562362796071803,2,1,-0.3596714418,-5.372958425,-2.553401963,-6.459088417,-0.3596714418,-5.372958425,-0.8005957968,-5.675230467,3.877881337,321.8603793,3.877881337,321.8603793,254.5831128190781,24.359858676831813,159.8981267717801,3893.131746860096,426.48575212788046,0.540249342175376,172.46008919973656,97.96656044341488,59.101253980203516,5.401292095236437,73.63735147895228,0.6236169756142612,68.56688718092185,0.5750287225837657,9.359858676831813,0.3622551589524215,31.92941358454477,16.323511223471296,1.1750974198707205,1.8630950822586216,3.3383778373555097,66.96264770024956,18.07078341513364,27.37225777764198,0.8275225986591936,0.3158866558393235,16.38210312713403,0.22406641585480602,8.329468541027003,1.0349309688465715,2.393382628321788,0.4694478477329129,26.17554021423596,14.869107713188523,2262.0859577520578,P000035_LH,P000035,LH,production,thermorheo-v2.0-interface-objective-R10,3381,3264,165,states=165 nodes=3381 elems=3264
3.954552107,3.954552107,1.883213955,-8.649367057,3.523605932,-8.772339419,-8.539897327,19.7970188,228.7192518,12.8975274,3.4228029111111113,1,1,0.1594070045,0.050283987720000006,247.2068411,3.954552107,-2.597537761,-8.649367057,-10.76903239,1.875,0.1058865229,0.003466365849,1,88.12492828,-2.071338152,0.4762142220016523,False,-0.05036107299999948,0.21491788855623292,1,2,3.954552107,-1.553840453,1.883213955,-3.994225263,3.954552107,-1.553840453,3.523605932,-1.900193952,0.000113382116,323.15,0.9603862548,317.0005857,237.11883285461056,22.716078760168408,159.2353441517793,4288.413085428499,403.1469377938551,0.40905892036233593,119.09639590146016,176.59340220486328,73.29496896246354,3.972268405352114,141.3597219688996,1.0010933603817733,86.03116714538943,0.5878639488100175,7.7160787601684095,0.7124657913977288,29.98196087177626,4.0694924349231405,0.42460682311924275,0.6318368936525695,1.133029861952511,90.82298281585499,106.52323381633975,33.455455588880696,0.9385630250665953,0.10367082025631293,8.55663836832364,0.25113582767491266,13.23948659414442,1.3819452395059078,2.41982080810911,0.35875069136932175,4.065047872629196,6.027559679867947,3008.2279442899917,P000036_HL,P000036,HL,production,thermorheo-v2.0-interface-objective-R10,3381,3264,165,states=165 nodes=3381 elems=3264
3.24551619,3.24551619,1.27841034,-8.648639373,2.831057591,-8.771667946,-8.681907223,19.07512104,228.4187896,11.66370854,39.66372980555556,1,2,0.1668255324,0.050288979649999996,246.5399731,3.24551619,-2.96703767,-8.648639373,-10.76578909,1.875,0.1058865229,0.003466365849,1,178.1249977,-1.96710585,0.3939004661073652,False,-0.04963338900000025,0.21227176805549325,2,1,3.24551619,-1.226723347,1.27841034,-3.870480054,3.24551619,-1.226723347,2.831057591,-1.595996908,1.294106851,319.534981,1.294106851,319.534981,237.11883285461056,22.716078760168408,159.2353441517793,4288.4130854284995,403.1469377938552,0.40905892036233593,119.09639590146016,176.59340220486328,73.29496896246354,3.972268405352114,141.3597219688996,1.0010933603817733,86.03116714538943,0.5878639488100175,7.7160787601684095,0.7124657913977288,29.98196087177626,4.0694924349231405,0.42460682311924275,0.6318368936525695,1.133029861952511,90.82298281585499,106.52323381633975,33.455455588880696,0.9385630250665953,0.10367082025631293,8.55663836832364,0.25113582767491266,13.23948659414442,1.3819452395059078,2.41982080810911,0.35875069136932175,4.065047872629196,6.027559679867947,3008.2279442899917,P000036_LH,P000036,LH,production,thermorheo-v2.0-interface-objective-R10,3381,3264,165,states=165 nodes=3381 elems=3264
1.941915668,1.941915668,0.9022515018,-7.264336977,1.554031833,-7.369371982,-8.885785725,20.90773089,225.7975553,6.86100502,2.2880853275,1,1,0.2745385681,0.04797060113,250.9082693,1.941915668,-2.617017837,-7.264336977,-8.462481323,28.125,0.0934336017,0.04994130058,1,178.1249962,-1.0396641662000001,0.464619301789371,False,-0.08046200400000014,0.11250678254478699,1,2,1.941915668,-3.15484391,0.9022515018,-4.051153308,1.941915668,-3.15484391,1.554031833,-3.413824674,7.150916782e-10,323.15,0.358689917,320.2415117,238.94442313709862,19.184686794063897,114.61518296308546,3834.3456452213563,209.90758651262874,0.3662749560037456,33.017476120192974,21.417161319143386,72.36715832011475,1.2456474068802423,19.39208050631887,3.8772687206805587,84.20557686290134,0.4148965073679716,4.1846867940638965,0.7607464635160659,26.506277729816127,12.840385577667488,0.3246573474585112,3.6396256872757995,3.749417901552728,33.334840053211636,64.31574174286503,28.749147062925967,0.6615423069619287,0.1753962472651131,14.146218623873931,0.19753763617656583,9.166332857019244,1.0914384481358863,1.7112480980479954,0.6288650989112814,3.311708963884679,2.1481776760699547,2108.6637718140964,P000037_HL,P000037,HL,production,thermorheo-v2.0-interface-objective-R10,3381,3264,120,states=120 nodes=3381 elems=3264
1.850110481,1.850110481,0.8155499828,-7.257132454,1.46763993,-7.358816904,-8.890515094,20.79541109,225.7955491,6.610595318,49.348449583333334,1,2,0.3043446761,0.04796099734999999,250.4831175,1.850110481,-2.61324528,-7.257132454,-8.393572339,28.125,0.0934336017,0.04994130058,1,178.1249962,-1.0345604981999998,0.4408115035158271,False,-0.07325748099999974,0.11087960490448068,2,1,1.850110481,-3.109560558,0.8155499828,-4.0137103,1.850110481,-3.109560558,1.46763993,-3.393595268,0.2523480185,321.9432784,0.2523480185,321.9432784,238.94442313709862,19.184686794063897,114.61518296308546,3834.345645221357,209.90758651262877,0.3662749560037456,33.017476120192974,21.417161319143386,72.36715832011475,1.2456474068802423,19.39208050631887,3.8772687206805587,84.20557686290134,0.4148965073679716,4.1846867940638965,0.7607464635160659,26.506277729816127,12.840385577667488,0.3246573474585112,3.6396256872757995,3.749417901552728,33.334840053211636,64.31574174286503,28.749147062925967,0.6615423069619287,0.1753962472651131,14.146218623873931,0.19753763617656583,9.166332857019244,1.0914384481358863,1.7112480980479954,0.6288650989112814,3.311708963884679,2.1481776760699547,2108.6637718140964,P000037_LH,P000037,LH,production,thermorheo-v2.0-interface-objective-R10,3381,3264,120,states=120 nodes=3381 elems=3264
0.2488085962,0.2488085962,-2.394646704,-10.75629833,-0.492773267,-10.88533038,-13.02673374,22.18446148,162.9439289,4.982922869,1.9787027491666667,1,1,0.1147428132,0.03755795453000001,273.1241577,0.2488085962,-5.245337848,-10.75629833,-12.30013457,1.875,0.1058865229,0.003466365849,1,91.87458432,-2.6434553002,,False,0.019818410000000952,0.1801334636607822,1,2,0.2488085962,-6.1316869,-2.394646704,-7.460275456,0.2488085962,-6.1316869,-0.492773267,-6.524210467,0.3089736532,323.15,0.3312983488,322.0253247,261.0752735432191,23.356989996897106,178.5521361219237,2264.000911363452,305.11731846391973,0.5969523477069115,8.528741017332237,7.724626949303216,36.245077167413804,0.39418149619339404,8.568406527221551,11.988985416807756,62.07472645678085,0.40140386343725215,8.356989996897106,0.5469504600453703,21.63658390790584,31.74443088003021,1.978702749073852,1.9512343266027534,2.8965877407124436,89.88148779330368,7.4940722425809865,28.976254013267233,0.8708898352936685,0.6034667372854656,11.491935598686567,0.22023984288750723,13.166298799775543,0.8310452562069083,2.1235908445615443,0.6662098599493507,2.6477996074235475,2.398157496199377,1589.7701161151865,P000038_HL,P000038,HL,production,thermorheo-v2.0-interface-objective-R10,3381,3264,181,states=181 nodes=3381 elems=3264
0.2130395543,0.2130395543,-2.43101692,-10.76070492,-0.5201726513,-10.88886828,-13.00097095,22.1021339,162.7925289,4.950509462,62.18624236111111,1,2,0.1429188228,0.03719189041,272.8752576,0.2130395543,-5.235871717,-10.76070492,-12.2984119,1.875,0.1058865229,0.003466365849,1,91.87458432,-2.6440564742999997,,False,0.015411820000000631,0.1792372250321896,2,1,0.2130395543,-6.086361828,-2.43101692,-7.418446302,0.2130395543,-6.086361828,-0.5201726513,-6.494691488,0.2476207791,322.6985511,0.2476207791,322.6985511,261.0752735432191,23.356989996897106,178.5521361219237,2264.000911363452,305.1173184639198,0.5969523477069115,8.528741017332237,7.724626949303216,36.245077167413804,0.39418149619339404,8.568406527221551,11.988985416807756,62.07472645678085,0.40140386343725215,8.356989996897106,0.5469504600453703,21.63658390790584,31.74443088003021,1.978702749073852,1.9512343266027534,2.8965877407124436,89.88148779330368,7.4940722425809865,28.976254013267233,0.8708898352936685,0.6034667372854656,11.491935598686567,0.22023984288750723,13.166298799775543,0.8310452562069083,2.1235908445615443,0.6662098599493507,2.6477996074235475,2.398157496199377,1589.7701161151865,P000038_LH,P000038,LH,production,thermorheo-v2.0-interface-objective-R10,3381,3264,181,states=181 nodes=3381 elems=3264
8.704883953,8.704883953,7.398187376,-4.29673986,7.998709697,-4.416838204,-4.167168885,20.50449444,252.957099,14.6702859,2.896665936111111,1,1,0.08149219877,0.045492197260000006,256.6425883,8.704883953,2.906898772,-4.29673986,-5.826396655,1.875,0.1058865229,0.003466365849,1,91.87463886,-1.3066965769999994,0.8498892594025143,False,-0.0034503570000001815,0.18612819237982364,1,2,8.704883953,4.588083442,7.398187376,3.330066203,8.704883953,4.588083442,7.998709697,4.016608923,0.07397427839,323.15,0.4740391577,319.539421,240.67178394770693,20.050935554472268,101.91833204892178,1972.4959630088379,93.89017272423781,0.44112445871478445,119.45505358837765,707.1217130147492,24.124846544602676,11.224805630449827,1594.7026528679655,2.001042642256806,82.47821605229305,0.7231264836209474,5.050935554472268,0.5611396619418538,10.642059873565094,6.416833409065657,0.9617459597937427,1.568364574124262,2.3755029998049966,64.40615182527993,134.89072735572404,18.64906524625612,0.7810749700702989,0.5240593318829766,17.163666715888652,0.20703884238255618,10.07839791038776,0.9948572173503629,1.878574394064008,0.37264990197074666,3.2067449606314513,18.982528755767497,3411.3060322005217,P000039_HL,P000039,HL,production,thermorheo-v2.0-interface-objective-R10,3381,3264,107,states=107 nodes=3381 elems=3264
8.597003457,8.597003457,7.286734308,-4.296175652,7.901058424,-4.415940613,-4.177390853,20.33951072,253.0139082,14.37649122,24.861172752777776,1,2,0.08140535324,0.04548652929,255.6306156,8.597003457,2.820736735,-4.296175652,-5.82304182,1.875,0.1058865229,0.003466365849,1,91.87463886,-1.3102691489999998,0.8475900172015017,False,-0.00288614900000006,0.18605002840856114,2,1,8.597003457,4.624450857,7.286734308,3.368147951,8.597003457,4.624450857,7.901058424,4.027319441,0.484806797,320.5390947,0.484806797,320.5390947,240.67178394770693,20.050935554472268,101.91833204892178,1972.4959630088379,93.8901727242378,0.44112445871478445,119.45505358837765,707.1217130147492,24.124846544602676,11.224805630449827,1594.7026528679655,2.001042642256806,82.47821605229305,0.7231264836209474,5.050935554472268,0.5611396619418538,10.642059873565094,6.416833409065657,0.9617459597937427,1.568364574124262,2.3755029998049966,64.40615182527993,134.89072735572404,18.64906524625612,0.7810749700702989,0.5240593318829766,17.163666715888652,0.20703884238255618,10.07839791038776,0.9948572173503629,1.878574394064008,0.37264990197074666,3.2067449606314513,18.982528755767497,3411.3060322005217,P000039_LH,P000039,LH,production,thermorheo-v2.0-interface-objective-R10,3381,3264,107,states=107 nodes=3381 elems=3264
-0.5229394757,-0.5229394757,-1.468063061,-7.971048015,-0.8675052732,-8.073580782,-10.82352613,16.5288596,145.9729737,2.819382963,2.8775928444444445,1,1,0.05868334242,0.03026266879000001,277.1461564,-0.5229394757,-5.001489211,-7.971048015,-9.684865301,1.875,0.1058865229,0.003466365849,1,91.87491919,-0.9451235853000001,,False,-0.020643772999999754,0.10682968175984262,1,2,-0.5229394757,-4.426263263,-1.468063061,-4.906943781,-0.5229394757,-4.426263263,-0.8675052732,-4.645957698,0.01080141206,323.15,0.04790061016,322.1069351,270.2117391309979,20.910194722424706,108.31152977682692,1950.8610420178845,182.76741581123028,0.3256830167678091,10.549891621345049,41.03861523498395,55.36150621686682,0.5851200613363828,54.626192401531206,5.133347796302785,52.93826086900209,0.48300260323293953,5.910194722424707,0.46095867222307674,18.030302357519005,19.09591231212466,2.8775928455027264,3.395777192698464,3.968916000139512,32.670440672982856,88.5073162661489,21.500742841584128,0.9192031806769609,0.11697485981245571,10.059880690338346,0.22579951085305752,11.867275910652216,1.2978163538277476,1.8093178158986776,0.7380245682139734,3.719972437066937,14.470529462185318,1719.3837821020347,P000040_HL,P000040,HL,production,thermorheo-v2.0-interface-objective-R10,3381,3264,114,states=114 nodes=3381 elems=3264
-0.5300004795,-0.5300004795,-1.477960582,-7.967640255,-0.8696351744,-8.067900786,-10.81718013,16.51597522,145.9937513,2.791982445,50.246093555555554,1,2,0.05946596991,0.030259355809999992,276.9160191,-0.5300004795,-4.961117908,-7.967640255,-9.644649216,1.875,0.1058865229,0.003466365849,1,91.87491919,-0.9479601025,,False,-0.017236012999999772,0.10686369065720562,2,1,-0.5300004795,-4.423051788,-1.477960582,-4.898026192,-0.5300004795,-4.423051788,-0.8696351744,-4.653161514,0.03783004164,322.6461969,0.03783004164,322.6461969,270.2117391309979,20.910194722424706,108.31152977682692,1950.8610420178848,182.7674158112303,0.3256830167678091,10.549891621345049,41.03861523498395,55.36150621686682,0.5851200613363828,54.626192401531206,5.133347796302785,52.93826086900209,0.48300260323293953,5.910194722424707,0.46095867222307674,18.030302357519005,19.09591231212466,2.8775928455027264,3.395777192698464,3.968916000139512,32.670440672982856,88.5073162661489,21.500742841584128,0.9192031806769609,0.11697485981245571,10.059880690338346,0.22579951085305752,11.867275910652216,1.2978163538277476,1.8093178158986776,0.7380245682139734,3.719972437066937,14.470529462185318,1719.3837821020347,P000040_LH,P000040,LH,production,thermorheo-v2.0-interface-objective-R10,3381,3264,114,states=114 nodes=3381 elems=3264
3.476005793,3.476005793,1.637137697,-14.65048419,2.519942352,-14.76645545,-14.73037262,28.70551716,225.3622937,15.99803317,3.3727360194444445,1,1,1.075995122,0.044730971899999986,258.1524411,3.476005793,-6.567088049,-14.65048419,-16.385057,1.875,0.1058865229,0.003466365849,1,91.87472681,-1.8388680960000001,0.47098244205946865,False,-0.013706840000001108,0.2802523009577026,1,2,3.476005793,-1.503487961,1.637137697,-3.705949543,3.476005793,-1.503487961,2.519942352,-2.277761947,1.118234905,323.15,1.501176262,320.2638983,241.9627539912952,22.07006135310303,114.13685282129823,4020.4246812436045,303.18143888511554,0.830168758328441,69.73724695236004,138.76055695389732,27.874559907917103,3.013633213576907,143.9139426159558,2.764923810794302,81.18724600870479,0.7466243736303704,7.070061353103028,0.6682108895034646,23.140588787707284,16.380410792331418,1.4443536217423623,3.685755234325936,1.6070763884731767,38.00089396446931,40.95690401188266,39.30819834896006,0.9140049645414015,0.39614184299783356,13.746517732684424,0.24602389348241968,13.837108029819996,0.7193987094997547,2.556480856445395,0.40994820310836183,5.924362446582456,11.788074072469747,2374.6429641089285,P000041_HL,P000041,HL,production,thermorheo-v2.0-interface-objective-R10,3381,3264,121,states=121 nodes=3381 elems=3264
3.331425965,3.331425965,1.506395316,-14.64406431,2.395957325,-14.75778375,-14.7103475,28.50090558,225.3622937,15.67416801,49.630920833333334,1,2,1.075326176,0.0447272071,257.2893127,3.331425965,-6.525297763,-14.64406431,-16.33537298,1.875,0.1058865229,0.003466365849,1,91.87472681,-1.8250306490000001,0.45217733541918886,False,-0.0072869600000000645,0.2807658971960477,2,1,3.331425965,-1.416893512,1.506395316,-3.645186507,3.331425965,-1.416893512,2.395957325,-2.216421789,1.446667871,320.9951661,1.446667871,320.9951661,241.9627539912952,22.07006135310303,114.13685282129823,4020.4246812436036,303.18143888511554,0.830168758328441,69.73724695236004,138.76055695389732,27.874559907917103,3.013633213576907,143.9139426159558,2.764923810794302,81.18724600870479,0.7466243736303704,7.070061353103028,0.6682108895034646,23.140588787707284,16.380410792331418,1.4443536217423623,3.685755234325936,1.6070763884731767,38.00089396446931,40.95690401188266,39.30819834896006,0.9140049645414015,0.39614184299783356,13.746517732684424,0.24602389348241968,13.837108029819996,0.7193987094997547,2.556480856445395,0.40994820310836183,5.924362446582456,11.788074072469747,2374.6429641089285,P000041_LH,P000041,LH,production,thermorheo-v2.0-interface-objective-R10,3381,3264,121,states=121 nodes=3381 elems=3264
4.941276132,4.941276132,4.329057944,-4.756057081,4.524655811,-4.870972383,-6.701312821,18.50909249,209.5839532,8.147767302,7.9685081138888885,1,1,0.2311373717,0.03911326171,265.961365,4.941276132,0.01730226226,-4.756057081,-6.168381772,9.375,0.1045281975,0.01725767525,1,91.87477949,-0.6122181879999999,0.876101199033335,False,-0.05891472999999969,0.09533313294890171,1,2,4.941276132,0.2529211562,4.329057944,-0.1934717424,4.941276132,0.2529211562,4.524655811,-0.02086328808,2.172640831e-05,323.15,0.4391612432,319.4361829,253.66384705765225,19.64444213643617,134.41817749196298,2196.2074586948493,128.95587286471186,0.5547924009534393,395.3599618252665,68.67590389724562,29.352142318903645,24.278529436559683,101.21510210516611,0.1971064014959246,69.48615294234773,0.5305257001692645,4.644442136436167,0.5235700112915461,16.284345510231603,6.317886198204902,1.2631893756566672,2.6162409917410114,2.2370081498212246,83.29872323885706,96.39710304368205,19.399221484924286,0.756314205575289,0.31960742530685216,15.001465652205034,0.1930163481357846,10.011238121351678,0.9349060899304673,2.2202659446785447,0.5342177970063172,32.05317610313905,5.567788987782094,2963.830176385097,P000042_HL,P000042,HL,production,thermorheo-v2.0-interface-objective-R10,3381,3264,142,states=142 nodes=3381 elems=3264
4.730999253,4.730999253,4.119111059,-4.755103636,4.329360785,-4.870232705,-6.719013077,18.2476884,209.5662885,7.714452192,36.687178333333335,1,2,0.2486624084,0.03911062739,265.3528416,4.730999253,0.008142526593,-4.755103636,-6.168284232,9.375,0.1045281975,0.01725767525,1,91.87477949,-0.6118881940000005,0.870664068777438,False,-0.057961285000000196,0.09322055753386317,2,1,4.730999253,0.3482514515,4.119111059,-0.09037085861,4.730999253,0.3482514515,4.329360785,0.04397354348,0.4402268604,321.1797246,0.4402268604,321.1797246,253.66384705765225,19.64444213643617,134.41817749196298,2196.2074586948493,128.95587286471186,0.5547924009534393,395.3599618252665,68.67590389724562,29.352142318903645,24.278529436559683,101.21510210516611,0.1971064014959246,69.48615294234773,0.5305257001692645,4.644442136436167,0.5235700112915461,16.284345510231603,6.317886198204902,1.2631893756566672,2.6162409917410114,2.2370081498212246,83.29872323885706,96.39710304368205,19.399221484924286,0.756314205575289,0.31960742530685216,15.001465652205034,0.1930163481357846,10.011238121351678,0.9349060899304673,2.2202659446785447,0.5342177970063172,32.05317610313905,5.567788987782094,2963.830176385097,P000042_LH,P000042,LH,production,thermorheo-v2.0-interface-objective-R10,3381,3264,142,states=142 nodes=3381 elems=3264
10.5605113,10.5605113,10.11884095,-5.883863113,10.22914317,-5.993467375,-5.893955903,27.0225318,256.0733191,8.307391116,6.209137861111111,1,1,0.04695905355,0.04942466307999999,252.9324009,10.5605113,4.594536208,-5.883863113,-6.51864003,159.375,-0.09915291209,0.03731851358,1,91.87464329,-0.44167035000000077,0.9581771812506843,False,0.03344715300000001,0.14391556218839663,1,2,10.5605113,5.822288942,10.11884095,5.345070299,10.5605113,5.822288942,10.22914317,5.534839817,0.001548995067,323.15,0.05849162005,321.2084347,235.00438417052902,18.90536654815745,95.34073377216122,3237.6270005520073,125.44176733546932,0.5958908805450098,229.22497545281112,592.5511739060071,31.192389783978438,12.332370014320215,765.1061912003256,4.758128148444915,88.14561582947094,0.7319907653457002,3.905366548157449,0.6135748500411329,18.58726061467808,23.731382282323878,0.3394766133359992,2.2986664349060915,0.30279511933953357,28.552953925317915,112.01216916346124,26.53821190941774,0.5503989190974177,0.5176069516717453,15.99964912136852,0.23145730825693558,12.20644779055079,0.784571330463465,2.001269968438618,0.7263553564852206,4.987545846170606,12.89290636947554,3297.7984154043556,P000043_HL,P000043,HL,production,thermorheo-v2.0-interface-objective-R10,3381,3264,102,states=102 nodes=3381 elems=3264
10.57053064,10.57053064,10.12901164,-5.874699102,10.23330703,-5.980044044,-5.889938181,27.01567933,256.2167433,8.284303316,55.38182641666666,1,2,0.05197098729,0.049423987479999994,252.1953185,10.57053064,4.715001812,-5.874699102,-6.466927039,24.375,0.09649987052,0.0437235225,1,91.87464329,-0.44151899999999955,0.9582311413649145,False,0.0426111640000002,0.1436234480530548,2,1,10.57053064,5.81285717,10.12901164,5.321868699,10.57053064,5.81285717,10.23330703,5.513502667,0.05266984774,321.7287921,0.05266984774,321.7287921,235.00438417052902,18.90536654815745,95.34073377216122,3237.6270005520073,125.44176733546932,0.5958908805450098,229.22497545281112,592.5511739060071,31.192389783978438,12.332370014320215,765.1061912003256,4.758128148444915,88.14561582947094,0.7319907653457002,3.905366548157449,0.6135748500411329,18.58726061467808,23.731382282323878,0.3394766133359992,2.2986664349060915,0.30279511933953357,28.552953925317915,112.01216916346124,26.53821190941774,0.5503989190974177,0.5176069516717453,15.99964912136852,0.23145730825693558,12.20644779055079,0.784571330463465,2.001269968438618,0.7263553564852206,4.987545846170606,12.89290636947554,3297.7984154043556,P000043_LH,P000043,LH,production,thermorheo-v2.0-interface-objective-R10,3381,3264,102,states=102 nodes=3381 elems=3264
-2.10669086,-2.10669086,-3.040753903,-7.106962075,-2.378271955,-7.221197377,-11.09672303,15.73335228,162.2885989,2.956140975,4.962807805555556,1,1,1.663764115,0.04493959368,283.0684075,-2.10669086,-5.020019011,-7.106962075,-8.489060208,20.625,0.09915291209,0.03731851358,1,1.874982998,-0.9340630430000001,,False,-0.14698122900000055,0.09455206793340075,1,2,-2.10669086,-4.533729405,-3.040753903,-5.19148859,-2.10669086,-4.533729405,-2.378271955,-4.726053869,1.768091613,323.15,2.203707512,318.9089188,277.5692425496178,24.661037428832827,109.58584596886222,2272.274359266045,549.0472834977919,0.2673053674337663,66.08511617860812,53.966989250956,107.21560448579197,2.3058867826887353,45.19326870962809,0.13576893607196722,45.58075745038216,0.49174472656149526,9.661037428832827,0.7958985474084723,28.659306551707985,3.056370446505885,2.9863039057316034,2.9849493991954823,0.5618404069342763,36.14467499521765,34.01184121720091,26.08377623479332,0.7761177087416872,0.6626465604125079,8.347863571076319,0.26143720006706855,8.588399693080989,1.5629993375520304,1.7884342497064,0.47668487698484197,22.511559233886835,18.383580834056087,2119.2160733616806,P000044_HL,P000044,HL,production,thermorheo-v2.0-interface-objective-R10,3381,3264,114,states=114 nodes=3381 elems=3264
-2.514414966,-2.514414966,-3.32392,-7.129014529,-2.761086241,-7.242634135,-11.10221056,15.27640603,163.0324881,2.393012112,43.21157852777778,1,2,1.713192501,0.04428611710000001,282.7600149,-2.514414966,-5.316206596,-7.129014529,-8.488066835,20.625,0.09915291209,0.03731851358,1,1.874982998,-0.8095050340000003,,False,-0.16903368300000032,0.0900218267572371,2,1,-2.514414966,-4.126717507,-3.32392,-4.977915071,-2.514414966,-4.126717507,-2.761086241,-4.348961789,1.959581724,321.0644707,1.959581724,321.0644707,277.5692425496178,24.661037428832827,109.58584596886222,2272.274359266045,549.0472834977919,0.2673053674337663,66.08511617860812,53.966989250956,107.21560448579197,2.3058867826887353,45.19326870962809,0.13576893607196722,45.58075745038216,0.49174472656149526,9.661037428832827,0.7958985474084723,28.659306551707985,3.056370446505885,2.9863039057316034,2.9849493991954823,0.5618404069342763,36.14467499521765,34.01184121720091,26.08377623479332,0.7761177087416872,0.6626465604125079,8.347863571076319,0.26143720006706855,8.588399693080989,1.5629993375520304,1.7884342497064,0.47668487698484197,22.511559233886835,18.383580834056087,2119.2160733616806,P000044_LH,P000044,LH,production,thermorheo-v2.0-interface-objective-R10,3381,3264,114,states=114 nodes=3381 elems=3264
-1.482880511,-1.482880511,-2.198572126,-8.702556289,-1.746299799,-8.780192635,-10.24990482,14.80675529,169.2252726,2.51317014,16.212553663888887,1,1,0.08021849621,0.032789699840000006,278.5931965,-1.482880511,-5.575240816,-8.702556289,-9.950826604,1.875,0.1058865229,0.003466365849,1,178.1249962,-0.7156916150000001,,False,-0.023410356999999493,0.11543469765443308,1,2,-1.482880511,-5.478683995,-2.198572126,-5.805622673,-1.482880511,-5.478683995,-1.746299799,-5.646281946,2.769160068e-07,323.15,0.09511793885,322.2559605,268.49789741939463,23.02402989487865,139.06140347080083,1909.075149585542,244.5402127164002,0.6712204176345792,280.8259150084862,70.11351569218047,29.970726052124785,13.959657400255324,83.64703733220814,1.1566652866330573,54.652102580605344,0.4647107452949141,8.024029894878653,0.3996202293895311,20.116963257518762,30.91428389642901,1.8432941930602431,1.4717136540570022,2.676704927489469,55.92976751012088,118.13699404715847,20.456387951493085,0.8563692683894002,0.17313224860380688,9.27440056195179,0.2778518266602742,9.956213024608282,0.8198442336915363,2.355607943117054,0.7854393316935667,26.72707848475124,6.672922036736236,3734.1017842789943,P000045_HL,P000045,HL,production,thermorheo-v2.0-interface-objective-R10,3381,3264,144,states=144 nodes=3381 elems=3264
-1.51894296,-1.51894296,-2.234666717,-8.697571062,-1.779741885,-8.774374249,-10.25023919,14.76629217,169.2434223,2.441237707,73.23551358333333,1,2,0.09079953619,0.032788410170000004,278.3598385,-1.51894296,-5.565114653,-8.697571062,-9.932104108,1.875,0.1058865229,0.003466365849,1,178.1249962,-0.7157237570000001,,False,-0.0184251299999989,0.11534709918310217,2,1,-1.51894296,-5.462878267,-2.234666717,-5.78935483,-1.51894296,-5.462878267,-1.779741885,-5.635657461,0.08289700457,322.7345302,0.08289700457,322.7345302,268.49789741939463,23.02402989487865,139.06140347080083,1909.075149585542,244.54021271640022,0.6712204176345792,280.8259150084862,70.11351569218047,29.970726052124785,13.959657400255324,83.64703733220814,1.1566652866330573,54.652102580605344,0.4647107452949141,8.024029894878653,0.3996202293895311,20.116963257518762,30.91428389642901,1.8432941930602431,1.4717136540570022,2.676704927489469,55.92976751012088,118.13699404715847,20.456387951493085,0.8563692683894002,0.17313224860380688,9.27440056195179,0.2778518266602742,9.956213024608282,0.8198442336915363,2.355607943117054,0.7854393316935667,26.72707848475124,6.672922036736236,3734.1017842789943,P000045_LH,P000045,LH,production,thermorheo-v2.0-interface-objective-R10,3381,3264,144,states=144 nodes=3381 elems=3264
5.55705644,5.55705644,5.053811384,-7.435600187,5.000265166,-7.566817315,-7.188707258,19.69137232,232.5848618,12.91199809,6.959723202777778,1,1,0.2774795303,0.05239798282,251.135041,5.55705644,-1.260770578,-7.435600187,-9.546137987,1.875,0.1058865229,0.003466365849,1,178.1249927,-0.5032450559999999,0.9094403554411263,False,-0.00869096200000019,0.09681955109140204,1,2,5.55705644,-2.219970092,5.053811384,-3.064975163,5.55705644,-2.219970092,5.000265166,-2.578352452,0.2729668203,323.15,0.3532976523,322.1016455,232.77038366497186,18.84216604830531,127.62365915051588,2162.9712433691066,101.51848160976137,0.7166645259316415,205.7770014533957,626.3137425036365,19.428757257143126,14.778688805714465,1079.5487343866198,3.38101876415181,90.37961633502812,0.3879612194352754,3.842166048305307,0.7533414404715597,13.92390110913142,35.11153782324239,0.9923370133918017,1.29911359286313,3.046846838233874,53.98772422003305,150.68163805598866,30.18538866571049,0.9015955196318248,0.3472031801848602,9.211018803202212,0.2227677788561585,13.992838749458883,0.815491108132228,2.501736949203075,0.42468451404204416,10.384898834493972,31.60802620610954,2485.508392665478,P000046_HL,P000046,HL,production,thermorheo-v2.0-interface-objective-R10,3381,3264,133,states=133 nodes=3381 elems=3264
5.526847401,5.526847401,5.02376953,-7.430179291,4.972658873,-7.55993719,-7.189031132,19.65675579,232.5922199,12.85075743,61.33345958333333,1,2,0.2813395586,0.05239812953999999,250.8644669,5.526847401,-1.260933231,-7.430179291,-9.512502528,1.875,0.1058865229,0.003466365849,1,178.1249927,-0.5030778710000003,0.9089756176533884,False,-0.003270065999999794,0.09664738374744258,2,1,5.526847401,-2.213797923,5.02376953,-3.061421747,5.526847401,-2.213797923,4.972658873,-2.578582884,0.321089804,322.743279,0.321089804,322.743279,232.77038366497186,18.84216604830531,127.62365915051588,2162.971243369106,101.51848160976137,0.7166645259316415,205.7770014533957,626.3137425036365,19.428757257143126,14.778688805714465,1079.5487343866198,3.38101876415181,90.37961633502812,0.3879612194352754,3.842166048305307,0.7533414404715597,13.92390110913142,35.11153782324239,0.9923370133918017,1.29911359286313,3.046846838233874,53.98772422003305,150.68163805598866,30.18538866571049,0.9015955196318248,0.3472031801848602,9.211018803202212,0.2227677788561585,13.992838749458883,0.815491108132228,2.501736949203075,0.42468451404204416,10.384898834493972,31.60802620610954,2485.508392665478,P000046_LH,P000046,LH,production,thermorheo-v2.0-interface-objective-R10,3381,3264,133,states=133 nodes=3381 elems=3264
-2.645016024,-2.645016024,-2.834144946,-9.505777593,-2.882606573,-9.590063638,-9.755519862,12.78880785,195.2654235,1.815226624,13.845657025000001,1,1,0.9945946525,0.0480902618,261.4168061,-2.645016024,-6.320730047,-9.505777593,-10.88063126,1.875,0.1058865229,0.003466365849,1,178.1249966,-0.1891289220000001,,False,0.05350486800000098,0.006195466799082111,1,2,-2.645016024,-5.018143681,-2.834144946,-5.139964948,-2.645016024,-5.018143681,-2.882606573,-5.207222251,1.202145467,323.15,1.240165013,320.2213243,246.89190920074577,18.258408755940494,117.92230334835962,2468.960542447677,77.93222656663586,0.7058769439499492,145.91390094988012,520.0279727989496,21.765105787656584,9.497447229650858,812.3593210706044,2.3925546552659043,76.25809079925419,0.6874945767447047,3.258408755940492,0.35456989564020086,15.363486358138381,10.777241786056523,2.323042255289423,2.2634307867434353,0.7952467426368157,65.65464927668698,10.08043912466505,23.139921291735327,0.8780341742357771,0.15404661085298715,8.628537453302554,0.26110347587559124,9.196891278668382,0.8252014122684199,2.493420147118633,0.7997441114722136,4.5044913654684136,16.053724134752056,3638.709578467821,P000047_HL,P000047,HL,production,thermorheo-v2.0-interface-objective-R10,3381,3264,124,states=124 nodes=3381 elems=3264
-2.636069344,-2.636069344,-2.827623721,-9.50483001,-2.870211824,-9.588663664,-9.729965006,12.77289118,195.3392215,1.797252399,44.407887055555555,1,2,0.9944929656,0.048088480030000005,260.6601411,-2.636069344,-6.215319077,-9.50483001,-10.87245515,1.875,0.1058865229,0.003466365849,1,178.1249966,-0.1915543770000001,,False,0.05445245100000129,0.006592522067456762,2,1,-2.636069344,-5.047936145,-2.827623721,-5.158661125,-2.636069344,-5.047936145,-2.870211824,-5.246815819,1.222734191,321.1365513,1.222734191,321.1365513,246.89190920074577,18.258408755940494,117.92230334835962,2468.960542447677,77.93222656663585,0.7058769439499492,145.91390094988012,520.0279727989496,21.765105787656584,9.497447229650858,812.3593210706044,2.3925546552659043,76.25809079925419,0.6874945767447047,3.258408755940492,0.35456989564020086,15.363486358138381,10.777241786056523,2.323042255289423,2.2634307867434353,0.7952467426368157,65.65464927668698,10.08043912466505,23.139921291735327,0.8780341742357771,0.15404661085298715,8.628537453302554,0.26110347587559124,9.196891278668382,0.8252014122684199,2.493420147118633,0.7997441114722136,4.5044913654684136,16.053724134752056,3638.709578467821,P000047_LH,P000047,LH,production,thermorheo-v2.0-interface-objective-R10,3381,3264,124,states=124 nodes=3381 elems=3264
2.253755821,2.253755821,0.5132783394,-4.910881933,1.827033654,-5.029346159,-6.635600374,15.72240739,253.3166065,6.349785124,1.936677188888889,1,1,0.1180892706,0.05671761266000001,259.7378184,2.253755821,-3.196304002,-4.910881933,-6.895909828,1.875,0.1058865229,0.003466365849,1,178.1249956,-1.7404774816,0.2277435446277656,False,-0.05601909499999991,0.1809809626085201,1,2,2.253755821,-1.121994915,0.5132783394,-2.518694025,2.253755821,-1.121994915,1.827033654,-1.448664122,1.012441584e-08,323.15,0.3335632824,320.781076,243.25843733566333,24.846122327354795,148.7522971084492,2173.812399959349,290.5950001522561,0.7234486355483725,18.91651140898803,18.652174109968186,21.00221043136707,1.2449970982859968,29.462391420779905,2.785313322095209,79.89156266433665,0.45615024550628996,9.846122327354795,0.7500938469852148,15.194020480072304,14.914928567401061,0.9870509089956543,2.352984177495264,1.2908204649088884,94.18761647810392,160.78965858123783,21.81109999785292,0.9012237907316307,0.20339763810481026,9.140702289258435,0.20487057949047288,8.998760931501844,0.7421784639594591,2.2983838162966537,0.46399351871229755,5.35484767515546,5.280019608790076,1241.7719179331884,P000048_HL,P000048,HL,production,thermorheo-v2.0-interface-objective-R10,3381,3264,155,states=155 nodes=3381 elems=3264
2.152993278,2.152993278,0.4379312107,-4.91120741,1.733509651,-5.029510872,-6.639274678,15.61584459,253.3657547,6.1734246,36.676481777777774,1,2,0.1246622213,0.05674870928,259.240586,2.152993278,-3.197400713,-4.91120741,-6.890941147,1.875,0.1058865229,0.003466365849,1,178.1249956,-1.7150620672999999,0.2034057491841366,False,-0.056344572000000426,0.1792336952532078,2,1,2.152993278,-1.011752373,0.4379312107,-2.46442194,2.152993278,-1.011752373,1.733509651,-1.35010054,0.1887684745,322.0694147,0.1887684745,322.0694147,243.25843733566333,24.846122327354795,148.7522971084492,2173.812399959348,290.59500015225603,0.7234486355483725,18.91651140898803,18.652174109968186,21.00221043136707,1.2449970982859968,29.462391420779905,2.785313322095209,79.89156266433665,0.45615024550628996,9.846122327354795,0.7500938469852148,15.194020480072304,14.914928567401061,0.9870509089956543,2.352984177495264,1.2908204649088884,94.18761647810392,160.78965858123783,21.81109999785292,0.9012237907316307,0.20339763810481026,9.140702289258435,0.20487057949047288,8.998760931501844,0.7421784639594591,2.2983838162966537,0.46399351871229755,5.35484767515546,5.280019608790076,1241.7719179331884,P000048_LH,P000048,LH,production,thermorheo-v2.0-interface-objective-R10,3381,3264,155,states=155 nodes=3381 elems=3264
4.241892564,4.241892564,2.826647932,-3.028610325,3.739788329,-3.147277611,-7.100783283,16.64373616,186.4293284,4.749339272,1.6837773247222223,1,1,0.3525342135,0.03259888299,279.7775673,4.241892564,0.4116700938,-3.028610325,-4.339397015,28.125,0.0934336017,0.04994130058,1,178.1249883,-1.4152446319999994,0.666364809893851,False,-0.017103706999999968,0.03532221701267542,1,2,4.241892564,2.025615548,2.826647932,1.091022779,4.241892564,2.025615548,3.739788329,1.645674926,0.3409227054,323.15,0.3974699223,320.7698677,269.0269646614756,19.25707465584876,94.496975291386,2385.1501398170294,149.34050306648672,0.6185529874054351,10.058046999678162,41.65377948244265,36.73833914952137,0.4426059347344071,43.99154628003784,4.224693512474195,54.1230353385244,0.7362854637457379,4.257074655848761,0.45388064622046054,22.724609433250496,12.42383107721468,0.6957508276270938,2.112837490673587,0.39179000155794236,30.223168707953086,35.14398384249699,19.29452966275408,0.6640462214255873,0.588398189902628,9.996100174826687,0.1921400653754006,13.363811752232207,0.7908891019435792,2.0941076577514477,0.6033429174473199,2.9407650615437553,12.178704214360407,1975.2321407047853,P000049_HL,P000049,HL,production,thermorheo-v2.0-interface-objective-R10,3381,3264,101,states=101 nodes=3381 elems=3264
4.239647735,4.239647735,2.815150589,-3.02483906,3.756199154,-3.141654743,-7.070979532,16.60071815,186.6031812,4.673345487,40.032596166666664,1,2,0.3522842847,0.03259755415,279.1445355,4.239647735,0.5069222096,-3.02483906,-4.321233563,28.125,0.0934336017,0.04994130058,1,178.1249883,-1.4244971460000002,0.6640057771214806,False,-0.013332442000000277,0.035156117280990794,2,1,4.239647735,2.020090221,2.815150589,1.096919753,4.239647735,2.020090221,3.756199154,1.614801268,0.39259512,321.3975432,0.39259512,321.3975432,269.0269646614756,19.25707465584876,94.496975291386,2385.1501398170294,149.34050306648672,0.6185529874054351,10.058046999678162,41.65377948244265,36.73833914952137,0.4426059347344071,43.99154628003784,4.224693512474195,54.1230353385244,0.7362854637457379,4.257074655848761,0.45388064622046054,22.724609433250496,12.42383107721468,0.6957508276270938,2.112837490673587,0.39179000155794236,30.223168707953086,35.14398384249699,19.29452966275408,0.6640462214255873,0.588398189902628,9.996100174826687,0.1921400653754006,13.363811752232207,0.7908891019435792,2.0941076577514477,0.6033429174473199,2.9407650615437553,12.178704214360407,1975.2321407047853,P000049_LH,P000049,LH,production,thermorheo-v2.0-interface-objective-R10,3381,3264,101,states=101 nodes=3381 elems=3264
-12.58751287,-12.58751287,-14.841157,-19.12596586,-12.8067044,-19.20245426,-21.84872575,20.41120444,246.310928,2.179675776,7.174447291666667,1,1,0.142365871,0.026801549999999993,282.6887286,-12.58751287,-15.67798415,-19.12596586,-20.15998913,1.875,0.1058865229,0.003466365849,1,1.874996538,-2.2536441300000014,,False,-0.019589290000002535,0.10493057220800421,1,2,-12.58751287,-15.60218152,-14.841157,-16.81412655,-12.58751287,-15.60218152,-12.8067044,-15.75352409,0.1125461823,323.15,0.2001986703,322.2522849,277.45850804165144,22.372575280973646,130.14277967605466,1502.142705931621,213.34132917490854,0.34383786203718253,180.66151189348068,170.06103364183647,51.85627108898546,10.132361092328523,228.90805452039118,0.45120545169782433,45.69149195834854,0.559465919382228,7.372575280973646,0.5302593815433103,17.830149384457318,14.850098660034172,1.2310641645987697,0.9285675026329565,3.4143522786896017,68.4844143552632,121.00074572924304,37.47250836840599,0.8909023811352325,0.14848478609943622,13.201228124540538,0.2290049005186367,8.663193226646692,1.6248744470274419,2.3915530099894786,0.7672614742848447,32.91205503868645,30.980910325028688,3341.388573836385,P000050_HL,P000050,HL,production,thermorheo-v2.0-interface-objective-R10,3381,3264,135,states=135 nodes=3381 elems=3264
-12.64598308,-12.64598308,-14.89494646,-19.12589653,-12.86029762,-19.20218579,-21.85099919,20.34608271,246.310928,2.072734984,45.42867927777778,1,2,0.1466816987,0.026802040900000004,282.4668324,-12.64598308,-15.67806162,-19.12589653,-20.15642396,1.875,0.1058865229,0.003466365849,1,178.1249967,-2.2489633799999993,,False,-0.019519960000000225,0.10477925759555609,2,1,-12.64598308,-15.55430904,-14.89494646,-16.77260024,-12.64598308,-15.55430904,-12.86029762,-15.71341192,0.2095557528,322.647759,0.2095557528,322.647759,277.45850804165144,22.372575280973646,130.14277967605466,1502.142705931621,213.34132917490854,0.34383786203718253,180.66151189348068,170.06103364183647,51.85627108898546,10.132361092328523,228.90805452039118,0.45120545169782433,45.69149195834854,0.559465919382228,7.372575280973646,0.5302593815433103,17.830149384457318,14.850098660034172,1.2310641645987697,0.9285675026329565,3.4143522786896017,68.4844143552632,121.00074572924304,37.47250836840599,0.8909023811352325,0.14848478609943622,13.201228124540538,0.2290049005186367,8.663193226646692,1.6248744470274419,2.3915530099894786,0.7672614742848447,32.91205503868645,30.980910325028688,3341.388573836385,P000050_LH,P000050,LH,production,thermorheo-v2.0-interface-objective-R10,3381,3264,135,states=135 nodes=3381 elems=3264
-0.9324594937,-0.9324594937,-3.298098161,-10.05372355,-1.332891722,-10.17193315,-12.3463582,19.8425425,194.8303049,9.564642866,2.2749937802777778,1,1,7.405140347,0.04534516291,255.244268,-0.9324594937,-6.793123167,-10.05372355,-12.11929081,1.875,0.1058865229,0.003466365849,1,88.12496989,-2.3656386673,,False,0.10069149999999993,0.22330221096625363,1,2,-0.9324594937,-5.228477372,-3.298098161,-6.95855609,-0.9324594937,-5.228477372,-1.332891722,-5.538048194,7.708386969,323.15,8.006341388,320.6125153,245.6299850818327,22.960456679769976,95.86292554827385,3065.445231585042,306.24971679517876,0.30765891785204946,30.801548659852173,218.97702166147997,71.87124427188,1.392989622396344,237.67588214702317,1.8353183978006422,77.52001491816728,0.5376912178743583,7.960456679769978,0.6374018972601727,22.111829237366912,10.19368402433853,1.3136099002860209,1.4534861894023214,2.9886074882960014,29.934175893232805,16.345506575652287,30.316576564814135,0.9399440168281825,0.043547462916389786,10.799298120320868,0.21475424362259507,10.105972728081744,1.3652928071105703,1.7980502108353968,0.39105595984855485,5.554177431313365,39.48623639413613,1754.0128383088056,P000051_HL,P000051,HL,production,thermorheo-v2.0-interface-objective-R10,3381,3264,102,states=102 nodes=3381 elems=3264
-1.062377615,-1.062377615,-3.345356944,-10.05312398,-1.453331678,-10.16995636,-12.32880389,19.65097677,194.8918651,9.577243997,40.336210611111106,1,2,7.410229844,0.045198897769999996,254.7801294,-1.062377615,-6.748508417,-10.05312398,-12.09135216,1.875,0.1058865229,0.003466365849,1,88.12496989,-2.2829793290000002,,False,0.10129107000000026,0.22225204250748096,2,1,-1.062377615,-5.048117343,-3.345356944,-6.95198231,-1.062377615,-5.048117343,-1.453331678,-5.373193164,7.877301561,321.7856168,7.877301561,321.7856168,245.6299850818327,22.960456679769976,95.86292554827385,3065.4452315850426,306.24971679517876,0.30765891785204946,30.801548659852173,218.97702166147997,71.87124427188,1.392989622396344,237.67588214702317,1.8353183978006422,77.52001491816728,0.5376912178743583,7.960456679769978,0.6374018972601727,22.111829237366912,10.19368402433853,1.3136099002860209,1.4534861894023214,2.9886074882960014,29.934175893232805,16.345506575652287,30.316576564814135,0.9399440168281825,0.043547462916389786,10.799298120320868,0.21475424362259507,10.105972728081744,1.3652928071105703,1.7980502108353968,0.39105595984855485,5.554177431313365,39.48623639413613,1754.0128383088056,P000051_LH,P000051,LH,production,thermorheo-v2.0-interface-objective-R10,3381,3264,102,states=102 nodes=3381 elems=3264
4.517713138,4.517713138,4.104125131,-3.983335045,4.120825725,-4.132655501,-6.548951859,21.33901417,252.3112601,3.75034238,12.906895516666665,1,1,0.04501067922,0.04775089957,256.3174334,4.517713138,1.165812115,-3.983335045,-5.171315713,28.125,0.0934336017,0.04994130058,1,99.37465036,-0.4135880070000004,0.9084519104320341,False,-0.0048906529999999115,0.04212730029755574,1,2,4.517713138,-0.1657536256,4.104125131,-0.4243311042,4.517713138,-0.1657536256,4.120825725,-0.4378655418,2.455375556e-05,323.15,0.07483007269,321.6667059,241.80452697961658,21.53786931503973,162.05787464497948,3579.5125336799656,244.31850462896062,0.44646715780888563,201.0237259898793,215.04233345147318,56.04240060459487,8.034170990440083,206.26662274315032,3.425808438057133,81.34547302038341,0.47834101918664546,6.5378693150397265,0.3529602847886052,25.021091314720444,34.68796301904,1.3586995244525308,3.8405683590165416,0.4493497223396469,66.03049378488114,138.04553505782104,25.158918105748974,0.5625657623355437,0.5212253880393477,13.079077495217579,0.18322306211354056,9.119923364238398,0.8681564314613167,1.6591819312210916,0.7708809254647038,10.125482392329111,10.83159388398701,2870.5771941064595,P000052_HL,P000052,HL,production,thermorheo-v2.0-interface-objective-R10,3381,3264,169,states=169 nodes=3381 elems=3264
4.507977697,4.507977697,4.093195853,-3.978873854,4.114818373,-4.126144907,-6.550119808,21.32261201,252.3316264,3.705968712,78.26456744444445,1,2,0.04583410878,0.047750768750000006,255.9457383,4.507977697,1.191015811,-3.978873854,-5.147655514,28.125,0.0934336017,0.04994130058,1,99.37465036,-0.4147818440000002,0.9079893753076835,False,-0.0004294620000000471,0.04212714672253772,2,1,4.507977697,-0.1764982836,4.093195853,-0.4289792677,4.507977697,-0.1764982836,4.114818373,-0.4596345585,0.05668739207,322.4404796,0.05668739207,322.4404796,241.80452697961658,21.53786931503973,162.05787464497948,3579.5125336799656,244.31850462896062,0.44646715780888563,201.0237259898793,215.04233345147318,56.04240060459487,8.034170990440083,206.26662274315032,3.425808438057133,81.34547302038341,0.47834101918664546,6.5378693150397265,0.3529602847886052,25.021091314720444,34.68796301904,1.3586995244525308,3.8405683590165416,0.4493497223396469,66.03049378488114,138.04553505782104,25.158918105748974,0.5625657623355437,0.5212253880393477,13.079077495217579,0.18322306211354056,9.119923364238398,0.8681564314613167,1.6591819312210916,0.7708809254647038,10.125482392329111,10.83159388398701,2870.5771941064595,P000052_LH,P000052,LH,production,thermorheo-v2.0-interface-objective-R10,3381,3264,169,states=169 nodes=3381 elems=3264
8.170956394,8.170956394,6.117761759,-6.620972959,7.760425277,-6.717647605,-9.225312712,26.73116736,201.3341843,8.86703503,8.505303691666667,1,1,0.4158186627,0.03502871506,265.9238314,8.170956394,1.82602791,-6.620972959,-7.742140714,20.625,0.09915291209,0.03731851358,1,1.874999794,-2.0531946349999988,0.7487204023622405,False,-0.11005351200000035,0.17647651393292993,1,2,8.170956394,0.2838416348,6.117761759,-0.7642305775,8.170956394,0.2838416348,7.760425277,0.02600934462,0.1154209892,323.15,0.4810080409,321.622567,257.50783665570515,21.64395540479967,161.41418903313544,3852.3769740573716,347.81734877123716,0.4272779640692345,350.9682455210768,113.14059396559931,82.04791073729074,10.011284478975588,77.45539513147976,0.943471692646709,65.64216334429484,0.49704434255071694,6.643955404799669,0.42115717007291253,35.05726425596387,23.168353588990975,2.662426314416721,0.8967342260618084,3.8341190747845637,53.34474770169054,36.199290886089315,28.013099675785313,0.5756039552905233,0.009077726045069586,14.896084444366888,0.23257338936683628,13.701824301969417,1.1669919992069386,2.1344445610254628,0.6325606222889548,24.556490427388542,7.9162030984892775,3371.689485012714,P000053_HL,P000053,HL,production,thermorheo-v2.0-interface-objective-R10,3381,3264,167,states=167 nodes=3381 elems=3264
7.923809332,7.923809332,5.898083822,-6.605548689,7.524346743,-6.701272518,-9.22859064,26.46203748,201.4240272,8.388691175,74.12420113888889,1,2,0.4451659748,0.035023479690000005,265.617015,7.923809332,1.741943492,-6.605548689,-7.699721271,20.625,0.09915291209,0.03731851358,1,1.874999794,-2.02572551,0.7443495388235574,False,-0.09462924199999989,0.17558477922777638,2,1,7.923809332,0.4049512237,5.898083822,-0.6736330988,7.923809332,0.4049512237,7.524346743,0.1321272917,0.5688920701,322.3907981,0.5688920701,322.3907981,257.50783665570515,21.64395540479967,161.41418903313544,3852.376974057371,347.81734877123716,0.4272779640692345,350.9682455210768,113.14059396559931,82.04791073729074,10.011284478975588,77.45539513147976,0.943471692646709,65.64216334429484,0.49704434255071694,6.643955404799669,0.42115717007291253,35.05726425596387,23.168353588990975,2.662426314416721,0.8967342260618084,3.8341190747845637,53.34474770169054,36.199290886089315,28.013099675785313,0.5756039552905233,0.009077726045069586,14.896084444366888,0.23257338936683628,13.701824301969417,1.1669919992069386,2.1344445610254628,0.6325606222889548,24.556490427388542,7.9162030984892775,3371.689485012714,P000053_LH,P000053,LH,production,thermorheo-v2.0-interface-objective-R10,3381,3264,167,states=167 nodes=3381 elems=3264
2.637707784,2.637707784,1.884588456,-6.039580873,2.234183827,-6.174570839,-10.00649587,19.52199744,153.522386,5.915823169,6.278448427777778,1,1,0.2209901823,0.028284562489999998,279.6308956,2.637707784,0.2799668222,-6.039580873,-7.107293091,20.625,0.09915291209,0.03731851358,1,91.87453373,-0.7531193279999999,0.7144796203096013,False,-0.06380254300000043,0.09757251022172919,1,2,2.637707784,-0.07725274987,1.884588456,-0.6945403924,2.637707784,-0.07725274987,2.234183827,-0.4116695391,4.146743201e-08,323.15,0.2037593189,322.6167767,271.62222541175095,19.11744978495313,106.64954523410394,1338.629775410443,92.19123489227277,0.3578357270839329,168.17219464932342,43.85708027695072,30.959183895346772,15.18032216925554,95.01184559960572,1.3003198623943513,51.52777458824904,0.6858435719780555,4.1174497849531315,0.7643457084538823,11.078302079116598,28.58585117954137,1.66248922880299,1.5618424508080846,3.877163627400342,41.704099282306544,144.32220567048196,22.743982976834396,0.6823554820132626,0.6771646590908267,15.377022145331297,0.21236067752893162,10.896043722104046,1.4659068272957798,2.245414753124459,0.6022181769459438,21.98370724485024,5.733059590694109,3465.9767862728554,P000054_HL,P000054,HL,production,thermorheo-v2.0-interface-objective-R10,3381,3264,112,states=112 nodes=3381 elems=3264
2.562555756,2.562555756,1.812315086,-6.033655645,2.163405775,-6.168468822,-10.01630347,19.43022896,153.5461105,5.754125442,53.044097,1,2,0.2331051336,0.028282597629999996,279.3950096,2.562555756,0.2200658205,-6.033655645,-7.101205724,20.625,0.09915291209,0.03731851358,1,91.87453373,-0.7502406700000002,0.7072295233992949,False,-0.05787731499999982,0.09749509577210828,2,1,2.562555756,-0.0219248837,1.812315086,-0.6424183074,2.562555756,-0.0219248837,2.163405775,-0.3611629056,0.1882361966,322.7842922,0.1882361966,322.7842922,271.62222541175095,19.11744978495313,106.64954523410394,1338.629775410443,92.19123489227277,0.3578357270839329,168.17219464932342,43.85708027695072,30.959183895346772,15.18032216925554,95.01184559960572,1.3003198623943513,51.52777458824904,0.6858435719780555,4.1174497849531315,0.7643457084538823,11.078302079116598,28.58585117954137,1.66248922880299,1.5618424508080846,3.877163627400342,41.704099282306544,144.32220567048196,22.743982976834396,0.6823554820132626,0.6771646590908267,15.377022145331297,0.21236067752893162,10.896043722104046,1.4659068272957798,2.245414753124459,0.6022181769459438,21.98370724485024,5.733059590694109,3465.9767862728554,P000054_LH,P000054,LH,production,thermorheo-v2.0-interface-objective-R10,3381,3264,112,states=112 nodes=3381 elems=3264
3.456088742,3.456088742,2.387784,-7.825403044,2.935161914,-7.964062467,-10.21242808,24.35610543,249.856763,3.804160402,2.8727120555555556,1,1,0.05462340131,0.0544759202,247.9261907,3.456088742,-1.29520963,-7.825403044,-9.16448645,31.875,0.08996723585,0.05594522235,1,178.1249921,-1.068304742,0.6908919817314112,False,-0.0017952469999995557,0.17837118205427396,1,2,3.456088742,-3.556262676,2.387784,-4.15287307,3.456088742,-3.556262676,2.935161914,-3.854566319,6.646819765e-06,323.15,0.02486491853,321.4751769,232.18977912470748,23.456787638862124,106.29802866676381,3176.493773045411,324.2917059032664,0.4898019987798423,20.196225713967724,62.859560541128424,47.43422523696129,0.8692763241610255,64.93371008953882,9.965578939836798,90.96022087529249,0.3651933446204097,8.456787638862124,0.5838491947910719,23.233378331636878,28.42879176073325,0.9365971945317306,1.019076563305874,1.718704997992928,24.05372273109572,124.23702235388595,36.200606901997816,0.645843359312076,0.37777664020587803,8.527294223436487,0.2042636785220219,13.502412537526512,0.9128396497371903,1.9139101855224254,0.7979820477421264,2.8526984666280533,8.878855609371257,1614.4986907360712,P000055_HL,P000055,HL,production,thermorheo-v2.0-interface-objective-R10,3381,3264,113,states=113 nodes=3381 elems=3264
3.450205354,3.450205354,2.377030219,-7.8031652,2.935373998,-7.932734057,-10.20614585,24.33813612,249.9060348,3.772276597,58.209260916666665,1,2,0.05385493574,0.05447364169999999,247.6048965,3.450205354,-1.259544421,-7.8031652,-9.030684288,31.875,0.08996723585,0.05594522235,1,178.1249921,-1.073175135,0.6889532578819365,False,0.020442597000000617,0.17857779374970528,2,1,3.450205354,-3.577932652,2.377030219,-4.158588161,3.450205354,-3.577932652,2.935373998,-3.893105393,0.03226374851,322.5383657,0.03226374851,322.5383657,232.18977912470748,23.456787638862124,106.29802866676381,3176.493773045411,324.2917059032664,0.4898019987798423,20.196225713967724,62.859560541128424,47.43422523696129,0.8692763241610255,64.93371008953882,9.965578939836798,90.96022087529249,0.3651933446204097,8.456787638862124,0.5838491947910719,23.233378331636878,28.42879176073325,0.9365971945317306,1.019076563305874,1.718704997992928,24.05372273109572,124.23702235388595,36.200606901997816,0.645843359312076,0.37777664020587803,8.527294223436487,0.2042636785220219,13.502412537526512,0.9128396497371903,1.9139101855224254,0.7979820477421264,2.8526984666280533,8.878855609371257,1614.4986907360712,P000055_LH,P000055,LH,production,thermorheo-v2.0-interface-objective-R10,3381,3264,113,states=113 nodes=3381 elems=3264
-9.63923458,-9.63923458,-10.71112383,-19.62752244,-9.914205155,-19.65975848,-19.13336843,22.05666779,274.0317843,4.089015179,2.168189566388889,1,1,0.04438007973,0.030828910400000006,277.4002275,-9.63923458,-13.30756613,-19.62752244,-20.08735571,155.625,-0.09649987052,0.0437235225,1,91.8746904,-1.07188925,,False,-0.013001679999998572,0.05196923127230929,1,2,-9.63923458,-15.43858152,-10.71112383,-15.89183654,-9.63923458,-15.43858152,-9.914205155,-15.59230208,2.378428608e-06,323.15,0.02536407198,321.9692831,266.6935186479921,18.12502746313739,167.28007624208868,1896.3287933847448,94.37458912618814,0.5329324109737937,19.262890860847687,87.33122091283906,38.5737699186213,0.9370380901142965,101.95688409511999,10.656508597407226,56.456481352007884,0.43571340740538533,3.125027463137388,0.4105523826396249,20.55721220307925,23.59219461310824,1.1892746994992613,0.5158423616283934,3.4555886737236032,92.25204575311942,160.111294444583,38.79681376605648,0.7667765598998325,0.4490817797333155,15.074955412926442,0.2726299819099185,11.476713195165718,0.8465867228299546,1.9313015598884813,0.7726012911274489,2.2138765616769005,10.036943285316093,3302.529826227489,P000056_HL,P000056,HL,production,thermorheo-v2.0-interface-objective-R10,3381,3264,174,states=174 nodes=3381 elems=3264
-9.646679176,-9.646679176,-10.72007101,-19.62683004,-9.917318273,-19.6586034,-19.1321193,22.04591653,274.0317843,4.061397624,51.478302111111105,1,2,0.04342105794,0.03082568079999999,277.130946,-9.646679176,-13.2617842,-19.62683004,-20.07581895,155.625,-0.09649987052,0.0437235225,1,91.8746904,-1.0733918340000006,,False,-0.0123092800000002,0.051876668427297115,2,1,-9.646679176,-15.4408721,-10.72007101,-15.88844074,-9.646679176,-15.4408721,-9.917318273,-15.60416093,0.0278672658,322.6355459,0.0278672658,322.6355459,266.6935186479921,18.12502746313739,167.28007624208868,1896.3287933847446,94.37458912618814,0.5329324109737937,19.262890860847687,87.33122091283906,38.5737699186213,0.9370380901142965,101.95688409511999,10.656508597407226,56.456481352007884,0.43571340740538533,3.125027463137388,0.4105523826396249,20.55721220307925,23.59219461310824,1.1892746994992613,0.5158423616283934,3.4555886737236032,92.25204575311942,160.111294444583,38.79681376605648,0.7667765598998325,0.4490817797333155,15.074955412926442,0.2726299819099185,11.476713195165718,0.8465867228299546,1.9313015598884813,0.7726012911274489,2.2138765616769005,10.036943285316093,3302.529826227489,P000056_LH,P000056,LH,production,thermorheo-v2.0-interface-objective-R10,3381,3264,174,states=174 nodes=3381 elems=3264
5.785576167,5.785576167,2.524878593,-7.249450369,5.075052019,-7.355943281,-10.11521554,24.28181701,186.6875506,8.119698986,2.38366902,1,1,4.125783421,0.04665411779999999,270.6029447,5.785576167,-2.614666032,-7.249450369,-8.769919835,1.875,0.1058865229,0.003466365849,1,178.1249968,-3.2606975740000004,0.43640918728224565,False,0.11402643200000018,0.21776167151911058,1,2,5.785576167,-1.315831757,2.524878593,-3.74672747,5.785576167,-1.315831757,5.075052019,-1.661132862,4.614566156,323.15,4.49949317,321.8622757,258.30324180023285,23.472365869250858,110.66511202196975,1339.760340396111,203.04740451642874,0.5268911832208841,13.815101091293855,129.6740941875931,22.0549753678767,1.188848622172887,267.81626949412197,6.290520306659903,64.84675819976712,0.3857455965159407,8.47236586925086,0.7974695009626489,11.620572067488009,17.332244572997897,2.3836690200363497,1.0413913839146731,2.11087273411197,59.01985703786987,14.579413207666178,24.91056464075843,0.8137176858473816,0.14484867082426742,13.513759341177368,0.1838237687425269,13.925962908215052,0.9084501138371309,2.0489365985213466,0.48572573307148714,2.755295862354644,25.8623149268754,2075.2706863519097,P000057_HL,P000057,HL,production,thermorheo-v2.0-interface-objective-R10,3381,3264,119,states=119 nodes=3381 elems=3264
5.819370006,5.819370006,2.555921898,-7.247591041,5.115041535,-7.352883084,-10.07330661,24.26716775,186.9126265,8.129575399,36.872418805555554,1,2,4.124795184,0.04616652878,270.3394464,5.819370006,-2.520260801,-7.247591041,-8.748263128,1.875,0.1058865229,0.003466365849,1,178.1249968,-3.263448108,0.4392093809750443,False,0.11588576000000028,0.21725040991058472,2,1,5.819370006,-1.354354036,2.555921898,-3.779220267,5.819370006,-1.354354036,5.115041535,-1.714631519,4.460525254,322.653266,4.460525254,322.653266,258.30324180023285,23.472365869250858,110.66511202196975,1339.7603403961107,203.04740451642874,0.5268911832208841,13.815101091293855,129.6740941875931,22.0549753678767,1.188848622172887,267.81626949412197,6.290520306659903,64.84675819976712,0.3857455965159407,8.47236586925086,0.7974695009626489,11.620572067488009,17.332244572997897,2.3836690200363497,1.0413913839146731,2.11087273411197,59.01985703786987,14.579413207666178,24.91056464075843,0.8137176858473816,0.14484867082426742,13.513759341177368,0.1838237687425269,13.925962908215052,0.9084501138371309,2.0489365985213466,0.48572573307148714,2.755295862354644,25.8623149268754,2075.2706863519097,P000057_LH,P000057,LH,production,thermorheo-v2.0-interface-objective-R10,3381,3264,119,states=119 nodes=3381 elems=3264
16.57916991,16.57916991,14.98028672,-5.927043321,15.7921858,-6.014448289,-3.981468923,30.09050936,274.2036627,10.88805614,2.2393587766666667,1,1,0.2694221587,0.048124260880000005,247.6679669,16.57916991,5.634996299,-5.927043321,-7.051406995,1.875,0.1058865229,0.003466365849,1,178.1249974,-1.5988831900000005,0.9035607211531376,False,-0.08712515800000009,0.24838912648721534,1,2,16.57916991,7.288728402,14.98028672,5.64768419,16.57916991,7.288728402,15.7921858,6.724550564,0.0002706800404,323.15,0.3286453107,321.8090332,234.30300309043415,22.520892644513058,158.5114038430117,4058.252164633525,313.91520918026515,0.5549621558715335,80.63400438573395,36.04550437890058,43.46801216133731,3.34260516135614,35.861561850523266,3.6282735652659306,88.84699690956583,0.5944147956229991,7.520892644513058,0.5947752286834519,24.123101740505792,34.61402831880668,0.3095106374578017,3.789078400889117,1.1622151266023661,65.12956371329483,46.53556573299208,19.788327320558427,0.7023339324910067,0.11895491675271724,17.85206672066776,0.20046318941130395,13.549349262609244,1.027097357100579,2.439953137825646,0.6938398700186864,9.540082272233429,4.264665756568848,1818.9418139883496,P000058_HL,P000058,HL,production,thermorheo-v2.0-interface-objective-R10,3381,3264,166,states=166 nodes=3381 elems=3264
16.46349674,16.46349674,14.86945763,-5.918197568,15.68505459,-6.003650554,-3.97985126,29.95697594,274.2726685,10.65146822,66.237293,1,2,0.2810102118,0.04812299427,247.2405541,16.46349674,5.690980112,-5.918197568,-7.004934403,1.875,0.1058865229,0.003466365849,1,178.1249974,-1.5940391100000006,0.9031773665598575,False,-0.07827940499999997,0.24760335328556088,2,1,16.46349674,7.355806174,14.86945763,5.70526674,16.46349674,7.355806174,15.68505459,6.780146998,0.2761634791,322.3529095,0.2761634791,322.3529095,234.30300309043415,22.520892644513058,158.5114038430117,4058.2521646335244,313.91520918026515,0.5549621558715335,80.63400438573395,36.04550437890058,43.46801216133731,3.34260516135614,35.861561850523266,3.6282735652659306,88.84699690956583,0.5944147956229991,7.520892644513058,0.5947752286834519,24.123101740505792,34.61402831880668,0.3095106374578017,3.789078400889117,1.1622151266023661,65.12956371329483,46.53556573299208,19.788327320558427,0.7023339324910067,0.11895491675271724,17.85206672066776,0.20046318941130395,13.549349262609244,1.027097357100579,2.439953137825646,0.6938398700186864,9.540082272233429,4.264665756568848,1818.9418139883496,P000058_LH,P000058,LH,production,thermorheo-v2.0-interface-objective-R10,3381,3264,166,states=166 nodes=3381 elems=3264
13.32471741,13.32471741,12.09602273,-6.821171202,12.62257299,-6.938074487,-4.498599644,27.92681105,253.1150975,10.31070625,6.619722369444445,1,1,0.2356958649,0.04854544341,246.8248346,13.32471741,8.02303664,-6.821171202,-7.764845672,1.875,0.1058865229,0.003466365849,1,91.87456607,-1.2286946800000003,0.9077883123376498,False,-0.03763904300000043,0.1186203696537004,1,2,13.32471741,3.166961767,12.09602273,1.586953488,13.32471741,3.166961767,12.62257299,2.58607509,5.230505262e-21,323.15,0.173328572,320.5411664,233.5165237133596,19.636839437530263,100.58401067098748,3393.88062217766,164.95350533175673,0.38316124942699264,181.83480706891066,127.97394314165268,57.15509824929852,8.303103732620626,140.24785799012997,5.325531192932923,89.63347628664039,0.5043312528257823,4.636839437530264,0.5056589429744498,21.89961885632374,15.608728088758175,1.6425362648043662,1.812694111572241,1.272794718175477,31.71999468047766,122.77577132952727,20.405148558568932,0.7793816450374702,0.6300427269603287,17.529640914329644,0.18737675777706397,13.387281692661798,1.2603747863592796,2.0672252085561476,0.6906998521662271,2.93092416949341,2.062761959964568,3475.106885489235,P000059_HL,P000059,HL,production,thermorheo-v2.0-interface-objective-R10,3381,3264,105,states=105 nodes=3381 elems=3264
13.27140757,13.27140757,12.03164664,-6.801066193,12.55733088,-6.909938751,-4.480482156,27.84371954,253.2114763,10.16140501,48.856094416666664,1,2,0.2294481896,0.04854269358999999,246.3036686,13.27140757,8.009470771,-6.801066193,-7.700078374,1.875,0.1058865229,0.003466365849,1,91.87456607,-1.2397609299999992,0.9065840662747426,False,-0.017534033999999643,0.11846581231541363,2,1,13.27140757,3.129556257,12.03164664,1.583312484,13.27140757,3.129556257,12.55733088,2.580160967,0.195460084,321.8342837,0.195460084,321.8342837,233.5165237133596,19.636839437530263,100.58401067098748,3393.88062217766,164.95350533175673,0.38316124942699264,181.83480706891066,127.97394314165268,57.15509824929852,8.303103732620626,140.24785799012997,5.325531192932923,89.63347628664039,0.5043312528257823,4.636839437530264,0.5056589429744498,21.89961885632374,15.608728088758175,1.6425362648043662,1.812694111572241,1.272794718175477,31.71999468047766,122.77577132952727,20.405148558568932,0.7793816450374702,0.6300427269603287,17.529640914329644,0.18737675777706397,13.387281692661798,1.2603747863592796,2.0672252085561476,0.6906998521662271,2.93092416949341,2.062761959964568,3475.106885489235,P000059_LH,P000059,LH,production,thermorheo-v2.0-interface-objective-R10,3381,3264,105,states=105 nodes=3381 elems=3264
7.012754917,7.012754917,5.86493389,-4.804611189,6.602023466,-4.907413533,-3.977180129,17.73577896,268.4470898,10.89030119,5.719092338888889,1,1,0.3488116009,0.04501850806,252.2561995,7.012754917,3.48397606,-4.804611189,-5.994592837,20.625,0.09915291209,0.03731851358,1,88.1246595,-1.147821027,0.8363238070365892,False,-0.11921198200000038,0.1653470780915322,1,2,7.012754917,0.714659933,5.86493389,-0.204502978,7.012754917,0.714659933,6.602023466,0.4475164854,3.828430963e-05,323.15,0.6284371703,321.8755822,242.59715757815417,21.512556754283025,140.3370970300206,2744.6536709517964,214.4730182625495,0.2363969306346827,137.6751103993634,33.80259240449942,79.44832119365853,7.33042028520584,43.19512074518879,1.0626969422103563,80.55284242184581,0.4737730482873016,6.512556754283024,0.5799989416770671,18.781339274259288,21.962034313134975,2.7536177158886965,1.3700990077018653,3.182253850176106,66.20044302083372,92.20149753267465,19.623570658234005,0.6601705801798565,0.49077138882557075,12.460928596365365,0.2550410430625419,10.231606069936014,1.6343976715309592,1.6538879129025048,0.4529630395828518,20.666319287091433,5.074084671778312,1845.5973766926436,P000060_HL,P000060,HL,production,thermorheo-v2.0-interface-objective-R10,3381,3264,146,states=146 nodes=3381 elems=3264
6.732171608,6.732171608,5.608794922,-4.802690012,6.333271421,-4.905852362,-4.034961466,17.43088164,268.3474785,10.35237569,53.7684365,1,2,0.3923862665,0.04501609333000001,251.9614784,6.732171608,3.291059755,-4.802690012,-5.995882654,20.625,0.09915291209,0.03731851358,1,88.1246595,-1.1233766859999994,0.8331330881902855,False,-0.11729080500000055,0.16345030891956,2,1,6.732171608,0.9343116704,5.608794922,-0.03929442531,6.732171608,0.9343116704,6.333271421,0.6564557091,0.5704126862,322.5462152,0.5704126862,322.5462152,242.59715757815417,21.512556754283025,140.3370970300206,2744.653670951797,214.4730182625495,0.2363969306346827,137.6751103993634,33.80259240449942,79.44832119365853,7.33042028520584,43.19512074518879,1.0626969422103563,80.55284242184581,0.4737730482873016,6.512556754283024,0.5799989416770671,18.781339274259288,21.962034313134975,2.7536177158886965,1.3700990077018653,3.182253850176106,66.20044302083372,92.20149753267465,19.623570658234005,0.6601705801798565,0.49077138882557075,12.460928596365365,0.2550410430625419,10.231606069936014,1.6343976715309592,1.6538879129025048,0.4529630395828518,20.666319287091433,5.074084671778312,1845.5973766926436,P000060_LH,P000060,LH,production,thermorheo-v2.0-interface-objective-R10,3381,3264,146,states=146 nodes=3381 elems=3264
5.50611777,5.50611777,3.952447855,-8.008089994,4.878479289,-8.131859463,-11.72771902,27.59775727,200.8201299,13.23884666,2.842690663888889,1,1,1.633484312,0.03556665779000001,268.8581212,5.50611777,-1.007590226,-8.008089994,-9.186614154,28.125,0.0934336017,0.04994130058,1,1.874994388,-1.5536699150000004,0.717828426506758,False,-0.0770600340000005,0.20882893710994718,1,2,5.50611777,-1.155462245,3.952447855,-2.282520263,5.50611777,-1.155462245,4.878479289,-1.539182955,2.005494658,323.15,2.632134105,321.5620647,257.8924119580917,22.63896369488603,142.74533857770786,2174.039511269417,244.85636087278482,0.4956112055214737,64.80805874443527,34.201493433258,33.14049107829455,3.9457444678928852,49.97539730302387,0.9013531336610153,65.25758804190826,0.5279750276818749,7.638963694886028,0.6879025692965459,16.424798734887208,17.560384707350977,1.8765260335503584,3.2542792688711963,2.371709901231691,77.33032599327598,29.285446133370275,34.44374728434545,0.5983832926134888,0.23662207986196207,17.632274890040826,0.24161884839679956,11.061017510062658,0.971902820839748,2.0619136067419603,0.3743873059365599,19.482247358508836,10.281467582985758,1534.9334287192985,P000061_HL,P000061,HL,production,thermorheo-v2.0-interface-objective-R10,3381,3264,149,states=149 nodes=3381 elems=3264
5.020508592,5.020508592,3.560788756,-8.012187861,4.411941948,-8.135998568,-11.69664262,27.0263794,200.8201299,12.3867347,44.330389305555556,1,2,1.645839045,0.03552507342000001,268.4712739,5.020508592,-1.197920772,-8.012187861,-9.189116334,28.125,0.0934336017,0.04994130058,1,1.874994388,-1.4597198359999997,0.7092486131134182,False,-0.0811579009999992,0.20571574818762325,2,1,5.020508592,-0.6397998521,3.560788756,-1.949191719,5.020508592,-0.6397998521,4.411941948,-1.055879069,2.462376675,322.3116098,2.462376675,322.3116098,257.8924119580917,22.63896369488603,142.74533857770786,2174.0395112694173,244.85636087278488,0.4956112055214737,64.80805874443527,34.201493433258,33.14049107829455,3.9457444678928852,49.97539730302387,0.9013531336610153,65.25758804190826,0.5279750276818749,7.638963694886028,0.6879025692965459,16.424798734887208,17.560384707350977,1.8765260335503584,3.2542792688711963,2.371709901231691,77.33032599327598,29.285446133370275,34.44374728434545,0.5983832926134888,0.23662207986196207,17.632274890040826,0.24161884839679956,11.061017510062658,0.971902820839748,2.0619136067419603,0.3743873059365599,19.482247358508836,10.281467582985758,1534.9334287192985,P000061_LH,P000061,LH,production,thermorheo-v2.0-interface-objective-R10,3381,3264,149,states=149 nodes=3381 elems=3264
4.637717106,4.637717106,2.873053835,-6.21494598,4.242546359,-6.323359808,-8.334744391,20.50385861,184.0540519,7.411150212,3.410644544444444,1,1,0.2641734096,0.03212794962,271.0576153,4.637717106,-0.9104299112,-6.21494598,-8.00585164,1.875,0.1058865229,0.003466365849,1,1.874997469,-1.7646632710000003,0.6194974314588992,False,-0.1463512180000004,0.15930708366140767,1,2,4.637717106,-0.3483197138,2.873053835,-1.5267481,4.637717106,-0.3483197138,4.242546359,-0.6155259919,0.002134191113,323.15,0.8041074467,321.712191,265.499462420654,23.78788881521558,183.20182855760459,3644.9547000614175,539.757200269594,0.25827177405758156,114.47192545042859,57.10436108483102,139.243942173109,3.1830666466865716,38.10897453172,0.6388490194574891,57.650537579345965,0.5711178824373576,8.787888815215581,0.5943087624832688,35.962779971820154,17.997826020969132,2.411678435469272,2.7125505816160573,0.7217429925901688,81.58649857364418,143.19032964576658,18.297935853377354,0.9099989687045118,0.10942405664436537,15.226833201983293,0.20578865518261472,10.39759321804316,1.643983872691225,1.8175275538160005,0.5325554256801892,28.172268365149712,14.053746182499005,2086.4588548656197,P000062_HL,P000062,HL,production,thermorheo-v2.0-interface-objective-R10,3381,3264,187,states=187 nodes=3381 elems=3264
4.195354915,4.195354915,2.526760621,-6.221460673,3.820031989,-6.329798036,-8.378336354,20.01509959,184.2072221,6.674288004,64.21618866666667,1,2,0.294516133,0.03212622997,270.7877751,4.195354915,-1.104765181,-6.221460673,-8.008939568,1.875,0.1058865229,0.003466365849,1,1.874997469,-1.668594294,0.6022757721798133,False,-0.15286591100000013,0.1576867847716977,2,1,4.195354915,0.09461563819,2.526760621,-1.254988214,4.195354915,0.09461563819,3.820031989,-0.195600411,0.7691921091,322.3288416,0.7691921091,322.3288416,265.499462420654,23.78788881521558,183.20182855760459,3644.954700061417,539.757200269594,0.25827177405758156,114.47192545042859,57.10436108483102,139.243942173109,3.1830666466865716,38.10897453172,0.6388490194574891,57.650537579345965,0.5711178824373576,8.787888815215581,0.5943087624832688,35.962779971820154,17.997826020969132,2.411678435469272,2.7125505816160573,0.7217429925901688,81.58649857364418,143.19032964576658,18.297935853377354,0.9099989687045118,0.10942405664436537,15.226833201983293,0.20578865518261472,10.39759321804316,1.643983872691225,1.8175275538160005,0.5325554256801892,28.172268365149712,14.053746182499005,2086.4588548656197,P000062_LH,P000062,LH,production,thermorheo-v2.0-interface-objective-R10,3381,3264,187,states=187 nodes=3381 elems=3264
4.844726356,4.844726356,2.24884905,-8.359800474,4.311181472,-8.44718873,-10.81490168,25.46800654,187.7048335,10.41203434,2.963422913888889,1,1,0.1715694963,0.03241537699,272.2180013,4.844726356,-2.026774485,-8.359800474,-9.232348539,155.625,-0.09649987052,0.0437235225,1,1.874998352,-2.5958773059999998,0.4641849476627076,False,-0.05227743100000026,0.15698497987077825,1,2,4.844726356,0.4033872827,2.24884905,-1.001182171,4.844726356,0.4033872827,4.311181472,0.0476916929,0.03778785366,323.15,1.641911414,319.8753827,262.42260109523187,20.72919889801425,158.1341573813326,3423.2497745754426,260.37770052326096,0.43283787161999254,25.494305673571823,70.9169807810206,63.05493324954439,0.9341118156428356,62.36158664648462,1.004747258545,60.72739890476812,0.7416652448036937,5.72919889801425,0.5331718269808504,27.292563102873494,7.40129589309676,2.963422914904116,1.7370281531605385,3.7094233758994983,79.32798639456058,139.42558251813566,30.97071646587274,0.5554031507859455,0.07175225320296136,16.873376654174038,0.27621310771289986,11.993958303214914,0.9058973793470828,1.6784590926251983,0.5348642442948045,7.366326038863511,20.490756203113566,1733.7243451533518,P000063_HL,P000063,HL,production,thermorheo-v2.0-interface-objective-R10,3381,3264,163,states=163 nodes=3381 elems=3264
4.353303509,4.353303509,2.065719303,-8.359071703,3.869206976,-8.446166177,-10.81056785,24.92821356,187.7048335,9.299082278,46.06715636111111,1,2,0.1719573544,0.03240709871,271.5477716,4.353303509,-1.936268276,-8.359071703,-9.220928374,24.375,0.09649987052,0.0437235225,1,1.874998352,-2.287584206,0.474517639013531,False,-0.05154865999999991,0.15664572744106314,2,1,4.353303509,0.9480470885,2.065719303,-0.8684183539,4.353303509,0.9480470885,3.869206976,0.5393354525,1.399727844,320.7213301,1.399727844,320.7213301,262.42260109523187,20.72919889801425,158.1341573813326,3423.249774575443,260.37770052326096,0.43283787161999254,25.494305673571823,70.9169807810206,63.05493324954439,0.9341118156428356,62.36158664648462,1.004747258545,60.72739890476812,0.7416652448036937,5.72919889801425,0.5331718269808504,27.292563102873494,7.40129589309676,2.963422914904116,1.7370281531605385,3.7094233758994983,79.32798639456058,139.42558251813566,30.97071646587274,0.5554031507859455,0.07175225320296136,16.873376654174038,0.27621310771289986,11.993958303214914,0.9058973793470828,1.6784590926251983,0.5348642442948045,7.366326038863511,20.490756203113566,1733.7243451533518,P000063_LH,P000063,LH,production,thermorheo-v2.0-interface-objective-R10,3381,3264,163,states=163 nodes=3381 elems=3264
-2.906265151,-2.906265151,-4.444002758,-13.16885771,-3.48442103,-13.35602173,-17.53481279,26.4722592,238.1326805,10.69616662,6.123248544444444,1,1,0.5888333196,0.03570709470000001,268.4145294,-2.906265151,-7.580249037,-13.16885771,-15.52384054,1.875,0.1058865229,0.003466365849,1,91.87457753,-1.537737607,,False,-0.08822069999999904,0.07915532615063404,1,2,-2.906265151,-6.569075307,-4.444002758,-7.567782378,-2.906265151,-6.569075307,-3.48442103,-7.042922763,0.4248434742,323.15,0.666784266,322.060207,258.8949453844428,20.80142263547939,155.96292107017373,3356.645713150437,244.2448847658766,0.39184239250009795,297.8887017746936,43.34829671652005,69.25088329132869,10.977850069321384,38.33950862421115,1.690372283850905,64.25505461555719,0.7260517268246833,5.801422635479392,0.44392031182599617,27.135431791619297,33.3077227159345,2.2467582876081975,1.7970373266289268,0.4188223521181721,59.45909883829006,17.361776384055673,39.993769024310076,0.9215111995461875,0.6133429436358742,17.48779126620103,0.1842690589471882,9.690737936289015,1.1810007017084665,1.9809252149896108,0.37811339254203175,19.704371063192564,2.867349175618333,3536.1519782379123,P000064_HL,P000064,HL,production,thermorheo-v2.0-interface-objective-R10,3381,3264,163,states=163 nodes=3381 elems=3264
-3.058224745,-3.058224745,-4.592464269,-13.15672178,-3.635037315,-13.34487154,-17.56620525,26.26019372,238.1326805,10.42619858,71.02902102777779,1,2,0.6073664776,0.03570676049999999,268.0174052,-3.058224745,-7.729425819,-13.15672178,-15.5216045,1.875,0.1058865229,0.003466365849,1,91.87457753,-1.5342395239999997,,False,-0.07608476999999958,0.07879451412160768,2,1,-3.058224745,-6.46901671,-4.592464269,-7.474447806,-3.058224745,-6.46901671,-3.635037315,-6.942542827,0.6794224111,322.3587539,0.6794224111,322.3587539,258.8949453844428,20.80142263547939,155.96292107017373,3356.645713150437,244.2448847658766,0.39184239250009795,297.8887017746936,43.34829671652005,69.25088329132869,10.977850069321384,38.33950862421115,1.690372283850905,64.25505461555719,0.7260517268246833,5.801422635479392,0.44392031182599617,27.135431791619297,33.3077227159345,2.2467582876081975,1.7970373266289268,0.4188223521181721,59.45909883829006,17.361776384055673,39.993769024310076,0.9215111995461875,0.6133429436358742,17.48779126620103,0.1842690589471882,9.690737936289015,1.1810007017084665,1.9809252149896108,0.37811339254203175,19.704371063192564,2.867349175618333,3536.1519782379123,P000064_LH,P000064,LH,production,thermorheo-v2.0-interface-objective-R10,3381,3264,163,states=163 nodes=3381 elems=3264
-0.4660265116,-0.4660265116,-1.661179932,-12.55377717,-0.9173309183,-12.67140593,-12.49458136,23.98985032,217.9991945,4.288994683,4.605701111111111,1,1,0.04920791839,0.048774011079999985,248.1252118,-0.4660265116,-4.298200205,-12.55377717,-13.60764742,9.375,0.1045281975,0.01725767525,1,178.1249898,-1.1951534204,,False,-0.004634120000000408,0.012891600373943823,1,2,-0.4660265116,-4.026790197,-1.661179932,-5.023748406,-0.4660265116,-4.026790197,-0.9173309183,-4.439418963,0.04311819556,323.15,0.04839210719,320.6385128,237.60056089144322,21.133761115671774,178.36841985339169,4896.625778936404,318.07715004302645,0.4274585610376902,38.59115972463277,444.31878945399757,70.18499067922069,1.2863216046526729,355.4411086721419,6.516292042933189,85.54943910855675,0.7287341117592014,6.133761115671772,0.6274463132005117,30.001175122183376,16.77423393299084,1.7023615829516856,2.023089963820344,0.4679442013043644,93.20504417988133,134.66537754291812,31.341891122846725,0.8213310343962184,0.50117814126796,13.843748288400544,0.18218334682256002,10.942448241785794,1.411606814294502,2.5829397185749956,0.7910072206011469,2.5741992259512396,29.638007565706975,2429.9675270082726,P000065_HL,P000065,HL,production,thermorheo-v2.0-interface-objective-R10,3381,3264,186,states=186 nodes=3381 elems=3264
-0.4443483679,-0.4443483679,-1.657277005,-12.55280978,-0.9062576344,-12.66968737,-12.47720778,23.99202772,217.989575,4.27773329,55.574505916666666,1,2,0.04912594464,0.048773187169999996,247.4872784,-0.4443483679,-4.200617591,-12.55280978,-13.60065701,9.375,0.1045281975,0.01725767525,1,178.1249898,-1.2129286371,,False,-0.0036667300000008396,0.012811596783204648,2,1,-0.4443483679,-4.064463254,-1.657277005,-5.032936622,-0.4443483679,-4.064463254,-0.9062576344,-4.471491085,0.05214557101,321.3197936,0.05214557101,321.3197936,237.60056089144322,21.133761115671774,178.36841985339169,4896.6257789364045,318.0771500430265,0.4274585610376902,38.59115972463277,444.31878945399757,70.18499067922069,1.2863216046526729,355.4411086721419,6.516292042933189,85.54943910855675,0.7287341117592014,6.133761115671772,0.6274463132005117,30.001175122183376,16.77423393299084,1.7023615829516856,2.023089963820344,0.4679442013043644,93.20504417988133,134.66537754291812,31.341891122846725,0.8213310343962184,0.50117814126796,13.843748288400544,0.18218334682256002,10.942448241785794,1.411606814294502,2.5829397185749956,0.7910072206011469,2.5741992259512396,29.638007565706975,2429.9675270082726,P000065_LH,P000065,LH,production,thermorheo-v2.0-interface-objective-R10,3381,3264,186,states=186 nodes=3381 elems=3264
-0.6782697322,-0.6782697322,-1.246451776,-7.394066018,-0.9614121046,-7.506681145,-12.63385102,18.97429773,137.1093126,3.416471001,5.657555513888889,1,1,0.1701190737,0.03223105739,281.6803304,-0.6782697322,-4.056664391,-7.394066018,-8.701969999,24.375,0.09649987052,0.0437235225,1,91.87484167,-0.5681820438,,False,-0.08009386800000051,0.08956650585692406,1,2,-0.6782697322,-4.470766108,-1.246451776,-4.914144768,-0.6782697322,-4.470766108,-0.9614121046,-4.647397099,3.538005631e-10,323.15,0.4754922433,319.587774,274.97017060616645,21.047903579779003,154.36168805550616,2417.763992946517,333.2277979128828,0.39673559944180714,141.6547860963895,21.88863755141385,78.01115278861867,4.576920671293357,16.97352733691799,0.1286681869880195,48.17982939383354,0.41831950011714536,6.047903579779003,0.6944106489256847,30.949801464739036,3.963016141400999,0.6656520525941652,2.4698263827013798,3.2578206065181554,75.71247090099969,144.0805608397024,28.64342428787024,0.7238059802392688,0.22936135100314137,9.551471509537066,0.21333106567766724,12.219185763193884,1.0972022599077476,1.8633497106495351,0.673994874881912,30.80027965086663,4.759289652954342,2814.1147660334764,P000066_HL,P000066,HL,production,thermorheo-v2.0-interface-objective-R10,3381,3264,159,states=159 nodes=3381 elems=3264
-0.9325860285,-0.9325860285,-1.470624773,-7.40003244,-1.19887933,-7.5123665,-12.65638981,18.70574024,137.0108561,2.99544002,47.96205286111111,1,2,0.2013679616,0.032101736279999994,281.3786878,-0.9325860285,-4.151201565,-7.40003244,-8.701966402,24.375,0.09649987052,0.0437235225,1,1.874994568,-0.5380387444999999,,False,-0.0860602900000007,0.08870026550790004,2,1,-0.9325860285,-4.258921056,-1.470624773,-4.755762163,-0.9325860285,-4.258921056,-1.19887933,-4.465576058,0.434445688,321.6598514,0.434445688,321.6598514,274.97017060616645,21.047903579779003,154.36168805550616,2417.763992946517,333.2277979128828,0.39673559944180714,141.6547860963895,21.88863755141385,78.01115278861867,4.576920671293357,16.97352733691799,0.1286681869880195,48.17982939383354,0.41831950011714536,6.047903579779003,0.6944106489256847,30.949801464739036,3.963016141400999,0.6656520525941652,2.4698263827013798,3.2578206065181554,75.71247090099969,144.0805608397024,28.64342428787024,0.7238059802392688,0.22936135100314137,9.551471509537066,0.21333106567766724,12.219185763193884,1.0972022599077476,1.8633497106495351,0.673994874881912,30.80027965086663,4.759289652954342,2814.1147660334764,P000066_LH,P000066,LH,production,thermorheo-v2.0-interface-objective-R10,3381,3264,159,states=159 nodes=3381 elems=3264
1.741712971,1.741712971,0.6748869453,-7.232158635,1.345527483,-7.338224066,-9.097265441,19.45880968,204.0614975,5.28842231,3.3665004555555558,1,1,0.06867118659,0.03553688595999999,267.9498589,1.741712971,-0.8748873274,-7.232158635,-7.947240953,24.375,0.09649987052,0.0437235225,1,88.124628,-1.0668260257000002,0.3874845950722382,False,-0.017083475000000625,0.13974866571516775,1,2,1.741712971,-1.278036028,0.6748869453,-2.128047862,1.741712971,-1.278036028,1.345527483,-1.587577666,2.027322009e-07,323.15,0.02712064748,322.3516609,259.93115120162406,22.431257865889975,155.72602456422763,2151.474745820982,220.0278918698998,0.3622575207839822,26.784760078574074,67.2844566109347,45.86118280646693,1.6122229482677644,97.19934293231175,8.590524237031524,63.2188487983759,0.691182693020161,7.4312578658899735,0.6158093283688277,16.613558383691704,26.774802349703766,1.4119641753451284,2.0093419888942776,1.5888297219467717,85.7038336747681,162.82157101731352,25.076729423846515,0.5878352125245192,0.5359800742659222,13.914894197482878,0.2752399161300709,8.97308553440936,1.605515196345581,2.489650221870356,0.6478632817543588,3.11678328480636,7.8294921842512295,2858.003115697474,P000067_HL,P000067,HL,production,thermorheo-v2.0-interface-objective-R10,3381,3264,162,states=162 nodes=3381 elems=3264
1.734840395,1.734840395,0.664254909,-7.231165117,1.344277762,-7.336971012,-9.093534761,19.44216504,204.1029982,5.25144136,51.764997083333334,1,2,0.06823645565,0.03553589,267.6471406,1.734840395,-0.8484717228,-7.231165117,-7.944521188,24.375,0.09649987052,0.0437235225,1,88.124628,-1.0705854860000001,0.3828910780002906,False,-0.016089957000000155,0.13968257345495658,2,1,1.734840395,-1.281648306,0.664254909,-2.124874287,1.734840395,-1.281648306,1.344277762,-1.595442103,0.0374109497,322.5982018,0.0374109497,322.5982018,259.93115120162406,22.431257865889975,155.72602456422763,2151.474745820982,220.0278918698998,0.3622575207839822,26.784760078574074,67.2844566109347,45.86118280646693,1.6122229482677644,97.19934293231175,8.590524237031524,63.2188487983759,0.691182693020161,7.4312578658899735,0.6158093283688277,16.613558383691704,26.774802349703766,1.4119641753451284,2.0093419888942776,1.5888297219467717,85.7038336747681,162.82157101731352,25.076729423846515,0.5878352125245192,0.5359800742659222,13.914894197482878,0.2752399161300709,8.97308553440936,1.605515196345581,2.489650221870356,0.6478632817543588,3.11678328480636,7.8294921842512295,2858.003115697474,P000067_LH,P000067,LH,production,thermorheo-v2.0-interface-objective-R10,3381,3264,162,states=162 nodes=3381 elems=3264
-0.3267800735,-0.3267800735,-4.678203879,-13.96776888,-1.029360071,-14.07168349,-14.53925785,24.56714466,208.8145252,10.24165367,1.33503351,1,1,0.3538399808,0.04348395193999999,260.3653834,-0.3267800735,-6.46793656,-13.96776888,-15.14489293,1.875,0.1058865229,0.003466365849,1,91.87469609,-4.3514238055,,False,-0.17343134999999954,0.138077393167125,1,2,-0.3267800735,-8.963585569,-4.678203879,-11.24802909,-0.3267800735,-8.963585569,-1.029360071,-9.299607399,1.280819728e-18,323.15,0.3418429247,322.3333272,247.04177393446895,24.80337100866126,99.07423112258694,1767.524499269586,238.88582478734432,0.5384382748215442,28.888291692609965,9.055190558017001,29.834534118092,1.7983187649429506,13.528624765124686,4.473109365836085,76.10822606553101,0.3507230183384679,9.803371008661257,0.46882100009960176,16.064055080649958,35.46856905682454,0.3900890935727178,0.6617764503930659,0.5455050774816608,28.28281066156758,179.04036836975996,35.42622145148552,0.8244903948045645,0.4407995998596331,13.983745926829837,0.2507789129111845,10.571117336522295,1.0309602036540042,2.376207325177724,0.5090346853042067,7.92928724875811,2.4854777773213503,1356.122436028498,P000068_HL,P000068,HL,production,thermorheo-v2.0-interface-objective-R10,3381,3264,106,states=106 nodes=3381 elems=3264
-0.4270734533,-0.4270734533,-4.76421292,-13.98995515,-1.12411025,-14.09235407,-14.54849416,24.46632846,208.7891815,10.07058355,54.465028277777776,1,2,0.5124537282,0.04343357108000001,260.1813285,-0.4270734533,-6.517211008,-13.98995515,-15.14685555,1.875,0.1058865229,0.003466365849,1,91.87469609,-4.3371394667,,False,-0.19561762000000016,0.13758210104423235,2,1,-0.4270734533,-8.852857924,-4.76421292,-11.16727387,-0.4270734533,-8.852857924,-1.12411025,-9.194435435,0.1743417672,322.8635741,0.1743417672,322.8635741,247.04177393446895,24.80337100866126,99.07423112258694,1767.524499269586,238.8858247873443,0.5384382748215442,28.888291692609965,9.055190558017001,29.834534118092,1.7983187649429506,13.528624765124686,4.473109365836085,76.10822606553101,0.3507230183384679,9.803371008661257,0.46882100009960176,16.064055080649958,35.46856905682454,0.3900890935727178,0.6617764503930659,0.5455050774816608,28.28281066156758,179.04036836975996,35.42622145148552,0.8244903948045645,0.4407995998596331,13.983745926829837,0.2507789129111845,10.571117336522295,1.0309602036540042,2.376207325177724,0.5090346853042067,7.92928724875811,2.4854777773213503,1356.122436028498,P000068_LH,P000068,LH,production,thermorheo-v2.0-interface-objective-R10,3381,3264,106,states=106 nodes=3381 elems=3264
4.450773044,4.450773044,3.555073426,-5.846231163,4.016792505,-5.935458327,-9.299283521,22.53355421,198.9628873,3.948199133,4.325752477777778,1,1,0.2452954235,0.03522426287000001,272.4816305,4.450773044,-1.392343733,-5.846231163,-6.904136374,20.625,0.09915291209,0.03731851358,1,178.1249982,-0.8956996180000001,0.7987541469436472,False,-0.05298759699999955,0.14399143824870222,1,2,4.450773044,0.9378770404,3.555073426,0.3753685049,4.450773044,0.9378770404,4.016792505,0.6266685311,0.07801316244,323.15,0.4313859539,320.8388036,261.31816492705275,22.6696133924423,109.26446243297039,3014.387751318388,290.44390584227546,0.7441141753855498,53.61582100141811,17.532066237469554,30.722901619914207,2.345260842649017,18.40528456093377,1.6219754966175621,61.83183507294723,0.7280948632028188,7.669613392442301,0.4674005913437548,22.861346604353834,14.338535026030177,2.337809295730694,3.553804612469282,1.2540078376870802,34.91199070645844,11.535503562030321,24.764004021888077,0.6114755344108471,0.0805187528758235,13.432132223745372,0.209339819629761,11.533594138950424,0.795758949887684,2.5347061275681813,0.7573968696142934,8.840167472277784,2.89068410740551,2461.7624477340078,P000069_HL,P000069,HL,production,thermorheo-v2.0-interface-objective-R10,3381,3264,115,states=115 nodes=3381 elems=3264
4.326595929,4.326595929,3.454930997,-5.844399546,3.911406459,-5.932305158,-9.295060393,22.38518398,199.0221167,3.655013271,48.67125586111111,1,2,0.2592895536,0.035222620680000004,271.864909,4.326595929,-1.296657832,-5.844399546,-6.873845395,20.625,0.09915291209,0.03731851358,1,178.1249982,-0.8716649319999998,0.7985333166525984,False,-0.05115597999999988,0.1437160324467168,2,1,4.326595929,1.044160188,3.454930997,0.4453205926,4.326595929,1.044160188,3.911406459,0.7103856323,0.3959943464,321.4672298,0.3959943464,321.4672298,261.31816492705275,22.6696133924423,109.26446243297039,3014.387751318388,290.44390584227546,0.7441141753855498,53.61582100141811,17.532066237469554,30.722901619914207,2.345260842649017,18.40528456093377,1.6219754966175621,61.83183507294723,0.7280948632028188,7.669613392442301,0.4674005913437548,22.861346604353834,14.338535026030177,2.337809295730694,3.553804612469282,1.2540078376870802,34.91199070645844,11.535503562030321,24.764004021888077,0.6114755344108471,0.0805187528758235,13.432132223745372,0.209339819629761,11.533594138950424,0.795758949887684,2.5347061275681813,0.7573968696142934,8.840167472277784,2.89068410740551,2461.7624477340078,P000069_LH,P000069,LH,production,thermorheo-v2.0-interface-objective-R10,3381,3264,115,states=115 nodes=3381 elems=3264
1.084593987,1.084593987,-0.2093771653,-6.618699574,0.7017985176,-6.751970978,-12.50159421,21.34890219,175.222962,5.346810054,2.0098201569444445,1,1,0.2226141266,0.02837963454999999,278.058316,1.084593987,-2.345189752,-6.618699574,-7.905460618,31.875,0.08996723585,0.05594522235,1,178.1249929,-1.2939711523000001,-0.19304658499826258,False,-0.08623928000000003,0.07934269896067724,1,2,1.084593987,-1.743634452,-0.2093771653,-2.578367709,1.084593987,-1.743634452,0.7017985176,-2.024841594,3.968255805e-11,323.15,0.3280145885,322.1233507,272.1224041719494,18.750695208487134,168.4566225719607,2870.1955969445958,176.95458886639494,0.31566939961629226,18.966046219932164,13.128173317627386,93.89789285600583,0.6398651746552336,10.629851871553063,3.2481239322695425,51.027595828050565,0.6630857834913808,3.750695208487135,0.5067465904711405,29.6406914630903,22.82229920965196,1.021797108206125,2.3206801047270216,2.6982838997191623,74.27141821082355,175.6069131175107,32.288800377896685,0.5990289584459866,0.3364212513204403,11.200200538848215,0.22211971490353924,12.837357293648136,1.4368802616222227,1.941599127496356,0.5993572810497,7.0263018547157055,4.863560251884932,1711.2290745123346,P000070_HL,P000070,HL,production,thermorheo-v2.0-interface-objective-R10,3381,3264,175,states=175 nodes=3381 elems=3264
0.9861832634,0.9861832634,-0.282413711,-6.62099215,0.6130026271,-6.753827105,-12.50795451,21.24227121,175.1537203,5.09623325,60.51357194444444,1,2,0.2322747235,0.028379529250000007,277.7699246,0.9861832634,-2.355489712,-6.62099215,-7.902385265,31.875,0.08996723585,0.05594522235,1,178.1249929,-1.2685969743999999,-0.28637041560241105,False,-0.08853185600000035,0.07861226486236295,2,1,0.9861832634,-1.633571663,-0.282413711,-2.505800285,0.9861832634,-1.633571663,0.6130026271,-1.925438996,0.2607427344,322.4692435,0.2607427344,322.4692435,272.1224041719494,18.750695208487134,168.4566225719607,2870.1955969445958,176.95458886639494,0.31566939961629226,18.966046219932164,13.128173317627386,93.89789285600583,0.6398651746552336,10.629851871553063,3.2481239322695425,51.027595828050565,0.6630857834913808,3.750695208487135,0.5067465904711405,29.6406914630903,22.82229920965196,1.021797108206125,2.3206801047270216,2.6982838997191623,74.27141821082355,175.6069131175107,32.288800377896685,0.5990289584459866,0.3364212513204403,11.200200538848215,0.22211971490353924,12.837357293648136,1.4368802616222227,1.941599127496356,0.5993572810497,7.0263018547157055,4.863560251884932,1711.2290745123346,P000070_LH,P000070,LH,production,thermorheo-v2.0-interface-objective-R10,3381,3264,175,states=175 nodes=3381 elems=3264
0.2741840672,0.2741840672,-0.5151800452,-14.09058461,-0.3172296652,-14.199085,-12.52094311,22.08871619,179.9963079,8.114916698,7.763167211111111,1,1,6.091045209,0.03879161563,262.2825136,0.2741840672,-4.883626627,-14.09058461,-15.61389302,1.875,0.1058865229,0.003466365849,1,99.37463603,-0.7893641124,-1.8789569009646672,False,0.18909062999999904,0.13805911032879406,1,2,0.2741840672,-7.070377529,-0.5151800452,-8.193739795,0.2741840672,-7.070377529,-0.3172296652,-7.453110577,6.579940932,323.15,6.859111281,319.3224651,252.06335032996736,20.373875367989935,133.47020525893006,3465.5180547791856,245.8947136543105,0.4540139451982533,182.26949594086793,909.8162536327824,61.53553586037959,6.524073019173452,781.5733697522409,1.2242883266422468,71.08664967003261,0.5101624509180173,5.373875367989936,0.5211235161291445,27.93799140585953,7.826409021520421,1.7764547663220531,2.510234580098523,1.8905013805884316,57.41343197167258,7.8515231374603065,29.138041630862627,0.9372556154776759,0.5429849127043245,12.495454360118451,0.25814043685463217,13.394379632938755,1.1788975547369462,2.291140722138525,0.5254347672419957,6.392619165932309,31.909392136227353,3838.97244584078,P000071_HL,P000071,HL,production,thermorheo-v2.0-interface-objective-R10,3381,3264,137,states=137 nodes=3381 elems=3264
0.01336089534,0.01336089534,-0.7614932779,-14.08563953,-0.5603270774,-14.19188334,-12.53534643,21.73846005,179.9153208,8.079314899,49.70475836111111,1,2,6.089817054,0.03878675071,261.7739535,0.01336089534,-5.044214129,-14.08563953,-15.59461722,1.875,0.1058865229,0.003466365849,1,99.37463603,-0.7748541732399999,,False,0.19403570999999964,0.13723226819679482,2,1,0.01336089534,-7.00170216,-0.7614932779,-8.166188111,0.01336089534,-7.00170216,-0.5603270774,-7.420559344,6.97528265,321.1973354,6.97528265,321.1973354,252.06335032996736,20.373875367989935,133.47020525893006,3465.5180547791856,245.89471365431046,0.4540139451982533,182.26949594086793,909.8162536327824,61.53553586037959,6.524073019173452,781.5733697522409,1.2242883266422468,71.08664967003261,0.5101624509180173,5.373875367989936,0.5211235161291445,27.93799140585953,7.826409021520421,1.7764547663220531,2.510234580098523,1.8905013805884316,57.41343197167258,7.8515231374603065,29.138041630862627,0.9372556154776759,0.5429849127043245,12.495454360118451,0.25814043685463217,13.394379632938755,1.1788975547369462,2.291140722138525,0.5254347672419957,6.392619165932309,31.909392136227353,3838.97244584078,P000071_LH,P000071,LH,production,thermorheo-v2.0-interface-objective-R10,3381,3264,137,states=137 nodes=3381 elems=3264
1.367155798,1.367155798,-0.02026693552,-10.07843453,0.8755167112,-10.1840599,-8.439439703,18.22240172,241.5052842,12.5976448,3.997055733333333,1,1,0.5154956615,0.05222977403,242.2098719,1.367155798,-1.70967105,-10.07843453,-11.32009592,20.625,0.09915291209,0.03731851358,1,110.6245977,-1.38742273352,-0.014824159433510299,False,-0.0940523769999988,0.09645320006118846,1,2,1.367155798,-3.160116922,-0.02026693552,-4.64209808,1.367155798,-3.160116922,0.8755167112,-3.52436008,0.1482149602,323.15,1.383137632,317.9810527,230.3434958342936,19.222295007034568,129.34485165147237,5202.447793176348,229.60690658157904,0.39984700176513743,87.20910074941278,47.671931206873644,77.84136445701517,2.801931569994824,36.7595091530564,1.1493288799811299,92.80650416570636,0.6342648132066995,4.222295007034567,0.6781086345612615,31.12463619144485,6.8796852163352575,1.079121089993611,1.4822446393412012,2.30913384880866,50.47489489596045,19.702370905571378,27.851180009678863,0.7942537703889242,0.6520343953353298,14.605120943622657,0.2687460514463811,8.46784367632787,1.4405993846677743,2.465718954738168,0.42843993735116104,5.9858281960583914,3.272089581551861,2148.6242311620936,P000072_HL,P000072,HL,production,thermorheo-v2.0-interface-objective-R10,3381,3264,137,states=137 nodes=3381 elems=3264
0.8832700422,0.8832700422,-0.4078531086,-10.07433052,0.4234631317,-10.17911808,-8.532862297,17.59710369,241.2675604,11.38689986,46.871876722222225,1,2,0.5346019182,0.052236910690000006,241.4289612,0.8832700422,-2.04566572,-10.07433052,-11.29111025,20.625,0.09915291209,0.03731851358,1,106.874585,-1.2911231508,-0.4617535851030814,False,-0.08994836699999986,0.09167912963904234,2,1,0.8832700422,-2.856776307,-0.4078531086,-4.501361682,0.8832700422,-2.856776307,0.4234631317,-3.260466363,1.437415308,319.8715186,1.437415308,319.8715186,230.3434958342936,19.222295007034568,129.34485165147237,5202.447793176348,229.60690658157904,0.39984700176513743,87.20910074941278,47.671931206873644,77.84136445701517,2.801931569994824,36.7595091530564,1.1493288799811299,92.80650416570636,0.6342648132066995,4.222295007034567,0.6781086345612615,31.12463619144485,6.8796852163352575,1.079121089993611,1.4822446393412012,2.30913384880866,50.47489489596045,19.702370905571378,27.851180009678863,0.7942537703889242,0.6520343953353298,14.605120943622657,0.2687460514463811,8.46784367632787,1.4405993846677743,2.465718954738168,0.42843993735116104,5.9858281960583914,3.272089581551861,2148.6242311620936,P000072_LH,P000072,LH,production,thermorheo-v2.0-interface-objective-R10,3381,3264,137,states=137 nodes=3381 elems=3264
-1.103642087,-1.103642087,-3.481121445,-9.584835124,-1.493714566,-9.673697596,-12.92765541,18.56152105,135.1740546,7.964029493,2.2550694352777776,1,1,0.5189670018,0.027145534570000004,282.0994276,-1.103642087,-5.216359392,-9.584835124,-10.5554089,20.625,0.09915291209,0.03731851358,1,1.874994456,-2.3774793579999995,,False,-0.10719386999999969,0.06611459479105068,1,2,-1.103642087,-5.11637616,-3.481121445,-6.71859224,-1.103642087,-5.11637616,-1.493714566,-5.349611628,0.3928498786,323.15,1.376075157,321.1021523,274.69251807785685,20.524640225413343,91.07340758440428,1243.668986528015,152.83094781376636,0.42591101561372147,39.37414652234382,47.81643966398763,34.63206050361943,2.6694017994855206,77.80209179336876,0.4041024839166836,48.45748192214314,0.5525463294057472,5.524640225413343,0.7520056958051247,14.7501760618924,7.2457842343391565,1.2717243643508516,0.8071717511578311,0.6756003618970297,48.818278271468884,103.78565887746525,28.09747912870415,0.7335032389456029,0.2338792322511003,15.568058576256377,0.2709719925741553,9.52001866572592,1.1933326561091515,2.1756393397175806,0.4003088446431723,17.930560990644803,21.775090090246874,1440.9392187892759,P000073_HL,P000073,HL,production,thermorheo-v2.0-interface-objective-R10,3381,3264,96,states=96 nodes=3381 elems=3264
-1.56745712,-1.56745712,-3.799097392,-9.595978329,-1.92377754,-9.684674535,-12.96035301,18.05604197,135.0299871,7.159101094,27.005526208333333,1,2,0.5517005042,0.027141385370000007,281.7272836,-1.56745712,-5.365200531,-9.595978329,-10.56211815,20.625,0.09915291209,0.03731851358,1,1.874994456,-2.231640272,,False,-0.11833707499999946,0.0640123600494746,2,1,-1.56745712,-4.568815886,-3.799097392,-6.393959348,-1.56745712,-4.568815886,-1.92377754,-4.835935775,1.100432596,322.0184693,1.100432596,322.0184693,274.69251807785685,20.524640225413343,91.07340758440428,1243.6689865280152,152.83094781376636,0.42591101561372147,39.37414652234382,47.81643966398763,34.63206050361943,2.6694017994855206,77.80209179336876,0.4041024839166836,48.45748192214314,0.5525463294057472,5.524640225413343,0.7520056958051247,14.7501760618924,7.2457842343391565,1.2717243643508516,0.8071717511578311,0.6756003618970297,48.818278271468884,103.78565887746525,28.09747912870415,0.7335032389456029,0.2338792322511003,15.568058576256377,0.2709719925741553,9.52001866572592,1.1933326561091515,2.1756393397175806,0.4003088446431723,17.930560990644803,21.775090090246874,1440.9392187892759,P000073_LH,P000073,LH,production,thermorheo-v2.0-interface-objective-R10,3381,3264,96,states=96 nodes=3381 elems=3264
5.760380701,5.760380701,5.214405246,-5.800629656,5.288802711,-5.900965868,-3.929365089,16.41925549,271.0384659,8.500783853,11.130091747222222,1,1,0.06938327139,0.05511448365999999,247.2043385,5.760380701,0.6514012331,-5.800629656,-7.123959917,1.875,0.1058865229,0.003466365849,1,178.1249914,-0.5459754549999998,0.9052188590755437,False,-0.003919396999999769,0.05332435361940002,1,2,5.760380701,1.372966706,5.214405246,0.7800640447,5.760380701,1.372966706,5.288802711,0.9945246605,0.001792313063,323.15,0.2137228742,321.081265,228.50321547946112,18.444331926688584,114.57745706761538,2631.2439789082878,96.9075650803577,0.6137904530917161,311.00892624537204,353.30963670166943,24.546165480634087,20.642821965637683,562.8114678681036,2.3719437359742965,94.64678452053886,0.6180877712411441,3.444331926688583,0.7411042559189653,15.06620203202264,19.392585400685828,0.7720778495567578,1.414517210267297,0.6288588448622463,59.42155979351168,85.41854693396182,18.015359553232223,0.8023595866253819,0.41350500200503854,13.044448160730843,0.23570690220780735,9.685441958658252,0.8484694834068374,2.22927097164946,0.6244009455462844,8.175820153980236,9.287823610766633,2838.767145956309,P000074_HL,P000074,HL,production,thermorheo-v2.0-interface-objective-R10,3381,3264,121,states=121 nodes=3381 elems=3264
5.725735123,5.725735123,5.178128363,-5.798062268,5.2571115,-5.897305484,-3.926089914,16.36710328,271.0831536,8.393829568,48.404333083333334,1,2,0.07025513197,0.055113713970000006,246.5403553,5.725735123,0.6727554398,-5.798062268,-7.11024946,1.875,0.1058865229,0.003466365849,1,178.1249914,-0.5476067599999999,0.9043604448623042,False,-0.0013520089999996543,0.05356676348530952,2,1,5.725735123,1.364044259,5.178128363,0.7792188737,5.725735123,1.364044259,5.2571115,0.9730437499,0.198008458,321.8713402,0.198008458,321.8713402,228.50321547946112,18.444331926688584,114.57745706761538,2631.2439789082878,96.90756508035767,0.6137904530917161,311.00892624537204,353.30963670166943,24.546165480634087,20.642821965637683,562.8114678681036,2.3719437359742965,94.64678452053886,0.6180877712411441,3.444331926688583,0.7411042559189653,15.06620203202264,19.392585400685828,0.7720778495567578,1.414517210267297,0.6288588448622463,59.42155979351168,85.41854693396182,18.015359553232223,0.8023595866253819,0.41350500200503854,13.044448160730843,0.23570690220780735,9.685441958658252,0.8484694834068374,2.22927097164946,0.6244009455462844,8.175820153980236,9.287823610766633,2838.767145956309,P000074_LH,P000074,LH,production,thermorheo-v2.0-interface-objective-R10,3381,3264,121,states=121 nodes=3381 elems=3264
5.198867659,5.198867659,3.635203589,-3.92726059,4.80030393,-4.038561615,-4.422616429,14.74341128,257.5095082,8.201164928,2.820370286111111,1,1,0.1800112054,0.04636563295,253.8080647,5.198867659,2.683174469,-3.92726059,-5.076013447,31.875,0.08996723585,0.05594522235,1,178.1249868,-1.5636640700000002,0.6992298760879075,False,-0.012050915999999745,0.11812505999910156,1,2,5.198867659,1.288929713,3.635203589,0.2146737122,5.198867659,1.288929713,4.80030393,1.003827055,0.1505265585,323.15,0.1722584889,321.4560545,244.16022175674556,18.98085539966937,166.64667965057248,4702.512602308864,213.53445736863753,0.38002298540266094,24.39875393474839,241.21922884066282,88.70243140645862,0.7238061308123117,171.74249849476035,6.482098406930752,78.98977824325442,0.5827103192017915,3.9808553996693683,0.5359874999788451,33.708962795557156,24.4250378695732,0.8374901203393141,1.5893520160920447,3.795286691910724,62.35945853320083,169.80567366322833,21.55227485489969,0.5915585713604812,0.6781571906065478,8.745499579379944,0.25227922697631217,11.656954057760066,1.5213325570255614,2.47480240713439,0.5076817757382232,3.7680757582232323,37.25322740016302,1865.8533886686407,P000075_HL,P000075,HL,production,thermorheo-v2.0-interface-objective-R10,3381,3264,171,states=171 nodes=3381 elems=3264
5.204541269,5.204541269,3.630328751,-3.923134708,4.81428877,-4.033063129,-4.407969116,14.72603132,257.6827391,8.166344299,67.17649977777778,1,2,0.1793856917,0.04633433188,253.3896185,5.204541269,2.715060961,-3.923134708,-5.042862896,31.875,0.08996723585,0.05594522235,1,178.1249868,-1.574212518,0.6975309760004134,False,-0.007925033999999886,0.11752041274845473,2,1,5.204541269,1.265069122,3.630328751,0.2111151299,5.204541269,1.265069122,4.81428877,0.9661672216,0.1767500106,322.1629205,0.1767500106,322.1629205,244.16022175674556,18.98085539966937,166.64667965057248,4702.512602308864,213.5344573686375,0.38002298540266094,24.39875393474839,241.21922884066282,88.70243140645862,0.7238061308123117,171.74249849476035,6.482098406930752,78.98977824325442,0.5827103192017915,3.9808553996693683,0.5359874999788451,33.708962795557156,24.4250378695732,0.8374901203393141,1.5893520160920447,3.795286691910724,62.35945853320083,169.80567366322833,21.55227485489969,0.5915585713604812,0.6781571906065478,8.745499579379944,0.25227922697631217,11.656954057760066,1.5213325570255614,2.47480240713439,0.5076817757382232,3.7680757582232323,37.25322740016302,1865.8533886686407,P000075_LH,P000075,LH,production,thermorheo-v2.0-interface-objective-R10,3381,3264,171,states=171 nodes=3381 elems=3264
3.940868207,3.940868207,1.419427662,-8.255762365,3.40854423,-8.336842846,-11.60071037,23.73751035,161.3504612,7.917769882,2.6687928325,1,1,4.666314087,0.034337701500000005,279.6420391,3.940868207,-3.292559109,-8.255762365,-9.27830411,9.375,0.1045281975,0.01725767525,1,178.1249996,-2.521440545,0.3601814593745433,False,0.04836989599999875,0.19577646840482849,1,2,3.940868207,-0.902484773,1.419427662,-2.99250393,3.940868207,-0.902484773,3.40854423,-1.23573569,5.00206892,323.15,4.995635207,322.0376236,270.9105245672213,23.213624320009874,100.67967851547799,1114.7978952923563,161.73417604843087,0.45573289261032013,13.67931437509515,145.32712112090917,18.406472578951877,1.6307349809009257,415.79280409017235,3.8207258738083585,52.239475432778704,0.5774748852022272,8.213624320009874,0.7892444828147782,8.388434991158277,13.162802593836602,2.668792832401341,2.5647036961266463,2.481009823036925,55.31099323619502,27.457371062867118,25.736830881401914,0.6746462080312324,0.017489871576380035,17.302087989469563,0.24017901242251538,11.85099015159697,1.1211363088755013,2.1871335255593825,0.46217206686829354,3.445105204764771,36.600315457231524,2310.8596028529237,P000076_HL,P000076,HL,production,thermorheo-v2.0-interface-objective-R10,3381,3264,107,states=107 nodes=3381 elems=3264
3.933970024,3.933970024,1.420293505,-8.254946474,3.408522233,-8.335525423,-11.5889053,23.7103342,161.4517817,7.888209204,31.934536777777776,1,2,4.665738538,0.03409666135000001,279.3246747,3.933970024,-3.189702325,-8.254946474,-9.266724733,9.375,0.1045281975,0.01725767525,1,178.1249996,-2.513676519,0.361033128451718,False,0.04918578699999898,0.19559593693146382,2,1,3.933970024,-0.896726107,1.420293505,-2.999950942,3.933970024,-0.896726107,3.408522233,-1.241685416,4.958953504,322.5076305,4.958953504,322.5076305,270.9105245672213,23.213624320009874,100.67967851547799,1114.7978952923565,161.73417604843084,0.45573289261032013,13.67931437509515,145.32712112090917,18.406472578951877,1.6307349809009257,415.79280409017235,3.8207258738083585,52.239475432778704,0.5774748852022272,8.213624320009874,0.7892444828147782,8.388434991158277,13.162802593836602,2.668792832401341,2.5647036961266463,2.481009823036925,55.31099323619502,27.457371062867118,25.736830881401914,0.6746462080312324,0.017489871576380035,17.302087989469563,0.24017901242251538,11.85099015159697,1.1211363088755013,2.1871335255593825,0.46217206686829354,3.445105204764771,36.600315457231524,2310.8596028529237,P000076_LH,P000076,LH,production,thermorheo-v2.0-interface-objective-R10,3381,3264,107,states=107 nodes=3381 elems=3264
9.346626112,9.346626112,4.638106695,-11.63669112,8.556172029,-11.7073656,-8.255737474,27.65146296,233.0416057,15.13519615,1.272669614722222,1,1,0.09805614493,0.0454913437,251.4164541,9.346626112,-1.253981223,-11.63669112,-12.78847531,1.875,0.1058865229,0.003466365849,1,178.1249987,-4.708519416999999,0.49623325459068074,False,-0.03409635999999949,0.32664086869242254,1,2,9.346626112,-2.765489073,4.638106695,-5.611938509,9.346626112,-2.765489073,8.556172029,-3.168489357,0.03564251452,323.15,0.1135155178,322.2927102,238.47706854723174,24.184956737896762,145.47556801326706,1726.0361662901016,172.817183709085,0.3997270467371901,39.39391822837593,114.67299584766,32.02754372970255,3.077102841817519,214.97365112469157,4.807418844604451,84.67293145276822,0.42813658800376464,9.184956737896762,0.43794822700963887,12.802275469320211,27.150658577557163,0.28787919389038974,0.2771379207982021,2.100627333303912,87.38906960108446,111.33807243244281,24.354515576595773,0.8730899233261177,0.05587658824641219,17.353695559849974,0.2600562762884903,11.930038849215311,1.248356382847616,2.1360362861930007,0.528531050984941,5.647658224751808,16.439945993731293,1767.8208570343086,P000077_HL,P000077,HL,production,thermorheo-v2.0-interface-objective-R10,3381,3264,153,states=153 nodes=3381 elems=3264
9.315938818,9.315938818,4.607784074,-11.63537404,8.529552632,-11.70533776,-8.250132491,27.61507102,233.0687646,15.06649021,43.89124811111111,1,2,0.09538567811,0.04548997517,251.1805684,9.315938818,-1.208643749,-11.63537404,-12.77377378,1.875,0.1058865229,0.003466365849,1,178.1249987,-4.708154744,0.49461296000537985,False,-0.032779279999999744,0.3263774349681557,2,1,9.315938818,-2.749761751,4.607784074,-5.598594428,9.315938818,-2.749761751,8.529552632,-3.163404841,0.09628918354,322.7829629,0.09628918354,322.7829629,238.47706854723174,24.184956737896762,145.47556801326706,1726.0361662901018,172.817183709085,0.3997270467371901,39.39391822837593,114.67299584766,32.02754372970255,3.077102841817519,214.97365112469157,4.807418844604451,84.67293145276822,0.42813658800376464,9.184956737896762,0.43794822700963887,12.802275469320211,27.150658577557163,0.28787919389038974,0.2771379207982021,2.100627333303912,87.38906960108446,111.33807243244281,24.354515576595773,0.8730899233261177,0.05587658824641219,17.353695559849974,0.2600562762884903,11.930038849215311,1.248356382847616,2.1360362861930007,0.528531050984941,5.647658224751808,16.439945993731293,1767.8208570343086,P000077_LH,P000077,LH,production,thermorheo-v2.0-interface-objective-R10,3381,3264,153,states=153 nodes=3381 elems=3264
5.677158827,5.677158827,4.580199883,-3.146679702,5.33838541,-3.264790595,-7.036245251,18.75824114,196.9649501,6.810656602,3.940235286111111,1,1,0.1680506665,0.030005509439999998,274.6363902,5.677158827,2.116885952,-3.146679702,-4.420673802,28.125,0.0934336017,0.04994130058,1,91.87479973,-1.0969589440000007,0.8067767738357128,False,-0.05926872900000024,0.09355562804540392,1,2,5.677158827,0.2887454852,4.580199883,-0.4986577761,5.677158827,0.2887454852,5.33838541,0.07198339276,6.01072156e-08,323.15,0.3436440607,322.4047589,268.7811530717455,20.02802244114395,183.6934940687186,2581.6191384743393,220.24731588611124,0.30298443030151473,85.01380536583703,24.371423178807518,95.83975687645182,2.9276788909933216,20.143091125592534,2.8226287092973767,54.36884692825449,0.40483441442900153,5.02802244114395,0.41177441243148777,29.037954137447436,31.949561892084255,2.004371677199546,1.9749095863924828,3.569933811884778,78.56959375078586,84.74033346041311,22.34935594395234,0.5664612609024238,0.2902271373459023,10.592753050521237,0.20807075674241624,13.834555387842013,1.5688311852547017,2.0347123929288036,0.525844375759527,11.319080609804079,3.244909486752908,3221.1661655477947,P000078_HL,P000078,HL,production,thermorheo-v2.0-interface-objective-R10,3381,3264,190,states=190 nodes=3381 elems=3264
5.567714664,5.567714664,4.484460234,-3.145461718,5.233089833,-3.263384116,-7.061159459,18.653303,196.8582376,6.594050671,72.47696638888888,1,2,0.1920687572,0.030006633869999997,274.4883444,5.567714664,2.053044029,-3.145461718,-4.416563458,28.125,0.0934336017,0.04994130058,1,91.87479973,-1.0832544300000002,0.8054400242519324,False,-0.05805074500000007,0.09301093835634383,2,1,5.567714664,0.3795508107,4.484460234,-0.4405274519,5.567714664,0.3795508107,5.233089833,0.1586414044,0.2332211099,322.8483007,0.2332211099,322.8483007,268.7811530717455,20.02802244114395,183.6934940687186,2581.619138474339,220.24731588611127,0.30298443030151473,85.01380536583703,24.371423178807518,95.83975687645182,2.9276788909933216,20.143091125592534,2.8226287092973767,54.36884692825449,0.40483441442900153,5.02802244114395,0.41177441243148777,29.037954137447436,31.949561892084255,2.004371677199546,1.9749095863924828,3.569933811884778,78.56959375078586,84.74033346041311,22.34935594395234,0.5664612609024238,0.2902271373459023,10.592753050521237,0.20807075674241624,13.834555387842013,1.5688311852547017,2.0347123929288036,0.525844375759527,11.319080609804079,3.244909486752908,3221.1661655477947,P000078_LH,P000078,LH,production,thermorheo-v2.0-interface-objective-R10,3381,3264,190,states=190 nodes=3381 elems=3264
6.271548204,6.271548204,3.637438906,-6.697930568,5.858681686,-6.815464363,-6.217724916,23.28510087,270.1108873,8.966088435,11.04654215,1,1,0.08073793968,0.048791081869999996,250.7929466,6.271548204,1.986022375,-6.697930568,-7.615103207,20.625,0.09915291209,0.03731851358,1,155.6248742,-2.6341092980000003,0.5799905840921445,False,-0.010620228000000509,0.21221242375386626,1,2,6.271548204,-0.3404820223,3.637438906,-2.098952015,6.271548204,-0.3404820223,5.858681686,-0.688012194,8.934934888e-12,323.15,0.1598050454,322.045915,235.21150911861523,23.195253372837044,113.07110471480935,1376.2690951048903,132.1688056641,0.41728888476770465,654.832591715447,240.82792615805317,19.354982585182864,81.07756275202013,715.6299136926233,2.13183535268695,87.93849088138475,0.4663451989642917,8.195253372837044,0.6602040942474592,8.076619097669303,19.99867908946109,2.969923052003633,0.30515192666043484,1.6126144390986459,67.14380859448423,137.04883338524758,24.55162580777624,0.6097861903886101,0.48447189199672036,17.39997363469392,0.2388011730404082,8.619504098966837,1.2212587288129566,2.1814788283627324,0.6141223389524463,9.380967936503584,3.4500406395243512,3669.7179250213217,P000079_HL,P000079,HL,production,thermorheo-v2.0-interface-objective-R10,3381,3264,119,states=119 nodes=3381 elems=3264
6.22494408,6.22494408,3.597933589,-6.695310763,5.808402863,-6.81246114,-6.212374345,23.22698106,270.1716084,8.866367416,44.00952975,1,2,0.08515658822,0.04878974882999999,250.4796998,6.22494408,1.955066429,-6.695310763,-7.609100754,20.625,0.09915291209,0.03731851358,1,163.1249119,-2.627010491,0.5779864915670053,False,-0.008000423000000367,0.2120092197929609,2,1,6.22494408,-0.3392414491,3.597933589,-2.096314246,6.22494408,-0.3392414491,5.808402863,-0.6931698706,0.1526046288,322.6351153,0.1526046288,322.6351153,235.21150911861523,23.195253372837044,113.07110471480935,1376.2690951048905,132.1688056641,0.41728888476770465,654.832591715447,240.82792615805317,19.354982585182864,81.07756275202013,715.6299136926233,2.13183535268695,87.93849088138475,0.4663451989642917,8.195253372837044,0.6602040942474592,8.076619097669303,19.99867908946109,2.969923052003633,0.30515192666043484,1.6126144390986459,67.14380859448423,137.04883338524758,24.55162580777624,0.6097861903886101,0.48447189199672036,17.39997363469392,0.2388011730404082,8.619504098966837,1.2212587288129566,2.1814788283627324,0.6141223389524463,9.380967936503584,3.4500406395243512,3669.7179250213217,P000079_LH,P000079,LH,production,thermorheo-v2.0-interface-objective-R10,3381,3264,119,states=119 nodes=3381 elems=3264
6.428710145,6.428710145,2.917105035,-5.811723387,5.788960447,-5.927099224,-8.279231158,21.72099047,159.8112312,7.119441405,2.0838446105555555,1,1,0.06222181855,0.029246790510000002,276.8683868,6.428710145,1.313498511,-5.811723387,-7.143387056,1.875,0.1058865229,0.003466365849,1,91.87465923,-3.51160511,0.4537621030042567,False,-0.02665191,0.12321995317297328,1,2,6.428710145,-0.4222474961,2.917105035,-2.743736403,6.428710145,-0.4222474961,5.788960447,-0.7748014745,0.001262735723,323.15,0.2402309897,320.5119558,270.4505317621782,19.991883441864342,108.10831527780415,2333.1272618961366,262.2872412115123,0.37152633142313435,22.62597268651585,164.17188203219294,78.64660354690108,0.7743506861156559,134.84673874988565,3.022551057333978,52.69946823782181,0.3982811701956671,4.991883441864342,0.7236017266068737,29.219284094669824,7.101085252869204,2.0838446106249684,0.44612845221221803,1.9092342707258836,33.69024716846915,167.00617800650403,18.958002768963347,0.8151082461130277,0.4944177737836415,15.914141581088092,0.1954244161282151,13.903759169858244,1.4539387870760538,2.312289604321288,0.6124408799002342,2.3493681721733,17.046789535023404,3756.16601906572,P000080_HL,P000080,HL,production,thermorheo-v2.0-interface-objective-R10,3381,3264,115,states=115 nodes=3381 elems=3264
6.394214136,6.394214136,2.886852438,-5.804650764,5.772193653,-5.914645997,-8.26533651,21.66766779,159.8719712,7.0271424,42.84342130555555,1,2,0.06196968097,0.02916708736,276.6098375,6.394214136,1.379869571,-5.804650764,-7.095903823,1.875,0.1058865229,0.003466365849,1,91.87465923,-3.5073616980000004,0.45147884894044465,False,-0.019579287,0.1229621134939618,2,1,6.394214136,-0.4138773363,2.886852438,-2.742650305,6.394214136,-0.4138773363,5.772193653,-0.8104401982,0.1157442356,322.0993167,0.1157442356,322.0993167,270.4505317621782,19.991883441864342,108.10831527780415,2333.127261896137,262.28724121151225,0.37152633142313435,22.62597268651585,164.17188203219294,78.64660354690108,0.7743506861156559,134.84673874988565,3.022551057333978,52.69946823782181,0.3982811701956671,4.991883441864342,0.7236017266068737,29.219284094669824,7.101085252869204,2.0838446106249684,0.44612845221221803,1.9092342707258836,33.69024716846915,167.00617800650403,18.958002768963347,0.8151082461130277,0.4944177737836415,15.914141581088092,0.1954244161282151,13.903759169858244,1.4539387870760538,2.312289604321288,0.6124408799002342,2.3493681721733,17.046789535023404,3756.16601906572,P000080_LH,P000080,LH,production,thermorheo-v2.0-interface-objective-R10,3381,3264,115,states=115 nodes=3381 elems=3264
12.53761303,12.53761303,11.61488381,-5.190743107,11.71344673,-5.31508365,-3.293592066,24.34474456,258.0295429,18.27309581,6.061881238888889,1,1,0.3625275967,0.04869791845,251.895342,12.53761303,5.549019237,-5.190743107,-6.718873744,1.875,0.1058865229,0.003466365849,1,91.87463776,-0.922729219999999,0.9264031185368305,False,-0.13957749500000016,0.00066339941197874,1,2,12.53761303,1.991861629,11.61488381,1.101205847,12.53761303,1.991861629,11.71344673,1.535867034,0.001039075141,323.15,0.4489754706,322.0108588,234.4104367313842,18.80346549043076,113.05584407004635,1575.1835368480408,76.723165793248,0.5776706674354453,235.23498956331912,76.87498789036952,17.326208384308007,23.50271700435973,184.33697352132393,0.8861885648482801,88.73956326861577,0.38395634289815295,3.803465490430762,0.7053619922014971,10.008842361488814,25.417656774937623,2.4223021992437594,1.2170556049645715,0.7779166962378672,58.785953571238714,130.62934633588785,19.19594856815483,0.8031589135955902,0.5256520404889237,17.53938060552759,0.20850050443001608,11.943195015579523,0.9804866290579822,2.424535214637377,0.40918969952345435,28.6819958902192,9.373299825954337,1796.2825193516117,P000081_HL,P000081,HL,production,thermorheo-v2.0-interface-objective-R10,3381,3264,120,states=120 nodes=3381 elems=3264
12.30610412,12.30610412,11.38750435,-5.180156237,11.49424716,-5.306026374,-3.323124793,24.06696011,258.0916036,17.85330089,45.90565488888888,1,2,0.4210426491,0.04869699584000001,251.6243403,12.30610412,5.404669369,-5.180156237,-6.720279363,1.875,0.1058865229,0.003466365849,1,91.87463776,-0.9185997700000001,0.9253541363665952,False,-0.12899062500000014,0.0040684279569217306,2,1,12.30610412,2.145872042,11.38750435,1.238743605,12.30610412,2.145872042,11.49424716,1.680912178,0.4394660355,322.7126195,0.4394660355,322.7126195,234.4104367313842,18.80346549043076,113.05584407004635,1575.1835368480408,76.72316579324801,0.5776706674354453,235.23498956331912,76.87498789036952,17.326208384308007,23.50271700435973,184.33697352132393,0.8861885648482801,88.73956326861577,0.38395634289815295,3.803465490430762,0.7053619922014971,10.008842361488814,25.417656774937623,2.4223021992437594,1.2170556049645715,0.7779166962378672,58.785953571238714,130.62934633588785,19.19594856815483,0.8031589135955902,0.5256520404889237,17.53938060552759,0.20850050443001608,11.943195015579523,0.9804866290579822,2.424535214637377,0.40918969952345435,28.6819958902192,9.373299825954337,1796.2825193516117,P000081_LH,P000081,LH,production,thermorheo-v2.0-interface-objective-R10,3381,3264,120,states=120 nodes=3381 elems=3264
4.046026768,4.046026768,3.326083233,-7.878235741,3.718588077,-7.993460381,-8.071611979,23.84569273,261.7620098,9.239036163,15.445060925,1,1,0.1776290906,0.05096884937,243.195535,4.046026768,0.4577198417,-7.878235741,-8.887976837,28.125,0.0934336017,0.04994130058,1,178.1249945,-0.7199435350000001,0.8220615986295422,False,-0.008305167000000502,0.1824879307096421,1,2,4.046026768,-2.193034604,3.326083233,-3.245708972,4.046026768,-2.193034604,3.718588077,-2.4448362,0.1849234001,323.15,0.2886847683,320.4701613,234.16821090264307,23.76781347810044,189.05861516122383,5048.122344997878,567.3854844615701,0.3721647130241727,789.782667240224,3429.941923734668,94.89879356047837,22.36205514694362,2330.784514703631,1.6157338166022768,88.9817890973569,0.44560412434462515,8.76781347810044,0.7451832339563351,35.31798227177564,14.379008299633712,0.7292349795008236,2.7958525607240228,1.5321964494375453,93.92907433871403,172.36550993909017,31.553436369052022,0.5823017209388626,0.25773775383355774,14.323043961528327,0.2526813532864252,8.851499586785067,1.5986612854054443,2.546819437123399,0.5687485002744572,8.899367056555949,38.6490023497819,3814.7730594077925,P000082_HL,P000082,HL,production,thermorheo-v2.0-interface-objective-R10,3381,3264,194,states=194 nodes=3381 elems=3264
3.899908084,3.899908084,3.183109725,-7.876360684,3.57388245,-7.99075652,-8.06566225,23.6857445,261.8609077,8.974977905,69.21828041666667,1,2,0.1771302936,0.05087214577,242.8280423,3.899908084,0.3278858675,-7.876360684,-8.874541334,28.125,0.0934336017,0.04994130058,1,178.1249945,-0.7167983590000002,0.8162012171669428,False,-0.006430110000000155,0.18236345871741405,2,1,3.899908084,-2.197290651,3.183109725,-3.236152477,3.899908084,-2.197290651,3.57388245,-2.465801378,0.4776197234,321.9558528,0.4776197234,321.9558528,234.16821090264307,23.76781347810044,189.05861516122383,5048.122344997878,567.3854844615701,0.3721647130241727,789.782667240224,3429.941923734668,94.89879356047837,22.36205514694362,2330.784514703631,1.6157338166022768,88.9817890973569,0.44560412434462515,8.76781347810044,0.7451832339563351,35.31798227177564,14.379008299633712,0.7292349795008236,2.7958525607240228,1.5321964494375453,93.92907433871403,172.36550993909017,31.553436369052022,0.5823017209388626,0.25773775383355774,14.323043961528327,0.2526813532864252,8.851499586785067,1.5986612854054443,2.546819437123399,0.5687485002744572,8.899367056555949,38.6490023497819,3814.7730594077925,P000082_LH,P000082,LH,production,thermorheo-v2.0-interface-objective-R10,3381,3264,194,states=194 nodes=3381 elems=3264
2.555799842,2.555799842,0.3436590572,-6.959420305,2.026160849,-7.0727,-7.122827674,17.35090055,249.0626149,6.956021188,2.536434402777778,1,1,0.1873488788,0.04922530836,253.9813409,2.555799842,-2.929553231,-6.959420305,-8.717059936,1.875,0.1058865229,0.003466365849,1,178.124992,-2.2121407848,0.13446242994172625,False,-0.06460713999999967,0.21559963848080832,1,2,2.555799842,-2.466301193,0.3436590572,-3.77797251,2.555799842,-2.466301193,2.026160849,-2.786365586,4.527525646e-05,323.15,0.2793967585,320.4947349,239.16687945329844,24.084562805042175,116.42713535970132,4004.0774382884374,376.32925209972075,0.6241128989296945,38.39804026871844,51.265912411708925,43.62508751702338,1.410293778434769,45.189804571718355,3.072474337461946,83.98312054670154,0.5001815586449205,9.084562805042175,0.4303063192092096,27.226979836311088,17.759887143522924,1.5640422656540187,1.9068435411473286,3.7301762838696653,29.811164362214203,115.08653326233251,20.88283010158158,0.9061932416969884,0.38490620745209686,11.79931421682246,0.2269698362656798,8.828719865062993,0.8437135411227116,2.2540559030425675,0.5603459509425694,5.780320742465075,7.717409920427932,1742.566403008347,P000083_HL,P000083,HL,production,thermorheo-v2.0-interface-objective-R10,3381,3264,121,states=121 nodes=3381 elems=3264
2.492509235,2.492509235,0.2882735624,-6.953912507,1.974806958,-7.062857757,-7.122114292,17.27242723,249.0476279,6.777544186,54.72436347222222,1,2,0.2035385039,0.049225297630000005,253.4391107,2.492509235,-2.901590263,-6.953912507,-8.629488087,1.875,0.1058865229,0.003466365849,1,178.124992,-2.2042356726,0.11565596562373419,False,-0.059099341999999666,0.2142422264471332,2,1,2.492509235,-2.41494979,0.2882735624,-3.74956265,2.492509235,-2.41494979,1.974806958,-2.756759855,0.1924458584,321.8218854,0.1924458584,321.8218854,239.16687945329844,24.084562805042175,116.42713535970132,4004.0774382884383,376.32925209972075,0.6241128989296945,38.39804026871844,51.265912411708925,43.62508751702338,1.410293778434769,45.189804571718355,3.072474337461946,83.98312054670154,0.5001815586449205,9.084562805042175,0.4303063192092096,27.226979836311088,17.759887143522924,1.5640422656540187,1.9068435411473286,3.7301762838696653,29.811164362214203,115.08653326233251,20.88283010158158,0.9061932416969884,0.38490620745209686,11.79931421682246,0.2269698362656798,8.828719865062993,0.8437135411227116,2.2540559030425675,0.5603459509425694,5.780320742465075,7.717409920427932,1742.566403008347,P000083_LH,P000083,LH,production,thermorheo-v2.0-interface-objective-R10,3381,3264,121,states=121 nodes=3381 elems=3264
6.19153936,6.19153936,4.341982086,-3.038081913,5.723137361,-3.163712983,-4.968966594,18.47732683,265.7080734,9.454773567,3.208954691666667,1,1,0.08965742332,0.04719507531,258.8223095,6.19153936,1.247178116,-3.038081913,-4.432456635,31.875,0.08996723585,0.05594522235,1,178.1249935,-1.8495572740000004,0.7012766670032119,False,-0.013671951000000071,0.10556743840106961,1,2,6.19153936,2.834585509,4.341982086,1.114751578,6.19153936,2.834585509,5.723137361,2.446436569,2.0537275080000002e-20,323.15,0.1231593148,322.3563635,242.7995379291637,21.67127122792978,137.386254381033,1381.6478700040261,113.45200945733528,0.5831708052654853,68.29370075113346,41.33720195854444,14.645765946628696,7.995999966867342,116.1567506890477,8.10650621325576,80.35046207083627,0.6371227260176722,6.671271227929781,0.7163526160024498,8.54098312082528,27.05155387549317,2.2599565683302494,0.4745827802021101,0.715607680808118,86.35244020520832,173.22930938062487,22.898677907477555,0.6007683391099106,0.3081444159866749,12.249621861254269,0.19166239806898006,10.05404425271857,0.9618797587134181,2.4011708637894262,0.429115254942618,3.33701759597229,2.0198491044817715,2947.741228279443,P000084_HL,P000084,HL,production,thermorheo-v2.0-interface-objective-R10,3381,3264,144,states=144 nodes=3381 elems=3264
6.162852458,6.162852458,4.314636705,-3.03628841,5.696274607,-3.161992423,-4.971113908,18.44565016,265.6887482,9.38733916,42.25163872222222,1,2,0.09476904766,0.047194662549999995,258.4831673,6.162852458,1.23965009,-3.03628841,-4.431403025,31.875,0.08996723585,0.05594522235,1,178.1249935,-1.8482157529999999,0.7001038454845969,False,-0.011878448000000041,0.10533685732310037,2,1,6.162852458,2.846755514,4.314636705,1.127095391,6.162852458,2.846755514,5.696274607,2.456001463,0.1123549258,322.6443561,0.1123549258,322.6443561,242.7995379291637,21.67127122792978,137.386254381033,1381.6478700040261,113.45200945733528,0.5831708052654853,68.29370075113346,41.33720195854444,14.645765946628696,7.995999966867342,116.1567506890477,8.10650621325576,80.35046207083627,0.6371227260176722,6.671271227929781,0.7163526160024498,8.54098312082528,27.05155387549317,2.2599565683302494,0.4745827802021101,0.715607680808118,86.35244020520832,173.22930938062487,22.898677907477555,0.6007683391099106,0.3081444159866749,12.249621861254269,0.19166239806898006,10.05404425271857,0.9618797587134181,2.4011708637894262,0.429115254942618,3.33701759597229,2.0198491044817715,2947.741228279443,P000084_LH,P000084,LH,production,thermorheo-v2.0-interface-objective-R10,3381,3264,144,states=144 nodes=3381 elems=3264
-0.5021862315,-0.5021862315,-1.394966456,-9.011032823,-0.859780812,-9.145777921,-14.12293466,22.82211491,194.5227587,8.724626304,4.4526129277777775,1,1,0.4564448258,0.03874437026999998,264.1399364,-0.5021862315,-5.22196034,-9.011032823,-10.76701014,24.375,0.09649987052,0.0437235225,1,178.1249972,-0.8927802244999999,,False,-0.22602018800000145,0.12203812222041831,1,2,-0.5021862315,-5.406118315,-1.394966456,-6.290926699,-0.5021862315,-5.406118315,-0.859780812,-5.649447168,0.01038846602,323.15,0.4731105602,320.7705345,255.31601004693164,21.075746107544497,104.33456212105676,2872.198050766577,278.06459000748384,0.3734704562902155,196.06681195341577,85.94805716780786,69.86974597040819,7.513783386956983,79.05000271953917,0.6258447204098414,67.83398995306834,0.37931654081682287,6.075746107544497,0.6475097710905193,26.094285908449795,11.513206175036927,0.5867927922005227,2.782822584145474,3.053999839737342,27.785553696953585,83.39649252543893,37.53708501000721,0.7995337551672307,0.1258528559983916,13.171884058683021,0.18166440811945606,9.724750337672504,1.2295300104756592,1.9656305380802461,0.4031074010293089,18.396266357407914,8.064206975203843,2878.101278770585,P000085_HL,P000085,HL,production,thermorheo-v2.0-interface-objective-R10,3381,3264,111,states=111 nodes=3381 elems=3264
-0.8639373729,-0.8639373729,-1.723696495,-9.001412553,-1.207216309,-9.135967302,-14.17534727,22.42654003,194.5376405,8.121020313,48.483720222222225,1,2,0.5417156484,0.03873893461,263.8393799,-0.8639373729,-5.398378776,-9.001412553,-10.73510416,24.375,0.09649987052,0.0437235225,1,178.1249972,-0.8597591221,,False,-0.21639991800000047,0.12023531302999484,2,1,-0.8639373729,-5.185734038,-1.723696495,-6.156007506,-0.8639373729,-5.185734038,-1.207216309,-5.447875485,0.6321375186,322.2474294,0.6321375186,322.2474294,255.31601004693164,21.075746107544497,104.33456212105676,2872.198050766576,278.0645900074839,0.3734704562902155,196.06681195341577,85.94805716780786,69.86974597040819,7.513783386956983,79.05000271953917,0.6258447204098414,67.83398995306834,0.37931654081682287,6.075746107544497,0.6475097710905193,26.094285908449795,11.513206175036927,0.5867927922005227,2.782822584145474,3.053999839737342,27.785553696953585,83.39649252543893,37.53708501000721,0.7995337551672307,0.1258528559983916,13.171884058683021,0.18166440811945606,9.724750337672504,1.2295300104756592,1.9656305380802461,0.4031074010293089,18.396266357407914,8.064206975203843,2878.101278770585,P000085_LH,P000085,LH,production,thermorheo-v2.0-interface-objective-R10,3381,3264,111,states=111 nodes=3381 elems=3264
-1.079823143,-1.079823143,-1.988473723,-10.46634193,-1.367386461,-10.55237183,-11.44414563,21.27725416,203.4291932,5.640375063,4.5437815,1,1,2.203787938,0.04219039242,255.1783926,-1.079823143,-4.67766617,-10.46634193,-11.46484,24.375,0.09649987052,0.0437235225,1,1.874997579,-0.90865058,,False,0.003168979999999877,0.15162510447638974,1,2,-1.079823143,-6.536168504,-1.988473723,-7.167316364,-1.079823143,-6.536168504,-1.367386461,-6.72117503,2.422605295,323.15,2.468631443,322.127649,248.07699730533858,22.83559007427534,175.10571110588214,4466.645097385856,439.58628154745816,0.28034105786488145,126.23098233770418,204.959050921138,126.10956843013477,3.5705179000635923,139.13730779079253,1.9470301665758498,75.07300269466141,0.4241249382129632,7.835590074275341,0.4709084490076305,35.35368982058764,34.48378346080835,1.5976406808229546,3.9760496792661266,3.2992502306668188,52.168666822386726,36.963366004644925,30.685893729743647,0.6898651632004491,0.10476175136795818,14.919679816139887,0.24174583892980966,8.157628848312502,1.6790307176092987,2.0148923795766907,0.5847170509507309,17.710965167762836,28.756986157096122,2097.165757338395,P000086_HL,P000086,HL,production,thermorheo-v2.0-interface-objective-R10,3381,3264,181,states=181 nodes=3381 elems=3264
-1.136119819,-1.136119819,-2.028114318,-10.46540051,-1.418562994,-10.55032617,-11.43823341,21.17551216,203.4709547,5.521379445,83.25419536111112,1,2,2.211328129,0.04218996116,254.9783277,-1.136119819,-4.671860433,-10.46540051,-11.44164324,24.375,0.09649987052,0.0437235225,1,1.874997579,-0.8919944990000002,,False,0.0041104000000000696,0.15097625790746738,2,1,-1.136119819,-6.482134656,-2.028114318,-7.151212358,-1.136119819,-6.482134656,-1.418562994,-6.675130371,2.422474647,322.7163955,2.422474647,322.7163955,248.07699730533858,22.83559007427534,175.10571110588214,4466.645097385856,439.58628154745816,0.28034105786488145,126.23098233770418,204.959050921138,126.10956843013477,3.5705179000635923,139.13730779079253,1.9470301665758498,75.07300269466141,0.4241249382129632,7.835590074275341,0.4709084490076305,35.35368982058764,34.48378346080835,1.5976406808229546,3.9760496792661266,3.2992502306668188,52.168666822386726,36.963366004644925,30.685893729743647,0.6898651632004491,0.10476175136795818,14.919679816139887,0.24174583892980966,8.157628848312502,1.6790307176092987,2.0148923795766907,0.5847170509507309,17.710965167762836,28.756986157096122,2097.165757338395,P000086_LH,P000086,LH,production,thermorheo-v2.0-interface-objective-R10,3381,3264,181,states=181 nodes=3381 elems=3264
6.824126192,6.824126192,5.764945623,-6.232978966,6.36636896,-6.323213969,-6.272681647,19.3584402,222.11528,14.34520482,2.4916679480555555,1,1,0.4855805104,0.04353900943,255.1684785,6.824126192,0.139806199,-6.232978966,-7.404067917,20.625,0.09915291209,0.03731851358,1,178.125,-1.0591805689999996,0.8447888360796011,False,-0.008828139000000235,0.11988152976626534,1,2,6.824126192,0.3341956253,5.764945623,-1.415655764,6.824126192,0.3341956253,6.36636896,-0.006189896654,0.5186859988,323.15,0.5046943283,321.7058084,244.30564070553152,18.292216074167122,169.65530565469786,2892.3176486245234,117.50512973571794,0.40743448071252414,70.09855437996599,838.5461802565796,46.44554158790417,3.7043093707390766,1063.4973576720704,8.284202437898738,78.84435929446846,0.5053848647306255,3.292216074167122,0.6663086000104903,18.923515118279674,22.303568873272273,1.4956934680414204,3.4966443006875783,2.4008773697610413,94.71827626788615,141.8621766803373,25.231653604927168,0.742125439857821,0.0011962135137860363,12.724812857635767,0.23964184567130928,12.310725328143686,1.2065263353572182,2.1042681941547077,0.35198722420844925,2.6923012855452995,32.20635545287525,3263.764323136076,P000087_HL,P000087,HL,production,thermorheo-v2.0-interface-objective-R10,3381,3264,175,states=175 nodes=3381 elems=3264
6.824288346,6.824288346,5.760603036,-6.231781545,6.372278958,-6.321485118,-6.258406988,19.3461428,222.1922883,14.33229256,51.11196708333333,1,2,0.4845270679,0.04353330273,254.8159644,6.824288346,0.213461262,-6.231781545,-7.391599456,20.625,0.09915291209,0.03731851358,1,178.125,-1.0636853100000003,0.8441324199579769,False,-0.007630717999999703,0.11966037436134071,2,1,6.824288346,0.3161005722,5.760603036,-1.423297923,6.824288346,0.3161005722,6.372278958,-0.036675892,0.5166190958,322.4201275,0.5166190958,322.4201275,244.30564070553152,18.292216074167122,169.65530565469786,2892.3176486245234,117.50512973571794,0.40743448071252414,70.09855437996599,838.5461802565796,46.44554158790417,3.7043093707390766,1063.4973576720704,8.284202437898738,78.84435929446846,0.5053848647306255,3.292216074167122,0.6663086000104903,18.923515118279674,22.303568873272273,1.4956934680414204,3.4966443006875783,2.4008773697610413,94.71827626788615,141.8621766803373,25.231653604927168,0.742125439857821,0.0011962135137860363,12.724812857635767,0.23964184567130928,12.310725328143686,1.2065263353572182,2.1042681941547077,0.35198722420844925,2.6923012855452995,32.20635545287525,3263.764323136076,P000087_LH,P000087,LH,production,thermorheo-v2.0-interface-objective-R10,3381,3264,175,states=175 nodes=3381 elems=3264
-1.806339097,-1.806339097,-2.419043513,-6.290799578,-2.081264676,-6.428199035,-11.441471,15.84682479,145.4419074,3.674520009,5.752415994444444,1,1,0.4484084937,0.03417238607,276.1358614,-1.806339097,-4.956838289,-6.290799578,-8.311538606,20.625,0.09915291209,0.03731851358,1,178.1249916,-0.6127044160000001,,False,0.00417875300000059,0.061261624339932666,1,2,-1.806339097,-4.513651315,-2.419043513,-4.987065539,-1.806339097,-4.513651315,-2.081264676,-4.7146961,0.530457682,323.15,0.5368090417,322.2119565,268.2140634085198,19.780344479742475,191.18812754375259,2677.5088220982393,236.90208714703914,0.5191200398188551,85.37706899940845,184.48029293711943,59.26546170900485,2.7750561486177707,143.91025896215984,3.5559593963162777,54.93593659148018,0.3811014443094626,4.780344479742475,0.49110106402882137,30.765888842261433,35.03225380819518,2.7750719122866174,2.164211065334412,1.944263403787331,80.85700328821783,65.91079915600368,27.912789378317527,0.8442292292068456,0.40379123759385005,8.938755733640292,0.19614701886342267,9.184058898898952,1.0873976640585041,2.4163658825135896,0.5220916590110983,9.851702425085652,21.287272690536188,3406.97512221981,P000088_HL,P000088,HL,production,thermorheo-v2.0-interface-objective-R10,3381,3264,196,states=196 nodes=3381 elems=3264
-1.815532912,-1.815532912,-2.426600387,-6.289204765,-2.088290555,-6.425810921,-11.43335597,15.8244105,145.4879075,3.660866021,78.43410502777778,1,2,0.4481679785,0.034172602559999994,275.9599329,-1.815532912,-4.949904486,-6.289204765,-8.302195773,20.625,0.09915291209,0.03731851358,1,178.1249916,-0.611067475,,False,0.00577356600000023,0.06122771243958225,2,1,-1.815532912,-4.508352836,-2.426600387,-4.986705854,-1.815532912,-4.508352836,-2.088290555,-4.714488014,0.5233669237,322.7925103,0.5233669237,322.7925103,268.2140634085198,19.780344479742475,191.18812754375259,2677.5088220982393,236.90208714703917,0.5191200398188551,85.37706899940845,184.48029293711943,59.26546170900485,2.7750561486177707,143.91025896215984,3.5559593963162777,54.93593659148018,0.3811014443094626,4.780344479742475,0.49110106402882137,30.765888842261433,35.03225380819518,2.7750719122866174,2.164211065334412,1.944263403787331,80.85700328821783,65.91079915600368,27.912789378317527,0.8442292292068456,0.40379123759385005,8.938755733640292,0.19614701886342267,9.184058898898952,1.0873976640585041,2.4163658825135896,0.5220916590110983,9.851702425085652,21.287272690536188,3406.97512221981,P000088_LH,P000088,LH,production,thermorheo-v2.0-interface-objective-R10,3381,3264,196,states=196 nodes=3381 elems=3264
14.85373342,14.85373342,10.93064548,-8.128292791,14.109024,-8.252398148,-6.51346407,33.0329296,252.6500063,16.11501492,5.384416302777779,1,1,1.265460164,0.046745472540000006,245.9913495,14.85373342,9.065534344,-8.128292791,-9.197177445,1.875,0.1058865229,0.003466365849,1,91.87462113,-3.9230879399999985,0.7358853946632901,False,-0.3396954619999999,0.345004894120927,1,2,14.85373342,6.832434831,10.93064548,4.369993464,14.85373342,6.832434831,14.109024,6.213480522,0.05125475908,323.15,1.071756833,319.4304459,235.50068658475453,22.87719597005114,112.03873844073524,4718.601343019861,347.2845269416557,0.3887641026813031,256.1793725327422,32.55248191589918,72.18003157544538,9.12937261668087,27.84146755328878,0.444203329657238,87.64931341524544,0.7089131182487612,7.87719597005114,0.5040063519300775,28.06100520693615,8.30021132694686,1.513932826960778,0.9905758737823795,3.387870870555244,35.83175755731928,15.561407068416994,26.97752389896849,0.6912141483485911,0.5498550897584177,17.937441036571865,0.20287646268582496,13.788523460669293,1.537799530258314,2.5591302213371807,0.5554240129577964,18.68561258501051,2.3743639456502725,2273.2020316051276,P000089_HL,P000089,HL,production,thermorheo-v2.0-interface-objective-R10,3381,3264,118,states=118 nodes=3381 elems=3264
14.05720412,14.05720412,10.19249208,-8.106973407,13.2911305,-8.23138424,-6.628208815,32.05178209,252.9808412,14.58343684,47.63801241666666,1,2,1.330233414,0.046693417790000004,245.2521884,14.05720412,8.458489708,-8.106973407,-9.182725514,1.875,0.1058865229,0.003466365849,1,91.87462113,-3.8647120400000006,0.7250724961373044,False,-0.318376078,0.34061974605845136,2,1,14.05720412,7.309143845,10.19249208,4.773186676,14.05720412,7.309143845,13.2911305,6.728210448,1.597756277,320.5131593,1.597756277,320.5131593,235.50068658475453,22.87719597005114,112.03873844073524,4718.601343019863,347.2845269416557,0.3887641026813031,256.1793725327422,32.55248191589918,72.18003157544538,9.12937261668087,27.84146755328878,0.444203329657238,87.64931341524544,0.7089131182487612,7.87719597005114,0.5040063519300775,28.06100520693615,8.30021132694686,1.513932826960778,0.9905758737823795,3.387870870555244,35.83175755731928,15.561407068416994,26.97752389896849,0.6912141483485911,0.5498550897584177,17.937441036571865,0.20287646268582496,13.788523460669293,1.537799530258314,2.5591302213371807,0.5554240129577964,18.68561258501051,2.3743639456502725,2273.2020316051276,P000089_LH,P000089,LH,production,thermorheo-v2.0-interface-objective-R10,3381,3264,118,states=118 nodes=3381 elems=3264
-1.127448003,-1.127448003,-2.3315188,-11.44123921,-1.499185685,-11.56250683,-11.98675884,22.17842531,242.6134147,7.430555831,9.898459936111111,1,1,0.6392690573,0.05346853556,248.9097162,-1.127448003,-5.53142776,-11.44123921,-12.58414629,28.125,0.0934336017,0.04994130058,1,178.1249934,-1.204070797,,False,0.005167629999998979,0.1374888757962279,1,2,-1.127448003,-4.875006402,-2.3315188,-5.835227186,-1.127448003,-4.875006402,-1.499185685,-5.174611444,0.673681445,323.15,0.7320687284,322.2912346,231.73455718662677,21.871411509516136,107.59662544256746,1653.8710198121285,121.64224658725902,0.47653286293283587,290.40727886222993,728.7970657074422,20.079236950141404,30.350610873007636,1828.0067552028447,1.8222538845673089,91.4154428133732,0.6294166842654738,6.871411509516138,0.7618712060891837,9.568416269357666,27.45755301366633,0.33004366799789003,0.6284153712126666,1.4827824451492988,56.11975692146606,104.70893382027413,36.96302358847879,0.6981543004240399,0.3094854396948045,12.114997051735497,0.23998568437891693,9.0446762111127,1.0498077181203038,2.1414558368626393,0.6087820024330246,15.067907521671206,37.81395160330918,2423.6999339721137,P000090_HL,P000090,HL,production,thermorheo-v2.0-interface-objective-R10,3381,3264,114,states=114 nodes=3381 elems=3264
-1.151508017,-1.151508017,-2.352830508,-11.43839269,-1.521215452,-11.5593633,-11.98359002,22.14217239,242.5905554,7.37269921,49.36567069444445,1,2,0.6370787421,0.053467556799999996,248.5357227,-1.151508017,-5.523441994,-11.43839269,-12.57736702,28.125,0.0934336017,0.04994130058,1,178.1249934,-1.2013224909999998,,False,0.008014149999999276,0.1374092066190533,2,1,-1.151508017,-4.871161586,-2.352830508,-5.831353576,-1.151508017,-4.871161586,-1.521215452,-5.173881503,0.7276138243,322.6094787,0.7276138243,322.6094787,231.73455718662677,21.871411509516136,107.59662544256746,1653.8710198121287,121.64224658725907,0.47653286293283587,290.40727886222993,728.7970657074422,20.079236950141404,30.350610873007636,1828.0067552028447,1.8222538845673089,91.4154428133732,0.6294166842654738,6.871411509516138,0.7618712060891837,9.568416269357666,27.45755301366633,0.33004366799789003,0.6284153712126666,1.4827824451492988,56.11975692146606,104.70893382027413,36.96302358847879,0.6981543004240399,0.3094854396948045,12.114997051735497,0.23998568437891693,9.0446762111127,1.0498077181203038,2.1414558368626393,0.6087820024330246,15.067907521671206,37.81395160330918,2423.6999339721137,P000090_LH,P000090,LH,production,thermorheo-v2.0-interface-objective-R10,3381,3264,114,states=114 nodes=3381 elems=3264
2.59849725,2.59849725,1.323703455,-6.753159867,2.107840971,-6.856613144,-9.507520188,19.00975941,180.2047759,4.912341225,2.7933039472222223,1,1,0.09517745691,0.035722923360000006,282.3933849,2.59849725,-2.120912417,-6.753159867,-7.995721801,1.875,0.1058865229,0.003466365849,1,1.874987898,-1.274793795,0.5094111433060012,False,-0.031654163999999874,0.17141817139603863,1,2,2.59849725,-1.795428347,1.323703455,-2.781294803,2.59849725,-1.795428347,2.107840971,-2.116098758,3.575955001e-07,323.15,0.1843082818,321.8473033,272.78750919404405,24.600367896795436,127.3537981510977,1512.4865660821733,250.4408237482588,0.5668808475135622,42.122745576723574,25.776141762871724,27.374435486601058,2.7144366763323777,39.86503934680546,3.0539580575931637,50.36249080595593,0.5486915243905933,9.600367896795436,0.5257044763457099,15.51804318884974,16.617436082717187,0.8535485491137194,2.3064843167171025,2.2811107380620945,68.81798848289522,68.36335052176555,20.73021208173562,0.7712028058096075,0.4868087288809465,11.658149013074144,0.24938824563132878,11.592978382094781,0.8949946387256134,2.1717944703390373,0.621979475739284,5.441278422734284,3.3296776379447817,3582.191972784474,P000091_HL,P000091,HL,production,thermorheo-v2.0-interface-objective-R10,3381,3264,133,states=133 nodes=3381 elems=3264
2.537091829,2.537091829,1.263840062,-6.751254705,2.054417841,-6.854331498,-9.502643412,18.93514317,180.3028699,4.784677778,40.36992683333334,1,2,0.09979307571,0.03572552435,282.0477296,2.537091829,-2.125063859,-6.751254705,-7.990646566,1.875,0.1058865229,0.003466365849,1,1.874987898,-1.2732517669999999,0.49814517848892576,False,-0.02974900199999997,0.1713304002600288,2,1,2.537091829,-1.759302332,1.263840062,-2.751846379,2.537091829,-1.759302332,2.054417841,-2.09238251,0.1369826868,322.4352213,0.1369826868,322.4352213,272.78750919404405,24.600367896795436,127.3537981510977,1512.4865660821733,250.44082374825877,0.5668808475135622,42.122745576723574,25.776141762871724,27.374435486601058,2.7144366763323777,39.86503934680546,3.0539580575931637,50.36249080595593,0.5486915243905933,9.600367896795436,0.5257044763457099,15.51804318884974,16.617436082717187,0.8535485491137194,2.3064843167171025,2.2811107380620945,68.81798848289522,68.36335052176555,20.73021208173562,0.7712028058096075,0.4868087288809465,11.658149013074144,0.24938824563132878,11.592978382094781,0.8949946387256134,2.1717944703390373,0.621979475739284,5.441278422734284,3.3296776379447817,3582.191972784474,P000091_LH,P000091,LH,production,thermorheo-v2.0-interface-objective-R10,3381,3264,133,states=133 nodes=3381 elems=3264
-5.72387301,-5.72387301,-6.850901883,-13.2550637,-6.175714234,-13.35611621,-17.0419756,19.86237759,202.4938728,4.855345101,1.5873937480555556,1,1,0.1151443885,0.02871653364,282.9246635,-5.72387301,-9.833575759,-13.2550637,-14.21960591,20.625,0.09915291209,0.03731851358,1,178.1249922,-1.1270288729999995,,False,-0.03926789999999869,0.06253256174476905,1,2,-5.72387301,-9.774365376,-6.850901883,-10.53306071,-5.72387301,-9.774365376,-6.175714234,-10.03745683,2.611593053e-07,323.15,0.1012710871,322.167772,272.39230616804906,18.528915791876457,104.63416956503409,1617.4126803976246,113.98352992253027,0.6286411525925973,24.112404829649524,25.946209932957622,30.61952285225844,1.252677566724117,32.350719411841816,4.640426894522814,50.7576938319509,0.450201843049585,3.5289157918764564,0.5975629016720878,19.248692137679118,26.54189343977689,0.6249591411243567,1.3140893578745279,2.195594580816015,31.32560569026915,129.61998701052568,33.36735208647822,0.7918541447067518,0.3718132140329062,13.969750047993285,0.23282889078263708,10.52535819406862,0.727412542529765,1.9574473875462568,0.6359511802358275,5.719709423955111,6.154706779266217,2495.1696999108644,P000092_HL,P000092,HL,production,thermorheo-v2.0-interface-objective-R10,3381,3264,112,states=112 nodes=3381 elems=3264
-5.75045615,-5.75045615,-6.876671534,-13.25091161,-6.196343407,-13.34869125,-17.04073073,19.82777504,202.4938728,4.784297407,51.512622416666666,1,2,0.1255532764,0.028715109360000005,282.6794469,-5.75045615,-9.81183697,-13.25091161,-14.17215591,20.625,0.09915291209,0.03731851358,1,178.1249922,-1.126215384,,False,-0.03511580999999886,0.06238766708048003,2,1,-5.75045615,-9.756390045,-6.876671534,-10.51517412,-5.75045615,-9.756390045,-6.196343407,-10.03052067,0.07200347601,322.7077991,0.07200347601,322.7077991,272.39230616804906,18.528915791876457,104.63416956503409,1617.4126803976246,113.98352992253025,0.6286411525925973,24.112404829649524,25.946209932957622,30.61952285225844,1.252677566724117,32.350719411841816,4.640426894522814,50.7576938319509,0.450201843049585,3.5289157918764564,0.5975629016720878,19.248692137679118,26.54189343977689,0.6249591411243567,1.3140893578745279,2.195594580816015,31.32560569026915,129.61998701052568,33.36735208647822,0.7918541447067518,0.3718132140329062,13.969750047993285,0.23282889078263708,10.52535819406862,0.727412542529765,1.9574473875462568,0.6359511802358275,5.719709423955111,6.154706779266217,2495.1696999108644,P000092_LH,P000092,LH,production,thermorheo-v2.0-interface-objective-R10,3381,3264,112,states=112 nodes=3381 elems=3264
5.851640572,5.851640572,4.906249793,-3.594030415,5.496703468,-3.717589115,-5.058776388,17.56646909,246.2978115,10.01358522,14.83996825,1,1,0.3340973808,0.040980584720000005,262.689229,5.851640572,2.27787756,-3.594030415,-5.040615856,28.125,0.0934336017,0.04994130058,1,178.1249905,-0.9453907790000002,0.8384400464506178,False,-0.06298979500000002,0.11265230915377354,1,2,5.851640572,2.394914549,4.906249793,1.880636331,5.851640572,2.394914549,5.496703468,2.125802585,2.288986813e-08,323.15,0.5380880685,319.3108259,252.49233491238624,21.904035344393648,144.15417287320784,3552.189475031739,278.36682535094326,0.34617586933242084,923.7857168888931,137.88740331842754,77.62331548889338,34.378131066827436,123.15352715458012,0.23884829592713278,70.65766508761374,0.6973204563557931,6.904035344393646,0.43144991269043564,26.871318719832434,7.527484227698645,0.906691877851309,1.6843749787529807,1.220275924680931,75.26136564327388,179.77060771711348,21.200939632133256,0.6579846274268548,0.4660224274562574,11.859189030094779,0.21510829735662915,10.333933309936985,1.1602824801054434,1.7193608399501117,0.3939468737161095,31.5157543765567,4.70414886824607,3900.7827886616355,P000093_HL,P000093,HL,production,thermorheo-v2.0-interface-objective-R10,3381,3264,149,states=149 nodes=3381 elems=3264
5.664503354,5.664503354,4.715038801,-3.591935874,5.314685391,-3.715897229,-5.096444677,17.34635727,246.1881081,9.663111723,51.05964591666667,1,2,0.3525937513,0.04097879699,261.9845245,5.664503354,2.159035808,-3.591935874,-5.04222787,28.125,0.0934336017,0.04994130058,1,178.1249905,-0.9494645529999994,0.8323834423490043,False,-0.06089525399999962,0.11169220381183784,2,1,5.664503354,2.455681071,4.715038801,1.96390483,5.664503354,2.455681071,5.314685391,2.171808206,0.3684057049,320.4728654,0.3684057049,320.4728654,252.49233491238624,21.904035344393648,144.15417287320784,3552.189475031739,278.36682535094326,0.34617586933242084,923.7857168888931,137.88740331842754,77.62331548889338,34.378131066827436,123.15352715458012,0.23884829592713278,70.65766508761374,0.6973204563557931,6.904035344393646,0.43144991269043564,26.871318719832434,7.527484227698645,0.906691877851309,1.6843749787529807,1.220275924680931,75.26136564327388,179.77060771711348,21.200939632133256,0.6579846274268548,0.4660224274562574,11.859189030094779,0.21510829735662915,10.333933309936985,1.1602824801054434,1.7193608399501117,0.3939468737161095,31.5157543765567,4.70414886824607,3900.7827886616355,P000093_LH,P000093,LH,production,thermorheo-v2.0-interface-objective-R10,3381,3264,149,states=149 nodes=3381 elems=3264
6.931222251,6.931222251,5.907480993,-5.449222536,6.321904508,-5.592878363,-5.993449689,20.98943668,229.8060626,9.447177972,4.054478288888888,1,1,0.2316410504,0.04379781934,257.3887965,6.931222251,1.933471959,-5.449222536,-7.535984607,1.875,0.1058865229,0.003466365849,1,91.87457997,-1.0237412580000003,0.8523000387338178,False,-0.039550634999999446,0.20646539256005894,1,2,6.931222251,1.467375845,5.907480993,-0.01913065899,6.931222251,1.467375845,6.321904508,1.018084003,0.1910801497,323.15,0.5117959437,320.5403372,246.22800760612864,22.39220516475555,108.61031284440277,3099.871762772485,308.65236752763093,0.4407896088276379,85.64359509134752,123.4350100808834,48.06576050090859,4.042292385003167,139.82422875001058,2.638577023379866,76.92199239387132,0.5338931257807495,7.3922051647555485,0.7668891119479826,21.186887769198425,12.984224431470778,1.165357229231625,3.7233249527690884,1.5588182616443185,40.35731198724508,31.34737464141225,22.09777111204466,0.897845726804344,0.6097947659323912,10.81437639293635,0.19407003317384522,13.480977124841118,1.2766324360820605,2.408816556031186,0.5123472774288398,4.920919236550741,7.092342572996683,2954.9870597427207,P000094_HL,P000094,HL,production,thermorheo-v2.0-interface-objective-R10,3381,3264,115,states=115 nodes=3381 elems=3264
6.814179115,6.814179115,5.795173623,-5.442861939,6.216043166,-5.584041078,-5.997880245,20.84858939,229.8964081,9.219911934,44.673090944444446,1,2,0.2299524758,0.04379582322,256.8875348,6.814179115,1.871450714,-5.442861939,-7.51705135,1.875,0.1058865229,0.003466365849,1,91.87457997,-1.0190054919999998,0.8504580706197067,False,-0.033190037999999866,0.2060791708780616,2,1,6.814179115,1.508971562,5.795173623,0.00669404721,6.814179115,1.508971562,6.216043166,1.037931981,0.4092619039,321.756719,0.4092619039,321.756719,246.22800760612864,22.39220516475555,108.61031284440277,3099.871762772485,308.65236752763093,0.4407896088276379,85.64359509134752,123.4350100808834,48.06576050090859,4.042292385003167,139.82422875001058,2.638577023379866,76.92199239387132,0.5338931257807495,7.3922051647555485,0.7668891119479826,21.186887769198425,12.984224431470778,1.165357229231625,3.7233249527690884,1.5588182616443185,40.35731198724508,31.34737464141225,22.09777111204466,0.897845726804344,0.6097947659323912,10.81437639293635,0.19407003317384522,13.480977124841118,1.2766324360820605,2.408816556031186,0.5123472774288398,4.920919236550741,7.092342572996683,2954.9870597427207,P000094_LH,P000094,LH,production,thermorheo-v2.0-interface-objective-R10,3381,3264,115,states=115 nodes=3381 elems=3264
-0.04094033529,-0.04094033529,-1.453692241,-6.975999482,-0.3890655545,-7.091339504,-10.34826384,16.96608371,159.904185,5.504464181,3.121136766666667,1,1,0.3763582564,0.03201374687,280.108204,-0.04094033529,-3.727787833,-6.975999482,-8.550160089,5.625,0.1054331006,0.01038425404,1,1.874986667,-1.41275190571,,False,-0.03713272899999964,0.12214424281281,1,2,-0.04094033529,-3.084128224,-1.453692241,-3.582250378,-0.04094033529,-3.084128224,-0.3890655545,-3.302458633,0.3578772921,323.15,1.482478648,320.9259055,274.4147729786899,23.300212856171235,157.790096836524,2353.09484849349,295.03231264663253,0.2372912160861761,30.097606270347825,61.4409315741225,93.92715070523147,1.3503897921186605,66.16011073095666,0.47241092785148847,48.73522702131008,0.7380093455881797,8.300212856171235,0.41976962195980266,22.288087814353908,6.968214893466545,2.1520894698137196,3.34345026720473,2.1463811842560516,90.96186447180062,128.74301714108785,25.58035471554456,0.8185960597263836,0.531948876420072,9.811754776467108,0.25361070848570916,10.595239121134298,1.6208396012539916,1.6463728896835808,0.4315666055754206,14.750325368546804,30.11115646621336,1297.681506012735,P000095_HL,P000095,HL,production,thermorheo-v2.0-interface-objective-R10,3381,3264,165,states=165 nodes=3381 elems=3264
-0.5289153159,-0.5289153159,-1.706969736,-6.976777632,-0.8501127215,-7.091996496,-10.40160199,16.43236465,159.6714783,4.575341862,40.01936038888889,1,2,0.3761424828,0.032006172529999995,279.6811112,-0.5289153159,-3.985732844,-6.976777632,-8.54838781,9.375,0.1045281975,0.01725767525,1,1.874986667,-1.1780544201,,False,-0.03791087900000001,0.12442428261693368,2,1,-0.5289153159,-2.424709374,-1.706969736,-3.2900018,-0.5289153159,-2.424709374,-0.8501127215,-2.684791593,1.285372085,321.5085975,1.285372085,321.5085975,274.4147729786899,23.300212856171235,157.790096836524,2353.0948484934906,295.03231264663253,0.2372912160861761,30.097606270347825,61.4409315741225,93.92715070523147,1.3503897921186605,66.16011073095666,0.47241092785148847,48.73522702131008,0.7380093455881797,8.300212856171235,0.41976962195980266,22.288087814353908,6.968214893466545,2.1520894698137196,3.34345026720473,2.1463811842560516,90.96186447180062,128.74301714108785,25.58035471554456,0.8185960597263836,0.531948876420072,9.811754776467108,0.25361070848570916,10.595239121134298,1.6208396012539916,1.6463728896835808,0.4315666055754206,14.750325368546804,30.11115646621336,1297.681506012735,P000095_LH,P000095,LH,production,thermorheo-v2.0-interface-objective-R10,3381,3264,165,states=165 nodes=3381 elems=3264
6.539782496,6.539782496,6.296907959,-2.310615692,6.135374601,-2.459016274,-3.11654295,15.56634755,293.2875596,8.300173393,10.660443216666668,1,1,0.2497724141,0.05679998282,252.1922873,6.539782496,3.240336063,-2.310615692,-3.889765755,35.625,0.08611561649,0.06170957809,1,178.1249874,-0.2428745369999996,0.9628619855249694,False,-0.010993779999999731,0.06342713737038558,1,2,6.539782496,2.130881783,6.296907959,1.991041766,6.539782496,2.130881783,6.135374601,1.852837499,0.2634579922,323.15,0.3061251214,322.0507215,231.0797357182949,19.600141900803923,148.25910849380793,1996.8364081465613,81.55428548759994,0.7278328535210601,1560.0987197796642,635.8607194718693,13.908572309775526,154.11250245569582,1507.5059358540418,1.0111961246045431,92.07026428170508,0.5063085542024189,4.600141900803922,0.5495474615028817,10.123115872627924,31.053682696588,0.537327343458169,2.0987933973916837,3.8153172695879674,84.05631803108841,45.34722799116906,22.697804752050843,0.59012019819058,0.6417977831245795,8.013319389640545,0.18621951973183037,12.131708935842498,0.8059956901983389,2.5111397327489158,0.5439204989077916,30.709851374017507,12.516636249989878,3185.7329282490437,P000096_HL,P000096,HL,production,thermorheo-v2.0-interface-objective-R10,3381,3264,156,states=156 nodes=3381 elems=3264
6.498122499,6.498122499,6.255521219,-2.306928202,6.095863807,-2.455212293,-3.122041665,15.51906239,293.2598936,8.223004637,58.28867980555555,1,2,0.2524767684,0.05679799904,251.8067553,6.498122499,3.215846746,-2.306928202,-3.885861481,35.625,0.08611561649,0.06170957809,1,178.1249874,-0.2426012799999997,0.9626659423491426,False,-0.0073062899999998265,0.06302788517211462,2,1,6.498122499,2.138879565,6.255521219,1.99997412,6.498122499,2.138879565,6.095863807,1.858518422,0.3294678277,322.5934259,0.3294678277,322.5934259,231.0797357182949,19.600141900803923,148.25910849380793,1996.8364081465618,81.55428548759996,0.7278328535210601,1560.0987197796642,635.8607194718693,13.908572309775526,154.11250245569582,1507.5059358540418,1.0111961246045431,92.07026428170508,0.5063085542024189,4.600141900803922,0.5495474615028817,10.123115872627924,31.053682696588,0.537327343458169,2.0987933973916837,3.8153172695879674,84.05631803108841,45.34722799116906,22.697804752050843,0.59012019819058,0.6417977831245795,8.013319389640545,0.18621951973183037,12.131708935842498,0.8059956901983389,2.5111397327489158,0.5439204989077916,30.709851374017507,12.516636249989878,3185.7329282490437,P000096_LH,P000096,LH,production,thermorheo-v2.0-interface-objective-R10,3381,3264,156,states=156 nodes=3381 elems=3264
-7.036693905,-7.036693905,-8.014358987,-19.9576982,-7.40125756,-20.01332404,-15.85637786,20.45666379,197.3356527,5.53370275,3.1745149305555556,1,1,0.1632399881,0.03943414347,258.9780198,-7.036693905,-10.66445695,-19.9576982,-20.50557777,1.875,0.1058865229,0.003466365849,1,1.874989218,-0.9776650819999997,,False,-0.008741479999997637,0.09245565038141446,1,2,-7.036693905,-13.74662808,-8.014358987,-14.47849351,-7.036693905,-13.74662808,-7.40125756,-14.00846913,0.1764895497,323.15,0.5376381231,322.0984024,250.66526641151427,19.05170575712534,162.08051822738912,2657.389581274466,151.29097419897786,0.23936443874425334,41.63225203446783,10.665127145427727,86.36623890510376,2.013846047659552,12.381510833566859,2.0775743989653916,72.48473358848571,0.47126165030496064,4.05170575712534,0.6614766476465659,20.673006301972258,24.943381286683344,1.2056571886910405,2.3963822460729363,2.4922065568470506,83.6026323535392,11.050289151881383,31.31092542247001,0.9142478866451049,0.43764127993481283,15.888309944744893,0.2699758733478717,10.21481845230965,1.6506796568944937,1.6913322647191256,0.7433728503420147,12.006011095970793,3.075635561149421,1389.588733209099,P000097_HL,P000097,HL,production,thermorheo-v2.0-interface-objective-R10,3381,3264,168,states=168 nodes=3381 elems=3264
-7.136052985,-7.136052985,-8.09243203,-19.95908245,-7.502839162,-20.01387534,-15.85602313,20.31659234,197.2953378,5.311122906,54.88514850000001,1,2,0.1840887677,0.03943191440999999,258.7305313,-7.136052985,-10.68571671,-19.95908245,-20.49974274,1.875,0.1058865229,0.003466365849,1,91.87469826,-0.9563790449999994,,False,-0.010125729999998612,0.09177475915879713,2,1,-7.136052985,-13.63173803,-8.09243203,-14.41199498,-7.136052985,-13.63173803,-7.502839162,-13.91370438,0.3771230492,322.6544224,0.3771230492,322.6544224,250.66526641151427,19.05170575712534,162.08051822738912,2657.389581274466,151.29097419897784,0.23936443874425334,41.63225203446783,10.665127145427727,86.36623890510376,2.013846047659552,12.381510833566859,2.0775743989653916,72.48473358848571,0.47126165030496064,4.05170575712534,0.6614766476465659,20.673006301972258,24.943381286683344,1.2056571886910405,2.3963822460729363,2.4922065568470506,83.6026323535392,11.050289151881383,31.31092542247001,0.9142478866451049,0.43764127993481283,15.888309944744893,0.2699758733478717,10.21481845230965,1.6506796568944937,1.6913322647191256,0.7433728503420147,12.006011095970793,3.075635561149421,1389.588733209099,P000097_LH,P000097,LH,production,thermorheo-v2.0-interface-objective-R10,3381,3264,168,states=168 nodes=3381 elems=3264
-4.540927767,-4.540927767,-5.963872478,-13.52967919,-4.969853984,-13.62862363,-16.70854093,20.88645324,212.8040197,9.396456247,3.302925797222222,1,1,0.4209497878,0.03464966834999998,272.1204837,-4.540927767,-9.816504349,-13.52967919,-14.6823757,20.625,0.09915291209,0.03731851358,1,91.87490419,-1.4229447109999995,,False,-0.1429190699999996,0.12458536154367762,1,2,-4.540927767,-10.44703563,-5.963872478,-11.16798422,-4.540927767,-10.44703563,-4.969853984,-10.67285619,4.32633101e-07,323.15,1.022199049,321.1743406,261.43552958534565,22.092214994052156,114.59765936624453,2061.3075600418115,199.05071932845172,0.6038212496879763,53.757545186870786,9.369302517948029,29.03837823675998,3.0659048904552004,12.824420598854292,1.0833518051118898,61.71447041465435,0.39538876048024046,7.0922149940521555,0.36744447895885796,17.533989835832546,13.600912825717245,2.3288152501891495,3.6521645170370673,3.171867325665865,47.623072683078036,76.42492915353498,37.76980771442544,0.8012609173868419,0.13871303295003867,15.931995404370333,0.2638141148670357,8.111179451034157,0.8998365566527539,2.3258330118320654,0.360259584841353,12.554474697452992,2.188096033505063,1990.9836014249126,P000098_HL,P000098,HL,production,thermorheo-v2.0-interface-objective-R10,3381,3264,121,states=121 nodes=3381 elems=3264
-4.877861431,-4.877861431,-6.235733898,-13.55056379,-5.294455376,-13.65002626,-16.75737138,20.50623062,212.7596811,8.706365354,43.590675555555556,1,2,0.5201876639,0.034648432209999996,271.8045502,-4.877861431,-9.923796364,-13.55056379,-14.69566723,20.625,0.09915291209,0.03731851358,1,91.87490419,-1.357872467,,False,-0.16380367000000007,0.12269155508143104,2,1,-4.877861431,-10.01357633,-6.235733898,-10.92251605,-4.877861431,-10.01357633,-5.294455376,-10.26525784,0.7380029751,322.3688465,0.7380029751,322.3688465,261.43552958534565,22.092214994052156,114.59765936624453,2061.307560041812,199.05071932845166,0.6038212496879763,53.757545186870786,9.369302517948029,29.03837823675998,3.0659048904552004,12.824420598854292,1.0833518051118898,61.71447041465435,0.39538876048024046,7.0922149940521555,0.36744447895885796,17.533989835832546,13.600912825717245,2.3288152501891495,3.6521645170370673,3.171867325665865,47.623072683078036,76.42492915353498,37.76980771442544,0.8012609173868419,0.13871303295003867,15.931995404370333,0.2638141148670357,8.111179451034157,0.8998365566527539,2.3258330118320654,0.360259584841353,12.554474697452992,2.188096033505063,1990.9836014249126,P000098_LH,P000098,LH,production,thermorheo-v2.0-interface-objective-R10,3381,3264,121,states=121 nodes=3381 elems=3264
1.214748419,1.214748419,-0.5598872375,-10.11696123,0.9190065899,-10.25877669,-12.20672607,27.3328904,246.2892256,6.301783829,1.32263226,1,1,0.1031049908,0.04406487121000001,254.9138078,1.214748419,-2.834420859,-10.11696123,-11.14703997,151.875,-0.0934336017,0.04994130058,1,178.1249901,-1.7746356565,-0.46090797793415367,False,-0.025272879999999276,0.07836223443567611,1,2,1.214748419,-6.076448333,-0.5598872375,-6.944130061,1.214748419,-6.076448333,0.9190065899,-6.334113883,1.968371755e-05,323.15,0.04226649858,321.5978013,243.88939587213093,19.36227260297138,123.65226303966773,3642.0216156866227,210.9067553140604,0.5080088593827882,33.40254553031018,79.37309672962172,63.32348899714406,1.0383492244112567,59.21727853001055,8.120253680044739,79.26060412786903,0.3554133465706424,4.362272602971382,0.47699639636714064,32.16889341757769,28.714399574708203,0.34781730794697324,0.7822714864635838,1.5519893315442541,25.23592037789452,118.79070168691209,35.98293283861091,0.6490580630573237,0.48291590967265585,15.594563277243154,0.1911287081059079,10.856533087318804,1.1886074767006982,2.5847363407529973,0.7119018800369372,3.5361456311731874,8.402797594526094,2232.909339957695,P000099_HL,P000099,HL,production,thermorheo-v2.0-interface-objective-R10,3381,3264,130,states=130 nodes=3381 elems=3264
1.193363848,1.193363848,-0.5820930177,-10.09921656,0.8957309439,-10.23069778,-12.20737611,27.30246132,246.2892256,6.236507735,65.86281833333334,1,2,0.1009237452,0.04406386154000001,254.6579821,1.193363848,-2.81548817,-10.09921656,-11.02954485,28.125,0.0934336017,0.04994130058,1,178.1249901,-1.7754568656999998,-0.48777497213071264,False,-0.007528210000000257,0.07752463741087279,2,1,1.193363848,-6.084887591,-0.5820930177,-6.93818071,1.193363848,-6.084887591,0.8957309439,-6.331226297,0.0655076136,322.5983279,0.0655076136,322.5983279,243.88939587213093,19.36227260297138,123.65226303966773,3642.0216156866227,210.90675531406032,0.5080088593827882,33.40254553031018,79.37309672962172,63.32348899714406,1.0383492244112567,59.21727853001055,8.120253680044739,79.26060412786903,0.3554133465706424,4.362272602971382,0.47699639636714064,32.16889341757769,28.714399574708203,0.34781730794697324,0.7822714864635838,1.5519893315442541,25.23592037789452,118.79070168691209,35.98293283861091,0.6490580630573237,0.48291590967265585,15.594563277243154,0.1911287081059079,10.856533087318804,1.1886074767006982,2.5847363407529973,0.7119018800369372,3.5361456311731874,8.402797594526094,2232.909339957695,P000099_LH,P000099,LH,production,thermorheo-v2.0-interface-objective-R10,3381,3264,130,states=130 nodes=3381 elems=3264
4.789725228,4.789725228,3.810591055,-8.261269756,4.370977752,-8.368485742,-7.140984477,19.70599568,252.8312831,7.279258365,5.999231797222222,1,1,0.02995814817,0.051893470100000005,242.4778529,4.789725228,1.268491136,-8.261269756,-9.335912012,24.375,0.09649987052,0.0437235225,1,178.1249906,-0.9791341729999998,0.7955761288192209,False,-0.0003954660000005106,0.11728564706898284,1,2,4.789725228,-0.1889210128,3.810591055,-1.117098557,4.789725228,-0.1889210128,4.370977752,-0.5267651573,0.01421269532,323.15,0.04164542302,321.9136248,230.51893928225957,19.384465772926305,135.98211617130193,2876.5285128334735,115.91530935889925,0.28342163453022223,84.02593062552259,739.8803743203001,56.20604303194428,5.274694622340509,1114.6967615972078,11.179391039322201,92.63106071774041,0.6387438930311802,4.384465772926303,0.5465961058787714,15.930008586589658,23.023793247255288,2.0167296492253897,0.31152889895017233,3.3994750306686323,69.64283859317894,117.59644057659256,27.596545574500677,0.6986794103236504,0.45664510247435647,10.408726256012073,0.24907566608540427,12.069784037188642,1.5660391505321276,1.899949765535897,0.6779112560070981,2.0594854555379434,18.134555111821477,2982.44361703754,P000100_HL,P000100,HL,production,thermorheo-v2.0-interface-objective-R10,3381,3264,143,states=143 nodes=3381 elems=3264
4.801062752,4.801062752,3.816750003,-8.259458088,4.388984759,-8.365945896,-7.12316312,19.70041638,252.910487,7.268409592,50.68076722222222,1,2,0.02834568675,0.05188380391999999,242.0456531,4.801062752,1.321712165,-8.259458088,-9.327886566,24.375,0.09649987052,0.0437235225,1,178.1249906,-0.9843127489999999,0.7949802367007263,False,0.0014162019999997,0.11719352896097032,2,1,4.801062752,-0.2158836813,3.816750003,-1.131722647,4.801062752,-0.2158836813,4.388984759,-0.5663968639,0.02295953142,322.3602729,0.02295953142,322.3602729,230.51893928225957,19.384465772926305,135.98211617130193,2876.5285128334735,115.91530935889926,0.28342163453022223,84.02593062552259,739.8803743203001,56.20604303194428,5.274694622340509,1114.6967615972078,11.179391039322201,92.63106071774041,0.6387438930311802,4.384465772926303,0.5465961058787714,15.930008586589658,23.023793247255288,2.0167296492253897,0.31152889895017233,3.3994750306686323,69.64283859317894,117.59644057659256,27.596545574500677,0.6986794103236504,0.45664510247435647,10.408726256012073,0.24907566608540427,12.069784037188642,1.5660391505321276,1.899949765535897,0.6779112560070981,2.0594854555379434,18.134555111821477,2982.44361703754,P000100_LH,P000100,LH,production,thermorheo-v2.0-interface-objective-R10,3381,3264,143,states=143 nodes=3381 elems=3264
-6.649429497,-6.649429497,-7.200700301,-12.93851229,-6.956416205,-13.04641982,-17.18654748,20.31987878,206.7794087,2.63210207,3.0105997833333333,1,1,0.01129622991,0.038791875399999995,269.0896797,-6.649429497,-11.04206152,-12.93851229,-14.71123074,1.875,0.1058865229,0.003466365849,1,178.124998,-0.5512708040000005,,False,0.002312699999999168,0.11162000060483128,1,2,-6.649429497,-9.163533568,-7.200700301,-9.674004522,-6.649429497,-9.163533568,-6.956416205,-9.407319021,0.005053290919,323.15,0.02008816951,321.9469572,258.43216091557815,20.847740111245457,102.11553418084502,2175.1982695424417,168.1084987044399,0.4205181630149768,38.45798525590839,441.4181312269624,37.03790844919397,2.4691945866041096,680.1899284957888,10.677721247985835,64.71783908442181,0.603200413057509,5.8477401112454555,0.6225089796617256,15.575113222971936,21.608632557812914,1.0637106312919096,3.2220466115763693,3.271212622227054,34.24273544689757,165.70760361318358,35.173401904157956,0.8964410017052871,0.0878513663220334,10.500490821091638,0.18465743683214192,9.488262939636188,1.002458301379163,1.8045028825473075,0.7610193523103543,2.023711993969594,23.228028212486958,3799.7749263196924,P000101_HL,P000101,HL,production,thermorheo-v2.0-interface-objective-R10,3381,3264,110,states=110 nodes=3381 elems=3264
-6.644546983,-6.644546983,-7.198921134,-12.93612815,-6.946535754,-13.04239252,-17.17508272,20.31932551,206.7794087,2.627750172,47.75131541666667,1,2,0.01245628781,0.0387861483,268.7094633,-6.644546983,-10.97377634,-12.93612815,-14.68037198,1.875,0.1058865229,0.003466365849,1,178.124998,-0.5543741510000002,,False,0.004696839999999369,0.11181857432313068,2,1,-6.644546983,-9.174629553,-7.198921134,-9.679078061,-6.644546983,-9.174629553,-6.946535754,-9.428475253,0.01043036519,322.4243241,0.01043036519,322.4243241,258.43216091557815,20.847740111245457,102.11553418084502,2175.1982695424413,168.1084987044399,0.4205181630149768,38.45798525590839,441.4181312269624,37.03790844919397,2.4691945866041096,680.1899284957888,10.677721247985835,64.71783908442181,0.603200413057509,5.8477401112454555,0.6225089796617256,15.575113222971936,21.608632557812914,1.0637106312919096,3.2220466115763693,3.271212622227054,34.24273544689757,165.70760361318358,35.173401904157956,0.8964410017052871,0.0878513663220334,10.500490821091638,0.18465743683214192,9.488262939636188,1.002458301379163,1.8045028825473075,0.7610193523103543,2.023711993969594,23.228028212486958,3799.7749263196924,P000101_LH,P000101,LH,production,thermorheo-v2.0-interface-objective-R10,3381,3264,110,states=110 nodes=3381 elems=3264
1.732524168,1.732524168,-0.2686580789,-6.52273284,1.446933672,-6.595672663,-8.812854293,15.4653996,162.488264,6.72394034,2.4117225141666667,1,1,0.8344401037,0.02593699066,283.0620792,1.732524168,-2.415080487,-6.52273284,-7.359828953,16.875,0.1013813657,0.03075370105,1,1.874999829,-2.0011822469,-0.15506743505352358,False,-0.4147526020000001,0.09470804619481717,1,2,1.732524168,-1.249707737,-0.2686580789,-2.556587076,1.732524168,-1.249707737,1.446933672,-1.459423053,1.297750123e-09,323.15,1.098573099,322.1532955,276.66128868557917,20.60039879287981,152.37146335987532,3015.373456714445,336.1468984826755,0.5275813100159698,65.61371004752456,4.869642235330056,67.37726213871154,1.8458305670394788,3.2878010947437177,0.9760037300116541,46.48871131442078,0.7057738873060564,5.60039879287981,0.6643112625417978,35.54698422443083,26.850981197716855,0.4368900573275384,0.5974252809694348,3.324801479388708,45.70828007792544,97.09823904778123,22.873126654661228,0.7145925897933338,0.007550654996665318,9.009416257422467,0.2736495168604384,13.681951444768295,1.072647856351143,2.42244026214317,0.44016169673289385,27.511146086907104,2.0417903336071506,1671.5581338259865,P000102_HL,P000102,HL,production,thermorheo-v2.0-interface-objective-R10,3381,3264,158,states=158 nodes=3381 elems=3264
1.205850964,1.205850964,-0.6145797527,-6.571568501,0.9379257985,-6.644647875,-8.890983112,14.9510298,162.1920226,5.789206213,69.16880474999999,1,2,0.9469018638,0.0259365705,282.7515133,1.205850964,-2.645686052,-6.571568501,-7.399288318,20.625,0.09915291209,0.03731851358,1,1.874999829,-1.8204307166999998,-0.5096647687383696,False,-0.4635882630000001,0.09446890162757077,2,1,1.205850964,-0.6459116626,-0.6145797527,-2.206461177,1.205850964,-0.6459116626,0.9379257985,-0.8712898641,0.9526350425,322.446552,0.9526350425,322.446552,276.66128868557917,20.60039879287981,152.37146335987532,3015.373456714445,336.14689848267557,0.5275813100159698,65.61371004752456,4.869642235330056,67.37726213871154,1.8458305670394788,3.2878010947437177,0.9760037300116541,46.48871131442078,0.7057738873060564,5.60039879287981,0.6643112625417978,35.54698422443083,26.850981197716855,0.4368900573275384,0.5974252809694348,3.324801479388708,45.70828007792544,97.09823904778123,22.873126654661228,0.7145925897933338,0.007550654996665318,9.009416257422467,0.2736495168604384,13.681951444768295,1.072647856351143,2.42244026214317,0.44016169673289385,27.511146086907104,2.0417903336071506,1671.5581338259865,P000102_LH,P000102,LH,production,thermorheo-v2.0-interface-objective-R10,3381,3264,158,states=158 nodes=3381 elems=3264
3.946685466,3.946685466,0.4698377717,-8.324693531,3.340242513,-8.401809885,-9.671440274,20.46576396,168.9886594,10.17307702,1.305824889722222,1,1,0.3373507514,0.03240845738,272.4507498,3.946685466,-3.153541258,-8.324693531,-9.515577872,1.875,0.1058865229,0.003466365849,1,91.87490232,-3.4768476943,0.11904616563634718,False,-0.16470816200000016,0.15934582064253808,1,2,3.946685466,-0.9940224698,0.4698377717,-3.068095872,3.946685466,-0.9940224698,3.340242513,-1.410808025,0.00439878395,323.15,0.3080791934,322.1770393,263.4447494128559,20.782905525779448,156.0648882777254,3308.87723636289,257.4644801834911,0.5666401712464804,21.494992024409452,26.869166168088903,51.98520831901942,0.7297097340621327,21.891639217234175,3.874409568846642,59.705250587144064,0.642634312051527,5.782905525779447,0.4349753257671009,29.456907344173118,35.32573485250643,1.3058248895870002,1.8325037582941515,3.5925810971405956,48.36351924682923,115.72861987555846,21.94409976049507,0.8357883896129465,0.1414280850829502,16.4478583306595,0.24309657149410163,11.10894472659745,0.9889315288078877,2.3987229381748874,0.4713056773771931,9.117707930662172,11.397315671616054,1222.8318141487828,P000103_HL,P000103,HL,production,thermorheo-v2.0-interface-objective-R10,3381,3264,162,states=162 nodes=3381 elems=3264
3.835981338,3.835981338,0.3830696753,-8.331021484,3.240146955,-8.406324948,-9.678599942,20.34173181,168.9755641,9.931949062,72.81937683333334,1,2,0.3519362681,0.032408439260000005,272.1252128,3.835981338,-3.128432438,-8.331021484,-9.491129477,1.875,0.1058865229,0.003466365849,1,178.1249969,-3.4529116627,0.09986223642571851,False,-0.1710361150000015,0.15883538848256346,2,1,3.835981338,-0.8539855199,0.3830696753,-2.969497368,3.835981338,-0.8539855199,3.240146955,-1.28592174,0.2543771796,322.5247421,0.2543771796,322.5247421,263.4447494128559,20.782905525779448,156.0648882777254,3308.87723636289,257.4644801834911,0.5666401712464804,21.494992024409452,26.869166168088903,51.98520831901942,0.7297097340621327,21.891639217234175,3.874409568846642,59.705250587144064,0.642634312051527,5.782905525779447,0.4349753257671009,29.456907344173118,35.32573485250643,1.3058248895870002,1.8325037582941515,3.5925810971405956,48.36351924682923,115.72861987555846,21.94409976049507,0.8357883896129465,0.1414280850829502,16.4478583306595,0.24309657149410163,11.10894472659745,0.9889315288078877,2.3987229381748874,0.4713056773771931,9.117707930662172,11.397315671616054,1222.8318141487828,P000103_LH,P000103,LH,production,thermorheo-v2.0-interface-objective-R10,3381,3264,162,states=162 nodes=3381 elems=3264
7.311344388,7.311344388,3.067352736,-8.706875582,6.584960872,-8.812468363,-6.549886101,22.92020985,253.1091839,13.10617987,3.443586741666667,1,1,1.625863172,0.046884231570000004,248.0537651,7.311344388,3.063151955,-8.706875582,-9.879625656,1.875,0.1058865229,0.003466365849,1,1.874982151,-4.243991652,0.4195333406855243,False,0.07850971899999948,0.28459359319190736,1,2,7.311344388,1.163608024,3.067352736,-2.112416518,7.311344388,1.163608024,6.584960872,0.6191115586,2.145488582,323.15,2.047635094,321.160131,237.21504092521317,23.41318678929877,171.30141725024444,4954.176325287236,417.79176771908936,0.28910060485539757,96.01126569761936,208.9617511764207,113.27557584390354,2.9318173866636568,153.14145250650242,4.669493051277214,85.9349590747868,0.6582095800119385,8.413186789298772,0.4971731998717118,32.74803749181598,21.81799232627476,0.4664924242587927,0.3746572887393756,2.8213091004574586,76.66243231342648,18.65411159843066,22.21414953148485,0.8095180871013681,0.6920369870355424,16.607062787686324,0.26411099302208235,9.828709292596663,1.4973756338196889,1.8530462843743423,0.4492626908585357,4.672454180075722,10.16926712366442,2696.3930795183223,P000104_HL,P000104,HL,production,thermorheo-v2.0-interface-objective-R10,3381,3264,176,states=176 nodes=3381 elems=3264
7.311711228,7.311711228,3.055491406,-8.70325138,6.597489277,-8.807711477,-6.511075487,22.85956108,253.342258,13.08178085,61.67207536111111,1,2,1.623510051,0.04688202855,247.5119447,7.311711228,3.091938665,-8.70325138,-9.872305001,1.875,0.1058865229,0.003466365849,1,1.874982151,-4.256219822,0.4178900548340966,False,0.0821339210000005,0.2840864524860284,2,1,7.311711228,1.126853729,3.055491406,-2.131005874,7.311711228,1.126853729,6.597489277,0.5607432627,2.070865707,321.8402492,2.070865707,321.8402492,237.21504092521317,23.41318678929877,171.30141725024444,4954.176325287235,417.79176771908925,0.28910060485539757,96.01126569761936,208.9617511764207,113.27557584390354,2.9318173866636568,153.14145250650242,4.669493051277214,85.9349590747868,0.6582095800119385,8.413186789298772,0.4971731998717118,32.74803749181598,21.81799232627476,0.4664924242587927,0.3746572887393756,2.8213091004574586,76.66243231342648,18.65411159843066,22.21414953148485,0.8095180871013681,0.6920369870355424,16.607062787686324,0.26411099302208235,9.828709292596663,1.4973756338196889,1.8530462843743423,0.4492626908585357,4.672454180075722,10.16926712366442,2696.3930795183223,P000104_LH,P000104,LH,production,thermorheo-v2.0-interface-objective-R10,3381,3264,176,states=176 nodes=3381 elems=3264
-1.565314675,-1.565314675,-1.98770572,-7.548193099,-1.791239956,-7.660873669,-9.820382313,14.62085503,190.5811592,5.603226968,9.306884886111112,1,1,0.1695506031,0.044962720660000004,257.5650529,-1.565314675,-4.275923652,-7.548193099,-9.231411077,20.625,0.09915291209,0.03731851358,1,178.1249936,-0.4223910449999999,,False,-0.027602303000000106,0.06015897731185854,1,2,-1.565314675,-3.647101919,-1.98770572,-4.039586593,-1.565314675,-3.647101919,-1.791239956,-3.844364638,0.005571696173,323.15,0.2442556361,321.1804606,248.9170075829498,18.34613914086691,104.2590011892231,3488.122066406391,139.49270818971033,0.353583671293525,237.29056519780565,260.03895952395294,68.01827133674851,9.866489991435689,259.496718486487,1.4046776954539473,74.2329924170502,0.6734421789753744,3.346139140866909,0.5996151290751723,24.050150094286682,14.11194698708879,2.5728428589826957,1.448968649257078,2.5872246671756054,28.828681662730176,93.26985090383316,26.824853036361034,0.8396549643643363,0.2988160282937301,9.715905613736242,0.21821783694997998,8.709012544842796,1.4933354141048674,2.2602478781101145,0.5712048931508098,10.046395007737528,11.00951528604164,3426.363658269814,P000105_HL,P000105,HL,production,thermorheo-v2.0-interface-objective-R10,3381,3264,111,states=111 nodes=3381 elems=3264
-1.63588576,-1.63588576,-2.057000443,-7.541098339,-1.857995654,-7.652767331,-9.845488935,14.54037826,190.4874737,5.418502838,54.07801813888889,1,2,0.1767865913,0.04496745795,257.0818444,-1.63588576,-4.312781489,-7.541098339,-9.203603765,20.625,0.09915291209,0.03731851358,1,178.1249936,-0.4211146830000001,,False,-0.020507543000000794,0.059995672661450304,2,1,-1.63588576,-3.613929103,-2.057000443,-4.009189261,-1.63588576,-3.613929103,-1.857995654,-3.818906796,0.2906084034,321.8236291,0.2906084034,321.8236291,248.9170075829498,18.34613914086691,104.2590011892231,3488.1220664063912,139.49270818971036,0.353583671293525,237.29056519780565,260.03895952395294,68.01827133674851,9.866489991435689,259.496718486487,1.4046776954539473,74.2329924170502,0.6734421789753744,3.346139140866909,0.5996151290751723,24.050150094286682,14.11194698708879,2.5728428589826957,1.448968649257078,2.5872246671756054,28.828681662730176,93.26985090383316,26.824853036361034,0.8396549643643363,0.2988160282937301,9.715905613736242,0.21821783694997998,8.709012544842796,1.4933354141048674,2.2602478781101145,0.5712048931508098,10.046395007737528,11.00951528604164,3426.363658269814,P000105_LH,P000105,LH,production,thermorheo-v2.0-interface-objective-R10,3381,3264,111,states=111 nodes=3381 elems=3264
-1.110115802,-1.110115802,-2.820553953,-11.31330153,-1.538034034,-11.41926776,-14.59971222,26.34157772,260.2622646,7.467774129,1.9502112408333334,1,1,0.1679018802,0.03524472185000001,272.7001209,-1.110115802,-6.662920562,-11.31330153,-12.35004567,28.125,0.0934336017,0.04994130058,1,178.1249957,-1.7104381510000002,,False,-0.03459205000000054,0.15130725531666334,1,2,-1.110115802,-6.510492032,-2.820553953,-7.030837951,-1.110115802,-6.510492032,-1.538034034,-6.730227471,0.1014651614,323.15,1.657933904,317.7580803,260.16113050120106,23.321565842777378,144.06133630417034,2332.30698648629,263.71336507458585,0.7353448872277127,41.21888481852066,51.78755475130978,28.417520960893228,1.9725089005285101,59.478414207460716,0.2137371644831122,62.98886949879891,0.5694391046630249,8.321565842777378,0.440263123686857,20.896678746279193,3.3934636020928233,0.9551313006124512,1.2578503268695596,1.9211871494531017,90.60617765564892,107.4261448954407,38.50234389899572,0.6172329295122501,0.19755520658467304,15.715852114740818,0.25161184814544757,9.820758169777736,0.7336034207873765,2.3091860749387942,0.5782817599814142,15.876806498763802,19.947676640228686,1273.350786255753,P000106_HL,P000106,HL,production,thermorheo-v2.0-interface-objective-R10,3381,3264,148,states=148 nodes=3381 elems=3264
-1.624308219,-1.624308219,-3.130753214,-11.31382339,-2.011963711,-11.41979937,-14.5955532,25.7675002,260.2622646,6.303521436,30.374522361111108,1,2,0.1711576524,0.035238076419999986,271.9846761,-1.624308219,-6.650142317,-11.31382339,-12.34507145,28.125,0.0934336017,0.04994130058,1,1.87499535,-1.5064449949999998,,False,-0.03511390999999975,0.14872634157483444,2,1,-1.624308219,-5.888756348,-3.130753214,-6.733947678,-1.624308219,-5.888756348,-2.011963711,-6.142798653,1.275492589,320.0796301,1.275492589,320.0796301,260.16113050120106,23.321565842777378,144.06133630417034,2332.30698648629,263.7133650745859,0.7353448872277127,41.21888481852066,51.78755475130978,28.417520960893228,1.9725089005285101,59.478414207460716,0.2137371644831122,62.98886949879891,0.5694391046630249,8.321565842777378,0.440263123686857,20.896678746279193,3.3934636020928233,0.9551313006124512,1.2578503268695596,1.9211871494531017,90.60617765564892,107.4261448954407,38.50234389899572,0.6172329295122501,0.19755520658467304,15.715852114740818,0.25161184814544757,9.820758169777736,0.7336034207873765,2.3091860749387942,0.5782817599814142,15.876806498763802,19.947676640228686,1273.350786255753,P000106_LH,P000106,LH,production,thermorheo-v2.0-interface-objective-R10,3381,3264,148,states=148 nodes=3381 elems=3264
3.242297539,3.242297539,1.442306313,-7.748447088,2.654282687,-7.824572373,-9.047763979,17.78377629,148.5662123,5.30668669,1.9104450558333332,1,1,0.2557714864,0.02764008481,279.1909137,3.242297539,-2.435865511,-7.748447088,-8.919037389,1.875,0.1058865229,0.003466365849,1,91.87487404,-1.799991226,0.4448408252639395,False,-0.13003414199999952,0.08414283855620235,1,2,3.242297539,-3.340518871,1.442306313,-4.20353405,3.242297539,-3.340518871,2.654282687,-3.60634471,0.01402411866,323.15,0.1939726338,322.1826044,272.06163584158105,18.985048796779555,149.6825251042434,2802.0564342199614,260.7030254482288,0.4717810980762298,4.723469647113314,17.523680469810344,74.63941843585943,0.1341381601350789,11.94339466177068,16.72012676356861,51.088364158418905,0.36849145953299156,3.985048796779555,0.7376341958006245,35.21346678944096,33.65241845963756,1.9104450557957249,2.960730152185735,1.8984066401293496,32.064009369502344,48.34499751130798,18.701257259505688,0.8488916085505005,0.1824126809517719,13.351281132098643,0.25569069523907695,13.810104418282139,1.0449964925039938,2.110385890356282,0.6577209092159875,2.012689194017513,7.466909910717355,1468.0305702926105,P000107_HL,P000107,HL,production,thermorheo-v2.0-interface-objective-R10,3381,3264,154,states=154 nodes=3381 elems=3264
3.180407752,3.180407752,1.380913449,-7.748317688,2.600019573,-7.816259597,-9.048202936,17.71530302,148.6091908,5.195030701,77.54591216666665,1,2,0.2812358002,0.027566289790000004,279.0261891,3.180407752,-2.431498996,-7.748317688,-8.795938837,1.875,0.1058865229,0.003466365849,1,91.87487404,-1.799494303,0.43419383823712926,False,-0.1299047419999999,0.08407104560911394,2,1,3.180407752,-3.261749843,1.380913449,-4.125088727,3.180407752,-3.261749843,2.600019573,-3.544874865,0.1219373032,322.793523,0.1219373032,322.793523,272.06163584158105,18.985048796779555,149.6825251042434,2802.056434219962,260.70302544822874,0.4717810980762298,4.723469647113314,17.523680469810344,74.63941843585943,0.1341381601350789,11.94339466177068,16.72012676356861,51.088364158418905,0.36849145953299156,3.985048796779555,0.7376341958006245,35.21346678944096,33.65241845963756,1.9104450557957249,2.960730152185735,1.8984066401293496,32.064009369502344,48.34499751130798,18.701257259505688,0.8488916085505005,0.1824126809517719,13.351281132098643,0.25569069523907695,13.810104418282139,1.0449964925039938,2.110385890356282,0.6577209092159875,2.012689194017513,7.466909910717355,1468.0305702926105,P000107_LH,P000107,LH,production,thermorheo-v2.0-interface-objective-R10,3381,3264,154,states=154 nodes=3381 elems=3264
3.777313326,3.777313326,2.643808712,-6.076263026,3.244465151,-6.218580612,-9.307930734,20.20117909,214.5132615,10.14878686,3.5249113638888887,1,1,0.2935247527,0.0401936208,268.5623973,3.777313326,-0.7736191889,-6.076263026,-7.442450868,31.875,0.08996723585,0.05594522235,1,88.12459431,-1.133504614,0.6999177679548418,False,-0.11215027300000013,0.17300426412307837,1,2,3.777313326,-0.1675295378,2.643808712,-0.8390456391,3.777313326,-0.1675295378,3.244465151,-0.5269168189,0.02471941977,323.15,1.70203823,318.5986144,254.36035043042457,22.332257293883124,126.23446913627456,2626.1654139962025,224.31311536101794,0.552750304296764,44.08642971552258,27.50356047360944,30.155014723663502,2.644943469411749,39.601499035226894,0.40074449449757793,68.7896495695754,0.6984923808479874,7.332257293883126,0.5586877757915005,16.6681935645784,5.45858870801948,2.5444293883091404,3.3735377017543478,2.325800840168937,70.95195743863343,78.35827361340395,36.33197622144279,0.6156063868903482,0.5842958661098064,8.872765723901566,0.24685991922600029,13.307188139311169,0.7792357215376061,1.843759828675091,0.3643296482928187,13.621119648475847,8.497610044349324,1403.443012079782,P000108_HL,P000108,HL,production,thermorheo-v2.0-interface-objective-R10,3381,3264,132,states=132 nodes=3381 elems=3264
3.041809158,3.041809158,2.105450504,-6.078032522,2.566122621,-6.220240173,-9.415922176,19.42064779,214.0644358,8.736730997,33.895461555555556,1,2,0.30326301,0.04020029211,267.6519939,3.041809158,-1.113207833,-6.078032522,-7.439095064,31.875,0.08996723585,0.05594522235,1,88.12459431,-0.9363586540000002,0.6921704796839854,False,-0.11391976899999978,0.16916724246920564,2,1,3.041809158,0.6040789074,2.105450504,-0.3522441796,3.041809158,0.6040789074,2.566122621,0.1966142928,1.568360626,319.9708919,1.568360626,319.9708919,254.36035043042457,22.332257293883124,126.23446913627456,2626.1654139962025,224.31311536101794,0.552750304296764,44.08642971552258,27.50356047360944,30.155014723663502,2.644943469411749,39.601499035226894,0.40074449449757793,68.7896495695754,0.6984923808479874,7.332257293883126,0.5586877757915005,16.6681935645784,5.45858870801948,2.5444293883091404,3.3735377017543478,2.325800840168937,70.95195743863343,78.35827361340395,36.33197622144279,0.6156063868903482,0.5842958661098064,8.872765723901566,0.24685991922600029,13.307188139311169,0.7792357215376061,1.843759828675091,0.3643296482928187,13.621119648475847,8.497610044349324,1403.443012079782,P000108_LH,P000108,LH,production,thermorheo-v2.0-interface-objective-R10,3381,3264,132,states=132 nodes=3381 elems=3264
0.1581979276,0.1581979276,-0.9527891531,-10.31158783,-0.2100839424,-10.44128524,-11.12624265,18.46455924,184.8763442,9.03036695,4.220364213888889,1,1,0.3730818619,0.042715240210000005,257.3488451,0.1581979276,-4.790317784,-10.31158783,-12.45047105,1.875,0.1058865229,0.003466365849,1,1.874993938,-1.1109870807,,False,-0.15602723000000118,0.1398129019380038,1,2,0.1581979276,-3.990767868,-0.9527891531,-4.926531921,0.1581979276,-3.990767868,-0.2100839424,-4.27394713,1.098460765e-05,323.15,0.8575257294,321.7953406,249.659898554055,21.24386429766539,177.3065922155041,3552.3847446555283,313.39331894856815,0.3388670574586578,97.25628399105429,21.6700030798316,80.94720273438783,3.5455733531713385,18.960029891347823,0.7370752621039515,73.49010144594499,0.6299019656054172,6.2438642976653895,0.774536134902793,27.430340400111422,21.176323348493394,0.30174415700489,1.4069560247589559,1.337997440630229,95.1761928219997,128.16928157430203,32.71076762827166,0.9467338570200204,0.2547102018266468,8.455420088714728,0.2594539369325982,12.654186469740273,1.6586640937429595,2.4059926691229814,0.4604034840288618,28.730204956338433,6.401474581789622,1338.6606703167708,P000109_HL,P000109,HL,production,thermorheo-v2.0-interface-objective-R10,3381,3264,185,states=185 nodes=3381 elems=3264
-0.2899221786,-0.2899221786,-1.327626599,-10.31532344,-0.6419102463,-10.44523751,-11.2131584,18.00579312,184.7882141,8.243551477,55.87372558333333,1,2,0.4007875864,0.04271475632999999,256.9877308,-0.2899221786,-5.043976889,-10.31532344,-12.45510266,1.875,0.1058865229,0.003466365849,1,88.1248236,-1.0377044203999999,,False,-0.15976284000000085,0.13845420982343862,2,1,-0.2899221786,-3.551588956,-1.327626599,-4.605397879,-0.2899221786,-3.551588956,-0.6419102463,-3.850250371,0.8111980875,322.2966974,0.8111980875,322.2966974,249.659898554055,21.24386429766539,177.3065922155041,3552.384744655528,313.39331894856815,0.3388670574586578,97.25628399105429,21.6700030798316,80.94720273438783,3.5455733531713385,18.960029891347823,0.7370752621039515,73.49010144594499,0.6299019656054172,6.2438642976653895,0.774536134902793,27.430340400111422,21.176323348493394,0.30174415700489,1.4069560247589559,1.337997440630229,95.1761928219997,128.16928157430203,32.71076762827166,0.9467338570200204,0.2547102018266468,8.455420088714728,0.2594539369325982,12.654186469740273,1.6586640937429595,2.4059926691229814,0.4604034840288618,28.730204956338433,6.401474581789622,1338.6606703167708,P000109_LH,P000109,LH,production,thermorheo-v2.0-interface-objective-R10,3381,3264,185,states=185 nodes=3381 elems=3264
5.231599163,5.231599163,3.256172911,-13.80284143,4.781194615,-13.84851523,-11.5084775,28.70990584,208.7298367,7.313957635,3.9240243722222226,1,1,0.2494508668,0.041825620650000006,254.8795493,5.231599163,-0.9330050338,-13.80284143,-14.31371286,1.875,0.1058865229,0.003466365849,1,1.874990057,-1.975426252,0.6224048918022965,False,-0.05672051000000167,0.2784012529780785,1,2,5.231599163,-0.3505988705,3.256172911,-1.997979188,5.231599163,-0.3505988705,4.781194615,-0.6855515314,9.279833331e-12,323.15,0.4916752105,320.4521295,244.9462512753738,23.134252893425305,158.0356676634189,5307.828150862241,483.8659523566708,0.3106122174396446,55.36860727802352,30.347632491448145,109.4568574478459,1.6285537253386044,21.422716898470913,2.6677629150981126,78.20374872462617,0.7469011656388485,8.134252893425304,0.6334895695226694,33.9986372058505,14.699883285931058,1.9241045356747184,2.910417656526926,1.9631396692377219,61.743186242908116,97.83287633893383,30.85062969278188,0.7129008660589442,0.40596954805997554,17.186220154359162,0.2545011282551912,12.57277738179665,1.2555110173550363,1.6693429489108038,0.7588286607450893,5.510191030371392,3.020145540372969,2335.462037813976,P000110_HL,P000110,HL,production,thermorheo-v2.0-interface-objective-R10,3381,3264,160,states=160 nodes=3381 elems=3264
5.09775925,5.09775925,3.131067969,-13.79864583,4.637303803,-13.84547901,-11.50010766,28.5327361,208.8210687,6.964096378,59.42020672222222,1,2,0.2554446881,0.04182148603000001,254.235707,5.09775925,-0.866194018,-13.79864583,-14.2951373,1.875,0.1058865229,0.003466365849,1,1.874990057,-1.9666912810000001,0.6142047545693728,False,-0.0525249100000007,0.27759341622089767,2,1,5.09775925,-0.2728910018,3.131067969,-1.933913908,5.09775925,-0.2728910018,4.637303803,-0.5900098358,0.4439836864,321.1349574,0.4439836864,321.1349574,244.9462512753738,23.134252893425305,158.0356676634189,5307.828150862241,483.86595235667073,0.3106122174396446,55.36860727802352,30.347632491448145,109.4568574478459,1.6285537253386044,21.422716898470913,2.6677629150981126,78.20374872462617,0.7469011656388485,8.134252893425304,0.6334895695226694,33.9986372058505,14.699883285931058,1.9241045356747184,2.910417656526926,1.9631396692377219,61.743186242908116,97.83287633893383,30.85062969278188,0.7129008660589442,0.40596954805997554,17.186220154359162,0.2545011282551912,12.57277738179665,1.2555110173550363,1.6693429489108038,0.7588286607450893,5.510191030371392,3.020145540372969,2335.462037813976,P000110_LH,P000110,LH,production,thermorheo-v2.0-interface-objective-R10,3381,3264,160,states=160 nodes=3381 elems=3264
7.124346951,7.124346951,5.277320253,-5.705593925,6.701967825,-5.816390579,-4.111948904,18.54074727,267.5347657,10.3170942,7.725525961111111,1,1,3.83243912,0.05323901720999999,245.2174967,7.124346951,0.2953564529,-5.705593925,-7.598486369,1.875,0.1058865229,0.003466365849,1,1.874998055,-1.8470266979999996,0.740744420407439,False,0.015131854000000722,0.09499405147598021,1,2,7.124346951,0.8932638957,5.277320253,-0.5538176332,7.124346951,0.8932638957,6.701967825,0.5687411433,4.008260145,323.15,3.977590281,321.0966794,230.87417687680033,21.202722518277003,78.58125585436578,2399.5533959373947,158.1281651879408,0.3338086310629695,418.7999834495235,907.0257439985371,45.742254994490786,27.42783470572524,1425.6592070698262,1.575134321988286,92.27582312319964,0.5171791453549824,6.202722518277002,0.566196887896804,15.269159521444248,15.457110489732388,1.045268670096771,0.9708739079577289,0.7542547029227498,27.045031759790405,14.276900324509938,18.108055918231887,0.9481175393134147,0.08448222046778196,12.145048337638027,0.21289087692857928,10.998857042866575,1.1310420882555348,1.6161543402599947,0.4343238890127489,9.813201499044816,21.253167961864236,3034.9188855974817,P000111_HL,P000111,HL,production,thermorheo-v2.0-interface-objective-R10,3381,3264,85,states=85 nodes=3381 elems=3264
7.020771799,7.020771799,5.173140477,-5.680044382,6.599595741,-5.78983136,-4.115635822,18.38486793,267.6799947,10.11934933,41.22219325,1,2,3.80427108,0.05323829351000001,244.7228204,7.020771799,0.2529666769,-5.680044382,-7.555831639,1.875,0.1058865229,0.003466365849,1,1.874998055,-1.8476313220000007,0.7368335882583212,False,0.040681397000000175,0.09448355467260555,2,1,7.020771799,0.8981484956,5.173140477,-0.5470394466,7.020771799,0.8981484956,6.599595741,0.5657716591,4.078236891,322.0880654,4.078236891,322.0880654,230.87417687680033,21.202722518277003,78.58125585436578,2399.5533959373947,158.1281651879408,0.3338086310629695,418.7999834495235,907.0257439985371,45.742254994490786,27.42783470572524,1425.6592070698262,1.575134321988286,92.27582312319964,0.5171791453549824,6.202722518277002,0.566196887896804,15.269159521444248,15.457110489732388,1.045268670096771,0.9708739079577289,0.7542547029227498,27.045031759790405,14.276900324509938,18.108055918231887,0.9481175393134147,0.08448222046778196,12.145048337638027,0.21289087692857928,10.998857042866575,1.1310420882555348,1.6161543402599947,0.4343238890127489,9.813201499044816,21.253167961864236,3034.9188855974817,P000111_LH,P000111,LH,production,thermorheo-v2.0-interface-objective-R10,3381,3264,85,states=85 nodes=3381 elems=3264
3.491969994,3.491969994,2.460412323,-8.158767842,2.944981698,-8.294672237,-13.34129908,25.22659438,157.2513543,11.50550674,2.7988928166666667,1,1,0.3712667741,0.024088557289999993,284.2666219,3.491969994,-1.95429417,-8.158767842,-9.732625266,16.875,0.1013813657,0.03075370105,1,91.87477065,-1.0315576710000003,0.7045914848144597,False,-0.15123266899999877,0.11416717179785685,1,2,3.491969994,-2.567036437,2.460412323,-3.228471756,3.491969994,-2.567036437,2.944981698,-2.916228978,2.690480786e-09,323.15,0.8348711712,322.3919667,278.0055883188708,19.559891481179093,135.45334410812455,1348.574013151372,98.99956774986602,0.29917887805589494,88.01442413626452,12.42991045041183,42.98267559066675,6.844306922588466,23.198230874847354,0.8879305276426812,45.14441168112914,0.5423396512407315,4.559891481179092,0.3876731271143778,12.85950865905618,19.41349709200503,1.8096998442674423,3.762438912833078,3.6829391651754912,71.81067385345514,158.83416699869423,31.18406712409442,0.773508192795364,0.33244437581461067,17.607436461654437,0.19185713336364635,13.875513188927231,1.3547200008916047,1.7349500544683367,0.3661734963268021,21.863756777847108,3.0877272847627406,2771.4179771343943,P000112_HL,P000112,HL,production,thermorheo-v2.0-interface-objective-R10,3381,3264,139,states=139 nodes=3381 elems=3264
3.09054671,3.09054671,2.098685487,-8.167471279,2.559912367,-8.304035999,-13.40273251,24.76159203,157.2267655,10.78430402,44.3269765,1,2,0.4168829324,0.024079549379999995,284.0545248,3.09054671,-2.190306104,-8.167471279,-9.748590638,16.875,0.1013813657,0.03075370105,1,91.87477065,-0.9918612229999999,0.6790660953964356,False,-0.15993610599999997,0.11297421864876872,2,1,3.09054671,-2.135682651,2.098685487,-2.881288183,3.09054671,-2.135682651,2.559912367,-2.502381963,0.7474181411,322.7388885,0.7474181411,322.7388885,278.0055883188708,19.559891481179093,135.45334410812455,1348.574013151372,98.99956774986605,0.29917887805589494,88.01442413626452,12.42991045041183,42.98267559066675,6.844306922588466,23.198230874847354,0.8879305276426812,45.14441168112914,0.5423396512407315,4.559891481179092,0.3876731271143778,12.85950865905618,19.41349709200503,1.8096998442674423,3.762438912833078,3.6829391651754912,71.81067385345514,158.83416699869423,31.18406712409442,0.773508192795364,0.33244437581461067,17.607436461654437,0.19185713336364635,13.875513188927231,1.3547200008916047,1.7349500544683367,0.3661734963268021,21.863756777847108,3.0877272847627406,2771.4179771343943,P000112_LH,P000112,LH,production,thermorheo-v2.0-interface-objective-R10,3381,3264,139,states=139 nodes=3381 elems=3264
-0.8470223155,-0.8470223155,-2.02636953,-7.84401958,-1.273949012,-8.01739701,-11.43518098,18.97769821,161.5167065,6.784408625,5.625885530555555,1,1,1.333002631,0.03722833278,269.6275391,-0.8470223155,-4.497549959,-7.84401958,-10.3069337,1.875,0.1058865229,0.003466365849,1,91.87452486,-1.1793472145000004,,False,-0.08463725100000019,0.12038530678575649,1,2,-0.8470223155,-2.952255322,-2.02636953,-3.946058909,-0.8470223155,-2.952255322,-1.273949012,-3.322537199,1.945985343,323.15,1.595612542,322.2848384,259.7499412093992,20.965675676708177,103.06045015961162,2157.2773868620056,191.53450205682645,0.36785976651309676,171.48416687506474,20.493067997396707,45.66114197570752,10.2092765473642,29.28121969069568,1.2927817653920994,63.400058790600795,0.700479268430957,5.9656756767081776,0.7254654528372182,16.796897025905132,29.84673318970347,1.6736744656519722,1.9469386537643392,0.8584606908919385,30.66177529748137,8.768399903160137,28.275648347337583,0.9299426086791251,0.6900997881788172,13.55443310956256,0.20253583032385764,8.366826430414463,1.3028337815488977,2.0515296914024104,0.37905909325730214,23.087217029744373,2.7590180311276513,2654.7902895832517,P000113_HL,P000113,HL,production,thermorheo-v2.0-interface-objective-R10,3381,3264,106,states=106 nodes=3381 elems=3264
-0.9268133425,-0.9268133425,-2.103402632,-7.824983182,-1.349762322,-7.999276486,-11.37139035,18.76250492,161.9514648,6.757378771,56.74858955555556,1,2,1.322906097,0.03667003746,269.2830748,-0.9268133425,-4.564276445,-7.824983182,-10.29462107,1.875,0.1058865229,0.003466365849,1,91.87452486,-1.1765892894999999,,False,-0.06560085300000029,0.119649774792649,2,1,-0.9268133425,-2.901662337,-2.103402632,-3.900282495,-0.9268133425,-2.901662337,-1.349762322,-3.273953445,1.584943488,322.5439722,1.584943488,322.5439722,259.7499412093992,20.965675676708177,103.06045015961162,2157.277386862005,191.53450205682648,0.36785976651309676,171.48416687506474,20.493067997396707,45.66114197570752,10.2092765473642,29.28121969069568,1.2927817653920994,63.400058790600795,0.700479268430957,5.9656756767081776,0.7254654528372182,16.796897025905132,29.84673318970347,1.6736744656519722,1.9469386537643392,0.8584606908919385,30.66177529748137,8.768399903160137,28.275648347337583,0.9299426086791251,0.6900997881788172,13.55443310956256,0.20253583032385764,8.366826430414463,1.3028337815488977,2.0515296914024104,0.37905909325730214,23.087217029744373,2.7590180311276513,2654.7902895832517,P000113_LH,P000113,LH,production,thermorheo-v2.0-interface-objective-R10,3381,3264,106,states=106 nodes=3381 elems=3264
5.498186359,5.498186359,4.374161659,-9.296256433,4.85187798,-9.379637633,-8.009979129,21.71260757,223.0668821,6.827048709,17.810852269444442,1,1,0.2777778111,0.040220657689999995,264.7746462,5.498186359,0.9923495639,-9.296256433,-9.866328715,1.875,0.1058865229,0.003466365849,1,88.12455806,-1.1240246999999997,0.7955644595130756,False,-0.08858877099999951,0.24878074121590368,1,2,5.498186359,-0.4610884677,4.374161659,-1.494645022,5.498186359,-0.4610884677,4.85187798,-0.9157570287,0.0007218116289,323.15,0.2053574333,321.4082767,250.2859328943013,23.262738126564017,135.20518619913454,3478.5960409526815,419.5222182964076,0.5332725732856781,437.48323123968976,248.54498959463274,48.47543320090875,16.923510851668105,230.75191156177416,0.9521466721915532,72.86406710569865,0.5564637535265523,8.262738126564017,0.7782904842564115,25.850619004186605,28.213785835641588,2.897033614270518,2.504642065970029,1.7377836596260956,41.01124367538648,163.66216554383647,20.597952646117662,0.7458235258813034,0.6362280215983428,17.289891509422645,0.2713129475144159,9.77134221421953,0.7635980833334518,1.7430930956942543,0.7070315886676604,29.631764369560834,16.834534539834834,2988.361525836421,P000114_HL,P000114,HL,production,thermorheo-v2.0-interface-objective-R10,3381,3264,140,states=140 nodes=3381 elems=3264
5.374617138,5.374617138,4.249969145,-9.265131223,4.737752715,-9.344689,-8.009007461,21.5631908,223.2206698,6.579494987,78.0204618611111,1,2,0.2876199162,0.04021875614999999,264.3057577,5.374617138,0.9248428576,-9.265131223,-9.805609386,1.875,0.1058865229,0.003466365849,1,88.12455806,-1.124647993,0.7907482590623184,False,-0.05746356099999872,0.2473261238613349,2,1,5.374617138,-0.4241429691,4.249969145,-1.453151249,5.374617138,-0.4241429691,4.737752715,-0.8985926608,0.2588648694,322.1807941,0.2588648694,322.1807941,250.2859328943013,23.262738126564017,135.20518619913454,3478.5960409526815,419.5222182964076,0.5332725732856781,437.48323123968976,248.54498959463274,48.47543320090875,16.923510851668105,230.75191156177416,0.9521466721915532,72.86406710569865,0.5564637535265523,8.262738126564017,0.7782904842564115,25.850619004186605,28.213785835641588,2.897033614270518,2.504642065970029,1.7377836596260956,41.01124367538648,163.66216554383647,20.597952646117662,0.7458235258813034,0.6362280215983428,17.289891509422645,0.2713129475144159,9.77134221421953,0.7635980833334518,1.7430930956942543,0.7070315886676604,29.631764369560834,16.834534539834834,2988.361525836421,P000114_LH,P000114,LH,production,thermorheo-v2.0-interface-objective-R10,3381,3264,140,states=140 nodes=3381 elems=3264
3.982144661,3.982144661,1.891146986,-7.868826878,3.553732157,-7.952302135,-9.816290856,20.66037192,159.3828948,7.763928319,2.666864065,1,1,0.119788457,0.0314174159,271.9456454,3.982144661,-1.83422594,-7.868826878,-9.052042748,1.875,0.1058865229,0.003466365849,1,178.124999,-2.0909976749999997,0.47490665131313775,False,-0.04268719600000015,0.11000415926383753,1,2,3.982144661,-1.585045316,1.891146986,-3.008222593,3.982144661,-1.585045316,3.553732157,-1.904923579,3.035058001e-13,323.15,0.1187530143,322.6843218,264.38611460794107,18.515151708957465,149.28990381509686,1456.0789742035786,71.2385231022424,0.39256215193563854,22.607887572580847,19.37700381227751,31.46360981490688,1.830387374283807,37.65137951849052,8.15199253362585,58.76388539205891,0.5455848717064143,3.5151517089574646,0.48652805844252645,12.351422376603121,32.05927933792303,1.716754651476738,0.846795386493723,3.9503568976888066,79.49996585264905,156.52599775783816,23.39010215534503,0.7638328312766183,0.044078161588112466,14.677323573469476,0.223440055293199,13.106503143549855,1.5251673371469638,2.5629045171896467,0.5952864188231466,3.9326924314126774,3.3706730003567147,2542.8210228877397,P000115_HL,P000115,HL,production,thermorheo-v2.0-interface-objective-R10,3381,3264,154,states=154 nodes=3381 elems=3264
3.934842696,3.934842696,1.844745467,-7.867875991,3.510097239,-7.951156127,-9.819852344,20.60751501,159.3839442,7.66289501,53.59147272222222,1,2,0.1263630706,0.03141549168,271.7784449,3.934842696,-1.825968237,-7.867875991,-9.046252969,1.875,0.1058865229,0.003466365849,1,178.124999,-2.090097229,0.468823180371427,False,-0.04173630900000003,0.10957009794608402,2,1,3.934842696,-1.547124296,1.844745467,-2.971515202,3.934842696,-1.547124296,3.510097239,-1.872356826,0.104305134,322.895933,0.104305134,322.895933,264.38611460794107,18.515151708957465,149.28990381509686,1456.0789742035788,71.2385231022424,0.39256215193563854,22.607887572580847,19.37700381227751,31.46360981490688,1.830387374283807,37.65137951849052,8.15199253362585,58.76388539205891,0.5455848717064143,3.5151517089574646,0.48652805844252645,12.351422376603121,32.05927933792303,1.716754651476738,0.846795386493723,3.9503568976888066,79.49996585264905,156.52599775783816,23.39010215534503,0.7638328312766183,0.044078161588112466,14.677323573469476,0.223440055293199,13.106503143549855,1.5251673371469638,2.5629045171896467,0.5952864188231466,3.9326924314126774,3.3706730003567147,2542.8210228877397,P000115_LH,P000115,LH,production,thermorheo-v2.0-interface-objective-R10,3381,3264,154,states=154 nodes=3381 elems=3264
4.728068468,4.728068468,3.698360804,-8.696084492,4.381333575,-8.784640812,-6.54052913,21.25118447,268.7170227,6.912702264,21.803036505555554,1,1,1.068299647,0.05166106609999999,239.1794141,4.728068468,0.336464289,-8.696084492,-9.702099255,1.875,0.1058865229,0.003466365849,1,1.874994104,-1.029707664,0.7822138848095885,False,0.03824529799999965,0.20901589641845866,1,2,4.728068468,-1.707537052,3.698360804,-2.303850412,4.728068468,-1.707537052,4.381333575,-1.953196858,1.295854492,323.15,1.284277754,320.9453703,229.80925228422538,22.80139590838469,157.20963025661393,4899.659849373925,343.6760505762233,0.24585524957437366,1655.2124736398962,1832.4653856958525,116.65442707763584,57.71291885875614,1533.4383151462723,1.1319279307036345,93.3407477157746,0.55596843560975,7.801395908384692,0.4366239337187394,28.680103283127732,15.973857414292093,1.0346858521336588,2.9338203012747575,3.209511216372963,69.51953153650359,20.397212860826365,22.004758428004166,0.7699725364607498,0.24804181821117333,16.406786486031883,0.22845358906292612,8.727367694714378,1.6928440009772994,1.7815701589330766,0.6755919040064563,14.11207991339373,15.62331022349083,3790.807379568671,P000116_HL,P000116,HL,production,thermorheo-v2.0-interface-objective-R10,3381,3264,163,states=163 nodes=3381 elems=3264
4.652901067,4.652901067,3.62188448,-8.693127137,4.308203889,-8.780476527,-6.544711515,21.13781468,268.7488902,6.740120667,72.6460455,1,2,1.066000072,0.051659431029999994,238.7350928,4.652901067,0.313414071,-8.693127137,-9.683370184,1.875,0.1058865229,0.003466365849,1,1.874994104,-1.0310165870000003,0.77841424690666,False,0.04120265300000092,0.20885363096585552,2,1,4.652901067,-1.71469472,3.62188448,-2.300765096,4.652901067,-1.71469472,4.308203889,-1.976475168,1.401667467,321.9242955,1.401667467,321.9242955,229.80925228422538,22.80139590838469,157.20963025661393,4899.659849373924,343.6760505762232,0.24585524957437366,1655.2124736398962,1832.4653856958525,116.65442707763584,57.71291885875614,1533.4383151462723,1.1319279307036345,93.3407477157746,0.55596843560975,7.801395908384692,0.4366239337187394,28.680103283127732,15.973857414292093,1.0346858521336588,2.9338203012747575,3.209511216372963,69.51953153650359,20.397212860826365,22.004758428004166,0.7699725364607498,0.24804181821117333,16.406786486031883,0.22845358906292612,8.727367694714378,1.6928440009772994,1.7815701589330766,0.6755919040064563,14.11207991339373,15.62331022349083,3790.807379568671,P000116_LH,P000116,LH,production,thermorheo-v2.0-interface-objective-R10,3381,3264,163,states=163 nodes=3381 elems=3264
-7.304022326,-7.304022326,-8.400267657,-17.19224434,-7.593117596,-17.24155094,-14.94333835,18.87168733,206.0521725,4.294993629,7.829361741666667,1,1,0.2177706064,0.04358262493999998,256.7697934,-7.304022326,-11.21204397,-17.19224434,-17.7116718,5.625,0.1054331006,0.01038425404,1,178.1249966,-1.0962453310000004,,False,-0.07570171999999786,0.11822139475908902,1,2,-7.304022326,-11.73252497,-8.400267657,-12.61980317,-7.304022326,-11.73252497,-7.593117596,-11.94195965,0.004346304076,323.15,0.181131751,321.7130062,246.39856938673623,21.177473170186293,135.63135627949612,4430.1183001092395,366.5370606484885,0.479270014372606,134.38211647635174,161.5056279680829,71.1474071701608,3.940961035625418,113.67358756581638,2.072260112817681,76.75143061326375,0.5324832463848987,6.177473170186293,0.6750900928937462,34.098818857016624,30.803622594262432,1.0095979709673168,1.6360753098954715,2.849770226637522,25.63920895619983,134.03274976294628,31.74697709912112,0.8525380240647793,0.1559635187602372,14.343982825889125,0.26034878352156543,8.312508558304799,1.1099829746311058,2.2772099908885512,0.7536618177523842,14.86474714430435,17.865028361494197,2284.088890920572,P000117_HL,P000117,HL,production,thermorheo-v2.0-interface-objective-R10,3381,3264,142,states=142 nodes=3381 elems=3264
-7.356856132,-7.356856132,-8.44623927,-17.17253393,-7.642489549,-17.21696506,-14.94289805,18.81067162,206.0520552,4.165187497,78.22724669444445,1,2,0.267703202,0.043581452559999984,256.4143992,-7.356856132,-11.18304335,-17.17253393,-17.6052383,5.625,0.1054331006,0.01038425404,1,178.1249966,-1.0893831379999996,,False,-0.05599130999999957,0.1180728648445898,2,1,-7.356856132,-11.70374,-8.44623927,-12.60075611,-7.356856132,-11.70374,-7.642489549,-11.92668914,0.1427083148,322.3848249,0.1427083148,322.3848249,246.39856938673623,21.177473170186293,135.63135627949612,4430.1183001092395,366.5370606484884,0.479270014372606,134.38211647635174,161.5056279680829,71.1474071701608,3.940961035625418,113.67358756581638,2.072260112817681,76.75143061326375,0.5324832463848987,6.177473170186293,0.6750900928937462,34.098818857016624,30.803622594262432,1.0095979709673168,1.6360753098954715,2.849770226637522,25.63920895619983,134.03274976294628,31.74697709912112,0.8525380240647793,0.1559635187602372,14.343982825889125,0.26034878352156543,8.312508558304799,1.1099829746311058,2.2772099908885512,0.7536618177523842,14.86474714430435,17.865028361494197,2284.088890920572,P000117_LH,P000117,LH,production,thermorheo-v2.0-interface-objective-R10,3381,3264,142,states=142 nodes=3381 elems=3264
1.003872388,1.003872388,0.3359370306,-6.799851683,0.6373392522,-6.934632056,-8.726405879,16.54471559,238.2966342,8.642524456,2.7978809361111114,1,1,0.1380021989,0.051726810969999995,251.3799287,1.003872388,-2.288116329,-6.799851683,-8.318279972,31.875,0.08996723585,0.05594522235,1,178.124989,-0.6679353574,0.3346411701484113,False,-0.02354518799999994,0.12336258080356347,1,2,1.003872388,-1.520757331,0.3359370306,-2.368209353,1.003872388,-1.520757331,0.6373392522,-1.820606479,1.75864934e-12,323.15,0.8655358198,316.5798688,239.68071504621878,21.961196170014492,115.24070910262387,2353.0952741421675,167.8692074247845,0.3396003648039584,42.81301281011699,52.83630437458702,34.548419621611984,3.649046997529331,108.08049899804608,1.3213273504127196,83.46928495378121,0.7152351860490369,6.961196170014493,0.711120810501278,11.732655906899664,2.759334891393783,0.8424382860911523,3.8784473471518224,0.806826040750203,77.96063904944441,150.1585228224295,35.07176298237889,0.7117968259268236,0.5457810075140204,8.158591943054649,0.2467208306577085,9.932562491958226,1.4918600360346617,2.168716248401595,0.388376643188021,2.088305286749645,2.577214882006384,2802.772512233916,P000118_HL,P000118,HL,production,thermorheo-v2.0-interface-objective-R10,3381,3264,118,states=118 nodes=3381 elems=3264
0.7144125717,0.7144125717,0.09080582996,-6.799886498,0.362330545,-6.934749756,-8.809224446,16.24781957,237.7791308,8.113111647,22.817583408333334,1,2,0.1434736665,0.05174596327,250.3987193,0.7144125717,-2.488144923,-6.799886498,-8.318048574,31.875,0.08996723585,0.05594522235,1,178.124989,-0.6236067417400001,0.12710558794328114,False,-0.023580003000000183,0.12068102328283435,2,1,0.7144125717,-1.342966521,0.09080582996,-2.267941849,0.7144125717,-1.342966521,0.362330545,-1.660955909,0.8848027215,318.450811,0.8848027215,318.450811,239.68071504621878,21.961196170014492,115.24070910262387,2353.0952741421675,167.8692074247845,0.3396003648039584,42.81301281011699,52.83630437458702,34.548419621611984,3.649046997529331,108.08049899804608,1.3213273504127196,83.46928495378121,0.7152351860490369,6.961196170014493,0.711120810501278,11.732655906899664,2.759334891393783,0.8424382860911523,3.8784473471518224,0.806826040750203,77.96063904944441,150.1585228224295,35.07176298237889,0.7117968259268236,0.5457810075140204,8.158591943054649,0.2467208306577085,9.932562491958226,1.4918600360346617,2.168716248401595,0.388376643188021,2.088305286749645,2.577214882006384,2802.772512233916,P000118_LH,P000118,LH,production,thermorheo-v2.0-interface-objective-R10,3381,3264,118,states=118 nodes=3381 elems=3264
-11.17636424,-11.17636424,-12.79425954,-17.55958614,-11.4390895,-17.65509366,-19.16217321,20.84120341,226.6515576,3.163533776,8.4626572,1,1,0.1239793308,0.02753349899999999,284.1124869,-11.17636424,-13.35274116,-17.55958614,-18.17080522,16.875,0.1013813657,0.03075370105,1,91.87455244,-1.6178953000000007,,False,-0.015457239999999928,0.06723627643735051,1,2,-11.17636424,-14.23918425,-12.79425954,-15.58437196,-11.17636424,-14.23918425,-11.4390895,-14.45965461,0.08105261269,323.15,0.3047963609,319.308031,273.63065057196815,19.534819786223952,88.48007535798192,1138.0516504629081,119.29449391540973,0.4861453291689507,156.28315952115108,252.65542137019324,28.206447072371592,11.397187155447181,442.20674299404556,0.15268290188405303,49.519349428031816,0.44174346780553303,4.534819786223952,0.7765512661210813,13.712432496684674,3.270597013736032,1.6064409529330592,0.5837540910176169,1.681973758970566,50.040275745034066,155.86241455979865,34.069313708696754,0.8338185232073951,0.649903296958728,17.990926023615,0.2085753675259049,8.059250159547187,0.8618672004221987,1.7935478833020415,0.7291972608870976,21.42084656093132,34.63004606856502,3548.6116696685826,P000119_HL,P000119,HL,production,thermorheo-v2.0-interface-objective-R10,3381,3264,94,states=94 nodes=3381 elems=3264
-11.27613058,-11.27613058,-12.87913087,-17.55883903,-11.54479228,-17.65373873,-19.15451295,20.72666822,226.6164857,2.952511808,29.317855527777777,1,2,0.1335269365,0.027531364900000008,283.6494548,-11.27613058,-13.38034622,-17.55883903,-18.165573,20.625,0.09915291209,0.03731851358,1,91.87455244,-1.6030002899999989,,False,-0.014710130000000987,0.06620406438936789,2,1,-11.27613058,-14.20373111,-12.87913087,-15.54540606,-11.27613058,-14.20373111,-11.54479228,-14.45669663,0.2806027765,321.4528353,0.2806027765,321.4528353,273.63065057196815,19.534819786223952,88.48007535798192,1138.0516504629081,119.29449391540973,0.4861453291689507,156.28315952115108,252.65542137019324,28.206447072371592,11.397187155447181,442.20674299404556,0.15268290188405303,49.519349428031816,0.44174346780553303,4.534819786223952,0.7765512661210813,13.712432496684674,3.270597013736032,1.6064409529330592,0.5837540910176169,1.681973758970566,50.040275745034066,155.86241455979865,34.069313708696754,0.8338185232073951,0.649903296958728,17.990926023615,0.2085753675259049,8.059250159547187,0.8618672004221987,1.7935478833020415,0.7291972608870976,21.42084656093132,34.63004606856502,3548.6116696685826,P000119_LH,P000119,LH,production,thermorheo-v2.0-interface-objective-R10,3381,3264,94,states=94 nodes=3381 elems=3264
-0.1256053773,-0.1256053773,-1.340609813,-8.250067239,-0.5555054458,-8.379042975,-11.34926125,17.17574199,122.0325119,7.245554881,1.3728176569444446,1,1,1.527225814,0.026764102910000004,281.2964296,-0.1256053773,-4.795178217,-8.250067239,-10.316375,1.875,0.1058865229,0.003466365849,1,1.874991163,-1.2150044357,,False,-0.023979748000000356,0.06279165509794561,1,2,-0.1256053773,-5.507715782,-1.340609813,-5.990305826,-0.1256053773,-5.507715782,-0.5555054458,-5.74565085,1.855360915,323.15,2.117502686,322.3930906,275.111664658199,18.356166283939682,94.50859039555047,1143.7445027992462,72.49996177055534,0.2857832080124782,28.71783078789225,15.338241156002319,50.88899599419012,1.9746541512650577,25.311985542786193,1.523164337970202,48.03833534180099,0.3731138516075084,3.3561662839396833,0.36984435505665847,14.543220527753803,19.217292792553522,0.4032696217114764,2.0496640173589484,1.0897977481833885,39.11939377298172,16.965645827542026,24.857534896236125,0.9453107099008379,0.36368559482008517,12.609216387351932,0.24575858253101096,11.840558799686582,1.5340025562680115,1.876589557510833,0.38002697855431483,12.616690342266583,6.738595282129718,1522.1585029976632,P000120_HL,P000120,HL,production,thermorheo-v2.0-interface-objective-R10,3381,3264,103,states=103 nodes=3381 elems=3264
-0.2536231644,-0.2536231644,-1.419597107,-8.282352371,-0.6726747973,-8.410604113,-11.32644594,16.9714672,122.1687631,7.042301658,38.67606236111111,1,2,1.576401283,0.0267633502,281.1519698,-0.2536231644,-4.836607528,-8.282352371,-10.32612347,1.875,0.1058865229,0.003466365849,1,1.874991163,-1.1659739426,,False,-0.05626488000000052,0.06226954663954413,2,1,-0.2536231644,-5.232214326,-1.419597107,-5.85233337,-0.2536231644,-5.232214326,-0.6726747973,-5.482403686,1.85876992,322.8675866,1.85876992,322.8675866,275.111664658199,18.356166283939682,94.50859039555047,1143.744502799246,72.49996177055533,0.2857832080124782,28.71783078789225,15.338241156002319,50.88899599419012,1.9746541512650577,25.311985542786193,1.523164337970202,48.03833534180099,0.3731138516075084,3.3561662839396833,0.36984435505665847,14.543220527753803,19.217292792553522,0.4032696217114764,2.0496640173589484,1.0897977481833885,39.11939377298172,16.965645827542026,24.857534896236125,0.9453107099008379,0.36368559482008517,12.609216387351932,0.24575858253101096,11.840558799686582,1.5340025562680115,1.876589557510833,0.38002697855431483,12.616690342266583,6.738595282129718,1522.1585029976632,P000120_LH,P000120,LH,production,thermorheo-v2.0-interface-objective-R10,3381,3264,103,states=103 nodes=3381 elems=3264
-2.164323768,-2.164323768,-4.913967041,-10.90203441,-2.559357434,-11.00190029,-12.39781015,22.40875977,205.1352707,5.535040418,2.3597364844444444,1,1,0.3180163792,0.04025380513,264.987888,-2.164323768,-6.861100967,-10.90203441,-11.82898296,155.625,-0.09649987052,0.0437235225,1,178.1249938,-2.749643273,,False,-0.014597280000000268,0.07382160284097283,1,2,-2.164323768,-6.012296354,-4.913967041,-7.376829905,-2.164323768,-6.012296354,-2.559357434,-6.289994942,0.3182377643,323.15,0.4855656307,318.0585772,251.72880766257487,22.209249802087697,160.10485234970244,3849.697592645945,353.7591934243321,0.7332526278503203,9.459713115964371,117.16497205946226,42.665676441291424,0.3023748752293448,89.88283692774856,3.173976359144613,71.42119233742511,0.591895366505258,7.209249802087698,0.48975533274662164,31.28471936958844,6.776917847882089,2.359736484419136,0.9476570682985814,0.8952060811442898,82.35329649491946,94.01420415751717,32.18743017521687,0.6761056910726331,0.29340672933362616,16.996320372178275,0.2304556352282705,8.039854260094657,0.7432808571275707,2.332991094162504,0.6201842011929068,2.135150700904549,26.445291643362875,1695.3533546654994,P000121_HL,P000121,HL,production,thermorheo-v2.0-interface-objective-R10,3381,3264,165,states=165 nodes=3381 elems=3264
-2.160435718,-2.160435718,-4.92264236,-10.90081912,-2.552839505,-10.99976551,-12.39555721,22.38041027,205.1352707,5.450419102,44.62397333333333,1,2,0.3181166601,0.040252554159999995,264.2683825,-2.160435718,-6.75189353,-10.90081912,-11.81399226,24.375,0.09649987052,0.0437235225,1,178.1249938,-2.762206642,,False,-0.013381989999999178,0.07283634668875019,2,1,-2.160435718,-6.033525404,-4.92264236,-7.379686476,-2.160435718,-6.033525404,-2.552839505,-6.311716676,0.426428883,320.1364105,0.426428883,320.1364105,251.72880766257487,22.209249802087697,160.10485234970244,3849.697592645946,353.75919342433207,0.7332526278503203,9.459713115964371,117.16497205946226,42.665676441291424,0.3023748752293448,89.88283692774856,3.173976359144613,71.42119233742511,0.591895366505258,7.209249802087698,0.48975533274662164,31.28471936958844,6.776917847882089,2.359736484419136,0.9476570682985814,0.8952060811442898,82.35329649491946,94.01420415751717,32.18743017521687,0.6761056910726331,0.29340672933362616,16.996320372178275,0.2304556352282705,8.039854260094657,0.7432808571275707,2.332991094162504,0.6201842011929068,2.135150700904549,26.445291643362875,1695.3533546654994,P000121_LH,P000121,LH,production,thermorheo-v2.0-interface-objective-R10,3381,3264,165,states=165 nodes=3381 elems=3264
-0.9962514527,-0.9962514527,-1.769382356,-9.859795754,-1.357477664,-9.961733956,-10.4465191,17.17611308,201.7120334,7.922464665,2.4692693730555555,1,1,0.5231737267,0.0417389471,261.4002827,-0.9962514527,-6.10060653,-9.859795754,-11.57600525,1.875,0.1058865229,0.003466365849,1,178.1249962,-0.7731309032999999,,False,0.003302491999999546,0.20643100763664435,1,2,-0.9962514527,-5.537023735,-1.769382356,-6.351190247,-0.9962514527,-5.537023735,-1.357477664,-5.784414276,0.5663033283,323.15,0.6590539122,321.3685866,250.97714037644215,24.832736846264226,105.80192049616214,1570.8485863380824,160.71431790604112,0.27506579635920714,77.7473948924046,539.3222209823173,33.28705894347365,8.491293068368513,1413.6683683301094,2.8628321266363153,72.17285962355784,0.5086624265177847,9.832736846264224,0.4807588893680774,9.156131376742449,9.665397933242136,0.6380430978139233,3.1259694003825995,3.651244188369174,62.99374643630372,91.23331006170258,26.01221649405064,0.9261454197744751,0.1718288153259569,11.891211606419253,0.27442176129156415,8.015938412396453,1.3716862792024225,1.6150943204253536,0.4176411731862834,3.3761665042506337,23.41996950506752,3524.850818590156,P000122_HL,P000122,HL,production,thermorheo-v2.0-interface-objective-R10,3381,3264,112,states=112 nodes=3381 elems=3264
-1.025337381,-1.025337381,-1.799597363,-9.859084391,-1.382877855,-9.960720155,-10.44751228,17.13790425,201.7130927,7.843959598,28.706055361111112,1,2,0.5227811369,0.04174422314,260.983914,-1.025337381,-6.084802368,-9.859084391,-11.56916207,1.875,0.1058865229,0.003466365849,1,178.1249962,-0.774259982,,False,0.004013855000000177,0.20620450904537374,2,1,-1.025337381,-5.530545003,-1.799597363,-6.347321543,-1.025337381,-5.530545003,-1.382877855,-5.786849203,0.6420375678,322.243862,0.6420375678,322.243862,250.97714037644215,24.832736846264226,105.80192049616214,1570.8485863380824,160.71431790604115,0.27506579635920714,77.7473948924046,539.3222209823173,33.28705894347365,8.491293068368513,1413.6683683301094,2.8628321266363153,72.17285962355784,0.5086624265177847,9.832736846264224,0.4807588893680774,9.156131376742449,9.665397933242136,0.6380430978139233,3.1259694003825995,3.651244188369174,62.99374643630372,91.23331006170258,26.01221649405064,0.9261454197744751,0.1718288153259569,11.891211606419253,0.27442176129156415,8.015938412396453,1.3716862792024225,1.6150943204253536,0.4176411731862834,3.3761665042506337,23.41996950506752,3524.850818590156,P000122_LH,P000122,LH,production,thermorheo-v2.0-interface-objective-R10,3381,3264,112,states=112 nodes=3381 elems=3264
3.477072037,3.477072037,0.4141686485,-13.85966902,2.721777468,-13.9512007,-11.17173782,23.64334206,221.1205369,13.16385773,3.6548478472222223,1,1,4.711839632,0.04943553148,247.7007878,3.477072037,-4.562412767,-13.85966902,-15.26873988,1.875,0.1058865229,0.003466365849,1,1.874992054,-3.0629033885,0.11911419840968915,False,0.08683032000000068,0.2118566825371092,1,2,3.477072037,-5.865574515,0.4141686485,-8.159942426,3.477072037,-5.865574515,2.721777468,-6.300789155,5.025303181,323.15,6.36966365,317.5555302,233.24519094442277,21.092660436758507,81.248298410889,2632.1485943828307,190.79309210652912,0.4268582797084989,39.07521605872957,132.7522675869859,40.043463095439684,2.286051703352165,186.39654167591058,0.8509545882342564,89.9048090555772,0.49296556828790095,6.092660436758509,0.6756521315893322,17.092883770490147,4.821829265710865,2.705243193728324,0.4857624095214508,1.3574729902336793,33.14374441723095,23.50750389976742,32.881699027702496,0.9085840052642691,0.3291519757400498,12.355508964829745,0.2790416327551989,12.776141254591959,1.0819653414214925,1.9769858640145392,0.4071728847469957,5.666376716666202,19.25067687428661,1618.8342400579781,P000123_HL,P000123,HL,production,thermorheo-v2.0-interface-objective-R10,3381,3264,88,states=88 nodes=3381 elems=3264
2.812802887,2.812802887,-0.0405630968,-13.85520265,2.108504813,-13.94433581,-11.20047008,22.86083127,221.1828556,11.92378521,30.11803947222222,1,2,4.715840592,0.049428123619999986,246.9943476,2.812802887,-4.722537842,-13.85520265,-15.21642259,1.875,0.1058865229,0.003466365849,1,1.874992054,-2.8533659838000003,-0.014420881387555257,False,0.09129669000000007,0.20370556787849875,2,1,2.812802887,-5.24073658,-0.0405630968,-7.998555376,2.812802887,-5.24073658,2.108504813,-5.729207165,6.1435331,320.392119,6.1435331,320.392119,233.24519094442277,21.092660436758507,81.248298410889,2632.1485943828307,190.79309210652914,0.4268582797084989,39.07521605872957,132.7522675869859,40.043463095439684,2.286051703352165,186.39654167591058,0.8509545882342564,89.9048090555772,0.49296556828790095,6.092660436758509,0.6756521315893322,17.092883770490147,4.821829265710865,2.705243193728324,0.4857624095214508,1.3574729902336793,33.14374441723095,23.50750389976742,32.881699027702496,0.9085840052642691,0.3291519757400498,12.355508964829745,0.2790416327551989,12.776141254591959,1.0819653414214925,1.9769858640145392,0.4071728847469957,5.666376716666202,19.25067687428661,1618.8342400579781,P000123_LH,P000123,LH,production,thermorheo-v2.0-interface-objective-R10,3381,3264,88,states=88 nodes=3381 elems=3264
-0.4206269516,-0.4206269516,-2.164726497,-9.430693747,-0.8501092513,-9.572567863,-15.21105347,26.83973295,226.9178544,2.77643149,1.5723106061111112,1,1,0.505644341,0.028011893659999995,282.7298834,-0.4206269516,-4.052642988,-9.430693747,-10.58177433,24.375,0.09649987052,0.0437235225,1,178.1249905,-1.7440995454000001,,False,0.00422246400000148,0.09734131114110958,1,2,-0.4206269516,-4.501937153,-2.164726497,-5.32702008,-0.4206269516,-4.501937153,-0.8501092513,-4.782854273,0.5956221886,323.15,1.196946725,318.6575194,276.9666087325406,22.15940887139832,142.25257444863715,1870.1978103509043,303.9440135827149,0.2916030836589524,7.8055602845225796,59.28605601092593,83.31026336357313,0.3213020249339803,58.56972461366359,0.9324803386055023,46.183391267459385,0.5611506556070499,7.159408871398319,0.686413828192119,24.293529697257373,2.641365404596694,0.6005694183278278,1.1603765172815759,0.37005763124915547,86.76214251580859,38.737194745017575,33.52652816373923,0.6477746842676062,0.46116756390090885,15.117415333662997,0.1808185792858705,12.825955044641114,1.458263005694623,1.8202644010544196,0.792960430634261,2.8326231613063078,21.5147983331889,1964.3847570265275,P000124_HL,P000124,HL,production,thermorheo-v2.0-interface-objective-R10,3381,3264,149,states=149 nodes=3381 elems=3264
-0.566303702,-0.566303702,-2.172377096,-9.430210121,-1.007040164,-9.571660617,-15.20383856,26.63356673,226.9178544,2.405720362,30.63820927777778,1,2,0.505747867,0.027917063980000004,282.3433527,-0.566303702,-3.987693564,-9.430210121,-10.5773211,24.375,0.09649987052,0.0437235225,1,178.1249905,-1.606073394,,False,0.004706090000000884,0.09595536084747723,2,1,-0.566303702,-4.282757652,-2.172377096,-5.33051809,-0.566303702,-4.282757652,-1.007040164,-4.63268768,0.9089483976,320.6290415,0.9089483976,320.6290415,276.9666087325406,22.15940887139832,142.25257444863715,1870.1978103509039,303.94401358271483,0.2916030836589524,7.8055602845225796,59.28605601092593,83.31026336357313,0.3213020249339803,58.56972461366359,0.9324803386055023,46.183391267459385,0.5611506556070499,7.159408871398319,0.686413828192119,24.293529697257373,2.641365404596694,0.6005694183278278,1.1603765172815759,0.37005763124915547,86.76214251580859,38.737194745017575,33.52652816373923,0.6477746842676062,0.46116756390090885,15.117415333662997,0.1808185792858705,12.825955044641114,1.458263005694623,1.8202644010544196,0.792960430634261,2.8326231613063078,21.5147983331889,1964.3847570265275,P000124_LH,P000124,LH,production,thermorheo-v2.0-interface-objective-R10,3381,3264,149,states=149 nodes=3381 elems=3264
-0.7403747804,-0.7403747804,-1.540795523,-7.39953445,-0.9608801784,-7.480979521,-8.727508502,14.01292017,212.9309574,5.151437679,4.949557775,1,1,2.075900067,0.04278480654,261.6901675,-0.7403747804,-3.941371879,-7.39953445,-8.443524458,24.375,0.09649987052,0.0437235225,1,1.874998217,-0.8004207425999998,,False,0.022100391000000386,0.12686129855114076,1,2,-0.7403747804,-3.937300776,-1.540795523,-4.950123099,-0.7403747804,-3.937300776,-0.9608801784,-4.114416434,2.236642028,323.15,2.311509922,320.4642063,254.0766379962202,22.848510105000678,144.0630683534638,3923.108517029532,462.5090811969035,0.3637576980124808,98.05106218651565,790.857439602385,92.45135969341545,2.9155923841853597,564.3960303446427,3.01934435894866,69.07336200377978,0.5179135250221106,7.848510105000677,0.6502901271274412,33.62989378020066,10.932920476879271,1.9822142072885784,2.1751846865499784,1.2422718942393058,55.0710187400275,54.55834197922024,26.317714127099386,0.7556713775656009,0.07755913244691552,8.407492019014654,0.27984227862738076,8.64890181903013,1.4198575197589172,2.2108713084608436,0.4055884853572765,3.6209584522800604,29.205822625658875,3921.0976124875287,P000125_HL,P000125,HL,production,thermorheo-v2.0-interface-objective-R10,3381,3264,150,states=150 nodes=3381 elems=3264
-0.7710467143,-0.7710467143,-1.568352984,-7.397278097,-0.9879379886,-7.477976428,-8.723161585,13.96514462,213.0061612,5.079101159,54.91204283333333,1,2,2.074408936,0.04278640937,261.3143086,-0.7710467143,-3.923474961,-7.397278097,-8.425733574,24.375,0.09649987052,0.0437235225,1,1.874998217,-0.7973062696999998,,False,0.02435674400000032,0.12694735000379098,2,1,-0.7710467143,-3.932624359,-1.568352984,-4.95342519,-0.7710467143,-3.932624359,-0.9879379886,-4.11884326,2.288127836,321.7589911,2.288127836,321.7589911,254.0766379962202,22.848510105000678,144.0630683534638,3923.1085170295314,462.50908119690337,0.3637576980124808,98.05106218651565,790.857439602385,92.45135969341545,2.9155923841853597,564.3960303446427,3.01934435894866,69.07336200377978,0.5179135250221106,7.848510105000677,0.6502901271274412,33.62989378020066,10.932920476879271,1.9822142072885784,2.1751846865499784,1.2422718942393058,55.0710187400275,54.55834197922024,26.317714127099386,0.7556713775656009,0.07755913244691552,8.407492019014654,0.27984227862738076,8.64890181903013,1.4198575197589172,2.2108713084608436,0.4055884853572765,3.6209584522800604,29.205822625658875,3921.0976124875287,P000125_LH,P000125,LH,production,thermorheo-v2.0-interface-objective-R10,3381,3264,150,states=150 nodes=3381 elems=3264
-4.234836083,-4.234836083,-4.752087761,-10.09207749,-4.462298619,-10.24007359,-14.80123919,22.03899371,236.5447162,4.040720744,3.034788088888889,1,1,2.963756456,0.033754343480000004,271.2720802,-4.234836083,-6.301691743,-10.09207749,-11.17328634,31.875,0.08996723585,0.05594522235,1,95.62465532,-0.517251678,,False,0.054394550000001374,0.021956985362594758,1,2,-4.234836083,-7.23655616,-4.752087761,-7.687517289,-4.234836083,-7.23655616,-4.462298619,-7.471025805,3.32569538,323.15,3.297292685,322.5357733,264.01343853097836,18.142803627139276,125.52097640550456,1747.4478377648654,106.96339905016603,0.29826451995430275,49.05514413524414,85.6168528422208,59.12296380034412,2.78180551822284,116.52328230420875,2.097176923419943,59.136561469021636,0.4633545260990666,3.1428036271392776,0.7855489467947325,17.634282416185258,32.33387422486888,1.0754233767130357,1.7780564182628977,0.48568987569995475,51.2401980069134,28.521274773364883,35.913114079095465,0.653023975013346,0.5056994589912785,15.059951119241935,0.21406580109778234,8.075247486029872,1.6378876836473268,2.091183854135177,0.5764366884223857,15.417809467472516,26.908988804246704,1669.8050358362307,P000126_HL,P000126,HL,production,thermorheo-v2.0-interface-objective-R10,3381,3264,132,states=132 nodes=3381 elems=3264
-4.24036666,-4.24036666,-4.749077827,-10.09355437,-4.473908597,-10.24097831,-14.79765031,21.96874949,236.4992652,3.930483386,56.342114388888895,1,2,2.977145987,0.033754350200000005,271.1072192,-4.24036666,-6.28861908,-10.09355437,-11.16930656,31.875,0.08996723585,0.05594522235,1,95.62465532,-0.5087111669999995,,False,0.05291767000000114,0.021208708258886766,2,1,-4.24036666,-7.221296806,-4.749077827,-7.691329321,-4.24036666,-7.221296806,-4.473908597,-7.461387296,3.231210627,322.8653953,3.231210627,322.8653953,264.01343853097836,18.142803627139276,125.52097640550456,1747.4478377648652,106.96339905016603,0.29826451995430275,49.05514413524414,85.6168528422208,59.12296380034412,2.78180551822284,116.52328230420875,2.097176923419943,59.136561469021636,0.4633545260990666,3.1428036271392776,0.7855489467947325,17.634282416185258,32.33387422486888,1.0754233767130357,1.7780564182628977,0.48568987569995475,51.2401980069134,28.521274773364883,35.913114079095465,0.653023975013346,0.5056994589912785,15.059951119241935,0.21406580109778234,8.075247486029872,1.6378876836473268,2.091183854135177,0.5764366884223857,15.417809467472516,26.908988804246704,1669.8050358362307,P000126_LH,P000126,LH,production,thermorheo-v2.0-interface-objective-R10,3381,3264,132,states=132 nodes=3381 elems=3264
4.83579092,4.83579092,4.151565426,-7.27497985,4.488943504,-7.372776183,-9.592801026,22.86256676,188.7331993,9.739332045,7.442212544444445,1,1,0.3496147418,0.03613396489,263.8413827,4.83579092,0.2933399998,-7.27497985,-8.275257457,28.125,0.0934336017,0.04994130058,1,1.874997988,-0.6842254939999997,0.8585080485655076,False,-0.021713101000000457,0.07888194116417788,1,2,4.83579092,-1.277716961,4.151565426,-1.881308173,4.83579092,-1.277716961,4.488943504,-1.506344817,0.3160784094,323.15,0.6565216546,321.3821445,256.26466920827056,18.85221613847238,157.301716678009,3723.558630365609,179.83189627033192,0.3296053542779772,258.08722444841015,493.8115995677372,98.85626393641144,7.920781915361784,363.7257748789218,1.1435968445102418,66.88533079172942,0.52602370637837,3.8522161384723805,0.3727454376251603,32.583553897358115,16.51280030092896,1.517930018058344,1.3286093600151707,3.6196262769452394,62.68947727232629,108.46781930289451,29.083240025727953,0.5856102634092679,0.0873524906335097,14.550438724234608,0.2533366398449526,11.787519606064185,1.3949940678398431,1.9682176577951243,0.5400496636742402,14.43935455068587,27.62756189361545,3569.9151904305513,P000127_HL,P000127,HL,production,thermorheo-v2.0-interface-objective-R10,3381,3264,163,states=163 nodes=3381 elems=3264
4.6314921,4.6314921,3.963295015,-7.270644813,4.294282952,-7.367576166,-9.597048053,22.62373122,188.7187623,9.267991392,63.00473238888889,1,2,0.3570443317,0.03613119727999999,263.507594,4.6314921,0.2048569356,-7.270644813,-8.254099847,28.125,0.0934336017,0.04994130058,1,1.874997988,-0.6681970850000001,0.8557274695556536,False,-0.01737806399999986,0.07828340159446084,2,1,4.6314921,-1.180036882,3.963295015,-1.816926565,4.6314921,-1.180036882,4.294282952,-1.42303444,0.7510864333,322.2200661,0.7510864333,322.2200661,256.26466920827056,18.85221613847238,157.301716678009,3723.558630365609,179.83189627033195,0.3296053542779772,258.08722444841015,493.8115995677372,98.85626393641144,7.920781915361784,363.7257748789218,1.1435968445102418,66.88533079172942,0.52602370637837,3.8522161384723805,0.3727454376251603,32.583553897358115,16.51280030092896,1.517930018058344,1.3286093600151707,3.6196262769452394,62.68947727232629,108.46781930289451,29.083240025727953,0.5856102634092679,0.0873524906335097,14.550438724234608,0.2533366398449526,11.787519606064185,1.3949940678398431,1.9682176577951243,0.5400496636742402,14.43935455068587,27.62756189361545,3569.9151904305513,P000127_LH,P000127,LH,production,thermorheo-v2.0-interface-objective-R10,3381,3264,163,states=163 nodes=3381 elems=3264
-4.79194212,-4.79194212,-5.325697544,-14.35209128,-5.096592401,-14.44457731,-15.51906187,21.0470255,248.4474665,2.918206501,5.688564605555555,1,1,1.497764101,0.04164183179999999,261.2247907,-4.79194212,-8.416043872,-14.35209128,-15.22122053,28.125,0.0934336017,0.04994130058,1,178.1249965,-0.5337554239999998,,False,0.053616579999999914,0.06531406721292071,1,2,-4.79194212,-8.151472936,-5.325697544,-8.482358088,-4.79194212,-8.151472936,-5.096592401,-8.370933839,1.757085251,323.15,1.68002055,322.1721647,251.09405894870304,20.019889527787388,154.5923521329861,3231.2295055605296,173.61775530214516,0.35911099946590563,56.701998114046454,170.9737606324714,68.35346473294015,2.309984801002903,167.16735278511305,4.10783198612102,72.05594105129693,0.6760138908703407,5.019889527787388,0.35814998235030454,24.54648103720367,34.24206872002554,0.7792683984206048,1.058773882083762,1.5221244722602207,64.53698783302404,22.94188942463215,38.203088421082626,0.7188526719567181,0.15863942764380431,10.36565322768721,0.2630284832882149,11.132935242134508,1.1486700228686793,1.7657552245993158,0.7652111472210956,8.335800693825343,25.134973015228294,2158.9844829773797,P000128_HL,P000128,HL,production,thermorheo-v2.0-interface-objective-R10,3381,3264,161,states=161 nodes=3381 elems=3264
-4.768681596,-4.768681596,-5.305852308,-14.35005737,-5.068408893,-14.44172,-15.50777806,21.03243987,248.4474665,2.947302182,67.83728111111111,1,2,1.497272725,0.04164052230000001,260.862018,-4.768681596,-8.336289842,-14.35005737,-15.20492978,28.125,0.0934336017,0.04994130058,1,178.1249965,-0.537170712,,False,0.055650489999999664,0.06547180403091135,2,1,-4.768681596,-8.178632217,-5.305852308,-8.50489926,-4.768681596,-8.178632217,-5.068408893,-8.397826951,1.674176352,322.4889698,1.674176352,322.4889698,251.09405894870304,20.019889527787388,154.5923521329861,3231.2295055605296,173.61775530214518,0.35911099946590563,56.701998114046454,170.9737606324714,68.35346473294015,2.309984801002903,167.16735278511305,4.10783198612102,72.05594105129693,0.6760138908703407,5.019889527787388,0.35814998235030454,24.54648103720367,34.24206872002554,0.7792683984206048,1.058773882083762,1.5221244722602207,64.53698783302404,22.94188942463215,38.203088421082626,0.7188526719567181,0.15863942764380431,10.36565322768721,0.2630284832882149,11.132935242134508,1.1486700228686793,1.7657552245993158,0.7652111472210956,8.335800693825343,25.134973015228294,2158.9844829773797,P000128_LH,P000128,LH,production,thermorheo-v2.0-interface-objective-R10,3381,3264,161,states=161 nodes=3381 elems=3264
6.980194489,6.980194489,5.740582807,-9.739255064,6.422908976,-9.824441389,-6.353518103,22.66653427,250.1145162,9.368301206,6.515362236111111,1,1,0.2785208432,0.04777220069000001,247.4035709,6.980194489,0.1273160493,-9.739255064,-10.95255108,1.875,0.1058865229,0.003466365849,1,1.874994815,-1.2396116819999996,0.8224101514716405,False,-0.07314327399999954,0.24931924025406874,1,2,6.980194489,1.398940801,5.740582807,0.6583185284,6.980194489,1.398940801,6.422908976,0.9833206708,2.206332839e-09,323.15,0.4673763066,321.7658685,235.91244410015202,23.070181277920135,178.3218477234683,4486.279826169027,310.44339229139393,0.394453656469888,218.36185223104934,56.75458421555888,63.67639406632831,8.693653397793549,54.22976720866579,1.2384762294697218,87.23755589984796,0.7349419870981163,8.070181277920137,0.4158249603572809,25.11738647028068,29.72246265874371,1.6850956075440253,2.420122353930565,2.5225774789048865,85.10902124340424,175.00633684081063,19.904441580846342,0.8805485825254529,0.2193533002547169,16.667704659022704,0.25396092276792376,10.118486970263305,1.2334990989921035,2.082770068322342,0.6522736680559034,23.999219324112477,6.2376541521401085,1929.6413760902553,P000129_HL,P000129,HL,production,thermorheo-v2.0-interface-objective-R10,3381,3264,185,states=185 nodes=3381 elems=3264
6.805350812,6.805350812,5.572547773,-9.735394527,6.260006997,-9.82036726,-6.371992269,22.44251376,250.1338975,8.967429715,67.98300680555555,1,2,0.287172283,0.047769997259999995,246.8947418,6.805350812,0.08267956671,-9.735394527,-10.94573025,1.875,0.1058865229,0.003466365849,1,1.874994815,-1.2328030390000002,0.8188479810877382,False,-0.06928273699999998,0.24816486495568363,2,1,6.805350812,1.52928627,5.572547773,0.7761876858,6.805350812,1.52928627,6.260006997,1.100118203,0.4827020283,322.1327436,0.4827020283,322.1327436,235.91244410015202,23.070181277920135,178.3218477234683,4486.279826169027,310.4433922913939,0.394453656469888,218.36185223104934,56.75458421555888,63.67639406632831,8.693653397793549,54.22976720866579,1.2384762294697218,87.23755589984796,0.7349419870981163,8.070181277920137,0.4158249603572809,25.11738647028068,29.72246265874371,1.6850956075440253,2.420122353930565,2.5225774789048865,85.10902124340424,175.00633684081063,19.904441580846342,0.8805485825254529,0.2193533002547169,16.667704659022704,0.25396092276792376,10.118486970263305,1.2334990989921035,2.082770068322342,0.6522736680559034,23.999219324112477,6.2376541521401085,1929.6413760902553,P000129_LH,P000129,LH,production,thermorheo-v2.0-interface-objective-R10,3381,3264,185,states=185 nodes=3381 elems=3264
-5.409126727,-5.409126727,-6.013477827,-14.15596082,-5.742314512,-14.24308788,-17.01599511,23.47804037,264.8269845,5.39497216,4.518248622222222,1,1,0.1131320297,0.03858873395000001,276.2134413,-5.409126727,-9.914233636,-14.15596082,-14.95815536,28.125,0.0934336017,0.04994130058,1,1.874998248,-0.6043510999999997,,False,-0.01753025000000008,0.13694944498754655,1,2,-5.409126727,-8.52916974,-6.013477827,-9.159333467,-5.409126727,-8.52916974,-5.742314512,-8.776621919,0.01331606815,323.15,0.3713375141,319.1243564,266.3167947208308,24.55250715498288,82.67659034049352,2134.3084987396924,350.90469551672163,0.6099709838690348,111.86842437115935,174.46526315621648,30.08065492333239,6.096927874035182,228.2042602031501,0.5682480715391185,56.8332052791692,0.6500972708439032,9.55250715498288,0.7841624800864709,18.348326679009983,5.146600042738501,0.655443005651135,3.8261076989511578,0.5128835035840915,30.844468523362288,105.49831036505485,39.62832816773776,0.6675258215447816,0.07623310252872179,13.308536330360637,0.2775140453533371,9.556778623477749,0.8870771031275506,2.316205298578665,0.626431275588254,9.056959980169868,14.124851719490445,3806.532467955765,P000130_HL,P000130,HL,production,thermorheo-v2.0-interface-objective-R10,3381,3264,88,states=88 nodes=3381 elems=3264
-5.667303611,-5.667303611,-6.251421896,-14.1514621,-5.985767958,-14.23787603,-16.99608466,23.19793246,264.8269845,4.870252061,33.007609555555554,1,2,0.1312491792,0.03822967180999999,275.5693631,-5.667303611,-9.931348218,-14.1514621,-14.9369202,28.125,0.0934336017,0.04994130058,1,1.874998248,-0.5841182849999997,,False,-0.013031529999999236,0.13556352414216047,2,1,-5.667303611,-8.405375906,-6.251421896,-9.056309447,-5.667303611,-8.405375906,-5.985767958,-8.676740544,0.5462224803,320.5329401,0.5462224803,320.5329401,266.3167947208308,24.55250715498288,82.67659034049352,2134.3084987396924,350.90469551672163,0.6099709838690348,111.86842437115935,174.46526315621648,30.08065492333239,6.096927874035182,228.2042602031501,0.5682480715391185,56.8332052791692,0.6500972708439032,9.55250715498288,0.7841624800864709,18.348326679009983,5.146600042738501,0.655443005651135,3.8261076989511578,0.5128835035840915,30.844468523362288,105.49831036505485,39.62832816773776,0.6675258215447816,0.07623310252872179,13.308536330360637,0.2775140453533371,9.556778623477749,0.8870771031275506,2.316205298578665,0.626431275588254,9.056959980169868,14.124851719490445,3806.532467955765,P000130_LH,P000130,LH,production,thermorheo-v2.0-interface-objective-R10,3381,3264,88,states=88 nodes=3381 elems=3264
-2.237385878,-2.237385878,-4.133064126,-10.91327462,-2.710586121,-11.05805394,-17.53398569,25.62556623,236.0077204,4.765649891,1.4963753247222222,1,1,0.2312644329,0.026443070779999994,279.7953197,-2.237385878,-5.985422183,-10.91327462,-12.29227788,24.375,0.09649987052,0.0437235225,1,91.87467687,-1.8956782479999998,,False,-0.11405237999999862,0.1069414275734464,1,2,-2.237385878,-7.59074351,-4.133064126,-8.252166255,-2.237385878,-7.59074351,-2.710586121,-7.859787532,1.80298155e-07,323.15,0.4131315611,321.6792314,274.5637860305452,21.71379754869186,130.98273348147052,2326.925582635414,275.14365342726614,0.24889222958068125,10.063131581438075,9.770543845179661,113.3175234507125,0.35679991215532664,8.314221053255912,2.5830325372539273,48.586213969454796,0.4158320891706761,6.71379754869186,0.35538360077679476,28.20385106220897,12.315169827881043,0.5238287363248835,3.5411229041716585,3.639320022527568,46.851318203123334,98.61292146913814,37.12803270706036,0.7390006002609507,0.468750819763874,13.257846663137713,0.18000096803103108,12.703939051496045,1.6668785400971435,1.7759134585325653,0.6470451384715981,4.7677176536744446,4.629095227432799,1364.1470137426916,P000131_HL,P000131,HL,production,thermorheo-v2.0-interface-objective-R10,3381,3264,137,states=137 nodes=3381 elems=3264
-2.336913982,-2.336913982,-4.20057587,-10.92403097,-2.799369028,-11.06693122,-17.53771076,25.50886272,236.0022598,4.553983155,49.719667888888885,1,2,0.2570905952,0.026441818549999996,279.5943085,-2.336913982,-6.000083818,-10.92403097,-12.28576727,24.375,0.09649987052,0.0437235225,1,91.87467687,-1.8636618879999998,,False,-0.12480872999999981,0.10642123021479163,2,1,-2.336913982,-7.409868548,-4.20057587,-8.155893869,-2.336913982,-7.409868548,-2.799369028,-7.711015856,0.220014742,322.5384072,0.220014742,322.5384072,274.5637860305452,21.71379754869186,130.98273348147052,2326.925582635414,275.1436534272661,0.24889222958068125,10.063131581438075,9.770543845179661,113.3175234507125,0.35679991215532664,8.314221053255912,2.5830325372539273,48.586213969454796,0.4158320891706761,6.71379754869186,0.35538360077679476,28.20385106220897,12.315169827881043,0.5238287363248835,3.5411229041716585,3.639320022527568,46.851318203123334,98.61292146913814,37.12803270706036,0.7390006002609507,0.468750819763874,13.257846663137713,0.18000096803103108,12.703939051496045,1.6668785400971435,1.7759134585325653,0.6470451384715981,4.7677176536744446,4.629095227432799,1364.1470137426916,P000131_LH,P000131,LH,production,thermorheo-v2.0-interface-objective-R10,3381,3264,137,states=137 nodes=3381 elems=3264
5.89370952,5.89370952,5.237040177,-5.133050028,5.490204486,-5.236109981,-7.910140627,20.56988943,192.2841101,10.24624918,8.586047369444445,1,1,0.6128860818,0.036152844059999995,271.4836227,5.89370952,-0.2714632519,-5.133050028,-6.39096393,24.375,0.09649987052,0.0437235225,1,178.1249989,-0.6566693429999999,0.8885813186463252,False,-0.2407441600000002,0.059879867446311914,1,2,5.89370952,0.2397741808,5.237040177,-0.5804013441,5.89370952,0.2397741808,5.490204486,-0.03621202011,0.004645229688,323.15,0.398327712,321.2434767,260.2916986290378,20.433060814062372,137.71677433090773,3323.9378362721254,309.40373311506556,0.639474653952595,503.50064109175656,79.8764184523356,50.39681183149466,15.623330822804377,59.48444670333636,0.8504038624706177,62.858301370962195,0.4720292713041652,5.433060814062371,0.6462425715261,32.22748380625909,22.402665217388655,2.7265048583316323,2.0043567505386437,0.6560138569257673,40.08539056940879,47.59471723856574,24.964609139035986,0.7036639931061559,0.04960554178814226,12.3346439704275,0.19978074892330197,13.037915451381789,0.7564028178474562,2.0705369187757072,0.4209496965002967,26.34356004957902,4.179198702670441,3947.9988390687545,P000132_HL,P000132,HL,production,thermorheo-v2.0-interface-objective-R10,3381,3264,145,states=145 nodes=3381 elems=3264
5.568620867,5.568620867,4.920779417,-5.08774336,5.171534787,-5.191288329,-7.96231778,20.2208523,192.3148,9.698921517,68.6030718611111,1,2,0.6427340721,0.036151997510000006,271.1238469,5.568620867,-0.4400859888,-5.08774336,-6.329441877,24.375,0.09649987052,0.0437235225,1,178.1249989,-0.6478414499999996,0.8836621372736742,False,-0.19543749199999993,0.057861787173922166,2,1,5.568620867,0.3712260352,4.920779417,-0.4695204464,5.568620867,0.3712260352,5.171534787,0.08710238986,0.5711345796,322.2500652,0.5711345796,322.2500652,260.2916986290378,20.433060814062372,137.71677433090773,3323.9378362721254,309.40373311506556,0.639474653952595,503.50064109175656,79.8764184523356,50.39681183149466,15.623330822804377,59.48444670333636,0.8504038624706177,62.858301370962195,0.4720292713041652,5.433060814062371,0.6462425715261,32.22748380625909,22.402665217388655,2.7265048583316323,2.0043567505386437,0.6560138569257673,40.08539056940879,47.59471723856574,24.964609139035986,0.7036639931061559,0.04960554178814226,12.3346439704275,0.19978074892330197,13.037915451381789,0.7564028178474562,2.0705369187757072,0.4209496965002967,26.34356004957902,4.179198702670441,3947.9988390687545,P000132_LH,P000132,LH,production,thermorheo-v2.0-interface-objective-R10,3381,3264,145,states=145 nodes=3381 elems=3264
3.423011218,3.423011218,2.615200125,-5.861332419,3.155878536,-5.944677612,-6.304528854,17.86732558,270.4496173,3.922418974,4.094200022222222,1,1,0.09912386557,0.05031236912999999,248.8186643,3.423011218,-0.09642294442,-5.861332419,-6.820990497,24.375,0.09649987052,0.0437235225,1,178.1249986,-0.8078110930000002,0.7640057126450235,False,-0.038879024999999956,0.09616426555810872,1,2,3.423011218,-1.53918902,2.615200125,-2.181752593,3.423011218,-1.53918902,3.155878536,-1.723426267,6.997319382e-06,323.15,0.07076109566,321.9803224,240.61503812852925,24.296216966321843,168.76154825765005,4379.790664635724,515.9015478802378,0.29707453919293675,46.074198005488014,45.968440236854555,106.66629433954388,1.454002470946071,34.815959604268954,6.368659875288198,82.53496187147074,0.45292687637217044,9.296216966321843,0.6069578090382979,31.68784023833815,32.7262593158992,2.1137100060936556,3.580075922022903,0.39733192630479913,60.47737275623185,74.10610568919422,23.56395122281899,0.6212162808522321,0.0614027114090797,9.407616645396391,0.24764679617260738,9.899590844282095,1.6166743104651262,2.0558644386484524,0.7399785520059714,5.138641402861579,5.12684627083325,2066.4245672521324,P000133_HL,P000133,HL,production,thermorheo-v2.0-interface-objective-R10,3381,3264,175,states=175 nodes=3381 elems=3264
3.390701786,3.390701786,2.581646823,-5.856398192,3.127255433,-5.938437981,-6.304189002,17.8335865,270.4574665,3.853066511,74.59941741666665,1,2,0.1008823316,0.050312185829999995,248.5768468,3.390701786,-0.08559256872,-5.856398192,-6.789127373,24.375,0.09649987052,0.0437235225,1,178.1249986,-0.8090549630000003,0.7613901150668754,False,-0.033944798000000276,0.09603233129448957,2,1,3.390701786,-1.528614934,2.581646823,-2.165867675,3.390701786,-1.528614934,3.127255433,-1.720707979,0.07056371629,322.6202216,0.07056371629,322.6202216,240.61503812852925,24.296216966321843,168.76154825765005,4379.790664635723,515.9015478802379,0.29707453919293675,46.074198005488014,45.968440236854555,106.66629433954388,1.454002470946071,34.815959604268954,6.368659875288198,82.53496187147074,0.45292687637217044,9.296216966321843,0.6069578090382979,31.68784023833815,32.7262593158992,2.1137100060936556,3.580075922022903,0.39733192630479913,60.47737275623185,74.10610568919422,23.56395122281899,0.6212162808522321,0.0614027114090797,9.407616645396391,0.24764679617260738,9.899590844282095,1.6166743104651262,2.0558644386484524,0.7399785520059714,5.138641402861579,5.12684627083325,2066.4245672521324,P000133_LH,P000133,LH,production,thermorheo-v2.0-interface-objective-R10,3381,3264,175,states=175 nodes=3381 elems=3264
7.874472512,7.874472512,5.632728733,-10.19499603,7.217314852,-10.34190982,-12.08811765,32.39666114,249.3925847,17.4084746,5.261255644444445,1,1,0.3899615709,0.047393107530000006,256.0799652,7.874472512,2.100625199,-10.19499603,-11.19606488,24.375,0.09649987052,0.0437235225,1,91.87464781,-2.241743778999999,0.715315054362844,False,-0.11036831000000014,0.26619635949849413,1,2,7.874472512,-3.090680598,5.632728733,-5.889900387,7.874472512,-3.090680598,7.217314852,-3.572606295,2.757617148e-12,323.15,0.5488697653,321.4480726,244.65345363169595,23.609775927066778,184.62162499483028,4363.157590886132,551.9974449250146,0.5173119985358055,191.5852227814245,68.96346778532566,69.37287408192786,5.3385064197449745,46.11987210556816,4.226372431375346,78.49654636830402,0.37102380849329786,8.60977592706678,0.6916278653610215,35.887420135494885,29.98596432519323,2.27063729910081,1.754728059261834,3.5291006740260262,67.75188833386994,159.2979077974685,39.01513896605293,0.6135553547904877,0.5110236815489105,17.66317772692785,0.24844459715920414,12.108467947240529,1.0788588602085203,2.3890414734900225,0.422209246121205,7.0949649639454995,2.553920290017848,3319.595974036966,P000134_HL,P000134,HL,production,thermorheo-v2.0-interface-objective-R10,3381,3264,189,states=189 nodes=3381 elems=3264
7.638838747,7.638838747,5.405669773,-10.16486458,6.980046609,-10.31137526,-12.07267817,32.15668875,249.3925847,17.00622078,78.68910613888889,1,2,0.4411870896,0.04720992288000002,255.798564,7.638838747,1.912872196,-10.16486458,-11.16368223,24.375,0.09649987052,0.0437235225,1,91.87464781,-2.2331689740000007,0.7076559608124948,False,-0.08023685999999941,0.2647198047549425,2,1,7.638838747,-3.039258448,5.405669773,-5.844758038,7.638838747,-3.039258448,6.980046609,-3.532447839,0.4271584011,322.5185444,0.4271584011,322.5185444,244.65345363169595,23.609775927066778,184.62162499483028,4363.157590886132,551.9974449250146,0.5173119985358055,191.5852227814245,68.96346778532566,69.37287408192786,5.3385064197449745,46.11987210556816,4.226372431375346,78.49654636830402,0.37102380849329786,8.60977592706678,0.6916278653610215,35.887420135494885,29.98596432519323,2.27063729910081,1.754728059261834,3.5291006740260262,67.75188833386994,159.2979077974685,39.01513896605293,0.6135553547904877,0.5110236815489105,17.66317772692785,0.24844459715920414,12.108467947240529,1.0788588602085203,2.3890414734900225,0.422209246121205,7.0949649639454995,2.553920290017848,3319.595974036966,P000134_LH,P000134,LH,production,thermorheo-v2.0-interface-objective-R10,3381,3264,189,states=189 nodes=3381 elems=3264
7.036775125,7.036775125,5.652546156,-8.132462354,6.655717129,-8.25410907,-9.111143211,25.4345379,201.7348769,13.22154165,3.7085875083333333,1,1,0.2953127506,0.038524993529999996,259.4724129,7.036775125,3.529904241,-8.132462354,-8.778193767,24.375,0.09649987052,0.0437235225,1,1.874985293,-1.3842289690000005,0.8032864565925715,False,-0.05930236599999894,0.07265157799189062,1,2,7.036775125,2.715122614,5.652546156,1.16700113,7.036775125,2.715122614,6.655717129,2.416860174,5.752930659e-07,323.15,0.4432138928,321.1733727,251.426034330768,18.877778349839318,165.9438806935652,4949.963500376296,217.23930271761898,0.36886292056653375,76.39843074826638,85.01833101098389,93.39997450484395,2.2175462164828903,59.22595312554912,3.530129016040981,71.72396566923197,0.7488721782650433,3.877778349839317,0.5129410709228373,34.45178737669653,18.358736734135864,1.7399139439210065,3.413048601540024,1.4545124969931504,65.4666191211279,136.5223309336823,29.5652121677829,0.5788047103301414,0.5815350639370342,16.73345828637999,0.27207043471724746,12.021468204392008,1.5813211209443212,2.4968449670514152,0.5057452950171064,5.2005852054452895,5.787358066348847,3044.0280323908064,P000135_HL,P000135,HL,production,thermorheo-v2.0-interface-objective-R10,3381,3264,172,states=172 nodes=3381 elems=3264
6.944058551,6.944058551,5.557581718,-8.128507525,6.545706154,-8.249345597,-9.107635108,25.30232666,201.7813081,12.93416327,63.12658666666667,1,2,0.2941118747,0.03852304297999999,258.9643364,6.944058551,3.504910878,-8.128507525,-8.769503909,24.375,0.09649987052,0.0437235225,1,1.874985293,-1.3864768330000006,0.8003362410012604,False,-0.05534753699999939,0.07211916585520808,2,1,6.944058551,2.754410565,5.557581718,1.211294989,6.944058551,2.754410565,6.545706154,2.48702309,0.4306467234,321.6697588,0.4306467234,321.6697588,251.426034330768,18.877778349839318,165.9438806935652,4949.963500376296,217.23930271761895,0.36886292056653375,76.39843074826638,85.01833101098389,93.39997450484395,2.2175462164828903,59.22595312554912,3.530129016040981,71.72396566923197,0.7488721782650433,3.877778349839317,0.5129410709228373,34.45178737669653,18.358736734135864,1.7399139439210065,3.413048601540024,1.4545124969931504,65.4666191211279,136.5223309336823,29.5652121677829,0.5788047103301414,0.5815350639370342,16.73345828637999,0.27207043471724746,12.021468204392008,1.5813211209443212,2.4968449670514152,0.5057452950171064,5.2005852054452895,5.787358066348847,3044.0280323908064,P000135_LH,P000135,LH,production,thermorheo-v2.0-interface-objective-R10,3381,3264,172,states=172 nodes=3381 elems=3264
-1.396728141,-1.396728141,-3.253940627,-17.21916572,-1.829940879,-17.28121053,-14.57630891,27.0457433,223.676266,6.388112446,4.669431561111111,1,1,0.2294417328,0.045337867300000015,248.331779,-1.396728141,-7.833194848,-17.21916572,-18.1393103,1.875,0.1058865229,0.003466365849,1,178.1249997,-1.8572124859999999,,False,-0.006414709999997825,0.1939620937104231,1,2,-1.396728141,-8.484540445,-3.253940627,-10.30798025,-1.396728141,-8.484540445,-1.829940879,-8.787115905,0.259842517,323.15,0.2510890554,321.8737465,240.01308254636646,21.62716305467754,186.44261639212374,4823.195449467236,418.69917158045723,0.23580091968526865,93.74414082627834,265.25796575575305,147.55689927661462,2.6942576084576215,182.9677979595521,6.367905450415185,83.13691745363352,0.5288181535763368,6.627163054677539,0.721964874352089,34.79405255533228,30.430486704875392,2.681199985291591,1.1111081134179124,1.4038181833185865,76.0317720125276,41.505359221605616,33.6590282815099,0.8553342297389048,0.013377704882949086,16.582982638407643,0.20526137641039463,11.386456454892647,1.5894262131738177,1.6043250727915994,0.7449130425104398,4.7787277844854525,13.521864938334106,2776.7430627462804,P000136_HL,P000136,HL,production,thermorheo-v2.0-interface-objective-R10,3381,3264,193,states=193 nodes=3381 elems=3264
-1.405802884,-1.405802884,-3.267202679,-17.21653371,-1.831047162,-17.27675417,-14.56745504,27.02923732,223.6576719,6.363752996,75.09009711111112,1,2,0.2256631181,0.04533717999999999,248.0344105,-1.405802884,-7.749667737,-17.21653371,-18.09850436,1.875,0.1058865229,0.003466365849,1,178.1249997,-1.8613997949999999,,False,-0.0037826999999985844,0.19384103155016935,2,1,-1.405802884,-8.492258715,-3.267202679,-10.30665561,-1.405802884,-8.492258715,-1.831047162,-8.811281421,0.262629421,322.475094,0.262629421,322.475094,240.01308254636646,21.62716305467754,186.44261639212374,4823.195449467237,418.6991715804573,0.23580091968526865,93.74414082627834,265.25796575575305,147.55689927661462,2.6942576084576215,182.9677979595521,6.367905450415185,83.13691745363352,0.5288181535763368,6.627163054677539,0.721964874352089,34.79405255533228,30.430486704875392,2.681199985291591,1.1111081134179124,1.4038181833185865,76.0317720125276,41.505359221605616,33.6590282815099,0.8553342297389048,0.013377704882949086,16.582982638407643,0.20526137641039463,11.386456454892647,1.5894262131738177,1.6043250727915994,0.7449130425104398,4.7787277844854525,13.521864938334106,2776.7430627462804,P000136_LH,P000136,LH,production,thermorheo-v2.0-interface-objective-R10,3381,3264,193,states=193 nodes=3381 elems=3264
3.995415418,3.995415418,2.932662285,-4.77950429,3.59162789,-4.883719457,-8.28113977,19.61910226,210.7068029,3.762689982,2.183858098611111,1,1,0.7241950687,0.0343651069,271.3527804,3.995415418,-0.2863480245,-4.77950429,-5.881457542,20.625,0.09915291209,0.03731851358,1,1.874993766,-1.0627531329999997,0.7340068498979798,False,0.01376723299999938,0.16543226934967573,1,2,3.995415418,0.6586684405,2.932662285,-0.1092136597,3.995415418,0.6586684405,3.59162789,0.3632129335,0.8462381757,323.15,0.786623566,322.3762923,262.77747367242466,23.414978376520175,117.45375378181052,2311.88790831987,246.3513419956913,0.36583896252653547,28.076976342047736,211.65066198480812,47.083537207386605,1.63001385913407,294.8980045092502,14.392339062934193,60.37252632757534,0.6807080803292995,8.414978376520173,0.4852680110523177,17.224992404029848,31.217005409582328,1.226914076241275,3.744052037272103,2.403538870131851,37.03775359687804,24.878873914313882,21.028599745994242,0.6435479337705787,0.2615899134090741,12.381317906246103,0.21259706030496137,10.472360585283814,1.2160572177182063,1.9043662297866355,0.6946769534008141,2.1690015273457615,16.350429031821772,3601.710108413786,P000137_HL,P000137,HL,production,thermorheo-v2.0-interface-objective-R10,3381,3264,125,states=125 nodes=3381 elems=3264
4.004768685,4.004768685,2.938560495,-4.776756252,3.606638799,-4.879467025,-8.271108699,19.61182006,210.8064676,3.776220499,58.00036088888889,1,2,0.7232505286,0.034363539070000004,271.0537981,4.004768685,-0.2245352537,-4.776756252,-5.857397296,20.625,0.09915291209,0.03731851358,1,1.874993766,-1.0662081900000002,0.7337653497957273,False,0.016515270999999387,0.16522348585032504,2,1,4.004768685,0.6440650141,2.938560495,-0.1183168835,4.004768685,0.6440650141,3.606638799,0.3400065334,0.7855584971,322.6233309,0.7855584971,322.6233309,262.77747367242466,23.414978376520175,117.45375378181052,2311.8879083198694,246.35134199569126,0.36583896252653547,28.076976342047736,211.65066198480812,47.083537207386605,1.63001385913407,294.8980045092502,14.392339062934193,60.37252632757534,0.6807080803292995,8.414978376520173,0.4852680110523177,17.224992404029848,31.217005409582328,1.226914076241275,3.744052037272103,2.403538870131851,37.03775359687804,24.878873914313882,21.028599745994242,0.6435479337705787,0.2615899134090741,12.381317906246103,0.21259706030496137,10.472360585283814,1.2160572177182063,1.9043662297866355,0.6946769534008141,2.1690015273457615,16.350429031821772,3601.710108413786,P000137_LH,P000137,LH,production,thermorheo-v2.0-interface-objective-R10,3381,3264,125,states=125 nodes=3381 elems=3264
9.178066164,9.178066164,5.906659589,-4.773005388,8.491585377,-4.890673563,-9.308418048,26.45115687,180.6395815,10.66514467,2.3901687372222225,1,1,0.5073982732,0.030387346559999997,283.2158238,9.178066164,2.945628526,-4.773005388,-5.940282859,13.125,0.1031756887,0.02405719646,1,91.87473401,-3.2714065750000003,0.6435625417659606,False,-0.20366536299999982,0.19867153799643242,1,2,9.178066164,2.427214504,5.906659589,0.9327630263,9.178066164,2.427214504,8.491585377,2.014765249,1.891570332e-10,323.15,1.945203871,321.1962329,275.6479843650089,23.928742672619077,190.8578193933098,3137.6014989797695,459.80639785793016,0.4820708072096509,104.08073692872436,7.3922679999171255,73.81304226191114,2.9250037038991246,4.985916568545397,0.43273664856225696,47.502015634991075,0.671141108577346,8.928742672619077,0.3945709197162608,35.58311286579958,13.508555857479374,1.401748935349817,1.2860375565804973,3.91008570354247,92.9872934132857,121.98002160012523,22.992399797505648,0.6035479135320359,0.3856839810974991,17.774815435099313,0.21090646730857904,13.647430734538164,0.9186896803333926,1.8957723100886796,0.4760679552306334,31.216574566450028,2.217137311322298,2258.1456912524886,P000138_HL,P000138,HL,production,thermorheo-v2.0-interface-objective-R10,3381,3264,196,states=196 nodes=3381 elems=3264
8.206836791,8.206836791,5.175391564,-4.793414507,7.576859767,-4.912214704,-9.395615868,25.37783471,181.0028363,8.961791591,58.079709666666666,1,2,0.5707178346,0.030391617330000002,282.7857734,8.206836791,2.478413932,-4.793414507,-5.972220413,16.875,0.1013813657,0.03075370105,1,91.87473401,-3.0314452270000007,0.6306195304962778,False,-0.2240744819999998,0.1991317225560022,2,1,8.206836791,3.509928859,5.175391564,1.636110537,8.206836791,3.509928859,7.576859767,3.039560048,1.748897255,321.8387466,1.748897255,321.8387466,275.6479843650089,23.928742672619077,190.8578193933098,3137.6014989797704,459.8063978579302,0.4820708072096509,104.08073692872436,7.3922679999171255,73.81304226191114,2.9250037038991246,4.985916568545397,0.43273664856225696,47.502015634991075,0.671141108577346,8.928742672619077,0.3945709197162608,35.58311286579958,13.508555857479374,1.401748935349817,1.2860375565804973,3.91008570354247,92.9872934132857,121.98002160012523,22.992399797505648,0.6035479135320359,0.3856839810974991,17.774815435099313,0.21090646730857904,13.647430734538164,0.9186896803333926,1.8957723100886796,0.4760679552306334,31.216574566450028,2.217137311322298,2258.1456912524886,P000138_LH,P000138,LH,production,thermorheo-v2.0-interface-objective-R10,3381,3264,196,states=196 nodes=3381 elems=3264
4.845927478,4.845927478,4.147386628,-9.116738581,4.315603975,-9.220554251,-9.320205811,22.13473014,149.8192375,4.777069667,7.928626119444444,1,1,0.1808901038,0.02954273999999999,273.9228197,4.845927478,0.7761475505,-9.116738581,-10.02608443,1.875,0.1058865229,0.003466365849,1,91.87464711,-0.6985408500000005,0.8558499166214719,False,-0.0723386210000001,0.08813691371445656,1,2,4.845927478,-2.884576287,4.147386628,-3.412982351,4.845927478,-2.884576287,4.315603975,-3.196327288,0.01074870955,323.15,0.3542746043,321.8935712,267.5349480434509,18.218038669608713,162.50960809709153,3273.8386100654634,182.5996694420567,0.2920847812083658,138.24757934696325,65.88817668931594,118.23129105567749,4.003281915460865,45.79070923553022,1.1909474095879817,55.615051956549046,0.4472699340791038,3.218038669608713,0.5190953208900866,34.53356077998018,22.618579425004025,2.9952602950272165,2.643311032132536,3.998714105539777,51.549336246728096,53.02291693344855,20.17597875832075,0.8190944910110127,0.5120471427844988,17.72102202331549,0.219766259046819,13.445647753918735,1.4834307084100629,1.8547385517876411,0.7869109227600593,18.992089191267574,9.051544585767626,3085.7306097923856,P000139_HL,P000139,HL,production,thermorheo-v2.0-interface-objective-R10,3381,3264,166,states=166 nodes=3381 elems=3264
4.709334679,4.709334679,4.027692422,-9.114157436,4.178615528,-9.21391769,-9.324661077,21.96679631,149.8601973,4.491744909,74.71805175,1,2,0.2206771071,0.029539456450000008,273.70335,4.709334679,0.7224737469,-9.114157436,-9.99441154,1.875,0.1058865229,0.003466365849,1,91.87464711,-0.681642257,0.8552572064925437,False,-0.06975747599999949,0.08690184757084367,2,1,4.709334679,-2.774358298,4.027692422,-3.34874517,4.709334679,-2.774358298,4.178615528,-3.116701057,0.3090448084,322.5880371,0.3090448084,322.5880371,267.5349480434509,18.218038669608713,162.50960809709153,3273.8386100654625,182.59966944205667,0.2920847812083658,138.24757934696325,65.88817668931594,118.23129105567749,4.003281915460865,45.79070923553022,1.1909474095879817,55.615051956549046,0.4472699340791038,3.218038669608713,0.5190953208900866,34.53356077998018,22.618579425004025,2.9952602950272165,2.643311032132536,3.998714105539777,51.549336246728096,53.02291693344855,20.17597875832075,0.8190944910110127,0.5120471427844988,17.72102202331549,0.219766259046819,13.445647753918735,1.4834307084100629,1.8547385517876411,0.7869109227600593,18.992089191267574,9.051544585767626,3085.7306097923856,P000139_LH,P000139,LH,production,thermorheo-v2.0-interface-objective-R10,3381,3264,166,states=166 nodes=3381 elems=3264
4.381435896,4.381435896,2.404965652,-5.148806068,3.90903517,-5.289417682,-6.832649886,20.70926635,249.7470921,10.11354568,2.2233686216666664,1,1,0.302614774,0.05002744104,254.729988,4.381435896,-0.4899124075,-5.148806068,-6.348199387,31.875,0.08996723585,0.05594522235,1,121.8747183,-1.9764702440000002,0.5488989703570913,False,-0.07406742199999972,0.11967715533644312,1,2,4.381435896,0.2402764466,2.404965652,-0.9725243002,4.381435896,0.2402764466,3.90903517,-0.1864344527,2.146058789e-10,323.15,1.337302081,316.9643352,236.68427699092604,19.474847951600406,156.3618207958475,3660.7555567123222,175.34500811042236,0.6888159905011311,12.9593049755028,10.648998284109565,30.486095006015624,0.6171300458592524,12.170683804757347,1.837167663176599,86.46572300907395,0.5962158244749782,4.474847951600406,0.6388082107428392,20.999309728080238,5.830975797718864,2.223368621582561,3.598828494730347,1.6278812151226483,93.63206887909706,107.82970861422231,28.162693507464816,0.5689257498504776,0.5074220805166921,15.27158837719557,0.22102007059551504,8.801184813844667,0.7037158773360382,2.074947320669373,0.46433849829971935,3.1738942038837514,2.608071497275032,1244.4540328070213,P000140_HL,P000140,HL,production,thermorheo-v2.0-interface-objective-R10,3381,3264,161,states=161 nodes=3381 elems=3264
4.1223219,4.1223219,2.247325947,-5.151089595,3.654983154,-5.291550633,-6.85541997,20.37842991,249.5912726,9.279429765,36.503732472222225,1,2,0.3246546318,0.05020109272,253.7520796,4.1223219,-0.4858968717,-5.151089595,-6.347481227,31.875,0.08996723585,0.05594522235,1,118.1247056,-1.874995953,0.5451602280258608,False,-0.07635094900000006,0.1170485668458825,2,1,4.1223219,0.5218810778,2.247325947,-0.855362811,4.1223219,0.5218810778,3.654983154,0.04770569643,1.016310128,319.4620087,1.016310128,319.4620087,236.68427699092604,19.474847951600406,156.3618207958475,3660.7555567123222,175.34500811042236,0.6888159905011311,12.9593049755028,10.648998284109565,30.486095006015624,0.6171300458592524,12.170683804757347,1.837167663176599,86.46572300907395,0.5962158244749782,4.474847951600406,0.6388082107428392,20.999309728080238,5.830975797718864,2.223368621582561,3.598828494730347,1.6278812151226483,93.63206887909706,107.82970861422231,28.162693507464816,0.5689257498504776,0.5074220805166921,15.27158837719557,0.22102007059551504,8.801184813844667,0.7037158773360382,2.074947320669373,0.46433849829971935,3.1738942038837514,2.608071497275032,1244.4540328070213,P000140_LH,P000140,LH,production,thermorheo-v2.0-interface-objective-R10,3381,3264,161,states=161 nodes=3381 elems=3264
-2.758218452,-2.758218452,-5.802957665,-13.97291982,-3.160691535,-14.08471052,-14.35468076,22.28321827,222.7145166,11.51573315,6.013017202777777,1,1,0.2064178178,0.049179787540000006,247.381448,-2.758218452,-9.010705441,-13.97291982,-15.92551986,1.875,0.1058865229,0.003466365849,1,178.1249994,-3.044739213,,False,-0.0539757699999992,0.1989124386216237,1,2,-2.758218452,-9.429206876,-5.802957665,-11.46059329,-2.758218452,-9.429206876,-3.160691535,-9.696821154,7.077609869e-06,323.15,0.4030052605,321.7572739,235.96951181493097,22.678833289258176,205.9173722829934,4380.968612716834,369.1014416149156,0.44069592177160266,285.4736035526728,65.81899671728861,73.27504390561786,8.840378065120706,48.91785223767577,2.759287606949549,87.18048818506901,0.4119280386817017,7.678833289258176,0.4253435652610399,32.29201301684092,33.847785615226286,2.098833805506012,0.7638763641992944,2.971074678788851,95.81799093709697,67.17937957187709,35.60062652904671,0.9358902930121158,0.02806478674129557,15.317483571411245,0.23488466045429726,8.229634288166606,1.163504830498502,2.194894888875264,0.41332603557456055,12.266856680679886,2.8282551855907307,2752.781847986854,P000141_HL,P000141,HL,production,thermorheo-v2.0-interface-objective-R10,3381,3264,211,states=211 nodes=3381 elems=3264
-2.906739585,-2.906739585,-5.946647812,-13.96380493,-3.305803331,-14.07584009,-14.39304174,22.1227648,222.8040734,11.19576977,77.98660069444445,1,2,0.224763452,0.04918043587,247.0996945,-2.906739585,-9.101746554,-13.96380493,-15.91842242,1.875,0.1058865229,0.003466365849,1,178.1249994,-3.039908227,,False,-0.04486087999999988,0.19846426998929723,2,1,-2.906739585,-9.367010942,-5.946647812,-11.4150315,-2.906739585,-9.367010942,-3.305803331,-9.637806005,0.3801607198,322.576297,0.3801607198,322.576297,235.96951181493097,22.678833289258176,205.9173722829934,4380.968612716833,369.10144161491553,0.44069592177160266,285.4736035526728,65.81899671728861,73.27504390561786,8.840378065120706,48.91785223767577,2.759287606949549,87.18048818506901,0.4119280386817017,7.678833289258176,0.4253435652610399,32.29201301684092,33.847785615226286,2.098833805506012,0.7638763641992944,2.971074678788851,95.81799093709697,67.17937957187709,35.60062652904671,0.9358902930121158,0.02806478674129557,15.317483571411245,0.23488466045429726,8.229634288166606,1.163504830498502,2.194894888875264,0.41332603557456055,12.266856680679886,2.8282551855907307,2752.781847986854,P000141_LH,P000141,LH,production,thermorheo-v2.0-interface-objective-R10,3381,3264,211,states=211 nodes=3381 elems=3264
-0.446351292,-0.446351292,-3.154567875,-12.12935453,-0.8505762195,-12.21260121,-12.45998303,20.93710189,183.5706239,4.717369946,3.2994347555555557,1,1,0.05697659555,0.03860552289000001,261.9698021,-0.446351292,-4.654024926,-12.12935453,-12.96109145,9.375,0.1045281975,0.01725767525,1,1.874993149,-2.708216583,,False,-0.022918030000001366,0.10202649893012782,1,2,-0.446351292,-7.321193566,-3.154567875,-8.742065644,-0.446351292,-7.321193566,-0.8505762195,-7.557560528,0.0002856836863,323.15,0.02043739631,321.9359454,254.87662968754722,23.222954936970496,156.37926032785882,3442.117201590399,439.2448585164894,0.31609414620435744,35.269882678797174,134.97311634266708,108.0507601024831,1.0326656604638311,94.84495558018017,9.438275103492048,68.27337031245276,0.4067770083307871,8.222954936970496,0.5181462202364063,34.15421276132624,26.239225994394197,1.3477654546567175,0.7150434629374378,0.5905942405935601,56.524802494436706,112.51641521713508,29.173408875351974,0.7674868858954753,0.2861183571888637,12.183527233226894,0.26072120693166145,11.280757089873907,1.5948144799817672,2.157909009577952,0.7353560722233917,2.7800870081320257,10.639020566317859,3064.856183514855,P000142_HL,P000142,HL,production,thermorheo-v2.0-interface-objective-R10,3381,3264,163,states=163 nodes=3381 elems=3264
-0.4607702975,-0.4607702975,-3.173388553,-12.1237214,-0.8584699118,-12.20445339,-12.45655542,20.91660062,183.5914867,4.677776438,66.34627666666667,1,2,0.05180260011,0.03860532534000001,261.7624038,-0.4607702975,-4.619092441,-12.1237214,-12.92345776,9.375,0.1045281975,0.01725767525,1,1.874993149,-2.7126182555000002,,False,-0.017284900000001713,0.10219618647407223,2,1,-0.4607702975,-7.334863521,-3.173388553,-8.739535073,-0.4607702975,-7.334863521,-0.8584699118,-7.586184742,0.03997815774,322.6561505,0.03997815774,322.6561505,254.87662968754722,23.222954936970496,156.37926032785882,3442.1172015903994,439.2448585164894,0.31609414620435744,35.269882678797174,134.97311634266708,108.0507601024831,1.0326656604638311,94.84495558018017,9.438275103492048,68.27337031245276,0.4067770083307871,8.222954936970496,0.5181462202364063,34.15421276132624,26.239225994394197,1.3477654546567175,0.7150434629374378,0.5905942405935601,56.524802494436706,112.51641521713508,29.173408875351974,0.7674868858954753,0.2861183571888637,12.183527233226894,0.26072120693166145,11.280757089873907,1.5948144799817672,2.157909009577952,0.7353560722233917,2.7800870081320257,10.639020566317859,3064.856183514855,P000142_LH,P000142,LH,production,thermorheo-v2.0-interface-objective-R10,3381,3264,163,states=163 nodes=3381 elems=3264
-0.1221347607,-0.1221347607,-0.5901087466,-6.632024106,-0.4914826372,-6.772813838,-10.23782967,17.67172479,220.3155843,6.292523744,5.124990177777777,1,1,0.1057809717,0.047919093700000005,263.408615,-0.1221347607,-4.110875038,-6.632024106,-8.344737521,28.125,0.0934336017,0.04994130058,1,178.1249907,-0.4679739859,,False,-0.00011907799999999469,0.1466325630432397,1,2,-0.1221347607,-4.096459832,-0.5901087466,-4.65713096,-0.1221347607,-4.096459832,-0.4914826372,-4.355014314,0.1141975863,323.15,0.1092598769,322.2354805,247.15071735612958,24.108615504009933,156.48240710823225,1637.4000850061068,165.19362211137195,0.48895277928027103,92.06111271777212,1349.6567537622698,20.159171885240912,9.339779277594083,3286.2073833840063,14.170104487226716,75.9992826438704,0.3937779097968564,9.108615504009933,0.45089795122665066,9.856883121277246,31.580229796762783,2.167925242761646,3.1179645965398746,2.7982679572861584,89.02009547573961,173.6399843973757,32.50861717164254,0.7523144318774966,0.453804743902102,8.142478738301,0.21899589186197288,9.37240957270252,0.8007325403075877,1.6759493980460958,0.4920051142668401,2.2286518652865253,32.6730250479383,3910.413840910898,P000143_HL,P000143,HL,production,thermorheo-v2.0-interface-objective-R10,3381,3264,163,states=163 nodes=3381 elems=3264
-0.1196899682,-0.1196899682,-0.5883603378,-6.630865913,-0.4870467957,-6.771211479,-10.22856659,17.667929,220.3655119,6.291515271,54.64626088888889,1,2,0.105283374,0.047916391169999996,263.1717658,-0.1196899682,-4.091112523,-6.630865913,-8.33447095,28.125,0.0934336017,0.04994130058,1,178.1249907,-0.46867036959999997,,False,0.0010391150000002014,0.14641909883657023,2,1,-0.1196899682,-4.107877721,-0.5883603378,-4.665204978,-0.1196899682,-4.107877721,-0.4870467957,-4.371864088,0.1122635999,322.7898824,0.1122635999,322.7898824,247.15071735612958,24.108615504009933,156.48240710823225,1637.4000850061068,165.19362211137192,0.48895277928027103,92.06111271777212,1349.6567537622698,20.159171885240912,9.339779277594083,3286.2073833840063,14.170104487226716,75.9992826438704,0.3937779097968564,9.108615504009933,0.45089795122665066,9.856883121277246,31.580229796762783,2.167925242761646,3.1179645965398746,2.7982679572861584,89.02009547573961,173.6399843973757,32.50861717164254,0.7523144318774966,0.453804743902102,8.142478738301,0.21899589186197288,9.37240957270252,0.8007325403075877,1.6759493980460958,0.4920051142668401,2.2286518652865253,32.6730250479383,3910.413840910898,P000143_LH,P000143,LH,production,thermorheo-v2.0-interface-objective-R10,3381,3264,163,states=163 nodes=3381 elems=3264
3.475362926,3.475362926,3.257998846,-6.592757466,3.118353338,-6.744709243,-10.87433376,24.24808964,215.636599,5.360533804,8.175438558333333,1,1,0.090175775,0.04428582315,256.2280022,3.475362926,-0.3285338785,-6.592757466,-8.113226897,31.875,0.08996723585,0.05594522235,1,178.1249934,-0.21736407999999985,0.937455717682361,False,-0.0009189699999998524,0.09195238741791169,1,2,3.475362926,-2.197757381,3.257998846,-2.439918321,3.475362926,-2.197757381,3.118353338,-2.434265098,0.09163507399,323.15,0.4347250973,317.5111472,246.02715770546766,19.854066229879866,129.93863598518917,2195.046684712559,110.15969598542611,0.3045360054286722,143.2908625509454,555.5180660639286,43.63982792423811,10.781937764412538,1003.200529386762,0.34930654263935335,77.12284229453232,0.4590153444048318,4.854066229879865,0.3826336435347572,13.289898873642098,2.39964044674967,2.479767613001817,3.768093101954376,2.419181926168116,83.62511250890668,116.09071365683332,36.67939014230445,0.5961734365539294,0.31337384058152673,9.646106813813049,0.1994712263654729,13.218429174854112,1.41731810507104,1.8476192852607005,0.6978789802313927,6.869726597784381,26.632942017724858,3131.529703186351,P000144_HL,P000144,HL,production,thermorheo-v2.0-interface-objective-R10,3381,3264,136,states=136 nodes=3381 elems=3264
3.264655762,3.264655762,3.05379405,-6.591931454,2.921976392,-6.743526747,-10.88891039,24.00687416,215.636599,4.840809192,32.532020527777775,1,2,0.0901498366,0.044289892250000004,255.6971692,3.264655762,-0.3864460198,-6.591931454,-8.107789465,31.875,0.08996723585,0.05594522235,1,178.1249934,-0.2108617119999998,0.9354107362698414,False,-9.295799999975429e-05,0.0904865733466456,2,1,3.264655762,-2.13059504,3.05379405,-2.386794101,3.264655762,-2.13059504,2.921976392,-2.397416631,0.6500276248,320.56168,0.6500276248,320.56168,246.02715770546766,19.854066229879866,129.93863598518917,2195.0466847125585,110.1596959854261,0.3045360054286722,143.2908625509454,555.5180660639286,43.63982792423811,10.781937764412538,1003.200529386762,0.34930654263935335,77.12284229453232,0.4590153444048318,4.854066229879865,0.3826336435347572,13.289898873642098,2.39964044674967,2.479767613001817,3.768093101954376,2.419181926168116,83.62511250890668,116.09071365683332,36.67939014230445,0.5961734365539294,0.31337384058152673,9.646106813813049,0.1994712263654729,13.218429174854112,1.41731810507104,1.8476192852607005,0.6978789802313927,6.869726597784381,26.632942017724858,3131.529703186351,P000144_LH,P000144,LH,production,thermorheo-v2.0-interface-objective-R10,3381,3264,136,states=136 nodes=3381 elems=3264
2.740505423,2.740505423,1.637019132,-9.267028208,2.33295397,-9.368411055,-12.40048484,24.31015987,150.0850605,8.683637785,5.355030111111112,1,1,0.3396607458,0.03540768239,274.8398309,2.740505423,-2.904652502,-9.267028208,-10.78589651,1.875,0.1058865229,0.003466365849,1,1.874996571,-1.103486291,0.5973420516745316,False,-0.18727770399999955,0.21874244721252478,1,2,2.740505423,-3.574183561,1.637019132,-4.441587965,2.740505423,-3.574183561,2.33295397,-3.834436535,0.02484921875,323.15,0.3403705456,321.8337161,268.73526724021497,24.570339719328842,122.02765025120931,2258.782137116614,380.4185532249553,0.3387056109016877,318.53972912194837,194.18304839846837,65.25762037140166,14.411526417670109,210.84773114403333,0.4755218466278193,54.41473275978498,0.44445567081747916,9.570339719328842,0.5687506367569043,22.10312217388602,15.29354694481538,2.4720141762744094,3.998685286845527,2.7999851617154983,43.986489708951,151.3034447640666,26.85501555526558,0.8478711435583222,0.14710191845137569,16.10636773967288,0.20160956580707626,11.038869117414027,1.5117130691694696,2.191786581407843,0.4879380981084268,32.161607407251914,19.605840015466445,3659.412884499976,P000145_HL,P000145,HL,production,thermorheo-v2.0-interface-objective-R10,3381,3264,127,states=127 nodes=3381 elems=3264
2.445135186,2.445135186,1.353484282,-9.25537281,2.04894274,-9.356725539,-12.43059089,23.98997584,150.2403498,8.221404747,52.98338916666667,1,2,0.3662423342,0.035125346790000005,274.6197442,2.445135186,-3.067905472,-9.25537281,-10.76850557,1.875,0.1058865229,0.003466365849,1,1.874996571,-1.091650904,0.553541697714541,False,-0.17562230600000106,0.21794425997833097,2,1,2.445135186,-3.398172516,1.353484282,-4.295957791,2.445135186,-3.398172516,2.04894274,-3.673089385,0.486692219,322.5649701,0.486692219,322.5649701,268.73526724021497,24.570339719328842,122.02765025120931,2258.782137116614,380.4185532249553,0.3387056109016877,318.53972912194837,194.18304839846837,65.25762037140166,14.411526417670109,210.84773114403333,0.4755218466278193,54.41473275978498,0.44445567081747916,9.570339719328842,0.5687506367569043,22.10312217388602,15.29354694481538,2.4720141762744094,3.998685286845527,2.7999851617154983,43.986489708951,151.3034447640666,26.85501555526558,0.8478711435583222,0.14710191845137569,16.10636773967288,0.20160956580707626,11.038869117414027,1.5117130691694696,2.191786581407843,0.4879380981084268,32.161607407251914,19.605840015466445,3659.412884499976,P000145_LH,P000145,LH,production,thermorheo-v2.0-interface-objective-R10,3381,3264,127,states=127 nodes=3381 elems=3264
6.905979536,6.905979536,6.169837437,-7.963514896,6.342722209,-8.059893704,-7.709768766,22.60202635,209.0002223,9.699159997,4.248860497222222,1,1,0.09729379219,0.04134232008,259.1530181,6.905979536,0.0174778809,-7.963514896,-9.38984168,1.875,0.1058865229,0.003466365849,1,91.87483223,-0.7361420990000003,0.8934051143414798,False,-0.023644017000000517,0.2103660588493378,1,2,6.905979536,1.844915471,6.169837437,0.867000914,6.905979536,1.844915471,6.342722209,1.412260715,0.0152554966,323.15,0.554888254,319.9801993,247.76228648197164,21.00166669655424,120.25229357643398,2969.319027827977,218.62958845223585,0.34675057517049934,121.18157238700375,167.4677079243296,53.25023373752359,6.562931552185519,217.67252218159405,1.213326410328729,75.38771351802833,0.6646828767197228,6.001666696554238,0.746856392433535,18.464549176449832,8.692058641036258,1.3334053638909875,3.4445831267836233,2.1694236780590357,60.73631224503077,70.17191788466639,23.468661725545555,0.8423418928093787,0.2430572149745732,12.835341075374183,0.2206680134633231,13.609275576433534,1.0994243768758512,1.6318831464178456,0.5882915665579408,7.163825469422775,9.900097908474,3003.695852097642,P000146_HL,P000146,HL,production,thermorheo-v2.0-interface-objective-R10,3381,3264,127,states=127 nodes=3381 elems=3264
6.640623788,6.640623788,5.917676718,-7.961599185,6.095797856,-8.057120304,-7.732045146,22.28374809,209.0902356,9.162221531,38.352880472222225,1,2,0.09782746689,0.0413341782,258.4678713,6.640623788,-0.04968745921,-7.961599185,-9.376134032,1.875,0.1058865229,0.003466365849,1,91.87483223,-0.72294707,0.891132656647948,False,-0.021728305999999975,0.208696162761225,2,1,6.640623788,1.980364903,5.917676718,0.9753678823,6.640623788,1.980364903,6.095797856,1.51752164,0.6133955331,321.0430877,0.6133955331,321.0430877,247.76228648197164,21.00166669655424,120.25229357643398,2969.319027827977,218.62958845223582,0.34675057517049934,121.18157238700375,167.4677079243296,53.25023373752359,6.562931552185519,217.67252218159405,1.213326410328729,75.38771351802833,0.6646828767197228,6.001666696554238,0.746856392433535,18.464549176449832,8.692058641036258,1.3334053638909875,3.4445831267836233,2.1694236780590357,60.73631224503077,70.17191788466639,23.468661725545555,0.8423418928093787,0.2430572149745732,12.835341075374183,0.2206680134633231,13.609275576433534,1.0994243768758512,1.6318831464178456,0.5882915665579408,7.163825469422775,9.900097908474,3003.695852097642,P000146_LH,P000146,LH,production,thermorheo-v2.0-interface-objective-R10,3381,3264,127,states=127 nodes=3381 elems=3264
3.775165616,3.775165616,2.668752125,-10.36425618,3.396014702,-10.45513563,-11.23468289,25.30840476,212.2347652,5.617703791,13.267206919444444,1,1,0.2524685628,0.04237350557,256.9695031,3.775165616,-1.732429686,-10.36425618,-11.39940748,20.625,0.09915291209,0.03731851358,1,1.874997012,-1.1064134909999996,0.7069231913135755,False,-0.07268788000000015,0.26184463881252196,1,2,3.775165616,-1.534448471,2.668752125,-2.344712236,3.775165616,-1.534448471,3.396014702,-1.816777847,4.996481804e-05,323.15,0.1653397809,320.9545436,246.56726046023883,23.973352030999212,108.61737993622629,2743.1020564424416,311.10638294315817,0.37316576740861895,411.8931241412427,76.64497334025006,51.12237872998017,21.590947042381735,96.42331741687265,0.35890901157662775,76.58273953976115,0.6263115770649785,8.973352030999212,0.7100256271421163,19.077121690527107,12.202514627303042,0.8670778205128088,1.5278136407185836,1.9721789395144396,49.52648112637735,79.71118763524272,31.65782143219558,0.6943982544404083,0.12867578292446583,11.962449433551491,0.23213974605815543,13.004081179121,1.269835628633909,2.0284103122843304,0.7497608895226581,33.99890845231057,6.326508696540837,2595.2604519374536,P000147_HL,P000147,HL,production,thermorheo-v2.0-interface-objective-R10,3381,3264,114,states=114 nodes=3381 elems=3264
3.637308134,3.637308134,2.532982484,-10.35776033,3.265902285,-10.44797345,-11.2351653,25.15580559,212.3314007,5.347206629,47.96005755555556,1,2,0.2604117557,0.04236892205000001,256.4351306,3.637308134,-1.711109421,-10.35776033,-11.37904825,20.625,0.09915291209,0.03731851358,1,1.874997012,-1.1043256499999998,0.6963893051355105,False,-0.06619202999999985,0.26156183276669526,2,1,3.637308134,-1.479383885,2.532982484,-2.281733558,3.637308134,-1.479383885,3.265902285,-1.777306749,0.2725364899,321.7749602,0.2725364899,321.7749602,246.56726046023883,23.973352030999212,108.61737993622629,2743.102056442442,311.10638294315817,0.37316576740861895,411.8931241412427,76.64497334025006,51.12237872998017,21.590947042381735,96.42331741687265,0.35890901157662775,76.58273953976115,0.6263115770649785,8.973352030999212,0.7100256271421163,19.077121690527107,12.202514627303042,0.8670778205128088,1.5278136407185836,1.9721789395144396,49.52648112637735,79.71118763524272,31.65782143219558,0.6943982544404083,0.12867578292446583,11.962449433551491,0.23213974605815543,13.004081179121,1.269835628633909,2.0284103122843304,0.7497608895226581,33.99890845231057,6.326508696540837,2595.2604519374536,P000147_LH,P000147,LH,production,thermorheo-v2.0-interface-objective-R10,3381,3264,114,states=114 nodes=3381 elems=3264
3.292437042,3.292437042,2.649900897,-3.233245383,2.954177995,-3.377072071,-9.174151426,19.44027314,175.8504663,2.9286351,3.120505572222222,1,1,0.06357713173,0.02992578251,278.0983135,3.292437042,0.3969278416,-3.233245383,-4.609037192,31.875,0.08996723585,0.05594522235,1,178.1249911,-0.6425361449999998,0.8048448195657253,False,-0.02182298799999982,0.08498543102650913,1,2,3.292437042,0.6267201566,2.649900897,0.1306287471,3.292437042,0.6267201566,2.954177995,0.3642665304,1.548989572e-10,323.15,0.05414486273,322.3998953,271.286727806108,19.88394882189983,163.35220464219867,2034.5476802447743,174.93991219651647,0.3625902515792219,24.30993782792821,28.768204794148442,53.722976151581896,1.2479801013053633,35.44441525519232,5.454129860259535,51.863272193892,0.5931580933896308,4.8839488218998275,0.6416768459961679,19.479427438386622,27.66349311447574,2.146534200115708,2.532137114499629,3.0772573160927017,81.2179993895336,168.4955888017918,24.641549396491122,0.5544942171255474,0.43238552526955104,10.078259974972728,0.18825013677989322,12.351665490309921,1.3912574527389676,2.1593852595485394,0.7331241701408289,5.072026853639927,6.002199934847349,2648.9996260187368,P000148_HL,P000148,HL,production,thermorheo-v2.0-interface-objective-R10,3381,3264,171,states=171 nodes=3381 elems=3264
3.277285803,3.277285803,2.633047307,-3.232373074,2.943423815,-3.375796841,-9.172258177,19.41844082,175.8759795,2.882661703,58.01935475,1,2,0.06512506622,0.0299238529,277.8647196,3.277285803,0.4119753522,-3.232373074,-4.604200064,31.875,0.08996723585,0.05594522235,1,178.1249911,-0.6442384959999998,0.8034231572326499,False,-0.020950678999999806,0.08478837982051271,2,1,3.277285803,0.6344852575,2.633047307,0.1417449093,3.277285803,0.6344852575,2.943423815,0.3648889334,0.04734086617,322.7050694,0.04734086617,322.7050694,271.286727806108,19.88394882189983,163.35220464219867,2034.5476802447743,174.9399121965165,0.3625902515792219,24.30993782792821,28.768204794148442,53.722976151581896,1.2479801013053633,35.44441525519232,5.454129860259535,51.863272193892,0.5931580933896308,4.8839488218998275,0.6416768459961679,19.479427438386622,27.66349311447574,2.146534200115708,2.532137114499629,3.0772573160927017,81.2179993895336,168.4955888017918,24.641549396491122,0.5544942171255474,0.43238552526955104,10.078259974972728,0.18825013677989322,12.351665490309921,1.3912574527389676,2.1593852595485394,0.7331241701408289,5.072026853639927,6.002199934847349,2648.9996260187368,P000148_LH,P000148,LH,production,thermorheo-v2.0-interface-objective-R10,3381,3264,171,states=171 nodes=3381 elems=3264
10.71534401,10.71534401,9.549268717,-4.914517465,10.23767902,-5.000636929,-1.676809417,18.66212497,280.7025691,16.42727493,3.7164924916666666,1,1,0.2271608303,0.047691778121,245.397273,10.71534401,5.150697438,-4.914517465,-6.063993786,1.875,0.1058865229,0.003466365849,1,88.12481448,-1.1660752930000005,0.891177054893266,False,-0.06520368700000034,0.09830033968138405,1,2,10.71534401,4.368616707,9.549268717,2.754728141,10.71534401,4.368616707,10.23767902,4.007673434,7.908229346e-05,323.15,0.2442597568,321.9150328,236.27452905918386,19.68607715441687,170.46501113839898,4073.4677574090597,178.18166819453123,0.34490278508661826,113.94612328899174,131.5681650619419,74.1738792142523,4.454016894469539,123.42819143900297,4.2045319216550485,86.87547094081613,0.6222140397144216,4.68607715441687,0.40302899515486973,25.582777521674043,27.63262178183218,0.7646335468313428,2.2720140071179458,1.3339174260604014,82.92570435319934,138.5987153778505,18.444693421397506,0.7350359115390921,0.267850222584439,12.007744797457384,0.26639209412668313,12.450971943336384,1.6645787576513773,2.4575793795908885,0.36805547034553115,6.572104171575662,7.588495874117025,2507.316608987436,P000149_HL,P000149,HL,production,thermorheo-v2.0-interface-objective-R10,3381,3264,176,states=176 nodes=3381 elems=3264
10.63200163,10.63200163,9.465394103,-4.910507446,10.15901743,-4.996233527,-1.70028122,18.57778161,280.5685918,16.22985221,61.30245677777778,1,2,0.22433785,0.04769231017,245.0282377,10.63200163,5.113086376,-4.910507446,-6.050531614,1.875,0.1058865229,0.003466365849,1,88.12481448,-1.166607527,0.8902739514534856,False,-0.06119366800000048,0.09836765789046836,2,1,10.63200163,4.403189363,9.465394103,2.787680972,10.63200163,4.403189363,10.15901743,4.035167618,0.2728544975,322.3815861,0.2728544975,322.3815861,236.27452905918386,19.68607715441687,170.46501113839898,4073.4677574090597,178.18166819453126,0.34490278508661826,113.94612328899174,131.5681650619419,74.1738792142523,4.454016894469539,123.42819143900297,4.2045319216550485,86.87547094081613,0.6222140397144216,4.68607715441687,0.40302899515486973,25.582777521674043,27.63262178183218,0.7646335468313428,2.2720140071179458,1.3339174260604014,82.92570435319934,138.5987153778505,18.444693421397506,0.7350359115390921,0.267850222584439,12.007744797457384,0.26639209412668313,12.450971943336384,1.6645787576513773,2.4575793795908885,0.36805547034553115,6.572104171575662,7.588495874117025,2507.316608987436,P000149_LH,P000149,LH,production,thermorheo-v2.0-interface-objective-R10,3381,3264,176,states=176 nodes=3381 elems=3264
2.736674133,2.736674133,1.590995452,-6.929107205,2.405890301,-7.032322858,-8.257899071,18.39622679,211.5280953,6.85335564,7.79243455,1,1,0.0820872096,0.0393102395,263.2054507,2.736674133,-1.672298264,-6.929107205,-8.518836612,1.875,0.1058865229,0.003466365849,1,178.1249946,-1.1456786810000001,0.5813609420336491,False,-0.021147438999999935,0.18185274139979546,1,2,2.736674133,-2.706197433,1.590995452,-3.456028308,2.736674133,-2.706197433,2.405890301,-2.928806363,3.530487928e-09,323.15,0.1408526669,322.4195293,254.911027346043,24.016010363374022,177.848429946504,2346.000924123732,259.423728188199,0.3157347357832904,252.70798885561445,77.60925699792115,61.18973821989203,13.080309269692778,96.41038306586073,3.4679547226369123,68.23897265395698,0.46924449798638634,9.01601036337402,0.3650422690570089,19.319725829506314,33.424036195892256,1.9965168017341153,1.5219529634267144,3.1185920419029802,92.5108184774715,89.84995970470113,23.254201580080686,0.8322793138689654,0.24911276704877697,10.303051738639965,0.2344855029450758,10.875973347949127,1.4774491182345613,1.9968314210755753,0.550720629733712,9.637967871298441,2.9599203762753916,3943.1763712538395,P000150_HL,P000150,HL,production,thermorheo-v2.0-interface-objective-R10,3381,3264,184,states=184 nodes=3381 elems=3264
2.688076449,2.688076449,1.541938984,-6.925342653,2.358833948,-7.028433462,-8.270291905,18.34768492,211.4809349,6.75477351,67.17325838888888,1,2,0.08570581701,0.039310215849999997,263.0080941,2.688076449,-1.7019808,-6.925342653,-8.513710356,1.875,0.1058865229,0.003466365849,1,178.1249946,-1.146137465,0.5736217005932334,False,-0.017382887000000125,0.18179627323072195,2,1,2.688076449,-2.688875711,1.541938984,-3.438863018,2.688076449,-2.688875711,2.358833948,-2.914626199,0.1410238105,322.8072306,0.1410238105,322.8072306,254.911027346043,24.016010363374022,177.848429946504,2346.0009241237326,259.423728188199,0.3157347357832904,252.70798885561445,77.60925699792115,61.18973821989203,13.080309269692778,96.41038306586073,3.4679547226369123,68.23897265395698,0.46924449798638634,9.01601036337402,0.3650422690570089,19.319725829506314,33.424036195892256,1.9965168017341153,1.5219529634267144,3.1185920419029802,92.5108184774715,89.84995970470113,23.254201580080686,0.8322793138689654,0.24911276704877697,10.303051738639965,0.2344855029450758,10.875973347949127,1.4774491182345613,1.9968314210755753,0.550720629733712,9.637967871298441,2.9599203762753916,3943.1763712538395,P000150_LH,P000150,LH,production,thermorheo-v2.0-interface-objective-R10,3381,3264,184,states=184 nodes=3381 elems=3264
7.16731712,7.16731712,5.836930438,-3.906993813,6.609759985,-4.029571154,-6.690240421,20.80259101,213.6989834,6.222397942,3.7622937055555554,1,1,0.1410583724,0.03475712863,270.7897183,7.16731712,2.427237712,-3.906993813,-5.100794087,1.875,0.1058865229,0.003466365849,1,91.87468017,-1.3303866819999994,0.8143814959313536,False,-0.04411538500000001,0.1431818698953761,1,2,7.16731712,0.7394347116,5.836930438,-0.2231721713,7.16731712,0.7394347116,6.609759985,0.4331196729,1.379121217e-13,323.15,0.6302627129,319.426087,260.8771805071626,21.994664314859705,119.05860922954527,2206.5539335295816,235.98652884368667,0.5180899771215348,62.1423235280324,31.78194631958466,38.97022050989935,3.077864056014118,37.77928007333411,1.154466686092317,62.27281949283736,0.43003817854553666,6.9946643148597065,0.4939753428899366,20.19008065239492,6.14841763921551,1.8394288826095937,2.945918013450265,1.4448176103125607,60.06970127279508,123.50095338935961,18.227307240898824,0.6846460630471425,0.4639509884457358,14.784380091899598,0.1927633653159249,11.448721769475387,1.0676981638595278,2.367882737493547,0.6413841190075389,5.325764453218576,2.723798376907976,3326.014077457281,P000151_HL,P000151,HL,production,thermorheo-v2.0-interface-objective-R10,3381,3264,125,states=125 nodes=3381 elems=3264
6.906779298,6.906779298,5.618134173,-3.905002009,6.37436533,-4.02661758,-6.707228751,20.50306558,213.8048869,5.717171935,36.3309565,1,2,0.1533078126,0.03475328869,270.3695192,6.906779298,2.336872894,-3.905002009,-5.089272946,1.875,0.1058865229,0.003466365849,1,91.87468017,-1.2886451250000004,0.8134231500095632,False,-0.0421235809999998,0.14180230456503332,2,1,6.906779298,0.9153193131,5.618134173,-0.1598886547,6.906779298,0.9153193131,6.37436533,0.5630097824,0.5570980213,321.5485752,0.5570980213,321.5485752,260.8771805071626,21.994664314859705,119.05860922954527,2206.553933529581,235.98652884368667,0.5180899771215348,62.1423235280324,31.78194631958466,38.97022050989935,3.077864056014118,37.77928007333411,1.154466686092317,62.27281949283736,0.43003817854553666,6.9946643148597065,0.4939753428899366,20.19008065239492,6.14841763921551,1.8394288826095937,2.945918013450265,1.4448176103125607,60.06970127279508,123.50095338935961,18.227307240898824,0.6846460630471425,0.4639509884457358,14.784380091899598,0.1927633653159249,11.448721769475387,1.0676981638595278,2.367882737493547,0.6413841190075389,5.325764453218576,2.723798376907976,3326.014077457281,P000151_LH,P000151,LH,production,thermorheo-v2.0-interface-objective-R10,3381,3264,125,states=125 nodes=3381 elems=3264
-4.833010513,-4.833010513,-6.954484791,-11.93589404,-5.204074804,-12.06558674,-13.85371289,17.40944328,141.8120901,2.165680857,5.922896083333333,1,1,0.358487529,0.031325948539999995,276.7158722,-4.833010513,-7.847671288,-11.93589404,-13.53581137,1.875,0.1058865229,0.003466365849,1,91.87454622,-2.121474278,,False,-0.04278692000000106,0.1107675313708865,1,2,-4.833010513,-7.886734229,-6.954484791,-8.766907081,-4.833010513,-7.886734229,-5.204074804,-8.147827041,0.2790139319,323.15,0.360609428,322.3298366,269.1842758619996,22.14506909263487,109.46017609392635,2235.0653468426467,236.05218164876734,0.32424320547460356,52.67245143603358,46.98543279850673,70.95735781123246,2.289365909731272,49.01242080224899,1.763899870188505,53.965724138000354,0.6465344013586747,7.14506909263487,0.3887853265331761,23.007441148722407,28.973997524088155,1.1296791777960316,0.432373722194445,2.2980366713484837,26.75111712971546,35.82466595088388,25.682126417954493,0.9487401650339973,0.6589649029900669,11.361778603996205,0.23397017772059753,9.475556516777857,1.4068571441577804,1.9526634152671025,0.7835189431539483,16.426101058101306,14.652583017598344,1878.2099352122202,P000152_HL,P000152,HL,production,thermorheo-v2.0-interface-objective-R10,3381,3264,117,states=117 nodes=3381 elems=3264
-4.86251644,-4.86251644,-6.976695619,-11.94515116,-5.226638929,-12.07257812,-13.84494469,17.35855202,141.8038886,2.083678937,61.76442433333333,1,2,0.3771014922,0.031325636340000004,276.4353887,-4.86251644,-7.849867428,-11.94515116,-13.5364792,1.875,0.1058865229,0.003466365849,1,91.87454622,-2.1141791789999997,,False,-0.05204404000000018,0.11097538022650524,2,1,-4.86251644,-7.850438562,-6.976695619,-8.744897517,-4.86251644,-7.850438562,-5.226638929,-8.121783484,0.3420850547,322.6197361,0.3420850547,322.6197361,269.1842758619996,22.14506909263487,109.46017609392635,2235.0653468426467,236.05218164876737,0.32424320547460356,52.67245143603358,46.98543279850673,70.95735781123246,2.289365909731272,49.01242080224899,1.763899870188505,53.965724138000354,0.6465344013586747,7.14506909263487,0.3887853265331761,23.007441148722407,28.973997524088155,1.1296791777960316,0.432373722194445,2.2980366713484837,26.75111712971546,35.82466595088388,25.682126417954493,0.9487401650339973,0.6589649029900669,11.361778603996205,0.23397017772059753,9.475556516777857,1.4068571441577804,1.9526634152671025,0.7835189431539483,16.426101058101306,14.652583017598344,1878.2099352122202,P000152_LH,P000152,LH,production,thermorheo-v2.0-interface-objective-R10,3381,3264,117,states=117 nodes=3381 elems=3264
0.01222143365,0.01222143365,-0.9084471606,-11.02179051,-0.4946600711,-11.15427171,-13.14539487,23.16885789,214.2020265,4.776512222,3.0572294805555558,1,1,0.06683429688,0.037320667429999996,264.8624645,0.01222143365,-2.73583614,-11.02179051,-11.81539098,28.125,0.0934336017,0.04994130058,1,91.87454067,-0.9206685942499999,,False,-0.013927890000001497,0.14620392951611266,1,2,0.01222143365,-3.68975519,-0.9084471606,-4.232513004,0.01222143365,-3.68975519,-0.4946600711,-4.022455016,7.437355614e-07,323.15,0.7313161846,317.2987212,255.6159141979947,21.74455695754011,140.01290305033913,2722.368112644938,204.7076258560366,0.4083331282282261,16.997871771127194,66.49112670680908,44.58026605643154,0.9337643236326719,87.66326908631429,1.006156889053986,67.5340858020053,0.7123896673357125,6.744556957540108,0.4783832643571281,18.203599496069295,2.2673273959788776,1.1410611124349805,3.51217554821334,2.5089896317591194,87.01392407740678,155.29095104006885,34.529220126719295,0.6666575943289972,0.6670555494314714,11.280865932682563,0.2547290035646298,12.630377596103791,1.4871764487116526,2.5994628793188834,0.734737155893265,2.253453135038091,8.814905768625984,2471.4658415885233,P000153_HL,P000153,HL,production,thermorheo-v2.0-interface-objective-R10,3381,3264,148,states=148 nodes=3381 elems=3264
-0.1009523307,-0.1009523307,-0.966435131,-11.02116679,-0.5657545341,-11.15339507,-13.12979293,22.93582556,214.2020265,4.288126039,30.690382666666668,1,2,0.06751553542,0.037313550060000006,264.0851269,-0.1009523307,-2.698420602,-11.02116679,-11.81366534,28.125,0.0934336017,0.04994130058,1,91.87454067,-0.8654828003,,False,-0.013304170000001392,0.14418191070261088,2,1,-0.1009523307,-3.598957764,-0.966435131,-4.229150585,-0.1009523307,-3.598957764,-0.5657545341,-3.959362679,0.6018646157,318.9816095,0.6018646157,318.9816095,255.6159141979947,21.74455695754011,140.01290305033913,2722.3681126449383,204.70762585603666,0.4083331282282261,16.997871771127194,66.49112670680908,44.58026605643154,0.9337643236326719,87.66326908631429,1.006156889053986,67.5340858020053,0.7123896673357125,6.744556957540108,0.4783832643571281,18.203599496069295,2.2673273959788776,1.1410611124349805,3.51217554821334,2.5089896317591194,87.01392407740678,155.29095104006885,34.529220126719295,0.6666575943289972,0.6670555494314714,11.280865932682563,0.2547290035646298,12.630377596103791,1.4871764487116526,2.5994628793188834,0.734737155893265,2.253453135038091,8.814905768625984,2471.4658415885233,P000153_LH,P000153,LH,production,thermorheo-v2.0-interface-objective-R10,3381,3264,148,states=148 nodes=3381 elems=3264
2.489303523,2.489303523,-0.6246100651,-5.827005894,1.925206338,-5.968409607,-9.845104182,18.47443707,130.2691241,7.630115866,0.8022423752777779,1,1,0.2612522955,0.025425650239999997,283.8013263,2.489303523,-3.062466166,-5.827005894,-7.932873271,1.875,0.1058865229,0.003466365849,1,178.1249922,-3.1139135881,-0.2509175997739509,False,-0.1142577100000004,0.09971309555465467,1,2,2.489303523,-0.7181209299,-0.6246100651,-2.778925898,2.489303523,-0.7181209299,1.925206338,-1.154218989,1.548896579e-05,323.15,0.3985532206,322.2789823,277.2395926329841,19.524972706802664,187.88517386783826,2522.0394111329338,225.01440222937111,0.41178938949476973,17.11050281262349,8.357770330442186,75.31862635407998,0.5516774458409178,6.4673167436155214,4.930332292351482,45.91040736701589,0.6554814665212224,4.524972706802664,0.5533472650349776,31.01541116393127,30.077111067887753,0.8022423751799749,1.1928498823551155,1.1473505124756609,89.49235493206646,60.40504661253732,19.708578062917418,0.9427159853730723,0.3754345253889637,15.74104699532879,0.19492086193909147,11.249026543621333,1.1058766290849193,1.9493433329496845,0.42574332557344285,6.100422706710245,2.979803250649255,2012.5550742985665,P000154_HL,P000154,HL,production,thermorheo-v2.0-interface-objective-R10,3381,3264,196,states=196 nodes=3381 elems=3264
2.323839681,2.323839681,-0.7617534651,-5.833844794,1.769698098,-5.975175264,-9.872690897,18.29600082,130.2016641,7.309712324,65.03720738888889,1,2,0.2841439979,0.025425790910000003,283.5302972,2.323839681,-3.128231573,-5.833844794,-7.938002095,1.875,0.1058865229,0.003466365849,1,178.1249922,-3.0855931461,-0.32779949121627894,False,-0.12109661000000038,0.09916259025475979,2,1,2.323839681,-0.5311154071,-0.7617534651,-2.637336894,2.323839681,-0.5311154071,1.769698098,-0.9794147696,0.3284742298,322.579064,0.3284742298,322.579064,277.2395926329841,19.524972706802664,187.88517386783826,2522.0394111329338,225.01440222937117,0.41178938949476973,17.11050281262349,8.357770330442186,75.31862635407998,0.5516774458409178,6.4673167436155214,4.930332292351482,45.91040736701589,0.6554814665212224,4.524972706802664,0.5533472650349776,31.01541116393127,30.077111067887753,0.8022423751799749,1.1928498823551155,1.1473505124756609,89.49235493206646,60.40504661253732,19.708578062917418,0.9427159853730723,0.3754345253889637,15.74104699532879,0.19492086193909147,11.249026543621333,1.1058766290849193,1.9493433329496845,0.42574332557344285,6.100422706710245,2.979803250649255,2012.5550742985665,P000154_LH,P000154,LH,production,thermorheo-v2.0-interface-objective-R10,3381,3264,196,states=196 nodes=3381 elems=3264
5.0391201,5.0391201,4.224445724,-3.330631683,4.619002086,-3.460994825,-5.50200245,16.40925132,219.1752875,9.050819881,3.504398408333333,1,1,0.4023836925,0.0393318376,267.0604833,5.0391201,1.252413729,-3.330631683,-4.928395926,28.125,0.0934336017,0.04994130058,1,178.1249893,-0.8146743760000001,0.8383300338485681,False,-0.155622154,0.08402442732426692,1,2,5.0391201,0.9329508649,4.224445724,0.1631682498,5.0391201,0.9329508649,4.619002086,0.6376727303,0.005834945502,323.15,0.6539125775,321.1780843,256.0440172536936,19.449048883834667,131.60339282689074,3067.267496539848,210.16964769776834,0.5062590909133989,112.67557055207091,43.46251642379137,52.66123611552725,4.226354107647498,39.12570945053248,0.9880124840503418,67.10598274630641,0.5191900076967838,4.449048883834667,0.6842175432859556,26.66022952222268,18.66284864026695,0.5421506845265497,2.233743299505484,1.8438247474578744,50.380647679198596,78.80827932736021,22.193991011640684,0.7164190912807264,0.5284734525147788,10.431278628939184,0.18919983648923128,11.893360330916082,0.9909895341306969,2.147575336924276,0.39038687291911145,18.88928423632755,7.286191872227096,2202.0086879912797,P000155_HL,P000155,HL,production,thermorheo-v2.0-interface-objective-R10,3381,3264,137,states=137 nodes=3381 elems=3264
4.707000122,4.707000122,3.941944475,-3.331448315,4.303577133,-3.462279303,-5.572400995,16.05400893,218.8815729,8.446864571,54.43461122222222,1,2,0.4653819912,0.03933292627,266.6391001,4.707000122,1.05516331,-3.331448315,-4.918987346,31.875,0.08996723585,0.05594522235,1,178.1249893,-0.7650556470000001,0.8374642814593919,False,-0.15643878599999983,0.08249601523693201,2,1,4.707000122,1.212521343,3.941944475,0.3447430818,4.707000122,1.212521343,4.303577133,0.9021812743,0.6285876553,322.1262011,0.6285876553,322.1262011,256.0440172536936,19.449048883834667,131.60339282689074,3067.2674965398483,210.16964769776834,0.5062590909133989,112.67557055207091,43.46251642379137,52.66123611552725,4.226354107647498,39.12570945053248,0.9880124840503418,67.10598274630641,0.5191900076967838,4.449048883834667,0.6842175432859556,26.66022952222268,18.66284864026695,0.5421506845265497,2.233743299505484,1.8438247474578744,50.380647679198596,78.80827932736021,22.193991011640684,0.7164190912807264,0.5284734525147788,10.431278628939184,0.18919983648923128,11.893360330916082,0.9909895341306969,2.147575336924276,0.39038687291911145,18.88928423632755,7.286191872227096,2202.0086879912797,P000155_LH,P000155,LH,production,thermorheo-v2.0-interface-objective-R10,3381,3264,137,states=137 nodes=3381 elems=3264
2.131521768,2.131521768,1.260812582,-8.43529196,1.758627182,-8.553388685,-9.614488532,20.09359778,230.8497514,7.163552994,11.917612452777778,1,1,2.482322408,0.046865722740000004,256.3579239,2.131521768,-1.940826216,-8.43529196,-9.646848726,24.375,0.09649987052,0.0437235225,1,174.3749756,-0.8707091859999998,0.591508189561215,False,0.0428100520000001,0.2126510187582694,1,2,2.131521768,-2.328534271,1.260812582,-2.974810296,2.131521768,-2.328534271,1.758627182,-2.61426592,2.819024928,323.15,2.703436241,322.4687943,242.66263367936276,23.581417325839453,119.13016742541099,1750.6943661724015,175.5192188767349,0.4099785392715844,634.1482165160758,529.9001511202878,25.269912621876863,61.21049779396002,1227.5534779940285,1.366110837122489,80.48736632063722,0.564552059923891,8.581417325839453,0.7175082387762884,10.36012186423765,34.291554175699524,1.557490588911781,1.5398011880950684,2.447643773082717,53.02849842105704,26.685458560877237,29.942982488510502,0.7061518058501746,0.390402569439397,10.546822067846644,0.25003334731836563,10.348036302655073,1.1519754547622214,2.021672736257412,0.5154921949707854,25.101590034912267,20.975122229208907,3146.260448475524,P000156_HL,P000156,HL,production,thermorheo-v2.0-interface-objective-R10,3381,3264,126,states=126 nodes=3381 elems=3264
2.115267198,2.115267198,1.244981482,-8.425179905,1.743379041,-8.54306828,-9.591890287,20.02968554,231.0485048,7.178288775,62.11422405555556,1,2,2.473167045,0.046863899130000004,256.0928604,2.115267198,-1.948183726,-8.425179905,-9.63585167,24.375,0.09649987052,0.0437235225,1,174.3749756,-0.8702857160000002,0.5885693699486942,False,0.05292210700000055,0.212664944846769,2,1,2.115267198,-2.341775401,1.244981482,-2.986391841,2.115267198,-2.341775401,1.743379041,-2.628535066,2.7209025,322.7654239,2.7209025,322.7654239,242.66263367936276,23.581417325839453,119.13016742541099,1750.6943661724015,175.5192188767349,0.4099785392715844,634.1482165160758,529.9001511202878,25.269912621876863,61.21049779396002,1227.5534779940285,1.366110837122489,80.48736632063722,0.564552059923891,8.581417325839453,0.7175082387762884,10.36012186423765,34.291554175699524,1.557490588911781,1.5398011880950684,2.447643773082717,53.02849842105704,26.685458560877237,29.942982488510502,0.7061518058501746,0.390402569439397,10.546822067846644,0.25003334731836563,10.348036302655073,1.1519754547622214,2.021672736257412,0.5154921949707854,25.101590034912267,20.975122229208907,3146.260448475524,P000156_LH,P000156,LH,production,thermorheo-v2.0-interface-objective-R10,3381,3264,126,states=126 nodes=3381 elems=3264
-0.175103958,-0.175103958,-3.153138266,-10.71324479,-0.5879582648,-10.83731134,-16.94365295,27.45396614,250.0973204,8.598580617,1.8129467766666665,1,1,0.3250194378,0.03316424553000001,281.8306557,-0.175103958,-4.710518923,-10.71324479,-12.01395202,28.125,0.0934336017,0.04994130058,1,1.874996099,-2.978034308,,False,-0.16788891999999933,0.10295543832765056,1,2,-0.175103958,-6.052457757,-3.153138266,-8.100811334,-0.175103958,-6.052457757,-0.5879582648,-6.307413039,0.002234078251,323.15,0.77830181,322.2202302,276.9851458277752,22.308683167930695,114.36112608125558,1625.2000798200077,308.3005225079995,0.312837727368754,62.882418464516896,23.030147850735077,75.5023563575114,2.66225473626379,23.40067256557131,1.0273458804743698,46.164854172224736,0.42270672951393423,7.308683167930695,0.7398183815086878,23.61998557386966,17.125717002437458,0.828780711185728,0.4222554562931994,0.5758852000583905,46.341595196004164,71.14537483182369,38.913366424933905,0.6557834601657916,0.16673906059163557,16.296944700889398,0.2241861355183293,12.38873208335136,1.6961675467421873,2.2714039500761674,0.4834118526778537,16.66986487017379,6.105195410518575,2574.170784405646,P000157_HL,P000157,HL,production,thermorheo-v2.0-interface-objective-R10,3381,3264,120,states=120 nodes=3381 elems=3264
-0.5710825296,-0.5710825296,-3.427813122,-10.72270007,-0.9718853744,-10.84686573,-16.91456789,27.06514706,250.0973204,7.98278925,44.385570722222226,1,2,0.3972659072,0.032770313149999994,281.6709461,-0.5710825296,-4.936638164,-10.72270007,-12.02084202,28.125,0.0934336017,0.04994130058,1,1.874996099,-2.8567305924,,False,-0.17734420000000028,0.10075768560002848,2,1,-0.5710825296,-5.661933911,-3.427813122,-7.909085435,-0.5710825296,-5.661933911,-0.9718853744,-5.931429594,0.6460605528,322.75698,0.6460605528,322.75698,276.9851458277752,22.308683167930695,114.36112608125558,1625.2000798200077,308.3005225079995,0.312837727368754,62.882418464516896,23.030147850735077,75.5023563575114,2.66225473626379,23.40067256557131,1.0273458804743698,46.164854172224736,0.42270672951393423,7.308683167930695,0.7398183815086878,23.61998557386966,17.125717002437458,0.828780711185728,0.4222554562931994,0.5758852000583905,46.341595196004164,71.14537483182369,38.913366424933905,0.6557834601657916,0.16673906059163557,16.296944700889398,0.2241861355183293,12.38873208335136,1.6961675467421873,2.2714039500761674,0.4834118526778537,16.66986487017379,6.105195410518575,2574.170784405646,P000157_LH,P000157,LH,production,thermorheo-v2.0-interface-objective-R10,3381,3264,120,states=120 nodes=3381 elems=3264
-5.951894658,-5.951894658,-7.073706559,-13.26779623,-6.310987413,-13.37748382,-17.03227093,19.62275542,209.1398278,3.488087021,1.8834654952777778,1,1,0.1422421479,0.03101203255,276.1896038,-5.951894658,-9.008663575,-13.26779623,-14.35799006,20.625,0.09915291209,0.03731851358,1,91.87470353,-1.121811901,,False,-0.04959252000000092,0.08109302315184916,1,2,-5.951894658,-9.039284412,-7.073706559,-9.651087829,-5.951894658,-9.039284412,-6.310987413,-9.285866643,1.926128206e-11,323.15,0.1208207147,322.0369798,269.5932028147438,20.65738607627757,129.72764173742695,2462.9389829769398,211.01821339474517,0.36381907357660204,14.638967887250026,13.894802726496373,67.34625223214296,0.5974637520210508,13.610207005583106,5.575425816176109,53.556797185256215,0.6215808273354728,5.657386076277572,0.413973322480252,24.501851095954418,21.262805861869836,0.9033914514901696,2.851462847629892,1.1092268295124477,49.732971426383244,119.39982101925801,34.93806399960805,0.7925164691942884,0.429981591894737,11.010098781655266,0.24226524330789195,10.72907744560083,1.433911625978718,2.2331317927175567,0.7040092797907789,3.813664922270076,3.619799030097892,2188.0230756921956,P000158_HL,P000158,HL,production,thermorheo-v2.0-interface-objective-R10,3381,3264,135,states=135 nodes=3381 elems=3264
-5.988139924,-5.988139924,-7.112064496,-13.26739269,-6.339363433,-13.37613413,-17.03123157,19.5737587,209.1141932,3.382246091,52.51220358333334,1,2,0.1475339412,0.031011202449999997,275.8915053,-5.988139924,-8.988420604,-13.26739269,-14.34878537,20.625,0.09915291209,0.03731851358,1,91.87470353,-1.123924572,,False,-0.04918898000000027,0.08097615201000569,2,1,-5.988139924,-9.009871597,-7.112064496,-9.61797456,-5.988139924,-9.009871597,-6.339363433,-9.268186007,0.108342934,322.458168,0.108342934,322.458168,269.5932028147438,20.65738607627757,129.72764173742695,2462.9389829769393,211.01821339474517,0.36381907357660204,14.638967887250026,13.894802726496373,67.34625223214296,0.5974637520210508,13.610207005583106,5.575425816176109,53.556797185256215,0.6215808273354728,5.657386076277572,0.413973322480252,24.501851095954418,21.262805861869836,0.9033914514901696,2.851462847629892,1.1092268295124477,49.732971426383244,119.39982101925801,34.93806399960805,0.7925164691942884,0.429981591894737,11.010098781655266,0.24226524330789195,10.72907744560083,1.433911625978718,2.2331317927175567,0.7040092797907789,3.813664922270076,3.619799030097892,2188.0230756921956,P000158_LH,P000158,LH,production,thermorheo-v2.0-interface-objective-R10,3381,3264,135,states=135 nodes=3381 elems=3264
5.016152537,5.016152537,4.569170628,-5.67574908,4.587576767,-5.794937082,-9.53887181,23.58580561,216.0902536,8.070450088,7.868146286111111,1,1,0.106307074,0.04347966738,262.1985794,5.016152537,-0.8725376708,-5.67574908,-6.969936932,31.875,0.08996723585,0.05594522235,1,178.1249978,-0.4469819089999998,0.9108914839205976,False,-0.02036971300000001,0.13672542683052782,1,2,5.016152537,0.003400049621,4.569170628,-0.717685992,5.016152537,0.003400049621,4.587576767,-0.2884707768,0.001631840385,323.15,0.5475176523,317.4846406,248.3793250910941,21.286593590496523,115.1235555100594,3501.2197290106647,288.46288006345947,0.5656005123560405,197.31755413971518,221.39714409015232,43.54683869651694,8.01123177548847,215.73312239395122,0.8034644589451649,74.77067490890587,0.5447066299886134,6.286593590496521,0.6514169408695385,24.63011427823583,5.039763155154494,2.9421234312756734,3.368596585372879,1.6882886304641351,44.82554650420788,72.57091205242133,33.78049326000823,0.5797216553472848,0.09730861858214353,10.472865511395842,0.2091408647626898,12.976809399170667,0.7540538338817698,1.8256547505769738,0.5580742725663963,6.27254024623689,7.0380078587639066,3701.990308185298,P000159_HL,P000159,HL,production,thermorheo-v2.0-interface-objective-R10,3381,3264,120,states=120 nodes=3381 elems=3264
4.690859794,4.690859794,4.263080601,-5.671518327,4.279547223,-5.789151116,-9.546721883,23.23443829,216.0627575,7.392719169,45.53703236111111,1,2,0.1121649544,0.04347765774000001,261.4881388,4.690859794,-0.9155270852,-5.671518327,-6.933150796,31.875,0.08996723585,0.05594522235,1,178.1249978,-0.4277791929999992,0.9088058028195248,False,-0.016138960000000147,0.13517745552548202,2,1,4.690859794,0.113848714,4.263080601,-0.6485354937,4.690859794,0.113848714,4.279547223,-0.2097487718,0.7705506451,320.0640412,0.7705506451,320.0640412,248.3793250910941,21.286593590496523,115.1235555100594,3501.2197290106647,288.46288006345947,0.5656005123560405,197.31755413971518,221.39714409015232,43.54683869651694,8.01123177548847,215.73312239395122,0.8034644589451649,74.77067490890587,0.5447066299886134,6.286593590496521,0.6514169408695385,24.63011427823583,5.039763155154494,2.9421234312756734,3.368596585372879,1.6882886304641351,44.82554650420788,72.57091205242133,33.78049326000823,0.5797216553472848,0.09730861858214353,10.472865511395842,0.2091408647626898,12.976809399170667,0.7540538338817698,1.8256547505769738,0.5580742725663963,6.27254024623689,7.0380078587639066,3701.990308185298,P000159_LH,P000159,LH,production,thermorheo-v2.0-interface-objective-R10,3381,3264,120,states=120 nodes=3381 elems=3264
0.8826250176,0.8826250176,-1.464066513,-8.12957607,0.5221563819,-8.252007806,-13.35247547,28.62701603,263.3114994,5.599183553,1.6051166986111112,1,1,0.2644287435,0.03362273328000001,269.3015418,0.8826250176,-3.76270541,-8.12957607,-9.514432358,28.125,0.0934336017,0.04994130058,1,91.87490722,-2.3466915306,-1.6587638961118882,False,-0.10038283799999981,0.11218804213546117,1,2,0.8826250176,-3.156543183,-1.464066513,-3.876792687,0.8826250176,-3.156543183,0.5221563819,-3.391730241,0.0002672935975,323.15,1.487690862,318.4495283,263.1398451928409,24.502226741354583,107.94683305448345,3550.3806113204687,476.2735983161468,0.29680220432034654,15.99551249933739,17.951005008233977,111.31766585439398,0.48413551892615597,13.039735926336677,0.8539089941986006,60.01015480715911,0.6693725448043176,9.502226741354585,0.46267567043655455,33.03932860537991,3.538026468992797,0.633371739704407,1.823075081936501,0.522340905849134,32.372573919750735,55.78599683526386,38.01174807937936,0.5572778567863198,0.134316503256607,15.631912427050395,0.21679530323710913,9.583479432099836,1.5769050861267297,2.003453103494606,0.6390671529304983,4.143329667482024,4.649862367011702,1914.078773058598,P000160_HL,P000160,HL,production,thermorheo-v2.0-interface-objective-R10,3381,3264,114,states=114 nodes=3381 elems=3264
0.4607420471,0.4607420471,-1.575576471,-8.13032288,0.1220385574,-8.252461036,-13.35334902,28.16389701,263.3114994,4.562807319,41.1612595,1,2,0.2703097238,0.033622673389999996,268.8239141,0.4607420471,-3.726708484,-8.13032288,-9.490802899,28.125,0.0934336017,0.04994130058,1,91.87490722,-2.0363185181,-3.419649847277852,False,-0.1011296479999988,0.11407231876973575,2,1,0.4607420471,-2.614963061,-1.575576471,-3.799384943,0.4607420471,-2.614963061,0.1220385574,-2.885788736,1.120320105,320.0036333,1.120320105,320.0036333,263.1398451928409,24.502226741354583,107.94683305448345,3550.380611320469,476.2735983161468,0.29680220432034654,15.99551249933739,17.951005008233977,111.31766585439398,0.48413551892615597,13.039735926336677,0.8539089941986006,60.01015480715911,0.6693725448043176,9.502226741354585,0.46267567043655455,33.03932860537991,3.538026468992797,0.633371739704407,1.823075081936501,0.522340905849134,32.372573919750735,55.78599683526386,38.01174807937936,0.5572778567863198,0.134316503256607,15.631912427050395,0.21679530323710913,9.583479432099836,1.5769050861267297,2.003453103494606,0.6390671529304983,4.143329667482024,4.649862367011702,1914.078773058598,P000160_LH,P000160,LH,production,thermorheo-v2.0-interface-objective-R10,3381,3264,114,states=114 nodes=3381 elems=3264
4.355719058,4.355719058,4.118381489,-5.75507324,3.992234083,-5.889651595,-7.252281483,19.8404177,254.9800695,3.966532502,11.449141697222222,1,1,0.4874745448,0.056351978180000005,245.8930374,4.355719058,0.2854136523,-5.75507324,-7.112096937,31.875,0.08996723585,0.05594522235,1,178.1249928,-0.23733756900000014,0.9455112770498615,False,0.01492411900000068,0.061270663725120314,1,2,4.355719058,-0.01564464048,4.118381489,-0.3210039596,4.355719058,-0.01564464048,3.992234083,-0.3073066942,0.535307304,323.15,0.5204535895,321.4945511,229.0310683575156,18.40114565225725,125.55162872156562,2948.5526054912407,96.60929949808973,0.45501665703050936,154.08371269457697,1245.725003200698,35.89920579839791,9.432886268717514,1830.295815976171,5.668254069669592,94.11893164248436,0.5739494461726595,3.401145652257247,0.6328787830609031,16.334736612437293,23.306549948172453,0.8796062409863379,1.2421480525551747,3.774693136410683,57.78271068861419,57.021860804722735,30.042501872887506,0.6266099302966996,0.3410183457121934,8.623231519433116,0.19852468497666462,12.47832952160044,0.9425906012917687,1.8359333265795108,0.7800614608998168,4.111768749549191,33.24253452307274,2849.4887430151157,P000161_HL,P000161,HL,production,thermorheo-v2.0-interface-objective-R10,3381,3264,131,states=131 nodes=3381 elems=3264
4.368416513,4.368416513,4.128989133,-5.752111431,4.008638402,-5.885388308,-7.238758683,19.83370303,255.0801314,3.969450376,56.98687569444444,1,2,0.4870185206,0.05634326387,245.3609778,4.368416513,0.3578328561,-5.752111431,-7.09246925,31.875,0.08996723585,0.05594522235,1,178.1249928,-0.23942737999999952,0.945191265693762,False,0.017885928000000106,0.06115156103638508,2,1,4.368416513,-0.04547218754,4.128989133,-0.340506631,4.368416513,-0.04547218754,4.008638402,-0.3495881168,0.5229088505,322.199856,0.5229088505,322.199856,229.0310683575156,18.40114565225725,125.55162872156562,2948.5526054912416,96.60929949808973,0.45501665703050936,154.08371269457697,1245.725003200698,35.89920579839791,9.432886268717514,1830.295815976171,5.668254069669592,94.11893164248436,0.5739494461726595,3.401145652257247,0.6328787830609031,16.334736612437293,23.306549948172453,0.8796062409863379,1.2421480525551747,3.774693136410683,57.78271068861419,57.021860804722735,30.042501872887506,0.6266099302966996,0.3410183457121934,8.623231519433116,0.19852468497666462,12.47832952160044,0.9425906012917687,1.8359333265795108,0.7800614608998168,4.111768749549191,33.24253452307274,2849.4887430151157,P000161_LH,P000161,LH,production,thermorheo-v2.0-interface-objective-R10,3381,3264,131,states=131 nodes=3381 elems=3264
0.005308296832,0.005308296832,-2.039878445,-10.71156644,-0.3422029496,-10.83840608,-12.82108901,29.43866767,286.0216891,4.277378307,3.835177925,1,1,0.03659350762,0.0457033084,252.7602882,0.005308296832,-4.613545378,-10.71156644,-11.98241059,28.125,0.0934336017,0.04994130058,1,91.87482451,-2.045186741832,,False,-0.0033521200000006246,0.26006859302945956,1,2,0.005308296832,-3.88920922,-2.039878445,-5.010632088,0.005308296832,-3.88920922,-0.3422029496,-4.137833663,0.0001145852239,323.15,0.4772190959,319.0345585,241.33541799271651,24.990939660402653,67.49845122848016,2059.3929227955077,206.29172688544566,0.30713114907129396,18.054737039810565,76.30855334117777,36.84356506452379,1.5955325041175639,161.8448746337195,1.1435898267147793,81.81458200728346,0.6781468830070267,9.99093966040265,0.5712253933292818,11.315806474150174,3.7105932303583975,2.89219405249685,0.7587116715936427,2.957890336651028,27.938652928338385,158.0782911152011,39.75224730394364,0.6197566604751543,0.2542563676689376,14.697283268017095,0.20086917659095052,9.621067107289097,1.4232551971391814,1.8711695776796322,0.7636010186465104,3.244688911773478,13.713714929973433,1636.1010809550432,P000162_HL,P000162,HL,production,thermorheo-v2.0-interface-objective-R10,3381,3264,71,states=71 nodes=3381 elems=3264
-0.07381323841,-0.07381323841,-2.084559345,-10.70961667,-0.4175172988,-10.83659787,-12.81817764,29.32039558,286.0216891,4.01109371,25.470373691666666,1,2,0.03663594371,0.045697575399999996,251.9710482,-0.07381323841,-4.509500548,-10.70961667,-11.96319974,28.125,0.0934336017,0.04994130058,1,91.87482451,-2.01074610659,,False,-0.0014023500000011069,0.2595826714678879,2,1,-0.07381323841,-3.816718395,-2.084559345,-4.986160679,-0.07381323841,-3.816718395,-0.4175172988,-4.069316213,0.4075170175,320.3591262,0.4075170175,320.3591262,241.33541799271651,24.990939660402653,67.49845122848016,2059.3929227955077,206.2917268854456,0.30713114907129396,18.054737039810565,76.30855334117777,36.84356506452379,1.5955325041175639,161.8448746337195,1.1435898267147793,81.81458200728346,0.6781468830070267,9.99093966040265,0.5712253933292818,11.315806474150174,3.7105932303583975,2.89219405249685,0.7587116715936427,2.957890336651028,27.938652928338385,158.0782911152011,39.75224730394364,0.6197566604751543,0.2542563676689376,14.697283268017095,0.20086917659095052,9.621067107289097,1.4232551971391814,1.8711695776796322,0.7636010186465104,3.244688911773478,13.713714929973433,1636.1010809550432,P000162_LH,P000162,LH,production,thermorheo-v2.0-interface-objective-R10,3381,3264,71,states=71 nodes=3381 elems=3264
0.2203220335,0.2203220335,-1.043558422,-9.955591189,-0.2065371407,-10.0794502,-11.87096641,21.13529015,217.1126072,5.232605804,3.524774266666667,1,1,0.2245532274,0.046512904509999994,252.9442957,0.2203220335,-3.533945655,-9.955591189,-11.3075358,24.375,0.09649987052,0.0437235225,1,88.12466998,-1.2638804555,,False,-0.07813944799999994,0.20325607630323286,1,2,0.2203220335,-4.821685203,-1.043558422,-5.588256707,0.2203220335,-4.821685203,-0.2065371407,-5.104292313,0.0005600069774,323.15,0.1906330447,321.9703256,243.5932008799653,24.63518624921895,145.6509826160371,3994.1234808811914,389.6167601442954,0.39207567069783905,28.775998555714214,17.52252520605198,68.34038971149134,1.0739475162266627,15.694973617647832,5.356919519434218,79.55679912003467,0.5403525104827351,9.63518624921895,0.3776522167552306,26.79460413188467,31.442090806693308,1.5399887762439235,3.574833037295476,2.9070961221108362,44.57584767427397,37.46089794510736,34.130459840325315,0.7487173160782028,0.4757209405879854,8.786292908871868,0.23858576687042252,11.751334895149657,1.5053227713430823,2.526422790354157,0.669784082016095,5.8694349789324685,3.5740661497637025,1573.0044342276642,P000163_HL,P000163,HL,production,thermorheo-v2.0-interface-objective-R10,3381,3264,150,states=150 nodes=3381 elems=3264
0.1595233371,0.1595233371,-1.103012068,-9.952409074,-0.260821782,-10.07453119,-11.87962127,21.06894618,217.0815734,5.085590596,69.78338713888888,1,2,0.2391289897,0.04651190555000001,252.6301315,0.1595233371,-3.545788297,-9.952409074,-11.29053948,24.375,0.09649987052,0.0437235225,1,88.12466998,-1.2625354051,,False,-0.0749573330000004,0.2023000139897655,2,1,0.1595233371,-4.77467375,-1.103012068,-5.542881059,0.1595233371,-4.77467375,-0.260821782,-5.066961362,0.1568736434,322.51256,0.1568736434,322.51256,243.5932008799653,24.63518624921895,145.6509826160371,3994.123480881192,389.6167601442954,0.39207567069783905,28.775998555714214,17.52252520605198,68.34038971149134,1.0739475162266627,15.694973617647832,5.356919519434218,79.55679912003467,0.5403525104827351,9.63518624921895,0.3776522167552306,26.79460413188467,31.442090806693308,1.5399887762439235,3.574833037295476,2.9070961221108362,44.57584767427397,37.46089794510736,34.130459840325315,0.7487173160782028,0.4757209405879854,8.786292908871868,0.23858576687042252,11.751334895149657,1.5053227713430823,2.526422790354157,0.669784082016095,5.8694349789324685,3.5740661497637025,1573.0044342276642,P000163_LH,P000163,LH,production,thermorheo-v2.0-interface-objective-R10,3381,3264,150,states=150 nodes=3381 elems=3264
7.930395406,7.930395406,7.334693627,-6.878006377,7.434005595,-6.97326814,-4.187237312,19.86531416,298.8091981,6.624521766,13.465763294444445,1,1,0.05362429579,0.052657381569999995,244.8405429,7.930395406,3.86147541,-6.878006377,-7.781014296,1.875,0.1058865229,0.003466365849,1,178.1249887,-0.5957017789999997,0.924883722878521,False,-0.0008924559999998749,0.23055222110587892,1,2,7.930395406,3.42896131,7.334693627,2.923802189,7.930395406,3.42896131,7.434005595,3.021731015,2.189278499e-08,323.15,0.0117618725,322.1297118,230.92744227205202,24.330629579891443,159.176606051348,2896.0861289265317,240.94123260167217,0.4529978822501656,244.0105299547615,463.5895000702297,28.820967775595346,18.689764823226923,852.1971964835719,11.314041871891705,92.22255772794797,0.7218427471292371,9.330629579891443,0.6443855203406297,13.055837366744957,32.62174139184872,1.3424857382819995,3.952845054176867,1.1164529309192188,87.6196224792532,120.0866759069571,19.837413245064464,0.7003302786198501,0.5656740079131954,11.626921109450462,0.27550858379532117,10.75378505710935,1.3228702775478816,2.5651923462487076,0.7218803055363856,2.8832968590025536,5.4779035546821255,3591.3435029319785,P000164_HL,P000164,HL,production,thermorheo-v2.0-interface-objective-R10,3381,3264,166,states=166 nodes=3381 elems=3264
7.935121262,7.935121262,7.338707677,-6.876335425,7.444868637,-6.971119199,-4.171617115,19.85937818,298.9189309,6.609931729,65.55512577777777,1,2,0.05266950553,0.05265584348,244.3921857,7.935121262,3.903392896,-6.876335425,-7.776407525,1.875,0.1058865229,0.003466365849,1,178.1249887,-0.5964135849999996,0.9248387560431967,False,0.0007784960000005725,0.23044154032405495,2,1,7.935121262,3.409493334,7.338707677,2.910832774,7.935121262,3.409493334,7.444868637,2.992101963,0.02230283143,322.4135123,0.02230283143,322.4135123,230.92744227205202,24.330629579891443,159.176606051348,2896.0861289265317,240.94123260167217,0.4529978822501656,244.0105299547615,463.5895000702297,28.820967775595346,18.689764823226923,852.1971964835719,11.314041871891705,92.22255772794797,0.7218427471292371,9.330629579891443,0.6443855203406297,13.055837366744957,32.62174139184872,1.3424857382819995,3.952845054176867,1.1164529309192188,87.6196224792532,120.0866759069571,19.837413245064464,0.7003302786198501,0.5656740079131954,11.626921109450462,0.27550858379532117,10.75378505710935,1.3228702775478816,2.5651923462487076,0.7218803055363856,2.8832968590025536,5.4779035546821255,3591.3435029319785,P000164_LH,P000164,LH,production,thermorheo-v2.0-interface-objective-R10,3381,3264,166,states=166 nodes=3381 elems=3264
-5.579294926,-5.579294926,-6.072806016,-10.94716769,-5.843831126,-11.06456443,-13.44699492,13.96236377,129.6325885,2.951486399,7.260285408333334,1,1,0.1284701621,0.029264236930000007,280.9906872,-5.579294926,-8.327684655,-10.94716769,-12.7217483,1.875,0.1058865229,0.003466365849,1,178.1249889,-0.49351109000000015,,False,-0.019535260000001387,0.04967810531307813,1,2,-5.579294926,-8.686206274,-6.072806016,-8.96154795,-5.579294926,-8.686206274,-5.843831126,-8.872973512,0.07496729284,323.15,0.1527238045,322.5525635,273.7818760423248,19.144497142749064,118.4270963369307,1562.001296922644,115.0518329605063,0.3854440259480381,99.19507867541087,82.71675144398277,47.05493140690713,5.469198206058614,109.4556660631357,2.2899575501663962,49.36812395767516,0.43175856607300767,4.144497142749064,0.40733975753737245,18.137042202187065,33.02954927471862,1.5327983972717516,1.6436375980755686,3.1030639008104854,36.56446286552234,55.1489709987501,25.553379972506505,0.9242441254484828,0.5545657333797969,9.846924468267234,0.267807379340645,9.029565448777934,1.311833498220563,2.164444929535642,0.6823549853436542,14.423651334636565,12.027588447868746,3455.5613645703183,P000165_HL,P000165,HL,production,thermorheo-v2.0-interface-objective-R10,3381,3264,126,states=126 nodes=3381 elems=3264
-5.598283391,-5.598283391,-6.090792863,-10.94455019,-5.860461171,-11.06064599,-13.446931,13.93706489,129.6366741,2.909505381,64.70637677777778,1,2,0.1517563765,0.029264352509999994,280.8385701,-5.598283391,-8.333363063,-10.94455019,-12.69028976,1.875,0.1058865229,0.003466365849,1,178.1249889,-0.49250947200000006,,False,-0.016917760000000115,0.049874303850407954,2,1,-5.598283391,-8.672905956,-6.090792863,-8.951958076,-5.598283391,-8.672905956,-5.860461171,-8.864429312,0.122895705,322.8920517,0.122895705,322.8920517,273.7818760423248,19.144497142749064,118.4270963369307,1562.0012969226448,115.05183296050632,0.3854440259480381,99.19507867541087,82.71675144398277,47.05493140690713,5.469198206058614,109.4556660631357,2.2899575501663962,49.36812395767516,0.43175856607300767,4.144497142749064,0.40733975753737245,18.137042202187065,33.02954927471862,1.5327983972717516,1.6436375980755686,3.1030639008104854,36.56446286552234,55.1489709987501,25.553379972506505,0.9242441254484828,0.5545657333797969,9.846924468267234,0.267807379340645,9.029565448777934,1.311833498220563,2.164444929535642,0.6823549853436542,14.423651334636565,12.027588447868746,3455.5613645703183,P000165_LH,P000165,LH,production,thermorheo-v2.0-interface-objective-R10,3381,3264,126,states=126 nodes=3381 elems=3264
13.44608051,13.44608051,12.08083842,-5.544224741,12.58226736,-5.649542928,-3.764624701,25.61186461,273.3373797,17.44635145,4.647166494444445,1,1,0.744956939,0.045827121420000005,254.6180488,13.44608051,8.014784163,-5.544224741,-6.491177615,1.875,0.1058865229,0.003466365849,1,91.8745305,-1.3652420900000006,0.898465423512476,False,-0.16072349700000021,0.2595398695254423,1,2,13.44608051,7.008173855,12.08083842,5.73674753,13.44608051,7.008173855,12.58226736,6.340821816,0.3956326835,323.15,1.541394097,319.8464808,238.7527053111729,21.807771415784458,143.86667984188395,4101.062703242138,305.288250048552,0.6135350990124956,125.81699749262927,126.28763642505643,38.13827981028669,5.376984733152019,129.5303572476039,0.57145272258084,84.39729468882709,0.6923380831618592,6.807771415784456,0.735705232774893,23.399173279570505,14.005284334906076,1.7222698357191457,3.1518447456788308,2.6019830552638408,68.11085367451324,102.67201615636392,20.051537896222808,0.6334341202177829,0.6818770078261402,17.81309865712196,0.2617234815722834,11.361786806727537,0.8782484765602274,2.3065523872606746,0.43486971126649476,24.50821175836612,24.599888708599586,1495.4073351689665,P000166_HL,P000166,HL,production,thermorheo-v2.0-interface-objective-R10,3381,3264,151,states=151 nodes=3381 elems=3264
12.72360934,12.72360934,11.44557247,-5.54171812,11.83605043,-5.647323822,-3.825841259,24.72381212,273.6855171,16.05298039,49.52772175,1,2,0.7792636934,0.04581487365,253.7548833,12.72360934,7.555759477,-5.54171812,-6.49266155,5.625,0.1054331006,0.01038425404,1,88.12452617,-1.2780368699999993,0.8995539051971554,False,-0.158216876,0.2540189472722998,2,1,12.72360934,7.601654541,11.44557247,6.19191281,12.72360934,7.601654541,11.83605043,6.869764836,1.701795071,320.8628479,1.701795071,320.8628479,238.7527053111729,21.807771415784458,143.86667984188395,4101.062703242138,305.288250048552,0.6135350990124956,125.81699749262927,126.28763642505643,38.13827981028669,5.376984733152019,129.5303572476039,0.57145272258084,84.39729468882709,0.6923380831618592,6.807771415784456,0.735705232774893,23.399173279570505,14.005284334906076,1.7222698357191457,3.1518447456788308,2.6019830552638408,68.11085367451324,102.67201615636392,20.051537896222808,0.6334341202177829,0.6818770078261402,17.81309865712196,0.2617234815722834,11.361786806727537,0.8782484765602274,2.3065523872606746,0.43486971126649476,24.50821175836612,24.599888708599586,1495.4073351689665,P000166_LH,P000166,LH,production,thermorheo-v2.0-interface-objective-R10,3381,3264,151,states=151 nodes=3381 elems=3264
4.095154742,4.095154742,3.123099829,-6.92233131,3.642787411,-7.057242637,-8.3014373,20.96257917,254.0338897,10.44507417,6.253598594444444,1,1,0.1704927314,0.048266641459999995,254.5550089,4.095154742,0.6584539624,-6.92233131,-8.267580638,31.875,0.08996723585,0.05594522235,1,178.124988,-0.972054913,0.7626329225045924,False,-0.028755091999999927,0.12054426210827322,1,2,4.095154742,-2.038320254,3.123099829,-3.013408411,4.095154742,-2.038320254,3.642787411,-2.344780538,0.09581220364,323.15,0.4818690381,319.8154282,241.5994891408056,24.462663481762824,101.69652015379828,1950.5957036453592,233.56454192849034,0.383008047536102,143.86064949059048,100.04142799308612,39.03880336372672,9.621385602378494,160.57825263696233,1.0758981934889158,81.5505108591944,0.4487480764932743,9.462663481762823,0.5756593198029583,14.952175854486784,8.065779222777424,0.2727282540226411,1.1529773549711821,0.5370133592154975,59.800951285628635,32.64088556951438,32.5344058044263,0.6171428614396305,0.60799986088474,10.261945862976887,0.25859969962966795,10.718271627022938,1.2929288431537758,2.1197713989892724,0.44159760667799774,7.496786658430725,5.213303605430899,2828.3846010002853,P000167_HL,P000167,HL,production,thermorheo-v2.0-interface-objective-R10,3381,3264,108,states=108 nodes=3381 elems=3264
3.804975078,3.804975078,2.847779093,-6.920007703,3.360460139,-7.054687289,-8.300228031,20.6452321,254.1043341,10.00058524,31.23427263888889,1,2,0.1762241875,0.04826465667,254.0300372,3.804975078,0.4200495093,-6.920007703,-8.256288075,31.875,0.08996723585,0.05594522235,1,178.124988,-0.9571959849999998,0.7484356755621305,False,-0.02643148499999981,0.11738558299908294,2,1,3.804975078,-1.954748817,2.847779093,-2.946243834,3.804975078,-1.954748817,3.360460139,-2.273012635,0.6017756506,321.6536173,0.6017756506,321.6536173,241.5994891408056,24.462663481762824,101.69652015379828,1950.5957036453594,233.56454192849037,0.383008047536102,143.86064949059048,100.04142799308612,39.03880336372672,9.621385602378494,160.57825263696233,1.0758981934889158,81.5505108591944,0.4487480764932743,9.462663481762823,0.5756593198029583,14.952175854486784,8.065779222777424,0.2727282540226411,1.1529773549711821,0.5370133592154975,59.800951285628635,32.64088556951438,32.5344058044263,0.6171428614396305,0.60799986088474,10.261945862976887,0.25859969962966795,10.718271627022938,1.2929288431537758,2.1197713989892724,0.44159760667799774,7.496786658430725,5.213303605430899,2828.3846010002853,P000167_LH,P000167,LH,production,thermorheo-v2.0-interface-objective-R10,3381,3264,108,states=108 nodes=3381 elems=3264
1.932997501,1.932997501,0.9546621489,-4.557210727,1.640670704,-4.676835413,-5.980648698,14.4967709,252.0620179,6.404740674,16.794917719444445,1,1,0.3849278146,0.05120401853,256.5541989,1.932997501,-2.134213084,-4.557210727,-6.483334669,1.875,0.1058865229,0.003466365849,1,178.1249941,-0.9783353521,0.4938765561808142,False,-0.07559032400000021,0.0945837097842344,1,2,1.932997501,-1.199259988,0.9546621489,-1.714223086,1.932997501,-1.199259988,1.640670704,-1.420096264,1.334018079e-05,323.15,0.2441021733,320.8424348,242.0540016882818,23.056669321057036,150.8113079104041,4568.437330858144,388.6396295755537,0.6028216404687179,992.802131631344,60.16229656907662,55.175374498151534,29.84891689802876,43.41117328749057,0.6973490171597782,81.09599831171818,0.5808943950035017,8.056669321057036,0.3963383589275428,33.26090976845157,24.01108832959431,1.1427248861402728,1.4279499259895636,0.7476889600025686,53.6416724996419,43.33477702977009,20.07413204440648,0.8755320854286727,0.27405170738239965,9.491393030279347,0.19652186583281764,8.245446163863448,0.771963716054603,1.9920132714621956,0.5301122162064484,34.43195263598233,2.086523870103431,3242.321767305204,P000168_HL,P000168,HL,production,thermorheo-v2.0-interface-objective-R10,3381,3264,158,states=158 nodes=3381 elems=3264
1.812855588,1.812855588,0.8340636441,-4.543096067,1.523057429,-4.662880724,-6.025104442,14.37584508,251.7451212,6.155933206,76.40701752777777,1,2,0.401478358,0.0512041145,255.9906296,1.812855588,-2.194079039,-4.543096067,-6.468089549,1.875,0.1058865229,0.003466365849,1,178.1249941,-0.9787919438999999,0.46008278299771554,False,-0.0614756639999996,0.09341102183650733,2,1,1.812855588,-1.154816025,0.8340636441,-1.667771816,1.812855588,-1.154816025,1.523057429,-1.381007449,0.3391097602,321.8095483,0.3391097602,321.8095483,242.0540016882818,23.056669321057036,150.8113079104041,4568.437330858143,388.6396295755537,0.6028216404687179,992.802131631344,60.16229656907662,55.175374498151534,29.84891689802876,43.41117328749057,0.6973490171597782,81.09599831171818,0.5808943950035017,8.056669321057036,0.3963383589275428,33.26090976845157,24.01108832959431,1.1427248861402728,1.4279499259895636,0.7476889600025686,53.6416724996419,43.33477702977009,20.07413204440648,0.8755320854286727,0.27405170738239965,9.491393030279347,0.19652186583281764,8.245446163863448,0.771963716054603,1.9920132714621956,0.5301122162064484,34.43195263598233,2.086523870103431,3242.321767305204,P000168_LH,P000168,LH,production,thermorheo-v2.0-interface-objective-R10,3381,3264,158,states=158 nodes=3381 elems=3264
0.9585083738,0.9585083738,-0.7350410267,-9.233448346,0.2975459776,-9.376029498,-14.13542765,24.04919732,160.2630976,7.480904461,3.021582416666667,1,1,0.2245348613,0.03263281623,284.6216164,0.9585083738,-3.713063375,-9.233448346,-10.68925483,9.375,0.1045281975,0.01725767525,1,91.87453677,-1.6935494005,-0.7668592646571619,False,-0.11857727199999957,0.13653899691082627,1,2,0.9585083738,-4.085690663,-0.7350410267,-5.392885581,0.9585083738,-4.085690663,0.2975459776,-4.515320313,5.148263017e-07,323.15,0.1603927251,322.3927678,274.2394787895701,24.233385184299966,111.60728693438898,1597.2595820426463,285.53382064380236,0.7552470611477017,39.961598705233556,27.34655227897175,22.92236792591817,2.3083110534259985,37.9110051312589,4.141587991953051,48.91052121042986,0.4956232527709529,9.233385184299966,0.5565290776020607,17.312051010596036,35.4715801740169,2.0598018061169654,3.0507433307370766,0.8843889409865889,29.521736583498743,145.35143183762924,30.735234905183813,0.7962802891260056,0.6727408677869914,14.511213745081745,0.20681135730716993,11.648699037958757,0.7759521777018669,2.508594728277975,0.48069052773971277,8.564729336413192,5.8610222348985355,2790.793446449025,P000169_HL,P000169,HL,production,thermorheo-v2.0-interface-objective-R10,3381,3264,119,states=119 nodes=3381 elems=3264
0.8896921049,0.8896921049,-0.7994589356,-9.233933405,0.2343054153,-9.375036632,-14.1373031,23.97504167,160.2630976,7.366797912,61.80014766666666,1,2,0.2720874892,0.032633953970000004,284.3989443,0.8896921049,-3.750140183,-9.233933405,-10.68281747,9.375,0.1045281975,0.01725767525,1,91.87453677,-1.6891510405,-0.8985793300816781,False,-0.1190623310000003,0.13636020473072363,2,1,0.8896921049,-4.027585568,-0.7994589356,-5.344740554,0.8896921049,-4.027585568,0.2343054153,-4.464393286,0.1192861361,322.7746982,0.1192861361,322.7746982,274.2394787895701,24.233385184299966,111.60728693438898,1597.2595820426466,285.5338206438023,0.7552470611477017,39.961598705233556,27.34655227897175,22.92236792591817,2.3083110534259985,37.9110051312589,4.141587991953051,48.91052121042986,0.4956232527709529,9.233385184299966,0.5565290776020607,17.312051010596036,35.4715801740169,2.0598018061169654,3.0507433307370766,0.8843889409865889,29.521736583498743,145.35143183762924,30.735234905183813,0.7962802891260056,0.6727408677869914,14.511213745081745,0.20681135730716993,11.648699037958757,0.7759521777018669,2.508594728277975,0.48069052773971277,8.564729336413192,5.8610222348985355,2790.793446449025,P000169_LH,P000169,LH,production,thermorheo-v2.0-interface-objective-R10,3381,3264,119,states=119 nodes=3381 elems=3264
10.76770603,10.76770603,8.571660134,-7.247138709,10.21953513,-7.334466471,-4.853993744,23.85114693,252.0932121,17.87688856,3.5339335083333334,1,1,0.2538315343,0.04928570882,241.719175,10.76770603,2.98484457,-7.247138709,-8.482845134,1.875,0.1058865229,0.003466365849,1,178.1249989,-2.1960458959999993,0.7960525770408686,False,-0.07926709199999937,0.15081366091497672,1,2,10.76770603,1.54884786,8.571660134,-1.225826414,10.76770603,1.54884786,10.21953513,1.186940773,0.001264189463,323.15,0.2519975732,321.4988771,231.5020979926212,18.571491567514727,158.43604024914364,3483.5889324946,145.76351639134066,0.24606675904951197,99.74773365113529,104.99851873207764,90.7922357365431,4.46479349883126,112.7957546491821,4.50462915157829,91.64790200737878,0.4870063129679072,3.5714915675147267,0.7018355752992055,22.340951194550442,19.591418675339,2.56258780499636,0.7190913459875626,2.440942381481449,82.71747611977304,59.236876991476684,23.70406847763046,0.7770371319105931,0.04701620950956997,15.517819802263174,0.2338260751350746,12.37572136318223,1.5569036356626171,1.6399144285465486,0.41581356986006623,4.349174597086364,4.578117955024348,2557.1110196644026,P000170_HL,P000170,HL,production,thermorheo-v2.0-interface-objective-R10,3381,3264,164,states=164 nodes=3381 elems=3264
10.65198975,10.65198975,8.455171327,-7.241036906,10.11036783,-7.328014858,-4.873198481,23.72322154,252.0642686,17.62778687,51.188924916666664,1,2,0.2561372487,0.049284036489999995,241.3660657,10.65198975,2.953360399,-7.241036906,-8.468494604,1.875,0.1058865229,0.003466365849,1,178.1249989,-2.196818423,0.7937645008529979,False,-0.07316528899999941,0.15012105671643966,2,1,10.65198975,1.584578864,8.455171327,-1.190396224,10.65198975,1.584578864,10.11036783,1.209555839,0.2855253032,322.3458927,0.2855253032,322.3458927,231.5020979926212,18.571491567514727,158.43604024914364,3483.5889324946,145.76351639134063,0.24606675904951197,99.74773365113529,104.99851873207764,90.7922357365431,4.46479349883126,112.7957546491821,4.50462915157829,91.64790200737878,0.4870063129679072,3.5714915675147267,0.7018355752992055,22.340951194550442,19.591418675339,2.56258780499636,0.7190913459875626,2.440942381481449,82.71747611977304,59.236876991476684,23.70406847763046,0.7770371319105931,0.04701620950956997,15.517819802263174,0.2338260751350746,12.37572136318223,1.5569036356626171,1.6399144285465486,0.41581356986006623,4.349174597086364,4.578117955024348,2557.1110196644026,P000170_LH,P000170,LH,production,thermorheo-v2.0-interface-objective-R10,3381,3264,164,states=164 nodes=3381 elems=3264
-1.675547734,-1.675547734,-2.519279654,-6.21376381,-1.960056216,-6.370528534,-13.90464455,19.91750034,183.1103187,3.906088024,2.665603168055555,1,1,0.9464557114,0.03202683295,277.0535115,-1.675547734,-4.69903375,-6.21376381,-7.832301152,35.625,0.08611561649,0.06170957809,1,178.1249941,-0.84373192,,False,0.0014112740000005175,0.07759481908917998,1,2,-1.675547734,-3.960802327,-2.519279654,-4.349947781,-1.675547734,-3.960802327,-1.960056216,-4.174823088,1.039388427,323.15,1.595020427,319.2215145,270.6128336018467,21.019974817424774,160.7296972313414,3312.0081489458444,300.9255141795448,0.32575241458597914,43.54667425636571,237.9169108651066,101.49933845498752,1.3170556857295355,172.6973600829449,0.6836164490524765,52.53716639815324,0.6029053073780468,6.0199748174247745,0.4022436920610168,33.06365458059172,3.1880135864452894,1.6931427391579028,3.4764793390062487,3.885310358230094,73.30450961092417,75.16025984947612,37.60903632727038,0.6372914226980745,0.27708157094583336,9.889187420817763,0.2041123784771383,8.585247554873053,1.2734332306993217,1.7757029952099652,0.4452526534152588,4.6634535942837845,25.47874188010088,3718.639260718161,P000171_HL,P000171,HL,production,thermorheo-v2.0-interface-objective-R10,3381,3264,167,states=167 nodes=3381 elems=3264
-1.876338651,-1.876338651,-2.616506071,-6.21307927,-2.143884379,-6.369506828,-13.92933076,19.70941813,183.1005988,3.388494322,47.97220377777777,1,2,0.9462508731,0.03222357732,276.6261726,-1.876338651,-4.731422801,-6.21307927,-7.826797931,35.625,0.08611561649,0.06170957809,1,178.1249941,-0.7401674199999999,,False,0.0020958140000004732,0.07832299058633244,2,1,-1.876338651,-3.719522088,-2.616506071,-4.316416335,-1.876338651,-3.719522088,-2.143884379,-3.957211902,1.542291015,320.7814953,1.542291015,320.7814953,270.6128336018467,21.019974817424774,160.7296972313414,3312.0081489458444,300.92551417954473,0.32575241458597914,43.54667425636571,237.9169108651066,101.49933845498752,1.3170556857295355,172.6973600829449,0.6836164490524765,52.53716639815324,0.6029053073780468,6.0199748174247745,0.4022436920610168,33.06365458059172,3.1880135864452894,1.6931427391579028,3.4764793390062487,3.885310358230094,73.30450961092417,75.16025984947612,37.60903632727038,0.6372914226980745,0.27708157094583336,9.889187420817763,0.2041123784771383,8.585247554873053,1.2734332306993217,1.7757029952099652,0.4452526534152588,4.6634535942837845,25.47874188010088,3718.639260718161,P000171_LH,P000171,LH,production,thermorheo-v2.0-interface-objective-R10,3381,3264,167,states=167 nodes=3381 elems=3264
0.1105848284,0.1105848284,-2.590145097,-11.5052115,-0.4482674874,-11.58038165,-14.27457272,22.19463536,183.9593923,7.643440979,1.5793471083333332,1,1,2.368634242,0.029391150529999993,275.0408836,0.1105848284,-5.834661891,-11.5052115,-12.27147632,20.625,0.09915291209,0.03731851358,1,1.874997366,-2.7007299254,,False,0.0008382999999998475,0.11113735048359716,1,2,0.1105848284,-4.198758796,-2.590145097,-5.716013805,0.1105848284,-4.198758796,-0.4482674874,-4.570051513,2.485134741,323.15,2.522442829,320.8220369,267.64630632316715,19.167537098672344,130.22414553525684,3496.475712447609,195.08819305948848,0.4268665081803084,6.808805855191524,98.98688391808352,74.40364090783827,0.2143802047571608,74.80017692600859,4.17110161528891,55.50369367683281,0.6669799560351085,4.167537098672345,0.36840768037881744,31.760422390230474,10.449166839101142,1.5793471084447286,3.317119610236765,3.8458056465251818,38.769589185281404,58.99406437386265,31.86876323273411,0.7295323619003992,0.11374822881114614,14.433100455066604,0.2562061379635795,13.327164501537515,1.1273634113586735,2.0599777149642113,0.5101310349016888,2.5051336080618083,36.41980325689998,1558.0776619345563,P000172_HL,P000172,HL,production,thermorheo-v2.0-interface-objective-R10,3381,3264,135,states=135 nodes=3381 elems=3264
0.11954429,0.11954429,-2.59309465,-11.50127737,-0.4294215492,-11.57428796,-14.2474216,22.16124292,183.9593923,7.598550578,52.531208694444445,1,2,2.366480783,0.02938342059,274.5855139,0.11954429,-5.70736675,-11.50127737,-12.22743139,20.625,0.09915291209,0.03731851358,1,1.874997366,-2.7126389399999997,,False,0.0047724299999991615,0.11059945779324296,2,1,0.11954429,-4.212308685,-2.59309465,-5.71243382,0.11954429,-4.212308685,-0.4294215492,-4.611832017,2.490498307,321.5972953,2.490498307,321.5972953,267.64630632316715,19.167537098672344,130.22414553525684,3496.475712447609,195.08819305948848,0.4268665081803084,6.808805855191524,98.98688391808352,74.40364090783827,0.2143802047571608,74.80017692600859,4.17110161528891,55.50369367683281,0.6669799560351085,4.167537098672345,0.36840768037881744,31.760422390230474,10.449166839101142,1.5793471084447286,3.317119610236765,3.8458056465251818,38.769589185281404,58.99406437386265,31.86876323273411,0.7295323619003992,0.11374822881114614,14.433100455066604,0.2562061379635795,13.327164501537515,1.1273634113586735,2.0599777149642113,0.5101310349016888,2.5051336080618083,36.41980325689998,1558.0776619345563,P000172_LH,P000172,LH,production,thermorheo-v2.0-interface-objective-R10,3381,3264,135,states=135 nodes=3381 elems=3264
-15.26461603,-15.26461603,-16.43996506,-22.30388317,-15.55650083,-22.38520587,-22.18832034,22.61866293,265.818234,2.245745601,1.8624221719444445,1,1,0.1721520583,0.032576519100000007,275.9183535,-15.26461603,-18.17516915,-22.30388317,-22.9563551,1.875,0.1058865229,0.003466365849,1,178.1249892,-1.1753490299999996,,False,0.0012675900000012064,0.09219844509484879,1,2,-15.26461603,-18.30369275,-16.43996506,-19.14925373,-15.26461603,-18.30369275,-15.55650083,-18.61295738,0.1836757356,323.15,0.1840415654,322.2629914,265.1535336217872,20.293091732493576,159.21033458778692,2065.0627747625485,205.24301882217588,0.6148394598137843,5.785795474830915,72.10635820986813,32.028630064116555,0.29380757037942445,87.87891935707505,13.822366312493003,57.99646637821282,0.47775834255240973,5.293091732493575,0.7897451463640578,19.692465607196958,34.12845402396772,1.8624221718606224,2.083553195115122,2.775692692864626,72.25361322974456,99.32928237332162,38.56367115364008,0.9117470424436924,0.535878027866447,16.348506042847685,0.1959886048916969,8.384797751319192,0.8890918300808472,2.339994608697175,0.7952048361291455,2.4690746325483763,30.771219044280983,1258.103971561952,P000173_HL,P000173,HL,production,thermorheo-v2.0-interface-objective-R10,3381,3264,165,states=165 nodes=3381 elems=3264
-15.26080401,-15.26080401,-16.43873387,-22.30225855,-15.55469322,-22.38201694,-22.18593625,22.61518313,265.8123459,2.243253532,62.40500986111111,1,2,0.1724146744,0.0325755965,275.6726453,-15.26080401,-18.14099434,-22.30225855,-22.94128538,1.875,0.1058865229,0.003466365849,1,178.1249892,-1.1779298600000008,,False,0.0028922099999988404,0.09178870677760476,2,1,-15.26080401,-18.31151378,-16.43873387,-19.15176428,-15.26080401,-18.31151378,-15.55469322,-18.61722754,0.1790716864,322.7262243,0.1790716864,322.7262243,265.1535336217872,20.293091732493576,159.21033458778692,2065.0627747625485,205.24301882217588,0.6148394598137843,5.785795474830915,72.10635820986813,32.028630064116555,0.29380757037942445,87.87891935707505,13.822366312493003,57.99646637821282,0.47775834255240973,5.293091732493575,0.7897451463640578,19.692465607196958,34.12845402396772,1.8624221718606224,2.083553195115122,2.775692692864626,72.25361322974456,99.32928237332162,38.56367115364008,0.9117470424436924,0.535878027866447,16.348506042847685,0.1959886048916969,8.384797751319192,0.8890918300808472,2.339994608697175,0.7952048361291455,2.4690746325483763,30.771219044280983,1258.103971561952,P000173_LH,P000173,LH,production,thermorheo-v2.0-interface-objective-R10,3381,3264,165,states=165 nodes=3381 elems=3264
-0.5573591267,-0.5573591267,-1.224905855,-7.657338582,-0.8659660626,-7.794503357,-12.00346275,19.95510008,184.3360414,4.809706188,5.322867033333333,1,1,0.3155163049,0.03753902351,274.6790595,-0.5573591267,-3.203937698,-7.657338582,-8.793378114,31.875,0.08996723585,0.05594522235,1,178.1249899,-0.6675467283000001,,False,-0.09969589100000054,0.12345012157546384,1,2,-0.5573591267,-3.042436973,-1.224905855,-3.34101841,-0.5573591267,-3.042436973,-0.8659660626,-3.260902087,2.768332589e-14,323.15,0.6766078575,320.2361276,267.1680655750492,24.373098982005153,118.76339164266014,2325.108270413536,296.48157063526776,0.3098231774741746,84.11935327259671,10.999448704258414,67.9212699017508,3.9973872623380156,12.544762963354822,0.2933920634075627,55.98193442495081,0.7342763424489319,9.373098982005153,0.3837573630121879,21.043583659041452,6.53485472126255,2.4532874446328155,1.177263849774738,1.001870092108555,60.876526830282465,174.40367532512093,35.49214475769332,0.560834779382024,0.49500074212831346,8.047777415730561,0.2781803556321603,11.41797001594038,1.3777112032444572,1.827168496398902,0.5726210431540899,22.273454316944907,2.9124774346748343,2049.339218977456,P000174_HL,P000174,HL,production,thermorheo-v2.0-interface-objective-R10,3381,3264,127,states=127 nodes=3381 elems=3264
-0.853873329,-0.853873329,-1.480925197,-7.661503558,-1.14411408,-7.798882601,-12.02825185,19.66394226,184.1267954,4.292034853,37.53372680555555,1,2,0.3299776399,0.037540677429999995,274.1271102,-0.853873329,-3.37731335,-7.661503558,-8.79944563,31.875,0.08996723585,0.05594522235,1,178.1249899,-0.6270518679999999,,False,-0.10386086699999986,0.12335242906511547,2,1,-0.853873329,-2.747220213,-1.480925197,-3.102582954,-0.853873329,-2.747220213,-1.14411408,-2.984112312,0.6982896585,321.0104124,0.6982896585,321.0104124,267.1680655750492,24.373098982005153,118.76339164266014,2325.108270413536,296.48157063526776,0.3098231774741746,84.11935327259671,10.999448704258414,67.9212699017508,3.9973872623380156,12.544762963354822,0.2933920634075627,55.98193442495081,0.7342763424489319,9.373098982005153,0.3837573630121879,21.043583659041452,6.53485472126255,2.4532874446328155,1.177263849774738,1.001870092108555,60.876526830282465,174.40367532512093,35.49214475769332,0.560834779382024,0.49500074212831346,8.047777415730561,0.2781803556321603,11.41797001594038,1.3777112032444572,1.827168496398902,0.5726210431540899,22.273454316944907,2.9124774346748343,2049.339218977456,P000174_LH,P000174,LH,production,thermorheo-v2.0-interface-objective-R10,3381,3264,127,states=127 nodes=3381 elems=3264
1.994929768,1.994929768,0.8275134361,-12.32000028,1.426688923,-12.3999431,-11.70875017,21.99843289,162.4576373,6.516344203,3.785958677777778,1,1,0.08475130161,0.03449066401999999,268.053379,1.994929768,-3.602435488,-12.32000028,-13.20342971,1.875,0.1058865229,0.003466365849,1,91.87476871,-1.1674163319,0.4148083052214999,False,-0.02457588000000044,0.08643369930554366,1,2,1.994929768,-2.662488628,0.8275134361,-3.65846093,1.994929768,-2.662488628,1.426688923,-3.068707722,5.424432868e-05,323.15,0.2820805979,320.8297715,259.33293244427125,19.303999509908927,147.86463151832163,3112.163630067256,166.00035081606742,0.43692444094218214,39.86685730276473,95.64969143636432,54.52149509173028,1.673546970120276,96.36530920745489,2.7856092950290803,63.81706755572872,0.7072143903054704,4.303999509908927,0.4526698446206787,23.821773762286178,11.967121607371244,2.7933847708160173,2.6637213433174463,1.3660575084531335,74.60763514120481,132.27322605225237,26.611197612507056,0.8308415834168814,0.3352679743628063,14.10137877936061,0.2505749805676464,13.738193882317564,1.2124575740549899,2.2676676001858804,0.7054236587742679,4.296051721512622,10.307208778376605,2925.5715680032927,P000175_HL,P000175,HL,production,thermorheo-v2.0-interface-objective-R10,3381,3264,152,states=152 nodes=3381 elems=3264
1.95368016,1.95368016,0.7853998778,-12.31845292,1.407427117,-12.39753814,-11.6824994,21.9223163,162.4266395,6.353110679,46.39801766666667,1,2,0.08375996718,0.03448751317,267.5213383,1.95368016,-3.509946537,-12.31845292,-13.19194292,1.875,0.1058865229,0.003466365849,1,91.87476871,-1.1682802822,0.4020104692059728,False,-0.02302852000000044,0.08634605944591782,2,1,1.95368016,-2.647655951,0.7853998778,-3.645035583,1.95368016,-2.647655951,1.407427117,-3.088401253,0.2273524586,321.509101,0.2273524586,321.509101,259.33293244427125,19.303999509908927,147.86463151832163,3112.163630067256,166.00035081606745,0.43692444094218214,39.86685730276473,95.64969143636432,54.52149509173028,1.673546970120276,96.36530920745489,2.7856092950290803,63.81706755572872,0.7072143903054704,4.303999509908927,0.4526698446206787,23.821773762286178,11.967121607371244,2.7933847708160173,2.6637213433174463,1.3660575084531335,74.60763514120481,132.27322605225237,26.611197612507056,0.8308415834168814,0.3352679743628063,14.10137877936061,0.2505749805676464,13.738193882317564,1.2124575740549899,2.2676676001858804,0.7054236587742679,4.296051721512622,10.307208778376605,2925.5715680032927,P000175_LH,P000175,LH,production,thermorheo-v2.0-interface-objective-R10,3381,3264,152,states=152 nodes=3381 elems=3264
-1.588282646,-1.588282646,-2.073173906,-8.346670304,-1.883569057,-8.464047083,-12.51994305,18.23226671,147.3953814,5.732548842,5.546144136111112,1,1,0.1238289992,0.03668167934,280.7244466,-1.588282646,-5.351713088,-8.346670304,-9.883068564,16.875,0.1013813657,0.03075370105,1,178.1249926,-0.48489126000000016,,False,-0.038424666999999246,0.15592123530725258,1,2,-1.588282646,-3.883515098,-2.073173906,-4.327185873,-1.588282646,-3.883515098,-1.883569057,-4.131605873,0.01346801385,323.15,0.2151272805,322.1456489,273.41240280126385,24.15419960618718,125.85476782814312,1381.1379419201417,218.68951076461167,0.3960569187272461,176.820672596866,42.68318399307132,29.24777906670101,15.264498493139953,88.43365041101428,0.7362300958437327,49.73759719873615,0.657103130524931,9.15419960618718,0.748634128728714,11.58378525677285,15.064861639688134,0.7195669448105617,3.4365066708730776,2.7543467771905776,73.80149488916085,44.82311638516552,31.082293676594325,0.7969540055585581,0.3515338846950772,9.17756471612991,0.25192727893274375,10.458301727403754,1.3143473331029174,2.228303064910834,0.4547091480522449,20.462164919275047,4.939413120191164,3830.8823539441737,P000176_HL,P000176,HL,production,thermorheo-v2.0-interface-objective-R10,3381,3264,131,states=131 nodes=3381 elems=3264
-1.73159476,-1.73159476,-2.213826919,-8.345218925,-2.022902553,-8.462710905,-12.5427931,18.07764818,147.457815,5.536862684,39.10521141666667,1,2,0.1300631228,0.03659081982,280.3983596,-1.73159476,-5.451079044,-8.345218925,-9.882868561,16.875,0.1013813657,0.03075370105,1,178.1249926,-0.48223215900000027,,False,-0.03697328799999866,0.1555568756713569,2,1,-1.73159476,-3.78701001,-2.213826919,-4.234930517,-1.73159476,-3.78701001,-2.022902553,-4.038985372,0.2493420879,322.4900377,0.2493420879,322.4900377,273.41240280126385,24.15419960618718,125.85476782814312,1381.1379419201417,218.68951076461164,0.3960569187272461,176.820672596866,42.68318399307132,29.24777906670101,15.264498493139953,88.43365041101428,0.7362300958437327,49.73759719873615,0.657103130524931,9.15419960618718,0.748634128728714,11.58378525677285,15.064861639688134,0.7195669448105617,3.4365066708730776,2.7543467771905776,73.80149488916085,44.82311638516552,31.082293676594325,0.7969540055585581,0.3515338846950772,9.17756471612991,0.25192727893274375,10.458301727403754,1.3143473331029174,2.228303064910834,0.4547091480522449,20.462164919275047,4.939413120191164,3830.8823539441737,P000176_LH,P000176,LH,production,thermorheo-v2.0-interface-objective-R10,3381,3264,131,states=131 nodes=3381 elems=3264
2.943220733,2.943220733,1.978331831,-10.50002099,2.38888924,-10.61773562,-13.97394454,28.39685782,218.6225174,7.103296738,2.420145456388889,1,1,0.06786355339,0.038480212900000005,265.460445,2.943220733,-4.118332999,-10.50002099,-11.90955343,20.625,0.09915291209,0.03731851358,1,91.87488299,-0.964888902,0.6721656343401411,False,-0.014613149999998853,0.25533887168291547,1,2,2.943220733,-3.516721146,1.978331831,-4.654730373,2.943220733,-3.516721146,2.38888924,-3.888702066,1.629457759e-12,323.15,0.07986954079,321.072975,253.81620532287982,24.13889044444233,130.26914623240427,1694.3630712777806,195.9269209467188,0.3761734713326523,69.48178205283358,112.62519331852634,29.762938350247374,6.20593152043891,241.42532326398702,4.369782630618495,69.33379467712015,0.5151988920851708,9.138890444442328,0.6140316639852414,11.196027836272279,10.630259162963272,0.5541408170397281,3.6193397978476485,2.0719668037855437,84.75593655955058,153.95105319608584,34.895903429925866,0.7321017230382689,0.16943831508426277,13.78933296833766,0.18241599459853003,13.137692337506849,1.0578726962672145,1.7034448511038438,0.6595504635390803,2.4326745885432466,3.9431983135869544,3965.446014968586,P000177_HL,P000177,HL,production,thermorheo-v2.0-interface-objective-R10,3381,3264,137,states=137 nodes=3381 elems=3264
2.920056757,2.920056757,1.948385681,-10.49867119,2.37440584,-10.61612143,-13.96578538,28.3600271,218.6225174,7.034013846,30.491879861111112,1,2,0.07017652765,0.03832707033999999,264.9981482,2.920056757,-4.022625339,-10.49867119,-11.90311362,20.625,0.09915291209,0.03731851358,1,91.87488299,-0.9716710759999998,0.6672424007955678,False,-0.013263349999999008,0.2553046474991318,2,1,2.920056757,-3.5360389,1.948385681,-4.658273395,2.920056757,-3.5360389,2.37440584,-3.930518675,0.07214386831,322.079919,0.07214386831,322.079919,253.81620532287982,24.13889044444233,130.26914623240427,1694.3630712777806,195.92692094671884,0.3761734713326523,69.48178205283358,112.62519331852634,29.762938350247374,6.20593152043891,241.42532326398702,4.369782630618495,69.33379467712015,0.5151988920851708,9.138890444442328,0.6140316639852414,11.196027836272279,10.630259162963272,0.5541408170397281,3.6193397978476485,2.0719668037855437,84.75593655955058,153.95105319608584,34.895903429925866,0.7321017230382689,0.16943831508426277,13.78933296833766,0.18241599459853003,13.137692337506849,1.0578726962672145,1.7034448511038438,0.6595504635390803,2.4326745885432466,3.9431983135869544,3965.446014968586,P000177_LH,P000177,LH,production,thermorheo-v2.0-interface-objective-R10,3381,3264,137,states=137 nodes=3381 elems=3264
5.18153511,5.18153511,2.780723735,-4.870495554,4.625060595,-5.009648743,-10.30796312,24.84671739,175.8744989,8.193728734,1.7727962086111113,1,1,0.2446183656,0.034228155229999994,276.8227814,5.18153511,0.1280521975,-4.870495554,-6.180966512,28.125,0.0934336017,0.04994130058,1,91.87475575,-2.4008113750000004,0.5366602128456869,False,-0.09892407999999975,0.12157391473180418,1,2,5.18153511,-0.2985671457,2.780723735,-1.941324857,5.18153511,-0.2985671457,4.625060595,-0.6370699595,1.06926662e-07,323.15,0.1833662942,321.8344778,269.8159016529187,22.227160680034252,161.94562369382945,3008.8768134047505,456.8822675582438,0.4842331605867914,28.0919248832874,29.80238511111571,72.07452831612433,0.8049059961896404,20.493962084565624,9.404157624105181,53.334098347081294,0.4132233504361757,7.227160680034252,0.6902141126086001,34.90087664431908,23.85495798207955,1.7727962086705618,3.229457866677096,1.8061878682998396,54.67202853581672,71.54743165396549,27.73088541147951,0.5684121968197604,0.35409333692071837,17.236873486432387,0.19888740901523622,10.972666640409766,1.1742969047640315,2.4341029797624523,0.49297331379680975,2.536639530683045,2.69109035765901,3931.1278523038104,P000178_HL,P000178,HL,production,thermorheo-v2.0-interface-objective-R10,3381,3264,166,states=166 nodes=3381 elems=3264
5.048813715,5.048813715,2.652876955,-4.858805277,4.500766239,-4.996928077,-10.29696774,24.70836985,176.0134592,7.967796794,67.33707277777778,1,2,0.265120892,0.034110019869999994,276.6083565,5.048813715,0.07456531731,-4.858805277,-6.154272445,28.125,0.0934336017,0.04994130058,1,91.87475575,-2.3959367599999997,0.5254456006404665,False,-0.08723380300000017,0.12114485414268697,2,1,5.048813715,-0.2441151194,2.652876955,-1.890101913,5.048813715,-0.2441151194,4.500766239,-0.5962950965,0.2321910543,322.6063955,0.2321910543,322.6063955,269.8159016529187,22.227160680034252,161.94562369382945,3008.876813404751,456.8822675582438,0.4842331605867914,28.0919248832874,29.80238511111571,72.07452831612433,0.8049059961896404,20.493962084565624,9.404157624105181,53.334098347081294,0.4132233504361757,7.227160680034252,0.6902141126086001,34.90087664431908,23.85495798207955,1.7727962086705618,3.229457866677096,1.8061878682998396,54.67202853581672,71.54743165396549,27.73088541147951,0.5684121968197604,0.35409333692071837,17.236873486432387,0.19888740901523622,10.972666640409766,1.1742969047640315,2.4341029797624523,0.49297331379680975,2.536639530683045,2.69109035765901,3931.1278523038104,P000178_LH,P000178,LH,production,thermorheo-v2.0-interface-objective-R10,3381,3264,166,states=166 nodes=3381 elems=3264
0.9597603457,0.9597603457,0.6404839429,-10.61274308,0.582297594,-10.71482093,-12.32582513,22.57794897,205.5044333,4.881743042,6.571228513888889,1,1,0.2063592052,0.04392974824,258.2119072,0.9597603457,-4.424450393,-10.61274308,-11.79356795,24.375,0.09649987052,0.0437235225,1,178.1249971,-0.3192764028,0.6673373678851712,False,-0.05304866999999902,0.1162800553151673,1,2,0.9597603457,-4.914095497,0.6404839429,-5.154327788,0.9597603457,-4.914095497,0.582297594,-5.158940659,0.04553346256,323.15,0.313416099,321.6550074,245.52225065245528,20.166977402530094,92.13886924116355,1863.4410181176,101.66800850069173,0.4923721157752801,117.50443672231152,29.49920225593801,21.931398574744268,10.881643345474366,65.56344053977585,0.9223420972072521,77.6277493475447,0.4993431275878222,5.166977402530094,0.550692705454189,10.7984091181578,16.079750297454932,0.6811871773505203,3.0996798018171194,3.543098798085113,39.8143691528875,21.14549582599039,33.05821416644108,0.7478969374543007,0.1327073578977496,10.770086864108066,0.2119157415295234,12.8798695283722,1.11491091961177,2.3498499098748584,0.7516041815738208,17.433607710352376,4.376664696616643,1950.1757537080052,P000179_HL,P000179,HL,production,thermorheo-v2.0-interface-objective-R10,3381,3264,98,states=98 nodes=3381 elems=3264
0.8522099685,0.8522099685,0.5357922203,-10.60965052,0.4835044042,-10.71078276,-12.33424881,22.45149861,205.5000072,4.64154375,40.77335369444444,1,2,0.2328076742,0.043926257169999997,257.8155682,0.8522099685,-4.403427936,-10.60965052,-11.77013449,24.375,0.09649987052,0.0437235225,1,178.1249971,-0.3164177482,0.628709168050526,False,-0.04995611000000011,0.11513468691924804,2,1,0.8522099685,-4.838709971,0.5357922203,-5.088110301,0.8522099685,-4.838709971,0.4835044042,-5.097137228,0.2777761335,322.4034857,0.2777761335,322.4034857,245.52225065245528,20.166977402530094,92.13886924116355,1863.4410181176004,101.66800850069173,0.4923721157752801,117.50443672231152,29.49920225593801,21.931398574744268,10.881643345474366,65.56344053977585,0.9223420972072521,77.6277493475447,0.4993431275878222,5.166977402530094,0.550692705454189,10.7984091181578,16.079750297454932,0.6811871773505203,3.0996798018171194,3.543098798085113,39.8143691528875,21.14549582599039,33.05821416644108,0.7478969374543007,0.1327073578977496,10.770086864108066,0.2119157415295234,12.8798695283722,1.11491091961177,2.3498499098748584,0.7516041815738208,17.433607710352376,4.376664696616643,1950.1757537080052,P000179_LH,P000179,LH,production,thermorheo-v2.0-interface-objective-R10,3381,3264,98,states=98 nodes=3381 elems=3264
7.796714701,7.796714701,4.151766189,-9.550499516,7.029853351,-9.677616524,-10.43546818,29.28913545,222.3884964,15.20396234,3.587511377777778,1,1,0.9049021304,0.04786143792,247.4614201,7.796714701,1.067418684,-9.550499516,-10.93607147,20.625,0.09915291209,0.03731851358,1,91.8747055,-3.644948512,0.5325020022173568,False,-0.41580330500000073,0.2581253908390797,1,2,7.796714701,2.745071071,4.151766189,-0.5322603413,7.796714701,2.745071071,7.029853351,2.142376053,0.02186616082,323.15,0.8988048346,321.0847356,235.60538189815105,21.426141020573542,119.39691718229687,5091.8132213102035,371.5968757111719,0.4839177582937309,76.8810998089444,103.16024658510942,63.13232556717249,2.5164959760843493,81.04015558625339,1.7185751631237007,87.54461810184891,0.7189938782699566,6.426141020573542,0.7914531854655499,30.5508534643361,22.453651026316933,2.601999975618891,0.8537381276753504,2.2592065373685464,24.41166994598217,146.09336686553405,35.26578959748366,0.7728781306663225,0.4271234860672024,14.383968044981893,0.18559627593003344,13.55570317959422,1.2091877189700309,2.5047927195636532,0.4572690531685608,13.065271457493273,17.531182938405262,1541.337478204789,P000180_HL,P000180,HL,production,thermorheo-v2.0-interface-objective-R10,3381,3264,125,states=125 nodes=3381 elems=3264
7.408724785,7.408724785,3.869546929,-9.529778651,6.668451107,-9.6572951,-10.47889518,28.85561236,222.3823654,14.4760943,62.3069605,1,2,1.004988586,0.04785864492,246.8476861,7.408724785,0.8884844223,-9.529778651,-10.87322743,20.625,0.09915291209,0.03731851358,1,91.8747055,-3.5391778560000002,0.5222959471830346,False,-0.39508244000000126,0.255949762648486,2,1,7.408724785,3.07242836,3.869546929,-0.3494918236,7.408724785,3.07242836,6.668451107,2.44619332,0.8229458719,321.6650875,0.8229458719,321.6650875,235.60538189815105,21.426141020573542,119.39691718229687,5091.8132213102035,371.5968757111719,0.4839177582937309,76.8810998089444,103.16024658510942,63.13232556717249,2.5164959760843493,81.04015558625339,1.7185751631237007,87.54461810184891,0.7189938782699566,6.426141020573542,0.7914531854655499,30.5508534643361,22.453651026316933,2.601999975618891,0.8537381276753504,2.2592065373685464,24.41166994598217,146.09336686553405,35.26578959748366,0.7728781306663225,0.4271234860672024,14.383968044981893,0.18559627593003344,13.55570317959422,1.2091877189700309,2.5047927195636532,0.4572690531685608,13.065271457493273,17.531182938405262,1541.337478204789,P000180_LH,P000180,LH,production,thermorheo-v2.0-interface-objective-R10,3381,3264,125,states=125 nodes=3381 elems=3264
7.384718053,7.384718053,5.009402055,-7.651905102,6.854844763,-7.77472048,-10.40139378,29.52369254,202.503127,7.353628474,3.2625425944444446,1,1,0.1936994304,0.03800739331,264.0024756,7.384718053,1.146473707,-7.651905102,-8.813295754,20.625,0.09915291209,0.03731851358,1,91.87476419,-2.3753159980000005,0.6783470972144913,False,-0.0672265809999999,0.11021014318493227,1,2,7.384718053,0.8772177661,5.009402055,-0.5562404565,7.384718053,0.8772177661,6.854844763,0.4722861055,6.477346293e-09,323.15,0.6201760029,320.9550759,254.13764802135438,23.166604090195413,158.54058226277667,3792.5678100694963,411.5434594800692,0.45144676105207865,56.97002890236852,36.68964227175753,69.50334516321786,1.8156585989985472,28.06354110118878,1.6237094767364046,69.0123519786456,0.6117145971691986,8.166604090195413,0.5291948459154495,31.37706005621936,17.527448346429395,1.3014763395889526,1.8528951202059412,0.4329614361912436,71.0843480119363,170.59838641734532,29.8519341962943,0.6219034576049469,0.3418280039085414,16.80866255438043,0.1907184551250818,12.870522433088562,1.0853309220362317,2.0973708274940797,0.7010285038044524,10.794694862321622,6.951962296001106,1979.5270815816493,P000181_HL,P000181,HL,production,thermorheo-v2.0-interface-objective-R10,3381,3264,165,states=165 nodes=3381 elems=3264
7.140527935,7.140527935,4.840165462,-7.650176243,6.609543798,-7.771667991,-10.39351205,29.24245127,202.5980124,6.847492054,55.75438388888889,1,2,0.2006712201,0.03800651011,263.5215197,7.140527935,1.129895594,-7.650176243,-8.794259121,20.625,0.09915291209,0.03731851358,1,91.87476419,-2.300362473,0.6778442022858636,False,-0.06549772199999992,0.10897685246503129,2,1,7.140527935,1.091398579,4.840165462,-0.4595986243,7.140527935,1.091398579,6.609543798,0.6917088186,0.5312649872,321.8073329,0.5312649872,321.8073329,254.13764802135438,23.166604090195413,158.54058226277667,3792.5678100694963,411.5434594800692,0.45144676105207865,56.97002890236852,36.68964227175753,69.50334516321786,1.8156585989985472,28.06354110118878,1.6237094767364046,69.0123519786456,0.6117145971691986,8.166604090195413,0.5291948459154495,31.37706005621936,17.527448346429395,1.3014763395889526,1.8528951202059412,0.4329614361912436,71.0843480119363,170.59838641734532,29.8519341962943,0.6219034576049469,0.3418280039085414,16.80866255438043,0.1907184551250818,12.870522433088562,1.0853309220362317,2.0973708274940797,0.7010285038044524,10.794694862321622,6.951962296001106,1979.5270815816493,P000181_LH,P000181,LH,production,thermorheo-v2.0-interface-objective-R10,3381,3264,165,states=165 nodes=3381 elems=3264
-4.064891968,-4.064891968,-4.411823122,-12.51495328,-4.352171564,-12.60739761,-14.54161973,18.93213382,211.2547113,7.039755698,9.997983016666666,1,1,0.06937461769,0.04470909150999999,261.2844728,-4.064891968,-8.012384596,-12.51495328,-13.45981532,28.125,0.0934336017,0.04994130058,1,178.1249979,-0.34693115399999996,,False,-0.009840940000000131,0.033394227346429106,1,2,-4.064891968,-6.479493809,-4.411823122,-6.849600987,-4.064891968,-6.479493809,-4.352171564,-6.719612623,0.0004751837902,323.15,0.1875386506,321.5067731,249.35801225512884,21.562092369452795,179.2436748183467,4430.341005549049,339.14294473404516,0.5409612903351517,289.2097878935863,341.8621775164654,55.84872521620312,9.572679818241923,271.57065667801464,2.4462138473437864,73.79198774487114,0.7398177579868495,6.562092369452796,0.6017911155140245,30.211998456530562,28.54454199752798,0.25217706374357934,3.8542565567233753,0.6320117528984632,80.79824516102674,171.4298307037043,37.73060622126032,0.7368025076487803,0.09421155167188759,10.338291337681797,0.2732665151408581,9.135802122278132,0.8808648371784519,2.0397736077898996,0.5420728010665603,11.66886616577818,13.793253767915102,3505.533838899765,P000182_HL,P000182,HL,production,thermorheo-v2.0-interface-objective-R10,3381,3264,185,states=185 nodes=3381 elems=3264
-4.100943205,-4.100943205,-4.450176497,-12.51342245,-4.385763631,-12.60546196,-14.54437455,18.88889308,211.2495296,6.940111946,72.51838825,1,2,0.06937866817,0.04470886436,260.7274423,-4.100943205,-8.001433798,-12.51342245,-13.45055616,28.125,0.0934336017,0.04994130058,1,178.1249979,-0.3492332920000001,,False,-0.008310110000000037,0.03337162688084494,2,1,-4.100943205,-6.469206944,-4.450176497,-6.834892035,-4.100943205,-6.469206944,-4.385763631,-6.714366428,0.2064046338,321.9343116,0.2064046338,321.9343116,249.35801225512884,21.562092369452795,179.2436748183467,4430.341005549049,339.1429447340451,0.5409612903351517,289.2097878935863,341.8621775164654,55.84872521620312,9.572679818241923,271.57065667801464,2.4462138473437864,73.79198774487114,0.7398177579868495,6.562092369452796,0.6017911155140245,30.211998456530562,28.54454199752798,0.25217706374357934,3.8542565567233753,0.6320117528984632,80.79824516102674,171.4298307037043,37.73060622126032,0.7368025076487803,0.09421155167188759,10.338291337681797,0.2732665151408581,9.135802122278132,0.8808648371784519,2.0397736077898996,0.5420728010665603,11.66886616577818,13.793253767915102,3505.533838899765,P000182_LH,P000182,LH,production,thermorheo-v2.0-interface-objective-R10,3381,3264,185,states=185 nodes=3381 elems=3264
5.814069611,5.814069611,1.715416787,-4.449282935,5.252847541,-4.571132343,-9.036484201,21.96003907,186.1542175,9.802512888,1.3852188905555556,1,1,0.3566474726,0.02808910986,276.5350533,5.814069611,0.5516919106,-4.449282935,-5.759398402,24.375,0.09649987052,0.0437235225,1,91.87478878,-4.098652824,0.2950457943872045,False,-0.17565135600000037,0.12465073266941884,1,2,5.814069611,1.251023078,1.715416787,-1.125344011,5.814069611,1.251023078,5.252847541,0.8954712053,0.0002051170806,323.15,0.3260962497,322.0412715,271.0452843066729,22.59895368664581,166.6410340269793,2891.9032143211866,381.94493665268624,0.24293331122964623,11.358156868034905,15.069320205042104,125.23163412213727,0.373341910090106,11.887862837907528,6.678937591126475,52.104715693327066,0.5894655480598037,7.598953686645809,0.5441062581224927,30.42293554799036,20.36965836988302,1.3852188904224634,2.8717256759813323,1.8624627024145943,73.18669002347877,69.8285190741702,24.11540373912009,0.635567743647585,0.3061238836439834,16.15530459252215,0.20539453188261,11.1838202364881,1.5930466795937996,1.6566168577189215,0.3626359845572101,3.049835111043081,4.046338010195114,2210.267013084562,P000183_HL,P000183,HL,production,thermorheo-v2.0-interface-objective-R10,3381,3264,172,states=172 nodes=3381 elems=3264
5.635425317,5.635425317,1.553623479,-4.454325522,5.084003422,-4.57597371,-9.066343274,21.77229938,186.1466614,9.484246883,58.297220083333336,1,2,0.3746644889,0.02808876184,276.2814901,5.635425317,0.4856321278,-4.454325522,-5.761618261,24.375,0.09649987052,0.0437235225,1,91.87478878,-4.0818018380000005,0.2756887708747184,False,-0.18069394300000052,0.12319682719514763,2,1,5.635425317,1.423022609,1.553623479,-0.9764990999,5.635425317,1.423022609,5.084003422,1.05572465,0.3238044666,322.4964428,0.3238044666,322.4964428,271.0452843066729,22.59895368664581,166.6410340269793,2891.903214321187,381.9449366526863,0.24293331122964623,11.358156868034905,15.069320205042104,125.23163412213727,0.373341910090106,11.887862837907528,6.678937591126475,52.104715693327066,0.5894655480598037,7.598953686645809,0.5441062581224927,30.42293554799036,20.36965836988302,1.3852188904224634,2.8717256759813323,1.8624627024145943,73.18669002347877,69.8285190741702,24.11540373912009,0.635567743647585,0.3061238836439834,16.15530459252215,0.20539453188261,11.1838202364881,1.5930466795937996,1.6566168577189215,0.3626359845572101,3.049835111043081,4.046338010195114,2210.267013084562,P000183_LH,P000183,LH,production,thermorheo-v2.0-interface-objective-R10,3381,3264,172,states=172 nodes=3381 elems=3264
-2.972006548,-2.972006548,-4.405941879,-7.816960516,-3.365595944,-7.992563496,-15.62403271,21.83996231,198.3319031,3.208309188,1.8076153044444443,1,1,0.02823683272,0.02805956065000001,285.4461842,-2.972006548,-5.468316256,-7.816960516,-9.281314448,28.125,0.0934336017,0.04994130058,1,91.87452793,-1.4339353310000003,,False,-0.009810580999999985,0.08644979164721289,1,2,-2.972006548,-4.334373063,-4.405941879,-5.547591271,-2.972006548,-4.334373063,-3.365595944,-4.683800689,0.007754488576,323.15,0.01659023656,322.5553934,277.86232229629235,22.124612237510497,147.28212332021545,1121.8255938326472,173.33649789859854,0.4066368082524632,12.961380108215087,72.18712283698608,29.981926881333685,1.0631266829615833,142.10349048663548,10.484464934407963,45.28767770370761,0.6952893136097827,7.124612237510497,0.7809796275282511,12.191755052284257,25.12206177896665,1.8076153044572405,1.130078292367423,0.7721665537539807,90.356831135523,109.9463052451026,33.96740590202269,0.6926338190572607,0.6856230905624415,13.026013232988078,0.18142280000830294,8.26097888363332,1.2969909274952558,2.257616294792699,0.5804022271865269,2.396122447462336,13.344966662754787,3347.0153227139745,P000184_HL,P000184,HL,production,thermorheo-v2.0-interface-objective-R10,3381,3264,154,states=154 nodes=3381 elems=3264
-2.973960595,-2.973960595,-4.409765531,-7.816638234,-3.364233861,-7.992124093,-15.62073853,21.83279522,198.3308959,3.195201175,42.831292277777784,1,2,0.02792643786,0.028035262340000006,285.2010032,-2.973960595,-5.455707423,-7.816638234,-9.280429236,28.125,0.0934336017,0.04994130058,1,91.87452793,-1.4358049359999998,,False,-0.009488299000000033,0.0858711318002135,2,1,-2.973960595,-4.336389126,-4.409765531,-5.546609039,-2.973960595,-4.336389126,-3.364233861,-4.690780535,0.01815457151,322.7365764,0.01815457151,322.7365764,277.86232229629235,22.124612237510497,147.28212332021545,1121.8255938326472,173.33649789859854,0.4066368082524632,12.961380108215087,72.18712283698608,29.981926881333685,1.0631266829615833,142.10349048663548,10.484464934407963,45.28767770370761,0.6952893136097827,7.124612237510497,0.7809796275282511,12.191755052284257,25.12206177896665,1.8076153044572405,1.130078292367423,0.7721665537539807,90.356831135523,109.9463052451026,33.96740590202269,0.6926338190572607,0.6856230905624415,13.026013232988078,0.18142280000830294,8.26097888363332,1.2969909274952558,2.257616294792699,0.5804022271865269,2.396122447462336,13.344966662754787,3347.0153227139745,P000184_LH,P000184,LH,production,thermorheo-v2.0-interface-objective-R10,3381,3264,154,states=154 nodes=3381 elems=3264
0.625485188,0.625485188,0.3246909519,-7.636096233,0.3023832696,-7.812344417,-10.61860894,20.53762088,235.8630167,7.5476332,24.304480986111113,1,1,4.809222331,0.05636387688000001,240.3222288,0.625485188,-2.034178984,-7.636096233,-9.581170273,31.875,0.08996723585,0.05594522235,1,9.3749208,-0.30079423609999995,0.5191025433203384,False,0.33990505399999993,0.09466172179220392,1,2,0.625485188,-4.352879002,0.3246909519,-4.8066816,0.625485188,-4.352879002,0.3023832696,-4.607710981,6.195934652,323.15,6.149032095,317.8477278,229.33293385738983,19.907574534536497,162.87075422330926,3805.3231374714733,200.14778388366344,0.3401449211255147,1566.8956530520645,1435.5196725895516,66.54148274783775,69.22829106920432,1522.1726889500212,0.3932700470900932,93.81706614261014,0.40967758797675224,4.907574534536498,0.5731855956793863,22.633747400838068,5.4037798375265265,2.654809559895265,3.9259233620289953,1.772478769986099,95.49305620028589,11.754646630880185,36.42725023238776,0.7612801788222832,0.6250121234435506,11.149595509694567,0.1902249454857196,9.243311010475697,1.6742619749348953,2.4377766309960056,0.38370039080659757,13.740634145698333,12.588554056924345,3741.5000088620513,P000185_HL,P000185,HL,production,thermorheo-v2.0-interface-objective-R10,3381,3264,167,states=167 nodes=3381 elems=3264
0.3840935814,0.3840935814,0.08431724936,-7.635938164,0.0666202,-7.812085411,-10.65905748,20.177211,235.8684289,7.045734245,58.72706797222222,1,2,4.810219591,0.056290264330000006,239.8425048,0.3840935814,-2.2384834,-7.635938164,-9.580346266,31.875,0.08996723585,0.05594522235,1,9.3749208,-0.29977633204,0.21952267219011642,False,0.3400631230000002,0.09247531956446034,2,1,0.3840935814,-4.360771421,0.08431724936,-4.791036395,0.3840935814,-4.360771421,0.0666202,-4.639844879,6.397961329,320.977778,6.397961329,320.977778,229.33293385738983,19.907574534536497,162.87075422330926,3805.3231374714733,200.14778388366344,0.3401449211255147,1566.8956530520645,1435.5196725895516,66.54148274783775,69.22829106920432,1522.1726889500212,0.3932700470900932,93.81706614261014,0.40967758797675224,4.907574534536498,0.5731855956793863,22.633747400838068,5.4037798375265265,2.654809559895265,3.9259233620289953,1.772478769986099,95.49305620028589,11.754646630880185,36.42725023238776,0.7612801788222832,0.6250121234435506,11.149595509694567,0.1902249454857196,9.243311010475697,1.6742619749348953,2.4377766309960056,0.38370039080659757,13.740634145698333,12.588554056924345,3741.5000088620513,P000185_LH,P000185,LH,production,thermorheo-v2.0-interface-objective-R10,3381,3264,167,states=167 nodes=3381 elems=3264
8.725669581,8.725669581,7.446665693,-7.927965106,8.304039187,-8.023799446,-6.631259151,25.48488917,278.4400512,8.015296957,12.456756997222223,1,1,0.3863085361,0.05288185265,241.4957921,8.725669581,2.210387949,-7.927965106,-9.059572136,16.875,0.1013813657,0.03075370105,1,178.1249973,-1.279003888,0.8534205454232406,False,-0.018405977000000462,0.14389304037841433,1,2,8.725669581,-2.059422185,7.446665693,-2.553064771,8.725669581,-2.059422185,8.304039187,-2.285252087,0.3646659084,323.15,0.3858110704,322.4807434,228.6341622491267,24.05989008180119,118.9074888742913,1872.5078380825992,166.71624797455,0.32824919279247833,1873.8831502061685,2178.458298155349,36.84341626299443,154.94549239603325,4323.116437241262,1.2330093245280591,94.51583775087329,0.35810661369563324,9.05989008180119,0.39254606739963704,12.093821648045191,35.9077523167919,0.3629353499401161,1.878098375004204,0.868515014126338,52.592995783267696,90.36931227540101,26.74472500500968,0.6835992911327218,0.12351759548165932,12.76260942385369,0.2224137297337569,12.249522135298204,1.428947746220762,2.007828060954275,0.7018806929784944,29.122044418062924,33.855451080179634,3255.216323028966,P000186_HL,P000186,HL,production,thermorheo-v2.0-interface-objective-R10,3381,3264,124,states=124 nodes=3381 elems=3264
8.685485591,8.685485591,7.407189856,-7.91282747,8.265537628,-8.00761874,-6.632209198,25.43703909,278.4720456,7.944083115,63.56787969444444,1,2,0.3826172734,0.0528814815,241.3333002,8.685485591,2.208340661,-7.91282747,-9.024051329,16.875,0.1013813657,0.03075370105,1,178.1249973,-1.2782957350000013,0.8528239185239584,False,-0.0032683410000000634,0.14373922014850385,2,1,8.685485591,-2.061844711,7.407189856,-2.553497874,8.685485591,-2.061844711,8.265537628,-2.29201431,0.4096915475,322.9103348,0.4096915475,322.9103348,228.6341622491267,24.05989008180119,118.9074888742913,1872.5078380825992,166.71624797455,0.32824919279247833,1873.8831502061685,2178.458298155349,36.84341626299443,154.94549239603325,4323.116437241262,1.2330093245280591,94.51583775087329,0.35810661369563324,9.05989008180119,0.39254606739963704,12.093821648045191,35.9077523167919,0.3629353499401161,1.878098375004204,0.868515014126338,52.592995783267696,90.36931227540101,26.74472500500968,0.6835992911327218,0.12351759548165932,12.76260942385369,0.2224137297337569,12.249522135298204,1.428947746220762,2.007828060954275,0.7018806929784944,29.122044418062924,33.855451080179634,3255.216323028966,P000186_LH,P000186,LH,production,thermorheo-v2.0-interface-objective-R10,3381,3264,124,states=124 nodes=3381 elems=3264
1.52890353,1.52890353,1.089862948,-8.948714186,1.185415917,-9.096686238,-12.38870291,25.85227035,250.0094857,6.529240609,27.14522018888889,1,1,0.1616648048,0.050400984430000004,249.7363326,1.52890353,-2.702651075,-8.948714186,-10.49968461,31.875,0.08996723585,0.05594522235,1,178.1249948,-0.43904058200000007,0.7128395785704019,False,-0.033712844000000075,0.0409517348475414,1,2,1.52890353,-5.031563351,1.089862948,-5.310176668,1.52890353,-5.031563351,1.185415917,-5.258483567,0.0003030465678,323.15,0.1727861851,320.0629743,238.17168016198121,21.98150868393492,154.97129095219432,3375.3860007846133,272.04168036020366,0.4519053571272992,2306.206298540387,227.91979830629182,54.745836209988205,93.2179548350871,221.1030381244031,0.35185676033823005,84.97831983801876,0.37386170926215273,6.981508683934921,0.42694714165399617,24.739936663707347,12.556027879530777,2.4052835245180373,2.7293826346805505,0.4792989853174617,81.70745945621672,42.25308013429322,39.55848119267589,0.6506020419298839,0.24395244126892288,11.12387125046662,0.19450384986028985,11.089752662794577,1.1849810531498177,2.292268049519505,0.6675031659117454,35.68505509873114,3.526714225782555,3775.541050273258,P000187_HL,P000187,HL,production,thermorheo-v2.0-interface-objective-R10,3381,3264,160,states=160 nodes=3381 elems=3264
1.399278247,1.399278247,0.9627518745,-8.942898329,1.060534102,-9.090726566,-12.39216851,25.71115816,249.9831643,6.271273128,70.05514988888889,1,2,0.1810877706,0.05040058129000001,249.3650731,1.399278247,-2.756145266,-8.942898329,-10.48968057,31.875,0.08996723585,0.05594522235,1,178.1249948,-0.43652637250000004,0.6880346182498754,False,-0.027896987000000095,0.0399971142028091,2,1,1.399278247,-5.036785494,0.9627518745,-5.297421463,1.399278247,-5.036785494,1.060534102,-5.279410391,0.2724909736,321.9958793,0.2724909736,321.9958793,238.17168016198121,21.98150868393492,154.97129095219432,3375.386000784613,272.04168036020366,0.4519053571272992,2306.206298540387,227.91979830629182,54.745836209988205,93.2179548350871,221.1030381244031,0.35185676033823005,84.97831983801876,0.37386170926215273,6.981508683934921,0.42694714165399617,24.739936663707347,12.556027879530777,2.4052835245180373,2.7293826346805505,0.4792989853174617,81.70745945621672,42.25308013429322,39.55848119267589,0.6506020419298839,0.24395244126892288,11.12387125046662,0.19450384986028985,11.089752662794577,1.1849810531498177,2.292268049519505,0.6675031659117454,35.68505509873114,3.526714225782555,3775.541050273258,P000187_LH,P000187,LH,production,thermorheo-v2.0-interface-objective-R10,3381,3264,160,states=160 nodes=3381 elems=3264
2.925510033,2.925510033,1.684431747,-12.22105474,2.477198466,-12.3076936,-10.13963237,22.69623292,224.032692,10.45865953,4.856407536111111,1,1,0.8660898751,0.04886597576,245.6198319,2.925510033,-2.103417475,-12.22105474,-13.00138066,16.875,0.1013813657,0.03075370105,1,178.1249915,-1.241078286,0.5757737037301078,False,0.009848630000000469,0.1061331979850541,1,2,2.925510033,-3.282971717,1.684431747,-4.651979311,2.925510033,-3.282971717,2.477198466,-3.686160315,0.9272086558,323.15,1.223724762,319.8394113,233.6689076826742,18.317716197594862,140.30118026436188,4706.8170711746125,167.84425953834335,0.3556857270840247,56.14178665972328,317.8534448274212,78.15703498418844,2.019536542741576,274.4123485585278,2.7939968629248373,89.48109231732579,0.5997062121290268,3.3177161975948626,0.6710796882765346,27.799341815082617,11.812406485989737,2.8707402623769247,2.0786168664811138,3.136976925426433,56.71742203963794,58.01057771809637,30.256940342884057,0.7603277626542158,0.4080743670567068,14.744635863489616,0.2581133362639552,11.192157900090779,1.2367840188024535,1.8830714895423881,0.5867136961465862,4.227780869311416,23.93608741793339,2182.4105340242922,P000188_HL,P000188,HL,production,thermorheo-v2.0-interface-objective-R10,3381,3264,146,states=146 nodes=3381 elems=3264
2.884646977,2.884646977,1.645546684,-12.2165187,2.424577911,-12.30093123,-10.12574755,22.60815101,224.0839151,10.27294636,52.55448988888889,1,2,0.8646707447,0.048859903319999995,244.9863396,2.884646977,-2.018583705,-12.2165187,-12.97307524,16.875,0.1013813657,0.03075370105,1,178.1249915,-1.2391002930000001,0.5704499362037533,False,0.0143846700000001,0.10619201790960087,2,1,2.884646977,-3.283194814,1.645546684,-4.658177984,2.884646977,-3.283194814,2.424577911,-3.696439406,1.114057301,321.1646193,1.114057301,321.1646193,233.6689076826742,18.317716197594862,140.30118026436188,4706.8170711746125,167.84425953834335,0.3556857270840247,56.14178665972328,317.8534448274212,78.15703498418844,2.019536542741576,274.4123485585278,2.7939968629248373,89.48109231732579,0.5997062121290268,3.3177161975948626,0.6710796882765346,27.799341815082617,11.812406485989737,2.8707402623769247,2.0786168664811138,3.136976925426433,56.71742203963794,58.01057771809637,30.256940342884057,0.7603277626542158,0.4080743670567068,14.744635863489616,0.2581133362639552,11.192157900090779,1.2367840188024535,1.8830714895423881,0.5867136961465862,4.227780869311416,23.93608741793339,2182.4105340242922,P000188_LH,P000188,LH,production,thermorheo-v2.0-interface-objective-R10,3381,3264,146,states=146 nodes=3381 elems=3264
2.404075744,2.404075744,0.9333220344,-12.11056292,1.842584979,-12.20216633,-13.05594256,25.82493944,195.8407902,8.048044056,2.3583688683333333,1,1,0.2820338545,0.03807750437,266.9897359,2.404075744,-5.110147323,-12.11056292,-13.10697671,13.125,0.1031756887,0.02405719646,1,178.1249956,-1.4707537096,0.3882248871439884,False,0.0020931300000004427,0.20382274404281878,1,2,2.404075744,-5.405675903,0.9333220344,-6.565163338,2.404075744,-5.405675903,1.842584979,-5.782439709,0.3095621736,323.15,0.3031681005,322.3942269,253.199173498152,21.7535846639431,124.22957172203465,1427.8881855376735,120.92713755516462,0.45019757444947217,50.36605390618358,259.57375521470857,21.97404315291219,5.091254443196023,629.7365461438515,6.083070481946149,69.95082650184798,0.46193741920205655,6.753584663943101,0.5664429270832164,9.892660928289102,29.562946661891683,1.369102775525655,1.70708177385727,3.357015058513234,62.01490398777245,84.59753107845806,31.771198995340328,0.7397819384180232,0.20145169423885714,15.404801318311218,0.2297788954938356,12.469135062977124,0.897016048812959,1.7286611390062252,0.6496639172519348,4.8598724525108,25.046539177210914,2735.109973306043,P000189_HL,P000189,HL,production,thermorheo-v2.0-interface-objective-R10,3381,3264,130,states=130 nodes=3381 elems=3264
2.404911271,2.404911271,0.9326299262,-12.1084405,1.84454381,-12.19876573,-13.04944177,25.81792493,195.8407902,8.03988824,48.247176055555556,1,2,0.2813043404,0.038075101429999994,266.7537115,2.404911271,-5.046280306,-12.1084405,-13.08366416,13.125,0.1031756887,0.02405719646,1,178.1249956,-1.4722813448,0.3878022185043849,False,0.004215549999999624,0.20358806119556433,2,1,2.404911271,-5.417253898,0.9326299262,-6.572851047,2.404911271,-5.417253898,1.84454381,-5.804552566,0.3051586773,322.8008801,0.3051586773,322.8008801,253.199173498152,21.7535846639431,124.22957172203465,1427.8881855376733,120.92713755516462,0.45019757444947217,50.36605390618358,259.57375521470857,21.97404315291219,5.091254443196023,629.7365461438515,6.083070481946149,69.95082650184798,0.46193741920205655,6.753584663943101,0.5664429270832164,9.892660928289102,29.562946661891683,1.369102775525655,1.70708177385727,3.357015058513234,62.01490398777245,84.59753107845806,31.771198995340328,0.7397819384180232,0.20145169423885714,15.404801318311218,0.2297788954938356,12.469135062977124,0.897016048812959,1.7286611390062252,0.6496639172519348,4.8598724525108,25.046539177210914,2735.109973306043,P000189_LH,P000189,LH,production,thermorheo-v2.0-interface-objective-R10,3381,3264,130,states=130 nodes=3381 elems=3264
3.799693367,3.799693367,1.968058412,-8.451337205,3.112350996,-8.554721651,-7.867226778,18.79682983,200.9106522,13.15462081,2.4475412433333332,1,1,0.4700235956,0.039999768199999994,263.2177983,3.799693367,-2.673124291,-8.451337205,-9.973304543,1.875,0.1058865229,0.003466365849,1,91.87469194,-1.8316349550000002,0.5179519034594772,False,-0.14017965699999912,0.1798343839282436,1,2,3.799693367,-0.795873328,1.968058412,-2.414379275,3.799693367,-0.795873328,3.112350996,-1.279377577,1.150466513e-07,323.15,0.9866652701,319.8592581,250.61078066180727,20.25357208400129,122.75748575622356,4158.919421621572,234.23845313343207,0.4784613930967468,57.85270756778371,44.641337485318545,59.21366111067112,2.0419959431677737,37.816351437988644,1.745873376458371,72.53921933819271,0.6900656176587543,5.253572084001293,0.45712572538778395,28.33145078537036,11.274331282303416,1.4705946644061323,3.0643961805462756,3.5852438927812407,38.57978342771213,165.88906156721785,21.317127449225776,0.9170950907878523,0.44683501514936325,16.51730776209973,0.26789149471395013,9.448372643761378,0.8597372714027216,1.7608370193354936,0.37055264156542816,6.4577027373968,4.983007700067091,2447.9115054436406,P000190_HL,P000190,HL,production,thermorheo-v2.0-interface-objective-R10,3381,3264,130,states=130 nodes=3381 elems=3264
3.45567316,3.45567316,1.706994265,-8.447607579,2.797439715,-8.549450381,-7.912315369,18.37101303,200.7591385,12.34004576,50.17355805555556,1,2,0.4859788556,0.0400049486,262.4739603,3.45567316,-2.784216347,-8.447607579,-9.933649839,1.875,0.1058865229,0.003466365849,1,91.87469194,-1.7486788949999998,0.4939686671641134,False,-0.13645003099999897,0.17892392337813265,2,1,3.45567316,-0.4915807018,1.706994265,-2.259762402,3.45567316,-0.4915807018,2.797439715,-1.009688329,0.9017017176,320.8791721,0.9017017176,320.8791721,250.61078066180727,20.25357208400129,122.75748575622356,4158.919421621573,234.23845313343207,0.4784613930967468,57.85270756778371,44.641337485318545,59.21366111067112,2.0419959431677737,37.816351437988644,1.745873376458371,72.53921933819271,0.6900656176587543,5.253572084001293,0.45712572538778395,28.33145078537036,11.274331282303416,1.4705946644061323,3.0643961805462756,3.5852438927812407,38.57978342771213,165.88906156721785,21.317127449225776,0.9170950907878523,0.44683501514936325,16.51730776209973,0.26789149471395013,9.448372643761378,0.8597372714027216,1.7608370193354936,0.37055264156542816,6.4577027373968,4.983007700067091,2447.9115054436406,P000190_LH,P000190,LH,production,thermorheo-v2.0-interface-objective-R10,3381,3264,130,states=130 nodes=3381 elems=3264
4.369129346,4.369129346,3.44693091,-3.439147369,4.022994066,-3.51933258,-4.246245997,15.03194181,271.3125715,3.953833335,2.715612638333333,1,1,0.06441337034,0.05038246163,253.1869191,4.369129346,0.6321549591,-3.439147369,-4.296679853,28.125,0.0934336017,0.04994130058,1,178.1249973,-0.9221984360000004,0.78892855693451,False,-0.007226157999999927,0.1243941236025907,1,2,4.369129346,1.602879038,3.44693091,0.9727733923,4.369129346,1.602879038,4.022994066,1.343040109,0.0007838709588,323.15,0.04195714944,320.0009105,240.07371990186584,20.555263654307435,114.12034336046796,4652.271883481471,289.4075258665476,0.6140679234626204,10.386440770257769,77.7807854180471,47.48855382217154,0.35617332664727896,64.01447819371862,5.322224658647219,83.07628009813415,0.6444073112215665,5.555263654307435,0.6729209035470516,29.16119763382376,13.354761342443556,1.7435727172207645,2.2156279831002745,3.612425040436259,27.299935268862292,170.24212694333153,19.087578761076717,0.578116472427346,0.12234176611308797,9.734253087831348,0.22777435831212206,9.53614453467948,0.924589169916114,2.4303662138586155,0.7194210184726181,2.509244197489028,18.79093991902003,1326.5357790313824,P000191_HL,P000191,HL,production,thermorheo-v2.0-interface-objective-R10,3381,3264,121,states=121 nodes=3381 elems=3264
4.378714559,4.378714559,3.440436212,-3.432758932,4.042297425,-3.509739281,-4.240787691,15.01925987,271.3735667,3.914648847,52.80319736111111,1,2,0.06402279746,0.050372382630000004,252.4866171,4.378714559,0.7304612258,-3.432758932,-4.232304343,28.125,0.0934336017,0.04994130058,1,178.1249973,-0.9382783469999998,0.7857183119937643,False,-0.0008377209999999025,0.12451894292453511,2,1,4.378714559,1.577381202,3.440436212,0.9732989364,4.378714559,1.577381202,4.042297425,1.296788453,0.04249320749,321.1207037,0.04249320749,321.1207037,240.07371990186584,20.555263654307435,114.12034336046796,4652.2718834814705,289.40752586654753,0.6140679234626204,10.386440770257769,77.7807854180471,47.48855382217154,0.35617332664727896,64.01447819371862,5.322224658647219,83.07628009813415,0.6444073112215665,5.555263654307435,0.6729209035470516,29.16119763382376,13.354761342443556,1.7435727172207645,2.2156279831002745,3.612425040436259,27.299935268862292,170.24212694333153,19.087578761076717,0.578116472427346,0.12234176611308797,9.734253087831348,0.22777435831212206,9.53614453467948,0.924589169916114,2.4303662138586155,0.7194210184726181,2.509244197489028,18.79093991902003,1326.5357790313824,P000191_LH,P000191,LH,production,thermorheo-v2.0-interface-objective-R10,3381,3264,121,states=121 nodes=3381 elems=3264
7.139274555,7.139274555,5.586859346,-8.865213525,6.419217188,-9.02512436,-9.719878397,27.59157233,236.0806144,14.38329781,4.796502047222223,1,1,0.2519687711,0.04957635911000001,246.1594883,7.139274555,2.422847918,-8.865213525,-10.36278007,24.375,0.09649987052,0.0437235225,1,91.87457589,-1.5524152090000003,0.782552807425964,False,-0.05632836899999916,0.2643734432390527,1,2,7.139274555,2.425808017,5.586859346,0.8997327607,7.139274555,2.425808017,6.419217188,1.84327162,1.333432913e-08,323.15,0.5292184124,321.5530168,232.47953951141432,21.309424077453777,160.92380226521328,3112.200526237497,185.23807338971255,0.2803880992412816,90.03005930802522,44.56695368604069,56.52977943942677,5.680030512597993,67.48190337384914,2.689669489966533,90.67046048858568,0.7312400184424672,6.309424077453775,0.653021187728581,15.850277407549754,21.004922820450744,2.815217371653613,1.005794489094326,3.1254939900336205,94.32531292809992,126.023452470171,34.59672510537224,0.7271415981997811,0.6157383171774142,14.177075404758337,0.2032854641330023,12.531666994762158,1.3352241384394805,1.6025819853237153,0.4700599476383958,7.809481015718443,3.865873036346133,2025.6635704983119,P000192_HL,P000192,HL,production,thermorheo-v2.0-interface-objective-R10,3381,3264,168,states=168 nodes=3381 elems=3264
6.989002912,6.989002912,5.444369486,-8.862787702,6.278340357,-9.022658224,-9.746391224,27.41670361,236.0600321,14.05462314,48.59820813888889,1,2,0.257005661,0.049574307799999995,245.5585755,6.989002912,2.315052095,-8.862787702,-10.36047598,24.375,0.09649987052,0.0437235225,1,91.87457589,-1.5446334259999999,0.7789908738844721,False,-0.053902545999999774,0.26359633534098276,2,1,6.989002912,2.524530834,5.444369486,0.9869280506,6.989002912,2.524530834,6.278340357,1.931521461,0.4913726419,321.982222,0.4913726419,321.982222,232.47953951141432,21.309424077453777,160.92380226521328,3112.200526237497,185.23807338971253,0.2803880992412816,90.03005930802522,44.56695368604069,56.52977943942677,5.680030512597993,67.48190337384914,2.689669489966533,90.67046048858568,0.7312400184424672,6.309424077453775,0.653021187728581,15.850277407549754,21.004922820450744,2.815217371653613,1.005794489094326,3.1254939900336205,94.32531292809992,126.023452470171,34.59672510537224,0.7271415981997811,0.6157383171774142,14.177075404758337,0.2032854641330023,12.531666994762158,1.3352241384394805,1.6025819853237153,0.4700599476383958,7.809481015718443,3.865873036346133,2025.6635704983119,P000192_LH,P000192,LH,production,thermorheo-v2.0-interface-objective-R10,3381,3264,168,states=168 nodes=3381 elems=3264
-0.2569377233,-0.2569377233,-3.0089382,-12.43100694,-0.7962817457,-12.55244408,-15.2417267,24.11580463,224.6131682,9.862343286,1.3617067827777778,1,1,0.459814473,0.0414381608,255.0852905,-0.2569377233,-6.243249286,-12.43100694,-14.17999804,9.375,0.1045281975,0.01725767525,1,178.1249959,-2.7520004766999997,,False,-0.1154387400000001,0.18292213376389943,1,2,-0.2569377233,-6.394877022,-3.0089382,-7.99895144,-0.2569377233,-6.394877022,-0.7962817457,-6.734918988,0.3250943507,323.15,0.4739550549,321.5356732,247.6421367521216,19.748978920534583,136.1441489727737,4023.4783083663983,254.8440205808625,0.34302381879677185,16.031961644831824,37.43887936709362,89.54858318558836,0.5219196747474751,29.251698338710842,4.745713449526807,75.50786324787839,0.48895495840252134,4.748978920534585,0.6559202166428744,30.717296972160913,18.30006277625697,0.3708262352081452,3.007978211545025,3.7530568419538035,42.14576967478098,38.864845842880555,39.85244640225232,0.8543580955656354,0.18914047778416185,11.226026879740564,0.21523307111903,13.294605169051536,1.6889395103570919,2.479961153405447,0.502825519442079,3.8561246840728782,9.005073120170312,1510.1757722538737,P000193_HL,P000193,HL,production,thermorheo-v2.0-interface-objective-R10,3381,3264,143,states=143 nodes=3381 elems=3264
-0.3337656332,-0.3337656332,-3.082687236,-12.42864096,-0.8635228211,-12.54757469,-15.24358269,24.01888938,224.5439625,9.704745282,57.510927833333334,1,2,0.4604181825,0.041433669500000006,254.7844494,-0.3337656332,-6.203124389,-12.42864096,-14.13523055,9.375,0.1045281975,0.01725767525,1,178.1249959,-2.7489216028,,False,-0.11307275999999966,0.1823234340863608,2,1,-0.3337656332,-6.3251479,-3.082687236,-7.93685058,-0.3337656332,-6.3251479,-0.8635228211,-6.683667859,0.4332272426,322.3606669,0.4332272426,322.3606669,247.6421367521216,19.748978920534583,136.1441489727737,4023.4783083663974,254.8440205808625,0.34302381879677185,16.031961644831824,37.43887936709362,89.54858318558836,0.5219196747474751,29.251698338710842,4.745713449526807,75.50786324787839,0.48895495840252134,4.748978920534585,0.6559202166428744,30.717296972160913,18.30006277625697,0.3708262352081452,3.007978211545025,3.7530568419538035,42.14576967478098,38.864845842880555,39.85244640225232,0.8543580955656354,0.18914047778416185,11.226026879740564,0.21523307111903,13.294605169051536,1.6889395103570919,2.479961153405447,0.502825519442079,3.8561246840728782,9.005073120170312,1510.1757722538737,P000193_LH,P000193,LH,production,thermorheo-v2.0-interface-objective-R10,3381,3264,143,states=143 nodes=3381 elems=3264
5.437549024,5.437549024,4.190000364,-5.362737052,5.057921889,-5.47079471,-4.983663799,17.99722363,295.7394784,5.265501056,6.5670479027777775,1,1,2.398137273,0.053866243890000005,246.1587462,5.437549024,1.816592685,-5.362737052,-6.441032655,28.125,0.0934336017,0.04994130058,1,1.874989567,-1.2475486599999996,0.7705678322174885,False,0.04082094900000044,0.22765469474633082,1,2,5.437549024,2.224770888,4.190000364,1.486154354,5.437549024,2.224770888,5.057921889,1.922956589,2.616493906,323.15,2.543894409,321.5479299,232.0182466391549,23.81792194609577,94.2436932198291,2740.5395986871836,194.28916085642078,0.305393304352715,122.75544536648947,809.626370680811,46.23646869480251,8.693538819857167,1376.1054614719583,5.028171511274061,91.13175336084507,0.7449358541634126,8.817921946095769,0.4655038412227722,14.120307956306604,18.47926551470424,0.9189247210153337,0.9099005288192308,3.4887218428821654,36.8887176070782,12.980757692796013,23.640892023614413,0.6249375334329398,0.42453541080708734,8.481903324379642,0.24814187140680805,11.44139502682916,1.2420939489883491,1.6237548530713808,0.6346627400953496,3.675146218316225,24.23921224490903,2886.626426698896,P000194_HL,P000194,HL,production,thermorheo-v2.0-interface-objective-R10,3381,3264,99,states=99 nodes=3381 elems=3264
5.461222906,5.461222906,4.207790502,-5.359929584,5.087098223,-5.467030728,-4.958699437,17.98151402,296.0018008,5.289084636,44.48416847222222,1,2,2.397409871,0.053857407030000005,245.5159503,5.461222906,1.883197528,-5.359929584,-6.428906194,28.125,0.0934336017,0.04994130058,1,1.874989567,-1.2534324039999998,0.7704850313612158,False,0.04362841700000075,0.22657314008881477,2,1,5.461222906,2.189006471,4.207790502,1.460578067,5.461222906,2.189006471,5.087098223,1.877223537,2.545426412,321.9565605,2.545426412,321.9565605,232.0182466391549,23.81792194609577,94.2436932198291,2740.5395986871836,194.28916085642078,0.305393304352715,122.75544536648947,809.626370680811,46.23646869480251,8.693538819857167,1376.1054614719583,5.028171511274061,91.13175336084507,0.7449358541634126,8.817921946095769,0.4655038412227722,14.120307956306604,18.47926551470424,0.9189247210153337,0.9099005288192308,3.4887218428821654,36.8887176070782,12.980757692796013,23.640892023614413,0.6249375334329398,0.42453541080708734,8.481903324379642,0.24814187140680805,11.44139502682916,1.2420939489883491,1.6237548530713808,0.6346627400953496,3.675146218316225,24.23921224490903,2886.626426698896,P000194_LH,P000194,LH,production,thermorheo-v2.0-interface-objective-R10,3381,3264,99,states=99 nodes=3381 elems=3264
2.412929638,2.412929638,2.131603361,-7.872012676,2.120606376,-7.958360803,-9.257457801,20.96192064,210.4203018,7.611914226,13.399083694444444,1,1,0.6374366738,0.04153026978,260.7986478,2.412929638,-1.890968393,-7.872012676,-8.624846756,28.125,0.0934336017,0.04994130058,1,174.3749963,-0.28132627700000024,0.8834088352310254,False,-0.12556161100000018,0.09932628737386326,1,2,2.412929638,-2.203955988,2.131603361,-2.53962515,2.412929638,-2.203955988,2.120606376,-2.412014926,0.2319422466,323.15,0.4601627514,319.3497285,249.87049348955279,20.38326548891834,110.32767450191406,4096.3756370159535,289.5999013084885,0.4865838805108437,457.2214495922296,398.94675715020554,62.02253456892199,15.150234980480429,317.26265445770514,0.40639460070549066,73.27950651044719,0.5587193596361253,5.3832654889183384,0.6283614543152832,30.179165549664013,8.62595571611495,2.6903475303243294,3.0255030418326476,2.6267600300085854,24.658166482139947,75.65503004726723,30.385374686396407,0.5645519428891225,0.05447654689956356,12.870899703616434,0.2723895990087969,9.783856261857869,0.9762685439396201,2.033450096921427,0.5821026135112737,21.225566730317063,18.520283821520856,3382.7469845956934,P000195_HL,P000195,HL,production,thermorheo-v2.0-interface-objective-R10,3381,3264,117,states=117 nodes=3381 elems=3264
2.189326305,2.189326305,1.912412178,-7.850766851,1.906856487,-7.934394464,-9.259529521,20.71105785,210.4298052,7.127256578,60.546815555555554,1,2,0.6488431613,0.04152691240999999,260.2331566,2.189326305,-1.932015476,-7.850766851,-8.530757064,28.125,0.0934336017,0.04994130058,1,174.3749963,-0.27691412699999973,0.8735162838140751,False,-0.1043157860000008,0.09743042911833905,2,1,2.189326305,-2.132520026,1.912412178,-2.466399055,2.189326305,-2.132520026,1.906856487,-2.360504726,0.7227881956,321.0267148,0.7227881956,321.0267148,249.87049348955279,20.38326548891834,110.32767450191406,4096.375637015954,289.5999013084885,0.4865838805108437,457.2214495922296,398.94675715020554,62.02253456892199,15.150234980480429,317.26265445770514,0.40639460070549066,73.27950651044719,0.5587193596361253,5.3832654889183384,0.6283614543152832,30.179165549664013,8.62595571611495,2.6903475303243294,3.0255030418326476,2.6267600300085854,24.658166482139947,75.65503004726723,30.385374686396407,0.5645519428891225,0.05447654689956356,12.870899703616434,0.2723895990087969,9.783856261857869,0.9762685439396201,2.033450096921427,0.5821026135112737,21.225566730317063,18.520283821520856,3382.7469845956934,P000195_LH,P000195,LH,production,thermorheo-v2.0-interface-objective-R10,3381,3264,117,states=117 nodes=3381 elems=3264
0.3738113328,0.3738113328,-1.085628037,-9.713590005,-0.1977821916,-9.883538585,-13.2009256,23.30588143,208.0403233,7.369185054,3.132858463888889,1,1,0.1309735919,0.04558737348000001,256.8721022,0.3738113328,-4.538751208,-9.713590005,-12.06567352,13.125,0.1031756887,0.02405719646,1,91.87457131,-1.4594393698,-2.9042138152104733,False,-0.04673307500000057,0.24021624690015417,1,2,0.3738113328,-4.595540589,-1.085628037,-5.80271364,0.3738113328,-4.595540589,-0.1977821916,-4.982111486,3.158610672e-08,323.15,0.5544285709,318.3934418,245.2547143319885,24.24026447505251,121.11918845717221,2818.0329715048892,296.7976488783092,0.3278270454097363,28.41017543621543,68.81230295728948,54.65890982815517,1.5855070246636633,92.16618036056764,1.984557776105651,77.89528566801147,0.5213309032931932,9.24026447505251,0.5553884110980889,17.918668914281305,4.59129197326598,2.1373768564650852,3.3269152806747857,2.9313844658347614,63.89920544939436,151.9117443340989,39.1620992577068,0.863524255130146,0.6224071051698846,8.694412102061642,0.2064095121608563,12.921962341351081,1.283342601571802,1.8009178215912252,0.5201922654106463,2.3135088474348127,5.603551166428875,2551.730286735642,P000196_HL,P000196,HL,production,thermorheo-v2.0-interface-objective-R10,3381,3264,126,states=126 nodes=3381 elems=3264
0.2701723821,0.2701723821,-1.171063628,-9.712062607,-0.2811928366,-9.881406003,-13.19759027,23.17348274,208.058473,7.105722001,34.03849594444444,1,2,0.1323957126,0.04559057670000001,256.2442965,0.2701723821,-4.549076447,-9.712062607,-12.04948946,16.875,0.1013813657,0.03075370105,1,91.87457131,-1.4412360101,-4.334505321741396,False,-0.04520567700000022,0.23911877569456572,2,1,0.2701723821,-4.525272665,-1.171063628,-5.78810114,0.2701723821,-4.525272665,-0.2811928366,-4.944684448,0.3420126115,320.6702592,0.3420126115,320.6702592,245.2547143319885,24.24026447505251,121.11918845717221,2818.0329715048892,296.7976488783092,0.3278270454097363,28.41017543621543,68.81230295728948,54.65890982815517,1.5855070246636633,92.16618036056764,1.984557776105651,77.89528566801147,0.5213309032931932,9.24026447505251,0.5553884110980889,17.918668914281305,4.59129197326598,2.1373768564650852,3.3269152806747857,2.9313844658347614,63.89920544939436,151.9117443340989,39.1620992577068,0.863524255130146,0.6224071051698846,8.694412102061642,0.2064095121608563,12.921962341351081,1.283342601571802,1.8009178215912252,0.5201922654106463,2.3135088474348127,5.603551166428875,2551.730286735642,P000196_LH,P000196,LH,production,thermorheo-v2.0-interface-objective-R10,3381,3264,126,states=126 nodes=3381 elems=3264
0.787960641,0.787960641,0.3911415469,-5.455905423,0.5298124675,-5.56627712,-10.09496669,17.76514889,186.6443973,5.571085995,3.5607407416666668,1,1,0.1670361749,0.03525508132,281.4791333,0.787960641,-2.112210641,-5.455905423,-6.525793206,31.875,0.08996723585,0.05594522235,1,178.1249952,-0.39681909409999994,0.4963973154846957,False,-0.049691818999999526,0.14067973536854694,1,2,0.787960641,-1.34395889,0.3911415469,-1.733926301,0.787960641,-1.34395889,0.5298124675,-1.559498619,0.004796249337,323.15,0.2792171861,322.4677985,275.3952356664475,23.904975372132313,92.86176174568895,1163.6402108939278,177.18145820472296,0.3176370588416584,91.65921635084015,16.70437477854913,29.581830488246474,9.754835042919176,42.66632693069566,1.4616141147918897,47.75476433355247,0.6719120471090181,8.904975372132313,0.730585433020662,9.39628563143911,16.939031557119186,0.7418550513354127,3.459995866012417,2.6942411621604196,43.33797476667503,22.443738130791495,29.40974944363387,0.5619907583764192,0.22269762431003273,8.704421118799514,0.2622498254465353,10.922971260849108,1.6072666469586,2.185373153211896,0.4440794297688828,11.58926380478409,2.112077908909738,3853.84349493688,P000197_HL,P000197,HL,production,thermorheo-v2.0-interface-objective-R10,3381,3264,98,states=98 nodes=3381 elems=3264
0.66623277,0.66623277,0.2752722523,-5.453182148,0.4102286433,-5.563718199,-10.11944949,17.6446655,186.6324909,5.386778578,36.79215,1,2,0.1772373456,0.03525959935,281.2303219,0.66623277,-2.206656133,-5.453182148,-6.525585602,31.875,0.08996723585,0.05594522235,1,178.1249952,-0.3909605177,0.4131772928251488,False,-0.04696854399999939,0.14048942385107632,2,1,0.66623277,-1.252049892,0.2752722523,-1.651626298,0.66623277,-1.252049892,0.4102286433,-1.469010216,0.261159665,322.6916206,0.261159665,322.6916206,275.3952356664475,23.904975372132313,92.86176174568895,1163.6402108939283,177.18145820472296,0.3176370588416584,91.65921635084015,16.70437477854913,29.581830488246474,9.754835042919176,42.66632693069566,1.4616141147918897,47.75476433355247,0.6719120471090181,8.904975372132313,0.730585433020662,9.39628563143911,16.939031557119186,0.7418550513354127,3.459995866012417,2.6942411621604196,43.33797476667503,22.443738130791495,29.40974944363387,0.5619907583764192,0.22269762431003273,8.704421118799514,0.2622498254465353,10.922971260849108,1.6072666469586,2.185373153211896,0.4440794297688828,11.58926380478409,2.112077908909738,3853.84349493688,P000197_LH,P000197,LH,production,thermorheo-v2.0-interface-objective-R10,3381,3264,98,states=98 nodes=3381 elems=3264
-4.266373841,-4.266373841,-5.863571334,-19.18938731,-4.627899453,-19.24612674,-15.81225057,23.11605977,211.7254595,4.728440086,2.9546373916666666,1,1,0.1130735601,0.03854941996000001,263.5637649,-4.266373841,-8.94383843,-19.18938731,-19.5727256,1.875,0.1058865229,0.003466365849,1,91.8746695,-1.5971974930000004,,False,-0.024257269999999664,0.02368637765373713,1,2,-4.266373841,-10.31074159,-5.863571334,-11.15848364,-4.266373841,-10.31074159,-4.627899453,-10.53723234,4.326396199e-25,323.15,0.1483340578,321.9607911,253.4330309221535,20.325306564535417,185.40433305953493,3523.5920339559184,216.12598181701318,0.3814500007903412,13.055830548640653,14.135409019044248,70.64165504143556,0.48451365247765094,12.589866807906585,14.219103617064569,69.71696907784647,0.64069099130417,5.325306564535417,0.38638962799218884,26.946259371386603,32.93826876615996,1.9566277856767453,2.698178877722088,0.3643701433563932,88.5351919370913,161.11213416063913,32.61759701998709,0.8413354473754784,0.4794701128144086,15.675287497249098,0.2670763015406537,12.08514670185166,1.137821867285389,1.857883172212846,0.793628097314971,2.316479973226317,2.508028254808189,2031.283777889274,P000198_HL,P000198,HL,production,thermorheo-v2.0-interface-objective-R10,3381,3264,189,states=189 nodes=3381 elems=3264
-4.310580238,-4.310580238,-5.913432356,-19.1867236,-4.678271404,-19.24258619,-15.80916134,23.05254183,211.7239001,4.597874589,67.85834233333333,1,2,0.1228075691,0.03854910266999999,263.1847695,-4.310580238,-8.913212286,-19.1867236,-19.56199601,1.875,0.1058865229,0.003466365849,1,91.8746695,-1.6028521180000004,,False,-0.021593559999999457,0.023921866020994942,2,1,-4.310580238,-10.26466182,-5.913432356,-11.12740705,-4.310580238,-10.26466182,-4.678271404,-10.50122919,0.1388016765,322.3880846,0.1388016765,322.3880846,253.4330309221535,20.325306564535417,185.40433305953493,3523.5920339559184,216.1259818170132,0.3814500007903412,13.055830548640653,14.135409019044248,70.64165504143556,0.48451365247765094,12.589866807906585,14.219103617064569,69.71696907784647,0.64069099130417,5.325306564535417,0.38638962799218884,26.946259371386603,32.93826876615996,1.9566277856767453,2.698178877722088,0.3643701433563932,88.5351919370913,161.11213416063913,32.61759701998709,0.8413354473754784,0.4794701128144086,15.675287497249098,0.2670763015406537,12.08514670185166,1.137821867285389,1.857883172212846,0.793628097314971,2.316479973226317,2.508028254808189,2031.283777889274,P000198_LH,P000198,LH,production,thermorheo-v2.0-interface-objective-R10,3381,3264,189,states=189 nodes=3381 elems=3264
-5.785230943,-5.785230943,-6.4191059,-13.89923012,-6.049367949,-14.00989686,-14.8683634,17.26209693,228.8661869,8.197742235,5.369605480555556,1,1,0.2530767705,0.05407490969999999,244.1799222,-5.785230943,-9.807759093,-13.89923012,-15.79620348,1.875,0.1058865229,0.003466365849,1,178.1249986,-0.6338749569999997,,False,-0.05121350000000113,0.021905788837819823,1,2,-5.785230943,-9.769549374,-6.4191059,-10.61693178,-5.785230943,-9.769549374,-6.049367949,-9.973765982,2.972273454e-09,323.15,0.3132231665,319.884519,234.95966207754304,19.330600311083558,113.15942076695251,4817.706921624875,201.59936691322073,0.33681480023852767,133.90567850850607,107.73705133870354,96.48971940576209,4.120280511005342,79.56171141749044,3.7158093684495666,88.19033792245692,0.5412297715791119,4.330600311083557,0.3594864684722257,32.49916556672334,11.15625915214968,1.430312684046419,2.056467754756934,0.34793094970007943,29.335407704349276,80.234826611526,38.44668869683218,0.9279942740108714,0.06298495700765266,10.112467106059636,0.2559245639849101,8.46961916631901,1.5316744787312266,2.208330892869811,0.48911372405990283,3.0023766146013737,2.415634699501437,3269.6458667066718,P000199_HL,P000199,HL,production,thermorheo-v2.0-interface-objective-R10,3381,3264,121,states=121 nodes=3381 elems=3264
-5.855623223,-5.855623223,-6.492770788,-13.89052861,-6.115138602,-13.99925979,-14.90223593,17.18776981,229.028479,7.958177487,52.85974158333333,1,2,0.2539679435,0.0540752484,243.7006425,-5.855623223,-9.843932794,-13.89052861,-15.74554381,1.875,0.1058865229,0.003466365849,1,178.1249986,-0.6371475649999994,,False,-0.042511990000001276,0.02232796850210622,2,1,-5.855623223,-9.765436337,-6.492770788,-10.60365387,-5.855623223,-9.765436337,-6.115138602,-9.982307741,0.3647723979,321.3826245,0.3647723979,321.3826245,234.95966207754304,19.330600311083558,113.15942076695251,4817.706921624873,201.5993669132207,0.33681480023852767,133.90567850850607,107.73705133870354,96.48971940576209,4.120280511005342,79.56171141749044,3.7158093684495666,88.19033792245692,0.5412297715791119,4.330600311083557,0.3594864684722257,32.49916556672334,11.15625915214968,1.430312684046419,2.056467754756934,0.34793094970007943,29.335407704349276,80.234826611526,38.44668869683218,0.9279942740108714,0.06298495700765266,10.112467106059636,0.2559245639849101,8.46961916631901,1.5316744787312266,2.208330892869811,0.48911372405990283,3.0023766146013737,2.415634699501437,3269.6458667066718,P000199_LH,P000199,LH,production,thermorheo-v2.0-interface-objective-R10,3381,3264,121,states=121 nodes=3381 elems=3264
3.938831601,3.938831601,3.317807971,-4.178796556,3.558905718,-4.292641356,-7.099329965,18.21565031,237.5028871,5.715800443,7.732320411111112,1,1,0.1727773046,0.04541418530000001,268.9275546,3.938831601,-0.317682843,-4.178796556,-5.484151765,24.375,0.09649987052,0.0437235225,1,178.1249923,-0.6210236299999998,0.8423330335213283,False,-0.0054937370000001096,0.16768047681942574,1,2,3.938831601,-0.7377000327,3.317807971,-1.347310425,3.938831601,-0.7377000327,3.558905718,-0.9743842937,0.1816939352,323.15,0.4127682199,318.9992998,255.8649744649701,24.400641165780822,96.65790721641048,1773.9990075000685,233.90897726434875,0.5257261579773285,173.59787931534973,321.6787209758701,23.85442033931209,13.84254555845541,615.6092276503409,0.5249848260191561,67.28502553502987,0.38924172230725995,9.400641165780822,0.5987374790244591,12.540892755762783,4.2426997917476665,2.9089001212369485,3.1366719007714208,3.6925553346900952,47.8571671997403,59.80754836749719,21.369392346519156,0.6772220047760609,0.367732633360316,10.716620637921153,0.20741745104942405,9.873663693219402,0.854344932663571,1.9226460458166772,0.5659227740043844,8.081566516729866,14.975228907379948,3769.054548066932,P000200_HL,P000200,HL,production,thermorheo-v2.0-interface-objective-R10,3381,3264,102,states=102 nodes=3381 elems=3264
3.728782393,3.728782393,3.113536538,-4.176582701,3.360997407,-4.289526815,-7.116015675,17.98479569,237.6365708,5.419564562,34.254040305555556,1,2,0.1731559173,0.04527333896,268.4488,3.728782393,-0.3913560461,-4.176582701,-5.471229839,24.375,0.09649987052,0.0437235225,1,178.1249923,-0.615245855,0.835000868874785,False,-0.0032798820000001783,0.1664110099005721,2,1,3.728782393,-0.6552394167,3.113536538,-1.290386712,3.728782393,-0.6552394167,3.360997407,-0.9166752874,0.5223511495,321.5343743,0.5223511495,321.5343743,255.8649744649701,24.400641165780822,96.65790721641048,1773.9990075000685,233.90897726434878,0.5257261579773285,173.59787931534973,321.6787209758701,23.85442033931209,13.84254555845541,615.6092276503409,0.5249848260191561,67.28502553502987,0.38924172230725995,9.400641165780822,0.5987374790244591,12.540892755762783,4.2426997917476665,2.9089001212369485,3.1366719007714208,3.6925553346900952,47.8571671997403,59.80754836749719,21.369392346519156,0.6772220047760609,0.367732633360316,10.716620637921153,0.20741745104942405,9.873663693219402,0.854344932663571,1.9226460458166772,0.5659227740043844,8.081566516729866,14.975228907379948,3769.054548066932,P000200_LH,P000200,LH,production,thermorheo-v2.0-interface-objective-R10,3381,3264,102,states=102 nodes=3381 elems=3264
0.2727725877,0.2727725877,-0.1086838335,-6.818155142,-0.06541294597,-6.93146298,-9.833029954,16.96233213,194.0535272,8.690440866,6.037683405555556,1,1,0.4041617411,0.03949638281000001,271.3144363,0.2727725877,-3.595063473,-6.818155142,-7.929542217,31.875,0.08996723585,0.05594522235,1,178.1249932,-0.3814564212,-0.3984411865444938,False,-0.033071865000000145,0.08402718387582517,1,2,0.2727725877,-3.704931646,-0.1086838335,-4.171797489,0.2727725877,-3.704931646,-0.06541294597,-3.938343181,0.366128842,323.15,0.5647984382,321.5987484,256.62787065704845,20.297592405224304,107.66505049371516,1568.9338346373895,136.38135718266346,0.6385595926143184,174.13681419141577,172.5957771544595,19.536469662922563,13.958638953190157,332.0426618802535,1.0656955408326343,66.52212934295153,0.407913170872926,5.297592405224303,0.7584086802501346,12.475200109077822,17.93061726535313,2.199160294869472,2.131489331453064,2.0911484178920476,51.940436921777234,87.32530959926294,32.14155979398682,0.6084251925797349,0.3204635961796907,11.573020224746747,0.26556965216551126,8.418417370343235,0.7091044639931798,1.9382873335725623,0.3506819971451142,16.825271926486465,16.676375397536102,2913.352105740414,P000201_HL,P000201,HL,production,thermorheo-v2.0-interface-objective-R10,3381,3264,115,states=115 nodes=3381 elems=3264
0.1456206702,0.1456206702,-0.2295663062,-6.81436335,-0.1862803409,-6.927779697,-9.832711746,16.8215392,194.0747655,8.488285865,42.865298833333334,1,2,0.4300807902,0.039494527189999996,270.9840541,0.1456206702,-3.653235972,-6.81436335,-7.918518103,31.875,0.08996723585,0.05594522235,1,178.1249932,-0.3751869764,,False,-0.029280072999999796,0.08344207836700232,2,1,0.1456206702,-3.631833172,-0.2295663062,-4.11338846,0.1456206702,-3.631833172,-0.1862803409,-3.87084811,0.5431638072,322.517224,0.5431638072,322.517224,256.62787065704845,20.297592405224304,107.66505049371516,1568.9338346373893,136.38135718266346,0.6385595926143184,174.13681419141577,172.5957771544595,19.536469662922563,13.958638953190157,332.0426618802535,1.0656955408326343,66.52212934295153,0.407913170872926,5.297592405224303,0.7584086802501346,12.475200109077822,17.93061726535313,2.199160294869472,2.131489331453064,2.0911484178920476,51.940436921777234,87.32530959926294,32.14155979398682,0.6084251925797349,0.3204635961796907,11.573020224746747,0.26556965216551126,8.418417370343235,0.7091044639931798,1.9382873335725623,0.3506819971451142,16.825271926486465,16.676375397536102,2913.352105740414,P000201_LH,P000201,LH,production,thermorheo-v2.0-interface-objective-R10,3381,3264,115,states=115 nodes=3381 elems=3264
0.00291133753,0.00291133753,-2.079226814,-15.4054933,-0.6101416893,-15.46568736,-13.47971025,22.83228534,215.1596189,7.567895521,3.0223673250000003,1,1,0.5604549982,0.04762836595999999,253.8413575,0.00291133753,-7.902548079,-15.4054933,-16.20431436,1.875,0.1058865229,0.003466365849,1,1.874998484,-2.08213815153,,False,-0.03498878999999988,0.12025984363361034,1,2,0.00291133753,-5.556892976,-2.079226814,-7.30440638,0.00291133753,-5.556892976,-0.6101416893,-5.981887955,0.5768176351,323.15,0.6265421924,321.0939331,239.65644079967274,22.42430875108937,133.57192090554264,4344.436409775843,406.6826529725912,0.5832976578420511,22.875556731211834,37.45300932103347,48.77616358216262,0.8040328656914916,31.593670851724454,4.997816420257624,83.49355920032724,0.6273072081536326,7.424308751089372,0.7931455269424272,28.451021975996206,24.977586158612105,2.0412976027426746,2.1528419609362626,0.7010288176116068,41.90195403235702,21.528596719091638,33.86610929455479,0.8641859887125392,0.06608047334166772,11.073028381575945,0.26851559435736283,13.187398151479705,0.8357432065630572,2.086746014036018,0.6621671763903122,4.9976998069338014,8.182484896528376,1410.8977441045322,P000202_HL,P000202,HL,production,thermorheo-v2.0-interface-objective-R10,3381,3264,140,states=140 nodes=3381 elems=3264
-0.02588758441,-0.02588758441,-2.115455704,-15.39808578,-0.6242526318,-15.45488828,-13.45268141,22.76130124,215.0405501,7.488818363,61.346143833333336,1,2,0.5592725602,0.04762674875999999,253.2720319,-0.02588758441,-7.782856645,-15.39808578,-16.12693414,1.875,0.1058865229,0.003466365849,1,1.874998484,-2.08956811959,,False,-0.027581270000000657,0.12064203837565932,2,1,-0.02588758441,-5.550642092,-2.115455704,-7.285753106,-0.02588758441,-5.550642092,-0.6242526318,-5.997834276,0.6012494802,321.8602144,0.6012494802,321.8602144,239.65644079967274,22.42430875108937,133.57192090554264,4344.436409775843,406.68265297259114,0.5832976578420511,22.875556731211834,37.45300932103347,48.77616358216262,0.8040328656914916,31.593670851724454,4.997816420257624,83.49355920032724,0.6273072081536326,7.424308751089372,0.7931455269424272,28.451021975996206,24.977586158612105,2.0412976027426746,2.1528419609362626,0.7010288176116068,41.90195403235702,21.528596719091638,33.86610929455479,0.8641859887125392,0.06608047334166772,11.073028381575945,0.26851559435736283,13.187398151479705,0.8357432065630572,2.086746014036018,0.6621671763903122,4.9976998069338014,8.182484896528376,1410.8977441045322,P000202_LH,P000202,LH,production,thermorheo-v2.0-interface-objective-R10,3381,3264,140,states=140 nodes=3381 elems=3264
-0.6013124427,-0.6013124427,-1.036204426,-6.392662078,-0.9375096083,-6.52235719,-11.73087422,17.39619167,143.1160838,5.558437563,3.5150935277777777,1,1,0.2018221031,0.02741899113,285.76312,-0.6013124427,-3.277299057,-6.392662078,-7.722538561,31.875,0.08996723585,0.05594522235,1,178.1249882,-0.4348919833000001,,False,-0.06852716800000014,0.06859487352019679,1,2,-0.6013124427,-3.031840145,-1.036204426,-3.314940662,-0.6013124427,-3.031840145,-0.9375096083,-3.286700178,0.02354961317,323.15,0.2539056824,322.51801,276.12767774634364,20.11012025713844,95.54407271125761,932.9319901128398,79.70849076159391,0.582546425394755,74.2534972666881,22.867062539165705,14.222510609139732,8.96210659763018,66.23915950451597,1.123146940869236,47.022322253656355,0.60602683842391,5.110120257138442,0.563496881415626,8.285272715493331,23.511194717916673,0.7533359556408906,2.62903772032873,2.1252191718516835,44.44714686671166,53.898763625550295,28.86317938860616,0.6320545206366344,0.5912408697954146,11.779072261266702,0.24746605435282892,9.333511785099494,0.9820083136146255,2.448793767056922,0.4467811794786349,20.933320354076443,6.446612796833278,2402.6620408712797,P000203_HL,P000203,HL,production,thermorheo-v2.0-interface-objective-R10,3381,3264,102,states=102 nodes=3381 elems=3264
-0.6924285585,-0.6924285585,-1.121162995,-6.39497249,-1.023024932,-6.524836958,-11.73730484,17.29888708,143.0736081,5.389855109,40.81915380555556,1,2,0.2223650742,0.02741859091,285.5156973,-0.6924285585,-3.335426378,-6.39497249,-7.726448213,31.875,0.08996723585,0.05594522235,1,178.1249882,-0.4287344365,,False,-0.07083758000000007,0.06827738630151467,2,1,-0.6924285585,-2.938917327,-1.121162995,-3.232708066,-0.6924285585,-2.938917327,-1.023024932,-3.19887105,0.2170364339,322.7669971,0.2170364339,322.7669971,276.12767774634364,20.11012025713844,95.54407271125761,932.9319901128398,79.70849076159392,0.582546425394755,74.2534972666881,22.867062539165705,14.222510609139732,8.96210659763018,66.23915950451597,1.123146940869236,47.022322253656355,0.60602683842391,5.110120257138442,0.563496881415626,8.285272715493331,23.511194717916673,0.7533359556408906,2.62903772032873,2.1252191718516835,44.44714686671166,53.898763625550295,28.86317938860616,0.6320545206366344,0.5912408697954146,11.779072261266702,0.24746605435282892,9.333511785099494,0.9820083136146255,2.448793767056922,0.4467811794786349,20.933320354076443,6.446612796833278,2402.6620408712797,P000203_LH,P000203,LH,production,thermorheo-v2.0-interface-objective-R10,3381,3264,102,states=102 nodes=3381 elems=3264
-1.278155332,-1.278155332,-3.145889541,-10.98186713,-1.719002026,-11.05946892,-12.75226317,22.31332952,193.2473731,6.074199513,1.883731683888889,1,1,0.1268399136,0.03661978734999999,274.0857311,-1.278155332,-6.945989189,-10.98186713,-11.87279379,24.375,0.09649987052,0.0437235225,1,1.874998369,-1.8677342089999998,,False,-0.04262200999999877,0.06784598586976945,1,2,-1.278155332,-6.932033608,-3.145889541,-8.004797785,-1.278155332,-6.932033608,-1.719002026,-7.17865781,0.01018991263,323.15,0.09826778201,322.1610157,262.9601082381508,23.360067687685405,145.85444477627797,1994.3783306909766,291.64668363340775,0.7421205076374838,18.075011674180722,25.656699811413425,26.70562137593435,0.9120139180862517,31.069546499174443,12.14041919751621,60.189891761849175,0.4041249912761271,8.360067687685405,0.5779447237295784,19.818789292282837,32.44362883473511,1.8837316837901827,2.695301329357121,0.2844151025942508,64.04634112549411,29.307663139800724,30.998523937212006,0.645126846521075,0.07105524441678847,16.690642570562694,0.26724432958048455,8.911895023237138,0.803335713167079,2.5519843830344118,0.6159484986650099,2.672364792920223,3.79330661105379,2698.732947990504,P000204_HL,P000204,HL,production,thermorheo-v2.0-interface-objective-R10,3381,3264,151,states=151 nodes=3381 elems=3264
-1.325186315,-1.325186315,-3.190673838,-10.97774337,-1.762531379,-11.05439274,-12.74781621,22.26524936,193.2473731,5.984467926,59.009597916666664,1,2,0.1357179452,0.03653150314999999,273.8650732,-1.325186315,-6.930819322,-10.97774337,-11.84539536,24.375,0.09649987052,0.0437235225,1,1.874998369,-1.8654875229999999,,False,-0.038498249999999956,0.06764408948374502,2,1,-1.325186315,-6.910063063,-3.190673838,-7.98154738,-1.325186315,-6.910063063,-1.762531379,-7.162060914,0.0967632623,322.7503267,0.0967632623,322.7503267,262.9601082381508,23.360067687685405,145.85444477627797,1994.378330690977,291.6466836334078,0.7421205076374838,18.075011674180722,25.656699811413425,26.70562137593435,0.9120139180862517,31.069546499174443,12.14041919751621,60.189891761849175,0.4041249912761271,8.360067687685405,0.5779447237295784,19.818789292282837,32.44362883473511,1.8837316837901827,2.695301329357121,0.2844151025942508,64.04634112549411,29.307663139800724,30.998523937212006,0.645126846521075,0.07105524441678847,16.690642570562694,0.26724432958048455,8.911895023237138,0.803335713167079,2.5519843830344118,0.6159484986650099,2.672364792920223,3.79330661105379,2698.732947990504,P000204_LH,P000204,LH,production,thermorheo-v2.0-interface-objective-R10,3381,3264,151,states=151 nodes=3381 elems=3264
0.7658545294,0.7658545294,-0.03834722354,-10.78455008,0.4112383299,-10.8945566,-10.94634858,23.32827754,234.4849805,9.39282898,11.588512377777779,1,1,0.2181548733,0.050485685959999985,243.3662838,0.7658545294,-3.077532068,-10.78455008,-11.9401359,24.375,0.09649987052,0.0437235225,1,178.1249938,-0.80420175294,-0.050071158513670604,False,-0.05259430999999992,0.15765740869794204,1,2,0.7658545294,-6.783671298,-0.03834722354,-7.445966117,0.7658545294,-6.783671298,0.4112383299,-7.010691805,3.33436895e-07,323.15,0.2993461701,321.9138911,233.22415735655574,22.558963505125558,172.99997113000194,4174.025052966254,320.8418351317308,0.36473137973428355,602.6552044845008,103.59369485190884,79.36904274367416,20.818270132549216,85.88558794114427,2.223784353813206,89.92584264344424,0.3570026138066322,7.558963505125557,0.3510361770646981,28.9483804680896,33.93218835554858,2.604532232558493,2.3322804202121845,3.2441863860242894,64.8090237606842,63.49976648170126,33.59318685960241,0.7175900908533798,0.289268137982261,14.871601705085265,0.2263165458113595,8.776079787436162,1.4729333840386143,2.299655281214657,0.5530344523178994,15.258758475102944,2.6229113388988337,3080.9972559127323,P000205_HL,P000205,HL,production,thermorheo-v2.0-interface-objective-R10,3381,3264,178,states=178 nodes=3381 elems=3264
0.6540865731,0.6540865731,-0.1463575634,-10.76813856,0.3023524317,-10.87771083,-10.95696689,23.20394531,234.4331769,9.14413507,82.65008025,1,2,0.2439223154,0.050485677160000006,243.1472131,0.6540865731,-3.159478084,-10.76813856,-11.9183388,24.375,0.09649987052,0.0437235225,1,178.1249938,-0.8004441364999999,-0.22375870323457037,False,-0.0361827899999998,0.15702502957293807,2,1,0.6540865731,-6.75560419,-0.1463575634,-7.422435211,0.6540865731,-6.75560419,0.3023524317,-6.987782866,0.3063407122,322.7087059,0.3063407122,322.7087059,233.22415735655574,22.558963505125558,172.99997113000194,4174.025052966254,320.8418351317309,0.36473137973428355,602.6552044845008,103.59369485190884,79.36904274367416,20.818270132549216,85.88558794114427,2.223784353813206,89.92584264344424,0.3570026138066322,7.558963505125557,0.3510361770646981,28.9483804680896,33.93218835554858,2.604532232558493,2.3322804202121845,3.2441863860242894,64.8090237606842,63.49976648170126,33.59318685960241,0.7175900908533798,0.289268137982261,14.871601705085265,0.2263165458113595,8.776079787436162,1.4729333840386143,2.299655281214657,0.5530344523178994,15.258758475102944,2.6229113388988337,3080.9972559127323,P000205_LH,P000205,LH,production,thermorheo-v2.0-interface-objective-R10,3381,3264,178,states=178 nodes=3381 elems=3264
-1.157082189,-1.157082189,-1.725025817,-9.144683584,-1.51613332,-9.291424651,-14.74016895,26.82745372,267.330707,4.18991813,7.063259016666667,1,1,0.2057440714,0.03653797257000001,269.0066643,-1.157082189,-5.061590574,-9.144683584,-10.57557867,31.875,0.08996723585,0.05594522235,1,178.1249943,-0.5679436279999999,,False,-0.05182203399999885,0.10612567843567579,1,2,-1.157082189,-4.529125273,-1.725025817,-4.969253368,-1.157082189,-4.529125273,-1.51613332,-4.796031249,0.007527940307,323.15,0.4061218793,319.0233028,259.57448086708223,21.416389265685197,102.85191014570266,3032.6742211734213,289.6026385531724,0.3869758415588601,124.21799667372845,66.32675161304009,66.39820812072529,4.834419224128931,61.95263134007801,0.44604200560249324,63.57551913291774,0.5976299894056879,6.416389265685196,0.6090171775078059,25.694502465518003,5.997580937143774,2.1220085422653545,2.5913459108622856,1.0221471135109144,33.99432114424579,52.485004346031786,39.12510159852312,0.6261008810539042,0.2680979751291262,13.360288296059558,0.18502629606969856,10.179172459130836,1.0534434581140164,1.745024741329428,0.7093570668364424,13.446224485163711,7.179671347487225,2933.4727763948817,P000206_HL,P000206,HL,production,thermorheo-v2.0-interface-objective-R10,3381,3264,109,states=109 nodes=3381 elems=3264
-1.359972189,-1.359972189,-1.90326448,-9.141856277,-1.703409125,-9.287298198,-14.74097572,26.58498204,267.330707,3.696040682,44.490843972222216,1,2,0.2359169157,0.03653667554000001,268.4423972,-1.359972189,-5.094290934,-9.141856277,-10.55163161,31.875,0.08996723585,0.05594522235,1,91.87481497,-0.543292291,,False,-0.04899472700000018,0.10501333024293097,2,1,-1.359972189,-4.406980818,-1.90326448,-4.88221561,-1.359972189,-4.406980818,-1.703409125,-4.702092151,0.5282995642,320.683762,0.5282995642,320.683762,259.57448086708223,21.416389265685197,102.85191014570266,3032.6742211734213,289.60263855317237,0.3869758415588601,124.21799667372845,66.32675161304009,66.39820812072529,4.834419224128931,61.95263134007801,0.44604200560249324,63.57551913291774,0.5976299894056879,6.416389265685196,0.6090171775078059,25.694502465518003,5.997580937143774,2.1220085422653545,2.5913459108622856,1.0221471135109144,33.99432114424579,52.485004346031786,39.12510159852312,0.6261008810539042,0.2680979751291262,13.360288296059558,0.18502629606969856,10.179172459130836,1.0534434581140164,1.745024741329428,0.7093570668364424,13.446224485163711,7.179671347487225,2933.4727763948817,P000206_LH,P000206,LH,production,thermorheo-v2.0-interface-objective-R10,3381,3264,109,states=109 nodes=3381 elems=3264
9.962565294,9.962565294,8.904441653,-6.700438866,9.375098119,-6.815784507,-7.925539625,27.40496145,228.0793685,15.44647898,6.145406533333333,1,1,0.210231339,0.044154068989999996,255.634525,9.962565294,1.06922602,-6.700438866,-8.293593949,1.875,0.1058865229,0.003466365849,1,1.874997908,-1.058123641,0.8937900420449681,False,-0.06834436399999966,0.23688128247520157,1,2,9.962565294,-0.5200428838,8.904441653,-2.382453746,9.962565294,-0.5200428838,9.375098119,-0.8799241382,0.008564980985,323.15,0.3805838266,320.6835357,243.46512116677033,23.825812558706808,178.106533553084,3845.752293859143,423.05513224656016,0.5218393082601673,376.23512211648705,247.4269300692536,58.19462615850804,12.3890972694636,195.5413170233692,2.788521364596298,79.68487883322965,0.3640160822220417,8.825812558706808,0.4595052520988133,30.368243459014877,18.804402302119843,1.2473027491734197,3.701270459845822,1.3782433171034854,85.91201128068896,45.954095026589115,28.656593880934327,0.7843773029219424,0.09074925085879262,14.052322632440331,0.18773661576645162,13.589329717459785,0.9471933590085577,2.115835693356883,0.39894528355326486,6.743503041025547,4.434791324019535,3970.7049823287803,P000207_HL,P000207,HL,production,thermorheo-v2.0-interface-objective-R10,3381,3264,184,states=184 nodes=3381 elems=3264
9.757255823,9.757255823,8.699122044,-6.691615545,9.173968568,-6.806444823,-7.960719329,27.18826852,228.10109,15.09924438,61.644868833333334,1,2,0.2183452212,0.04415232912,255.2972918,9.757255823,0.9527535402,-6.691615545,-8.271346733,1.875,0.1058865229,0.003466365849,1,91.8749373,-1.0581337790000003,0.891554162543761,False,-0.05952104300000016,0.23632133305168992,2,1,9.757255823,-0.4908028424,8.699122044,-2.357809619,9.757255823,-0.4908028424,9.173968568,-0.8647561422,0.3796072731,322.2521673,0.3796072731,322.2521673,243.46512116677033,23.825812558706808,178.106533553084,3845.752293859142,423.0551322465602,0.5218393082601673,376.23512211648705,247.4269300692536,58.19462615850804,12.3890972694636,195.5413170233692,2.788521364596298,79.68487883322965,0.3640160822220417,8.825812558706808,0.4595052520988133,30.368243459014877,18.804402302119843,1.2473027491734197,3.701270459845822,1.3782433171034854,85.91201128068896,45.954095026589115,28.656593880934327,0.7843773029219424,0.09074925085879262,14.052322632440331,0.18773661576645162,13.589329717459785,0.9471933590085577,2.115835693356883,0.39894528355326486,6.743503041025547,4.434791324019535,3970.7049823287803,P000207_LH,P000207,LH,production,thermorheo-v2.0-interface-objective-R10,3381,3264,184,states=184 nodes=3381 elems=3264
-0.9205739018,-0.9205739018,-2.491272875,-9.835642798,-1.336896606,-9.995431234,-15.80878251,27.17323978,256.3652539,4.528438772,2.8578149111111113,1,1,0.433143836,0.028268856869999998,279.6804788,-0.9205739018,-4.725301684,-9.835642798,-10.89570368,28.125,0.0934336017,0.04994130058,1,178.1249888,-1.5706989731999998,,False,-0.0327085579999995,0.11427189833683159,1,2,-0.9205739018,-4.266228855,-2.491272875,-5.192547685,-0.9205739018,-4.266228855,-1.336896606,-4.642295943,0.6548471436,323.15,1.16080216,319.9982307,271.76905322983635,20.593212106511878,154.51494172771137,3326.3713711840337,341.4513051377284,0.46390949882699817,12.641615311663065,10.740900193952506,70.95120246540587,0.3840692569865523,7.831751475086501,1.803765639507578,51.38094677016362,0.6525306486818423,5.59321210651188,0.6819001294324774,32.91493677689932,7.942248788514777,2.857814910584688,3.9057352951924322,1.8526637411217264,63.51039149160028,9.402655954420641,37.336226221883166,0.6382560955151113,0.5595479252260859,15.186341920042919,0.19384164941650514,12.275321656814372,1.018544370084732,2.022645267220744,0.6715191793923295,4.403148953809201,3.741118700894032,1802.6872568572733,P000208_HL,P000208,HL,production,thermorheo-v2.0-interface-objective-R10,3381,3264,157,states=157 nodes=3381 elems=3264
-1.074812452,-1.074812452,-2.56979491,-9.838131415,-1.511054797,-9.996841664,-15.79413106,26.93100125,256.3652539,4.147842969,52.33121441666667,1,2,0.4453196122,0.028265779660000004,279.1866413,-1.074812452,-4.675119781,-9.838131415,-10.88910785,28.125,0.0934336017,0.04994130058,1,178.1249888,-1.4949824580000002,,False,-0.03519717499999864,0.11408468814083984,2,1,-1.074812452,-4.083577642,-2.56979491,-5.121632682,-1.074812452,-4.083577642,-1.511054797,-4.435117229,0.9630340578,321.0933739,0.9630340578,321.0933739,271.76905322983635,20.593212106511878,154.51494172771137,3326.371371184034,341.4513051377284,0.46390949882699817,12.641615311663065,10.740900193952506,70.95120246540587,0.3840692569865523,7.831751475086501,1.803765639507578,51.38094677016362,0.6525306486818423,5.59321210651188,0.6819001294324774,32.91493677689932,7.942248788514777,2.857814910584688,3.9057352951924322,1.8526637411217264,63.51039149160028,9.402655954420641,37.336226221883166,0.6382560955151113,0.5595479252260859,15.186341920042919,0.19384164941650514,12.275321656814372,1.018544370084732,2.022645267220744,0.6715191793923295,4.403148953809201,3.741118700894032,1802.6872568572733,P000208_LH,P000208,LH,production,thermorheo-v2.0-interface-objective-R10,3381,3264,157,states=157 nodes=3381 elems=3264
4.581550334,4.581550334,3.890245507,-5.825092009,4.177698048,-5.912579095,-6.1798493,15.7760796,194.86142,8.593564289,3.2934284694444447,1,1,1.160655139,0.0333842118,270.9365969,4.581550334,0.6334945194,-5.825092009,-6.901375473,16.875,0.1013813657,0.03075370105,1,1.874990194,-0.6913048270000002,0.8491111574460332,False,-0.012586121000000006,0.07266266676134932,1,2,4.581550334,0.01656443119,3.890245507,-0.5730506931,4.581550334,0.01656443119,4.177698048,-0.2519473316,1.367625735,323.15,1.308737698,322.6575533,262.54835745394206,18.62059627149501,115.46906782549182,1573.5562787179902,69.34302393448148,0.3584945571023904,40.023190235937314,48.539502708957976,30.802258607809375,3.6244872309980924,105.4973219658907,3.883107275516281,60.60164254605792,0.5858997393952355,3.6205962714950095,0.38137040212247153,11.042442057359915,35.770809660818436,2.373224964830632,3.2714220346851675,1.7445865492149901,42.83490695249198,24.211740635870065,19.50323151039467,0.7215321885877148,0.40076025707454405,10.874665182608847,0.2785753300320971,12.672398645265165,1.4433341011607514,2.2149092861439237,0.4502993616574341,9.211903540847326,11.172053358058518,2056.552443573487,P000209_HL,P000209,HL,production,thermorheo-v2.0-interface-objective-R10,3381,3264,122,states=122 nodes=3381 elems=3264
4.561775378,4.561775378,3.873498283,-5.824443825,4.160961573,-5.911299636,-6.156328058,15.7204064,195.0913745,8.588083946,57.49591375000001,1,2,1.161823549,0.033384101379999996,270.7494957,4.561775378,0.6370322755,-5.824443825,-6.885361625,16.875,0.1013813657,0.03075370105,1,1.874990194,-0.6882770950000001,0.8491207834740521,False,-0.011937937000000787,0.07270258446076408,2,1,4.561775378,0.03543304356,3.873498283,-0.5602124849,4.561775378,0.03543304356,4.160961573,-0.2367931827,1.296344605,322.8614756,1.296344605,322.8614756,262.54835745394206,18.62059627149501,115.46906782549182,1573.5562787179902,69.34302393448147,0.3584945571023904,40.023190235937314,48.539502708957976,30.802258607809375,3.6244872309980924,105.4973219658907,3.883107275516281,60.60164254605792,0.5858997393952355,3.6205962714950095,0.38137040212247153,11.042442057359915,35.770809660818436,2.373224964830632,3.2714220346851675,1.7445865492149901,42.83490695249198,24.211740635870065,19.50323151039467,0.7215321885877148,0.40076025707454405,10.874665182608847,0.2785753300320971,12.672398645265165,1.4433341011607514,2.2149092861439237,0.4502993616574341,9.211903540847326,11.172053358058518,2056.552443573487,P000209_LH,P000209,LH,production,thermorheo-v2.0-interface-objective-R10,3381,3264,122,states=122 nodes=3381 elems=3264
4.544807163,4.544807163,4.162782644,-7.499071666,4.117174323,-7.643330375,-6.704149815,19.51635644,250.6445528,5.263395368,28.503559916666667,1,1,0.03514578953,0.053623583249999995,245.1225424,4.544807163,0.7248629858,-7.499071666,-9.516758098,1.875,0.1058865229,0.003466365849,1,178.1249872,-0.3820245189999998,0.91594263402194,False,0.0018848399999997767,0.16822122716437193,1,2,4.544807163,0.9161392374,4.162782644,0.6363574166,4.544807163,0.9161392374,4.117174323,0.5640081149,1.38571608e-06,323.15,0.08579777886,321.3106275,232.94584703894432,22.572965581550438,185.05545063425475,5040.578088464532,369.93664009130396,0.2953988083746012,1294.9615522238744,1129.078193182468,93.46656823119606,46.90205137296528,981.4546230466091,2.1358565823400086,90.20415296105566,0.715645450403444,7.572965581550437,0.6304474185156193,27.609912878358674,26.380132306639716,0.8936470485283728,3.8082874938805777,1.4112290841596855,91.2291653177604,176.31041252176698,25.363863189709352,0.8944940079822759,0.6553012261311452,8.09311187903321,0.21076519610960848,13.758458162115334,1.3507140446154442,1.7079637922036426,0.748670460863813,12.351078496917657,10.76891693749973,3882.5612752339375,P000210_HL,P000210,HL,production,thermorheo-v2.0-interface-objective-R10,3381,3264,190,states=190 nodes=3381 elems=3264
4.528470018,4.528470018,4.146151918,-7.497306213,4.105415289,-7.640808127,-6.690338321,19.49278339,250.7218477,5.216450345,88.60676875,1,2,0.03544435043,0.05362179974999999,244.5276701,4.528470018,0.7266734693,-7.497306213,-9.51196965,1.875,0.1058865229,0.003466365849,1,178.1249872,-0.3823181,0.9155745542135993,False,0.003650292999999749,0.1684412068994594,2,1,4.528470018,0.9025352915,4.146151918,0.6319056164,4.528470018,0.9025352915,4.105415289,0.5428075031,0.1258596413,321.8336614,0.1258596413,321.8336614,232.94584703894432,22.572965581550438,185.05545063425475,5040.578088464532,369.9366400913039,0.2953988083746012,1294.9615522238744,1129.078193182468,93.46656823119606,46.90205137296528,981.4546230466091,2.1358565823400086,90.20415296105566,0.715645450403444,7.572965581550437,0.6304474185156193,27.609912878358674,26.380132306639716,0.8936470485283728,3.8082874938805777,1.4112290841596855,91.2291653177604,176.31041252176698,25.363863189709352,0.8944940079822759,0.6553012261311452,8.09311187903321,0.21076519610960848,13.758458162115334,1.3507140446154442,1.7079637922036426,0.748670460863813,12.351078496917657,10.76891693749973,3882.5612752339375,P000210_LH,P000210,LH,production,thermorheo-v2.0-interface-objective-R10,3381,3264,190,states=190 nodes=3381 elems=3264
2.586054734,2.586054734,1.338369008,-4.418590873,2.190182729,-4.552161524,-8.50850327,18.51951678,219.9550079,4.591149179,2.798794027777778,1,1,0.4072479266,0.04458776566,272.241759,2.586054734,-0.5882579743,-4.418590873,-5.793361443,31.875,0.08996723585,0.05594522235,1,1.874985639,-1.2476857260000003,0.5175331327693391,False,-0.007947434000000086,0.10590028589651998,1,2,2.586054734,-1.063561743,1.338369008,-2.088025098,2.586054734,-1.063561743,2.190182729,-1.346331027,0.6147444504,323.15,0.5655360328,322.3034283,261.5619378099931,23.718945378030945,166.74562373940316,1946.9587091576398,311.96198059712174,0.4183441235226783,32.31339372318293,46.392862171550924,46.694923870419856,1.6541665247708108,56.99792742284063,5.217116486396193,61.58806219000691,0.43771741290213617,8.718945378030945,0.6996129284203594,19.534546999528985,34.87000810319057,1.8220666765139233,1.2122891188186027,0.6603563203546527,85.41709740578025,25.513726774378565,26.375203941073877,0.5838401264356063,0.5690999355836697,9.12769126993155,0.22754062936493114,10.676613002875929,1.0122127903844271,1.8126418328210965,0.5630753085140832,6.683770276955726,9.595997124333381,2162.6345868972403,P000211_HL,P000211,HL,production,thermorheo-v2.0-interface-objective-R10,3381,3264,172,states=172 nodes=3381 elems=3264
2.573651119,2.573651119,1.325317682,-4.416754789,2.180810411,-4.549800084,-8.489204935,18.4770029,220.1800255,4.58985072,60.898061250000005,1,2,0.4081567493,0.044269495740000005,272.0255897,2.573651119,-0.584906176,-4.416754789,-5.787717575,31.875,0.08996723585,0.05594522235,1,1.874985639,-1.2483334369999999,0.5149562317191447,False,-0.006111349999999405,0.10579702732759018,2,1,2.573651119,-1.060819968,1.325317682,-2.083237263,2.573651119,-1.060819968,2.180810411,-1.349068545,0.5396500992,322.7794409,0.5396500992,322.7794409,261.5619378099931,23.718945378030945,166.74562373940316,1946.9587091576395,311.96198059712174,0.4183441235226783,32.31339372318293,46.392862171550924,46.694923870419856,1.6541665247708108,56.99792742284063,5.217116486396193,61.58806219000691,0.43771741290213617,8.718945378030945,0.6996129284203594,19.534546999528985,34.87000810319057,1.8220666765139233,1.2122891188186027,0.6603563203546527,85.41709740578025,25.513726774378565,26.375203941073877,0.5838401264356063,0.5690999355836697,9.12769126993155,0.22754062936493114,10.676613002875929,1.0122127903844271,1.8126418328210965,0.5630753085140832,6.683770276955726,9.595997124333381,2162.6345868972403,P000211_LH,P000211,LH,production,thermorheo-v2.0-interface-objective-R10,3381,3264,172,states=172 nodes=3381 elems=3264
-3.282242413,-3.282242413,-4.157364298,-8.431127079,-3.564151682,-8.596259409,-11.17591912,15.11496525,203.6965708,5.826812368,12.30145717777778,1,1,0.1009627398,0.052662385820000004,255.3625489,-3.282242413,-6.406651212,-8.431127079,-10.96242225,1.875,0.1058865229,0.003466365849,1,178.1249887,-0.875121885,,False,-0.013742883999999123,0.05493787073361232,1,2,-3.282242413,-5.133326394,-4.157364298,-5.607763393,-3.282242413,-5.133326394,-3.564151682,-5.367084264,4.57179541e-06,323.15,0.5011099772,316.0966252,240.34741590915712,19.277643360241917,112.99653797117341,2368.51808255463,96.9956475457275,0.5542311781865221,315.5661581588284,145.77628069548234,26.800078672530393,21.24532604022483,235.54347883512125,0.10231961698549835,82.80258409084286,0.6875569861957174,4.277643360241918,0.4877811662389941,14.853439178168003,2.045021175226106,0.4187058361522651,0.3560756562466002,3.06262860288856,73.56981824903646,168.57577861764955,31.47463865558062,0.9295895550413212,0.5663449585824407,8.262157715525575,0.21038750207158524,8.182714201821044,1.0612623195417015,2.517794050663982,0.5677790774531841,19.9865992023401,9.232840785170623,2588.2108083354765,P000212_HL,P000212,HL,production,thermorheo-v2.0-interface-objective-R10,3381,3264,120,states=120 nodes=3381 elems=3264
-3.376462511,-3.376462511,-4.25423351,-8.431211115,-3.649324045,-8.596310409,-11.19078961,15.09369667,203.6205433,5.564515379,31.056869083333336,1,2,0.1065817288,0.05266062086000001,254.1840872,-3.376462511,-6.402457627,-8.431211115,-10.96026276,1.875,0.1058865229,0.003466365849,1,178.1249887,-0.8777709989999996,,False,-0.013826919999999632,0.05476632385788666,2,1,-3.376462511,-5.102576604,-4.25423351,-5.557997243,-3.376462511,-5.102576604,-3.649324045,-5.352003396,0.3173135879,318.3004029,0.3173135879,318.3004029,240.34741590915712,19.277643360241917,112.99653797117341,2368.51808255463,96.99564754572746,0.5542311781865221,315.5661581588284,145.77628069548234,26.800078672530393,21.24532604022483,235.54347883512125,0.10231961698549835,82.80258409084286,0.6875569861957174,4.277643360241918,0.4877811662389941,14.853439178168003,2.045021175226106,0.4187058361522651,0.3560756562466002,3.06262860288856,73.56981824903646,168.57577861764955,31.47463865558062,0.9295895550413212,0.5663449585824407,8.262157715525575,0.21038750207158524,8.182714201821044,1.0612623195417015,2.517794050663982,0.5677790774531841,19.9865992023401,9.232840785170623,2588.2108083354765,P000212_LH,P000212,LH,production,thermorheo-v2.0-interface-objective-R10,3381,3264,120,states=120 nodes=3381 elems=3264
4.635557268,4.635557268,4.153246558,-7.99002747,4.230653401,-8.105926929,-9.823394406,26.97082511,243.2968756,7.901290213,3.5984659555555556,1,1,0.1248744195,0.04726853554,250.8042615,4.635557268,-1.142617275,-7.99002747,-9.320651275,148.125,-0.08996723585,0.05594522235,1,178.1249993,-0.48231071000000014,0.8959541038723717,False,-0.030554685000000248,0.09760788894298385,1,2,4.635557268,-0.4065871793,4.153246558,-0.8949591708,4.635557268,-0.4065871793,4.230653401,-0.6999990728,0.0004340914539,323.15,0.6982610735,319.9892654,237.83983216773754,18.424394800811104,126.07559341716001,3666.113196255607,141.34766404082413,0.38126197099323733,68.83064218157331,82.42711417454449,54.40314643197115,3.318442636718119,95.37484170269767,1.0003757291628832,85.31016783226244,0.6152240571486205,3.424394800811105,0.7790988856359298,20.74185083688703,10.652662757992427,1.6230515908643273,3.295034634394621,3.5142846092741027,57.07448731632743,139.4566288783147,36.646900588351215,0.5587609143219604,0.03144964048134728,13.635340737599527,0.22940592357605272,11.514479268142544,1.0379915894440572,1.6940406532188332,0.6719664867820133,10.648661745229067,12.752146858729732,1681.3169174146954,P000213_HL,P000213,HL,production,thermorheo-v2.0-interface-objective-R10,3381,3264,132,states=132 nodes=3381 elems=3264
4.409208016,4.409208016,3.972572882,-7.988195556,4.022950405,-8.103133716,-9.826403727,26.69922789,243.2968756,7.270813922,44.413057555555554,1,2,0.1317670023,0.047265820550000004,250.1205281,4.409208016,-1.095644918,-7.988195556,-9.297634908,148.125,-0.08996723585,0.05594522235,1,178.1249993,-0.43663513399999987,0.900971981268393,False,-0.02872277099999998,0.09603570029955694,2,1,4.409208016,-0.2249816885,3.972572882,-0.7945484115,4.409208016,-0.2249816885,4.022950405,-0.5474595703,0.6726371415,321.2054401,0.6726371415,321.2054401,237.83983216773754,18.424394800811104,126.07559341716001,3666.113196255607,141.34766404082413,0.38126197099323733,68.83064218157331,82.42711417454449,54.40314643197115,3.318442636718119,95.37484170269767,1.0003757291628832,85.31016783226244,0.6152240571486205,3.424394800811105,0.7790988856359298,20.74185083688703,10.652662757992427,1.6230515908643273,3.295034634394621,3.5142846092741027,57.07448731632743,139.4566288783147,36.646900588351215,0.5587609143219604,0.03144964048134728,13.635340737599527,0.22940592357605272,11.514479268142544,1.0379915894440572,1.6940406532188332,0.6719664867820133,10.648661745229067,12.752146858729732,1681.3169174146954,P000213_LH,P000213,LH,production,thermorheo-v2.0-interface-objective-R10,3381,3264,132,states=132 nodes=3381 elems=3264
4.703456182,4.703456182,3.122740485,-5.930349878,4.114822382,-6.042271992,-6.859170481,18.42996531,242.0653425,7.381748252,3.4870381666666668,1,1,1.918807246,0.04631502019000001,260.7036795,4.703456182,-0.4001375998,-5.930349878,-7.256796555,16.875,0.1013813657,0.03075370105,1,1.874985409,-1.580715697,0.663924646933173,False,0.04151804699999939,0.19264043318759244,1,2,4.703456182,1.392808084,3.122740485,-0.2649656832,4.703456182,1.392808084,4.114822382,0.9442292843,2.11347828,323.15,2.038821849,320.8190216,245.82410216550574,22.914220839153554,160.47899659875657,5013.745995275871,492.36070641050003,0.7142624221797779,45.72089499079224,394.70882025835374,46.72573212012286,1.3699376644337304,283.8403646114204,7.9358295601517135,77.32589783449424,0.6957963167630421,7.914220839153555,0.7200653833690125,33.3744346022424,25.885806373562463,2.505437149086606,3.0826549879622855,1.0508370048484457,54.566462736914616,39.8546645213935,23.824027247635158,0.7590015105236406,0.5773777867963605,9.34728922789898,0.23806021112115158,12.5593558146353,0.7355051718827387,2.2487958860178194,0.4943022256160631,3.2618904145249297,28.159923763269667,2712.36702557384,P000214_HL,P000214,HL,production,thermorheo-v2.0-interface-objective-R10,3381,3264,168,states=168 nodes=3381 elems=3264
4.737815905,4.737815905,3.137513892,-5.924951469,4.164176066,-6.034867857,-6.807453989,18.40802177,242.4091985,7.405086203,69.38620827777778,1,2,1.916645365,0.04631182467,260.0220729,4.737815905,-0.2818359864,-5.924951469,-7.211656674,16.875,0.1013813657,0.03075370105,1,1.874985409,-1.6003020129999999,0.6622279030911397,False,0.04691645599999994,0.19282043338293336,2,1,4.737815905,1.339636169,3.137513892,-0.2888684629,4.737815905,1.339636169,4.164176066,0.8695534187,2.039689973,321.5281138,2.039689973,321.5281138,245.82410216550574,22.914220839153554,160.47899659875657,5013.745995275872,492.3607064105,0.7142624221797779,45.72089499079224,394.70882025835374,46.72573212012286,1.3699376644337304,283.8403646114204,7.9358295601517135,77.32589783449424,0.6957963167630421,7.914220839153555,0.7200653833690125,33.3744346022424,25.885806373562463,2.505437149086606,3.0826549879622855,1.0508370048484457,54.566462736914616,39.8546645213935,23.824027247635158,0.7590015105236406,0.5773777867963605,9.34728922789898,0.23806021112115158,12.5593558146353,0.7355051718827387,2.2487958860178194,0.4943022256160631,3.2618904145249297,28.159923763269667,2712.36702557384,P000214_LH,P000214,LH,production,thermorheo-v2.0-interface-objective-R10,3381,3264,168,states=168 nodes=3381 elems=3264
1.934754463,1.934754463,1.656054574,-6.185926512,1.605417708,-6.324701825,-7.025131478,17.42591085,265.9057733,8.539113692,12.719332902777778,1,1,0.08604314294,0.054792841489999994,247.1113323,1.934754463,-0.602604417,-6.185926512,-7.564647909,31.875,0.08996723585,0.05594522235,1,178.1249876,-0.2786998890000001,0.8559507708446619,False,-0.008780330999999642,0.1068097392714238,1,2,1.934754463,-2.015261003,1.656054574,-2.19017366,1.934754463,-2.015261003,1.605417708,-2.265359775,0.000111454464,323.15,0.1355842813,321.811151,231.32936101709478,21.456212579599107,140.76993915879905,2454.193929069265,123.79256437885037,0.33176891474082604,602.1658423764567,357.4183901460958,36.29290329899311,50.01021400386943,712.4111899638472,2.982238434408026,91.8206389829052,0.5502190981874818,6.456212579599107,0.3730357514301395,12.040857140300687,24.723171375048842,0.6784757619543667,3.169421014093186,3.3840026518647055,77.50125464732432,72.32329732207637,29.496425237350323,0.6288768536415972,0.6284146668551922,10.62425694306192,0.23723894351814867,8.18769863904376,1.1724162933336615,1.6650375892384943,0.5185821922877856,8.290139074663353,4.920651344918047,3488.9333782948793,P000215_HL,P000215,HL,production,thermorheo-v2.0-interface-objective-R10,3381,3264,148,states=148 nodes=3381 elems=3264
1.913647269,1.913647269,1.635110339,-6.183958198,1.585622311,-6.322413832,-7.032058512,17.40419516,265.853008,8.462811515,56.71526083333334,1,2,0.08720395978,0.054793316269999996,246.6712248,1.913647269,-0.6157463875,-6.183958198,-7.561131262,31.875,0.08996723585,0.05594522235,1,178.1249876,-0.27853693,0.8544470893292927,False,-0.0068120169999996705,0.10667402194670855,2,1,1.913647269,-2.021391567,1.635110339,-2.19300826,1.913647269,-2.021391567,1.585622311,-2.275376816,0.143651329,322.4133397,0.143651329,322.4133397,231.32936101709478,21.456212579599107,140.76993915879905,2454.193929069265,123.79256437885034,0.33176891474082604,602.1658423764567,357.4183901460958,36.29290329899311,50.01021400386943,712.4111899638472,2.982238434408026,91.8206389829052,0.5502190981874818,6.456212579599107,0.3730357514301395,12.040857140300687,24.723171375048842,0.6784757619543667,3.169421014093186,3.3840026518647055,77.50125464732432,72.32329732207637,29.496425237350323,0.6288768536415972,0.6284146668551922,10.62425694306192,0.23723894351814867,8.18769863904376,1.1724162933336615,1.6650375892384943,0.5185821922877856,8.290139074663353,4.920651344918047,3488.9333782948793,P000215_LH,P000215,LH,production,thermorheo-v2.0-interface-objective-R10,3381,3264,148,states=148 nodes=3381 elems=3264
-5.777788578,-5.777788578,-6.385558948,-11.46935127,-6.124791047,-11.61983043,-16.42032684,19.56547019,200.1422208,4.09380481,8.907321827777778,1,1,0.134794104,0.03928615726000001,274.8853642,-5.777788578,-9.467772728,-11.46935127,-13.46259871,13.125,0.1031756887,0.02405719646,1,178.1249887,-0.6077703699999999,,False,-0.05293945000000022,0.12015516158639786,1,2,-5.777788578,-7.730007072,-6.385558948,-8.227695855,-5.777788578,-7.730007072,-6.124791047,-8.019690145,0.0002914732506,323.15,0.1329159086,321.9448635,260.63081171684485,23.093631586021946,97.19662266729173,1382.619171025831,169.22971272363677,0.7513432127857083,159.82427785462727,46.113617555136585,11.895538433992634,17.882172447427877,123.82774467529732,0.6554150978079939,62.51918828315516,0.6198117305081066,8.093631586021946,0.7725965700744333,8.937632064811899,19.79305398020295,2.948900451159592,2.7672116330371668,0.947199241630335,46.20168190581081,105.8364410005876,36.87453838021892,0.8671829174007047,0.5623084958764291,9.29551680755993,0.21574074896801673,8.508869584745593,0.7679113734505498,2.469766937534931,0.6227116703131454,30.19926462847731,8.713302873738892,2244.7018815472757,P000216_HL,P000216,HL,production,thermorheo-v2.0-interface-objective-R10,3381,3264,100,states=100 nodes=3381 elems=3264
-5.845565733,-5.845565733,-6.452394937,-11.46697122,-6.187676072,-11.61725462,-16.42445564,19.48910329,200.1451093,3.986942297,44.30131919444444,1,2,0.1451267497,0.039285353709999984,274.4667082,-5.845565733,-9.493216098,-11.46697122,-13.45804239,16.875,0.1013813657,0.03075370105,1,178.1249887,-0.6068292040000003,,False,-0.050559399999999144,0.11940242523944178,2,1,-5.845565733,-7.679289058,-6.452394937,-8.178372912,-5.845565733,-7.679289058,-6.187676072,-7.975020024,0.1366561255,322.4030423,0.1366561255,322.4030423,260.63081171684485,23.093631586021946,97.19662266729173,1382.619171025831,169.22971272363677,0.7513432127857083,159.82427785462727,46.113617555136585,11.895538433992634,17.882172447427877,123.82774467529732,0.6554150978079939,62.51918828315516,0.6198117305081066,8.093631586021946,0.7725965700744333,8.937632064811899,19.79305398020295,2.948900451159592,2.7672116330371668,0.947199241630335,46.20168190581081,105.8364410005876,36.87453838021892,0.8671829174007047,0.5623084958764291,9.29551680755993,0.21574074896801673,8.508869584745593,0.7679113734505498,2.469766937534931,0.6227116703131454,30.19926462847731,8.713302873738892,2244.7018815472757,P000216_LH,P000216,LH,production,thermorheo-v2.0-interface-objective-R10,3381,3264,100,states=100 nodes=3381 elems=3264
1.966671629,1.966671629,1.451591191,-3.973356292,1.711571193,-4.072310675,-6.024892582,13.48085094,234.7174073,4.617662622,3.552506047222222,1,1,0.1116887579,0.040647945789,267.1219624,1.966671629,-0.6745059552,-3.973356292,-5.17651684,28.125,0.0934336017,0.04994130058,1,178.1249924,-0.515080438,0.738095353385504,False,-0.03958630699999999,0.09812145900640724,1,2,1.966671629,-1.615702644,1.451591191,-1.990204766,1.966671629,-1.615702644,1.711571193,-1.782324119,2.222903618e-11,323.15,0.4760014437,321.1520096,258.1902331992218,22.03706960665698,122.35318598499292,1746.7268748019005,184.22848693156428,0.3650863184199012,55.367155012398065,17.294359454164788,38.910891773286956,3.897494095705713,29.217898812330592,0.750402565870941,64.95976680077817,0.38231597765500136,7.037069606656981,0.6039224173612301,14.205834223944557,9.918113120183934,0.7113392029403949,3.5216092773415584,2.7385761079946045,70.08035524036677,161.79193292582949,18.36784705488356,0.654597709003281,0.3631269845321089,9.44822254810773,0.24521301380779253,8.300753242817326,1.373163679166813,2.1459735790413506,0.5625825472095459,13.217056512423646,4.128449912239113,1839.8719260292278,P000217_HL,P000217,HL,production,thermorheo-v2.0-interface-objective-R10,3381,3264,128,states=128 nodes=3381 elems=3264
1.799174413,1.799174413,1.309220077,-3.974588746,1.553067313,-4.073376552,-6.049799304,13.30282469,234.6670762,4.389176475,34.64797797222222,1,2,0.1265920925,0.040809844585,266.827503,1.799174413,-0.7523352562,-3.974588746,-5.175536265,28.125,0.0934336017,0.04994130058,1,178.1249924,-0.48995433600000005,0.7276782437212217,False,-0.040818760999999704,0.09690924868896363,2,1,1.799174413,-1.433447824,1.309220077,-1.876836475,1.799174413,-1.433447824,1.553067313,-1.617010011,0.3396893008,322.3861363,0.3396893008,322.3861363,258.1902331992218,22.03706960665698,122.35318598499292,1746.7268748019005,184.22848693156428,0.3650863184199012,55.367155012398065,17.294359454164788,38.910891773286956,3.897494095705713,29.217898812330592,0.750402565870941,64.95976680077817,0.38231597765500136,7.037069606656981,0.6039224173612301,14.205834223944557,9.918113120183934,0.7113392029403949,3.5216092773415584,2.7385761079946045,70.08035524036677,161.79193292582949,18.36784705488356,0.654597709003281,0.3631269845321089,9.44822254810773,0.24521301380779253,8.300753242817326,1.373163679166813,2.1459735790413506,0.5625825472095459,13.217056512423646,4.128449912239113,1839.8719260292278,P000217_LH,P000217,LH,production,thermorheo-v2.0-interface-objective-R10,3381,3264,128,states=128 nodes=3381 elems=3264
2.073537738,2.073537738,0.8836226642,-9.609513295,1.634608397,-9.724151539,-8.904937663,19.98945638,247.8896691,8.596758599,4.767314452777778,1,1,0.3973561019,0.05369729210999999,239.5561497,2.073537738,-1.150480585,-9.609513295,-10.73046315,28.125,0.0934336017,0.04994130058,1,178.1249895,-1.1899150738000002,0.42614255241492977,False,-0.009701468999999463,0.12160416711056404,1,2,2.073537738,-5.348950061,0.8836226642,-6.236797724,2.073537738,-5.348950061,1.634608397,-5.59825763,0.4139226883,323.15,0.5629176653,321.399682,228.34076623317813,19.81533871295052,186.52998622868844,4411.970688195748,240.2647813036609,0.3622451045895024,59.172849028032815,262.11004398065563,82.2388013805754,1.986292409590782,211.16192282969698,3.2271673129163014,94.80923376682185,0.35347286878567896,4.81533871295052,0.5815649690528826,29.790603207421846,25.59323847259817,1.7882541312306248,1.727179463973319,3.9403849830754614,86.44390418468777,114.18349033509696,30.50931088797171,0.7230574424564513,0.5162836661343099,11.939672299437563,0.2447783748394478,10.024019127111366,1.501178238554758,2.327776557571831,0.5934106055547581,7.930558285640998,35.12893185277849,1564.143945681352,P000218_HL,P000218,HL,production,thermorheo-v2.0-interface-objective-R10,3381,3264,190,states=190 nodes=3381 elems=3264
2.048464198,2.048464198,0.8633877707,-9.605963336,1.615651185,-9.718979876,-8.90227184,19.94992365,247.9126994,8.516337609,67.60697472222222,1,2,0.3967965038,0.053696913760000006,239.2787148,2.048464198,-1.140803877,-9.605963336,-10.71501625,28.125,0.0934336017,0.04994130058,1,178.1249895,-1.1850764273,0.4214805274814961,False,-0.006151510000000471,0.12072618263507931,2,1,2.048464198,-5.335423808,0.8633877707,-6.237104163,2.048464198,-5.335423808,1.615651185,-5.600050762,0.4803803114,322.5313101,0.4803803114,322.5313101,228.34076623317813,19.81533871295052,186.52998622868844,4411.970688195748,240.26478130366098,0.3622451045895024,59.172849028032815,262.11004398065563,82.2388013805754,1.986292409590782,211.16192282969698,3.2271673129163014,94.80923376682185,0.35347286878567896,4.81533871295052,0.5815649690528826,29.790603207421846,25.59323847259817,1.7882541312306248,1.727179463973319,3.9403849830754614,86.44390418468777,114.18349033509696,30.50931088797171,0.7230574424564513,0.5162836661343099,11.939672299437563,0.2447783748394478,10.024019127111366,1.501178238554758,2.327776557571831,0.5934106055547581,7.930558285640998,35.12893185277849,1564.143945681352,P000218_LH,P000218,LH,production,thermorheo-v2.0-interface-objective-R10,3381,3264,190,states=190 nodes=3381 elems=3264
3.830235807,3.830235807,1.008283428,-6.817273631,3.405316064,-6.918564932,-9.151647921,20.77846823,194.3888197,5.517608169,3.1545557055555555,1,1,0.04327068686,0.03755818143999999,267.9798788,3.830235807,-1.566739365,-6.817273631,-8.263235573,1.875,0.1058865229,0.003466365849,1,91.87487244,-2.8219523790000003,0.2632431732159408,False,-0.012764544999999572,0.1105034866498955,1,2,3.830235807,-0.4226510545,1.008283428,-2.138841406,3.830235807,-0.4226510545,3.405316064,-0.720213544,0.01876923838,323.15,0.442257967,320.598454,259.1374477777988,23.563121004214654,124.45754703974124,2284.9168502332373,278.24961793027,0.3237696106818148,54.74357516230458,148.66483287817763,63.11482591222994,2.6789566432671337,174.60312687802588,1.2411961616873515,64.0125522222012,0.6472690924307105,8.563121004214654,0.5262654965301924,20.434662613853206,9.23687914816382,1.208397360614959,0.5019585485613474,0.2565437084283417,70.41754342866173,125.41704631022111,23.20387523122279,0.8075470525831123,0.18473612863585048,11.342068432411939,0.20375121154435755,12.421934237011222,1.2444157938836446,1.724678313440228,0.652400434028199,7.441917267619238,20.20970284830158,2610.5245508969947,P000219_HL,P000219,HL,production,thermorheo-v2.0-interface-objective-R10,3381,3264,132,states=132 nodes=3381 elems=3264
3.637207735,3.637207735,0.8619719885,-6.816497602,3.229819908,-6.917331083,-9.160449747,20.55474146,194.4440391,5.135139745,34.79299708333333,1,2,0.0429974637,0.03755762994,267.457146,3.637207735,-1.57700251,-6.816497602,-8.255554336,1.875,0.1058865229,0.003466365849,1,91.87487244,-2.7752357465,0.23698728566021815,False,-0.011988515999999727,0.10975266786910742,2,1,3.637207735,-0.267270096,0.8619719885,-2.060837409,3.637207735,-0.267270096,3.229819908,-0.588765288,0.4263470766,321.4984632,0.4263470766,321.4984632,259.1374477777988,23.563121004214654,124.45754703974124,2284.9168502332373,278.2496179302701,0.3237696106818148,54.74357516230458,148.66483287817763,63.11482591222994,2.6789566432671337,174.60312687802588,1.2411961616873515,64.0125522222012,0.6472690924307105,8.563121004214654,0.5262654965301924,20.434662613853206,9.23687914816382,1.208397360614959,0.5019585485613474,0.2565437084283417,70.41754342866173,125.41704631022111,23.20387523122279,0.8075470525831123,0.18473612863585048,11.342068432411939,0.20375121154435755,12.421934237011222,1.2444157938836446,1.724678313440228,0.652400434028199,7.441917267619238,20.20970284830158,2610.5245508969947,P000219_LH,P000219,LH,production,thermorheo-v2.0-interface-objective-R10,3381,3264,132,states=132 nodes=3381 elems=3264
1.106165357,1.106165357,0.6013569264,-9.480985794,0.7508429231,-9.614201518,-12.83130372,26.79233505,237.780909,7.119339277,9.103553175,1,1,0.4019123123,0.03927063962999999,259.7291137,1.106165357,-2.685113877,-9.480985794,-10.74411763,28.125,0.0934336017,0.04994130058,1,91.87480503,-0.5048084306,0.5436410773439183,False,-0.08482005299999962,0.1455815526857822,1,2,1.106165357,-2.42665358,0.6013569264,-2.794994132,1.106165357,-2.42665358,0.7508429231,-2.702249569,2.401333944e-08,323.15,0.253926565,320.2815822,251.96554061439167,21.279315628347774,112.03933445346951,4008.554103090225,283.9195753593689,0.258531254795464,455.9343162135457,116.1612399843136,106.30407939822823,16.589729165481284,101.44005971054747,0.39094390377105076,71.18445938560832,0.7095158424886742,6.2793156283477725,0.531325072874941,27.482927036700577,8.231073543307891,0.26975519844394347,3.817888431865464,3.009498824433167,34.6481219272753,135.8867063487301,35.81319659039983,0.6400659651458953,0.2825306400282148,15.803490909574357,0.19825782622101193,10.142355207259937,1.5507696027278384,1.7161958152803896,0.629952129632944,21.054359625283404,5.36415100635482,3517.5419899028466,P000220_HL,P000220,HL,production,thermorheo-v2.0-interface-objective-R10,3381,3264,119,states=119 nodes=3381 elems=3264
0.9231118431,0.9231118431,0.4193218475,-9.473100678,0.5786008099,-9.605480761,-12.83357903,26.55782068,237.753735,6.674725004,51.914696222222226,1,2,0.4122035203,0.03926780392000001,259.1723084,0.9231118431,-2.761506738,-9.473100678,-10.72371036,28.125,0.0934336017,0.04994130058,1,91.87480503,-0.5037899956,0.4542481505727743,False,-0.07693493699999898,0.14373146486727612,2,1,0.9231118431,-2.344268945,0.4193218475,-2.70766735,0.9231118431,-2.344268945,0.5786008099,-2.638740933,0.4469552784,321.1148121,0.4469552784,321.1148121,251.96554061439167,21.279315628347774,112.03933445346951,4008.5541030902255,283.91957535936893,0.258531254795464,455.9343162135457,116.1612399843136,106.30407939822823,16.589729165481284,101.44005971054747,0.39094390377105076,71.18445938560832,0.7095158424886742,6.2793156283477725,0.531325072874941,27.482927036700577,8.231073543307891,0.26975519844394347,3.817888431865464,3.009498824433167,34.6481219272753,135.8867063487301,35.81319659039983,0.6400659651458953,0.2825306400282148,15.803490909574357,0.19825782622101193,10.142355207259937,1.5507696027278384,1.7161958152803896,0.629952129632944,21.054359625283404,5.36415100635482,3517.5419899028466,P000220_LH,P000220,LH,production,thermorheo-v2.0-interface-objective-R10,3381,3264,119,states=119 nodes=3381 elems=3264
0.4526199749,0.4526199749,-0.1257559723,-6.282309126,0.09673354032,-6.394072942,-11.80759051,20.05754661,133.686017,4.333792535,2.8882083138888888,1,1,0.07911901727,0.026583632339999996,284.5300829,0.4526199749,-4.045142947,-6.282309126,-7.646799889,24.375,0.09649987052,0.0437235225,1,178.1249967,-0.5783759472,-0.27784008500239965,False,-0.008924312000000434,0.041753713534375674,1,2,0.4526199749,-2.552400706,-0.1257559723,-2.950770411,0.4526199749,-2.552400706,0.09673354032,-2.804800966,0.07590649778,323.15,0.1559907236,322.5965667,275.5299901450227,18.735214193379065,134.14315033509953,937.18863430651,62.49158938121274,0.5582805616820326,56.463949992414264,58.38836623241608,15.434191316222151,6.552920065333275,162.63019362315111,2.5699146046866104,47.62000985497728,0.568032546113356,3.7352141933790666,0.5404503935780782,8.616608997128452,26.146185762493104,1.930807313983141,2.5574009104117845,0.8234115776061669,80.14050697434735,50.497410921113406,24.516457552873092,0.6716399424779462,0.15186040778568366,16.942784107238765,0.18050445791632674,9.661317283541493,0.9521976722178499,2.275548661832553,0.643461435368584,10.173951194647385,10.520701942807861,3204.3247997951253,P000221_HL,P000221,HL,production,thermorheo-v2.0-interface-objective-R10,3381,3264,139,states=139 nodes=3381 elems=3264
0.4277295188,0.4277295188,-0.1482778185,-6.281957504,0.07548994537,-6.393468143,-11.80679092,20.02486483,133.6941982,4.272602712,42.96262288888889,1,2,0.07955194735,0.02658345033,284.3302754,0.4277295188,-4.021807622,-6.281957504,-7.641832254,24.375,0.09649987052,0.0437235225,1,178.1249967,-0.5760073373,-0.34666257993134325,False,-0.008572690000000271,0.0416608624841068,2,1,0.4277295188,-2.531729261,-0.1482778185,-2.934737064,0.4277295188,-2.531729261,0.07548994537,-2.789427158,0.1303556629,322.8356318,0.1303556629,322.8356318,275.5299901450227,18.735214193379065,134.14315033509953,937.18863430651,62.49158938121273,0.5582805616820326,56.463949992414264,58.38836623241608,15.434191316222151,6.552920065333275,162.63019362315111,2.5699146046866104,47.62000985497728,0.568032546113356,3.7352141933790666,0.5404503935780782,8.616608997128452,26.146185762493104,1.930807313983141,2.5574009104117845,0.8234115776061669,80.14050697434735,50.497410921113406,24.516457552873092,0.6716399424779462,0.15186040778568366,16.942784107238765,0.18050445791632674,9.661317283541493,0.9521976722178499,2.275548661832553,0.643461435368584,10.173951194647385,10.520701942807861,3204.3247997951253,P000221_LH,P000221,LH,production,thermorheo-v2.0-interface-objective-R10,3381,3264,139,states=139 nodes=3381 elems=3264
-9.637809853,-9.637809853,-10.83219578,-14.54731969,-10.03762239,-14.70642861,-19.71888478,19.69565847,214.6827386,2.481229197,3.708934577777778,1,1,0.106590417,0.02860338509999999,284.5269583,-9.637809853,-13.25807645,-14.54731969,-16.61954445,1.875,0.1058865229,0.003466365849,1,91.87455998,-1.194385926999999,,False,-0.03179171000000025,0.0776063386500167,1,2,-9.637809853,-12.31144194,-10.83219578,-12.79591453,-9.637809853,-12.31144194,-10.03762239,-12.56427606,1.407687075e-07,323.15,0.4649429517,318.642353,275.83548740481973,22.284445198696034,140.0084851778244,2732.209240711456,345.77896441425577,0.7003103116755104,24.527781584383224,16.52256629084055,45.746946161793865,0.7656065512900568,12.3775906463021,1.275008205737139,47.31451259518025,0.5635586257562594,7.284445198696032,0.3635788322128575,32.037058124768656,4.368837004657234,2.738114635834429,2.8106249951185776,1.4309593814692545,57.60613389878534,49.89876833221398,36.5223831028065,0.9416941804983712,0.6389146509805,10.985217458581683,0.2175492488772042,8.127353524728761,0.8216705482640789,2.4631720426847266,0.6571599342580785,3.426516774557866,2.3081928693606772,3708.0269221571384,P000222_HL,P000222,HL,production,thermorheo-v2.0-interface-objective-R10,3381,3264,146,states=146 nodes=3381 elems=3264
-9.736259392,-9.736259392,-10.89660429,-14.5476782,-10.11605298,-14.70600845,-19.7208047,19.55959398,214.6937253,2.203490787,47.09452872222222,1,2,0.1157965127,0.028604606199999993,284.0369305,-9.736259392,-13.25287687,-14.5476782,-16.61530398,1.875,0.1058865229,0.003466365849,1,91.87455998,-1.1603448980000017,,False,-0.03215022000000012,0.07775374331182001,2,1,-9.736259392,-12.19714678,-10.89660429,-12.76102369,-9.736259392,-12.19714678,-10.11605298,-12.48549396,0.360404411,320.6096767,0.360404411,320.6096767,275.83548740481973,22.284445198696034,140.0084851778244,2732.2092407114555,345.77896441425577,0.7003103116755104,24.527781584383224,16.52256629084055,45.746946161793865,0.7656065512900568,12.3775906463021,1.275008205737139,47.31451259518025,0.5635586257562594,7.284445198696032,0.3635788322128575,32.037058124768656,4.368837004657234,2.738114635834429,2.8106249951185776,1.4309593814692545,57.60613389878534,49.89876833221398,36.5223831028065,0.9416941804983712,0.6389146509805,10.985217458581683,0.2175492488772042,8.127353524728761,0.8216705482640789,2.4631720426847266,0.6571599342580785,3.426516774557866,2.3081928693606772,3708.0269221571384,P000222_LH,P000222,LH,production,thermorheo-v2.0-interface-objective-R10,3381,3264,146,states=146 nodes=3381 elems=3264
6.271014395,6.271014395,5.852425508,-9.645661289,5.891476264,-9.719390771,-7.594839614,21.39543844,220.7524385,15.66096008,11.421328116666666,1,1,0.1968297842,0.044414516019999996,250.630702,6.271014395,-0.01295921506,-9.645661289,-10.67523274,1.875,0.1058865229,0.003466365849,1,1.874999102,-0.4185888870000003,0.9332502111087883,False,-0.043019568000000064,0.16551832751105428,1,2,6.271014395,-0.1249716883,5.852425508,-0.9502222867,6.271014395,-0.1249716883,5.891476264,-0.4227501079,0.02364188955,323.15,0.2851538305,320.5520503,240.98586284232104,20.15015071781392,121.69225820260294,3979.8790543333957,244.5588001198698,0.3985420364644939,623.5744171289609,673.3735527092117,61.22270425684344,25.556515811734393,662.3394946668981,1.1251932271467537,82.16413715767894,0.6000162633723217,5.1501507178139185,0.7432091296993112,24.399821232385825,11.921341588082456,2.637392474123509,3.0438132237524624,3.022414541594291,43.564033670808314,101.46126400129921,27.324640613041865,0.8083622476792738,0.039379745774332266,12.999103694632586,0.27716431487171567,12.044511430705654,1.3970386004093256,2.3833567084136726,0.39705623619680097,10.594928320278283,11.441047496099861,3862.3437031957437,P000223_HL,P000223,HL,production,thermorheo-v2.0-interface-objective-R10,3381,3264,129,states=129 nodes=3381 elems=3264
5.984637759,5.984637759,5.5634821,-9.635341738,5.605367386,-9.708173119,-7.652632391,21.06710932,220.7739215,15.11777062,55.47011833333333,1,2,0.2030155406,0.044406131980000006,250.1187569,5.984637759,-0.2428521896,-9.635341738,-10.64773984,1.875,0.1058865229,0.003466365849,1,1.874999102,-0.42115565900000007,0.9296272095388489,False,-0.032700016999999804,0.1656849197481207,2,1,5.984637759,-0.04699435526,5.5634821,-0.8664830515,5.984637759,-0.04699435526,5.605367386,-0.3560198773,0.660527302,321.5911879,0.660527302,321.5911879,240.98586284232104,20.15015071781392,121.69225820260294,3979.8790543333957,244.55880011986974,0.3985420364644939,623.5744171289609,673.3735527092117,61.22270425684344,25.556515811734393,662.3394946668981,1.1251932271467537,82.16413715767894,0.6000162633723217,5.1501507178139185,0.7432091296993112,24.399821232385825,11.921341588082456,2.637392474123509,3.0438132237524624,3.022414541594291,43.564033670808314,101.46126400129921,27.324640613041865,0.8083622476792738,0.039379745774332266,12.999103694632586,0.27716431487171567,12.044511430705654,1.3970386004093256,2.3833567084136726,0.39705623619680097,10.594928320278283,11.441047496099861,3862.3437031957437,P000223_LH,P000223,LH,production,thermorheo-v2.0-interface-objective-R10,3381,3264,129,states=129 nodes=3381 elems=3264
-6.046203905,-6.046203905,-6.623186638,-14.99244577,-6.37000422,-15.10547393,-18.16473047,21.70355976,247.343207,4.16192026,6.787294216666667,1,1,0.245932508,0.03204116700000001,272.1606859,-6.046203905,-8.903911244,-14.99244577,-16.10233758,24.375,0.09649987052,0.0437235225,1,178.1249913,-0.5769827330000004,,False,-0.07707766999999954,0.049465958159339025,1,2,-6.046203905,-9.833420073,-6.623186638,-10.27106985,-6.046203905,-9.833420073,-6.37000422,-10.07150169,0.0458787393,323.15,0.265959824,322.4082541,265.8270205963955,18.222553300936596,133.04206608126935,2680.260931858035,143.001776771036,0.2844538341434258,87.55860301954998,46.02739105416057,90.64115350046032,3.3959525087781475,42.84403690305276,1.7686832567075617,57.32297940360444,0.5860221955188911,3.2225533009365943,0.5881414144027395,25.783223644388737,32.257151065718425,2.8206444239341595,1.49622176982297,1.5820370119787772,37.42066131530163,49.53096251141297,38.66893632938948,0.8047901136697793,0.42190184227125643,11.282763480284288,0.22835704632704246,12.616715015901242,1.6291339686650486,1.9836959017743712,0.7252654401192228,18.23794675693699,9.587237329712398,2350.94891032117,P000224_HL,P000224,HL,production,thermorheo-v2.0-interface-objective-R10,3381,3264,138,states=138 nodes=3381 elems=3264
-6.118374588,-6.118374588,-6.684761663,-14.99105931,-6.435595192,-15.10261357,-18.17090993,21.61792674,247.3379209,3.995835492,70.72657213888888,1,2,0.2824791253,0.03204090130000001,271.9420934,-6.118374588,-8.929382367,-14.99105931,-16.08680608,24.375,0.09649987052,0.0437235225,1,178.1249913,-0.5663870749999997,,False,-0.07569121000000045,0.04961306800116137,2,1,-6.118374588,-9.769839629,-6.684761663,-10.22749188,-6.118374588,-9.769839629,-6.435595192,-10.01741187,0.2203513062,322.7153205,0.2203513062,322.7153205,265.8270205963955,18.222553300936596,133.04206608126935,2680.2609318580353,143.001776771036,0.2844538341434258,87.55860301954998,46.02739105416057,90.64115350046032,3.3959525087781475,42.84403690305276,1.7686832567075617,57.32297940360444,0.5860221955188911,3.2225533009365943,0.5881414144027395,25.783223644388737,32.257151065718425,2.8206444239341595,1.49622176982297,1.5820370119787772,37.42066131530163,49.53096251141297,38.66893632938948,0.8047901136697793,0.42190184227125643,11.282763480284288,0.22835704632704246,12.616715015901242,1.6291339686650486,1.9836959017743712,0.7252654401192228,18.23794675693699,9.587237329712398,2350.94891032117,P000224_LH,P000224,LH,production,thermorheo-v2.0-interface-objective-R10,3381,3264,138,states=138 nodes=3381 elems=3264
-0.9510990644,-0.9510990644,-1.986882342,-11.82988453,-1.542592498,-11.95550657,-12.8165354,21.77252989,237.9012377,12.07434413,2.7059199036111115,1,1,0.5571643039,0.053932680009999984,249.194724,-0.9510990644,-7.386024195,-11.82988453,-13.47202642,20.625,0.09915291209,0.03731851358,1,178.1249937,-1.0357832775999998,,False,-0.14202472999999927,0.19970524618549615,1,2,-0.9510990644,-4.24561332,-1.986882342,-5.278868254,-0.9510990644,-4.24561332,-1.542592498,-4.717346943,7.96592152e-06,323.15,0.815673346,320.8768321,229.13480063334632,20.514515951211376,109.26592623827464,3151.226696550774,157.8167711405438,0.770749301947731,75.50512189137227,18.639031630038733,18.584586319774797,5.271210680381058,31.22975294043906,1.3965197116237273,94.01519936665366,0.7127218870741053,5.514515951211376,0.7686949378035678,14.324056932953773,18.174844362850447,0.796045645891613,2.9169064900262374,3.862379207561574,47.292305322557795,73.8859664387061,37.269279357170234,0.838462304645839,0.29564676371557636,13.732237128162588,0.2247957946318354,8.946483124897295,0.7206769761337555,2.3777177106130982,0.41923614195985304,13.014384409740005,3.2127028813702943,1384.6878960331571,P000225_HL,P000225,HL,production,thermorheo-v2.0-interface-objective-R10,3381,3264,114,states=114 nodes=3381 elems=3264
-1.250322505,-1.250322505,-2.250557565,-11.82668602,-1.823781523,-11.95259658,-12.88041667,21.41856759,238.0822377,11.3894836,42.78015255555556,1,2,0.5931409389,0.05401607193999999,248.3460357,-1.250322505,-7.471562238,-11.82668602,-13.46794678,20.625,0.09915291209,0.03731851358,1,178.1249937,-1.0002350599999998,,False,-0.13882622000000033,0.197679473234221,2,1,-1.250322505,-3.988928298,-2.250557565,-5.077991563,-1.250322505,-3.988928298,-1.823781523,-4.477384964,0.737278746,321.5298635,0.737278746,321.5298635,229.13480063334632,20.514515951211376,109.26592623827464,3151.226696550774,157.8167711405438,0.770749301947731,75.50512189137227,18.639031630038733,18.584586319774797,5.271210680381058,31.22975294043906,1.3965197116237273,94.01519936665366,0.7127218870741053,5.514515951211376,0.7686949378035678,14.324056932953773,18.174844362850447,0.796045645891613,2.9169064900262374,3.862379207561574,47.292305322557795,73.8859664387061,37.269279357170234,0.838462304645839,0.29564676371557636,13.732237128162588,0.2247957946318354,8.946483124897295,0.7206769761337555,2.3777177106130982,0.41923614195985304,13.014384409740005,3.2127028813702943,1384.6878960331571,P000225_LH,P000225,LH,production,thermorheo-v2.0-interface-objective-R10,3381,3264,114,states=114 nodes=3381 elems=3264
1.735133626,1.735133626,-2.656946878,-9.782699881,1.007117194,-9.894374936,-13.27985251,22.76640874,158.2335586,9.411413989,1.755435745,1,1,0.3316091679,0.026489599850000004,279.5495606,1.735133626,-2.812992502,-9.782699881,-10.81563918,16.875,0.1013813657,0.03075370105,1,1.874985156,-4.392080504,-1.5312635512257657,False,-0.06019974699999864,0.10074543472825569,1,2,1.735133626,-4.860052531,-2.656946878,-6.72518907,1.735133626,-4.860052531,1.007117194,-5.199887121,0.2555933492,323.15,0.3776384384,321.358868,272.9379051587227,19.924497967527778,118.0500547694964,2101.959753271036,200.57535959356665,0.3527465332137801,5.170855770395923,54.20514719840314,74.64580988175886,0.19637863441913064,49.40644221988961,4.495185813599032,50.21209484127728,0.43297614279615104,4.924497967527777,0.47453781105875725,26.331050654725363,11.667453816423823,1.7554357450566984,0.8270458634668919,2.354497281817314,43.84654186294003,132.77648306287614,29.330697542724128,0.7304088649594633,0.5864322862489978,17.03468544035352,0.24391354755231012,12.73190114753943,1.4001518300620044,2.114191836502122,0.456335777767846,2.595544277864317,27.208621916529644,1210.6856251275892,P000226_HL,P000226,HL,production,thermorheo-v2.0-interface-objective-R10,3381,3264,123,states=123 nodes=3381 elems=3264
1.714169458,1.714169458,-2.680447154,-9.778510952,0.9997204245,-9.887355062,-13.26669071,22.72463532,158.2335586,9.342028815,44.690919111111114,1,2,0.3326625664,0.026487761450000008,279.2933934,1.714169458,-2.757867961,-9.778510952,-10.79336723,16.875,0.1013813657,0.03075370105,1,1.874985156,-4.394616612,-1.563700217321221,False,-0.05601081799999896,0.10039087897991775,2,1,1.714169458,-4.839618587,-2.680447154,-6.694535854,1.714169458,-4.839618587,0.9997204245,-5.208009845,0.3099266583,322.3744826,0.3099266583,322.3744826,272.9379051587227,19.924497967527778,118.0500547694964,2101.959753271036,200.57535959356667,0.3527465332137801,5.170855770395923,54.20514719840314,74.64580988175886,0.19637863441913064,49.40644221988961,4.495185813599032,50.21209484127728,0.43297614279615104,4.924497967527777,0.47453781105875725,26.331050654725363,11.667453816423823,1.7554357450566984,0.8270458634668919,2.354497281817314,43.84654186294003,132.77648306287614,29.330697542724128,0.7304088649594633,0.5864322862489978,17.03468544035352,0.24391354755231012,12.73190114753943,1.4001518300620044,2.114191836502122,0.456335777767846,2.595544277864317,27.208621916529644,1210.6856251275892,P000226_LH,P000226,LH,production,thermorheo-v2.0-interface-objective-R10,3381,3264,123,states=123 nodes=3381 elems=3264
6.664715606,6.664715606,5.639112395,-10.43353069,6.040493987,-10.5687533,-8.33370388,26.1216028,211.215017,8.135968348,15.782163833333334,1,1,0.1446114934,0.041344765959999995,256.3683291,6.664715606,2.383818828,-10.43353069,-11.75105125,1.875,0.1058865229,0.003466365849,1,1.874983438,-1.025603211,0.8461144823529023,False,-0.045942399999999495,0.2113284750322332,1,2,6.664715606,-3.038066106,5.639112395,-3.649871178,6.664715606,-3.038066106,6.040493987,-3.402178623,4.099374983e-05,323.15,0.1543945431,320.7674734,247.32569771069183,24.44993025052038,162.25602873385512,3149.063447559698,356.2355914689171,0.3128444565633056,787.2909995778099,317.44524974005407,75.72042217922132,33.234855581296344,321.61669428163833,0.4017418160052359,75.82430228930815,0.44239132199328773,9.449930250520381,0.42232984471271956,23.688714327402568,13.076036182895693,1.9637471437152807,3.666453008784481,0.9123120084299177,88.71753957429493,177.18425369783233,21.716467704861383,0.9336937987646001,0.6472564307259518,17.121017929780255,0.2099670256531327,11.565300701971317,1.6459904615012646,2.2042572760669326,0.6871415749328411,32.5483573328729,13.123891201224367,3358.09649992533,P000227_HL,P000227,HL,production,thermorheo-v2.0-interface-objective-R10,3381,3264,166,states=166 nodes=3381 elems=3264
6.465829982,6.465829982,5.439317722,-10.42809566,5.852072507,-10.56274862,-8.34988068,25.87916291,211.3273154,7.762133895,58.102396750000004,1,2,0.1600181349,0.04134394586,256.0171286,6.465829982,2.233051574,-10.42809566,-11.74426784,1.875,0.1058865229,0.003466365849,1,1.874983438,-1.0265122599999996,0.8412404497399913,False,-0.040507370000000265,0.20924719707253805,2,1,6.465829982,-2.993918792,5.439317722,-3.596374046,6.465829982,-2.993918792,5.852072507,-3.389643296,0.3807887692,322.0959909,0.3807887692,322.0959909,247.32569771069183,24.44993025052038,162.25602873385512,3149.063447559698,356.235591468917,0.3128444565633056,787.2909995778099,317.44524974005407,75.72042217922132,33.234855581296344,321.61669428163833,0.4017418160052359,75.82430228930815,0.44239132199328773,9.449930250520381,0.42232984471271956,23.688714327402568,13.076036182895693,1.9637471437152807,3.666453008784481,0.9123120084299177,88.71753957429493,177.18425369783233,21.716467704861383,0.9336937987646001,0.6472564307259518,17.121017929780255,0.2099670256531327,11.565300701971317,1.6459904615012646,2.2042572760669326,0.6871415749328411,32.5483573328729,13.123891201224367,3358.09649992533,P000227_LH,P000227,LH,production,thermorheo-v2.0-interface-objective-R10,3381,3264,166,states=166 nodes=3381 elems=3264
3.348405127,3.348405127,2.803912815,-5.426300762,2.946124786,-5.564932238,-8.295551201,18.10532447,196.3501067,8.534690519,8.339417902777779,1,1,0.2691872596,0.03998259513000001,267.2742251,3.348405127,-0.4185360114,-5.426300762,-7.078186093,31.875,0.08996723585,0.05594522235,1,178.1249888,-0.544492312,0.8373875647216449,False,-0.012609230000000693,0.08649775336641446,1,2,3.348405127,-1.994822294,2.803912815,-2.75159623,3.348405127,-1.994822294,2.946124786,-2.27364251,0.2683114454,323.15,0.3362221572,322.1433968,255.18233741697054,19.70121565033475,143.64215361610889,2359.7042025652795,186.90752957144858,0.43774553613165623,252.73006774334783,582.3893036998014,49.230202721669976,11.727449285470527,648.5915428607425,2.9484385171733365,67.96766258302942,0.3658020323780545,4.701215650334748,0.7153608285845953,21.550301484267543,35.719240603489354,1.4825037943308428,1.7713110840655224,2.713326424665192,52.88802743796132,127.4943496017405,29.718854320770212,0.7260953313206648,0.5564672536305955,8.915431219617004,0.21371959819843356,13.07698810575264,0.9391212247666652,1.7597455963152961,0.4385013597843506,12.114629623592537,27.916863134108638,3685.7602708440268,P000228_HL,P000228,HL,production,thermorheo-v2.0-interface-objective-R10,3381,3264,148,states=148 nodes=3381 elems=3264
3.31311049,3.31311049,2.769208712,-5.419081919,2.912879718,-5.55644541,-8.297942436,18.06455834,196.3698934,8.477661802,71.57610130555555,1,2,0.2762475421,0.03998236721,267.0611,3.31311049,-0.4395659875,-5.419081919,-7.044278142,31.875,0.08996723585,0.05594522235,1,178.1249888,-0.543901778,0.8358334925316663,False,-0.005390387000000274,0.08638789112824469,2,1,3.31311049,-1.98720951,2.769208712,-2.746945429,3.31311049,-1.98720951,2.912879718,-2.27139017,0.3083672294,322.7817826,0.3083672294,322.7817826,255.18233741697054,19.70121565033475,143.64215361610889,2359.7042025652795,186.90752957144863,0.43774553613165623,252.73006774334783,582.3893036998014,49.230202721669976,11.727449285470527,648.5915428607425,2.9484385171733365,67.96766258302942,0.3658020323780545,4.701215650334748,0.7153608285845953,21.550301484267543,35.719240603489354,1.4825037943308428,1.7713110840655224,2.713326424665192,52.88802743796132,127.4943496017405,29.718854320770212,0.7260953313206648,0.5564672536305955,8.915431219617004,0.21371959819843356,13.07698810575264,0.9391212247666652,1.7597455963152961,0.4385013597843506,12.114629623592537,27.916863134108638,3685.7602708440268,P000228_LH,P000228,LH,production,thermorheo-v2.0-interface-objective-R10,3381,3264,148,states=148 nodes=3381 elems=3264
-6.158033941,-6.158033941,-10.31720345,-21.03008784,-6.758329377,-21.11117166,-19.94292755,26.58438948,254.4783956,7.074826569,4.231733002777778,1,1,0.3027719514,0.034814215699999984,271.5219128,-6.158033941,-10.55239445,-21.03008784,-21.80184226,1.875,0.1058865229,0.003466365849,1,1.874985435,-4.159169508999999,,False,-0.12025725000000165,0.28917860798078066,1,2,-6.158033941,-12.05049474,-10.31720345,-15.04464889,-6.158033941,-12.05049474,-6.758329377,-12.46884885,5.350397181e-11,323.15,0.4893250063,322.0608179,264.1071460407296,24.91432501844018,130.11084318971214,2620.3269881749115,421.2202987241597,0.27099714545490755,90.3317645690599,20.223287314531078,91.68822588328554,3.635483754055543,19.533708746548516,1.631382088946957,59.042853959270346,0.6092412471735382,9.914325018440183,0.6421145213809627,24.84724748619515,22.971111826601994,1.250063304854757,0.8009543444709429,2.6100696374939916,48.123061817080455,110.4416818434519,38.16033635368608,0.9039588472252016,0.5764424985115175,15.476289669033848,0.2452362177899881,12.32551489740306,1.51386605649305,1.756138130414386,0.6642318872428183,14.080767456157158,3.152372891567534,2686.7139800165723,P000229_HL,P000229,HL,production,thermorheo-v2.0-interface-objective-R10,3381,3264,135,states=135 nodes=3381 elems=3264
-6.383531391,-6.383531391,-10.5169274,-21.02295236,-6.969213677,-21.10335947,-19.9621998,26.33558426,254.4783956,6.670977573,56.71117961111111,1,2,0.336284402,0.03481536219999999,271.2138091,-6.383531391,-10.70530962,-21.02295236,-21.79267359,1.875,0.1058865229,0.003466365849,1,1.874985435,-4.133396009,,False,-0.1131217700000029,0.2882811495946347,2,1,-6.383531391,-11.87535835,-10.5169274,-14.91938612,-6.383531391,-11.87535835,-6.969213677,-12.31131477,0.4228762507,322.4864253,0.4228762507,322.4864253,264.1071460407296,24.91432501844018,130.11084318971214,2620.3269881749115,421.22029872415965,0.27099714545490755,90.3317645690599,20.223287314531078,91.68822588328554,3.635483754055543,19.533708746548516,1.631382088946957,59.042853959270346,0.6092412471735382,9.914325018440183,0.6421145213809627,24.84724748619515,22.971111826601994,1.250063304854757,0.8009543444709429,2.6100696374939916,48.123061817080455,110.4416818434519,38.16033635368608,0.9039588472252016,0.5764424985115175,15.476289669033848,0.2452362177899881,12.32551489740306,1.51386605649305,1.756138130414386,0.6642318872428183,14.080767456157158,3.152372891567534,2686.7139800165723,P000229_LH,P000229,LH,production,thermorheo-v2.0-interface-objective-R10,3381,3264,135,states=135 nodes=3381 elems=3264
-2.572199788,-2.572199788,-3.382688773,-6.96376713,-2.830906674,-7.086991707,-13.63013712,17.12294625,166.7987048,5.20345195,1.6491694097222223,1,1,0.203729081,0.03422583597000001,278.4231164,-2.572199788,-5.638792869,-6.96376713,-8.19492945,35.625,0.08611561649,0.06170957809,1,178.1249994,-0.8104889850000001,,False,-0.06219328500000021,0.06531562636067097,1,2,-2.572199788,-4.681987136,-3.382688773,-5.194771093,-2.572199788,-4.681987136,-2.830906674,-4.890753771,9.837243513e-09,323.15,0.4953246388,320.9652604,269.4379450715595,19.085436575082078,106.36644909807055,1835.6541449633478,116.37047893300307,0.5766487166678999,17.915545743611567,14.339030399388424,28.034182320347252,1.1082323386665038,21.287850122309553,2.0927982570314474,53.71205492844048,0.5541150628545662,4.085436575082077,0.5011464315441276,16.165875257862172,9.518799642510924,1.6491694098287022,3.9690369338037716,2.0620889882483615,49.1553082760736,131.2801503307912,39.70487745070348,0.6303816047463822,0.027017859153494604,9.085339013770115,0.23617555006872068,8.558124814898513,0.9553488642969241,2.358195609561288,0.37507329612995205,4.548359886352816,3.6403619298635155,2222.273945996307,P000230_HL,P000230,HL,production,thermorheo-v2.0-interface-objective-R10,3381,3264,113,states=113 nodes=3381 elems=3264
-2.677364939,-2.677364939,-3.450282521,-6.965021999,-2.927678179,-7.088004783,-13.65943725,17.03956587,167.0476411,4.899165699,35.01413963888889,1,2,0.2115615962,0.03446720209000001,277.9999436,-2.677364939,-5.646401875,-6.965021999,-8.18893722,35.625,0.08611561649,0.06170957809,1,178.1249994,-0.7729175820000003,,False,-0.06344815400000048,0.06504526588877137,2,1,-2.677364939,-4.551460514,-3.450282521,-5.13704331,-2.677364939,-4.551460514,-2.927678179,-4.766909441,0.340766655,321.9394029,0.340766655,321.9394029,269.4379450715595,19.085436575082078,106.36644909807055,1835.6541449633473,116.37047893300303,0.5766487166678999,17.915545743611567,14.339030399388424,28.034182320347252,1.1082323386665038,21.287850122309553,2.0927982570314474,53.71205492844048,0.5541150628545662,4.085436575082077,0.5011464315441276,16.165875257862172,9.518799642510924,1.6491694098287022,3.9690369338037716,2.0620889882483615,49.1553082760736,131.2801503307912,39.70487745070348,0.6303816047463822,0.027017859153494604,9.085339013770115,0.23617555006872068,8.558124814898513,0.9553488642969241,2.358195609561288,0.37507329612995205,4.548359886352816,3.6403619298635155,2222.273945996307,P000230_LH,P000230,LH,production,thermorheo-v2.0-interface-objective-R10,3381,3264,113,states=113 nodes=3381 elems=3264
-2.943562231,-2.943562231,-6.689824775,-16.38225716,-3.515933672,-16.46762209,-16.67304525,24.7289686,200.1634731,5.686630549,3.3761170222222225,1,1,0.1449493739,0.03500421293,272.059256,-2.943562231,-8.726395926,-16.38225716,-17.50455057,1.875,0.1058865229,0.003466365849,1,1.874990939,-3.746262544,,False,-0.050668760000000646,0.2710177610960213,1,2,-2.943562231,-7.104443995,-6.689824775,-10.00846839,-2.943562231,-7.104443995,-3.515933672,-7.513975873,5.33292155e-06,323.15,0.8883517851,318.1477586,263.7162972621624,24.70732573622235,84.52098302085379,2228.2027267340827,350.7789052467879,0.4595012056438788,42.939667341935,32.12074615987538,43.0865873284587,2.1688520295845657,38.9375045386518,0.5537355259588462,59.43370273783757,0.7178544102052542,9.707325736222352,0.7341094101954267,19.79833882450704,2.8968743600501234,1.3962831404237648,0.6831674916964612,1.2888254760144915,35.29087879552014,62.511742082963046,33.02833350651919,0.9067019250043078,0.37229431359720355,13.66646815067843,0.23534546425571412,12.783033207446977,1.280397507953742,2.5184769500468285,0.6993932137262131,5.231512561947163,3.9133998336870137,3018.423444313614,P000231_HL,P000231,HL,production,thermorheo-v2.0-interface-objective-R10,3381,3264,90,states=90 nodes=3381 elems=3264
-3.413430798,-3.413430798,-7.043021809,-16.3800743,-3.937672407,-16.46422233,-16.6833527,24.18084624,200.1634731,4.794557201,29.439606305555554,1,2,0.1492433444,0.03500860170999999,271.3770316,-3.413430798,-8.838802769,-16.3800743,-17.48986805,1.875,0.1058865229,0.003466365849,1,1.874990939,-3.629591011,,False,-0.048485899999999305,0.26929780799718966,2,1,-3.413430798,-6.738604711,-7.043021809,-9.814658856,-3.413430798,-6.738604711,-3.937672407,-7.209650877,0.9836591305,319.5591189,0.9836591305,319.5591189,263.7162972621624,24.70732573622235,84.52098302085379,2228.202726734083,350.7789052467879,0.4595012056438788,42.939667341935,32.12074615987538,43.0865873284587,2.1688520295845657,38.9375045386518,0.5537355259588462,59.43370273783757,0.7178544102052542,9.707325736222352,0.7341094101954267,19.79833882450704,2.8968743600501234,1.3962831404237648,0.6831674916964612,1.2888254760144915,35.29087879552014,62.511742082963046,33.02833350651919,0.9067019250043078,0.37229431359720355,13.66646815067843,0.23534546425571412,12.783033207446977,1.280397507953742,2.5184769500468285,0.6993932137262131,5.231512561947163,3.9133998336870137,3018.423444313614,P000231_LH,P000231,LH,production,thermorheo-v2.0-interface-objective-R10,3381,3264,90,states=90 nodes=3381 elems=3264
-6.019691624,-6.019691624,-7.252235551,-15.69446955,-6.51613778,-15.82710191,-17.10522589,21.93597937,228.8185852,4.075386296,5.563272594444445,1,1,0.623891126,0.0440517133,259.7246915,-6.019691624,-10.14443921,-15.69446955,-17.52075772,1.875,0.1058865229,0.003466365849,1,1.874983537,-1.232543927,,False,0.02273377999999937,0.2029204296162053,1,2,-6.019691624,-11.80252321,-7.252235551,-12.62136336,-6.019691624,-11.80252321,-6.51613778,-12.09416424,0.6870551496,323.15,0.7702778586,320.2898824,248.48148882556862,24.961783668715075,131.27984277320797,3607.338588628539,472.57865367482424,0.3469645763502303,53.15077377142821,261.8353938107663,85.71535903057791,1.7871697522427055,211.29820516895217,3.0181688248472516,74.66851117443136,0.39158688448580903,9.961783668715075,0.47137065299884473,29.740193232752354,13.812375981280917,2.5892532709164766,2.4133106852144928,2.5372431536640683,42.907466106832274,52.218429257256666,38.06008440568118,0.9181541133867807,0.6437611491442343,9.975877238099736,0.2390842835925136,10.429352312059915,1.134843205971447,1.6854951389557096,0.6885079146038229,4.576409333888059,22.544656552525822,2637.0585826587753,P000232_HL,P000232,HL,production,thermorheo-v2.0-interface-objective-R10,3381,3264,136,states=136 nodes=3381 elems=3264
-6.02251898,-6.02251898,-7.258916706,-15.68566331,-6.509273434,-15.81403994,-17.08413026,21.90619219,228.8185852,4.03922691,56.655648916666664,1,2,0.6226952096,0.0438950852,259.351509,-6.02251898,-10.11223363,-15.68566331,-17.49178204,1.875,0.1058865229,0.003466365849,1,1.874983537,-1.2363977259999999,,False,0.03154001999999956,0.20303546006810477,2,1,-6.02251898,-11.82814196,-7.258916706,-12.63738741,-6.02251898,-11.82814196,-6.509273434,-12.14595065,0.7057074071,322.0300155,0.7057074071,322.0300155,248.48148882556862,24.961783668715075,131.27984277320797,3607.338588628539,472.5786536748242,0.3469645763502303,53.15077377142821,261.8353938107663,85.71535903057791,1.7871697522427055,211.29820516895217,3.0181688248472516,74.66851117443136,0.39158688448580903,9.961783668715075,0.47137065299884473,29.740193232752354,13.812375981280917,2.5892532709164766,2.4133106852144928,2.5372431536640683,42.907466106832274,52.218429257256666,38.06008440568118,0.9181541133867807,0.6437611491442343,9.975877238099736,0.2390842835925136,10.429352312059915,1.134843205971447,1.6854951389557096,0.6885079146038229,4.576409333888059,22.544656552525822,2637.0585826587753,P000232_LH,P000232,LH,production,thermorheo-v2.0-interface-objective-R10,3381,3264,136,states=136 nodes=3381 elems=3264
0.644801418,0.644801418,-1.293853617,-4.584033489,0.4156044663,-4.676611434,-8.235974568,15.19209743,205.5412885,5.141678646,2.554383128611111,1,1,0.2936048457,0.03964149487,279.2511624,0.644801418,-2.556289907,-4.584033489,-5.76385446,24.375,0.09649987052,0.0437235225,1,178.1249992,-1.938655035,-2.0065923877977574,False,-0.18370886800000008,0.12097142531670832,1,2,0.644801418,-1.421167698,-1.293853617,-2.772641096,0.644801418,-1.421167698,0.4156044663,-1.602071346,6.227776725e-05,323.15,0.3123448391,322.6785458,272.621791188029,24.882806740360998,76.26762282619944,958.1355477442038,174.44798591835283,0.23458421388821715,31.531325507337495,8.631437480660715,38.633145131231636,3.4792319192589067,22.85785755614807,1.4020939266853667,50.52820881197097,0.6074992416604198,9.882806740361,0.6790936751190362,9.062725980639376,22.071410775268983,2.5543831286884746,0.34539353181295984,2.221785786400098,25.82763519584865,81.76511511210835,25.394672831057214,0.7100843144333615,0.03547940706514097,8.204091568561342,0.23096423320989365,9.058900602615738,1.6131065796717041,1.6198259453944228,0.35579835687379147,15.741749076288428,4.30917257051606,1211.1734364133004,P000233_HL,P000233,HL,production,thermorheo-v2.0-interface-objective-R10,3381,3264,84,states=84 nodes=3381 elems=3264
0.5016708559,0.5016708559,-1.405146613,-4.608535381,0.2781177769,-4.70106234,-8.256649509,15.05382337,205.529958,5.006259509,38.810082333333334,1,2,0.3390188352,0.039641835615,279.074065,0.5016708559,-2.632091918,-4.608535381,-5.780944762,24.375,0.09649987052,0.0437235225,1,178.1249992,-1.9068174689000001,-2.8009333140932813,False,-0.20821076000000005,0.12057612803376903,2,1,0.5016708559,-1.244547446,-1.405146613,-2.641580541,0.5016708559,-1.244547446,0.2781177769,-1.427752422,0.2375648495,322.8635919,0.2375648495,322.8635919,272.621791188029,24.882806740360998,76.26762282619944,958.1355477442039,174.44798591835283,0.23458421388821715,31.531325507337495,8.631437480660715,38.633145131231636,3.4792319192589067,22.85785755614807,1.4020939266853667,50.52820881197097,0.6074992416604198,9.882806740361,0.6790936751190362,9.062725980639376,22.071410775268983,2.5543831286884746,0.34539353181295984,2.221785786400098,25.82763519584865,81.76511511210835,25.394672831057214,0.7100843144333615,0.03547940706514097,8.204091568561342,0.23096423320989365,9.058900602615738,1.6131065796717041,1.6198259453944228,0.35579835687379147,15.741749076288428,4.30917257051606,1211.1734364133004,P000233_LH,P000233,LH,production,thermorheo-v2.0-interface-objective-R10,3381,3264,84,states=84 nodes=3381 elems=3264
-6.172639346,-6.172639346,-6.619802096,-15.82053331,-6.642480861,-15.93034617,-17.63352078,19.50551484,206.9242024,6.113754565,6.167165455555556,1,1,0.216876225,0.02788903825000001,283.042271,-6.172639346,-9.61941798,-15.82053331,-17.21469456,1.875,0.1058865229,0.003466365849,1,88.12451464,-0.4471627499999995,,False,-0.023585909999999544,0.07129781040768851,1,2,-6.172639346,-9.514534187,-6.619802096,-9.862253775,-6.172639346,-9.514534187,-6.642480861,-9.851427086,0.1759759552,323.15,0.5889945122,320.9859865,273.19922852701353,19.028668159655012,138.12841772029063,1438.3046096723936,99.43371257419362,0.4734666018066111,94.81035435335684,59.74813334326511,27.38817814153649,7.3114459925781645,110.58165612634049,0.3858713221867929,49.95077147298647,0.6842276798600305,4.028668159655014,0.6187931277228595,12.967387634347386,8.787943963589042,2.1772000285004296,2.381772393292267,1.317531957147739,91.65268973012596,65.5075426814538,35.288982400955746,0.8833014821655967,0.6983657979275363,11.689518508651734,0.2737520788808483,12.963424990596035,0.9682954598110993,1.9624732690196325,0.5917777749241635,22.774286292607584,14.352030466387927,2520.7862824311005,P000234_HL,P000234,HL,production,thermorheo-v2.0-interface-objective-R10,3381,3264,144,states=144 nodes=3381 elems=3264
-6.386426509,-6.386426509,-6.825180536,-15.82059759,-6.834060357,-15.93032387,-17.63898859,19.23951959,206.9242024,5.665504995,33.79900144444444,1,2,0.2208170574,0.027885199540000002,282.4937901,-6.386426509,-9.739532925,-15.82059759,-17.21457233,1.875,0.1058865229,0.003466365849,1,88.12451464,-0.43875402700000077,,False,-0.023650189999999682,0.07088232751060083,2,1,-6.386426509,-9.326231572,-6.825180536,-9.687887905,-6.386426509,-9.326231572,-6.834060357,-9.69083055,0.6057836897,321.6693221,0.6057836897,321.6693221,273.19922852701353,19.028668159655012,138.12841772029063,1438.3046096723936,99.43371257419362,0.4734666018066111,94.81035435335684,59.74813334326511,27.38817814153649,7.3114459925781645,110.58165612634049,0.3858713221867929,49.95077147298647,0.6842276798600305,4.028668159655014,0.6187931277228595,12.967387634347386,8.787943963589042,2.1772000285004296,2.381772393292267,1.317531957147739,91.65268973012596,65.5075426814538,35.288982400955746,0.8833014821655967,0.6983657979275363,11.689518508651734,0.2737520788808483,12.963424990596035,0.9682954598110993,1.9624732690196325,0.5917777749241635,22.774286292607584,14.352030466387927,2520.7862824311005,P000234_LH,P000234,LH,production,thermorheo-v2.0-interface-objective-R10,3381,3264,144,states=144 nodes=3381 elems=3264
-2.190047851,-2.190047851,-2.512482004,-7.484215514,-2.464586835,-7.636300477,-13.31802584,19.87226919,194.3119984,3.046631547,10.042716727777778,1,1,0.04016574272,0.041961717790000005,267.2706804,-2.190047851,-5.02844497,-7.484215514,-9.047004194,31.875,0.08996723585,0.05594522235,1,178.1249921,-0.3224341530000001,,False,-0.00813664699999972,0.06340444878205717,1,2,-2.190047851,-5.177256924,-2.512482004,-5.395265859,-2.190047851,-5.177256924,-2.464586835,-5.386111861,0.001495322197,323.15,0.1672913816,320.4646454,256.2756063368423,20.685221083077394,110.26676743545025,1881.0873711597535,152.94697921558569,0.5687770532911125,135.01552757107137,139.9844878157313,27.627856999248316,8.592003621074825,213.7971383608065,0.5993736314877354,66.87439366315766,0.43624899283949437,5.685221083077393,0.5029166779672839,15.714091092780695,9.324056048757472,2.1856711820761383,2.1866091726051318,1.1825492418841987,58.404870008000444,141.0156474553418,34.81115608167176,0.688818950964126,0.38019795068404383,9.051295273002596,0.18650831141153856,9.082878354041181,1.0660564736661529,2.595546319906652,0.7227685834662978,15.556333410286609,16.12885128033455,2676.0279916920845,P000235_HL,P000235,HL,production,thermorheo-v2.0-interface-objective-R10,3381,3264,118,states=118 nodes=3381 elems=3264
-2.257529839,-2.257529839,-2.57709413,-7.483191847,-2.526112194,-7.634803967,-13.32400845,19.79265444,194.3668741,2.899499846,40.63569347222222,1,2,0.04829278472,0.04196181953,266.8647035,-2.257529839,-5.037460832,-7.483191847,-9.040248225,31.875,0.08996723585,0.05594522235,1,178.1249921,-0.31956429099999983,,False,-0.007112979999999602,0.062448968757667644,2,1,-2.257529839,-5.142589768,-2.57709413,-5.365462473,-2.257529839,-5.142589768,-2.526112194,-5.36323044,0.1847157204,321.9785168,0.1847157204,321.9785168,256.2756063368423,20.685221083077394,110.26676743545025,1881.0873711597537,152.94697921558569,0.5687770532911125,135.01552757107137,139.9844878157313,27.627856999248316,8.592003621074825,213.7971383608065,0.5993736314877354,66.87439366315766,0.43624899283949437,5.685221083077393,0.5029166779672839,15.714091092780695,9.324056048757472,2.1856711820761383,2.1866091726051318,1.1825492418841987,58.404870008000444,141.0156474553418,34.81115608167176,0.688818950964126,0.38019795068404383,9.051295273002596,0.18650831141153856,9.082878354041181,1.0660564736661529,2.595546319906652,0.7227685834662978,15.556333410286609,16.12885128033455,2676.0279916920845,P000235_LH,P000235,LH,production,thermorheo-v2.0-interface-objective-R10,3381,3264,118,states=118 nodes=3381 elems=3264
4.625564121,4.625564121,3.652353052,-10.30280579,4.199586521,-10.3580078,-7.728230471,21.78432615,240.9143123,6.588942178,7.579353763888888,1,1,0.3292004791,0.04652013163,249.1706617,4.625564121,-1.874328961,-10.30280579,-11.11438281,1.875,0.1058865229,0.003466365849,1,1.874998626,-0.973211069,0.78960164781164,False,0.013363089999998579,0.121475924370714,1,2,4.625564121,-2.667506819,3.652353052,-3.650625054,4.625564121,-2.667506819,4.199586521,-2.965806964,0.4039143283,323.15,0.3412693543,321.6600646,239.33955373464516,23.538657745397003,119.37596118181006,4176.99246092276,366.0637040241764,0.33197822399598775,231.4473637236226,404.8014934183062,83.69307959405693,8.330155193996994,349.66664129780196,8.599556727421177,83.81044626535481,0.547489148822765,8.538657745397003,0.4172882766947237,27.78427992438986,26.668108527608993,1.6255794938004917,3.303560741129699,0.6109078505168892,26.059196634527176,13.128332031374008,21.155093316547266,0.8286777329918897,0.05997656890058337,16.95619226784767,0.24985867202207995,9.40054453093416,1.3617082259256155,1.9350855200911365,0.7134932916347583,3.1011026931856973,5.423829337473577,3979.7806033311626,P000236_HL,P000236,HL,production,thermorheo-v2.0-interface-objective-R10,3381,3264,125,states=125 nodes=3381 elems=3264
4.629493711,4.629493711,3.65177749,-10.29163527,4.209912322,-10.33990358,-7.712876656,21.77190654,240.9672085,6.595715452,66.57949458333333,1,2,0.3147523331,0.046519774039999996,248.8077962,4.629493711,-1.781319171,-10.29163527,-10.97953603,1.875,0.1058865229,0.003466365849,1,1.874998626,-0.9777162210000001,0.7888070959731778,False,0.024533609999998873,0.12171058117046803,2,1,4.629493711,-2.692625987,3.65177749,-3.663786221,4.629493711,-2.692625987,4.209912322,-3.008405575,0.3569385393,322.3342765,0.3569385393,322.3342765,239.33955373464516,23.538657745397003,119.37596118181006,4176.99246092276,366.0637040241764,0.33197822399598775,231.4473637236226,404.8014934183062,83.69307959405693,8.330155193996994,349.66664129780196,8.599556727421177,83.81044626535481,0.547489148822765,8.538657745397003,0.4172882766947237,27.78427992438986,26.668108527608993,1.6255794938004917,3.303560741129699,0.6109078505168892,26.059196634527176,13.128332031374008,21.155093316547266,0.8286777329918897,0.05997656890058337,16.95619226784767,0.24985867202207995,9.40054453093416,1.3617082259256155,1.9350855200911365,0.7134932916347583,3.1011026931856973,5.423829337473577,3979.7806033311626,P000236_LH,P000236,LH,production,thermorheo-v2.0-interface-objective-R10,3381,3264,125,states=125 nodes=3381 elems=3264
0.0175608623,0.0175608623,-2.52684183,-11.07975815,-0.5653930388,-11.22305715,-14.86628915,25.59971083,211.1780061,7.495045818,3.0098618666666668,1,1,0.6122186767,0.050554984080000004,262.0317487,0.0175608623,-5.084563258,-11.07975815,-12.70755872,13.125,0.1031756887,0.02405719646,1,1.874988722,-2.5444026923,,False,-0.03368228999999978,0.14698857375871627,1,2,0.0175608623,-6.07889883,-2.52684183,-7.871238084,0.0175608623,-6.07889883,-0.5653930388,-6.443394999,0.7843419273,323.15,0.9085769505,321.7507655,252.90642466798158,24.005004398702766,180.0298048953862,3441.595056229441,540.6049270061545,0.41071706434950994,31.354023264919135,42.32690121100532,76.67754659377754,0.9955941143484615,32.256464213141044,3.2004425957132283,70.2435753320184,0.3612753845574812,9.005004398702765,0.7655951654427726,31.492776838519074,28.091030928438027,2.0257125912066014,2.992808296916357,0.9873142122914469,76.94155008908123,34.66770700906308,36.26952761860859,0.8221879099993215,0.45621168958956637,12.886219804459445,0.18944035445003743,11.33534731501704,1.2638097897184777,2.221933041885421,0.5384696881714757,8.777233175831373,11.848976394523676,1481.3159062042125,P000237_HL,P000237,HL,production,thermorheo-v2.0-interface-objective-R10,3381,3264,185,states=185 nodes=3381 elems=3264
-0.05930519069,-0.05930519069,-2.578332442,-11.07854691,-0.6344453406,-11.22013989,-14.84740688,25.49065323,211.1780061,7.395674927,68.59950472222222,1,2,0.6180279734,0.05025463642000001,261.810499,-0.05930519069,-5.099015207,-11.07854691,-12.69085376,13.125,0.1031756887,0.02405719646,1,1.874988722,-2.51902725131,,False,-0.032471049999999835,0.14596119599507196,2,1,-0.05930519069,-5.984164235,-2.578332442,-7.833996162,-0.05930519069,-5.984164235,-0.6344453406,-6.363021467,0.7500076376,322.644491,0.7500076376,322.644491,252.90642466798158,24.005004398702766,180.0298048953862,3441.595056229441,540.6049270061544,0.41071706434950994,31.354023264919135,42.32690121100532,76.67754659377754,0.9955941143484615,32.256464213141044,3.2004425957132283,70.2435753320184,0.3612753845574812,9.005004398702765,0.7655951654427726,31.492776838519074,28.091030928438027,2.0257125912066014,2.992808296916357,0.9873142122914469,76.94155008908123,34.66770700906308,36.26952761860859,0.8221879099993215,0.45621168958956637,12.886219804459445,0.18944035445003743,11.33534731501704,1.2638097897184777,2.221933041885421,0.5384696881714757,8.777233175831373,11.848976394523676,1481.3159062042125,P000237_LH,P000237,LH,production,thermorheo-v2.0-interface-objective-R10,3381,3264,185,states=185 nodes=3381 elems=3264
4.017937372,4.017937372,1.661988227,-9.115478422,3.643541983,-9.205792791,-7.378976827,20.22363254,264.646568,8.889920909,14.352907649999999,1,1,0.4773013383,0.053576981339999996,241.8203864,4.017937372,-1.197566665,-9.115478422,-10.4584335,1.875,0.1058865229,0.003466365849,1,178.1249954,-2.3559491449999994,0.41364214349929396,False,-0.15905768400000042,0.2922631375544621,1,2,4.017937372,-1.111724443,1.661988227,-2.874621275,4.017937372,-1.111724443,3.643541983,-1.389129689,0.0003935681563,323.15,0.2449854322,319.1760229,230.0715840490006,24.730380175430547,108.97609401348606,4695.579592836226,474.67309600703715,0.44928425080571427,589.8730722490498,187.7442251189405,63.36847953768943,20.71877571624704,158.26444061651014,0.3395403499653491,93.07841595099939,0.6098100174873744,9.730380175430547,0.6555802663393604,28.470459853788032,8.495077649907309,1.590287714918005,0.39989460621712625,3.3441837988573613,32.87136441601771,94.48536215164884,25.987334442213783,0.8465672133282685,0.21141814945418416,10.674298251467931,0.2427361775873425,10.650992655864485,1.28752848541765,2.4761933120841664,0.590783409702292,25.019346451089692,7.963133144106181,2524.2984369988426,P000238_HL,P000238,HL,production,thermorheo-v2.0-interface-objective-R10,3381,3264,115,states=115 nodes=3381 elems=3264
3.743256647,3.743256647,1.387640985,-9.096330216,3.378034389,-9.185141671,-7.420386728,19.91611482,264.663238,8.411636772,55.67107127777778,1,2,0.4869654073,0.05357058482,241.1277807,3.743256647,-1.329961679,-9.096330216,-10.39987839,1.875,0.1058865229,0.003466365849,1,178.1249954,-2.355615662,0.3707042064861122,False,-0.13990947799999987,0.29007685872642447,2,1,3.743256647,-1.024199094,1.387640985,-2.77343226,3.743256647,-1.024199094,3.378034389,-1.324330976,0.5250713507,320.726629,0.5250713507,320.726629,230.0715840490006,24.730380175430547,108.97609401348606,4695.579592836226,474.6730960070372,0.44928425080571427,589.8730722490498,187.7442251189405,63.36847953768943,20.71877571624704,158.26444061651014,0.3395403499653491,93.07841595099939,0.6098100174873744,9.730380175430547,0.6555802663393604,28.470459853788032,8.495077649907309,1.590287714918005,0.39989460621712625,3.3441837988573613,32.87136441601771,94.48536215164884,25.987334442213783,0.8465672133282685,0.21141814945418416,10.674298251467931,0.2427361775873425,10.650992655864485,1.28752848541765,2.4761933120841664,0.590783409702292,25.019346451089692,7.963133144106181,2524.2984369988426,P000238_LH,P000238,LH,production,thermorheo-v2.0-interface-objective-R10,3381,3264,115,states=115 nodes=3381 elems=3264
1.875870406,1.875870406,-0.9821609884,-14.15412944,1.061940977,-14.23968191,-13.15099674,24.82583362,181.1126392,11.81027518,2.236859793333333,1,1,0.3129895638,0.03786463594,265.9483181,1.875870406,-5.370291233,-14.15412944,-15.18737519,1.875,0.1058865229,0.003466365849,1,1.87498969,-2.8580313944,-0.5235761411121702,False,-0.032962389999999786,0.2602539860433889,1,2,1.875870406,-7.79780495,-0.9821609884,-9.381871594,1.875870406,-7.79780495,1.061940977,-8.205232018,0.2835715847,323.15,0.4426548363,322.3070085,253.05253761265016,23.707533912043086,111.20272558205163,1507.1929599413422,161.43725099200765,0.4482520730337867,26.43852259297977,70.6567516515765,24.361022697804927,2.421136971693562,155.29128584710813,3.2415295038359297,70.09746238734982,0.3930094095082248,8.707533912043086,0.4429436430987759,10.919878925514189,27.987476773713013,2.236859793372583,1.6207835895374274,3.5522329056652415,46.55573838015974,103.2535512084849,29.670180684714726,0.8680627286695513,0.4198870650194031,16.862081871674256,0.26516744228512307,11.15987253917697,1.0136415868335258,1.9449714546979608,0.5032096295124976,8.63403425469164,23.074391238750202,1305.5257507787558,P000239_HL,P000239,HL,production,thermorheo-v2.0-interface-objective-R10,3381,3264,116,states=116 nodes=3381 elems=3264
1.829396109,1.829396109,-1.018467719,-14.15425307,1.022273954,-14.23765291,-13.14535541,24.76866898,181.0889896,11.71664844,48.55409177777778,1,2,0.3217657514,0.03786254502,265.7371983,1.829396109,-5.361319997,-14.15425307,-15.16608851,1.875,0.1058865229,0.003466365849,1,1.87498969,-2.847863828,-0.5567234531600286,False,-0.03308601999999894,0.26017463759560683,2,1,1.829396109,-7.733172742,-1.018467719,-9.346410453,1.829396109,-7.733172742,1.022273954,-8.152073822,0.3552357501,322.8186964,0.3552357501,322.8186964,253.05253761265016,23.707533912043086,111.20272558205163,1507.192959941342,161.43725099200762,0.4482520730337867,26.43852259297977,70.6567516515765,24.361022697804927,2.421136971693562,155.29128584710813,3.2415295038359297,70.09746238734982,0.3930094095082248,8.707533912043086,0.4429436430987759,10.919878925514189,27.987476773713013,2.236859793372583,1.6207835895374274,3.5522329056652415,46.55573838015974,103.2535512084849,29.670180684714726,0.8680627286695513,0.4198870650194031,16.862081871674256,0.26516744228512307,11.15987253917697,1.0136415868335258,1.9449714546979608,0.5032096295124976,8.63403425469164,23.074391238750202,1305.5257507787558,P000239_LH,P000239,LH,production,thermorheo-v2.0-interface-objective-R10,3381,3264,116,states=116 nodes=3381 elems=3264
-0.3559990582,-0.3559990582,-1.73707338,-12.98563237,-0.7645293315,-13.08685275,-15.62932725,25.60321198,223.684029,9.860960825,3.480528522222222,1,1,0.5814264702,0.03588009959999999,265.4215088,-0.3559990582,-5.767414692,-12.98563237,-14.16559962,16.875,0.1013813657,0.03075370105,1,1.874997692,-1.3810743218,,False,-0.26081505999999877,0.2323081485329528,1,2,-0.3559990582,-6.402218651,-1.73707338,-7.166073138,-0.3559990582,-6.402218651,-0.7645293315,-6.650604863,0.1052110979,323.15,1.160252149,320.044808,257.82254883635585,24.26826516449097,97.23269338113508,1916.5384204826019,221.13796823720972,0.32092146036219515,86.13819227130725,21.125206151349303,41.15729490500205,6.521540125897897,38.385448113411755,0.1578635893451019,65.32745116364416,0.5838172541486653,9.268265164490971,0.4992795671662587,13.20825918547079,4.399375663774883,2.537081438011545,2.8746118907913902,2.343638691262238,50.90613530628828,43.60652161298566,37.92959458227831,0.7815140410461275,0.09996302227216886,13.87816791488138,0.2366907432767769,11.294293448480934,1.6314974122932708,2.2412569746362356,0.4742788683306039,27.86821002883389,6.834618493895652,1439.1893285143547,P000240_HL,P000240,HL,production,thermorheo-v2.0-interface-objective-R10,3381,3264,103,states=103 nodes=3381 elems=3264
-0.8793047574,-0.8793047574,-2.203572697,-13.00191506,-1.258956318,-13.10310621,-15.68395848,25.01790087,223.684029,8.921166321,28.84349538888889,1,2,0.6228042931,0.03587016560999999,264.9533712,-0.8793047574,-5.940597674,-13.00191506,-14.17844601,16.875,0.1013813657,0.03075370105,1,1.874997692,-1.3242679395999999,,False,-0.27709774999999937,0.22937447956909143,2,1,-0.8793047574,-5.833751967,-2.203572697,-6.696778892,-0.8793047574,-5.833751967,-1.258956318,-6.116398594,1.038416854,321.3371353,1.038416854,321.3371353,257.82254883635585,24.26826516449097,97.23269338113508,1916.5384204826019,221.13796823720972,0.32092146036219515,86.13819227130725,21.125206151349303,41.15729490500205,6.521540125897897,38.385448113411755,0.1578635893451019,65.32745116364416,0.5838172541486653,9.268265164490971,0.4992795671662587,13.20825918547079,4.399375663774883,2.537081438011545,2.8746118907913902,2.343638691262238,50.90613530628828,43.60652161298566,37.92959458227831,0.7815140410461275,0.09996302227216886,13.87816791488138,0.2366907432767769,11.294293448480934,1.6314974122932708,2.2412569746362356,0.4742788683306039,27.86821002883389,6.834618493895652,1439.1893285143547,P000240_LH,P000240,LH,production,thermorheo-v2.0-interface-objective-R10,3381,3264,103,states=103 nodes=3381 elems=3264
-6.048585684,-6.048585684,-7.975706621,-16.82504208,-6.425828206,-16.93531507,-18.2885695,23.14878471,221.2638683,4.273604404,5.824009227777777,1,1,0.0520552228,0.03209642530000001,272.3614309,-6.048585684,-10.83264179,-16.82504208,-18.42109223,1.875,0.1058865229,0.003466365849,1,1.874993695,-1.9271209369999998,,False,-0.013410350000000903,0.15690214394552268,1,2,-6.048585684,-9.793669381,-7.975706621,-10.71712854,-6.048585684,-9.793669381,-6.425828206,-10.0843016,4.687208103e-18,323.15,0.1696331336,322.5389424,264.6352007349124,21.363938240039683,128.67775669690906,1143.4820062501376,90.97126618529772,0.254105496712494,112.16776727855142,24.603579669487786,34.33724960553953,12.855486307547269,67.67526662570474,1.4825704251931473,58.514799265087575,0.7045055570846299,6.3639382400396824,0.448880344398795,8.725283866756511,18.96117538984351,1.9461052858527392,0.33553830986376676,2.8617823043337722,81.97916177345198,147.5244672605213,35.7366747730735,0.931447953142903,0.26442494148387335,12.26646431790935,0.21736371927048023,12.74047720915472,1.6859080057002056,1.8338104260642973,0.740335581575893,12.789392711225354,2.805305393247042,3173.3779069526254,P000241_HL,P000241,HL,production,thermorheo-v2.0-interface-objective-R10,3381,3264,132,states=132 nodes=3381 elems=3264
-6.106223583,-6.106223583,-8.032805565,-16.82453887,-6.479194467,-16.93473004,-18.29108818,23.07947066,221.2594848,4.147154332,38.653894388888894,1,2,0.05372813653,0.0320938018,272.0987869,-6.106223583,-10.84062897,-16.82453887,-18.41962557,1.875,0.1058865229,0.003466365849,1,1.874993695,-1.926581982,,False,-0.012907140000002926,0.15662338352365693,2,1,-6.106223583,-9.749006434,-8.032805565,-10.674169,-6.106223583,-9.749006434,-6.479194467,-10.04533555,0.1638214721,322.7195065,0.1638214721,322.7195065,264.6352007349124,21.363938240039683,128.67775669690906,1143.4820062501376,90.97126618529772,0.254105496712494,112.16776727855142,24.603579669487786,34.33724960553953,12.855486307547269,67.67526662570474,1.4825704251931473,58.514799265087575,0.7045055570846299,6.3639382400396824,0.448880344398795,8.725283866756511,18.96117538984351,1.9461052858527392,0.33553830986376676,2.8617823043337722,81.97916177345198,147.5244672605213,35.7366747730735,0.931447953142903,0.26442494148387335,12.26646431790935,0.21736371927048023,12.74047720915472,1.6859080057002056,1.8338104260642973,0.740335581575893,12.789392711225354,2.805305393247042,3173.3779069526254,P000241_LH,P000241,LH,production,thermorheo-v2.0-interface-objective-R10,3381,3264,132,states=132 nodes=3381 elems=3264
2.545576647,2.545576647,-0.1071593665,-6.238228102,1.973298205,-6.362531691,-9.473649701,18.49125285,184.6533374,9.045644278,2.764026746944445,1,1,0.1683386463,0.032127820329999994,280.2017768,2.545576647,-1.613566649,-6.238228102,-7.574113643,28.125,0.0934336017,0.04994130058,1,88.12452198,-2.6527360134999998,-0.042096303258552015,False,-0.054942433999999984,0.12939166832467622,1,2,2.545576647,-2.416522896,-0.1071593665,-3.676719794,2.545576647,-2.416522896,1.973298205,-2.761539261,2.663769116e-09,323.15,0.5974262603,321.7305741,266.46719354218834,21.918391662023875,138.91250465224675,1241.0062540127306,123.89863399134344,0.6930812402664389,26.09766551189361,8.422437221571878,16.4549705951581,2.288339230880857,17.724246029565094,2.0625562642458246,56.68280645781165,0.49055091803761,6.9183916620238755,0.37570609244911196,11.40463142863996,15.71360306382399,2.7640267469889683,0.462197580314526,2.8792043974333783,88.17878128166912,113.39926742163982,27.058443135264795,0.6733241708623934,0.6878735008339886,12.548353582925081,0.2573582907920866,10.647266334234839,0.7259401991744614,2.153731178324808,0.3551658874965116,7.61850880687111,2.4587031402721267,1870.458909675041,P000242_HL,P000242,HL,production,thermorheo-v2.0-interface-objective-R10,3381,3264,144,states=144 nodes=3381 elems=3264
2.36151805,2.36151805,-0.2486326401,-6.241902123,1.802425026,-6.366329979,-9.507385812,18.30253699,184.4953173,8.671680963,35.98768997222222,1,2,0.1857157741,0.032130969790000005,279.8306904,2.36151805,-1.71967774,-6.241902123,-7.574774113,28.125,0.0934336017,0.04994130058,1,88.12452198,-2.6101506901,-0.10528508985988906,False,-0.05861645500000012,0.12917429441111614,2,1,2.36151805,-2.186451528,-0.2486326401,-3.529685484,2.36151805,-2.186451528,1.802425026,-2.540755603,0.4204309122,322.4536993,0.4204309122,322.4536993,266.46719354218834,21.918391662023875,138.91250465224675,1241.0062540127306,123.89863399134344,0.6930812402664389,26.09766551189361,8.422437221571878,16.4549705951581,2.288339230880857,17.724246029565094,2.0625562642458246,56.68280645781165,0.49055091803761,6.9183916620238755,0.37570609244911196,11.40463142863996,15.71360306382399,2.7640267469889683,0.462197580314526,2.8792043974333783,88.17878128166912,113.39926742163982,27.058443135264795,0.6733241708623934,0.6878735008339886,12.548353582925081,0.2573582907920866,10.647266334234839,0.7259401991744614,2.153731178324808,0.3551658874965116,7.61850880687111,2.4587031402721267,1870.458909675041,P000242_LH,P000242,LH,production,thermorheo-v2.0-interface-objective-R10,3381,3264,144,states=144 nodes=3381 elems=3264
2.428568114,2.428568114,0.570004845,-10.64160099,1.803899171,-10.76665402,-13.56919046,27.36016105,219.5828146,12.97522804,2.536802888888889,1,1,0.2250773743,0.04431138053999999,261.5231468,2.428568114,-4.192485593,-10.64160099,-11.89910574,24.375,0.09649987052,0.0437235225,1,91.87481315,-1.8585632689999998,0.23470819768821194,False,-0.09622280000000139,0.1710376230898386,1,2,2.428568114,-4.240413126,0.570004845,-5.97486612,2.428568114,-4.240413126,1.803899171,-4.628730466,0.001397654574,323.15,1.140124042,319.0425198,249.568680094506,24.930671607966328,168.156749825789,4260.3052019494435,610.5637679917575,0.5147524043395488,124.10530689702904,99.77293326617382,66.65700822858217,3.616980369801539,69.78784390466552,0.7022010106166461,73.58131990549398,0.4854730838076954,9.930671607966328,0.6823313132048137,34.311855251743765,9.704714322836558,0.5761254460690584,3.892337365133878,0.969478984295732,78.95244140846759,157.08242888237322,37.050370845374054,0.7082353813992053,0.2707495194468547,17.75282950159969,0.22678890488849013,9.277763800648483,0.8653863282328389,1.9068429195071803,0.386622701537872,13.82042203886071,11.110758115587217,2405.790739766162,P000243_HL,P000243,HL,production,thermorheo-v2.0-interface-objective-R10,3381,3264,172,states=172 nodes=3381 elems=3264
1.603563708,1.603563708,-0.09116595981,-10.63959354,1.023947956,-10.76414408,-13.53843773,26.46844413,219.5828146,11.59667924,51.99131425,1,2,0.2424961422,0.04390763975999999,260.9940566,1.603563708,-4.532255456,-10.63959354,-11.88758716,24.375,0.09649987052,0.0437235225,1,91.87481315,-1.6947296678100001,-0.05685209721022197,False,-0.0942153500000007,0.16186254644867126,2,1,1.603563708,-3.699270312,-0.09116595981,-5.728840109,1.603563708,-3.699270312,1.023947956,-4.11927164,1.420679545,321.155929,1.420679545,321.155929,249.568680094506,24.930671607966328,168.156749825789,4260.3052019494435,610.5637679917575,0.5147524043395488,124.10530689702904,99.77293326617382,66.65700822858217,3.616980369801539,69.78784390466552,0.7022010106166461,73.58131990549398,0.4854730838076954,9.930671607966328,0.6823313132048137,34.311855251743765,9.704714322836558,0.5761254460690584,3.892337365133878,0.969478984295732,78.95244140846759,157.08242888237322,37.050370845374054,0.7082353813992053,0.2707495194468547,17.75282950159969,0.22678890488849013,9.277763800648483,0.8653863282328389,1.9068429195071803,0.386622701537872,13.82042203886071,11.110758115587217,2405.790739766162,P000243_LH,P000243,LH,production,thermorheo-v2.0-interface-objective-R10,3381,3264,172,states=172 nodes=3381 elems=3264
-0.9640251837,-0.9640251837,-1.605341197,-11.13724381,-1.350579127,-11.250256,-12.7911579,22.47745647,221.5651651,7.006010941,3.2015481972222224,1,1,0.060086774,0.04856850305,251.4305628,-0.9640251837,-5.853002882,-11.13724381,-12.43761279,24.375,0.09649987052,0.0437235225,1,178.1249959,-0.6413160133,,False,-0.008922489999999783,0.23829656395906265,1,2,-0.9640251837,-4.094983128,-1.605341197,-4.692608802,-0.9640251837,-4.094983128,-1.350579127,-4.422574114,1.517138468e-07,323.15,0.03877710502,322.1081184,238.60028479086932,23.51652496282756,145.33869352805394,1918.5386608590945,137.81566240843782,0.3082627997137609,87.11524323471801,109.52286433395587,26.32786899862079,10.73389460695577,323.87632909986525,7.4195898314454825,84.54971520913065,0.7239776199997745,8.516524962827559,0.625271260704301,8.115902608011975,20.163187980468287,0.4962473270918514,3.185112484571885,3.226019248108337,95.12894221201755,76.76553287769015,34.74899082168288,0.7642959628681552,0.18716509520728433,12.447705998172431,0.2161300481678006,9.294807953343895,1.326016187501152,1.7497518011052788,0.6009078903291654,2.71756100249818,3.416566997281147,3162.125293323984,P000244_HL,P000244,HL,production,thermorheo-v2.0-interface-objective-R10,3381,3264,154,states=154 nodes=3381 elems=3264
-0.9705767958,-0.9705767958,-1.613905401,-11.13654758,-1.353125571,-11.24949236,-12.78723839,22.46259474,221.5500291,6.971315046,38.388017833333336,1,2,0.06072833347,0.04856344279000001,250.9669387,-0.9705767958,-5.797667218,-11.13654758,-12.4358143,24.375,0.09649987052,0.0437235225,1,178.1249959,-0.6433286052,,False,-0.008226260000000707,0.23827311164524595,2,1,-0.9705767958,-4.099482188,-1.613905401,-4.693590883,-0.9705767958,-4.099482188,-1.353125571,-4.434125259,0.05132427725,322.3957011,0.05132427725,322.3957011,238.60028479086932,23.51652496282756,145.33869352805394,1918.5386608590945,137.8156624084378,0.3082627997137609,87.11524323471801,109.52286433395587,26.32786899862079,10.73389460695577,323.87632909986525,7.4195898314454825,84.54971520913065,0.7239776199997745,8.516524962827559,0.625271260704301,8.115902608011975,20.163187980468287,0.4962473270918514,3.185112484571885,3.226019248108337,95.12894221201755,76.76553287769015,34.74899082168288,0.7642959628681552,0.18716509520728433,12.447705998172431,0.2161300481678006,9.294807953343895,1.326016187501152,1.7497518011052788,0.6009078903291654,2.71756100249818,3.416566997281147,3162.125293323984,P000244_LH,P000244,LH,production,thermorheo-v2.0-interface-objective-R10,3381,3264,154,states=154 nodes=3381 elems=3264
6.065929432,6.065929432,5.334954173,-3.279814655,5.73357965,-3.410504015,-4.616422999,19.28147639,279.331511,7.031805269,11.299633947222222,1,1,0.1585452834,0.048780350789999996,248.6678136,6.065929432,2.953479592,-3.279814655,-4.576051117,28.125,0.0934336017,0.04994130058,1,178.124991,-0.730975259,0.879494928651191,False,-0.046165643000000145,0.15180154427279524,1,2,6.065929432,1.210015627,5.334954173,0.6145833422,6.065929432,1.210015627,5.73357965,0.9516468336,5.157880823e-11,323.15,0.1919862771,322.381844,237.92403412730317,22.495796009270173,132.81365803631775,1894.0289452850081,168.5641078517132,0.3222441854602894,449.1755408030066,57.36211630982983,32.5753603180641,42.78995024128205,131.14812609311102,0.9667601762703654,85.2259658726968,0.4266050721125124,7.495796009270174,0.6947999184092447,10.49722045177,28.933139968396762,2.7109990310829373,2.831992927632476,1.7865180154559643,68.22705721603825,146.512278501452,20.810098491301556,0.6029154416032504,0.43624078676619893,13.620770019736472,0.18675822090082453,8.757889298766372,1.6826089351143887,2.320998103066476,0.6083982357572773,29.927939398597324,3.8219577531466227,2443.536510492288,P000245_HL,P000245,HL,production,thermorheo-v2.0-interface-objective-R10,3381,3264,137,states=137 nodes=3381 elems=3264
5.977011073,5.977011073,5.248020198,-3.271685664,5.646574504,-3.402554779,-4.61685335,19.18140301,279.3439353,6.874408451,58.05950433333333,1,2,0.1755243028,0.04877966354,248.4675935,5.977011073,2.88751988,-3.271685664,-4.569185674,28.125,0.0934336017,0.04994130058,1,178.124991,-0.728990875,0.8780342103943765,False,-0.03803665200000017,0.15100955205639732,2,1,5.977011073,1.248981858,5.248020198,0.6514863648,5.977011073,1.248981858,5.646574504,0.9875529574,0.1844117413,322.8223008,0.1844117413,322.8223008,237.92403412730317,22.495796009270173,132.81365803631775,1894.0289452850084,168.5641078517132,0.3222441854602894,449.1755408030066,57.36211630982983,32.5753603180641,42.78995024128205,131.14812609311102,0.9667601762703654,85.2259658726968,0.4266050721125124,7.495796009270174,0.6947999184092447,10.49722045177,28.933139968396762,2.7109990310829373,2.831992927632476,1.7865180154559643,68.22705721603825,146.512278501452,20.810098491301556,0.6029154416032504,0.43624078676619893,13.620770019736472,0.18675822090082453,8.757889298766372,1.6826089351143887,2.320998103066476,0.6083982357572773,29.927939398597324,3.8219577531466227,2443.536510492288,P000245_LH,P000245,LH,production,thermorheo-v2.0-interface-objective-R10,3381,3264,137,states=137 nodes=3381 elems=3264
7.423461255,7.423461255,5.27929994,-3.749240131,6.902001714,-3.856031524,-8.150287931,22.74667908,191.3374899,8.782359054,1.4894544852777778,1,1,0.4887783766,0.0287581588,278.1159151,7.423461255,1.785750827,-3.749240131,-4.976992914,20.625,0.09915291209,0.03731851358,1,178.1249957,-2.1441613150000007,0.7111642074570239,False,-0.03751083100000008,0.17688200112621139,1,2,7.423461255,3.551260106,5.27929994,1.828333289,7.423461255,3.551260106,6.902001714,3.151326099,0.5294326406,323.15,0.6411889947,322.4059987,271.4682519662972,22.476821900659072,139.6656158129958,1634.7876300806392,206.34843111392712,0.4145334593781506,19.495803970865843,59.13503391649008,33.461772903024546,1.405505700116175,102.31694250154965,3.1410042460359784,51.681748033702796,0.6485216222566678,7.476821900659073,0.7330270089481323,13.871024478416825,21.47461897191318,0.4986670224259477,3.6092373246732325,2.9167908951490373,76.39955739975255,68.77418814815648,20.999196285012104,0.6069001958913567,0.19572825386417878,16.193419042603097,0.20109497792017086,12.168086894288448,1.451339504234226,2.575343195624946,0.4785510375662576,6.836864037676694,20.737702705393332,1778.6621541005081,P000246_HL,P000246,HL,production,thermorheo-v2.0-interface-objective-R10,3381,3264,144,states=144 nodes=3381 elems=3264
7.345677253,7.345677253,5.228544345,-3.74889066,6.830435685,-3.855348554,-8.145602854,22.65856049,191.4089359,8.637734917,43.85979316666666,1,2,0.4888729769,0.0286562849,277.8576513,7.345677253,1.804019762,-3.74889066,-4.971351351,20.625,0.09915291209,0.03731851358,1,178.1249957,-2.1171329079999994,0.71178519895693,False,-0.03716135999999981,0.176596213062927,2,1,7.345677253,3.642931168,5.228544345,1.87326308,7.345677253,3.642931168,6.830435685,3.230046134,0.608248556,322.6674991,0.608248556,322.6674991,271.4682519662972,22.476821900659072,139.6656158129958,1634.7876300806392,206.34843111392712,0.4145334593781506,19.495803970865843,59.13503391649008,33.461772903024546,1.405505700116175,102.31694250154965,3.1410042460359784,51.681748033702796,0.6485216222566678,7.476821900659073,0.7330270089481323,13.871024478416825,21.47461897191318,0.4986670224259477,3.6092373246732325,2.9167908951490373,76.39955739975255,68.77418814815648,20.999196285012104,0.6069001958913567,0.19572825386417878,16.193419042603097,0.20109497792017086,12.168086894288448,1.451339504234226,2.575343195624946,0.4785510375662576,6.836864037676694,20.737702705393332,1778.6621541005081,P000246_LH,P000246,LH,production,thermorheo-v2.0-interface-objective-R10,3381,3264,144,states=144 nodes=3381 elems=3264
2.673377791,2.673377791,0.9249480137,-9.986029989,1.92177258,-10.10102398,-11.23546926,22.36562867,163.016112,4.66596199,2.415364477777778,1,1,0.08658528378,0.03503348067,275.2644898,2.673377791,-1.436390641,-9.986029989,-10.8941696,1.875,0.1058865229,0.003466365849,1,91.87452036,-1.7484297773000002,0.3459847750713958,False,-0.04045668500000055,0.19355999614481983,1,2,2.673377791,-3.334542028,0.9249480137,-4.559766437,2.673377791,-3.334542028,1.92177258,-3.790551382,0.007974062881,323.15,0.1563906193,321.428158,264.7241223201683,22.251875737894753,125.6056446790061,1572.0063589338083,194.09096471222463,0.4932017939420143,9.974959991941715,21.649474388140167,27.687654152315623,0.7304665838263659,38.0493979582074,3.208244437598361,58.42587767983168,0.4798044254865142,7.251875737894753,0.7291850359503103,13.655600697968127,12.745710259480726,1.4399644279423938,2.204738233880126,3.2036154448150542,71.85209681031398,56.75809983992027,24.047984189992643,0.8117429666234908,0.6966532743763628,14.453490629148863,0.22519842237089666,12.90706935822996,1.1110544831426115,2.3456678136881224,0.7472443518334914,3.972798989413024,8.622491723275974,1347.928134905351,P000247_HL,P000247,HL,production,thermorheo-v2.0-interface-objective-R10,3381,3264,132,states=132 nodes=3381 elems=3264
2.645561034,2.645561034,0.9003846544,-9.985305395,1.910253837,-10.09916995,-11.21245623,22.31672303,163.0929901,4.581114126,35.664993555555554,1,2,0.08864802866,0.03490804126000001,274.8923951,2.645561034,-1.404591677,-9.985305395,-10.88839228,1.875,0.1058865229,0.003466365849,1,91.87452036,-1.7451763796,0.340337887816048,False,-0.039732090999999414,0.19259171492062063,2,1,2.645561034,-3.310413365,0.9003846544,-4.543855071,2.645561034,-3.310413365,1.910253837,-3.800487707,0.0994475298,322.3238526,0.0994475298,322.3238526,264.7241223201683,22.251875737894753,125.6056446790061,1572.0063589338083,194.09096471222463,0.4932017939420143,9.974959991941715,21.649474388140167,27.687654152315623,0.7304665838263659,38.0493979582074,3.208244437598361,58.42587767983168,0.4798044254865142,7.251875737894753,0.7291850359503103,13.655600697968127,12.745710259480726,1.4399644279423938,2.204738233880126,3.2036154448150542,71.85209681031398,56.75809983992027,24.047984189992643,0.8117429666234908,0.6966532743763628,14.453490629148863,0.22519842237089666,12.90706935822996,1.1110544831426115,2.3456678136881224,0.7472443518334914,3.972798989413024,8.622491723275974,1347.928134905351,P000247_LH,P000247,LH,production,thermorheo-v2.0-interface-objective-R10,3381,3264,132,states=132 nodes=3381 elems=3264
-7.02455272,-7.02455272,-9.330644568,-15.25163563,-7.415745013,-15.34648258,-18.15008962,22.43397181,213.5381682,5.241132357,2.2949203422222224,1,1,0.1103000978,0.032287590500000005,271.4905654,-7.02455272,-11.44799259,-15.25163563,-16.57743619,1.875,0.1058865229,0.003466365849,1,91.87485824,-2.3060918480000003,,False,-0.04652373000000054,0.13302716159487538,1,2,-7.02455272,-10.99063902,-9.330644568,-12.18109905,-7.02455272,-10.99063902,-7.415745013,-11.25273795,0.006739131752,323.15,0.1306083035,322.1864585,264.87312379192105,21.590276110712225,124.46307245178804,2860.6204601374443,262.45439103139626,0.34836254124231836,27.317981077304342,66.30963428196598,75.11527624391523,1.0439720729841635,60.817442838931846,3.4610440020542828,58.276876208078946,0.5796532745156993,6.5902761107122245,0.4083052223675294,26.16734851844906,25.270719205111295,2.2949203422756965,1.9270015587054807,3.6651011145473524,31.08361017872156,147.8939620320874,34.338574894085994,0.889749590935297,0.20532796942286388,16.499166803804755,0.19332940947022365,8.680338793844658,1.476194731979881,2.201312025593011,0.6056934312126907,7.30147296310362,17.723052100116576,1937.9608090941433,P000248_HL,P000248,HL,production,thermorheo-v2.0-interface-objective-R10,3381,3264,131,states=131 nodes=3381 elems=3264
-7.058652126,-7.058652126,-9.35608685,-15.25491713,-7.443140231,-15.3474853,-18.14865074,22.39248051,213.5161946,5.155500273,61.62001108333333,1,2,0.1210940308,0.032287923699999985,271.2325274,-7.058652126,-11.4141949,-15.25491713,-16.54824668,1.875,0.1058865229,0.003466365849,1,91.87485824,-2.2974347240000004,,False,-0.04980523000000048,0.13279074324052742,2,1,-7.058652126,-10.94895775,-9.35608685,-12.1576734,-7.058652126,-10.94895775,-7.443140231,-11.22222668,0.1012981351,322.59148,0.1012981351,322.59148,264.87312379192105,21.590276110712225,124.46307245178804,2860.6204601374448,262.45439103139626,0.34836254124231836,27.317981077304342,66.30963428196598,75.11527624391523,1.0439720729841635,60.817442838931846,3.4610440020542828,58.276876208078946,0.5796532745156993,6.5902761107122245,0.4083052223675294,26.16734851844906,25.270719205111295,2.2949203422756965,1.9270015587054807,3.6651011145473524,31.08361017872156,147.8939620320874,34.338574894085994,0.889749590935297,0.20532796942286388,16.499166803804755,0.19332940947022365,8.680338793844658,1.476194731979881,2.201312025593011,0.6056934312126907,7.30147296310362,17.723052100116576,1937.9608090941433,P000248_LH,P000248,LH,production,thermorheo-v2.0-interface-objective-R10,3381,3264,131,states=131 nodes=3381 elems=3264
8.60030237,8.60030237,6.407157126,-10.13961583,7.634075378,-10.2483502,-7.753711301,24.84513384,210.4941448,11.87229024,4.881806897222223,1,1,0.6667394517,0.042077578190000006,263.5116027,8.60030237,0.9720371607,-10.13961583,-11.46207088,1.875,0.1058865229,0.003466365849,1,1.874984785,-2.193145243999999,0.7449920770634487,False,0.04437948999999897,0.23128038269533707,1,2,8.60030237,0.9658243736,6.407157126,-0.5452281732,8.60030237,0.9658243736,7.634075378,0.2754896201,0.8493035259,323.15,0.8015654463,321.7552069,245.04391978637884,20.756700793146994,133.41920790648976,1730.8399639889187,91.14440969196049,0.604782635540893,98.81085837363679,604.0939605163253,16.937900429584307,9.645967254599839,1415.3271794825398,9.214778333685627,78.10608021362114,0.6325860412484225,5.756700793146994,0.37850374897416467,10.24374806233322,19.89247490588192,2.0880574249948314,0.39536824389401465,3.7809690562111924,80.51044742574133,30.830914812068837,22.43073913913208,0.8872686716622853,0.599674115308519,15.188266147785821,0.25682103949323837,13.664381925299255,0.7618491992585885,1.9723084420979544,0.5742640499082571,2.158757832856685,13.197867020999105,3876.5390700021057,P000249_HL,P000249,HL,production,thermorheo-v2.0-interface-objective-R10,3381,3264,140,states=140 nodes=3381 elems=3264
8.628177675,8.628177675,6.427350385,-10.13795401,7.672385404,-10.24588044,-7.704100158,24.84118954,210.6438659,11.88949583,41.28242458333333,1,2,0.6648558252,0.042064750059999996,262.9726815,8.628177675,1.072049279,-10.13795401,-11.45484028,1.875,0.1058865229,0.003466365849,1,1.874984785,-2.2008272899999994,0.7449255946157831,False,0.04604130999999967,0.23163801553761124,2,1,8.628177675,0.9142748237,6.427350385,-0.5801501595,8.628177675,0.9142748237,7.672385404,0.199818603,0.807319643,322.2676734,0.807319643,322.2676734,245.04391978637884,20.756700793146994,133.41920790648976,1730.8399639889185,91.14440969196049,0.604782635540893,98.81085837363679,604.0939605163253,16.937900429584307,9.645967254599839,1415.3271794825398,9.214778333685627,78.10608021362114,0.6325860412484225,5.756700793146994,0.37850374897416467,10.24374806233322,19.89247490588192,2.0880574249948314,0.39536824389401465,3.7809690562111924,80.51044742574133,30.830914812068837,22.43073913913208,0.8872686716622853,0.599674115308519,15.188266147785821,0.25682103949323837,13.664381925299255,0.7618491992585885,1.9723084420979544,0.5742640499082571,2.158757832856685,13.197867020999105,3876.5390700021057,P000249_LH,P000249,LH,production,thermorheo-v2.0-interface-objective-R10,3381,3264,140,states=140 nodes=3381 elems=3264
-2.698595002,-2.698595002,-3.029693026,-12.00243348,-2.83465162,-12.0397649,-12.71316775,20.81562643,204.3942739,6.483037326,6.3533269416666664,1,1,0.1244583329,0.03678851876999999,268.6462329,-2.698595002,-5.182191484,-12.00243348,-12.53721117,155.625,-0.09649987052,0.0437235225,1,91.87462177,-0.3310980240000001,,False,-0.005103570000001056,0.04350476086553492,1,2,-2.698595002,-5.806833174,-3.029693026,-6.078508899,-2.698595002,-5.806833174,-2.83465162,-5.925312598,0.1193265057,323.15,0.2163347881,322.5718761,257.24513811957917,18.466937451429438,149.8194136992135,1280.3405970290992,64.84727614300279,0.44028171221954837,235.70503749112777,449.8585165439283,19.962293013018552,26.81808677059542,1228.4178421892766,1.5031693030603674,65.90486188042081,0.6676645573674787,3.466937451429437,0.7712653056205034,8.789032547600135,30.164135031707424,2.4470902543719717,1.0947570160665605,1.0839055987743502,92.82570783388003,178.42728120725917,31.992356167847205,0.6572148929380977,0.5489327341033161,16.266501955420782,0.2749007205753248,8.880734579612588,1.2544982620785279,2.3643252248463416,0.6380448939123635,20.067024366646493,38.299231569754866,3107.327500504393,P000250_HL,P000250,HL,production,thermorheo-v2.0-interface-objective-R10,3381,3264,157,states=157 nodes=3381 elems=3264
-2.728109009,-2.728109009,-3.057363807,-12.00200767,-2.863061352,-12.03928651,-12.7128469,20.77792916,204.3942739,6.403523111,49.93224738888889,1,2,0.1254160777,0.036787999370000005,268.3865059,-2.728109009,-5.189725375,-12.00200767,-12.53551339,155.625,-0.09649987052,0.0437235225,1,91.87462177,-0.329254798,,False,-0.004677759999999864,0.043330956522883685,2,1,-2.728109009,-5.788793729,-3.057363807,-6.061635462,-2.728109009,-5.788793729,-2.863061352,-5.908788591,0.215300966,322.7640072,0.215300966,322.7640072,257.24513811957917,18.466937451429438,149.8194136992135,1280.3405970290994,64.84727614300279,0.44028171221954837,235.70503749112777,449.8585165439283,19.962293013018552,26.81808677059542,1228.4178421892766,1.5031693030603674,65.90486188042081,0.6676645573674787,3.466937451429437,0.7712653056205034,8.789032547600135,30.164135031707424,2.4470902543719717,1.0947570160665605,1.0839055987743502,92.82570783388003,178.42728120725917,31.992356167847205,0.6572148929380977,0.5489327341033161,16.266501955420782,0.2749007205753248,8.880734579612588,1.2544982620785279,2.3643252248463416,0.6380448939123635,20.067024366646493,38.299231569754866,3107.327500504393,P000250_LH,P000250,LH,production,thermorheo-v2.0-interface-objective-R10,3381,3264,157,states=157 nodes=3381 elems=3264
-6.078385325,-6.078385325,-7.390453686,-13.77248711,-6.462318938,-13.88834374,-17.2321241,21.46846023,196.9847297,3.332292793,3.4392615666666666,1,1,0.3046302966,0.03517627013999999,275.63485,-6.078385325,-9.545385148,-13.77248711,-15.01398186,1.875,0.1058865229,0.003466365849,1,1.874988289,-1.3120683609999997,,False,0.007301459999998983,0.1513689664107684,1,2,-6.078385325,-8.82929955,-7.390453686,-9.719807436,-6.078385325,-8.82929955,-6.462318938,-9.123800674,0.3404407096,323.15,0.3408247538,322.483793,267.9811095569375,24.768642966707603,135.20318202325242,1598.4984036509268,236.82409686210173,0.3008631533012354,46.626968045509926,217.66786611161433,44.966984578670605,3.4464692475720016,386.13822250132245,4.168146021175317,55.16889044306248,0.7030617149462441,9.768642966707601,0.5734958728988051,13.528908774786863,26.008708887400985,1.5065603138779566,2.2501870722463906,0.9617705224571439,72.69961976911472,88.98274401239583,32.82444386970412,0.8607282353200727,0.47233275410335973,13.483790259066897,0.21137976917673984,8.444022905024688,1.4488994846444498,1.866009136694399,0.6821363635317025,6.239874696152596,29.129498803990682,3156.99178479259,P000251_HL,P000251,HL,production,thermorheo-v2.0-interface-objective-R10,3381,3264,141,states=141 nodes=3381 elems=3264
-6.079045106,-6.079045106,-7.39219331,-13.77201043,-6.458703569,-13.88756328,-17.22131912,21.46018407,196.9847297,3.320789088,47.69539713888889,1,2,0.3045200919,0.03517697262,275.3665539,-6.079045106,-9.5207564,-13.77201043,-15.01105726,1.875,0.1058865229,0.003466365849,1,1.874988289,-1.313148204,,False,0.007778139999999212,0.15129753823106687,2,1,-6.079045106,-8.832108245,-7.39219331,-9.721446275,-6.079045106,-8.832108245,-6.458703569,-9.132701814,0.342949358,322.6816154,0.342949358,322.6816154,267.9811095569375,24.768642966707603,135.20318202325242,1598.4984036509268,236.8240968621017,0.3008631533012354,46.626968045509926,217.66786611161433,44.966984578670605,3.4464692475720016,386.13822250132245,4.168146021175317,55.16889044306248,0.7030617149462441,9.768642966707601,0.5734958728988051,13.528908774786863,26.008708887400985,1.5065603138779566,2.2501870722463906,0.9617705224571439,72.69961976911472,88.98274401239583,32.82444386970412,0.8607282353200727,0.47233275410335973,13.483790259066897,0.21137976917673984,8.444022905024688,1.4488994846444498,1.866009136694399,0.6821363635317025,6.239874696152596,29.129498803990682,3156.99178479259,P000251_LH,P000251,LH,production,thermorheo-v2.0-interface-objective-R10,3381,3264,141,states=141 nodes=3381 elems=3264
-7.633362547,-7.633362547,-9.018412928,-19.28891094,-7.862713216,-19.30833196,-18.38235176,22.22579018,246.0805184,4.498313705,1.2864732149999998,1,1,0.1276558757,0.030112242799999994,275.1909533,-7.633362547,-10.49114263,-19.28891094,-19.56264082,166.875,-0.1031756887,0.02405719646,1,88.12454121,-1.385050381,,False,-0.05374189000000129,0.09538774368944994,1,2,-7.633362547,-13.63107518,-9.018412928,-14.17637861,-7.633362547,-13.63107518,-7.862713216,-13.75403101,1.457331102e-07,323.15,0.5188508744,319.008078,267.3325984232579,20.62835023273853,175.0796919434118,3262.0339950593843,298.5321263663591,0.47459809348482485,10.964623370830392,27.9967157892084,70.58225089185183,0.32731976082444986,20.05842536907811,1.7581490509744013,55.8174015767421,0.521939907847363,5.628350232738531,0.4831446521195235,33.49820170714045,5.28263661361772,1.2864732149511169,3.241889366939991,2.0316006660003634,89.6807254197302,148.79732237067822,36.12459336548446,0.7904656990262984,0.6603499371142433,14.970600201394124,0.2793224655538632,12.184787654388913,1.223581454276136,2.485795400145345,0.7618721822649555,3.004658001373648,7.671996863295652,2003.5120957530735,P000252_HL,P000252,HL,production,thermorheo-v2.0-interface-objective-R10,3381,3264,183,states=183 nodes=3381 elems=3264
-7.723633174,-7.723633174,-9.056472276,-19.28994788,-7.962022907,-19.30904007,-18.37345388,22.09478194,246.0805184,4.230007616,47.612516,1,2,0.131334515,0.0301095381,274.7557697,-7.723633174,-10.40654223,-19.28994788,-19.55605074,16.875,0.1013813657,0.03075370105,1,88.12454121,-1.3328391019999994,,False,-0.054778830000000056,0.09369398162741013,2,1,-7.723633174,-13.49029823,-9.056472276,-14.15874411,-7.723633174,-13.49029823,-7.962022907,-13.61625314,0.3151497766,320.9881657,0.3151497766,320.9881657,267.3325984232579,20.62835023273853,175.0796919434118,3262.0339950593843,298.53212636635897,0.47459809348482485,10.964623370830392,27.9967157892084,70.58225089185183,0.32731976082444986,20.05842536907811,1.7581490509744013,55.8174015767421,0.521939907847363,5.628350232738531,0.4831446521195235,33.49820170714045,5.28263661361772,1.2864732149511169,3.241889366939991,2.0316006660003634,89.6807254197302,148.79732237067822,36.12459336548446,0.7904656990262984,0.6603499371142433,14.970600201394124,0.2793224655538632,12.184787654388913,1.223581454276136,2.485795400145345,0.7618721822649555,3.004658001373648,7.671996863295652,2003.5120957530735,P000252_LH,P000252,LH,production,thermorheo-v2.0-interface-objective-R10,3381,3264,183,states=183 nodes=3381 elems=3264
-9.578610033,-9.578610033,-10.33825122,-17.86156279,-9.84895607,-17.95602761,-18.17648364,18.32153448,248.0783232,4.370342876,7.844628830555555,1,1,0.1912654266,0.042766365099999995,260.5440839,-9.578610033,-12.05071434,-17.86156279,-18.85474691,20.625,0.09915291209,0.03731851358,1,178.1249908,-0.7596411869999997,,False,-0.0569930499999991,0.010633201686924262,1,2,-9.578610033,-13.89916896,-10.33825122,-14.23487066,-9.578610033,-13.89916896,-9.84895607,-14.08113326,2.943652559e-06,323.15,0.2382303758,322.4521088,250.16498428129816,18.704519545882476,108.51445507086633,1394.5195509302864,62.42583420226801,0.25188760146769046,126.10181983815221,9.670582628521572,41.985530400542274,11.923806486937924,21.946104700426698,0.7350941144688777,72.98501571870182,0.4951549068643265,3.7045195458824747,0.4061513441588042,10.575634548941395,25.657063567478534,2.076100893412338,0.7405525973339896,0.849986250350831,54.37284292331071,47.197717759552646,38.79853547857839,0.8511184094176283,0.44553160133953174,10.965577301026144,0.26487231537095957,9.240452635830113,1.5198512288755253,1.638756302336551,0.7189293405027459,34.90310024590028,2.6766728295655358,1422.7736826714674,P000253_HL,P000253,HL,production,thermorheo-v2.0-interface-objective-R10,3381,3264,114,states=114 nodes=3381 elems=3264
-9.645266128,-9.645266128,-10.40023675,-17.86458867,-9.910778813,-17.95880302,-18.18900861,18.2404706,248.0551826,4.191971952,47.743966694444445,1,2,0.2188204262,0.04276630890000001,260.3296525,-9.645266128,-12.07949709,-17.86458867,-18.85519149,20.625,0.09915291209,0.03731851358,1,178.1249908,-0.7549706220000001,,False,-0.06001892999999825,0.01021873261204317,2,1,-9.645266128,-13.83053397,-10.40023675,-14.17193942,-9.645266128,-13.83053397,-9.910778813,-14.01863809,0.1835069398,322.8044358,0.1835069398,322.8044358,250.16498428129816,18.704519545882476,108.51445507086633,1394.5195509302864,62.42583420226801,0.25188760146769046,126.10181983815221,9.670582628521572,41.985530400542274,11.923806486937924,21.946104700426698,0.7350941144688777,72.98501571870182,0.4951549068643265,3.7045195458824747,0.4061513441588042,10.575634548941395,25.657063567478534,2.076100893412338,0.7405525973339896,0.849986250350831,54.37284292331071,47.197717759552646,38.79853547857839,0.8511184094176283,0.44553160133953174,10.965577301026144,0.26487231537095957,9.240452635830113,1.5198512288755253,1.638756302336551,0.7189293405027459,34.90310024590028,2.6766728295655358,1422.7736826714674,P000253_LH,P000253,LH,production,thermorheo-v2.0-interface-objective-R10,3381,3264,114,states=114 nodes=3381 elems=3264
4.684148388,4.684148388,4.360835326,-8.632586996,4.190817805,-8.729253086,-6.962340295,18.33691536,232.8000833,12.97281924,8.737479544444446,1,1,0.8668097973,0.048607226010000004,252.6064002,4.684148388,0.1495590489,-8.632586996,-9.632517647,24.375,0.09649987052,0.0437235225,1,91.87465689,-0.32331306199999954,0.9309771947386908,False,-0.19401750200000123,0.033922101338582526,1,2,4.684148388,-2.585114164,4.360835326,-2.869624019,4.684148388,-2.585114164,4.190817805,-2.882373606,0.4763834977,323.15,0.818061251,321.9546927,236.79894520862638,18.18474619691854,119.7042419980641,2722.5046293466703,83.79445526225955,0.5269017471675773,221.04973987424347,144.84294582934572,32.349602599880924,12.968549964067652,203.9435628559526,0.9648849828031167,86.3510547913736,0.4675581229455237,3.1847461969185393,0.399058266154834,17.04506213005406,33.15997894406543,1.1618963752504476,2.360691329770456,2.993659352579211,39.42164467869033,91.78754655451452,27.20220168003516,0.743785766164115,0.497813736941252,11.528409203738319,0.27650558961411953,11.315318282820998,0.9317955793131858,2.1016325653689787,0.4361486475359543,34.36676861498182,22.51884126921552,1649.4232486959404,P000254_HL,P000254,HL,production,thermorheo-v2.0-interface-objective-R10,3381,3264,127,states=127 nodes=3381 elems=3264
4.509931536,4.509931536,4.192310729,-8.62109219,4.026146003,-8.717519235,-6.992224989,18.13022207,232.7436877,12.60978017,65.45876766666666,1,2,0.9152093031,0.04860673456,252.269207,4.509931536,0.05727799246,-8.62109219,-9.565893766,24.375,0.09649987052,0.0437235225,1,91.87465689,-0.31762080699999995,0.92957303132772,False,-0.18252269600000126,0.03220216834487724,2,1,4.509931536,-2.449868343,4.192310729,-2.752596951,4.509931536,-2.449868343,4.026146003,-2.755997154,0.7737873479,322.5911244,0.7737873479,322.5911244,236.79894520862638,18.18474619691854,119.7042419980641,2722.5046293466703,83.79445526225956,0.5269017471675773,221.04973987424347,144.84294582934572,32.349602599880924,12.968549964067652,203.9435628559526,0.9648849828031167,86.3510547913736,0.4675581229455237,3.1847461969185393,0.399058266154834,17.04506213005406,33.15997894406543,1.1618963752504476,2.360691329770456,2.993659352579211,39.42164467869033,91.78754655451452,27.20220168003516,0.743785766164115,0.497813736941252,11.528409203738319,0.27650558961411953,11.315318282820998,0.9317955793131858,2.1016325653689787,0.4361486475359543,34.36676861498182,22.51884126921552,1649.4232486959404,P000254_LH,P000254,LH,production,thermorheo-v2.0-interface-objective-R10,3381,3264,127,states=127 nodes=3381 elems=3264
1.416490934,1.416490934,-0.4700274161,-5.187803961,1.056207908,-5.319995123,-7.738069844,14.97789022,179.2016212,3.814941651,4.909059044444445,1,1,2.172782632,0.034079350450000004,272.9704883,1.416490934,-1.761590936,-5.187803961,-7.085522529,1.875,0.1058865229,0.003466365849,1,1.874984193,-1.8865183501,-0.3318252202099869,False,0.028606060999999627,0.10655245054917135,1,2,1.416490934,-1.489297026,-0.4700274161,-2.82509493,1.416490934,-1.489297026,1.056207908,-1.752949189,2.419682614,323.15,2.673838417,321.6547773,265.41982197403865,20.471397835481568,183.69704614744327,3467.6167243205755,340.90025854641,0.393295838675398,58.557597103999,121.83246199798883,87.98028672228271,1.6923045532937449,84.50249615755632,1.2671640603850525,57.730178025961315,0.5660553085369484,5.471397835481566,0.7046605033318573,34.60228065334216,21.682093423476367,2.9317858651745157,0.9642850846862663,2.644925285616414,79.72839894632818,30.073875239806455,18.852754589717797,0.8786322946151539,0.6206662140432718,9.792817817507105,0.22022933788909452,10.503638207656508,1.3293843760941488,2.2380842273775348,0.5459358787906735,17.110723150471802,35.599847519112075,1827.879561838704,P000255_HL,P000255,HL,production,thermorheo-v2.0-interface-objective-R10,3381,3264,187,states=187 nodes=3381 elems=3264
1.265820117,1.265820117,-0.5554566942,-5.188353034,0.9198897382,-5.319915326,-7.733900866,14.78728504,179.3456945,3.539060942,67.73442936111111,1,2,2.177786353,0.034080455780000005,272.6441243,1.265820117,-1.83785464,-5.188353034,-7.082898383,1.875,0.1058865229,0.003466365849,1,1.874984193,-1.8212768112000002,-0.43881171324440243,False,0.02805698799999945,0.105665833870563,2,1,1.265820117,-1.311893232,-0.5554566942,-2.763394904,1.265820117,-1.311893232,0.9198897382,-1.594517411,2.573749836,322.3036213,2.573749836,322.3036213,265.41982197403865,20.471397835481568,183.69704614744327,3467.616724320576,340.90025854641004,0.393295838675398,58.557597103999,121.83246199798883,87.98028672228271,1.6923045532937449,84.50249615755632,1.2671640603850525,57.730178025961315,0.5660553085369484,5.471397835481566,0.7046605033318573,34.60228065334216,21.682093423476367,2.9317858651745157,0.9642850846862663,2.644925285616414,79.72839894632818,30.073875239806455,18.852754589717797,0.8786322946151539,0.6206662140432718,9.792817817507105,0.22022933788909452,10.503638207656508,1.3293843760941488,2.2380842273775348,0.5459358787906735,17.110723150471802,35.599847519112075,1827.879561838704,P000255_LH,P000255,LH,production,thermorheo-v2.0-interface-objective-R10,3381,3264,187,states=187 nodes=3381 elems=3264
