case_id,pair_id,sequence,dT_high_K,dT_ratio,dp_high_MPa,dp_ratio,hold_h,gap_h,ramp_up_h,ramp_down_h,wall_reset_h,recovery_h,pre_relax_days,SHmax_MPa,stress_ratio,ecc_ratio,Ecement_GPa,nu_cement,alpha_c_e6,k_cement_WmK,cap_cement_MJm3K,rinf,tau1_h,tau2_days,shiftK_K
P000000_LH,P000000,LH,74.48277081680135,0.5125973605362043,8.682904826004723,0.44529064953812475,29.392882250926526,29.35295504987299,2.5212849220646407,2.545861255220751,0.33033913378977614,58.28868407480455,82.06030195889731,27.139732846121806,0.6799235397306553,0.023221493566694146,16.035550365606888,0.19758256758858633,10.53889315990484,1.0205310116447461,1.6082279356177105,0.7769093563782337,11.014611183861339,2.1411210281337145,3558.1766586800177
P000000_HL,P000000,HL,74.48277081680135,0.5125973605362043,8.682904826004723,0.44529064953812475,29.392882250926526,29.35295504987299,2.5212849220646407,2.545861255220751,0.33033913378977614,58.28868407480455,82.06030195889731,27.139732846121806,0.6799235397306553,0.023221493566694146,16.035550365606888,0.19758256758858633,10.53889315990484,1.0205310116447461,1.6082279356177105,0.7769093563782337,11.014611183861339,2.1411210281337145,3558.1766586800177
P000001_LH,P000001,LH,57.04138177798244,0.6131930870570343,3.5813656002986325,0.5108688423423289,23.49238572819279,29.19324470115252,2.3978178102417775,0.2542215553679909,3.4717925024029035,48.72313174652956,109.50041930819239,18.90343793712419,0.9218942006675506,0.03708854242021554,15.81485389838005,0.1881794490034352,8.529385911211394,0.7152859091867825,2.0109446637784867,0.3930314956377556,3.493234906143585,23.82077921253471,3998.5543483520955
P000001_HL,P000001,HL,57.04138177798244,0.6131930870570343,3.5813656002986325,0.5108688423423289,23.49238572819279,29.19324470115252,2.3978178102417775,0.2542215553679909,3.4717925024029035,48.72313174652956,109.50041930819239,18.90343793712419,0.9218942006675506,0.03708854242021554,15.81485389838005,0.1881794490034352,8.529385911211394,0.7152859091867825,2.0109446637784867,0.3930314956377556,3.493234906143585,23.82077921253471,3998.5543483520955
P000002_LH,P000002,LH,70.56457108583561,0.7429518835052241,6.829945273349691,0.47499441544626386,16.945996086627652,15.261722158306116,1.8947525979510031,0.5609964982778968,2.0397270598661628,66.64735038484893,149.27671972704505,25.884445467044443,0.8984979507044625,0.6053467010455107,9.948884901313752,0.21640773313027098,10.28759304216758,1.6693224184656743,2.3363353485747305,0.46687376618124976,17.00506364241247,11.635890026801162,1893.9304331032322
P000002_HL,P000002,HL,70.56457108583561,0.7429518835052241,6.829945273349691,0.47499441544626386,16.945996086627652,15.261722158306116,1.8947525979510031,0.5609964982778968,2.0397270598661628,66.64735038484893,149.27671972704505,25.884445467044443,0.8984979507044625,0.6053467010455107,9.948884901313752,0.21640773313027098,10.28759304216758,1.6693224184656743,2.3363353485747305,0.46687376618124976,17.00506364241247,11.635890026801162,1893.9304331032322
P000003_LH,P000003,LH,71.94115764285944,0.6619876868325081,5.193027750030547,0.5603219206949993,18.61823811611503,14.528345743318107,2.839534512338696,1.9825352320622112,2.242935285191872,24.978020169244655,101.64932625574956,24.24746274145142,0.641174856308116,0.34754311882415884,14.223572177853603,0.19994429710201797,12.509227186595679,0.7507306212549123,2.351924524661249,0.5140801636189248,11.83351219758934,15.161254752459906,3228.411563036221
P000003_HL,P000003,HL,71.94115764285944,0.6619876868325081,5.193027750030547,0.5603219206949993,18.61823811611503,14.528345743318107,2.839534512338696,1.9825352320622112,2.242935285191872,24.978020169244655,101.64932625574956,24.24746274145142,0.641174856308116,0.34754311882415884,14.223572177853603,0.19994429710201797,12.509227186595679,0.7507306212549123,2.351924524661249,0.5140801636189248,11.83351219758934,15.161254752459906,3228.411563036221
P000004_LH,P000004,LH,60.875322135972056,0.37762756761318744,6.159071267159092,0.5912130404207487,18.964409363110214,27.26594201568105,2.4939734837018386,1.6911049025013405,3.2955604097313125,91.8594092519022,51.59977091238859,30.55238090598904,0.7859799659506769,0.5955835112557865,10.202079149825053,0.24351230717881306,10.385461098287657,1.544406635754906,2.2840392524318704,0.4968341189156608,23.411986340441715,3.713392584886111,3287.1866934483946
P000004_HL,P000004,HL,60.875322135972056,0.37762756761318744,6.159071267159092,0.5912130404207487,18.964409363110214,27.26594201568105,2.4939734837018386,1.6911049025013405,3.2955604097313125,91.8594092519022,51.59977091238859,30.55238090598904,0.7859799659506769,0.5955835112557865,10.202079149825053,0.24351230717881306,10.385461098287657,1.544406635754906,2.2840392524318704,0.4968341189156608,23.411986340441715,3.713392584886111,3287.1866934483946
P000005_LH,P000005,LH,89.21224834956658,0.4198912033267628,3.956597666837162,0.7573825073189213,21.717169271288334,13.885018520526604,2.255687126552116,2.4328622877213397,3.1511963883404843,35.075547993826426,154.64681853963054,34.16914142962278,0.5946853933579943,0.23997862278336363,10.176547355874607,0.26356315475352,10.18539500634483,1.5424396723298237,1.885485736152919,0.6790293002477166,7.6723080962019745,4.209036335214498,2906.0755201170923
P000005_HL,P000005,HL,89.21224834956658,0.4198912033267628,3.956597666837162,0.7573825073189213,21.717169271288334,13.885018520526604,2.255687126552116,2.4328622877213397,3.1511963883404843,35.075547993826426,154.64681853963054,34.16914142962278,0.5946853933579943,0.23997862278336363,10.176547355874607,0.26356315475352,10.18539500634483,1.5424396723298237,1.885485736152919,0.6790293002477166,7.6723080962019745,4.209036335214498,2906.0755201170923
P000006_LH,P000006,LH,90.81599228233556,0.3596470768050898,6.7901696472732365,0.6585272113969305,9.708646476732666,24.45579413616892,0.809568069382782,2.677070954353918,1.4756340270034525,55.70066560044644,100.25188802573822,19.206803818852705,0.8701900986917128,0.6320795077070396,12.942144485675106,0.18993524898915665,11.73177021832067,1.4631330369197344,1.7384685159159514,0.7888303580848522,33.59523993208903,22.073529295031115,1285.0620456040092
P000006_HL,P000006,HL,90.81599228233556,0.3596470768050898,6.7901696472732365,0.6585272113969305,9.708646476732666,24.45579413616892,0.809568069382782,2.677070954353918,1.4756340270034525,55.70066560044644,100.25188802573822,19.206803818852705,0.8701900986917128,0.6320795077070396,12.942144485675106,0.18993524898915665,11.73177021832067,1.4631330369197344,1.7384685159159514,0.7888303580848522,33.59523993208903,22.073529295031115,1285.0620456040092
P000007_LH,P000007,LH,85.77017438372553,0.38693381194520193,6.473905896945235,0.5152580341452133,22.960233115932645,8.98543158407421,2.3532735073549578,3.929168847863677,0.2666208484571512,41.42376863310003,167.27566036535544,18.569636400419462,0.6782734910283065,0.17987388667258744,14.825931682651083,0.21831875224817515,11.6260508347738,1.3858144549855091,2.4446915711509636,0.5788995553800101,16.127581680782445,8.286990056029499,3675.608235828073
P000007_HL,P000007,HL,85.77017438372553,0.38693381194520193,6.473905896945235,0.5152580341452133,22.960233115932645,8.98543158407421,2.3532735073549578,3.929168847863677,0.2666208484571512,41.42376863310003,167.27566036535544,18.569636400419462,0.6782734910283065,0.17987388667258744,14.825931682651083,0.21831875224817515,11.6260508347738,1.3858144549855091,2.4446915711509636,0.5788995553800101,16.127581680782445,8.286990056029499,3675.608235828073
P000008_LH,P000008,LH,64.52062909591697,0.512339293530764,7.990386964110256,0.7560126770837052,25.9948411037808,5.610296107711815,1.101737936513639,1.1192279523640583,2.578018855600156,39.532486908615965,121.78291011195314,39.36399305409829,0.8256626695467326,0.3582163200841879,13.395372236905292,0.25723609631522426,10.256485151519891,0.8116824690686363,2.042156293434548,0.6437400116928143,3.731549874776702,4.50391863453031,3117.4317130957834
P000008_HL,P000008,HL,64.52062909591697,0.512339293530764,7.990386964110256,0.7560126770837052,25.9948411037808,5.610296107711815,1.101737936513639,1.1192279523640583,2.578018855600156,39.532486908615965,121.78291011195314,39.36399305409829,0.8256626695467326,0.3582163200841879,13.395372236905292,0.25723609631522426,10.256485151519891,0.8116824690686363,2.042156293434548,0.6437400116928143,3.731549874776702,4.50391863453031,3117.4317130957834
P000009_LH,P000009,LH,92.96702997161961,0.6246670470191524,7.77154304738713,0.43276580492076433,13.448820790659234,24.265035056306584,2.9231768453432925,1.2609233973961855,2.762873762570701,37.67905834195935,25.985226962243587,21.68669761988453,0.6049503031054284,0.3926567984612501,16.22555866283678,0.2020400655577788,13.958972609519913,0.9226071050214066,1.6706856173798685,0.7746997211223174,26.922473786058458,6.532186424382361,1780.136664764263
P000009_HL,P000009,HL,92.96702997161961,0.6246670470191524,7.77154304738713,0.43276580492076433,13.448820790659234,24.265035056306584,2.9231768453432925,1.2609233973961855,2.762873762570701,37.67905834195935,25.985226962243587,21.68669761988453,0.6049503031054284,0.3926567984612501,16.22555866283678,0.2020400655577788,13.958972609519913,0.9226071050214066,1.6706856173798685,0.7746997211223174,26.922473786058458,6.532186424382361,1780.136664764263
P000010_LH,P000010,LH,46.60926970302886,0.6540224022190977,7.738136241507136,0.39144403415622114,33.88414708774605,9.048348810004345,2.7476080090103685,1.3875378423742293,0.3148717300888717,27.501192996839848,100.49594252064875,28.425624465836307,0.8827793853343173,0.5724943853229478,16.055427911564138,0.27148673660177375,10.314094235332071,1.5544353635618238,1.9173464776971403,0.4988380227728553,2.1148423475798985,2.2695630737744588,2319.700347640013
P000010_HL,P000010,HL,46.60926970302886,0.6540224022190977,7.738136241507136,0.39144403415622114,33.88414708774605,9.048348810004345,2.7476080090103685,1.3875378423742293,0.3148717300888717,27.501192996839848,100.49594252064875,28.425624465836307,0.8827793853343173,0.5724943853229478,16.055427911564138,0.27148673660177375,10.314094235332071,1.5544353635618238,1.9173464776971403,0.4988380227728553,2.1148423475798985,2.2695630737744588,2319.700347640013
P000011_LH,P000011,LH,46.80103191547789,0.4025493300734173,5.445040420074479,0.5140566540778715,19.982385068883037,4.706112199213535,0.4513879461131248,1.3511925033078729,1.6659516287609881,71.35173814730805,61.86956156719818,33.13008069370946,0.5523642698511243,0.2311845433883168,9.577402257179436,0.18538346635578398,11.71377414483392,1.198171632199077,1.9267678781715514,0.4010874699600602,19.2084419791921,9.724582545559384,3092.367672364194
P000011_HL,P000011,HL,46.80103191547789,0.4025493300734173,5.445040420074479,0.5140566540778715,19.982385068883037,4.706112199213535,0.4513879461131248,1.3511925033078729,1.6659516287609881,71.35173814730805,61.86956156719818,33.13008069370946,0.5523642698511243,0.2311845433883168,9.577402257179436,0.18538346635578398,11.71377414483392,1.198171632199077,1.9267678781715514,0.4010874699600602,19.2084419791921,9.724582545559384,3092.367672364194
P000012_LH,P000012,LH,66.29123013588956,0.3696636470471943,4.968627727414994,0.4586915306119426,21.408949972385614,20.786796792757755,0.47752705009248986,1.3374349858432197,3.476780427991612,74.67150341219782,131.54159193920322,32.081226365750645,0.6645336536288248,0.5407808745931516,15.443028466543684,0.2646022035819605,10.793777722366304,1.3379986521026606,1.629072127787818,0.36212855498753266,2.3899801000124676,35.329896935833844,2623.8785701635757
P000012_HL,P000012,HL,66.29123013588956,0.3696636470471943,4.968627727414994,0.4586915306119426,21.408949972385614,20.786796792757755,0.47752705009248986,1.3374349858432197,3.476780427991612,74.67150341219782,131.54159193920322,32.081226365750645,0.6645336536288248,0.5407808745931516,15.443028466543684,0.2646022035819605,10.793777722366304,1.3379986521026606,1.629072127787818,0.36212855498753266,2.3899801000124676,35.329896935833844,2623.8785701635757
P000013_LH,P000013,LH,80.86765605717594,0.5020396207132318,9.510924124123797,0.49462124748950836,21.832063008189504,20.889901361891692,0.9802267076235951,3.200441548710569,2.0011557936271775,35.74794329043213,82.74452334381962,20.251795303169605,0.6700884802293061,0.3990113956826658,12.046334978773082,0.24105746157108116,10.772262320163566,1.0047432780095469,2.5450260567552943,0.655819414230977,3.5921757433041313,39.65355501846931,3196.1426562198085
P000013_HL,P000013,HL,80.86765605717594,0.5020396207132318,9.510924124123797,0.49462124748950836,21.832063008189504,20.889901361891692,0.9802267076235951,3.200441548710569,2.0011557936271775,35.74794329043213,82.74452334381962,20.251795303169605,0.6700884802293061,0.3990113956826658,12.046334978773082,0.24105746157108116,10.772262320163566,1.0047432780095469,2.5450260567552943,0.655819414230977,3.5921757433041313,39.65355501846931,3196.1426562198085
P000014_LH,P000014,LH,75.22734821804438,0.4215304288970622,5.891116182668977,0.6056421987063216,35.70453283067995,10.015455871532756,2.2065248286348016,3.414139840341248,3.912171662923179,70.27768350333733,124.94181438310746,26.229415001735962,0.6965931188367998,0.01593349193426312,12.077740733983628,0.22540583709687328,9.349543376775037,1.3198220127125861,2.5773197011472373,0.6113666441372938,6.942247530031768,2.3405791855499736,2346.2947537184336
P000014_HL,P000014,HL,75.22734821804438,0.4215304288970622,5.891116182668977,0.6056421987063216,35.70453283067995,10.015455871532756,2.2065248286348016,3.414139840341248,3.912171662923179,70.27768350333733,124.94181438310746,26.229415001735962,0.6965931188367998,0.01593349193426312,12.077740733983628,0.22540583709687328,9.349543376775037,1.3198220127125861,2.5773197011472373,0.6113666441372938,6.942247530031768,2.3405791855499736,2346.2947537184336
P000015_LH,P000015,LH,94.26525914720898,0.5730932854800135,5.836805770901835,0.44762564871738164,12.695705776806616,20.649350695384904,0.570978391369106,2.8916252191784935,1.9889270555484881,78.29356195364883,80.82246234315744,23.977099335952953,0.8583469969626638,0.21494847951251486,11.405974287356948,0.2316926452852231,11.809666084962888,1.6561906337205043,1.8906125043055246,0.5971934795938043,6.127127636809473,6.809202697175293,3646.336295719605
P000015_HL,P000015,HL,94.26525914720898,0.5730932854800135,5.836805770901835,0.44762564871738164,12.695705776806616,20.649350695384904,0.570978391369106,2.8916252191784935,1.9889270555484881,78.29356195364883,80.82246234315744,23.977099335952953,0.8583469969626638,0.21494847951251486,11.405974287356948,0.2316926452852231,11.809666084962888,1.6561906337205043,1.8906125043055246,0.5971934795938043,6.127127636809473,6.809202697175293,3646.336295719605
P000016_LH,P000016,LH,53.146956270062866,0.6812643412674022,5.932978781291219,0.5390507312582311,33.426226840530305,11.298294116756225,2.3070542459433203,0.6988719218821338,1.0658643246439625,72.64428693762606,142.63672888881035,22.605992843854004,0.8610719060090546,0.323963359492235,11.746987175907812,0.23773663194781278,13.425191323390646,1.359078693183186,1.6473727876718713,0.7811285964358452,4.002468128213806,15.845304527585796,3432.4903361241772
P000016_HL,P000016,HL,53.146956270062866,0.6812643412674022,5.932978781291219,0.5390507312582311,33.426226840530305,11.298294116756225,2.3070542459433203,0.6988719218821338,1.0658643246439625,72.64428693762606,142.63672888881035,22.605992843854004,0.8610719060090546,0.323963359492235,11.746987175907812,0.23773663194781278,13.425191323390646,1.359078693183186,1.6473727876718713,0.7811285964358452,4.002468128213806,15.845304527585796,3432.4903361241772
P000017_LH,P000017,LH,74.07364257436066,0.5243791411713968,3.033094502260202,0.7270634910579642,23.9339817631188,30.674805472898143,0.6125308412539852,2.7408558894155663,3.4292756703439493,51.67189389711041,116.54949856761866,28.49464489443689,0.5929877648616698,0.301434113032043,14.260017122575263,0.24058497212727373,13.257971965311473,0.9599831765436146,2.13072921756441,0.6848578699695913,8.422094514417353,12.292287102176648,2296.6252999014146
P000017_HL,P000017,HL,74.07364257436066,0.5243791411713968,3.033094502260202,0.7270634910579642,23.9339817631188,30.674805472898143,0.6125308412539852,2.7408558894155663,3.4292756703439493,51.67189389711041,116.54949856761866,28.49464489443689,0.5929877648616698,0.301434113032043,14.260017122575263,0.24058497212727373,13.257971965311473,0.9599831765436146,2.13072921756441,0.6848578699695913,8.422094514417353,12.292287102176648,2296.6252999014146
P000018_LH,P000018,LH,57.27983146511649,0.6765762456444883,8.64851565879714,0.4274086897450253,22.544802005721202,20.58215132646214,2.437759927904677,1.9009429670143787,3.974867025052947,42.49878654613175,126.92771288114093,22.507924439169425,0.7070633029028072,0.4775511649325998,9.617884439132693,0.26271803953882894,13.947348026821269,0.9294112264513474,2.078172611428581,0.5371049389033806,27.243018067996555,19.55120157268419,3055.820826274106
P000018_HL,P000018,HL,57.27983146511649,0.6765762456444883,8.64851565879714,0.4274086897450253,22.544802005721202,20.58215132646214,2.437759927904677,1.9009429670143787,3.974867025052947,42.49878654613175,126.92771288114093,22.507924439169425,0.7070633029028072,0.4775511649325998,9.617884439132693,0.26271803953882894,13.947348026821269,0.9294112264513474,2.078172611428581,0.5371049389033806,27.243018067996555,19.55120157268419,3055.820826274106
P000019_LH,P000019,LH,66.17660073866159,0.639267224606793,3.012646978520695,0.5095276888332776,26.414986970637095,31.310429060858482,2.511100267478848,0.8754940040699709,2.8301695111747383,38.093451668374655,86.215448062877,39.403714839032006,0.7843550644197399,0.0048770395648129634,12.65874648841462,0.2300916650148885,11.549031964599461,1.1234312843211145,1.730589794727729,0.5239131791728282,35.539048240933276,25.96749914916268,2133.3375980668275
P000019_HL,P000019,HL,66.17660073866159,0.639267224606793,3.012646978520695,0.5095276888332776,26.414986970637095,31.310429060858482,2.511100267478848,0.8754940040699709,2.8301695111747383,38.093451668374655,86.215448062877,39.403714839032006,0.7843550644197399,0.0048770395648129634,12.65874648841462,0.2300916650148885,11.549031964599461,1.1234312843211145,1.730589794727729,0.5239131791728282,35.539048240933276,25.96749914916268,2133.3375980668275
P000020_LH,P000020,LH,70.88498283740971,0.37577910971047895,4.4119770160900735,0.7005666921699749,25.278065151738748,5.9096088245063285,1.463185880899685,0.6057069898519953,1.7037297319391238,40.75948504687763,95.90902516239522,37.21493496616064,0.8171616111192104,0.5966446287753472,11.448386709289423,0.24430977040611868,10.605423569201145,0.838937456979212,1.9877338333089263,0.7158991567844935,6.496899930108618,17.32565355554579,2759.7699301382754
P000020_HL,P000020,HL,70.88498283740971,0.37577910971047895,4.4119770160900735,0.7005666921699749,25.278065151738748,5.9096088245063285,1.463185880899685,0.6057069898519953,1.7037297319391238,40.75948504687763,95.90902516239522,37.21493496616064,0.8171616111192104,0.5966446287753472,11.448386709289423,0.24430977040611868,10.605423569201145,0.838937456979212,1.9877338333089263,0.7158991567844935,6.496899930108618,17.32565355554579,2759.7699301382754
P000021_LH,P000021,LH,93.48708583703615,0.4546260751837052,4.48368602915326,0.7863161822254445,17.485831874698384,27.871967916524156,0.3878428274007694,1.6686758505204675,1.0271999270578283,84.52397297225406,153.2202775471658,35.67974981213151,0.5710363461066563,0.6690196411248345,14.574421473967512,0.27579999039311454,9.602387329119617,1.0429191683229275,2.591115448724893,0.6181884456120759,25.9473858316475,4.385217995533066,1319.8640281479059
P000021_HL,P000021,HL,93.48708583703615,0.4546260751837052,4.48368602915326,0.7863161822254445,17.485831874698384,27.871967916524156,0.3878428274007694,1.6686758505204675,1.0271999270578283,84.52397297225406,153.2202775471658,35.67974981213151,0.5710363461066563,0.6690196411248345,14.574421473967512,0.27579999039311454,9.602387329119617,1.0429191683229275,2.591115448724893,0.6181884456120759,25.9473858316475,4.385217995533066,1319.8640281479059
P000022_LH,P000022,LH,81.99337571701525,0.5368514349079054,5.093016011407274,0.585924456931419,34.98562568925936,17.181969756557738,2.0459798682581236,0.5394217685918761,2.4711281500648425,69.19541023138609,164.62888269077166,20.55702598039418,0.6868930216910014,0.4119521060759866,10.91903296721722,0.19683390257689345,11.981683816866225,0.9979234758416247,2.53207255391362,0.41255111193162924,23.894846426886538,5.340033725245438,1641.297575411814
P000022_HL,P000022,HL,81.99337571701525,0.5368514349079054,5.093016011407274,0.585924456931419,34.98562568925936,17.181969756557738,2.0459798682581236,0.5394217685918761,2.4711281500648425,69.19541023138609,164.62888269077166,20.55702598039418,0.6868930216910014,0.4119521060759866,10.91903296721722,0.19683390257689345,11.981683816866225,0.9979234758416247,2.53207255391362,0.41255111193162924,23.894846426886538,5.340033725245438,1641.297575411814
P000023_LH,P000023,LH,56.193996341994065,0.4398590962392,8.939870678206447,0.6671906720298909,32.64684126304584,30.31823287562844,1.0879091163873742,2.6007836036706276,1.5088124723523224,78.05841098561223,40.47840055411874,38.35558139059416,0.5722877410103572,0.2806520705241875,13.142342682305753,0.26943261459006673,9.979875207146899,1.3466934577627176,2.5695694674090652,0.4997091322279661,25.5182873337911,34.21998503521915,3450.572867258659
P000023_HL,P000023,HL,56.193996341994065,0.4398590962392,8.939870678206447,0.6671906720298909,32.64684126304584,30.31823287562844,1.0879091163873742,2.6007836036706276,1.5088124723523224,78.05841098561223,40.47840055411874,38.35558139059416,0.5722877410103572,0.2806520705241875,13.142342682305753,0.26943261459006673,9.979875207146899,1.3466934577627176,2.5695694674090652,0.4997091322279661,25.5182873337911,34.21998503521915,3450.572867258659
P000024_LH,P000024,LH,80.10110730135526,0.35175059692887234,3.0612939991357915,0.6214082299276531,21.282801106446875,24.070428983726647,2.2900713582922076,2.825646165268829,2.652732908317702,87.8565008351616,66.48695922154273,28.378220237220816,0.8884355913100435,0.20954479526363695,12.641106911338191,0.18282450640608638,10.819262938591446,1.154014280002532,2.281862538055416,0.5556724838742935,10.462489717794938,33.084056367842514,2363.859850098833
P000024_HL,P000024,HL,80.10110730135526,0.35175059692887234,3.0612939991357915,0.6214082299276531,21.282801106446875,24.070428983726647,2.2900713582922076,2.825646165268829,2.652732908317702,87.8565008351616,66.48695922154273,28.378220237220816,0.8884355913100435,0.20954479526363695,12.641106911338191,0.18282450640608638,10.819262938591446,1.154014280002532,2.281862538055416,0.5556724838742935,10.462489717794938,33.084056367842514,2363.859850098833
P000025_LH,P000025,LH,65.79067436780105,0.48224322940195974,4.752972817638132,0.7081533730890146,25.34012678193642,15.855843199483866,1.1168963874970683,1.0325514044156512,0.9322474596500855,63.36119000577853,33.17138306542802,36.81764864275195,0.743037723220172,0.6708965401478059,8.836000323082027,0.23343984239884982,13.129798608339346,1.4089937340970768,2.3700474910051796,0.5485170627935806,4.424543227138804,2.2401477631858957,1455.2894018026634
P000025_HL,P000025,HL,65.79067436780105,0.48224322940195974,4.752972817638132,0.7081533730890146,25.34012678193642,15.855843199483866,1.1168963874970683,1.0325514044156512,0.9322474596500855,63.36119000577853,33.17138306542802,36.81764864275195,0.743037723220172,0.6708965401478059,8.836000323082027,0.23343984239884982,13.129798608339346,1.4089937340970768,2.3700474910051796,0.5485170627935806,4.424543227138804,2.2401477631858957,1455.2894018026634
P000026_LH,P000026,LH,86.74167955467281,0.5344201051710108,3.082950352611258,0.5376504975806953,14.60129529958622,7.593107318770509,1.0273623175528794,2.460327648865801,1.1910610579953684,67.48828336168393,140.5667644428706,23.873703425421418,0.7879432146466303,0.10773271014569094,8.305151328112014,0.22334939941365461,11.011799071108143,1.584828316198723,1.686205362839778,0.48516177769907154,4.2002196507948675,2.294069832390271,1494.164627907296
P000026_HL,P000026,HL,86.74167955467281,0.5344201051710108,3.082950352611258,0.5376504975806953,14.60129529958622,7.593107318770509,1.0273623175528794,2.460327648865801,1.1910610579953684,67.48828336168393,140.5667644428706,23.873703425421418,0.7879432146466303,0.10773271014569094,8.305151328112014,0.22334939941365461,11.011799071108143,1.584828316198723,1.686205362839778,0.48516177769907154,4.2002196507948675,2.294069832390271,1494.164627907296
P000027_LH,P000027,LH,78.75920887496932,0.616259573349174,7.9446432544986525,0.618965510185508,28.851073425121747,33.571691928928225,2.616462984323818,3.7206456596079835,1.2100343078521756,74.91788061700024,61.70447897428876,33.2809135830319,0.8746224661510579,0.22540136802672284,17.086263558505095,0.2590201777456834,13.52234243677744,0.7076618432704211,2.540095869327205,0.7305093098561295,9.436210555495693,4.02060382902335,3390.3714801509855
P000027_HL,P000027,HL,78.75920887496932,0.616259573349174,7.9446432544986525,0.618965510185508,28.851073425121747,33.571691928928225,2.616462984323818,3.7206456596079835,1.2100343078521756,74.91788061700024,61.70447897428876,33.2809135830319,0.8746224661510579,0.22540136802672284,17.086263558505095,0.2590201777456834,13.52234243677744,0.7076618432704211,2.540095869327205,0.7305093098561295,9.436210555495693,4.02060382902335,3390.3714801509855
P000028_LH,P000028,LH,49.15775705940906,0.660926989929373,3.7826433778965107,0.6355238973743986,14.414873893594194,2.1474429738418763,0.5113861606605553,0.8847913980562672,1.820568393304594,61.21377890320868,95.26831359123608,32.36642429209185,0.8361262093087756,0.3276403087394588,16.75965431981949,0.26623787195340265,9.423041327595698,0.8722885481551137,1.7683639405810505,0.5495592578641857,2.2682485250293314,37.451794618220354,2383.0707551058194
P000028_HL,P000028,HL,49.15775705940906,0.660926989929373,3.7826433778965107,0.6355238973743986,14.414873893594194,2.1474429738418763,0.5113861606605553,0.8847913980562672,1.820568393304594,61.21377890320868,95.26831359123608,32.36642429209185,0.8361262093087756,0.3276403087394588,16.75965431981949,0.26623787195340265,9.423041327595698,0.8722885481551137,1.7683639405810505,0.5495592578641857,2.2682485250293314,37.451794618220354,2383.0707551058194
P000029_LH,P000029,LH,61.15144215895114,0.39908104736451727,6.344006166116568,0.7991504063904806,31.557464420717444,29.480878571163135,1.8535909288717418,0.2893437671965185,1.6535387161903896,61.52423111101804,177.91846820932798,26.494878523179814,0.573446641016724,0.16388461402889842,9.401256780160987,0.22178959068932796,9.886829662103587,1.141670824322261,1.7012065866150894,0.7696296803794556,11.474223712228527,15.415913932173664,2621.15599175114
P000029_HL,P000029,HL,61.15144215895114,0.39908104736451727,6.344006166116568,0.7991504063904806,31.557464420717444,29.480878571163135,1.8535909288717418,0.2893437671965185,1.6535387161903896,61.52423111101804,177.91846820932798,26.494878523179814,0.573446641016724,0.16388461402889842,9.401256780160987,0.22178959068932796,9.886829662103587,1.141670824322261,1.7012065866150894,0.7696296803794556,11.474223712228527,15.415913932173664,2621.15599175114
P000030_LH,P000030,LH,61.30026877659138,0.4252697672621526,3.680289808314752,0.5834085227678611,25.446841694322902,24.69297338227852,2.8298130101743904,1.0841365684078736,2.0126872134526015,26.44004384776536,87.92976778883254,24.429830504147652,0.8936171067802363,0.4173870201460694,8.36441564113744,0.21935059276128063,9.752550360807557,1.574337993203939,1.9113878340799433,0.755386257274175,10.966794056870302,30.29764883952989,2730.080075984506
P000030_HL,P000030,HL,61.30026877659138,0.4252697672621526,3.680289808314752,0.5834085227678611,25.446841694322902,24.69297338227852,2.8298130101743904,1.0841365684078736,2.0126872134526015,26.44004384776536,87.92976778883254,24.429830504147652,0.8936171067802363,0.4173870201460694,8.36441564113744,0.21935059276128063,9.752550360807557,1.574337993203939,1.9113878340799433,0.755386257274175,10.966794056870302,30.29764883952989,2730.080075984506
P000031_LH,P000031,LH,62.62425318659969,0.4563231620153748,9.675777354722854,0.6102334428645473,20.276197681108908,3.8518699304254334,0.4553894409040965,0.646067489458712,1.7996849990130699,45.43888881788122,152.95688516796008,27.478000191162458,0.8855339101212731,0.3575400882842251,17.42704774393493,0.23631222948959527,13.040113230363712,0.7891710782177421,2.522414211917588,0.38189075315075727,11.128008824468473,5.902191626364969,1597.211805711961
P000031_HL,P000031,HL,62.62425318659969,0.4563231620153748,9.675777354722854,0.6102334428645473,20.276197681108908,3.8518699304254334,0.4553894409040965,0.646067489458712,1.7996849990130699,45.43888881788122,152.95688516796008,27.478000191162458,0.8855339101212731,0.3575400882842251,17.42704774393493,0.23631222948959527,13.040113230363712,0.7891710782177421,2.522414211917588,0.38189075315075727,11.128008824468473,5.902191626364969,1597.211805711961
P000032_LH,P000032,LH,55.06579648303597,0.4759802923141545,5.232774801573076,0.5433135037554524,11.832527611881465,31.759032686513645,2.804690109349763,0.5483662766651509,2.562307835228146,84.29072736812807,163.7858611696626,30.011386784637423,0.7538407738242956,0.21737855902658212,14.072591048449803,0.2702490986046792,11.226364016121618,1.3413919969631476,1.7845590198531935,0.7155806744008257,16.15861594363973,3.1593873872053644,3606.534801368652
P000032_HL,P000032,HL,55.06579648303597,0.4759802923141545,5.232774801573076,0.5433135037554524,11.832527611881465,31.759032686513645,2.804690109349763,0.5483662766651509,2.562307835228146,84.29072736812807,163.7858611696626,30.011386784637423,0.7538407738242956,0.21737855902658212,14.072591048449803,0.2702490986046792,11.226364016121618,1.3413919969631476,1.7845590198531935,0.7155806744008257,16.15861594363973,3.1593873872053644,3606.534801368652
P000033_LH,P000033,LH,59.535662224799324,0.6346041229239738,3.637556944381416,0.6980276486086545,9.217446141917556,10.315639093981401,2.624279270262085,1.612232788508611,2.1639817986813084,75.77970647631024,77.35461664945602,34.29966064483774,0.5873613384389413,0.19236053586781462,12.778201055110948,0.18895214625451645,8.927179627123394,1.308129896773774,1.8416979270394573,0.6920637273153674,17.676017673992465,7.350488857240864,3624.5773738519
P000033_HL,P000033,HL,59.535662224799324,0.6346041229239738,3.637556944381416,0.6980276486086545,9.217446141917556,10.315639093981401,2.624279270262085,1.612232788508611,2.1639817986813084,75.77970647631024,77.35461664945602,34.29966064483774,0.5873613384389413,0.19236053586781462,12.778201055110948,0.18895214625451645,8.927179627123394,1.308129896773774,1.8416979270394573,0.6920637273153674,17.676017673992465,7.350488857240864,3624.5773738519
P000034_LH,P000034,LH,88.54558588942889,0.45989969047808205,8.874328685276291,0.5894265305905043,9.50245825955071,20.21266064532829,0.947930866476542,2.485477794327738,2.205181516586916,45.099480361677905,64.62240109115193,27.648566102607965,0.7506852713544767,0.02157555621435972,17.921674941430673,0.2696645591066276,11.687903922696826,1.2015102078560966,2.4549573155702458,0.7785968529760154,23.502413348981257,3.474871159315218,1904.4337221305705
P000034_HL,P000034,HL,88.54558588942889,0.45989969047808205,8.874328685276291,0.5894265305905043,9.50245825955071,20.21266064532829,0.947930866476542,2.485477794327738,2.205181516586916,45.099480361677905,64.62240109115193,27.648566102607965,0.7506852713544767,0.02157555621435972,17.921674941430673,0.2696645591066276,11.687903922696826,1.2015102078560966,2.4549573155702458,0.7785968529760154,23.502413348981257,3.474871159315218,1904.4337221305705
P000035_LH,P000035,LH,68.56688718092185,0.5750287225837657,9.359858676831813,0.3622551589524215,31.92941358454477,16.323511223471296,1.1750974198707205,1.8630950822586216,3.3383778373555097,66.96264770024956,18.07078341513364,27.37225777764198,0.8275225986591936,0.3158866558393235,16.38210312713403,0.22406641585480602,8.329468541027003,1.0349309688465715,2.393382628321788,0.4694478477329129,26.17554021423596,14.869107713188523,2262.0859577520578
P000035_HL,P000035,HL,68.56688718092185,0.5750287225837657,9.359858676831813,0.3622551589524215,31.92941358454477,16.323511223471296,1.1750974198707205,1.8630950822586216,3.3383778373555097,66.96264770024956,18.07078341513364,27.37225777764198,0.8275225986591936,0.3158866558393235,16.38210312713403,0.22406641585480602,8.329468541027003,1.0349309688465715,2.393382628321788,0.4694478477329129,26.17554021423596,14.869107713188523,2262.0859577520578
P000036_LH,P000036,LH,86.03116714538943,0.5878639488100175,7.7160787601684095,0.7124657913977288,29.98196087177626,4.0694924349231405,0.42460682311924275,0.6318368936525695,1.133029861952511,90.82298281585499,106.52323381633975,33.455455588880696,0.9385630250665953,0.10367082025631293,8.55663836832364,0.25113582767491266,13.23948659414442,1.3819452395059078,2.41982080810911,0.35875069136932175,4.065047872629196,6.027559679867947,3008.2279442899917
P000036_HL,P000036,HL,86.03116714538943,0.5878639488100175,7.7160787601684095,0.7124657913977288,29.98196087177626,4.0694924349231405,0.42460682311924275,0.6318368936525695,1.133029861952511,90.82298281585499,106.52323381633975,33.455455588880696,0.9385630250665953,0.10367082025631293,8.55663836832364,0.25113582767491266,13.23948659414442,1.3819452395059078,2.41982080810911,0.35875069136932175,4.065047872629196,6.027559679867947,3008.2279442899917
P000037_LH,P000037,LH,84.20557686290134,0.4148965073679716,4.1846867940638965,0.7607464635160659,26.506277729816127,12.840385577667488,0.3246573474585112,3.6396256872757995,3.749417901552728,33.334840053211636,64.31574174286503,28.749147062925967,0.6615423069619287,0.1753962472651131,14.146218623873931,0.19753763617656583,9.166332857019244,1.0914384481358863,1.7112480980479954,0.6288650989112814,3.311708963884679,2.1481776760699547,2108.6637718140964
P000037_HL,P000037,HL,84.20557686290134,0.4148965073679716,4.1846867940638965,0.7607464635160659,26.506277729816127,12.840385577667488,0.3246573474585112,3.6396256872757995,3.749417901552728,33.334840053211636,64.31574174286503,28.749147062925967,0.6615423069619287,0.1753962472651131,14.146218623873931,0.19753763617656583,9.166332857019244,1.0914384481358863,1.7112480980479954,0.6288650989112814,3.311708963884679,2.1481776760699547,2108.6637718140964
P000038_LH,P000038,LH,62.07472645678085,0.40140386343725215,8.356989996897106,0.5469504600453703,21.63658390790584,31.74443088003021,1.978702749073852,1.9512343266027534,2.8965877407124436,89.88148779330368,7.4940722425809865,28.976254013267233,0.8708898352936685,0.6034667372854656,11.491935598686567,0.22023984288750723,13.166298799775543,0.8310452562069083,2.1235908445615443,0.6662098599493507,2.6477996074235475,2.398157496199377,1589.7701161151865
P000038_HL,P000038,HL,62.07472645678085,0.40140386343725215,8.356989996897106,0.5469504600453703,21.63658390790584,31.74443088003021,1.978702749073852,1.9512343266027534,2.8965877407124436,89.88148779330368,7.4940722425809865,28.976254013267233,0.8708898352936685,0.6034667372854656,11.491935598686567,0.22023984288750723,13.166298799775543,0.8310452562069083,2.1235908445615443,0.6662098599493507,2.6477996074235475,2.398157496199377,1589.7701161151865
P000039_LH,P000039,LH,82.47821605229305,0.7231264836209474,5.050935554472268,0.5611396619418538,10.642059873565094,6.416833409065657,0.9617459597937427,1.568364574124262,2.3755029998049966,64.40615182527993,134.89072735572404,18.64906524625612,0.7810749700702989,0.5240593318829766,17.163666715888652,0.20703884238255618,10.07839791038776,0.9948572173503629,1.878574394064008,0.37264990197074666,3.2067449606314513,18.982528755767497,3411.3060322005217
P000039_HL,P000039,HL,82.47821605229305,0.7231264836209474,5.050935554472268,0.5611396619418538,10.642059873565094,6.416833409065657,0.9617459597937427,1.568364574124262,2.3755029998049966,64.40615182527993,134.89072735572404,18.64906524625612,0.7810749700702989,0.5240593318829766,17.163666715888652,0.20703884238255618,10.07839791038776,0.9948572173503629,1.878574394064008,0.37264990197074666,3.2067449606314513,18.982528755767497,3411.3060322005217
P000040_LH,P000040,LH,52.93826086900209,0.48300260323293953,5.910194722424707,0.46095867222307674,18.030302357519005,19.09591231212466,2.8775928455027264,3.395777192698464,3.968916000139512,32.670440672982856,88.5073162661489,21.500742841584128,0.9192031806769609,0.11697485981245571,10.059880690338346,0.22579951085305752,11.867275910652216,1.2978163538277476,1.8093178158986776,0.7380245682139734,3.719972437066937,14.470529462185318,1719.3837821020347
P000040_HL,P000040,HL,52.93826086900209,0.48300260323293953,5.910194722424707,0.46095867222307674,18.030302357519005,19.09591231212466,2.8775928455027264,3.395777192698464,3.968916000139512,32.670440672982856,88.5073162661489,21.500742841584128,0.9192031806769609,0.11697485981245571,10.059880690338346,0.22579951085305752,11.867275910652216,1.2978163538277476,1.8093178158986776,0.7380245682139734,3.719972437066937,14.470529462185318,1719.3837821020347
P000041_LH,P000041,LH,81.18724600870479,0.7466243736303704,7.070061353103028,0.6682108895034646,23.140588787707284,16.380410792331418,1.4443536217423623,3.685755234325936,1.6070763884731767,38.00089396446931,40.95690401188266,39.30819834896006,0.9140049645414015,0.39614184299783356,13.746517732684424,0.24602389348241968,13.837108029819996,0.7193987094997547,2.556480856445395,0.40994820310836183,5.924362446582456,11.788074072469747,2374.6429641089285
P000041_HL,P000041,HL,81.18724600870479,0.7466243736303704,7.070061353103028,0.6682108895034646,23.140588787707284,16.380410792331418,1.4443536217423623,3.685755234325936,1.6070763884731767,38.00089396446931,40.95690401188266,39.30819834896006,0.9140049645414015,0.39614184299783356,13.746517732684424,0.24602389348241968,13.837108029819996,0.7193987094997547,2.556480856445395,0.40994820310836183,5.924362446582456,11.788074072469747,2374.6429641089285
P000042_LH,P000042,LH,69.48615294234773,0.5305257001692645,4.644442136436167,0.5235700112915461,16.284345510231603,6.317886198204902,1.2631893756566672,2.6162409917410114,2.2370081498212246,83.29872323885706,96.39710304368205,19.399221484924286,0.756314205575289,0.31960742530685216,15.001465652205034,0.1930163481357846,10.011238121351678,0.9349060899304673,2.2202659446785447,0.5342177970063172,32.05317610313905,5.567788987782094,2963.830176385097
P000042_HL,P000042,HL,69.48615294234773,0.5305257001692645,4.644442136436167,0.5235700112915461,16.284345510231603,6.317886198204902,1.2631893756566672,2.6162409917410114,2.2370081498212246,83.29872323885706,96.39710304368205,19.399221484924286,0.756314205575289,0.31960742530685216,15.001465652205034,0.1930163481357846,10.011238121351678,0.9349060899304673,2.2202659446785447,0.5342177970063172,32.05317610313905,5.567788987782094,2963.830176385097
P000043_LH,P000043,LH,88.14561582947094,0.7319907653457002,3.905366548157449,0.6135748500411329,18.58726061467808,23.731382282323878,0.3394766133359992,2.2986664349060915,0.30279511933953357,28.552953925317915,112.01216916346124,26.53821190941774,0.5503989190974177,0.5176069516717453,15.99964912136852,0.23145730825693558,12.20644779055079,0.784571330463465,2.001269968438618,0.7263553564852206,4.987545846170606,12.89290636947554,3297.7984154043556
P000043_HL,P000043,HL,88.14561582947094,0.7319907653457002,3.905366548157449,0.6135748500411329,18.58726061467808,23.731382282323878,0.3394766133359992,2.2986664349060915,0.30279511933953357,28.552953925317915,112.01216916346124,26.53821190941774,0.5503989190974177,0.5176069516717453,15.99964912136852,0.23145730825693558,12.20644779055079,0.784571330463465,2.001269968438618,0.7263553564852206,4.987545846170606,12.89290636947554,3297.7984154043556
P000044_LH,P000044,LH,45.58075745038216,0.49174472656149526,9.661037428832827,0.7958985474084723,28.659306551707985,3.056370446505885,2.9863039057316034,2.9849493991954823,0.5618404069342763,36.14467499521765,34.01184121720091,26.08377623479332,0.7761177087416872,0.6626465604125079,8.347863571076319,0.26143720006706855,8.588399693080989,1.5629993375520304,1.7884342497064,0.47668487698484197,22.511559233886835,18.383580834056087,2119.2160733616806
P000044_HL,P000044,HL,45.58075745038216,0.49174472656149526,9.661037428832827,0.7958985474084723,28.659306551707985,3.056370446505885,2.9863039057316034,2.9849493991954823,0.5618404069342763,36.14467499521765,34.01184121720091,26.08377623479332,0.7761177087416872,0.6626465604125079,8.347863571076319,0.26143720006706855,8.588399693080989,1.5629993375520304,1.7884342497064,0.47668487698484197,22.511559233886835,18.383580834056087,2119.2160733616806
P000045_LH,P000045,LH,54.652102580605344,0.4647107452949141,8.024029894878653,0.3996202293895311,20.116963257518762,30.91428389642901,1.8432941930602431,1.4717136540570022,2.676704927489469,55.92976751012088,118.13699404715847,20.456387951493085,0.8563692683894002,0.17313224860380688,9.27440056195179,0.2778518266602742,9.956213024608282,0.8198442336915363,2.355607943117054,0.7854393316935667,26.72707848475124,6.672922036736236,3734.1017842789943
P000045_HL,P000045,HL,54.652102580605344,0.4647107452949141,8.024029894878653,0.3996202293895311,20.116963257518762,30.91428389642901,1.8432941930602431,1.4717136540570022,2.676704927489469,55.92976751012088,118.13699404715847,20.456387951493085,0.8563692683894002,0.17313224860380688,9.27440056195179,0.2778518266602742,9.956213024608282,0.8198442336915363,2.355607943117054,0.7854393316935667,26.72707848475124,6.672922036736236,3734.1017842789943
P000046_LH,P000046,LH,90.37961633502812,0.3879612194352754,3.842166048305307,0.7533414404715597,13.92390110913142,35.11153782324239,0.9923370133918017,1.29911359286313,3.046846838233874,53.98772422003305,150.68163805598866,30.18538866571049,0.9015955196318248,0.3472031801848602,9.211018803202212,0.2227677788561585,13.992838749458883,0.815491108132228,2.501736949203075,0.42468451404204416,10.384898834493972,31.60802620610954,2485.508392665478
P000046_HL,P000046,HL,90.37961633502812,0.3879612194352754,3.842166048305307,0.7533414404715597,13.92390110913142,35.11153782324239,0.9923370133918017,1.29911359286313,3.046846838233874,53.98772422003305,150.68163805598866,30.18538866571049,0.9015955196318248,0.3472031801848602,9.211018803202212,0.2227677788561585,13.992838749458883,0.815491108132228,2.501736949203075,0.42468451404204416,10.384898834493972,31.60802620610954,2485.508392665478
P000047_LH,P000047,LH,76.25809079925419,0.6874945767447047,3.258408755940492,0.35456989564020086,15.363486358138381,10.777241786056523,2.323042255289423,2.2634307867434353,0.7952467426368157,65.65464927668698,10.08043912466505,23.139921291735327,0.8780341742357771,0.15404661085298715,8.628537453302554,0.26110347587559124,9.196891278668382,0.8252014122684199,2.493420147118633,0.7997441114722136,4.5044913654684136,16.053724134752056,3638.709578467821
P000047_HL,P000047,HL,76.25809079925419,0.6874945767447047,3.258408755940492,0.35456989564020086,15.363486358138381,10.777241786056523,2.323042255289423,2.2634307867434353,0.7952467426368157,65.65464927668698,10.08043912466505,23.139921291735327,0.8780341742357771,0.15404661085298715,8.628537453302554,0.26110347587559124,9.196891278668382,0.8252014122684199,2.493420147118633,0.7997441114722136,4.5044913654684136,16.053724134752056,3638.709578467821
P000048_LH,P000048,LH,79.89156266433665,0.45615024550628996,9.846122327354795,0.7500938469852148,15.194020480072304,14.914928567401061,0.9870509089956543,2.352984177495264,1.2908204649088884,94.18761647810392,160.78965858123783,21.81109999785292,0.9012237907316307,0.20339763810481026,9.140702289258435,0.20487057949047288,8.998760931501844,0.7421784639594591,2.2983838162966537,0.46399351871229755,5.35484767515546,5.280019608790076,1241.7719179331884
P000048_HL,P000048,HL,79.89156266433665,0.45615024550628996,9.846122327354795,0.7500938469852148,15.194020480072304,14.914928567401061,0.9870509089956543,2.352984177495264,1.2908204649088884,94.18761647810392,160.78965858123783,21.81109999785292,0.9012237907316307,0.20339763810481026,9.140702289258435,0.20487057949047288,8.998760931501844,0.7421784639594591,2.2983838162966537,0.46399351871229755,5.35484767515546,5.280019608790076,1241.7719179331884
P000049_LH,P000049,LH,54.1230353385244,0.7362854637457379,4.257074655848761,0.45388064622046054,22.724609433250496,12.42383107721468,0.6957508276270938,2.112837490673587,0.39179000155794236,30.223168707953086,35.14398384249699,19.29452966275408,0.6640462214255873,0.588398189902628,9.996100174826687,0.1921400653754006,13.363811752232207,0.7908891019435792,2.0941076577514477,0.6033429174473199,2.9407650615437553,12.178704214360407,1975.2321407047853
P000049_HL,P000049,HL,54.1230353385244,0.7362854637457379,4.257074655848761,0.45388064622046054,22.724609433250496,12.42383107721468,0.6957508276270938,2.112837490673587,0.39179000155794236,30.223168707953086,35.14398384249699,19.29452966275408,0.6640462214255873,0.588398189902628,9.996100174826687,0.1921400653754006,13.363811752232207,0.7908891019435792,2.0941076577514477,0.6033429174473199,2.9407650615437553,12.178704214360407,1975.2321407047853
P000050_LH,P000050,LH,45.69149195834854,0.559465919382228,7.372575280973646,0.5302593815433103,17.830149384457318,14.850098660034172,1.2310641645987697,0.9285675026329565,3.4143522786896017,68.4844143552632,121.00074572924304,37.47250836840599,0.8909023811352325,0.14848478609943622,13.201228124540538,0.2290049005186367,8.663193226646692,1.6248744470274419,2.3915530099894786,0.7672614742848447,32.91205503868645,30.980910325028688,3341.388573836385
P000050_HL,P000050,HL,45.69149195834854,0.559465919382228,7.372575280973646,0.5302593815433103,17.830149384457318,14.850098660034172,1.2310641645987697,0.9285675026329565,3.4143522786896017,68.4844143552632,121.00074572924304,37.47250836840599,0.8909023811352325,0.14848478609943622,13.201228124540538,0.2290049005186367,8.663193226646692,1.6248744470274419,2.3915530099894786,0.7672614742848447,32.91205503868645,30.980910325028688,3341.388573836385
P000051_LH,P000051,LH,77.52001491816728,0.5376912178743583,7.960456679769978,0.6374018972601727,22.111829237366912,10.19368402433853,1.3136099002860209,1.4534861894023214,2.9886074882960014,29.934175893232805,16.345506575652287,30.316576564814135,0.9399440168281825,0.043547462916389786,10.799298120320868,0.21475424362259507,10.105972728081744,1.3652928071105703,1.7980502108353968,0.39105595984855485,5.554177431313365,39.48623639413613,1754.0128383088056
P000051_HL,P000051,HL,77.52001491816728,0.5376912178743583,7.960456679769978,0.6374018972601727,22.111829237366912,10.19368402433853,1.3136099002860209,1.4534861894023214,2.9886074882960014,29.934175893232805,16.345506575652287,30.316576564814135,0.9399440168281825,0.043547462916389786,10.799298120320868,0.21475424362259507,10.105972728081744,1.3652928071105703,1.7980502108353968,0.39105595984855485,5.554177431313365,39.48623639413613,1754.0128383088056
P000052_LH,P000052,LH,81.34547302038341,0.47834101918664546,6.5378693150397265,0.3529602847886052,25.021091314720444,34.68796301904,1.3586995244525308,3.8405683590165416,0.4493497223396469,66.03049378488114,138.04553505782104,25.158918105748974,0.5625657623355437,0.5212253880393477,13.079077495217579,0.18322306211354056,9.119923364238398,0.8681564314613167,1.6591819312210916,0.7708809254647038,10.125482392329111,10.83159388398701,2870.5771941064595
P000052_HL,P000052,HL,81.34547302038341,0.47834101918664546,6.5378693150397265,0.3529602847886052,25.021091314720444,34.68796301904,1.3586995244525308,3.8405683590165416,0.4493497223396469,66.03049378488114,138.04553505782104,25.158918105748974,0.5625657623355437,0.5212253880393477,13.079077495217579,0.18322306211354056,9.119923364238398,0.8681564314613167,1.6591819312210916,0.7708809254647038,10.125482392329111,10.83159388398701,2870.5771941064595
P000053_LH,P000053,LH,65.64216334429484,0.49704434255071694,6.643955404799669,0.42115717007291253,35.05726425596387,23.168353588990975,2.662426314416721,0.8967342260618084,3.8341190747845637,53.34474770169054,36.199290886089315,28.013099675785313,0.5756039552905233,0.009077726045069586,14.896084444366888,0.23257338936683628,13.701824301969417,1.1669919992069386,2.1344445610254628,0.6325606222889548,24.556490427388542,7.9162030984892775,3371.689485012714
P000053_HL,P000053,HL,65.64216334429484,0.49704434255071694,6.643955404799669,0.42115717007291253,35.05726425596387,23.168353588990975,2.662426314416721,0.8967342260618084,3.8341190747845637,53.34474770169054,36.199290886089315,28.013099675785313,0.5756039552905233,0.009077726045069586,14.896084444366888,0.23257338936683628,13.701824301969417,1.1669919992069386,2.1344445610254628,0.6325606222889548,24.556490427388542,7.9162030984892775,3371.689485012714
P000054_LH,P000054,LH,51.52777458824904,0.6858435719780555,4.1174497849531315,0.7643457084538823,11.078302079116598,28.58585117954137,1.66248922880299,1.5618424508080846,3.877163627400342,41.704099282306544,144.32220567048196,22.743982976834396,0.6823554820132626,0.6771646590908267,15.377022145331297,0.21236067752893162,10.896043722104046,1.4659068272957798,2.245414753124459,0.6022181769459438,21.98370724485024,5.733059590694109,3465.9767862728554
P000054_HL,P000054,HL,51.52777458824904,0.6858435719780555,4.1174497849531315,0.7643457084538823,11.078302079116598,28.58585117954137,1.66248922880299,1.5618424508080846,3.877163627400342,41.704099282306544,144.32220567048196,22.743982976834396,0.6823554820132626,0.6771646590908267,15.377022145331297,0.21236067752893162,10.896043722104046,1.4659068272957798,2.245414753124459,0.6022181769459438,21.98370724485024,5.733059590694109,3465.9767862728554
P000055_LH,P000055,LH,90.96022087529249,0.3651933446204097,8.456787638862124,0.5838491947910719,23.233378331636878,28.42879176073325,0.9365971945317306,1.019076563305874,1.718704997992928,24.05372273109572,124.23702235388595,36.200606901997816,0.645843359312076,0.37777664020587803,8.527294223436487,0.2042636785220219,13.502412537526512,0.9128396497371903,1.9139101855224254,0.7979820477421264,2.8526984666280533,8.878855609371257,1614.4986907360712
P000055_HL,P000055,HL,90.96022087529249,0.3651933446204097,8.456787638862124,0.5838491947910719,23.233378331636878,28.42879176073325,0.9365971945317306,1.019076563305874,1.718704997992928,24.05372273109572,124.23702235388595,36.200606901997816,0.645843359312076,0.37777664020587803,8.527294223436487,0.2042636785220219,13.502412537526512,0.9128396497371903,1.9139101855224254,0.7979820477421264,2.8526984666280533,8.878855609371257,1614.4986907360712
P000056_LH,P000056,LH,56.456481352007884,0.43571340740538533,3.125027463137388,0.4105523826396249,20.55721220307925,23.59219461310824,1.1892746994992613,0.5158423616283934,3.4555886737236032,92.25204575311942,160.111294444583,38.79681376605648,0.7667765598998325,0.4490817797333155,15.074955412926442,0.2726299819099185,11.476713195165718,0.8465867228299546,1.9313015598884813,0.7726012911274489,2.2138765616769005,10.036943285316093,3302.529826227489
P000056_HL,P000056,HL,56.456481352007884,0.43571340740538533,3.125027463137388,0.4105523826396249,20.55721220307925,23.59219461310824,1.1892746994992613,0.5158423616283934,3.4555886737236032,92.25204575311942,160.111294444583,38.79681376605648,0.7667765598998325,0.4490817797333155,15.074955412926442,0.2726299819099185,11.476713195165718,0.8465867228299546,1.9313015598884813,0.7726012911274489,2.2138765616769005,10.036943285316093,3302.529826227489
P000057_LH,P000057,LH,64.84675819976712,0.3857455965159407,8.47236586925086,0.7974695009626489,11.620572067488009,17.332244572997897,2.3836690200363497,1.0413913839146731,2.11087273411197,59.01985703786987,14.579413207666178,24.91056464075843,0.8137176858473816,0.14484867082426742,13.513759341177368,0.1838237687425269,13.925962908215052,0.9084501138371309,2.0489365985213466,0.48572573307148714,2.755295862354644,25.8623149268754,2075.2706863519097
P000057_HL,P000057,HL,64.84675819976712,0.3857455965159407,8.47236586925086,0.7974695009626489,11.620572067488009,17.332244572997897,2.3836690200363497,1.0413913839146731,2.11087273411197,59.01985703786987,14.579413207666178,24.91056464075843,0.8137176858473816,0.14484867082426742,13.513759341177368,0.1838237687425269,13.925962908215052,0.9084501138371309,2.0489365985213466,0.48572573307148714,2.755295862354644,25.8623149268754,2075.2706863519097
P000058_LH,P000058,LH,88.84699690956583,0.5944147956229991,7.520892644513058,0.5947752286834519,24.123101740505792,34.61402831880668,0.3095106374578017,3.789078400889117,1.1622151266023661,65.12956371329483,46.53556573299208,19.788327320558427,0.7023339324910067,0.11895491675271724,17.85206672066776,0.20046318941130395,13.549349262609244,1.027097357100579,2.439953137825646,0.6938398700186864,9.540082272233429,4.264665756568848,1818.9418139883496
P000058_HL,P000058,HL,88.84699690956583,0.5944147956229991,7.520892644513058,0.5947752286834519,24.123101740505792,34.61402831880668,0.3095106374578017,3.789078400889117,1.1622151266023661,65.12956371329483,46.53556573299208,19.788327320558427,0.7023339324910067,0.11895491675271724,17.85206672066776,0.20046318941130395,13.549349262609244,1.027097357100579,2.439953137825646,0.6938398700186864,9.540082272233429,4.264665756568848,1818.9418139883496
P000059_LH,P000059,LH,89.63347628664039,0.5043312528257823,4.636839437530264,0.5056589429744498,21.89961885632374,15.608728088758175,1.6425362648043662,1.812694111572241,1.272794718175477,31.71999468047766,122.77577132952727,20.405148558568932,0.7793816450374702,0.6300427269603287,17.529640914329644,0.18737675777706397,13.387281692661798,1.2603747863592796,2.0672252085561476,0.6906998521662271,2.93092416949341,2.062761959964568,3475.106885489235
P000059_HL,P000059,HL,89.63347628664039,0.5043312528257823,4.636839437530264,0.5056589429744498,21.89961885632374,15.608728088758175,1.6425362648043662,1.812694111572241,1.272794718175477,31.71999468047766,122.77577132952727,20.405148558568932,0.7793816450374702,0.6300427269603287,17.529640914329644,0.18737675777706397,13.387281692661798,1.2603747863592796,2.0672252085561476,0.6906998521662271,2.93092416949341,2.062761959964568,3475.106885489235
P000060_LH,P000060,LH,80.55284242184581,0.4737730482873016,6.512556754283024,0.5799989416770671,18.781339274259288,21.962034313134975,2.7536177158886965,1.3700990077018653,3.182253850176106,66.20044302083372,92.20149753267465,19.623570658234005,0.6601705801798565,0.49077138882557075,12.460928596365365,0.2550410430625419,10.231606069936014,1.6343976715309592,1.6538879129025048,0.4529630395828518,20.666319287091433,5.074084671778312,1845.5973766926436
P000060_HL,P000060,HL,80.55284242184581,0.4737730482873016,6.512556754283024,0.5799989416770671,18.781339274259288,21.962034313134975,2.7536177158886965,1.3700990077018653,3.182253850176106,66.20044302083372,92.20149753267465,19.623570658234005,0.6601705801798565,0.49077138882557075,12.460928596365365,0.2550410430625419,10.231606069936014,1.6343976715309592,1.6538879129025048,0.4529630395828518,20.666319287091433,5.074084671778312,1845.5973766926436
P000061_LH,P000061,LH,65.25758804190826,0.5279750276818749,7.638963694886028,0.6879025692965459,16.424798734887208,17.560384707350977,1.8765260335503584,3.2542792688711963,2.371709901231691,77.33032599327598,29.285446133370275,34.44374728434545,0.5983832926134888,0.23662207986196207,17.632274890040826,0.24161884839679956,11.061017510062658,0.971902820839748,2.0619136067419603,0.3743873059365599,19.482247358508836,10.281467582985758,1534.9334287192985
P000061_HL,P000061,HL,65.25758804190826,0.5279750276818749,7.638963694886028,0.6879025692965459,16.424798734887208,17.560384707350977,1.8765260335503584,3.2542792688711963,2.371709901231691,77.33032599327598,29.285446133370275,34.44374728434545,0.5983832926134888,0.23662207986196207,17.632274890040826,0.24161884839679956,11.061017510062658,0.971902820839748,2.0619136067419603,0.3743873059365599,19.482247358508836,10.281467582985758,1534.9334287192985
P000062_LH,P000062,LH,57.650537579345965,0.5711178824373576,8.787888815215581,0.5943087624832688,35.962779971820154,17.997826020969132,2.411678435469272,2.7125505816160573,0.7217429925901688,81.58649857364418,143.19032964576658,18.297935853377354,0.9099989687045118,0.10942405664436537,15.226833201983293,0.20578865518261472,10.39759321804316,1.643983872691225,1.8175275538160005,0.5325554256801892,28.172268365149712,14.053746182499005,2086.4588548656197
P000062_HL,P000062,HL,57.650537579345965,0.5711178824373576,8.787888815215581,0.5943087624832688,35.962779971820154,17.997826020969132,2.411678435469272,2.7125505816160573,0.7217429925901688,81.58649857364418,143.19032964576658,18.297935853377354,0.9099989687045118,0.10942405664436537,15.226833201983293,0.20578865518261472,10.39759321804316,1.643983872691225,1.8175275538160005,0.5325554256801892,28.172268365149712,14.053746182499005,2086.4588548656197
P000063_LH,P000063,LH,60.72739890476812,0.7416652448036937,5.72919889801425,0.5331718269808504,27.292563102873494,7.40129589309676,2.963422914904116,1.7370281531605385,3.7094233758994983,79.32798639456058,139.42558251813566,30.97071646587274,0.5554031507859455,0.07175225320296136,16.873376654174038,0.27621310771289986,11.993958303214914,0.9058973793470828,1.6784590926251983,0.5348642442948045,7.366326038863511,20.490756203113566,1733.7243451533518
P000063_HL,P000063,HL,60.72739890476812,0.7416652448036937,5.72919889801425,0.5331718269808504,27.292563102873494,7.40129589309676,2.963422914904116,1.7370281531605385,3.7094233758994983,79.32798639456058,139.42558251813566,30.97071646587274,0.5554031507859455,0.07175225320296136,16.873376654174038,0.27621310771289986,11.993958303214914,0.9058973793470828,1.6784590926251983,0.5348642442948045,7.366326038863511,20.490756203113566,1733.7243451533518
P000064_LH,P000064,LH,64.25505461555719,0.7260517268246833,5.801422635479392,0.44392031182599617,27.135431791619297,33.3077227159345,2.2467582876081975,1.7970373266289268,0.4188223521181721,59.45909883829006,17.361776384055673,39.993769024310076,0.9215111995461875,0.6133429436358742,17.48779126620103,0.1842690589471882,9.690737936289015,1.1810007017084665,1.9809252149896108,0.37811339254203175,19.704371063192564,2.867349175618333,3536.1519782379123
P000064_HL,P000064,HL,64.25505461555719,0.7260517268246833,5.801422635479392,0.44392031182599617,27.135431791619297,33.3077227159345,2.2467582876081975,1.7970373266289268,0.4188223521181721,59.45909883829006,17.361776384055673,39.993769024310076,0.9215111995461875,0.6133429436358742,17.48779126620103,0.1842690589471882,9.690737936289015,1.1810007017084665,1.9809252149896108,0.37811339254203175,19.704371063192564,2.867349175618333,3536.1519782379123
P000065_LH,P000065,LH,85.54943910855675,0.7287341117592014,6.133761115671772,0.6274463132005117,30.001175122183376,16.77423393299084,1.7023615829516856,2.023089963820344,0.4679442013043644,93.20504417988133,134.66537754291812,31.341891122846725,0.8213310343962184,0.50117814126796,13.843748288400544,0.18218334682256002,10.942448241785794,1.411606814294502,2.5829397185749956,0.7910072206011469,2.5741992259512396,29.638007565706975,2429.9675270082726
P000065_HL,P000065,HL,85.54943910855675,0.7287341117592014,6.133761115671772,0.6274463132005117,30.001175122183376,16.77423393299084,1.7023615829516856,2.023089963820344,0.4679442013043644,93.20504417988133,134.66537754291812,31.341891122846725,0.8213310343962184,0.50117814126796,13.843748288400544,0.18218334682256002,10.942448241785794,1.411606814294502,2.5829397185749956,0.7910072206011469,2.5741992259512396,29.638007565706975,2429.9675270082726
P000066_LH,P000066,LH,48.17982939383354,0.41831950011714536,6.047903579779003,0.6944106489256847,30.949801464739036,3.963016141400999,0.6656520525941652,2.4698263827013798,3.2578206065181554,75.71247090099969,144.0805608397024,28.64342428787024,0.7238059802392688,0.22936135100314137,9.551471509537066,0.21333106567766724,12.219185763193884,1.0972022599077476,1.8633497106495351,0.673994874881912,30.80027965086663,4.759289652954342,2814.1147660334764
P000066_HL,P000066,HL,48.17982939383354,0.41831950011714536,6.047903579779003,0.6944106489256847,30.949801464739036,3.963016141400999,0.6656520525941652,2.4698263827013798,3.2578206065181554,75.71247090099969,144.0805608397024,28.64342428787024,0.7238059802392688,0.22936135100314137,9.551471509537066,0.21333106567766724,12.219185763193884,1.0972022599077476,1.8633497106495351,0.673994874881912,30.80027965086663,4.759289652954342,2814.1147660334764
P000067_LH,P000067,LH,63.2188487983759,0.691182693020161,7.4312578658899735,0.6158093283688277,16.613558383691704,26.774802349703766,1.4119641753451284,2.0093419888942776,1.5888297219467717,85.7038336747681,162.82157101731352,25.076729423846515,0.5878352125245192,0.5359800742659222,13.914894197482878,0.2752399161300709,8.97308553440936,1.605515196345581,2.489650221870356,0.6478632817543588,3.11678328480636,7.8294921842512295,2858.003115697474
P000067_HL,P000067,HL,63.2188487983759,0.691182693020161,7.4312578658899735,0.6158093283688277,16.613558383691704,26.774802349703766,1.4119641753451284,2.0093419888942776,1.5888297219467717,85.7038336747681,162.82157101731352,25.076729423846515,0.5878352125245192,0.5359800742659222,13.914894197482878,0.2752399161300709,8.97308553440936,1.605515196345581,2.489650221870356,0.6478632817543588,3.11678328480636,7.8294921842512295,2858.003115697474
P000068_LH,P000068,LH,76.10822606553101,0.3507230183384679,9.803371008661257,0.46882100009960176,16.064055080649958,35.46856905682454,0.3900890935727178,0.6617764503930659,0.5455050774816608,28.28281066156758,179.04036836975996,35.42622145148552,0.8244903948045645,0.4407995998596331,13.983745926829837,0.2507789129111845,10.571117336522295,1.0309602036540042,2.376207325177724,0.5090346853042067,7.92928724875811,2.4854777773213503,1356.122436028498
P000068_HL,P000068,HL,76.10822606553101,0.3507230183384679,9.803371008661257,0.46882100009960176,16.064055080649958,35.46856905682454,0.3900890935727178,0.6617764503930659,0.5455050774816608,28.28281066156758,179.04036836975996,35.42622145148552,0.8244903948045645,0.4407995998596331,13.983745926829837,0.2507789129111845,10.571117336522295,1.0309602036540042,2.376207325177724,0.5090346853042067,7.92928724875811,2.4854777773213503,1356.122436028498
P000069_LH,P000069,LH,61.83183507294723,0.7280948632028188,7.669613392442301,0.4674005913437548,22.861346604353834,14.338535026030177,2.337809295730694,3.553804612469282,1.2540078376870802,34.91199070645844,11.535503562030321,24.764004021888077,0.6114755344108471,0.0805187528758235,13.432132223745372,0.209339819629761,11.533594138950424,0.795758949887684,2.5347061275681813,0.7573968696142934,8.840167472277784,2.89068410740551,2461.7624477340078
P000069_HL,P000069,HL,61.83183507294723,0.7280948632028188,7.669613392442301,0.4674005913437548,22.861346604353834,14.338535026030177,2.337809295730694,3.553804612469282,1.2540078376870802,34.91199070645844,11.535503562030321,24.764004021888077,0.6114755344108471,0.0805187528758235,13.432132223745372,0.209339819629761,11.533594138950424,0.795758949887684,2.5347061275681813,0.7573968696142934,8.840167472277784,2.89068410740551,2461.7624477340078
P000070_LH,P000070,LH,51.027595828050565,0.6630857834913808,3.750695208487135,0.5067465904711405,29.6406914630903,22.82229920965196,1.021797108206125,2.3206801047270216,2.6982838997191623,74.27141821082355,175.6069131175107,32.288800377896685,0.5990289584459866,0.3364212513204403,11.200200538848215,0.22211971490353924,12.837357293648136,1.4368802616222227,1.941599127496356,0.5993572810497,7.0263018547157055,4.863560251884932,1711.2290745123346
P000070_HL,P000070,HL,51.027595828050565,0.6630857834913808,3.750695208487135,0.5067465904711405,29.6406914630903,22.82229920965196,1.021797108206125,2.3206801047270216,2.6982838997191623,74.27141821082355,175.6069131175107,32.288800377896685,0.5990289584459866,0.3364212513204403,11.200200538848215,0.22211971490353924,12.837357293648136,1.4368802616222227,1.941599127496356,0.5993572810497,7.0263018547157055,4.863560251884932,1711.2290745123346
P000071_LH,P000071,LH,71.08664967003261,0.5101624509180173,5.373875367989936,0.5211235161291445,27.93799140585953,7.826409021520421,1.7764547663220531,2.510234580098523,1.8905013805884316,57.41343197167258,7.8515231374603065,29.138041630862627,0.9372556154776759,0.5429849127043245,12.495454360118451,0.25814043685463217,13.394379632938755,1.1788975547369462,2.291140722138525,0.5254347672419957,6.392619165932309,31.909392136227353,3838.97244584078
P000071_HL,P000071,HL,71.08664967003261,0.5101624509180173,5.373875367989936,0.5211235161291445,27.93799140585953,7.826409021520421,1.7764547663220531,2.510234580098523,1.8905013805884316,57.41343197167258,7.8515231374603065,29.138041630862627,0.9372556154776759,0.5429849127043245,12.495454360118451,0.25814043685463217,13.394379632938755,1.1788975547369462,2.291140722138525,0.5254347672419957,6.392619165932309,31.909392136227353,3838.97244584078
P000072_LH,P000072,LH,92.80650416570636,0.6342648132066995,4.222295007034567,0.6781086345612615,31.12463619144485,6.8796852163352575,1.079121089993611,1.4822446393412012,2.30913384880866,50.47489489596045,19.702370905571378,27.851180009678863,0.7942537703889242,0.6520343953353298,14.605120943622657,0.2687460514463811,8.46784367632787,1.4405993846677743,2.465718954738168,0.42843993735116104,5.9858281960583914,3.272089581551861,2148.6242311620936
P000072_HL,P000072,HL,92.80650416570636,0.6342648132066995,4.222295007034567,0.6781086345612615,31.12463619144485,6.8796852163352575,1.079121089993611,1.4822446393412012,2.30913384880866,50.47489489596045,19.702370905571378,27.851180009678863,0.7942537703889242,0.6520343953353298,14.605120943622657,0.2687460514463811,8.46784367632787,1.4405993846677743,2.465718954738168,0.42843993735116104,5.9858281960583914,3.272089581551861,2148.6242311620936
P000073_LH,P000073,LH,48.45748192214314,0.5525463294057472,5.524640225413343,0.7520056958051247,14.7501760618924,7.2457842343391565,1.2717243643508516,0.8071717511578311,0.6756003618970297,48.818278271468884,103.78565887746525,28.09747912870415,0.7335032389456029,0.2338792322511003,15.568058576256377,0.2709719925741553,9.52001866572592,1.1933326561091515,2.1756393397175806,0.4003088446431723,17.930560990644803,21.775090090246874,1440.9392187892759
P000073_HL,P000073,HL,48.45748192214314,0.5525463294057472,5.524640225413343,0.7520056958051247,14.7501760618924,7.2457842343391565,1.2717243643508516,0.8071717511578311,0.6756003618970297,48.818278271468884,103.78565887746525,28.09747912870415,0.7335032389456029,0.2338792322511003,15.568058576256377,0.2709719925741553,9.52001866572592,1.1933326561091515,2.1756393397175806,0.4003088446431723,17.930560990644803,21.775090090246874,1440.9392187892759
P000074_LH,P000074,LH,94.64678452053886,0.6180877712411441,3.444331926688583,0.7411042559189653,15.06620203202264,19.392585400685828,0.7720778495567578,1.414517210267297,0.6288588448622463,59.42155979351168,85.41854693396182,18.015359553232223,0.8023595866253819,0.41350500200503854,13.044448160730843,0.23570690220780735,9.685441958658252,0.8484694834068374,2.22927097164946,0.6244009455462844,8.175820153980236,9.287823610766633,2838.767145956309
P000074_HL,P000074,HL,94.64678452053886,0.6180877712411441,3.444331926688583,0.7411042559189653,15.06620203202264,19.392585400685828,0.7720778495567578,1.414517210267297,0.6288588448622463,59.42155979351168,85.41854693396182,18.015359553232223,0.8023595866253819,0.41350500200503854,13.044448160730843,0.23570690220780735,9.685441958658252,0.8484694834068374,2.22927097164946,0.6244009455462844,8.175820153980236,9.287823610766633,2838.767145956309
P000075_LH,P000075,LH,78.98977824325442,0.5827103192017915,3.9808553996693683,0.5359874999788451,33.708962795557156,24.4250378695732,0.8374901203393141,1.5893520160920447,3.795286691910724,62.35945853320083,169.80567366322833,21.55227485489969,0.5915585713604812,0.6781571906065478,8.745499579379944,0.25227922697631217,11.656954057760066,1.5213325570255614,2.47480240713439,0.5076817757382232,3.7680757582232323,37.25322740016302,1865.8533886686407
P000075_HL,P000075,HL,78.98977824325442,0.5827103192017915,3.9808553996693683,0.5359874999788451,33.708962795557156,24.4250378695732,0.8374901203393141,1.5893520160920447,3.795286691910724,62.35945853320083,169.80567366322833,21.55227485489969,0.5915585713604812,0.6781571906065478,8.745499579379944,0.25227922697631217,11.656954057760066,1.5213325570255614,2.47480240713439,0.5076817757382232,3.7680757582232323,37.25322740016302,1865.8533886686407
P000076_LH,P000076,LH,52.239475432778704,0.5774748852022272,8.213624320009874,0.7892444828147782,8.388434991158277,13.162802593836602,2.668792832401341,2.5647036961266463,2.481009823036925,55.31099323619502,27.457371062867118,25.736830881401914,0.6746462080312324,0.017489871576380035,17.302087989469563,0.24017901242251538,11.85099015159697,1.1211363088755013,2.1871335255593825,0.46217206686829354,3.445105204764771,36.600315457231524,2310.8596028529237
P000076_HL,P000076,HL,52.239475432778704,0.5774748852022272,8.213624320009874,0.7892444828147782,8.388434991158277,13.162802593836602,2.668792832401341,2.5647036961266463,2.481009823036925,55.31099323619502,27.457371062867118,25.736830881401914,0.6746462080312324,0.017489871576380035,17.302087989469563,0.24017901242251538,11.85099015159697,1.1211363088755013,2.1871335255593825,0.46217206686829354,3.445105204764771,36.600315457231524,2310.8596028529237
P000077_LH,P000077,LH,84.67293145276822,0.42813658800376464,9.184956737896762,0.43794822700963887,12.802275469320211,27.150658577557163,0.28787919389038974,0.2771379207982021,2.100627333303912,87.38906960108446,111.33807243244281,24.354515576595773,0.8730899233261177,0.05587658824641219,17.353695559849974,0.2600562762884903,11.930038849215311,1.248356382847616,2.1360362861930007,0.528531050984941,5.647658224751808,16.439945993731293,1767.8208570343086
P000077_HL,P000077,HL,84.67293145276822,0.42813658800376464,9.184956737896762,0.43794822700963887,12.802275469320211,27.150658577557163,0.28787919389038974,0.2771379207982021,2.100627333303912,87.38906960108446,111.33807243244281,24.354515576595773,0.8730899233261177,0.05587658824641219,17.353695559849974,0.2600562762884903,11.930038849215311,1.248356382847616,2.1360362861930007,0.528531050984941,5.647658224751808,16.439945993731293,1767.8208570343086
P000078_LH,P000078,LH,54.36884692825449,0.40483441442900153,5.02802244114395,0.41177441243148777,29.037954137447436,31.949561892084255,2.004371677199546,1.9749095863924828,3.569933811884778,78.56959375078586,84.74033346041311,22.34935594395234,0.5664612609024238,0.2902271373459023,10.592753050521237,0.20807075674241624,13.834555387842013,1.5688311852547017,2.0347123929288036,0.525844375759527,11.319080609804079,3.244909486752908,3221.1661655477947
P000078_HL,P000078,HL,54.36884692825449,0.40483441442900153,5.02802244114395,0.41177441243148777,29.037954137447436,31.949561892084255,2.004371677199546,1.9749095863924828,3.569933811884778,78.56959375078586,84.74033346041311,22.34935594395234,0.5664612609024238,0.2902271373459023,10.592753050521237,0.20807075674241624,13.834555387842013,1.5688311852547017,2.0347123929288036,0.525844375759527,11.319080609804079,3.244909486752908,3221.1661655477947
P000079_LH,P000079,LH,87.93849088138475,0.4663451989642917,8.195253372837044,0.6602040942474592,8.076619097669303,19.99867908946109,2.969923052003633,0.30515192666043484,1.6126144390986459,67.14380859448423,137.04883338524758,24.55162580777624,0.6097861903886101,0.48447189199672036,17.39997363469392,0.2388011730404082,8.619504098966837,1.2212587288129566,2.1814788283627324,0.6141223389524463,9.380967936503584,3.4500406395243512,3669.7179250213217
P000079_HL,P000079,HL,87.93849088138475,0.4663451989642917,8.195253372837044,0.6602040942474592,8.076619097669303,19.99867908946109,2.969923052003633,0.30515192666043484,1.6126144390986459,67.14380859448423,137.04883338524758,24.55162580777624,0.6097861903886101,0.48447189199672036,17.39997363469392,0.2388011730404082,8.619504098966837,1.2212587288129566,2.1814788283627324,0.6141223389524463,9.380967936503584,3.4500406395243512,3669.7179250213217
P000080_LH,P000080,LH,52.69946823782181,0.3982811701956671,4.991883441864342,0.7236017266068737,29.219284094669824,7.101085252869204,2.0838446106249684,0.44612845221221803,1.9092342707258836,33.69024716846915,167.00617800650403,18.958002768963347,0.8151082461130277,0.4944177737836415,15.914141581088092,0.1954244161282151,13.903759169858244,1.4539387870760538,2.312289604321288,0.6124408799002342,2.3493681721733,17.046789535023404,3756.16601906572
P000080_HL,P000080,HL,52.69946823782181,0.3982811701956671,4.991883441864342,0.7236017266068737,29.219284094669824,7.101085252869204,2.0838446106249684,0.44612845221221803,1.9092342707258836,33.69024716846915,167.00617800650403,18.958002768963347,0.8151082461130277,0.4944177737836415,15.914141581088092,0.1954244161282151,13.903759169858244,1.4539387870760538,2.312289604321288,0.6124408799002342,2.3493681721733,17.046789535023404,3756.16601906572
P000081_LH,P000081,LH,88.73956326861577,0.38395634289815295,3.803465490430762,0.7053619922014971,10.008842361488814,25.417656774937623,2.4223021992437594,1.2170556049645715,0.7779166962378672,58.785953571238714,130.62934633588785,19.19594856815483,0.8031589135955902,0.5256520404889237,17.53938060552759,0.20850050443001608,11.943195015579523,0.9804866290579822,2.424535214637377,0.40918969952345435,28.6819958902192,9.373299825954337,1796.2825193516117
P000081_HL,P000081,HL,88.73956326861577,0.38395634289815295,3.803465490430762,0.7053619922014971,10.008842361488814,25.417656774937623,2.4223021992437594,1.2170556049645715,0.7779166962378672,58.785953571238714,130.62934633588785,19.19594856815483,0.8031589135955902,0.5256520404889237,17.53938060552759,0.20850050443001608,11.943195015579523,0.9804866290579822,2.424535214637377,0.40918969952345435,28.6819958902192,9.373299825954337,1796.2825193516117
P000082_LH,P000082,LH,88.9817890973569,0.44560412434462515,8.76781347810044,0.7451832339563351,35.31798227177564,14.379008299633712,0.7292349795008236,2.7958525607240228,1.5321964494375453,93.92907433871403,172.36550993909017,31.553436369052022,0.5823017209388626,0.25773775383355774,14.323043961528327,0.2526813532864252,8.851499586785067,1.5986612854054443,2.546819437123399,0.5687485002744572,8.899367056555949,38.6490023497819,3814.7730594077925
P000082_HL,P000082,HL,88.9817890973569,0.44560412434462515,8.76781347810044,0.7451832339563351,35.31798227177564,14.379008299633712,0.7292349795008236,2.7958525607240228,1.5321964494375453,93.92907433871403,172.36550993909017,31.553436369052022,0.5823017209388626,0.25773775383355774,14.323043961528327,0.2526813532864252,8.851499586785067,1.5986612854054443,2.546819437123399,0.5687485002744572,8.899367056555949,38.6490023497819,3814.7730594077925
P000083_LH,P000083,LH,83.98312054670154,0.5001815586449205,9.084562805042175,0.4303063192092096,27.226979836311088,17.759887143522924,1.5640422656540187,1.9068435411473286,3.7301762838696653,29.811164362214203,115.08653326233251,20.88283010158158,0.9061932416969884,0.38490620745209686,11.79931421682246,0.2269698362656798,8.828719865062993,0.8437135411227116,2.2540559030425675,0.5603459509425694,5.780320742465075,7.717409920427932,1742.566403008347
P000083_HL,P000083,HL,83.98312054670154,0.5001815586449205,9.084562805042175,0.4303063192092096,27.226979836311088,17.759887143522924,1.5640422656540187,1.9068435411473286,3.7301762838696653,29.811164362214203,115.08653326233251,20.88283010158158,0.9061932416969884,0.38490620745209686,11.79931421682246,0.2269698362656798,8.828719865062993,0.8437135411227116,2.2540559030425675,0.5603459509425694,5.780320742465075,7.717409920427932,1742.566403008347
P000084_LH,P000084,LH,80.35046207083627,0.6371227260176722,6.671271227929781,0.7163526160024498,8.54098312082528,27.05155387549317,2.2599565683302494,0.4745827802021101,0.715607680808118,86.35244020520832,173.22930938062487,22.898677907477555,0.6007683391099106,0.3081444159866749,12.249621861254269,0.19166239806898006,10.05404425271857,0.9618797587134181,2.4011708637894262,0.429115254942618,3.33701759597229,2.0198491044817715,2947.741228279443
P000084_HL,P000084,HL,80.35046207083627,0.6371227260176722,6.671271227929781,0.7163526160024498,8.54098312082528,27.05155387549317,2.2599565683302494,0.4745827802021101,0.715607680808118,86.35244020520832,173.22930938062487,22.898677907477555,0.6007683391099106,0.3081444159866749,12.249621861254269,0.19166239806898006,10.05404425271857,0.9618797587134181,2.4011708637894262,0.429115254942618,3.33701759597229,2.0198491044817715,2947.741228279443
P000085_LH,P000085,LH,67.83398995306834,0.37931654081682287,6.075746107544497,0.6475097710905193,26.094285908449795,11.513206175036927,0.5867927922005227,2.782822584145474,3.053999839737342,27.785553696953585,83.39649252543893,37.53708501000721,0.7995337551672307,0.1258528559983916,13.171884058683021,0.18166440811945606,9.724750337672504,1.2295300104756592,1.9656305380802461,0.4031074010293089,18.396266357407914,8.064206975203843,2878.101278770585
P000085_HL,P000085,HL,67.83398995306834,0.37931654081682287,6.075746107544497,0.6475097710905193,26.094285908449795,11.513206175036927,0.5867927922005227,2.782822584145474,3.053999839737342,27.785553696953585,83.39649252543893,37.53708501000721,0.7995337551672307,0.1258528559983916,13.171884058683021,0.18166440811945606,9.724750337672504,1.2295300104756592,1.9656305380802461,0.4031074010293089,18.396266357407914,8.064206975203843,2878.101278770585
P000086_LH,P000086,LH,75.07300269466141,0.4241249382129632,7.835590074275341,0.4709084490076305,35.35368982058764,34.48378346080835,1.5976406808229546,3.9760496792661266,3.2992502306668188,52.168666822386726,36.963366004644925,30.685893729743647,0.6898651632004491,0.10476175136795818,14.919679816139887,0.24174583892980966,8.157628848312502,1.6790307176092987,2.0148923795766907,0.5847170509507309,17.710965167762836,28.756986157096122,2097.165757338395
P000086_HL,P000086,HL,75.07300269466141,0.4241249382129632,7.835590074275341,0.4709084490076305,35.35368982058764,34.48378346080835,1.5976406808229546,3.9760496792661266,3.2992502306668188,52.168666822386726,36.963366004644925,30.685893729743647,0.6898651632004491,0.10476175136795818,14.919679816139887,0.24174583892980966,8.157628848312502,1.6790307176092987,2.0148923795766907,0.5847170509507309,17.710965167762836,28.756986157096122,2097.165757338395
P000087_LH,P000087,LH,78.84435929446846,0.5053848647306255,3.292216074167122,0.6663086000104903,18.923515118279674,22.303568873272273,1.4956934680414204,3.4966443006875783,2.4008773697610413,94.71827626788615,141.8621766803373,25.231653604927168,0.742125439857821,0.0011962135137860363,12.724812857635767,0.23964184567130928,12.310725328143686,1.2065263353572182,2.1042681941547077,0.35198722420844925,2.6923012855452995,32.20635545287525,3263.764323136076
P000087_HL,P000087,HL,78.84435929446846,0.5053848647306255,3.292216074167122,0.6663086000104903,18.923515118279674,22.303568873272273,1.4956934680414204,3.4966443006875783,2.4008773697610413,94.71827626788615,141.8621766803373,25.231653604927168,0.742125439857821,0.0011962135137860363,12.724812857635767,0.23964184567130928,12.310725328143686,1.2065263353572182,2.1042681941547077,0.35198722420844925,2.6923012855452995,32.20635545287525,3263.764323136076
P000088_LH,P000088,LH,54.93593659148018,0.3811014443094626,4.780344479742475,0.49110106402882137,30.765888842261433,35.03225380819518,2.7750719122866174,2.164211065334412,1.944263403787331,80.85700328821783,65.91079915600368,27.912789378317527,0.8442292292068456,0.40379123759385005,8.938755733640292,0.19614701886342267,9.184058898898952,1.0873976640585041,2.4163658825135896,0.5220916590110983,9.851702425085652,21.287272690536188,3406.97512221981
P000088_HL,P000088,HL,54.93593659148018,0.3811014443094626,4.780344479742475,0.49110106402882137,30.765888842261433,35.03225380819518,2.7750719122866174,2.164211065334412,1.944263403787331,80.85700328821783,65.91079915600368,27.912789378317527,0.8442292292068456,0.40379123759385005,8.938755733640292,0.19614701886342267,9.184058898898952,1.0873976640585041,2.4163658825135896,0.5220916590110983,9.851702425085652,21.287272690536188,3406.97512221981
P000089_LH,P000089,LH,87.64931341524544,0.7089131182487612,7.87719597005114,0.5040063519300775,28.06100520693615,8.30021132694686,1.513932826960778,0.9905758737823795,3.387870870555244,35.83175755731928,15.561407068416994,26.97752389896849,0.6912141483485911,0.5498550897584177,17.937441036571865,0.20287646268582496,13.788523460669293,1.537799530258314,2.5591302213371807,0.5554240129577964,18.68561258501051,2.3743639456502725,2273.2020316051276
P000089_HL,P000089,HL,87.64931341524544,0.7089131182487612,7.87719597005114,0.5040063519300775,28.06100520693615,8.30021132694686,1.513932826960778,0.9905758737823795,3.387870870555244,35.83175755731928,15.561407068416994,26.97752389896849,0.6912141483485911,0.5498550897584177,17.937441036571865,0.20287646268582496,13.788523460669293,1.537799530258314,2.5591302213371807,0.5554240129577964,18.68561258501051,2.3743639456502725,2273.2020316051276
P000090_LH,P000090,LH,91.4154428133732,0.6294166842654738,6.871411509516138,0.7618712060891837,9.568416269357666,27.45755301366633,0.33004366799789003,0.6284153712126666,1.4827824451492988,56.11975692146606,104.70893382027413,36.96302358847879,0.6981543004240399,0.3094854396948045,12.114997051735497,0.23998568437891693,9.0446762111127,1.0498077181203038,2.1414558368626393,0.6087820024330246,15.067907521671206,37.81395160330918,2423.6999339721137
P000090_HL,P000090,HL,91.4154428133732,0.6294166842654738,6.871411509516138,0.7618712060891837,9.568416269357666,27.45755301366633,0.33004366799789003,0.6284153712126666,1.4827824451492988,56.11975692146606,104.70893382027413,36.96302358847879,0.6981543004240399,0.3094854396948045,12.114997051735497,0.23998568437891693,9.0446762111127,1.0498077181203038,2.1414558368626393,0.6087820024330246,15.067907521671206,37.81395160330918,2423.6999339721137
P000091_LH,P000091,LH,50.36249080595593,0.5486915243905933,9.600367896795436,0.5257044763457099,15.51804318884974,16.617436082717187,0.8535485491137194,2.3064843167171025,2.2811107380620945,68.81798848289522,68.36335052176555,20.73021208173562,0.7712028058096075,0.4868087288809465,11.658149013074144,0.24938824563132878,11.592978382094781,0.8949946387256134,2.1717944703390373,0.621979475739284,5.441278422734284,3.3296776379447817,3582.191972784474
P000091_HL,P000091,HL,50.36249080595593,0.5486915243905933,9.600367896795436,0.5257044763457099,15.51804318884974,16.617436082717187,0.8535485491137194,2.3064843167171025,2.2811107380620945,68.81798848289522,68.36335052176555,20.73021208173562,0.7712028058096075,0.4868087288809465,11.658149013074144,0.24938824563132878,11.592978382094781,0.8949946387256134,2.1717944703390373,0.621979475739284,5.441278422734284,3.3296776379447817,3582.191972784474
P000092_LH,P000092,LH,50.7576938319509,0.450201843049585,3.5289157918764564,0.5975629016720878,19.248692137679118,26.54189343977689,0.6249591411243567,1.3140893578745279,2.195594580816015,31.32560569026915,129.61998701052568,33.36735208647822,0.7918541447067518,0.3718132140329062,13.969750047993285,0.23282889078263708,10.52535819406862,0.727412542529765,1.9574473875462568,0.6359511802358275,5.719709423955111,6.154706779266217,2495.1696999108644
P000092_HL,P000092,HL,50.7576938319509,0.450201843049585,3.5289157918764564,0.5975629016720878,19.248692137679118,26.54189343977689,0.6249591411243567,1.3140893578745279,2.195594580816015,31.32560569026915,129.61998701052568,33.36735208647822,0.7918541447067518,0.3718132140329062,13.969750047993285,0.23282889078263708,10.52535819406862,0.727412542529765,1.9574473875462568,0.6359511802358275,5.719709423955111,6.154706779266217,2495.1696999108644
P000093_LH,P000093,LH,70.65766508761374,0.6973204563557931,6.904035344393646,0.43144991269043564,26.871318719832434,7.527484227698645,0.906691877851309,1.6843749787529807,1.220275924680931,75.26136564327388,179.77060771711348,21.200939632133256,0.6579846274268548,0.4660224274562574,11.859189030094779,0.21510829735662915,10.333933309936985,1.1602824801054434,1.7193608399501117,0.3939468737161095,31.5157543765567,4.70414886824607,3900.7827886616355
P000093_HL,P000093,HL,70.65766508761374,0.6973204563557931,6.904035344393646,0.43144991269043564,26.871318719832434,7.527484227698645,0.906691877851309,1.6843749787529807,1.220275924680931,75.26136564327388,179.77060771711348,21.200939632133256,0.6579846274268548,0.4660224274562574,11.859189030094779,0.21510829735662915,10.333933309936985,1.1602824801054434,1.7193608399501117,0.3939468737161095,31.5157543765567,4.70414886824607,3900.7827886616355
P000094_LH,P000094,LH,76.92199239387132,0.5338931257807495,7.3922051647555485,0.7668891119479826,21.186887769198425,12.984224431470778,1.165357229231625,3.7233249527690884,1.5588182616443185,40.35731198724508,31.34737464141225,22.09777111204466,0.897845726804344,0.6097947659323912,10.81437639293635,0.19407003317384522,13.480977124841118,1.2766324360820605,2.408816556031186,0.5123472774288398,4.920919236550741,7.092342572996683,2954.9870597427207
P000094_HL,P000094,HL,76.92199239387132,0.5338931257807495,7.3922051647555485,0.7668891119479826,21.186887769198425,12.984224431470778,1.165357229231625,3.7233249527690884,1.5588182616443185,40.35731198724508,31.34737464141225,22.09777111204466,0.897845726804344,0.6097947659323912,10.81437639293635,0.19407003317384522,13.480977124841118,1.2766324360820605,2.408816556031186,0.5123472774288398,4.920919236550741,7.092342572996683,2954.9870597427207
P000095_LH,P000095,LH,48.73522702131008,0.7380093455881797,8.300212856171235,0.41976962195980266,22.288087814353908,6.968214893466545,2.1520894698137196,3.34345026720473,2.1463811842560516,90.96186447180062,128.74301714108785,25.58035471554456,0.8185960597263836,0.531948876420072,9.811754776467108,0.25361070848570916,10.595239121134298,1.6208396012539916,1.6463728896835808,0.4315666055754206,14.750325368546804,30.11115646621336,1297.681506012735
P000095_HL,P000095,HL,48.73522702131008,0.7380093455881797,8.300212856171235,0.41976962195980266,22.288087814353908,6.968214893466545,2.1520894698137196,3.34345026720473,2.1463811842560516,90.96186447180062,128.74301714108785,25.58035471554456,0.8185960597263836,0.531948876420072,9.811754776467108,0.25361070848570916,10.595239121134298,1.6208396012539916,1.6463728896835808,0.4315666055754206,14.750325368546804,30.11115646621336,1297.681506012735
P000096_LH,P000096,LH,92.07026428170508,0.5063085542024189,4.600141900803922,0.5495474615028817,10.123115872627924,31.053682696588,0.537327343458169,2.0987933973916837,3.8153172695879674,84.05631803108841,45.34722799116906,22.697804752050843,0.59012019819058,0.6417977831245795,8.013319389640545,0.18621951973183037,12.131708935842498,0.8059956901983389,2.5111397327489158,0.5439204989077916,30.709851374017507,12.516636249989878,3185.7329282490437
P000096_HL,P000096,HL,92.07026428170508,0.5063085542024189,4.600141900803922,0.5495474615028817,10.123115872627924,31.053682696588,0.537327343458169,2.0987933973916837,3.8153172695879674,84.05631803108841,45.34722799116906,22.697804752050843,0.59012019819058,0.6417977831245795,8.013319389640545,0.18621951973183037,12.131708935842498,0.8059956901983389,2.5111397327489158,0.5439204989077916,30.709851374017507,12.516636249989878,3185.7329282490437
P000097_LH,P000097,LH,72.48473358848571,0.47126165030496064,4.05170575712534,0.6614766476465659,20.673006301972258,24.943381286683344,1.2056571886910405,2.3963822460729363,2.4922065568470506,83.6026323535392,11.050289151881383,31.31092542247001,0.9142478866451049,0.43764127993481283,15.888309944744893,0.2699758733478717,10.21481845230965,1.6506796568944937,1.6913322647191256,0.7433728503420147,12.006011095970793,3.075635561149421,1389.588733209099
P000097_HL,P000097,HL,72.48473358848571,0.47126165030496064,4.05170575712534,0.6614766476465659,20.673006301972258,24.943381286683344,1.2056571886910405,2.3963822460729363,2.4922065568470506,83.6026323535392,11.050289151881383,31.31092542247001,0.9142478866451049,0.43764127993481283,15.888309944744893,0.2699758733478717,10.21481845230965,1.6506796568944937,1.6913322647191256,0.7433728503420147,12.006011095970793,3.075635561149421,1389.588733209099
P000098_LH,P000098,LH,61.71447041465435,0.39538876048024046,7.0922149940521555,0.36744447895885796,17.533989835832546,13.600912825717245,2.3288152501891495,3.6521645170370673,3.171867325665865,47.623072683078036,76.42492915353498,37.76980771442544,0.8012609173868419,0.13871303295003867,15.931995404370333,0.2638141148670357,8.111179451034157,0.8998365566527539,2.3258330118320654,0.360259584841353,12.554474697452992,2.188096033505063,1990.9836014249126
P000098_HL,P000098,HL,61.71447041465435,0.39538876048024046,7.0922149940521555,0.36744447895885796,17.533989835832546,13.600912825717245,2.3288152501891495,3.6521645170370673,3.171867325665865,47.623072683078036,76.42492915353498,37.76980771442544,0.8012609173868419,0.13871303295003867,15.931995404370333,0.2638141148670357,8.111179451034157,0.8998365566527539,2.3258330118320654,0.360259584841353,12.554474697452992,2.188096033505063,1990.9836014249126
P000099_LH,P000099,LH,79.26060412786903,0.3554133465706424,4.362272602971382,0.47699639636714064,32.16889341757769,28.714399574708203,0.34781730794697324,0.7822714864635838,1.5519893315442541,25.23592037789452,118.79070168691209,35.98293283861091,0.6490580630573237,0.48291590967265585,15.594563277243154,0.1911287081059079,10.856533087318804,1.1886074767006982,2.5847363407529973,0.7119018800369372,3.5361456311731874,8.402797594526094,2232.909339957695
P000099_HL,P000099,HL,79.26060412786903,0.3554133465706424,4.362272602971382,0.47699639636714064,32.16889341757769,28.714399574708203,0.34781730794697324,0.7822714864635838,1.5519893315442541,25.23592037789452,118.79070168691209,35.98293283861091,0.6490580630573237,0.48291590967265585,15.594563277243154,0.1911287081059079,10.856533087318804,1.1886074767006982,2.5847363407529973,0.7119018800369372,3.5361456311731874,8.402797594526094,2232.909339957695
P000100_LH,P000100,LH,92.63106071774041,0.6387438930311802,4.384465772926303,0.5465961058787714,15.930008586589658,23.023793247255288,2.0167296492253897,0.31152889895017233,3.3994750306686323,69.64283859317894,117.59644057659256,27.596545574500677,0.6986794103236504,0.45664510247435647,10.408726256012073,0.24907566608540427,12.069784037188642,1.5660391505321276,1.899949765535897,0.6779112560070981,2.0594854555379434,18.134555111821477,2982.44361703754
P000100_HL,P000100,HL,92.63106071774041,0.6387438930311802,4.384465772926303,0.5465961058787714,15.930008586589658,23.023793247255288,2.0167296492253897,0.31152889895017233,3.3994750306686323,69.64283859317894,117.59644057659256,27.596545574500677,0.6986794103236504,0.45664510247435647,10.408726256012073,0.24907566608540427,12.069784037188642,1.5660391505321276,1.899949765535897,0.6779112560070981,2.0594854555379434,18.134555111821477,2982.44361703754
P000101_LH,P000101,LH,64.71783908442181,0.603200413057509,5.8477401112454555,0.6225089796617256,15.575113222971936,21.608632557812914,1.0637106312919096,3.2220466115763693,3.271212622227054,34.24273544689757,165.70760361318358,35.173401904157956,0.8964410017052871,0.0878513663220334,10.500490821091638,0.18465743683214192,9.488262939636188,1.002458301379163,1.8045028825473075,0.7610193523103543,2.023711993969594,23.228028212486958,3799.7749263196924
P000101_HL,P000101,HL,64.71783908442181,0.603200413057509,5.8477401112454555,0.6225089796617256,15.575113222971936,21.608632557812914,1.0637106312919096,3.2220466115763693,3.271212622227054,34.24273544689757,165.70760361318358,35.173401904157956,0.8964410017052871,0.0878513663220334,10.500490821091638,0.18465743683214192,9.488262939636188,1.002458301379163,1.8045028825473075,0.7610193523103543,2.023711993969594,23.228028212486958,3799.7749263196924
P000102_LH,P000102,LH,46.48871131442078,0.7057738873060564,5.60039879287981,0.6643112625417978,35.54698422443083,26.850981197716855,0.4368900573275384,0.5974252809694348,3.324801479388708,45.70828007792544,97.09823904778123,22.873126654661228,0.7145925897933338,0.007550654996665318,9.009416257422467,0.2736495168604384,13.681951444768295,1.072647856351143,2.42244026214317,0.44016169673289385,27.511146086907104,2.0417903336071506,1671.5581338259865
P000102_HL,P000102,HL,46.48871131442078,0.7057738873060564,5.60039879287981,0.6643112625417978,35.54698422443083,26.850981197716855,0.4368900573275384,0.5974252809694348,3.324801479388708,45.70828007792544,97.09823904778123,22.873126654661228,0.7145925897933338,0.007550654996665318,9.009416257422467,0.2736495168604384,13.681951444768295,1.072647856351143,2.42244026214317,0.44016169673289385,27.511146086907104,2.0417903336071506,1671.5581338259865
P000103_LH,P000103,LH,59.705250587144064,0.642634312051527,5.782905525779447,0.4349753257671009,29.456907344173118,35.32573485250643,1.3058248895870002,1.8325037582941515,3.5925810971405956,48.36351924682923,115.72861987555846,21.94409976049507,0.8357883896129465,0.1414280850829502,16.4478583306595,0.24309657149410163,11.10894472659745,0.9889315288078877,2.3987229381748874,0.4713056773771931,9.117707930662172,11.397315671616054,1222.8318141487828
P000103_HL,P000103,HL,59.705250587144064,0.642634312051527,5.782905525779447,0.4349753257671009,29.456907344173118,35.32573485250643,1.3058248895870002,1.8325037582941515,3.5925810971405956,48.36351924682923,115.72861987555846,21.94409976049507,0.8357883896129465,0.1414280850829502,16.4478583306595,0.24309657149410163,11.10894472659745,0.9889315288078877,2.3987229381748874,0.4713056773771931,9.117707930662172,11.397315671616054,1222.8318141487828
P000104_LH,P000104,LH,85.9349590747868,0.6582095800119385,8.413186789298772,0.4971731998717118,32.74803749181598,21.81799232627476,0.4664924242587927,0.3746572887393756,2.8213091004574586,76.66243231342648,18.65411159843066,22.21414953148485,0.8095180871013681,0.6920369870355424,16.607062787686324,0.26411099302208235,9.828709292596663,1.4973756338196889,1.8530462843743423,0.4492626908585357,4.672454180075722,10.16926712366442,2696.3930795183223
P000104_HL,P000104,HL,85.9349590747868,0.6582095800119385,8.413186789298772,0.4971731998717118,32.74803749181598,21.81799232627476,0.4664924242587927,0.3746572887393756,2.8213091004574586,76.66243231342648,18.65411159843066,22.21414953148485,0.8095180871013681,0.6920369870355424,16.607062787686324,0.26411099302208235,9.828709292596663,1.4973756338196889,1.8530462843743423,0.4492626908585357,4.672454180075722,10.16926712366442,2696.3930795183223
P000105_LH,P000105,LH,74.2329924170502,0.6734421789753744,3.346139140866909,0.5996151290751723,24.050150094286682,14.11194698708879,2.5728428589826957,1.448968649257078,2.5872246671756054,28.828681662730176,93.26985090383316,26.824853036361034,0.8396549643643363,0.2988160282937301,9.715905613736242,0.21821783694997998,8.709012544842796,1.4933354141048674,2.2602478781101145,0.5712048931508098,10.046395007737528,11.00951528604164,3426.363658269814
P000105_HL,P000105,HL,74.2329924170502,0.6734421789753744,3.346139140866909,0.5996151290751723,24.050150094286682,14.11194698708879,2.5728428589826957,1.448968649257078,2.5872246671756054,28.828681662730176,93.26985090383316,26.824853036361034,0.8396549643643363,0.2988160282937301,9.715905613736242,0.21821783694997998,8.709012544842796,1.4933354141048674,2.2602478781101145,0.5712048931508098,10.046395007737528,11.00951528604164,3426.363658269814
P000106_LH,P000106,LH,62.98886949879891,0.5694391046630249,8.321565842777378,0.440263123686857,20.896678746279193,3.3934636020928233,0.9551313006124512,1.2578503268695596,1.9211871494531017,90.60617765564892,107.4261448954407,38.50234389899572,0.6172329295122501,0.19755520658467304,15.715852114740818,0.25161184814544757,9.820758169777736,0.7336034207873765,2.3091860749387942,0.5782817599814142,15.876806498763802,19.947676640228686,1273.350786255753
P000106_HL,P000106,HL,62.98886949879891,0.5694391046630249,8.321565842777378,0.440263123686857,20.896678746279193,3.3934636020928233,0.9551313006124512,1.2578503268695596,1.9211871494531017,90.60617765564892,107.4261448954407,38.50234389899572,0.6172329295122501,0.19755520658467304,15.715852114740818,0.25161184814544757,9.820758169777736,0.7336034207873765,2.3091860749387942,0.5782817599814142,15.876806498763802,19.947676640228686,1273.350786255753
P000107_LH,P000107,LH,51.088364158418905,0.36849145953299156,3.985048796779555,0.7376341958006245,35.21346678944096,33.65241845963756,1.9104450557957249,2.960730152185735,1.8984066401293496,32.064009369502344,48.34499751130798,18.701257259505688,0.8488916085505005,0.1824126809517719,13.351281132098643,0.25569069523907695,13.810104418282139,1.0449964925039938,2.110385890356282,0.6577209092159875,2.012689194017513,7.466909910717355,1468.0305702926105
P000107_HL,P000107,HL,51.088364158418905,0.36849145953299156,3.985048796779555,0.7376341958006245,35.21346678944096,33.65241845963756,1.9104450557957249,2.960730152185735,1.8984066401293496,32.064009369502344,48.34499751130798,18.701257259505688,0.8488916085505005,0.1824126809517719,13.351281132098643,0.25569069523907695,13.810104418282139,1.0449964925039938,2.110385890356282,0.6577209092159875,2.012689194017513,7.466909910717355,1468.0305702926105
P000108_LH,P000108,LH,68.7896495695754,0.6984923808479874,7.332257293883126,0.5586877757915005,16.6681935645784,5.45858870801948,2.5444293883091404,3.3735377017543478,2.325800840168937,70.95195743863343,78.35827361340395,36.33197622144279,0.6156063868903482,0.5842958661098064,8.872765723901566,0.24685991922600029,13.307188139311169,0.7792357215376061,1.843759828675091,0.3643296482928187,13.621119648475847,8.497610044349324,1403.443012079782
P000108_HL,P000108,HL,68.7896495695754,0.6984923808479874,7.332257293883126,0.5586877757915005,16.6681935645784,5.45858870801948,2.5444293883091404,3.3735377017543478,2.325800840168937,70.95195743863343,78.35827361340395,36.33197622144279,0.6156063868903482,0.5842958661098064,8.872765723901566,0.24685991922600029,13.307188139311169,0.7792357215376061,1.843759828675091,0.3643296482928187,13.621119648475847,8.497610044349324,1403.443012079782
P000109_LH,P000109,LH,73.49010144594499,0.6299019656054172,6.2438642976653895,0.774536134902793,27.430340400111422,21.176323348493394,0.30174415700489,1.4069560247589559,1.337997440630229,95.1761928219997,128.16928157430203,32.71076762827166,0.9467338570200204,0.2547102018266468,8.455420088714728,0.2594539369325982,12.654186469740273,1.6586640937429595,2.4059926691229814,0.4604034840288618,28.730204956338433,6.401474581789622,1338.6606703167708
P000109_HL,P000109,HL,73.49010144594499,0.6299019656054172,6.2438642976653895,0.774536134902793,27.430340400111422,21.176323348493394,0.30174415700489,1.4069560247589559,1.337997440630229,95.1761928219997,128.16928157430203,32.71076762827166,0.9467338570200204,0.2547102018266468,8.455420088714728,0.2594539369325982,12.654186469740273,1.6586640937429595,2.4059926691229814,0.4604034840288618,28.730204956338433,6.401474581789622,1338.6606703167708
P000110_LH,P000110,LH,78.20374872462617,0.7469011656388485,8.134252893425304,0.6334895695226694,33.9986372058505,14.699883285931058,1.9241045356747184,2.910417656526926,1.9631396692377219,61.743186242908116,97.83287633893383,30.85062969278188,0.7129008660589442,0.40596954805997554,17.186220154359162,0.2545011282551912,12.57277738179665,1.2555110173550363,1.6693429489108038,0.7588286607450893,5.510191030371392,3.020145540372969,2335.462037813976
P000110_HL,P000110,HL,78.20374872462617,0.7469011656388485,8.134252893425304,0.6334895695226694,33.9986372058505,14.699883285931058,1.9241045356747184,2.910417656526926,1.9631396692377219,61.743186242908116,97.83287633893383,30.85062969278188,0.7129008660589442,0.40596954805997554,17.186220154359162,0.2545011282551912,12.57277738179665,1.2555110173550363,1.6693429489108038,0.7588286607450893,5.510191030371392,3.020145540372969,2335.462037813976
P000111_LH,P000111,LH,92.27582312319964,0.5171791453549824,6.202722518277002,0.566196887896804,15.269159521444248,15.457110489732388,1.045268670096771,0.9708739079577289,0.7542547029227498,27.045031759790405,14.276900324509938,18.108055918231887,0.9481175393134147,0.08448222046778196,12.145048337638027,0.21289087692857928,10.998857042866575,1.1310420882555348,1.6161543402599947,0.4343238890127489,9.813201499044816,21.253167961864236,3034.9188855974817
P000111_HL,P000111,HL,92.27582312319964,0.5171791453549824,6.202722518277002,0.566196887896804,15.269159521444248,15.457110489732388,1.045268670096771,0.9708739079577289,0.7542547029227498,27.045031759790405,14.276900324509938,18.108055918231887,0.9481175393134147,0.08448222046778196,12.145048337638027,0.21289087692857928,10.998857042866575,1.1310420882555348,1.6161543402599947,0.4343238890127489,9.813201499044816,21.253167961864236,3034.9188855974817
P000112_LH,P000112,LH,45.14441168112914,0.5423396512407315,4.559891481179092,0.3876731271143778,12.85950865905618,19.41349709200503,1.8096998442674423,3.762438912833078,3.6829391651754912,71.81067385345514,158.83416699869423,31.18406712409442,0.773508192795364,0.33244437581461067,17.607436461654437,0.19185713336364635,13.875513188927231,1.3547200008916047,1.7349500544683367,0.3661734963268021,21.863756777847108,3.0877272847627406,2771.4179771343943
P000112_HL,P000112,HL,45.14441168112914,0.5423396512407315,4.559891481179092,0.3876731271143778,12.85950865905618,19.41349709200503,1.8096998442674423,3.762438912833078,3.6829391651754912,71.81067385345514,158.83416699869423,31.18406712409442,0.773508192795364,0.33244437581461067,17.607436461654437,0.19185713336364635,13.875513188927231,1.3547200008916047,1.7349500544683367,0.3661734963268021,21.863756777847108,3.0877272847627406,2771.4179771343943
P000113_LH,P000113,LH,63.400058790600795,0.700479268430957,5.9656756767081776,0.7254654528372182,16.796897025905132,29.84673318970347,1.6736744656519722,1.9469386537643392,0.8584606908919385,30.66177529748137,8.768399903160137,28.275648347337583,0.9299426086791251,0.6900997881788172,13.55443310956256,0.20253583032385764,8.366826430414463,1.3028337815488977,2.0515296914024104,0.37905909325730214,23.087217029744373,2.7590180311276513,2654.7902895832517
P000113_HL,P000113,HL,63.400058790600795,0.700479268430957,5.9656756767081776,0.7254654528372182,16.796897025905132,29.84673318970347,1.6736744656519722,1.9469386537643392,0.8584606908919385,30.66177529748137,8.768399903160137,28.275648347337583,0.9299426086791251,0.6900997881788172,13.55443310956256,0.20253583032385764,8.366826430414463,1.3028337815488977,2.0515296914024104,0.37905909325730214,23.087217029744373,2.7590180311276513,2654.7902895832517
P000114_LH,P000114,LH,72.86406710569865,0.5564637535265523,8.262738126564017,0.7782904842564115,25.850619004186605,28.213785835641588,2.897033614270518,2.504642065970029,1.7377836596260956,41.01124367538648,163.66216554383647,20.597952646117662,0.7458235258813034,0.6362280215983428,17.289891509422645,0.2713129475144159,9.77134221421953,0.7635980833334518,1.7430930956942543,0.7070315886676604,29.631764369560834,16.834534539834834,2988.361525836421
P000114_HL,P000114,HL,72.86406710569865,0.5564637535265523,8.262738126564017,0.7782904842564115,25.850619004186605,28.213785835641588,2.897033614270518,2.504642065970029,1.7377836596260956,41.01124367538648,163.66216554383647,20.597952646117662,0.7458235258813034,0.6362280215983428,17.289891509422645,0.2713129475144159,9.77134221421953,0.7635980833334518,1.7430930956942543,0.7070315886676604,29.631764369560834,16.834534539834834,2988.361525836421
P000115_LH,P000115,LH,58.76388539205891,0.5455848717064143,3.5151517089574646,0.48652805844252645,12.351422376603121,32.05927933792303,1.716754651476738,0.846795386493723,3.9503568976888066,79.49996585264905,156.52599775783816,23.39010215534503,0.7638328312766183,0.044078161588112466,14.677323573469476,0.223440055293199,13.106503143549855,1.5251673371469638,2.5629045171896467,0.5952864188231466,3.9326924314126774,3.3706730003567147,2542.8210228877397
P000115_HL,P000115,HL,58.76388539205891,0.5455848717064143,3.5151517089574646,0.48652805844252645,12.351422376603121,32.05927933792303,1.716754651476738,0.846795386493723,3.9503568976888066,79.49996585264905,156.52599775783816,23.39010215534503,0.7638328312766183,0.044078161588112466,14.677323573469476,0.223440055293199,13.106503143549855,1.5251673371469638,2.5629045171896467,0.5952864188231466,3.9326924314126774,3.3706730003567147,2542.8210228877397
P000116_LH,P000116,LH,93.3407477157746,0.55596843560975,7.801395908384692,0.4366239337187394,28.680103283127732,15.973857414292093,1.0346858521336588,2.9338203012747575,3.209511216372963,69.51953153650359,20.397212860826365,22.004758428004166,0.7699725364607498,0.24804181821117333,16.406786486031883,0.22845358906292612,8.727367694714378,1.6928440009772994,1.7815701589330766,0.6755919040064563,14.11207991339373,15.62331022349083,3790.807379568671
P000116_HL,P000116,HL,93.3407477157746,0.55596843560975,7.801395908384692,0.4366239337187394,28.680103283127732,15.973857414292093,1.0346858521336588,2.9338203012747575,3.209511216372963,69.51953153650359,20.397212860826365,22.004758428004166,0.7699725364607498,0.24804181821117333,16.406786486031883,0.22845358906292612,8.727367694714378,1.6928440009772994,1.7815701589330766,0.6755919040064563,14.11207991339373,15.62331022349083,3790.807379568671
P000117_LH,P000117,LH,76.75143061326375,0.5324832463848987,6.177473170186293,0.6750900928937462,34.098818857016624,30.803622594262432,1.0095979709673168,1.6360753098954715,2.849770226637522,25.63920895619983,134.03274976294628,31.74697709912112,0.8525380240647793,0.1559635187602372,14.343982825889125,0.26034878352156543,8.312508558304799,1.1099829746311058,2.2772099908885512,0.7536618177523842,14.86474714430435,17.865028361494197,2284.088890920572
P000117_HL,P000117,HL,76.75143061326375,0.5324832463848987,6.177473170186293,0.6750900928937462,34.098818857016624,30.803622594262432,1.0095979709673168,1.6360753098954715,2.849770226637522,25.63920895619983,134.03274976294628,31.74697709912112,0.8525380240647793,0.1559635187602372,14.343982825889125,0.26034878352156543,8.312508558304799,1.1099829746311058,2.2772099908885512,0.7536618177523842,14.86474714430435,17.865028361494197,2284.088890920572
P000118_LH,P000118,LH,83.46928495378121,0.7152351860490369,6.961196170014493,0.711120810501278,11.732655906899664,2.759334891393783,0.8424382860911523,3.8784473471518224,0.806826040750203,77.96063904944441,150.1585228224295,35.07176298237889,0.7117968259268236,0.5457810075140204,8.158591943054649,0.2467208306577085,9.932562491958226,1.4918600360346617,2.168716248401595,0.388376643188021,2.088305286749645,2.577214882006384,2802.772512233916
P000118_HL,P000118,HL,83.46928495378121,0.7152351860490369,6.961196170014493,0.711120810501278,11.732655906899664,2.759334891393783,0.8424382860911523,3.8784473471518224,0.806826040750203,77.96063904944441,150.1585228224295,35.07176298237889,0.7117968259268236,0.5457810075140204,8.158591943054649,0.2467208306577085,9.932562491958226,1.4918600360346617,2.168716248401595,0.388376643188021,2.088305286749645,2.577214882006384,2802.772512233916
P000119_LH,P000119,LH,49.519349428031816,0.44174346780553303,4.534819786223952,0.7765512661210813,13.712432496684674,3.270597013736032,1.6064409529330592,0.5837540910176169,1.681973758970566,50.040275745034066,155.86241455979865,34.069313708696754,0.8338185232073951,0.649903296958728,17.990926023615,0.2085753675259049,8.059250159547187,0.8618672004221987,1.7935478833020415,0.7291972608870976,21.42084656093132,34.63004606856502,3548.6116696685826
P000119_HL,P000119,HL,49.519349428031816,0.44174346780553303,4.534819786223952,0.7765512661210813,13.712432496684674,3.270597013736032,1.6064409529330592,0.5837540910176169,1.681973758970566,50.040275745034066,155.86241455979865,34.069313708696754,0.8338185232073951,0.649903296958728,17.990926023615,0.2085753675259049,8.059250159547187,0.8618672004221987,1.7935478833020415,0.7291972608870976,21.42084656093132,34.63004606856502,3548.6116696685826
P000120_LH,P000120,LH,48.03833534180099,0.3731138516075084,3.3561662839396833,0.36984435505665847,14.543220527753803,19.217292792553522,0.4032696217114764,2.0496640173589484,1.0897977481833885,39.11939377298172,16.965645827542026,24.857534896236125,0.9453107099008379,0.36368559482008517,12.609216387351932,0.24575858253101096,11.840558799686582,1.5340025562680115,1.876589557510833,0.38002697855431483,12.616690342266583,6.738595282129718,1522.1585029976632
P000120_HL,P000120,HL,48.03833534180099,0.3731138516075084,3.3561662839396833,0.36984435505665847,14.543220527753803,19.217292792553522,0.4032696217114764,2.0496640173589484,1.0897977481833885,39.11939377298172,16.965645827542026,24.857534896236125,0.9453107099008379,0.36368559482008517,12.609216387351932,0.24575858253101096,11.840558799686582,1.5340025562680115,1.876589557510833,0.38002697855431483,12.616690342266583,6.738595282129718,1522.1585029976632
P000121_LH,P000121,LH,71.42119233742511,0.591895366505258,7.209249802087698,0.48975533274662164,31.28471936958844,6.776917847882089,2.359736484419136,0.9476570682985814,0.8952060811442898,82.35329649491946,94.01420415751717,32.18743017521687,0.6761056910726331,0.29340672933362616,16.996320372178275,0.2304556352282705,8.039854260094657,0.7432808571275707,2.332991094162504,0.6201842011929068,2.135150700904549,26.445291643362875,1695.3533546654994
P000121_HL,P000121,HL,71.42119233742511,0.591895366505258,7.209249802087698,0.48975533274662164,31.28471936958844,6.776917847882089,2.359736484419136,0.9476570682985814,0.8952060811442898,82.35329649491946,94.01420415751717,32.18743017521687,0.6761056910726331,0.29340672933362616,16.996320372178275,0.2304556352282705,8.039854260094657,0.7432808571275707,2.332991094162504,0.6201842011929068,2.135150700904549,26.445291643362875,1695.3533546654994
P000122_LH,P000122,LH,72.17285962355784,0.5086624265177847,9.832736846264224,0.4807588893680774,9.156131376742449,9.665397933242136,0.6380430978139233,3.1259694003825995,3.651244188369174,62.99374643630372,91.23331006170258,26.01221649405064,0.9261454197744751,0.1718288153259569,11.891211606419253,0.27442176129156415,8.015938412396453,1.3716862792024225,1.6150943204253536,0.4176411731862834,3.3761665042506337,23.41996950506752,3524.850818590156
P000122_HL,P000122,HL,72.17285962355784,0.5086624265177847,9.832736846264224,0.4807588893680774,9.156131376742449,9.665397933242136,0.6380430978139233,3.1259694003825995,3.651244188369174,62.99374643630372,91.23331006170258,26.01221649405064,0.9261454197744751,0.1718288153259569,11.891211606419253,0.27442176129156415,8.015938412396453,1.3716862792024225,1.6150943204253536,0.4176411731862834,3.3761665042506337,23.41996950506752,3524.850818590156
P000123_LH,P000123,LH,89.9048090555772,0.49296556828790095,6.092660436758509,0.6756521315893322,17.092883770490147,4.821829265710865,2.705243193728324,0.4857624095214508,1.3574729902336793,33.14374441723095,23.50750389976742,32.881699027702496,0.9085840052642691,0.3291519757400498,12.355508964829745,0.2790416327551989,12.776141254591959,1.0819653414214925,1.9769858640145392,0.4071728847469957,5.666376716666202,19.25067687428661,1618.8342400579781
P000123_HL,P000123,HL,89.9048090555772,0.49296556828790095,6.092660436758509,0.6756521315893322,17.092883770490147,4.821829265710865,2.705243193728324,0.4857624095214508,1.3574729902336793,33.14374441723095,23.50750389976742,32.881699027702496,0.9085840052642691,0.3291519757400498,12.355508964829745,0.2790416327551989,12.776141254591959,1.0819653414214925,1.9769858640145392,0.4071728847469957,5.666376716666202,19.25067687428661,1618.8342400579781
P000124_LH,P000124,LH,46.183391267459385,0.5611506556070499,7.159408871398319,0.686413828192119,24.293529697257373,2.641365404596694,0.6005694183278278,1.1603765172815759,0.37005763124915547,86.76214251580859,38.737194745017575,33.52652816373923,0.6477746842676062,0.46116756390090885,15.117415333662997,0.1808185792858705,12.825955044641114,1.458263005694623,1.8202644010544196,0.792960430634261,2.8326231613063078,21.5147983331889,1964.3847570265275
P000124_HL,P000124,HL,46.183391267459385,0.5611506556070499,7.159408871398319,0.686413828192119,24.293529697257373,2.641365404596694,0.6005694183278278,1.1603765172815759,0.37005763124915547,86.76214251580859,38.737194745017575,33.52652816373923,0.6477746842676062,0.46116756390090885,15.117415333662997,0.1808185792858705,12.825955044641114,1.458263005694623,1.8202644010544196,0.792960430634261,2.8326231613063078,21.5147983331889,1964.3847570265275
P000125_LH,P000125,LH,69.07336200377978,0.5179135250221106,7.848510105000677,0.6502901271274412,33.62989378020066,10.932920476879271,1.9822142072885784,2.1751846865499784,1.2422718942393058,55.0710187400275,54.55834197922024,26.317714127099386,0.7556713775656009,0.07755913244691552,8.407492019014654,0.27984227862738076,8.64890181903013,1.4198575197589172,2.2108713084608436,0.4055884853572765,3.6209584522800604,29.205822625658875,3921.0976124875287
P000125_HL,P000125,HL,69.07336200377978,0.5179135250221106,7.848510105000677,0.6502901271274412,33.62989378020066,10.932920476879271,1.9822142072885784,2.1751846865499784,1.2422718942393058,55.0710187400275,54.55834197922024,26.317714127099386,0.7556713775656009,0.07755913244691552,8.407492019014654,0.27984227862738076,8.64890181903013,1.4198575197589172,2.2108713084608436,0.4055884853572765,3.6209584522800604,29.205822625658875,3921.0976124875287
P000126_LH,P000126,LH,59.136561469021636,0.4633545260990666,3.1428036271392776,0.7855489467947325,17.634282416185258,32.33387422486888,1.0754233767130357,1.7780564182628977,0.48568987569995475,51.2401980069134,28.521274773364883,35.913114079095465,0.653023975013346,0.5056994589912785,15.059951119241935,0.21406580109778234,8.075247486029872,1.6378876836473268,2.091183854135177,0.5764366884223857,15.417809467472516,26.908988804246704,1669.8050358362307
P000126_HL,P000126,HL,59.136561469021636,0.4633545260990666,3.1428036271392776,0.7855489467947325,17.634282416185258,32.33387422486888,1.0754233767130357,1.7780564182628977,0.48568987569995475,51.2401980069134,28.521274773364883,35.913114079095465,0.653023975013346,0.5056994589912785,15.059951119241935,0.21406580109778234,8.075247486029872,1.6378876836473268,2.091183854135177,0.5764366884223857,15.417809467472516,26.908988804246704,1669.8050358362307
P000127_LH,P000127,LH,66.88533079172942,0.52602370637837,3.8522161384723805,0.3727454376251603,32.583553897358115,16.51280030092896,1.517930018058344,1.3286093600151707,3.6196262769452394,62.68947727232629,108.46781930289451,29.083240025727953,0.5856102634092679,0.0873524906335097,14.550438724234608,0.2533366398449526,11.787519606064185,1.3949940678398431,1.9682176577951243,0.5400496636742402,14.43935455068587,27.62756189361545,3569.9151904305513
P000127_HL,P000127,HL,66.88533079172942,0.52602370637837,3.8522161384723805,0.3727454376251603,32.583553897358115,16.51280030092896,1.517930018058344,1.3286093600151707,3.6196262769452394,62.68947727232629,108.46781930289451,29.083240025727953,0.5856102634092679,0.0873524906335097,14.550438724234608,0.2533366398449526,11.787519606064185,1.3949940678398431,1.9682176577951243,0.5400496636742402,14.43935455068587,27.62756189361545,3569.9151904305513
P000128_LH,P000128,LH,72.05594105129693,0.6760138908703407,5.019889527787388,0.35814998235030454,24.54648103720367,34.24206872002554,0.7792683984206048,1.058773882083762,1.5221244722602207,64.53698783302404,22.94188942463215,38.203088421082626,0.7188526719567181,0.15863942764380431,10.36565322768721,0.2630284832882149,11.132935242134508,1.1486700228686793,1.7657552245993158,0.7652111472210956,8.335800693825343,25.134973015228294,2158.9844829773797
P000128_HL,P000128,HL,72.05594105129693,0.6760138908703407,5.019889527787388,0.35814998235030454,24.54648103720367,34.24206872002554,0.7792683984206048,1.058773882083762,1.5221244722602207,64.53698783302404,22.94188942463215,38.203088421082626,0.7188526719567181,0.15863942764380431,10.36565322768721,0.2630284832882149,11.132935242134508,1.1486700228686793,1.7657552245993158,0.7652111472210956,8.335800693825343,25.134973015228294,2158.9844829773797
P000129_LH,P000129,LH,87.23755589984796,0.7349419870981163,8.070181277920137,0.4158249603572809,25.11738647028068,29.72246265874371,1.6850956075440253,2.420122353930565,2.5225774789048865,85.10902124340424,175.00633684081063,19.904441580846342,0.8805485825254529,0.2193533002547169,16.667704659022704,0.25396092276792376,10.118486970263305,1.2334990989921035,2.082770068322342,0.6522736680559034,23.999219324112477,6.2376541521401085,1929.6413760902553
P000129_HL,P000129,HL,87.23755589984796,0.7349419870981163,8.070181277920137,0.4158249603572809,25.11738647028068,29.72246265874371,1.6850956075440253,2.420122353930565,2.5225774789048865,85.10902124340424,175.00633684081063,19.904441580846342,0.8805485825254529,0.2193533002547169,16.667704659022704,0.25396092276792376,10.118486970263305,1.2334990989921035,2.082770068322342,0.6522736680559034,23.999219324112477,6.2376541521401085,1929.6413760902553
P000130_LH,P000130,LH,56.8332052791692,0.6500972708439032,9.55250715498288,0.7841624800864709,18.348326679009983,5.146600042738501,0.655443005651135,3.8261076989511578,0.5128835035840915,30.844468523362288,105.49831036505485,39.62832816773776,0.6675258215447816,0.07623310252872179,13.308536330360637,0.2775140453533371,9.556778623477749,0.8870771031275506,2.316205298578665,0.626431275588254,9.056959980169868,14.124851719490445,3806.532467955765
P000130_HL,P000130,HL,56.8332052791692,0.6500972708439032,9.55250715498288,0.7841624800864709,18.348326679009983,5.146600042738501,0.655443005651135,3.8261076989511578,0.5128835035840915,30.844468523362288,105.49831036505485,39.62832816773776,0.6675258215447816,0.07623310252872179,13.308536330360637,0.2775140453533371,9.556778623477749,0.8870771031275506,2.316205298578665,0.626431275588254,9.056959980169868,14.124851719490445,3806.532467955765
P000131_LH,P000131,LH,48.586213969454796,0.4158320891706761,6.71379754869186,0.35538360077679476,28.20385106220897,12.315169827881043,0.5238287363248835,3.5411229041716585,3.639320022527568,46.851318203123334,98.61292146913814,37.12803270706036,0.7390006002609507,0.468750819763874,13.257846663137713,0.18000096803103108,12.703939051496045,1.6668785400971435,1.7759134585325653,0.6470451384715981,4.7677176536744446,4.629095227432799,1364.1470137426916
P000131_HL,P000131,HL,48.586213969454796,0.4158320891706761,6.71379754869186,0.35538360077679476,28.20385106220897,12.315169827881043,0.5238287363248835,3.5411229041716585,3.639320022527568,46.851318203123334,98.61292146913814,37.12803270706036,0.7390006002609507,0.468750819763874,13.257846663137713,0.18000096803103108,12.703939051496045,1.6668785400971435,1.7759134585325653,0.6470451384715981,4.7677176536744446,4.629095227432799,1364.1470137426916
P000132_LH,P000132,LH,62.858301370962195,0.4720292713041652,5.433060814062371,0.6462425715261,32.22748380625909,22.402665217388655,2.7265048583316323,2.0043567505386437,0.6560138569257673,40.08539056940879,47.59471723856574,24.964609139035986,0.7036639931061559,0.04960554178814226,12.3346439704275,0.19978074892330197,13.037915451381789,0.7564028178474562,2.0705369187757072,0.4209496965002967,26.34356004957902,4.179198702670441,3947.9988390687545
P000132_HL,P000132,HL,62.858301370962195,0.4720292713041652,5.433060814062371,0.6462425715261,32.22748380625909,22.402665217388655,2.7265048583316323,2.0043567505386437,0.6560138569257673,40.08539056940879,47.59471723856574,24.964609139035986,0.7036639931061559,0.04960554178814226,12.3346439704275,0.19978074892330197,13.037915451381789,0.7564028178474562,2.0705369187757072,0.4209496965002967,26.34356004957902,4.179198702670441,3947.9988390687545
P000133_LH,P000133,LH,82.53496187147074,0.45292687637217044,9.296216966321843,0.6069578090382979,31.68784023833815,32.7262593158992,2.1137100060936556,3.580075922022903,0.39733192630479913,60.47737275623185,74.10610568919422,23.56395122281899,0.6212162808522321,0.0614027114090797,9.407616645396391,0.24764679617260738,9.899590844282095,1.6166743104651262,2.0558644386484524,0.7399785520059714,5.138641402861579,5.12684627083325,2066.4245672521324
P000133_HL,P000133,HL,82.53496187147074,0.45292687637217044,9.296216966321843,0.6069578090382979,31.68784023833815,32.7262593158992,2.1137100060936556,3.580075922022903,0.39733192630479913,60.47737275623185,74.10610568919422,23.56395122281899,0.6212162808522321,0.0614027114090797,9.407616645396391,0.24764679617260738,9.899590844282095,1.6166743104651262,2.0558644386484524,0.7399785520059714,5.138641402861579,5.12684627083325,2066.4245672521324
P000134_LH,P000134,LH,78.49654636830402,0.37102380849329786,8.60977592706678,0.6916278653610215,35.887420135494885,29.98596432519323,2.27063729910081,1.754728059261834,3.5291006740260262,67.75188833386994,159.2979077974685,39.01513896605293,0.6135553547904877,0.5110236815489105,17.66317772692785,0.24844459715920414,12.108467947240529,1.0788588602085203,2.3890414734900225,0.422209246121205,7.0949649639454995,2.553920290017848,3319.595974036966
P000134_HL,P000134,HL,78.49654636830402,0.37102380849329786,8.60977592706678,0.6916278653610215,35.887420135494885,29.98596432519323,2.27063729910081,1.754728059261834,3.5291006740260262,67.75188833386994,159.2979077974685,39.01513896605293,0.6135553547904877,0.5110236815489105,17.66317772692785,0.24844459715920414,12.108467947240529,1.0788588602085203,2.3890414734900225,0.422209246121205,7.0949649639454995,2.553920290017848,3319.595974036966
P000135_LH,P000135,LH,71.72396566923197,0.7488721782650433,3.877778349839317,0.5129410709228373,34.45178737669653,18.358736734135864,1.7399139439210065,3.413048601540024,1.4545124969931504,65.4666191211279,136.5223309336823,29.5652121677829,0.5788047103301414,0.5815350639370342,16.73345828637999,0.27207043471724746,12.021468204392008,1.5813211209443212,2.4968449670514152,0.5057452950171064,5.2005852054452895,5.787358066348847,3044.0280323908064
P000135_HL,P000135,HL,71.72396566923197,0.7488721782650433,3.877778349839317,0.5129410709228373,34.45178737669653,18.358736734135864,1.7399139439210065,3.413048601540024,1.4545124969931504,65.4666191211279,136.5223309336823,29.5652121677829,0.5788047103301414,0.5815350639370342,16.73345828637999,0.27207043471724746,12.021468204392008,1.5813211209443212,2.4968449670514152,0.5057452950171064,5.2005852054452895,5.787358066348847,3044.0280323908064
P000136_LH,P000136,LH,83.13691745363352,0.5288181535763368,6.627163054677539,0.721964874352089,34.79405255533228,30.430486704875392,2.681199985291591,1.1111081134179124,1.4038181833185865,76.0317720125276,41.505359221605616,33.6590282815099,0.8553342297389048,0.013377704882949086,16.582982638407643,0.20526137641039463,11.386456454892647,1.5894262131738177,1.6043250727915994,0.7449130425104398,4.7787277844854525,13.521864938334106,2776.7430627462804
P000136_HL,P000136,HL,83.13691745363352,0.5288181535763368,6.627163054677539,0.721964874352089,34.79405255533228,30.430486704875392,2.681199985291591,1.1111081134179124,1.4038181833185865,76.0317720125276,41.505359221605616,33.6590282815099,0.8553342297389048,0.013377704882949086,16.582982638407643,0.20526137641039463,11.386456454892647,1.5894262131738177,1.6043250727915994,0.7449130425104398,4.7787277844854525,13.521864938334106,2776.7430627462804
P000137_LH,P000137,LH,60.37252632757534,0.6807080803292995,8.414978376520173,0.4852680110523177,17.224992404029848,31.217005409582328,1.226914076241275,3.744052037272103,2.403538870131851,37.03775359687804,24.878873914313882,21.028599745994242,0.6435479337705787,0.2615899134090741,12.381317906246103,0.21259706030496137,10.472360585283814,1.2160572177182063,1.9043662297866355,0.6946769534008141,2.1690015273457615,16.350429031821772,3601.710108413786
P000137_HL,P000137,HL,60.37252632757534,0.6807080803292995,8.414978376520173,0.4852680110523177,17.224992404029848,31.217005409582328,1.226914076241275,3.744052037272103,2.403538870131851,37.03775359687804,24.878873914313882,21.028599745994242,0.6435479337705787,0.2615899134090741,12.381317906246103,0.21259706030496137,10.472360585283814,1.2160572177182063,1.9043662297866355,0.6946769534008141,2.1690015273457615,16.350429031821772,3601.710108413786
P000138_LH,P000138,LH,47.502015634991075,0.671141108577346,8.928742672619077,0.3945709197162608,35.58311286579958,13.508555857479374,1.401748935349817,1.2860375565804973,3.91008570354247,92.9872934132857,121.98002160012523,22.992399797505648,0.6035479135320359,0.3856839810974991,17.774815435099313,0.21090646730857904,13.647430734538164,0.9186896803333926,1.8957723100886796,0.4760679552306334,31.216574566450028,2.217137311322298,2258.1456912524886
P000138_HL,P000138,HL,47.502015634991075,0.671141108577346,8.928742672619077,0.3945709197162608,35.58311286579958,13.508555857479374,1.401748935349817,1.2860375565804973,3.91008570354247,92.9872934132857,121.98002160012523,22.992399797505648,0.6035479135320359,0.3856839810974991,17.774815435099313,0.21090646730857904,13.647430734538164,0.9186896803333926,1.8957723100886796,0.4760679552306334,31.216574566450028,2.217137311322298,2258.1456912524886
P000139_LH,P000139,LH,55.615051956549046,0.4472699340791038,3.218038669608713,0.5190953208900866,34.53356077998018,22.618579425004025,2.9952602950272165,2.643311032132536,3.998714105539777,51.549336246728096,53.02291693344855,20.17597875832075,0.8190944910110127,0.5120471427844988,17.72102202331549,0.219766259046819,13.445647753918735,1.4834307084100629,1.8547385517876411,0.7869109227600593,18.992089191267574,9.051544585767626,3085.7306097923856
P000139_HL,P000139,HL,55.615051956549046,0.4472699340791038,3.218038669608713,0.5190953208900866,34.53356077998018,22.618579425004025,2.9952602950272165,2.643311032132536,3.998714105539777,51.549336246728096,53.02291693344855,20.17597875832075,0.8190944910110127,0.5120471427844988,17.72102202331549,0.219766259046819,13.445647753918735,1.4834307084100629,1.8547385517876411,0.7869109227600593,18.992089191267574,9.051544585767626,3085.7306097923856
P000140_LH,P000140,LH,86.46572300907395,0.5962158244749782,4.474847951600406,0.6388082107428392,20.999309728080238,5.830975797718864,2.223368621582561,3.598828494730347,1.6278812151226483,93.63206887909706,107.82970861422231,28.162693507464816,0.5689257498504776,0.5074220805166921,15.27158837719557,0.22102007059551504,8.801184813844667,0.7037158773360382,2.074947320669373,0.46433849829971935,3.1738942038837514,2.608071497275032,1244.4540328070213
P000140_HL,P000140,HL,86.46572300907395,0.5962158244749782,4.474847951600406,0.6388082107428392,20.999309728080238,5.830975797718864,2.223368621582561,3.598828494730347,1.6278812151226483,93.63206887909706,107.82970861422231,28.162693507464816,0.5689257498504776,0.5074220805166921,15.27158837719557,0.22102007059551504,8.801184813844667,0.7037158773360382,2.074947320669373,0.46433849829971935,3.1738942038837514,2.608071497275032,1244.4540328070213
P000141_LH,P000141,LH,87.18048818506901,0.4119280386817017,7.678833289258176,0.4253435652610399,32.29201301684092,33.847785615226286,2.098833805506012,0.7638763641992944,2.971074678788851,95.81799093709697,67.17937957187709,35.60062652904671,0.9358902930121158,0.02806478674129557,15.317483571411245,0.23488466045429726,8.229634288166606,1.163504830498502,2.194894888875264,0.41332603557456055,12.266856680679886,2.8282551855907307,2752.781847986854
P000141_HL,P000141,HL,87.18048818506901,0.4119280386817017,7.678833289258176,0.4253435652610399,32.29201301684092,33.847785615226286,2.098833805506012,0.7638763641992944,2.971074678788851,95.81799093709697,67.17937957187709,35.60062652904671,0.9358902930121158,0.02806478674129557,15.317483571411245,0.23488466045429726,8.229634288166606,1.163504830498502,2.194894888875264,0.41332603557456055,12.266856680679886,2.8282551855907307,2752.781847986854
P000142_LH,P000142,LH,68.27337031245276,0.4067770083307871,8.222954936970496,0.5181462202364063,34.15421276132624,26.239225994394197,1.3477654546567175,0.7150434629374378,0.5905942405935601,56.524802494436706,112.51641521713508,29.173408875351974,0.7674868858954753,0.2861183571888637,12.183527233226894,0.26072120693166145,11.280757089873907,1.5948144799817672,2.157909009577952,0.7353560722233917,2.7800870081320257,10.639020566317859,3064.856183514855
P000142_HL,P000142,HL,68.27337031245276,0.4067770083307871,8.222954936970496,0.5181462202364063,34.15421276132624,26.239225994394197,1.3477654546567175,0.7150434629374378,0.5905942405935601,56.524802494436706,112.51641521713508,29.173408875351974,0.7674868858954753,0.2861183571888637,12.183527233226894,0.26072120693166145,11.280757089873907,1.5948144799817672,2.157909009577952,0.7353560722233917,2.7800870081320257,10.639020566317859,3064.856183514855
P000143_LH,P000143,LH,75.9992826438704,0.3937779097968564,9.108615504009933,0.45089795122665066,9.856883121277246,31.580229796762783,2.167925242761646,3.1179645965398746,2.7982679572861584,89.02009547573961,173.6399843973757,32.50861717164254,0.7523144318774966,0.453804743902102,8.142478738301,0.21899589186197288,9.37240957270252,0.8007325403075877,1.6759493980460958,0.4920051142668401,2.2286518652865253,32.6730250479383,3910.413840910898
P000143_HL,P000143,HL,75.9992826438704,0.3937779097968564,9.108615504009933,0.45089795122665066,9.856883121277246,31.580229796762783,2.167925242761646,3.1179645965398746,2.7982679572861584,89.02009547573961,173.6399843973757,32.50861717164254,0.7523144318774966,0.453804743902102,8.142478738301,0.21899589186197288,9.37240957270252,0.8007325403075877,1.6759493980460958,0.4920051142668401,2.2286518652865253,32.6730250479383,3910.413840910898
P000144_LH,P000144,LH,77.12284229453232,0.4590153444048318,4.854066229879865,0.3826336435347572,13.289898873642098,2.39964044674967,2.479767613001817,3.768093101954376,2.419181926168116,83.62511250890668,116.09071365683332,36.67939014230445,0.5961734365539294,0.31337384058152673,9.646106813813049,0.1994712263654729,13.218429174854112,1.41731810507104,1.8476192852607005,0.6978789802313927,6.869726597784381,26.632942017724858,3131.529703186351
P000144_HL,P000144,HL,77.12284229453232,0.4590153444048318,4.854066229879865,0.3826336435347572,13.289898873642098,2.39964044674967,2.479767613001817,3.768093101954376,2.419181926168116,83.62511250890668,116.09071365683332,36.67939014230445,0.5961734365539294,0.31337384058152673,9.646106813813049,0.1994712263654729,13.218429174854112,1.41731810507104,1.8476192852607005,0.6978789802313927,6.869726597784381,26.632942017724858,3131.529703186351
P000145_LH,P000145,LH,54.41473275978498,0.44445567081747916,9.570339719328842,0.5687506367569043,22.10312217388602,15.29354694481538,2.4720141762744094,3.998685286845527,2.7999851617154983,43.986489708951,151.3034447640666,26.85501555526558,0.8478711435583222,0.14710191845137569,16.10636773967288,0.20160956580707626,11.038869117414027,1.5117130691694696,2.191786581407843,0.4879380981084268,32.161607407251914,19.605840015466445,3659.412884499976
P000145_HL,P000145,HL,54.41473275978498,0.44445567081747916,9.570339719328842,0.5687506367569043,22.10312217388602,15.29354694481538,2.4720141762744094,3.998685286845527,2.7999851617154983,43.986489708951,151.3034447640666,26.85501555526558,0.8478711435583222,0.14710191845137569,16.10636773967288,0.20160956580707626,11.038869117414027,1.5117130691694696,2.191786581407843,0.4879380981084268,32.161607407251914,19.605840015466445,3659.412884499976
P000146_LH,P000146,LH,75.38771351802833,0.6646828767197228,6.001666696554238,0.746856392433535,18.464549176449832,8.692058641036258,1.3334053638909875,3.4445831267836233,2.1694236780590357,60.73631224503077,70.17191788466639,23.468661725545555,0.8423418928093787,0.2430572149745732,12.835341075374183,0.2206680134633231,13.609275576433534,1.0994243768758512,1.6318831464178456,0.5882915665579408,7.163825469422775,9.900097908474,3003.695852097642
P000146_HL,P000146,HL,75.38771351802833,0.6646828767197228,6.001666696554238,0.746856392433535,18.464549176449832,8.692058641036258,1.3334053638909875,3.4445831267836233,2.1694236780590357,60.73631224503077,70.17191788466639,23.468661725545555,0.8423418928093787,0.2430572149745732,12.835341075374183,0.2206680134633231,13.609275576433534,1.0994243768758512,1.6318831464178456,0.5882915665579408,7.163825469422775,9.900097908474,3003.695852097642
P000147_LH,P000147,LH,76.58273953976115,0.6263115770649785,8.973352030999212,0.7100256271421163,19.077121690527107,12.202514627303042,0.8670778205128088,1.5278136407185836,1.9721789395144396,49.52648112637735,79.71118763524272,31.65782143219558,0.6943982544404083,0.12867578292446583,11.962449433551491,0.23213974605815543,13.004081179121,1.269835628633909,2.0284103122843304,0.7497608895226581,33.99890845231057,6.326508696540837,2595.2604519374536
P000147_HL,P000147,HL,76.58273953976115,0.6263115770649785,8.973352030999212,0.7100256271421163,19.077121690527107,12.202514627303042,0.8670778205128088,1.5278136407185836,1.9721789395144396,49.52648112637735,79.71118763524272,31.65782143219558,0.6943982544404083,0.12867578292446583,11.962449433551491,0.23213974605815543,13.004081179121,1.269835628633909,2.0284103122843304,0.7497608895226581,33.99890845231057,6.326508696540837,2595.2604519374536
P000148_LH,P000148,LH,51.863272193892,0.5931580933896308,4.8839488218998275,0.6416768459961679,19.479427438386622,27.66349311447574,2.146534200115708,2.532137114499629,3.0772573160927017,81.2179993895336,168.4955888017918,24.641549396491122,0.5544942171255474,0.43238552526955104,10.078259974972728,0.18825013677989322,12.351665490309921,1.3912574527389676,2.1593852595485394,0.7331241701408289,5.072026853639927,6.002199934847349,2648.9996260187368
P000148_HL,P000148,HL,51.863272193892,0.5931580933896308,4.8839488218998275,0.6416768459961679,19.479427438386622,27.66349311447574,2.146534200115708,2.532137114499629,3.0772573160927017,81.2179993895336,168.4955888017918,24.641549396491122,0.5544942171255474,0.43238552526955104,10.078259974972728,0.18825013677989322,12.351665490309921,1.3912574527389676,2.1593852595485394,0.7331241701408289,5.072026853639927,6.002199934847349,2648.9996260187368
P000149_LH,P000149,LH,86.87547094081613,0.6222140397144216,4.68607715441687,0.40302899515486973,25.582777521674043,27.63262178183218,0.7646335468313428,2.2720140071179458,1.3339174260604014,82.92570435319934,138.5987153778505,18.444693421397506,0.7350359115390921,0.267850222584439,12.007744797457384,0.26639209412668313,12.450971943336384,1.6645787576513773,2.4575793795908885,0.36805547034553115,6.572104171575662,7.588495874117025,2507.316608987436
P000149_HL,P000149,HL,86.87547094081613,0.6222140397144216,4.68607715441687,0.40302899515486973,25.582777521674043,27.63262178183218,0.7646335468313428,2.2720140071179458,1.3339174260604014,82.92570435319934,138.5987153778505,18.444693421397506,0.7350359115390921,0.267850222584439,12.007744797457384,0.26639209412668313,12.450971943336384,1.6645787576513773,2.4575793795908885,0.36805547034553115,6.572104171575662,7.588495874117025,2507.316608987436
P000150_LH,P000150,LH,68.23897265395698,0.46924449798638634,9.01601036337402,0.3650422690570089,19.319725829506314,33.424036195892256,1.9965168017341153,1.5219529634267144,3.1185920419029802,92.5108184774715,89.84995970470113,23.254201580080686,0.8322793138689654,0.24911276704877697,10.303051738639965,0.2344855029450758,10.875973347949127,1.4774491182345613,1.9968314210755753,0.550720629733712,9.637967871298441,2.9599203762753916,3943.1763712538395
P000150_HL,P000150,HL,68.23897265395698,0.46924449798638634,9.01601036337402,0.3650422690570089,19.319725829506314,33.424036195892256,1.9965168017341153,1.5219529634267144,3.1185920419029802,92.5108184774715,89.84995970470113,23.254201580080686,0.8322793138689654,0.24911276704877697,10.303051738639965,0.2344855029450758,10.875973347949127,1.4774491182345613,1.9968314210755753,0.550720629733712,9.637967871298441,2.9599203762753916,3943.1763712538395
P000151_LH,P000151,LH,62.27281949283736,0.43003817854553666,6.9946643148597065,0.4939753428899366,20.19008065239492,6.14841763921551,1.8394288826095937,2.945918013450265,1.4448176103125607,60.06970127279508,123.50095338935961,18.227307240898824,0.6846460630471425,0.4639509884457358,14.784380091899598,0.1927633653159249,11.448721769475387,1.0676981638595278,2.367882737493547,0.6413841190075389,5.325764453218576,2.723798376907976,3326.014077457281
P000151_HL,P000151,HL,62.27281949283736,0.43003817854553666,6.9946643148597065,0.4939753428899366,20.19008065239492,6.14841763921551,1.8394288826095937,2.945918013450265,1.4448176103125607,60.06970127279508,123.50095338935961,18.227307240898824,0.6846460630471425,0.4639509884457358,14.784380091899598,0.1927633653159249,11.448721769475387,1.0676981638595278,2.367882737493547,0.6413841190075389,5.325764453218576,2.723798376907976,3326.014077457281
P000152_LH,P000152,LH,53.965724138000354,0.6465344013586747,7.14506909263487,0.3887853265331761,23.007441148722407,28.973997524088155,1.1296791777960316,0.432373722194445,2.2980366713484837,26.75111712971546,35.82466595088388,25.682126417954493,0.9487401650339973,0.6589649029900669,11.361778603996205,0.23397017772059753,9.475556516777857,1.4068571441577804,1.9526634152671025,0.7835189431539483,16.426101058101306,14.652583017598344,1878.2099352122202
P000152_HL,P000152,HL,53.965724138000354,0.6465344013586747,7.14506909263487,0.3887853265331761,23.007441148722407,28.973997524088155,1.1296791777960316,0.432373722194445,2.2980366713484837,26.75111712971546,35.82466595088388,25.682126417954493,0.9487401650339973,0.6589649029900669,11.361778603996205,0.23397017772059753,9.475556516777857,1.4068571441577804,1.9526634152671025,0.7835189431539483,16.426101058101306,14.652583017598344,1878.2099352122202
P000153_LH,P000153,LH,67.5340858020053,0.7123896673357125,6.744556957540108,0.4783832643571281,18.203599496069295,2.2673273959788776,1.1410611124349805,3.51217554821334,2.5089896317591194,87.01392407740678,155.29095104006885,34.529220126719295,0.6666575943289972,0.6670555494314714,11.280865932682563,0.2547290035646298,12.630377596103791,1.4871764487116526,2.5994628793188834,0.734737155893265,2.253453135038091,8.814905768625984,2471.4658415885233
P000153_HL,P000153,HL,67.5340858020053,0.7123896673357125,6.744556957540108,0.4783832643571281,18.203599496069295,2.2673273959788776,1.1410611124349805,3.51217554821334,2.5089896317591194,87.01392407740678,155.29095104006885,34.529220126719295,0.6666575943289972,0.6670555494314714,11.280865932682563,0.2547290035646298,12.630377596103791,1.4871764487116526,2.5994628793188834,0.734737155893265,2.253453135038091,8.814905768625984,2471.4658415885233
P000154_LH,P000154,LH,45.91040736701589,0.6554814665212224,4.524972706802664,0.5533472650349776,31.01541116393127,30.077111067887753,0.8022423751799749,1.1928498823551155,1.1473505124756609,89.49235493206646,60.40504661253732,19.708578062917418,0.9427159853730723,0.3754345253889637,15.74104699532879,0.19492086193909147,11.249026543621333,1.1058766290849193,1.9493433329496845,0.42574332557344285,6.100422706710245,2.979803250649255,2012.5550742985665
P000154_HL,P000154,HL,45.91040736701589,0.6554814665212224,4.524972706802664,0.5533472650349776,31.01541116393127,30.077111067887753,0.8022423751799749,1.1928498823551155,1.1473505124756609,89.49235493206646,60.40504661253732,19.708578062917418,0.9427159853730723,0.3754345253889637,15.74104699532879,0.19492086193909147,11.249026543621333,1.1058766290849193,1.9493433329496845,0.42574332557344285,6.100422706710245,2.979803250649255,2012.5550742985665
P000155_LH,P000155,LH,67.10598274630641,0.5191900076967838,4.449048883834667,0.6842175432859556,26.66022952222268,18.66284864026695,0.5421506845265497,2.233743299505484,1.8438247474578744,50.380647679198596,78.80827932736021,22.193991011640684,0.7164190912807264,0.5284734525147788,10.431278628939184,0.18919983648923128,11.893360330916082,0.9909895341306969,2.147575336924276,0.39038687291911145,18.88928423632755,7.286191872227096,2202.0086879912797
P000155_HL,P000155,HL,67.10598274630641,0.5191900076967838,4.449048883834667,0.6842175432859556,26.66022952222268,18.66284864026695,0.5421506845265497,2.233743299505484,1.8438247474578744,50.380647679198596,78.80827932736021,22.193991011640684,0.7164190912807264,0.5284734525147788,10.431278628939184,0.18919983648923128,11.893360330916082,0.9909895341306969,2.147575336924276,0.39038687291911145,18.88928423632755,7.286191872227096,2202.0086879912797
P000156_LH,P000156,LH,80.48736632063722,0.564552059923891,8.581417325839453,0.7175082387762884,10.36012186423765,34.291554175699524,1.557490588911781,1.5398011880950684,2.447643773082717,53.02849842105704,26.685458560877237,29.942982488510502,0.7061518058501746,0.390402569439397,10.546822067846644,0.25003334731836563,10.348036302655073,1.1519754547622214,2.021672736257412,0.5154921949707854,25.101590034912267,20.975122229208907,3146.260448475524
P000156_HL,P000156,HL,80.48736632063722,0.564552059923891,8.581417325839453,0.7175082387762884,10.36012186423765,34.291554175699524,1.557490588911781,1.5398011880950684,2.447643773082717,53.02849842105704,26.685458560877237,29.942982488510502,0.7061518058501746,0.390402569439397,10.546822067846644,0.25003334731836563,10.348036302655073,1.1519754547622214,2.021672736257412,0.5154921949707854,25.101590034912267,20.975122229208907,3146.260448475524
P000157_LH,P000157,LH,46.164854172224736,0.42270672951393423,7.308683167930695,0.7398183815086878,23.61998557386966,17.125717002437458,0.828780711185728,0.4222554562931994,0.5758852000583905,46.341595196004164,71.14537483182369,38.913366424933905,0.6557834601657916,0.16673906059163557,16.296944700889398,0.2241861355183293,12.38873208335136,1.6961675467421873,2.2714039500761674,0.4834118526778537,16.66986487017379,6.105195410518575,2574.170784405646
P000157_HL,P000157,HL,46.164854172224736,0.42270672951393423,7.308683167930695,0.7398183815086878,23.61998557386966,17.125717002437458,0.828780711185728,0.4222554562931994,0.5758852000583905,46.341595196004164,71.14537483182369,38.913366424933905,0.6557834601657916,0.16673906059163557,16.296944700889398,0.2241861355183293,12.38873208335136,1.6961675467421873,2.2714039500761674,0.4834118526778537,16.66986487017379,6.105195410518575,2574.170784405646
P000158_LH,P000158,LH,53.556797185256215,0.6215808273354728,5.657386076277572,0.413973322480252,24.501851095954418,21.262805861869836,0.9033914514901696,2.851462847629892,1.1092268295124477,49.732971426383244,119.39982101925801,34.93806399960805,0.7925164691942884,0.429981591894737,11.010098781655266,0.24226524330789195,10.72907744560083,1.433911625978718,2.2331317927175567,0.7040092797907789,3.813664922270076,3.619799030097892,2188.0230756921956
P000158_HL,P000158,HL,53.556797185256215,0.6215808273354728,5.657386076277572,0.413973322480252,24.501851095954418,21.262805861869836,0.9033914514901696,2.851462847629892,1.1092268295124477,49.732971426383244,119.39982101925801,34.93806399960805,0.7925164691942884,0.429981591894737,11.010098781655266,0.24226524330789195,10.72907744560083,1.433911625978718,2.2331317927175567,0.7040092797907789,3.813664922270076,3.619799030097892,2188.0230756921956
P000159_LH,P000159,LH,74.77067490890587,0.5447066299886134,6.286593590496521,0.6514169408695385,24.63011427823583,5.039763155154494,2.9421234312756734,3.368596585372879,1.6882886304641351,44.82554650420788,72.57091205242133,33.78049326000823,0.5797216553472848,0.09730861858214353,10.472865511395842,0.2091408647626898,12.976809399170667,0.7540538338817698,1.8256547505769738,0.5580742725663963,6.27254024623689,7.0380078587639066,3701.990308185298
P000159_HL,P000159,HL,74.77067490890587,0.5447066299886134,6.286593590496521,0.6514169408695385,24.63011427823583,5.039763155154494,2.9421234312756734,3.368596585372879,1.6882886304641351,44.82554650420788,72.57091205242133,33.78049326000823,0.5797216553472848,0.09730861858214353,10.472865511395842,0.2091408647626898,12.976809399170667,0.7540538338817698,1.8256547505769738,0.5580742725663963,6.27254024623689,7.0380078587639066,3701.990308185298
P000160_LH,P000160,LH,60.01015480715911,0.6693725448043176,9.502226741354585,0.46267567043655455,33.03932860537991,3.538026468992797,0.633371739704407,1.823075081936501,0.522340905849134,32.372573919750735,55.78599683526386,38.01174807937936,0.5572778567863198,0.134316503256607,15.631912427050395,0.21679530323710913,9.583479432099836,1.5769050861267297,2.003453103494606,0.6390671529304983,4.143329667482024,4.649862367011702,1914.078773058598
P000160_HL,P000160,HL,60.01015480715911,0.6693725448043176,9.502226741354585,0.46267567043655455,33.03932860537991,3.538026468992797,0.633371739704407,1.823075081936501,0.522340905849134,32.372573919750735,55.78599683526386,38.01174807937936,0.5572778567863198,0.134316503256607,15.631912427050395,0.21679530323710913,9.583479432099836,1.5769050861267297,2.003453103494606,0.6390671529304983,4.143329667482024,4.649862367011702,1914.078773058598
P000161_LH,P000161,LH,94.11893164248436,0.5739494461726595,3.401145652257247,0.6328787830609031,16.334736612437293,23.306549948172453,0.8796062409863379,1.2421480525551747,3.774693136410683,57.78271068861419,57.021860804722735,30.042501872887506,0.6266099302966996,0.3410183457121934,8.623231519433116,0.19852468497666462,12.47832952160044,0.9425906012917687,1.8359333265795108,0.7800614608998168,4.111768749549191,33.24253452307274,2849.4887430151157
P000161_HL,P000161,HL,94.11893164248436,0.5739494461726595,3.401145652257247,0.6328787830609031,16.334736612437293,23.306549948172453,0.8796062409863379,1.2421480525551747,3.774693136410683,57.78271068861419,57.021860804722735,30.042501872887506,0.6266099302966996,0.3410183457121934,8.623231519433116,0.19852468497666462,12.47832952160044,0.9425906012917687,1.8359333265795108,0.7800614608998168,4.111768749549191,33.24253452307274,2849.4887430151157
P000162_LH,P000162,LH,81.81458200728346,0.6781468830070267,9.99093966040265,0.5712253933292818,11.315806474150174,3.7105932303583975,2.89219405249685,0.7587116715936427,2.957890336651028,27.938652928338385,158.0782911152011,39.75224730394364,0.6197566604751543,0.2542563676689376,14.697283268017095,0.20086917659095052,9.621067107289097,1.4232551971391814,1.8711695776796322,0.7636010186465104,3.244688911773478,13.713714929973433,1636.1010809550432
P000162_HL,P000162,HL,81.81458200728346,0.6781468830070267,9.99093966040265,0.5712253933292818,11.315806474150174,3.7105932303583975,2.89219405249685,0.7587116715936427,2.957890336651028,27.938652928338385,158.0782911152011,39.75224730394364,0.6197566604751543,0.2542563676689376,14.697283268017095,0.20086917659095052,9.621067107289097,1.4232551971391814,1.8711695776796322,0.7636010186465104,3.244688911773478,13.713714929973433,1636.1010809550432
P000163_LH,P000163,LH,79.55679912003467,0.5403525104827351,9.63518624921895,0.3776522167552306,26.79460413188467,31.442090806693308,1.5399887762439235,3.574833037295476,2.9070961221108362,44.57584767427397,37.46089794510736,34.130459840325315,0.7487173160782028,0.4757209405879854,8.786292908871868,0.23858576687042252,11.751334895149657,1.5053227713430823,2.526422790354157,0.669784082016095,5.8694349789324685,3.5740661497637025,1573.0044342276642
P000163_HL,P000163,HL,79.55679912003467,0.5403525104827351,9.63518624921895,0.3776522167552306,26.79460413188467,31.442090806693308,1.5399887762439235,3.574833037295476,2.9070961221108362,44.57584767427397,37.46089794510736,34.130459840325315,0.7487173160782028,0.4757209405879854,8.786292908871868,0.23858576687042252,11.751334895149657,1.5053227713430823,2.526422790354157,0.669784082016095,5.8694349789324685,3.5740661497637025,1573.0044342276642
P000164_LH,P000164,LH,92.22255772794797,0.7218427471292371,9.330629579891443,0.6443855203406297,13.055837366744957,32.62174139184872,1.3424857382819995,3.952845054176867,1.1164529309192188,87.6196224792532,120.0866759069571,19.837413245064464,0.7003302786198501,0.5656740079131954,11.626921109450462,0.27550858379532117,10.75378505710935,1.3228702775478816,2.5651923462487076,0.7218803055363856,2.8832968590025536,5.4779035546821255,3591.3435029319785
P000164_HL,P000164,HL,92.22255772794797,0.7218427471292371,9.330629579891443,0.6443855203406297,13.055837366744957,32.62174139184872,1.3424857382819995,3.952845054176867,1.1164529309192188,87.6196224792532,120.0866759069571,19.837413245064464,0.7003302786198501,0.5656740079131954,11.626921109450462,0.27550858379532117,10.75378505710935,1.3228702775478816,2.5651923462487076,0.7218803055363856,2.8832968590025536,5.4779035546821255,3591.3435029319785
P000165_LH,P000165,LH,49.36812395767516,0.43175856607300767,4.144497142749064,0.40733975753737245,18.137042202187065,33.02954927471862,1.5327983972717516,1.6436375980755686,3.1030639008104854,36.56446286552234,55.1489709987501,25.553379972506505,0.9242441254484828,0.5545657333797969,9.846924468267234,0.267807379340645,9.029565448777934,1.311833498220563,2.164444929535642,0.6823549853436542,14.423651334636565,12.027588447868746,3455.5613645703183
P000165_HL,P000165,HL,49.36812395767516,0.43175856607300767,4.144497142749064,0.40733975753737245,18.137042202187065,33.02954927471862,1.5327983972717516,1.6436375980755686,3.1030639008104854,36.56446286552234,55.1489709987501,25.553379972506505,0.9242441254484828,0.5545657333797969,9.846924468267234,0.267807379340645,9.029565448777934,1.311833498220563,2.164444929535642,0.6823549853436542,14.423651334636565,12.027588447868746,3455.5613645703183
P000166_LH,P000166,LH,84.39729468882709,0.6923380831618592,6.807771415784456,0.735705232774893,23.399173279570505,14.005284334906076,1.7222698357191457,3.1518447456788308,2.6019830552638408,68.11085367451324,102.67201615636392,20.051537896222808,0.6334341202177829,0.6818770078261402,17.81309865712196,0.2617234815722834,11.361786806727537,0.8782484765602274,2.3065523872606746,0.43486971126649476,24.50821175836612,24.599888708599586,1495.4073351689665
P000166_HL,P000166,HL,84.39729468882709,0.6923380831618592,6.807771415784456,0.735705232774893,23.399173279570505,14.005284334906076,1.7222698357191457,3.1518447456788308,2.6019830552638408,68.11085367451324,102.67201615636392,20.051537896222808,0.6334341202177829,0.6818770078261402,17.81309865712196,0.2617234815722834,11.361786806727537,0.8782484765602274,2.3065523872606746,0.43486971126649476,24.50821175836612,24.599888708599586,1495.4073351689665
P000167_LH,P000167,LH,81.5505108591944,0.4487480764932743,9.462663481762823,0.5756593198029583,14.952175854486784,8.065779222777424,0.2727282540226411,1.1529773549711821,0.5370133592154975,59.800951285628635,32.64088556951438,32.5344058044263,0.6171428614396305,0.60799986088474,10.261945862976887,0.25859969962966795,10.718271627022938,1.2929288431537758,2.1197713989892724,0.44159760667799774,7.496786658430725,5.213303605430899,2828.3846010002853
P000167_HL,P000167,HL,81.5505108591944,0.4487480764932743,9.462663481762823,0.5756593198029583,14.952175854486784,8.065779222777424,0.2727282540226411,1.1529773549711821,0.5370133592154975,59.800951285628635,32.64088556951438,32.5344058044263,0.6171428614396305,0.60799986088474,10.261945862976887,0.25859969962966795,10.718271627022938,1.2929288431537758,2.1197713989892724,0.44159760667799774,7.496786658430725,5.213303605430899,2828.3846010002853
P000168_LH,P000168,LH,81.09599831171818,0.5808943950035017,8.056669321057036,0.3963383589275428,33.26090976845157,24.01108832959431,1.1427248861402728,1.4279499259895636,0.7476889600025686,53.6416724996419,43.33477702977009,20.07413204440648,0.8755320854286727,0.27405170738239965,9.491393030279347,0.19652186583281764,8.245446163863448,0.771963716054603,1.9920132714621956,0.5301122162064484,34.43195263598233,2.086523870103431,3242.321767305204
P000168_HL,P000168,HL,81.09599831171818,0.5808943950035017,8.056669321057036,0.3963383589275428,33.26090976845157,24.01108832959431,1.1427248861402728,1.4279499259895636,0.7476889600025686,53.6416724996419,43.33477702977009,20.07413204440648,0.8755320854286727,0.27405170738239965,9.491393030279347,0.19652186583281764,8.245446163863448,0.771963716054603,1.9920132714621956,0.5301122162064484,34.43195263598233,2.086523870103431,3242.321767305204
P000169_LH,P000169,LH,48.91052121042986,0.4956232527709529,9.233385184299966,0.5565290776020607,17.312051010596036,35.4715801740169,2.0598018061169654,3.0507433307370766,0.8843889409865889,29.521736583498743,145.35143183762924,30.735234905183813,0.7962802891260056,0.6727408677869914,14.511213745081745,0.20681135730716993,11.648699037958757,0.7759521777018669,2.508594728277975,0.48069052773971277,8.564729336413192,5.8610222348985355,2790.793446449025
P000169_HL,P000169,HL,48.91052121042986,0.4956232527709529,9.233385184299966,0.5565290776020607,17.312051010596036,35.4715801740169,2.0598018061169654,3.0507433307370766,0.8843889409865889,29.521736583498743,145.35143183762924,30.735234905183813,0.7962802891260056,0.6727408677869914,14.511213745081745,0.20681135730716993,11.648699037958757,0.7759521777018669,2.508594728277975,0.48069052773971277,8.564729336413192,5.8610222348985355,2790.793446449025
P000170_LH,P000170,LH,91.64790200737878,0.4870063129679072,3.5714915675147267,0.7018355752992055,22.340951194550442,19.591418675339,2.56258780499636,0.7190913459875626,2.440942381481449,82.71747611977304,59.236876991476684,23.70406847763046,0.7770371319105931,0.04701620950956997,15.517819802263174,0.2338260751350746,12.37572136318223,1.5569036356626171,1.6399144285465486,0.41581356986006623,4.349174597086364,4.578117955024348,2557.1110196644026
P000170_HL,P000170,HL,91.64790200737878,0.4870063129679072,3.5714915675147267,0.7018355752992055,22.340951194550442,19.591418675339,2.56258780499636,0.7190913459875626,2.440942381481449,82.71747611977304,59.236876991476684,23.70406847763046,0.7770371319105931,0.04701620950956997,15.517819802263174,0.2338260751350746,12.37572136318223,1.5569036356626171,1.6399144285465486,0.41581356986006623,4.349174597086364,4.578117955024348,2557.1110196644026
P000171_LH,P000171,LH,52.53716639815324,0.6029053073780468,6.0199748174247745,0.4022436920610168,33.06365458059172,3.1880135864452894,1.6931427391579028,3.4764793390062487,3.885310358230094,73.30450961092417,75.16025984947612,37.60903632727038,0.6372914226980745,0.27708157094583336,9.889187420817763,0.2041123784771383,8.585247554873053,1.2734332306993217,1.7757029952099652,0.4452526534152588,4.6634535942837845,25.47874188010088,3718.639260718161
P000171_HL,P000171,HL,52.53716639815324,0.6029053073780468,6.0199748174247745,0.4022436920610168,33.06365458059172,3.1880135864452894,1.6931427391579028,3.4764793390062487,3.885310358230094,73.30450961092417,75.16025984947612,37.60903632727038,0.6372914226980745,0.27708157094583336,9.889187420817763,0.2041123784771383,8.585247554873053,1.2734332306993217,1.7757029952099652,0.4452526534152588,4.6634535942837845,25.47874188010088,3718.639260718161
P000172_LH,P000172,LH,55.50369367683281,0.6669799560351085,4.167537098672345,0.36840768037881744,31.760422390230474,10.449166839101142,1.5793471084447286,3.317119610236765,3.8458056465251818,38.769589185281404,58.99406437386265,31.86876323273411,0.7295323619003992,0.11374822881114614,14.433100455066604,0.2562061379635795,13.327164501537515,1.1273634113586735,2.0599777149642113,0.5101310349016888,2.5051336080618083,36.41980325689998,1558.0776619345563
P000172_HL,P000172,HL,55.50369367683281,0.6669799560351085,4.167537098672345,0.36840768037881744,31.760422390230474,10.449166839101142,1.5793471084447286,3.317119610236765,3.8458056465251818,38.769589185281404,58.99406437386265,31.86876323273411,0.7295323619003992,0.11374822881114614,14.433100455066604,0.2562061379635795,13.327164501537515,1.1273634113586735,2.0599777149642113,0.5101310349016888,2.5051336080618083,36.41980325689998,1558.0776619345563
P000173_LH,P000173,LH,57.99646637821282,0.47775834255240973,5.293091732493575,0.7897451463640578,19.692465607196958,34.12845402396772,1.8624221718606224,2.083553195115122,2.775692692864626,72.25361322974456,99.32928237332162,38.56367115364008,0.9117470424436924,0.535878027866447,16.348506042847685,0.1959886048916969,8.384797751319192,0.8890918300808472,2.339994608697175,0.7952048361291455,2.4690746325483763,30.771219044280983,1258.103971561952
P000173_HL,P000173,HL,57.99646637821282,0.47775834255240973,5.293091732493575,0.7897451463640578,19.692465607196958,34.12845402396772,1.8624221718606224,2.083553195115122,2.775692692864626,72.25361322974456,99.32928237332162,38.56367115364008,0.9117470424436924,0.535878027866447,16.348506042847685,0.1959886048916969,8.384797751319192,0.8890918300808472,2.339994608697175,0.7952048361291455,2.4690746325483763,30.771219044280983,1258.103971561952
P000174_LH,P000174,LH,55.98193442495081,0.7342763424489319,9.373098982005153,0.3837573630121879,21.043583659041452,6.53485472126255,2.4532874446328155,1.177263849774738,1.001870092108555,60.876526830282465,174.40367532512093,35.49214475769332,0.560834779382024,0.49500074212831346,8.047777415730561,0.2781803556321603,11.41797001594038,1.3777112032444572,1.827168496398902,0.5726210431540899,22.273454316944907,2.9124774346748343,2049.339218977456
P000174_HL,P000174,HL,55.98193442495081,0.7342763424489319,9.373098982005153,0.3837573630121879,21.043583659041452,6.53485472126255,2.4532874446328155,1.177263849774738,1.001870092108555,60.876526830282465,174.40367532512093,35.49214475769332,0.560834779382024,0.49500074212831346,8.047777415730561,0.2781803556321603,11.41797001594038,1.3777112032444572,1.827168496398902,0.5726210431540899,22.273454316944907,2.9124774346748343,2049.339218977456
P000175_LH,P000175,LH,63.81706755572872,0.7072143903054704,4.303999509908927,0.4526698446206787,23.821773762286178,11.967121607371244,2.7933847708160173,2.6637213433174463,1.3660575084531335,74.60763514120481,132.27322605225237,26.611197612507056,0.8308415834168814,0.3352679743628063,14.10137877936061,0.2505749805676464,13.738193882317564,1.2124575740549899,2.2676676001858804,0.7054236587742679,4.296051721512622,10.307208778376605,2925.5715680032927
P000175_HL,P000175,HL,63.81706755572872,0.7072143903054704,4.303999509908927,0.4526698446206787,23.821773762286178,11.967121607371244,2.7933847708160173,2.6637213433174463,1.3660575084531335,74.60763514120481,132.27322605225237,26.611197612507056,0.8308415834168814,0.3352679743628063,14.10137877936061,0.2505749805676464,13.738193882317564,1.2124575740549899,2.2676676001858804,0.7054236587742679,4.296051721512622,10.307208778376605,2925.5715680032927
P000176_LH,P000176,LH,49.73759719873615,0.657103130524931,9.15419960618718,0.748634128728714,11.58378525677285,15.064861639688134,0.7195669448105617,3.4365066708730776,2.7543467771905776,73.80149488916085,44.82311638516552,31.082293676594325,0.7969540055585581,0.3515338846950772,9.17756471612991,0.25192727893274375,10.458301727403754,1.3143473331029174,2.228303064910834,0.4547091480522449,20.462164919275047,4.939413120191164,3830.8823539441737
P000176_HL,P000176,HL,49.73759719873615,0.657103130524931,9.15419960618718,0.748634128728714,11.58378525677285,15.064861639688134,0.7195669448105617,3.4365066708730776,2.7543467771905776,73.80149488916085,44.82311638516552,31.082293676594325,0.7969540055585581,0.3515338846950772,9.17756471612991,0.25192727893274375,10.458301727403754,1.3143473331029174,2.228303064910834,0.4547091480522449,20.462164919275047,4.939413120191164,3830.8823539441737
P000177_LH,P000177,LH,69.33379467712015,0.5151988920851708,9.138890444442328,0.6140316639852414,11.196027836272279,10.630259162963272,0.5541408170397281,3.6193397978476485,2.0719668037855437,84.75593655955058,153.95105319608584,34.895903429925866,0.7321017230382689,0.16943831508426277,13.78933296833766,0.18241599459853003,13.137692337506849,1.0578726962672145,1.7034448511038438,0.6595504635390803,2.4326745885432466,3.9431983135869544,3965.446014968586
P000177_HL,P000177,HL,69.33379467712015,0.5151988920851708,9.138890444442328,0.6140316639852414,11.196027836272279,10.630259162963272,0.5541408170397281,3.6193397978476485,2.0719668037855437,84.75593655955058,153.95105319608584,34.895903429925866,0.7321017230382689,0.16943831508426277,13.78933296833766,0.18241599459853003,13.137692337506849,1.0578726962672145,1.7034448511038438,0.6595504635390803,2.4326745885432466,3.9431983135869544,3965.446014968586
P000178_LH,P000178,LH,53.334098347081294,0.4132233504361757,7.227160680034252,0.6902141126086001,34.90087664431908,23.85495798207955,1.7727962086705618,3.229457866677096,1.8061878682998396,54.67202853581672,71.54743165396549,27.73088541147951,0.5684121968197604,0.35409333692071837,17.236873486432387,0.19888740901523622,10.972666640409766,1.1742969047640315,2.4341029797624523,0.49297331379680975,2.536639530683045,2.69109035765901,3931.1278523038104
P000178_HL,P000178,HL,53.334098347081294,0.4132233504361757,7.227160680034252,0.6902141126086001,34.90087664431908,23.85495798207955,1.7727962086705618,3.229457866677096,1.8061878682998396,54.67202853581672,71.54743165396549,27.73088541147951,0.5684121968197604,0.35409333692071837,17.236873486432387,0.19888740901523622,10.972666640409766,1.1742969047640315,2.4341029797624523,0.49297331379680975,2.536639530683045,2.69109035765901,3931.1278523038104
P000179_LH,P000179,LH,77.6277493475447,0.4993431275878222,5.166977402530094,0.550692705454189,10.7984091181578,16.079750297454932,0.6811871773505203,3.0996798018171194,3.543098798085113,39.8143691528875,21.14549582599039,33.05821416644108,0.7478969374543007,0.1327073578977496,10.770086864108066,0.2119157415295234,12.8798695283722,1.11491091961177,2.3498499098748584,0.7516041815738208,17.433607710352376,4.376664696616643,1950.1757537080052
P000179_HL,P000179,HL,77.6277493475447,0.4993431275878222,5.166977402530094,0.550692705454189,10.7984091181578,16.079750297454932,0.6811871773505203,3.0996798018171194,3.543098798085113,39.8143691528875,21.14549582599039,33.05821416644108,0.7478969374543007,0.1327073578977496,10.770086864108066,0.2119157415295234,12.8798695283722,1.11491091961177,2.3498499098748584,0.7516041815738208,17.433607710352376,4.376664696616643,1950.1757537080052
P000180_LH,P000180,LH,87.54461810184891,0.7189938782699566,6.426141020573542,0.7914531854655499,30.5508534643361,22.453651026316933,2.601999975618891,0.8537381276753504,2.2592065373685464,24.41166994598217,146.09336686553405,35.26578959748366,0.7728781306663225,0.4271234860672024,14.383968044981893,0.18559627593003344,13.55570317959422,1.2091877189700309,2.5047927195636532,0.4572690531685608,13.065271457493273,17.531182938405262,1541.337478204789
P000180_HL,P000180,HL,87.54461810184891,0.7189938782699566,6.426141020573542,0.7914531854655499,30.5508534643361,22.453651026316933,2.601999975618891,0.8537381276753504,2.2592065373685464,24.41166994598217,146.09336686553405,35.26578959748366,0.7728781306663225,0.4271234860672024,14.383968044981893,0.18559627593003344,13.55570317959422,1.2091877189700309,2.5047927195636532,0.4572690531685608,13.065271457493273,17.531182938405262,1541.337478204789
P000181_LH,P000181,LH,69.0123519786456,0.6117145971691986,8.166604090195413,0.5291948459154495,31.37706005621936,17.527448346429395,1.3014763395889526,1.8528951202059412,0.4329614361912436,71.0843480119363,170.59838641734532,29.8519341962943,0.6219034576049469,0.3418280039085414,16.80866255438043,0.1907184551250818,12.870522433088562,1.0853309220362317,2.0973708274940797,0.7010285038044524,10.794694862321622,6.951962296001106,1979.5270815816493
P000181_HL,P000181,HL,69.0123519786456,0.6117145971691986,8.166604090195413,0.5291948459154495,31.37706005621936,17.527448346429395,1.3014763395889526,1.8528951202059412,0.4329614361912436,71.0843480119363,170.59838641734532,29.8519341962943,0.6219034576049469,0.3418280039085414,16.80866255438043,0.1907184551250818,12.870522433088562,1.0853309220362317,2.0973708274940797,0.7010285038044524,10.794694862321622,6.951962296001106,1979.5270815816493
P000182_LH,P000182,LH,73.79198774487114,0.7398177579868495,6.562092369452796,0.6017911155140245,30.211998456530562,28.54454199752798,0.25217706374357934,3.8542565567233753,0.6320117528984632,80.79824516102674,171.4298307037043,37.73060622126032,0.7368025076487803,0.09421155167188759,10.338291337681797,0.2732665151408581,9.135802122278132,0.8808648371784519,2.0397736077898996,0.5420728010665603,11.66886616577818,13.793253767915102,3505.533838899765
P000182_HL,P000182,HL,73.79198774487114,0.7398177579868495,6.562092369452796,0.6017911155140245,30.211998456530562,28.54454199752798,0.25217706374357934,3.8542565567233753,0.6320117528984632,80.79824516102674,171.4298307037043,37.73060622126032,0.7368025076487803,0.09421155167188759,10.338291337681797,0.2732665151408581,9.135802122278132,0.8808648371784519,2.0397736077898996,0.5420728010665603,11.66886616577818,13.793253767915102,3505.533838899765
P000183_LH,P000183,LH,52.104715693327066,0.5894655480598037,7.598953686645809,0.5441062581224927,30.42293554799036,20.36965836988302,1.3852188904224634,2.8717256759813323,1.8624627024145943,73.18669002347877,69.8285190741702,24.11540373912009,0.635567743647585,0.3061238836439834,16.15530459252215,0.20539453188261,11.1838202364881,1.5930466795937996,1.6566168577189215,0.3626359845572101,3.049835111043081,4.046338010195114,2210.267013084562
P000183_HL,P000183,HL,52.104715693327066,0.5894655480598037,7.598953686645809,0.5441062581224927,30.42293554799036,20.36965836988302,1.3852188904224634,2.8717256759813323,1.8624627024145943,73.18669002347877,69.8285190741702,24.11540373912009,0.635567743647585,0.3061238836439834,16.15530459252215,0.20539453188261,11.1838202364881,1.5930466795937996,1.6566168577189215,0.3626359845572101,3.049835111043081,4.046338010195114,2210.267013084562
P000184_LH,P000184,LH,45.28767770370761,0.6952893136097827,7.124612237510497,0.7809796275282511,12.191755052284257,25.12206177896665,1.8076153044572405,1.130078292367423,0.7721665537539807,90.356831135523,109.9463052451026,33.96740590202269,0.6926338190572607,0.6856230905624415,13.026013232988078,0.18142280000830294,8.26097888363332,1.2969909274952558,2.257616294792699,0.5804022271865269,2.396122447462336,13.344966662754787,3347.0153227139745
P000184_HL,P000184,HL,45.28767770370761,0.6952893136097827,7.124612237510497,0.7809796275282511,12.191755052284257,25.12206177896665,1.8076153044572405,1.130078292367423,0.7721665537539807,90.356831135523,109.9463052451026,33.96740590202269,0.6926338190572607,0.6856230905624415,13.026013232988078,0.18142280000830294,8.26097888363332,1.2969909274952558,2.257616294792699,0.5804022271865269,2.396122447462336,13.344966662754787,3347.0153227139745
P000185_LH,P000185,LH,93.81706614261014,0.40967758797675224,4.907574534536498,0.5731855956793863,22.633747400838068,5.4037798375265265,2.654809559895265,3.9259233620289953,1.772478769986099,95.49305620028589,11.754646630880185,36.42725023238776,0.7612801788222832,0.6250121234435506,11.149595509694567,0.1902249454857196,9.243311010475697,1.6742619749348953,2.4377766309960056,0.38370039080659757,13.740634145698333,12.588554056924345,3741.5000088620513
P000185_HL,P000185,HL,93.81706614261014,0.40967758797675224,4.907574534536498,0.5731855956793863,22.633747400838068,5.4037798375265265,2.654809559895265,3.9259233620289953,1.772478769986099,95.49305620028589,11.754646630880185,36.42725023238776,0.7612801788222832,0.6250121234435506,11.149595509694567,0.1902249454857196,9.243311010475697,1.6742619749348953,2.4377766309960056,0.38370039080659757,13.740634145698333,12.588554056924345,3741.5000088620513
P000186_LH,P000186,LH,94.51583775087329,0.35810661369563324,9.05989008180119,0.39254606739963704,12.093821648045191,35.9077523167919,0.3629353499401161,1.878098375004204,0.868515014126338,52.592995783267696,90.36931227540101,26.74472500500968,0.6835992911327218,0.12351759548165932,12.76260942385369,0.2224137297337569,12.249522135298204,1.428947746220762,2.007828060954275,0.7018806929784944,29.122044418062924,33.855451080179634,3255.216323028966
P000186_HL,P000186,HL,94.51583775087329,0.35810661369563324,9.05989008180119,0.39254606739963704,12.093821648045191,35.9077523167919,0.3629353499401161,1.878098375004204,0.868515014126338,52.592995783267696,90.36931227540101,26.74472500500968,0.6835992911327218,0.12351759548165932,12.76260942385369,0.2224137297337569,12.249522135298204,1.428947746220762,2.007828060954275,0.7018806929784944,29.122044418062924,33.855451080179634,3255.216323028966
P000187_LH,P000187,LH,84.97831983801876,0.37386170926215273,6.981508683934921,0.42694714165399617,24.739936663707347,12.556027879530777,2.4052835245180373,2.7293826346805505,0.4792989853174617,81.70745945621672,42.25308013429322,39.55848119267589,0.6506020419298839,0.24395244126892288,11.12387125046662,0.19450384986028985,11.089752662794577,1.1849810531498177,2.292268049519505,0.6675031659117454,35.68505509873114,3.526714225782555,3775.541050273258
P000187_HL,P000187,HL,84.97831983801876,0.37386170926215273,6.981508683934921,0.42694714165399617,24.739936663707347,12.556027879530777,2.4052835245180373,2.7293826346805505,0.4792989853174617,81.70745945621672,42.25308013429322,39.55848119267589,0.6506020419298839,0.24395244126892288,11.12387125046662,0.19450384986028985,11.089752662794577,1.1849810531498177,2.292268049519505,0.6675031659117454,35.68505509873114,3.526714225782555,3775.541050273258
P000188_LH,P000188,LH,89.48109231732579,0.5997062121290268,3.3177161975948626,0.6710796882765346,27.799341815082617,11.812406485989737,2.8707402623769247,2.0786168664811138,3.136976925426433,56.71742203963794,58.01057771809637,30.256940342884057,0.7603277626542158,0.4080743670567068,14.744635863489616,0.2581133362639552,11.192157900090779,1.2367840188024535,1.8830714895423881,0.5867136961465862,4.227780869311416,23.93608741793339,2182.4105340242922
P000188_HL,P000188,HL,89.48109231732579,0.5997062121290268,3.3177161975948626,0.6710796882765346,27.799341815082617,11.812406485989737,2.8707402623769247,2.0786168664811138,3.136976925426433,56.71742203963794,58.01057771809637,30.256940342884057,0.7603277626542158,0.4080743670567068,14.744635863489616,0.2581133362639552,11.192157900090779,1.2367840188024535,1.8830714895423881,0.5867136961465862,4.227780869311416,23.93608741793339,2182.4105340242922
P000189_LH,P000189,LH,69.95082650184798,0.46193741920205655,6.753584663943101,0.5664429270832164,9.892660928289102,29.562946661891683,1.369102775525655,1.70708177385727,3.357015058513234,62.01490398777245,84.59753107845806,31.771198995340328,0.7397819384180232,0.20145169423885714,15.404801318311218,0.2297788954938356,12.469135062977124,0.897016048812959,1.7286611390062252,0.6496639172519348,4.8598724525108,25.046539177210914,2735.109973306043
P000189_HL,P000189,HL,69.95082650184798,0.46193741920205655,6.753584663943101,0.5664429270832164,9.892660928289102,29.562946661891683,1.369102775525655,1.70708177385727,3.357015058513234,62.01490398777245,84.59753107845806,31.771198995340328,0.7397819384180232,0.20145169423885714,15.404801318311218,0.2297788954938356,12.469135062977124,0.897016048812959,1.7286611390062252,0.6496639172519348,4.8598724525108,25.046539177210914,2735.109973306043
P000190_LH,P000190,LH,72.53921933819271,0.6900656176587543,5.253572084001293,0.45712572538778395,28.33145078537036,11.274331282303416,1.4705946644061323,3.0643961805462756,3.5852438927812407,38.57978342771213,165.88906156721785,21.317127449225776,0.9170950907878523,0.44683501514936325,16.51730776209973,0.26789149471395013,9.448372643761378,0.8597372714027216,1.7608370193354936,0.37055264156542816,6.4577027373968,4.983007700067091,2447.9115054436406
P000190_HL,P000190,HL,72.53921933819271,0.6900656176587543,5.253572084001293,0.45712572538778395,28.33145078537036,11.274331282303416,1.4705946644061323,3.0643961805462756,3.5852438927812407,38.57978342771213,165.88906156721785,21.317127449225776,0.9170950907878523,0.44683501514936325,16.51730776209973,0.26789149471395013,9.448372643761378,0.8597372714027216,1.7608370193354936,0.37055264156542816,6.4577027373968,4.983007700067091,2447.9115054436406
P000191_LH,P000191,LH,83.07628009813415,0.6444073112215665,5.555263654307435,0.6729209035470516,29.16119763382376,13.354761342443556,1.7435727172207645,2.2156279831002745,3.612425040436259,27.299935268862292,170.24212694333153,19.087578761076717,0.578116472427346,0.12234176611308797,9.734253087831348,0.22777435831212206,9.53614453467948,0.924589169916114,2.4303662138586155,0.7194210184726181,2.509244197489028,18.79093991902003,1326.5357790313824
P000191_HL,P000191,HL,83.07628009813415,0.6444073112215665,5.555263654307435,0.6729209035470516,29.16119763382376,13.354761342443556,1.7435727172207645,2.2156279831002745,3.612425040436259,27.299935268862292,170.24212694333153,19.087578761076717,0.578116472427346,0.12234176611308797,9.734253087831348,0.22777435831212206,9.53614453467948,0.924589169916114,2.4303662138586155,0.7194210184726181,2.509244197489028,18.79093991902003,1326.5357790313824
P000192_LH,P000192,LH,90.67046048858568,0.7312400184424672,6.309424077453775,0.653021187728581,15.850277407549754,21.004922820450744,2.815217371653613,1.005794489094326,3.1254939900336205,94.32531292809992,126.023452470171,34.59672510537224,0.7271415981997811,0.6157383171774142,14.177075404758337,0.2032854641330023,12.531666994762158,1.3352241384394805,1.6025819853237153,0.4700599476383958,7.809481015718443,3.865873036346133,2025.6635704983119
P000192_HL,P000192,HL,90.67046048858568,0.7312400184424672,6.309424077453775,0.653021187728581,15.850277407549754,21.004922820450744,2.815217371653613,1.005794489094326,3.1254939900336205,94.32531292809992,126.023452470171,34.59672510537224,0.7271415981997811,0.6157383171774142,14.177075404758337,0.2032854641330023,12.531666994762158,1.3352241384394805,1.6025819853237153,0.4700599476383958,7.809481015718443,3.865873036346133,2025.6635704983119
P000193_LH,P000193,LH,75.50786324787839,0.48895495840252134,4.748978920534585,0.6559202166428744,30.717296972160913,18.30006277625697,0.3708262352081452,3.007978211545025,3.7530568419538035,42.14576967478098,38.864845842880555,39.85244640225232,0.8543580955656354,0.18914047778416185,11.226026879740564,0.21523307111903,13.294605169051536,1.6889395103570919,2.479961153405447,0.502825519442079,3.8561246840728782,9.005073120170312,1510.1757722538737
P000193_HL,P000193,HL,75.50786324787839,0.48895495840252134,4.748978920534585,0.6559202166428744,30.717296972160913,18.30006277625697,0.3708262352081452,3.007978211545025,3.7530568419538035,42.14576967478098,38.864845842880555,39.85244640225232,0.8543580955656354,0.18914047778416185,11.226026879740564,0.21523307111903,13.294605169051536,1.6889395103570919,2.479961153405447,0.502825519442079,3.8561246840728782,9.005073120170312,1510.1757722538737
P000194_LH,P000194,LH,91.13175336084507,0.7449358541634126,8.817921946095769,0.4655038412227722,14.120307956306604,18.47926551470424,0.9189247210153337,0.9099005288192308,3.4887218428821654,36.8887176070782,12.980757692796013,23.640892023614413,0.6249375334329398,0.42453541080708734,8.481903324379642,0.24814187140680805,11.44139502682916,1.2420939489883491,1.6237548530713808,0.6346627400953496,3.675146218316225,24.23921224490903,2886.626426698896
P000194_HL,P000194,HL,91.13175336084507,0.7449358541634126,8.817921946095769,0.4655038412227722,14.120307956306604,18.47926551470424,0.9189247210153337,0.9099005288192308,3.4887218428821654,36.8887176070782,12.980757692796013,23.640892023614413,0.6249375334329398,0.42453541080708734,8.481903324379642,0.24814187140680805,11.44139502682916,1.2420939489883491,1.6237548530713808,0.6346627400953496,3.675146218316225,24.23921224490903,2886.626426698896
P000195_LH,P000195,LH,73.27950651044719,0.5587193596361253,5.3832654889183384,0.6283614543152832,30.179165549664013,8.62595571611495,2.6903475303243294,3.0255030418326476,2.6267600300085854,24.658166482139947,75.65503004726723,30.385374686396407,0.5645519428891225,0.05447654689956356,12.870899703616434,0.2723895990087969,9.783856261857869,0.9762685439396201,2.033450096921427,0.5821026135112737,21.225566730317063,18.520283821520856,3382.7469845956934
P000195_HL,P000195,HL,73.27950651044719,0.5587193596361253,5.3832654889183384,0.6283614543152832,30.179165549664013,8.62595571611495,2.6903475303243294,3.0255030418326476,2.6267600300085854,24.658166482139947,75.65503004726723,30.385374686396407,0.5645519428891225,0.05447654689956356,12.870899703616434,0.2723895990087969,9.783856261857869,0.9762685439396201,2.033450096921427,0.5821026135112737,21.225566730317063,18.520283821520856,3382.7469845956934
P000196_LH,P000196,LH,77.89528566801147,0.5213309032931932,9.24026447505251,0.5553884110980889,17.918668914281305,4.59129197326598,2.1373768564650852,3.3269152806747857,2.9313844658347614,63.89920544939436,151.9117443340989,39.1620992577068,0.863524255130146,0.6224071051698846,8.694412102061642,0.2064095121608563,12.921962341351081,1.283342601571802,1.8009178215912252,0.5201922654106463,2.3135088474348127,5.603551166428875,2551.730286735642
P000196_HL,P000196,HL,77.89528566801147,0.5213309032931932,9.24026447505251,0.5553884110980889,17.918668914281305,4.59129197326598,2.1373768564650852,3.3269152806747857,2.9313844658347614,63.89920544939436,151.9117443340989,39.1620992577068,0.863524255130146,0.6224071051698846,8.694412102061642,0.2064095121608563,12.921962341351081,1.283342601571802,1.8009178215912252,0.5201922654106463,2.3135088474348127,5.603551166428875,2551.730286735642
P000197_LH,P000197,LH,47.75476433355247,0.6719120471090181,8.904975372132313,0.730585433020662,9.39628563143911,16.939031557119186,0.7418550513354127,3.459995866012417,2.6942411621604196,43.33797476667503,22.443738130791495,29.40974944363387,0.5619907583764192,0.22269762431003273,8.704421118799514,0.2622498254465353,10.922971260849108,1.6072666469586,2.185373153211896,0.4440794297688828,11.58926380478409,2.112077908909738,3853.84349493688
P000197_HL,P000197,HL,47.75476433355247,0.6719120471090181,8.904975372132313,0.730585433020662,9.39628563143911,16.939031557119186,0.7418550513354127,3.459995866012417,2.6942411621604196,43.33797476667503,22.443738130791495,29.40974944363387,0.5619907583764192,0.22269762431003273,8.704421118799514,0.2622498254465353,10.922971260849108,1.6072666469586,2.185373153211896,0.4440794297688828,11.58926380478409,2.112077908909738,3853.84349493688
P000198_LH,P000198,LH,69.71696907784647,0.64069099130417,5.325306564535417,0.38638962799218884,26.946259371386603,32.93826876615996,1.9566277856767453,2.698178877722088,0.3643701433563932,88.5351919370913,161.11213416063913,32.61759701998709,0.8413354473754784,0.4794701128144086,15.675287497249098,0.2670763015406537,12.08514670185166,1.137821867285389,1.857883172212846,0.793628097314971,2.316479973226317,2.508028254808189,2031.283777889274
P000198_HL,P000198,HL,69.71696907784647,0.64069099130417,5.325306564535417,0.38638962799218884,26.946259371386603,32.93826876615996,1.9566277856767453,2.698178877722088,0.3643701433563932,88.5351919370913,161.11213416063913,32.61759701998709,0.8413354473754784,0.4794701128144086,15.675287497249098,0.2670763015406537,12.08514670185166,1.137821867285389,1.857883172212846,0.793628097314971,2.316479973226317,2.508028254808189,2031.283777889274
P000199_LH,P000199,LH,88.19033792245692,0.5412297715791119,4.330600311083557,0.3594864684722257,32.49916556672334,11.15625915214968,1.430312684046419,2.056467754756934,0.34793094970007943,29.335407704349276,80.234826611526,38.44668869683218,0.9279942740108714,0.06298495700765266,10.112467106059636,0.2559245639849101,8.46961916631901,1.5316744787312266,2.208330892869811,0.48911372405990283,3.0023766146013737,2.415634699501437,3269.6458667066718
P000199_HL,P000199,HL,88.19033792245692,0.5412297715791119,4.330600311083557,0.3594864684722257,32.49916556672334,11.15625915214968,1.430312684046419,2.056467754756934,0.34793094970007943,29.335407704349276,80.234826611526,38.44668869683218,0.9279942740108714,0.06298495700765266,10.112467106059636,0.2559245639849101,8.46961916631901,1.5316744787312266,2.208330892869811,0.48911372405990283,3.0023766146013737,2.415634699501437,3269.6458667066718
P000200_LH,P000200,LH,67.28502553502987,0.38924172230725995,9.400641165780822,0.5987374790244591,12.540892755762783,4.2426997917476665,2.9089001212369485,3.1366719007714208,3.6925553346900952,47.8571671997403,59.80754836749719,21.369392346519156,0.6772220047760609,0.367732633360316,10.716620637921153,0.20741745104942405,9.873663693219402,0.854344932663571,1.9226460458166772,0.5659227740043844,8.081566516729866,14.975228907379948,3769.054548066932
P000200_HL,P000200,HL,67.28502553502987,0.38924172230725995,9.400641165780822,0.5987374790244591,12.540892755762783,4.2426997917476665,2.9089001212369485,3.1366719007714208,3.6925553346900952,47.8571671997403,59.80754836749719,21.369392346519156,0.6772220047760609,0.367732633360316,10.716620637921153,0.20741745104942405,9.873663693219402,0.854344932663571,1.9226460458166772,0.5659227740043844,8.081566516729866,14.975228907379948,3769.054548066932
P000201_LH,P000201,LH,66.52212934295153,0.407913170872926,5.297592405224303,0.7584086802501346,12.475200109077822,17.93061726535313,2.199160294869472,2.131489331453064,2.0911484178920476,51.940436921777234,87.32530959926294,32.14155979398682,0.6084251925797349,0.3204635961796907,11.573020224746747,0.26556965216551126,8.418417370343235,0.7091044639931798,1.9382873335725623,0.3506819971451142,16.825271926486465,16.676375397536102,2913.352105740414
P000201_HL,P000201,HL,66.52212934295153,0.407913170872926,5.297592405224303,0.7584086802501346,12.475200109077822,17.93061726535313,2.199160294869472,2.131489331453064,2.0911484178920476,51.940436921777234,87.32530959926294,32.14155979398682,0.6084251925797349,0.3204635961796907,11.573020224746747,0.26556965216551126,8.418417370343235,0.7091044639931798,1.9382873335725623,0.3506819971451142,16.825271926486465,16.676375397536102,2913.352105740414
P000202_LH,P000202,LH,83.49355920032724,0.6273072081536326,7.424308751089372,0.7931455269424272,28.451021975996206,24.977586158612105,2.0412976027426746,2.1528419609362626,0.7010288176116068,41.90195403235702,21.528596719091638,33.86610929455479,0.8641859887125392,0.06608047334166772,11.073028381575945,0.26851559435736283,13.187398151479705,0.8357432065630572,2.086746014036018,0.6621671763903122,4.9976998069338014,8.182484896528376,1410.8977441045322
P000202_HL,P000202,HL,83.49355920032724,0.6273072081536326,7.424308751089372,0.7931455269424272,28.451021975996206,24.977586158612105,2.0412976027426746,2.1528419609362626,0.7010288176116068,41.90195403235702,21.528596719091638,33.86610929455479,0.8641859887125392,0.06608047334166772,11.073028381575945,0.26851559435736283,13.187398151479705,0.8357432065630572,2.086746014036018,0.6621671763903122,4.9976998069338014,8.182484896528376,1410.8977441045322
P000203_LH,P000203,LH,47.022322253656355,0.60602683842391,5.110120257138442,0.563496881415626,8.285272715493331,23.511194717916673,0.7533359556408906,2.62903772032873,2.1252191718516835,44.44714686671166,53.898763625550295,28.86317938860616,0.6320545206366344,0.5912408697954146,11.779072261266702,0.24746605435282892,9.333511785099494,0.9820083136146255,2.448793767056922,0.4467811794786349,20.933320354076443,6.446612796833278,2402.6620408712797
P000203_HL,P000203,HL,47.022322253656355,0.60602683842391,5.110120257138442,0.563496881415626,8.285272715493331,23.511194717916673,0.7533359556408906,2.62903772032873,2.1252191718516835,44.44714686671166,53.898763625550295,28.86317938860616,0.6320545206366344,0.5912408697954146,11.779072261266702,0.24746605435282892,9.333511785099494,0.9820083136146255,2.448793767056922,0.4467811794786349,20.933320354076443,6.446612796833278,2402.6620408712797
P000204_LH,P000204,LH,60.189891761849175,0.4041249912761271,8.360067687685405,0.5779447237295784,19.818789292282837,32.44362883473511,1.8837316837901827,2.695301329357121,0.2844151025942508,64.04634112549411,29.307663139800724,30.998523937212006,0.645126846521075,0.07105524441678847,16.690642570562694,0.26724432958048455,8.911895023237138,0.803335713167079,2.5519843830344118,0.6159484986650099,2.672364792920223,3.79330661105379,2698.732947990504
P000204_HL,P000204,HL,60.189891761849175,0.4041249912761271,8.360067687685405,0.5779447237295784,19.818789292282837,32.44362883473511,1.8837316837901827,2.695301329357121,0.2844151025942508,64.04634112549411,29.307663139800724,30.998523937212006,0.645126846521075,0.07105524441678847,16.690642570562694,0.26724432958048455,8.911895023237138,0.803335713167079,2.5519843830344118,0.6159484986650099,2.672364792920223,3.79330661105379,2698.732947990504
P000205_LH,P000205,LH,89.92584264344424,0.3570026138066322,7.558963505125557,0.3510361770646981,28.9483804680896,33.93218835554858,2.604532232558493,2.3322804202121845,3.2441863860242894,64.8090237606842,63.49976648170126,33.59318685960241,0.7175900908533798,0.289268137982261,14.871601705085265,0.2263165458113595,8.776079787436162,1.4729333840386143,2.299655281214657,0.5530344523178994,15.258758475102944,2.6229113388988337,3080.9972559127323
P000205_HL,P000205,HL,89.92584264344424,0.3570026138066322,7.558963505125557,0.3510361770646981,28.9483804680896,33.93218835554858,2.604532232558493,2.3322804202121845,3.2441863860242894,64.8090237606842,63.49976648170126,33.59318685960241,0.7175900908533798,0.289268137982261,14.871601705085265,0.2263165458113595,8.776079787436162,1.4729333840386143,2.299655281214657,0.5530344523178994,15.258758475102944,2.6229113388988337,3080.9972559127323
P000206_LH,P000206,LH,63.57551913291774,0.5976299894056879,6.416389265685196,0.6090171775078059,25.694502465518003,5.997580937143774,2.1220085422653545,2.5913459108622856,1.0221471135109144,33.99432114424579,52.485004346031786,39.12510159852312,0.6261008810539042,0.2680979751291262,13.360288296059558,0.18502629606969856,10.179172459130836,1.0534434581140164,1.745024741329428,0.7093570668364424,13.446224485163711,7.179671347487225,2933.4727763948817
P000206_HL,P000206,HL,63.57551913291774,0.5976299894056879,6.416389265685196,0.6090171775078059,25.694502465518003,5.997580937143774,2.1220085422653545,2.5913459108622856,1.0221471135109144,33.99432114424579,52.485004346031786,39.12510159852312,0.6261008810539042,0.2680979751291262,13.360288296059558,0.18502629606969856,10.179172459130836,1.0534434581140164,1.745024741329428,0.7093570668364424,13.446224485163711,7.179671347487225,2933.4727763948817
P000207_LH,P000207,LH,79.68487883322965,0.3640160822220417,8.825812558706808,0.4595052520988133,30.368243459014877,18.804402302119843,1.2473027491734197,3.701270459845822,1.3782433171034854,85.91201128068896,45.954095026589115,28.656593880934327,0.7843773029219424,0.09074925085879262,14.052322632440331,0.18773661576645162,13.589329717459785,0.9471933590085577,2.115835693356883,0.39894528355326486,6.743503041025547,4.434791324019535,3970.7049823287803
P000207_HL,P000207,HL,79.68487883322965,0.3640160822220417,8.825812558706808,0.4595052520988133,30.368243459014877,18.804402302119843,1.2473027491734197,3.701270459845822,1.3782433171034854,85.91201128068896,45.954095026589115,28.656593880934327,0.7843773029219424,0.09074925085879262,14.052322632440331,0.18773661576645162,13.589329717459785,0.9471933590085577,2.115835693356883,0.39894528355326486,6.743503041025547,4.434791324019535,3970.7049823287803
P000208_LH,P000208,LH,51.38094677016362,0.6525306486818423,5.59321210651188,0.6819001294324774,32.91493677689932,7.942248788514777,2.857814910584688,3.9057352951924322,1.8526637411217264,63.51039149160028,9.402655954420641,37.336226221883166,0.6382560955151113,0.5595479252260859,15.186341920042919,0.19384164941650514,12.275321656814372,1.018544370084732,2.022645267220744,0.6715191793923295,4.403148953809201,3.741118700894032,1802.6872568572733
P000208_HL,P000208,HL,51.38094677016362,0.6525306486818423,5.59321210651188,0.6819001294324774,32.91493677689932,7.942248788514777,2.857814910584688,3.9057352951924322,1.8526637411217264,63.51039149160028,9.402655954420641,37.336226221883166,0.6382560955151113,0.5595479252260859,15.186341920042919,0.19384164941650514,12.275321656814372,1.018544370084732,2.022645267220744,0.6715191793923295,4.403148953809201,3.741118700894032,1802.6872568572733
P000209_LH,P000209,LH,60.60164254605792,0.5858997393952355,3.6205962714950095,0.38137040212247153,11.042442057359915,35.770809660818436,2.373224964830632,3.2714220346851675,1.7445865492149901,42.83490695249198,24.211740635870065,19.50323151039467,0.7215321885877148,0.40076025707454405,10.874665182608847,0.2785753300320971,12.672398645265165,1.4433341011607514,2.2149092861439237,0.4502993616574341,9.211903540847326,11.172053358058518,2056.552443573487
P000209_HL,P000209,HL,60.60164254605792,0.5858997393952355,3.6205962714950095,0.38137040212247153,11.042442057359915,35.770809660818436,2.373224964830632,3.2714220346851675,1.7445865492149901,42.83490695249198,24.211740635870065,19.50323151039467,0.7215321885877148,0.40076025707454405,10.874665182608847,0.2785753300320971,12.672398645265165,1.4433341011607514,2.2149092861439237,0.4502993616574341,9.211903540847326,11.172053358058518,2056.552443573487
P000210_LH,P000210,LH,90.20415296105566,0.715645450403444,7.572965581550437,0.6304474185156193,27.609912878358674,26.380132306639716,0.8936470485283728,3.8082874938805777,1.4112290841596855,91.2291653177604,176.31041252176698,25.363863189709352,0.8944940079822759,0.6553012261311452,8.09311187903321,0.21076519610960848,13.758458162115334,1.3507140446154442,1.7079637922036426,0.748670460863813,12.351078496917657,10.76891693749973,3882.5612752339375
P000210_HL,P000210,HL,90.20415296105566,0.715645450403444,7.572965581550437,0.6304474185156193,27.609912878358674,26.380132306639716,0.8936470485283728,3.8082874938805777,1.4112290841596855,91.2291653177604,176.31041252176698,25.363863189709352,0.8944940079822759,0.6553012261311452,8.09311187903321,0.21076519610960848,13.758458162115334,1.3507140446154442,1.7079637922036426,0.748670460863813,12.351078496917657,10.76891693749973,3882.5612752339375
P000211_LH,P000211,LH,61.58806219000691,0.43771741290213617,8.718945378030945,0.6996129284203594,19.534546999528985,34.87000810319057,1.8220666765139233,1.2122891188186027,0.6603563203546527,85.41709740578025,25.513726774378565,26.375203941073877,0.5838401264356063,0.5690999355836697,9.12769126993155,0.22754062936493114,10.676613002875929,1.0122127903844271,1.8126418328210965,0.5630753085140832,6.683770276955726,9.595997124333381,2162.6345868972403
P000211_HL,P000211,HL,61.58806219000691,0.43771741290213617,8.718945378030945,0.6996129284203594,19.534546999528985,34.87000810319057,1.8220666765139233,1.2122891188186027,0.6603563203546527,85.41709740578025,25.513726774378565,26.375203941073877,0.5838401264356063,0.5690999355836697,9.12769126993155,0.22754062936493114,10.676613002875929,1.0122127903844271,1.8126418328210965,0.5630753085140832,6.683770276955726,9.595997124333381,2162.6345868972403
P000212_LH,P000212,LH,82.80258409084286,0.6875569861957174,4.277643360241918,0.4877811662389941,14.853439178168003,2.045021175226106,0.4187058361522651,0.3560756562466002,3.06262860288856,73.56981824903646,168.57577861764955,31.47463865558062,0.9295895550413212,0.5663449585824407,8.262157715525575,0.21038750207158524,8.182714201821044,1.0612623195417015,2.517794050663982,0.5677790774531841,19.9865992023401,9.232840785170623,2588.2108083354765
P000212_HL,P000212,HL,82.80258409084286,0.6875569861957174,4.277643360241918,0.4877811662389941,14.853439178168003,2.045021175226106,0.4187058361522651,0.3560756562466002,3.06262860288856,73.56981824903646,168.57577861764955,31.47463865558062,0.9295895550413212,0.5663449585824407,8.262157715525575,0.21038750207158524,8.182714201821044,1.0612623195417015,2.517794050663982,0.5677790774531841,19.9865992023401,9.232840785170623,2588.2108083354765
P000213_LH,P000213,LH,85.31016783226244,0.6152240571486205,3.424394800811105,0.7790988856359298,20.74185083688703,10.652662757992427,1.6230515908643273,3.295034634394621,3.5142846092741027,57.07448731632743,139.4566288783147,36.646900588351215,0.5587609143219604,0.03144964048134728,13.635340737599527,0.22940592357605272,11.514479268142544,1.0379915894440572,1.6940406532188332,0.6719664867820133,10.648661745229067,12.752146858729732,1681.3169174146954
P000213_HL,P000213,HL,85.31016783226244,0.6152240571486205,3.424394800811105,0.7790988856359298,20.74185083688703,10.652662757992427,1.6230515908643273,3.295034634394621,3.5142846092741027,57.07448731632743,139.4566288783147,36.646900588351215,0.5587609143219604,0.03144964048134728,13.635340737599527,0.22940592357605272,11.514479268142544,1.0379915894440572,1.6940406532188332,0.6719664867820133,10.648661745229067,12.752146858729732,1681.3169174146954
P000214_LH,P000214,LH,77.32589783449424,0.6957963167630421,7.914220839153555,0.7200653833690125,33.3744346022424,25.885806373562463,2.505437149086606,3.0826549879622855,1.0508370048484457,54.566462736914616,39.8546645213935,23.824027247635158,0.7590015105236406,0.5773777867963605,9.34728922789898,0.23806021112115158,12.5593558146353,0.7355051718827387,2.2487958860178194,0.4943022256160631,3.2618904145249297,28.159923763269667,2712.36702557384
P000214_HL,P000214,HL,77.32589783449424,0.6957963167630421,7.914220839153555,0.7200653833690125,33.3744346022424,25.885806373562463,2.505437149086606,3.0826549879622855,1.0508370048484457,54.566462736914616,39.8546645213935,23.824027247635158,0.7590015105236406,0.5773777867963605,9.34728922789898,0.23806021112115158,12.5593558146353,0.7355051718827387,2.2487958860178194,0.4943022256160631,3.2618904145249297,28.159923763269667,2712.36702557384
P000215_LH,P000215,LH,91.8206389829052,0.5502190981874818,6.456212579599107,0.3730357514301395,12.040857140300687,24.723171375048842,0.6784757619543667,3.169421014093186,3.3840026518647055,77.50125464732432,72.32329732207637,29.496425237350323,0.6288768536415972,0.6284146668551922,10.62425694306192,0.23723894351814867,8.18769863904376,1.1724162933336615,1.6650375892384943,0.5185821922877856,8.290139074663353,4.920651344918047,3488.9333782948793
P000215_HL,P000215,HL,91.8206389829052,0.5502190981874818,6.456212579599107,0.3730357514301395,12.040857140300687,24.723171375048842,0.6784757619543667,3.169421014093186,3.3840026518647055,77.50125464732432,72.32329732207637,29.496425237350323,0.6288768536415972,0.6284146668551922,10.62425694306192,0.23723894351814867,8.18769863904376,1.1724162933336615,1.6650375892384943,0.5185821922877856,8.290139074663353,4.920651344918047,3488.9333782948793
P000216_LH,P000216,LH,62.51918828315516,0.6198117305081066,8.093631586021946,0.7725965700744333,8.937632064811899,19.79305398020295,2.948900451159592,2.7672116330371668,0.947199241630335,46.20168190581081,105.8364410005876,36.87453838021892,0.8671829174007047,0.5623084958764291,9.29551680755993,0.21574074896801673,8.508869584745593,0.7679113734505498,2.469766937534931,0.6227116703131454,30.19926462847731,8.713302873738892,2244.7018815472757
P000216_HL,P000216,HL,62.51918828315516,0.6198117305081066,8.093631586021946,0.7725965700744333,8.937632064811899,19.79305398020295,2.948900451159592,2.7672116330371668,0.947199241630335,46.20168190581081,105.8364410005876,36.87453838021892,0.8671829174007047,0.5623084958764291,9.29551680755993,0.21574074896801673,8.508869584745593,0.7679113734505498,2.469766937534931,0.6227116703131454,30.19926462847731,8.713302873738892,2244.7018815472757
P000217_LH,P000217,LH,64.95976680077817,0.38231597765500136,7.037069606656981,0.6039224173612301,14.205834223944557,9.918113120183934,0.7113392029403949,3.5216092773415584,2.7385761079946045,70.08035524036677,161.79193292582949,18.36784705488356,0.654597709003281,0.3631269845321089,9.44822254810773,0.24521301380779253,8.300753242817326,1.373163679166813,2.1459735790413506,0.5625825472095459,13.217056512423646,4.128449912239113,1839.8719260292278
P000217_HL,P000217,HL,64.95976680077817,0.38231597765500136,7.037069606656981,0.6039224173612301,14.205834223944557,9.918113120183934,0.7113392029403949,3.5216092773415584,2.7385761079946045,70.08035524036677,161.79193292582949,18.36784705488356,0.654597709003281,0.3631269845321089,9.44822254810773,0.24521301380779253,8.300753242817326,1.373163679166813,2.1459735790413506,0.5625825472095459,13.217056512423646,4.128449912239113,1839.8719260292278
P000218_LH,P000218,LH,94.80923376682185,0.35347286878567896,4.81533871295052,0.5815649690528826,29.790603207421846,25.59323847259817,1.7882541312306248,1.727179463973319,3.9403849830754614,86.44390418468777,114.18349033509696,30.50931088797171,0.7230574424564513,0.5162836661343099,11.939672299437563,0.2447783748394478,10.024019127111366,1.501178238554758,2.327776557571831,0.5934106055547581,7.930558285640998,35.12893185277849,1564.143945681352
P000218_HL,P000218,HL,94.80923376682185,0.35347286878567896,4.81533871295052,0.5815649690528826,29.790603207421846,25.59323847259817,1.7882541312306248,1.727179463973319,3.9403849830754614,86.44390418468777,114.18349033509696,30.50931088797171,0.7230574424564513,0.5162836661343099,11.939672299437563,0.2447783748394478,10.024019127111366,1.501178238554758,2.327776557571831,0.5934106055547581,7.930558285640998,35.12893185277849,1564.143945681352
P000219_LH,P000219,LH,64.0125522222012,0.6472690924307105,8.563121004214654,0.5262654965301924,20.434662613853206,9.23687914816382,1.208397360614959,0.5019585485613474,0.2565437084283417,70.41754342866173,125.41704631022111,23.20387523122279,0.8075470525831123,0.18473612863585048,11.342068432411939,0.20375121154435755,12.421934237011222,1.2444157938836446,1.724678313440228,0.652400434028199,7.441917267619238,20.20970284830158,2610.5245508969947
P000219_HL,P000219,HL,64.0125522222012,0.6472690924307105,8.563121004214654,0.5262654965301924,20.434662613853206,9.23687914816382,1.208397360614959,0.5019585485613474,0.2565437084283417,70.41754342866173,125.41704631022111,23.20387523122279,0.8075470525831123,0.18473612863585048,11.342068432411939,0.20375121154435755,12.421934237011222,1.2444157938836446,1.724678313440228,0.652400434028199,7.441917267619238,20.20970284830158,2610.5245508969947
P000220_LH,P000220,LH,71.18445938560832,0.7095158424886742,6.2793156283477725,0.531325072874941,27.482927036700577,8.231073543307891,0.26975519844394347,3.817888431865464,3.009498824433167,34.6481219272753,135.8867063487301,35.81319659039983,0.6400659651458953,0.2825306400282148,15.803490909574357,0.19825782622101193,10.142355207259937,1.5507696027278384,1.7161958152803896,0.629952129632944,21.054359625283404,5.36415100635482,3517.5419899028466
P000220_HL,P000220,HL,71.18445938560832,0.7095158424886742,6.2793156283477725,0.531325072874941,27.482927036700577,8.231073543307891,0.26975519844394347,3.817888431865464,3.009498824433167,34.6481219272753,135.8867063487301,35.81319659039983,0.6400659651458953,0.2825306400282148,15.803490909574357,0.19825782622101193,10.142355207259937,1.5507696027278384,1.7161958152803896,0.629952129632944,21.054359625283404,5.36415100635482,3517.5419899028466
P000221_LH,P000221,LH,47.62000985497728,0.568032546113356,3.7352141933790666,0.5404503935780782,8.616608997128452,26.146185762493104,1.930807313983141,2.5574009104117845,0.8234115776061669,80.14050697434735,50.497410921113406,24.516457552873092,0.6716399424779462,0.15186040778568366,16.942784107238765,0.18050445791632674,9.661317283541493,0.9521976722178499,2.275548661832553,0.643461435368584,10.173951194647385,10.520701942807861,3204.3247997951253
P000221_HL,P000221,HL,47.62000985497728,0.568032546113356,3.7352141933790666,0.5404503935780782,8.616608997128452,26.146185762493104,1.930807313983141,2.5574009104117845,0.8234115776061669,80.14050697434735,50.497410921113406,24.516457552873092,0.6716399424779462,0.15186040778568366,16.942784107238765,0.18050445791632674,9.661317283541493,0.9521976722178499,2.275548661832553,0.643461435368584,10.173951194647385,10.520701942807861,3204.3247997951253
P000222_LH,P000222,LH,47.31451259518025,0.5635586257562594,7.284445198696032,0.3635788322128575,32.037058124768656,4.368837004657234,2.738114635834429,2.8106249951185776,1.4309593814692545,57.60613389878534,49.89876833221398,36.5223831028065,0.9416941804983712,0.6389146509805,10.985217458581683,0.2175492488772042,8.127353524728761,0.8216705482640789,2.4631720426847266,0.6571599342580785,3.426516774557866,2.3081928693606772,3708.0269221571384
P000222_HL,P000222,HL,47.31451259518025,0.5635586257562594,7.284445198696032,0.3635788322128575,32.037058124768656,4.368837004657234,2.738114635834429,2.8106249951185776,1.4309593814692545,57.60613389878534,49.89876833221398,36.5223831028065,0.9416941804983712,0.6389146509805,10.985217458581683,0.2175492488772042,8.127353524728761,0.8216705482640789,2.4631720426847266,0.6571599342580785,3.426516774557866,2.3081928693606772,3708.0269221571384
P000223_LH,P000223,LH,82.16413715767894,0.6000162633723217,5.1501507178139185,0.7432091296993112,24.399821232385825,11.921341588082456,2.637392474123509,3.0438132237524624,3.022414541594291,43.564033670808314,101.46126400129921,27.324640613041865,0.8083622476792738,0.039379745774332266,12.999103694632586,0.27716431487171567,12.044511430705654,1.3970386004093256,2.3833567084136726,0.39705623619680097,10.594928320278283,11.441047496099861,3862.3437031957437
P000223_HL,P000223,HL,82.16413715767894,0.6000162633723217,5.1501507178139185,0.7432091296993112,24.399821232385825,11.921341588082456,2.637392474123509,3.0438132237524624,3.022414541594291,43.564033670808314,101.46126400129921,27.324640613041865,0.8083622476792738,0.039379745774332266,12.999103694632586,0.27716431487171567,12.044511430705654,1.3970386004093256,2.3833567084136726,0.39705623619680097,10.594928320278283,11.441047496099861,3862.3437031957437
P000224_LH,P000224,LH,57.32297940360444,0.5860221955188911,3.2225533009365943,0.5881414144027395,25.783223644388737,32.257151065718425,2.8206444239341595,1.49622176982297,1.5820370119787772,37.42066131530163,49.53096251141297,38.66893632938948,0.8047901136697793,0.42190184227125643,11.282763480284288,0.22835704632704246,12.616715015901242,1.6291339686650486,1.9836959017743712,0.7252654401192228,18.23794675693699,9.587237329712398,2350.94891032117
P000224_HL,P000224,HL,57.32297940360444,0.5860221955188911,3.2225533009365943,0.5881414144027395,25.783223644388737,32.257151065718425,2.8206444239341595,1.49622176982297,1.5820370119787772,37.42066131530163,49.53096251141297,38.66893632938948,0.8047901136697793,0.42190184227125643,11.282763480284288,0.22835704632704246,12.616715015901242,1.6291339686650486,1.9836959017743712,0.7252654401192228,18.23794675693699,9.587237329712398,2350.94891032117
P000225_LH,P000225,LH,94.01519936665366,0.7127218870741053,5.514515951211376,0.7686949378035678,14.324056932953773,18.174844362850447,0.796045645891613,2.9169064900262374,3.862379207561574,47.292305322557795,73.8859664387061,37.269279357170234,0.838462304645839,0.29564676371557636,13.732237128162588,0.2247957946318354,8.946483124897295,0.7206769761337555,2.3777177106130982,0.41923614195985304,13.014384409740005,3.2127028813702943,1384.6878960331571
P000225_HL,P000225,HL,94.01519936665366,0.7127218870741053,5.514515951211376,0.7686949378035678,14.324056932953773,18.174844362850447,0.796045645891613,2.9169064900262374,3.862379207561574,47.292305322557795,73.8859664387061,37.269279357170234,0.838462304645839,0.29564676371557636,13.732237128162588,0.2247957946318354,8.946483124897295,0.7206769761337555,2.3777177106130982,0.41923614195985304,13.014384409740005,3.2127028813702943,1384.6878960331571
P000226_LH,P000226,LH,50.21209484127728,0.43297614279615104,4.924497967527777,0.47453781105875725,26.331050654725363,11.667453816423823,1.7554357450566984,0.8270458634668919,2.354497281817314,43.84654186294003,132.77648306287614,29.330697542724128,0.7304088649594633,0.5864322862489978,17.03468544035352,0.24391354755231012,12.73190114753943,1.4001518300620044,2.114191836502122,0.456335777767846,2.595544277864317,27.208621916529644,1210.6856251275892
P000226_HL,P000226,HL,50.21209484127728,0.43297614279615104,4.924497967527777,0.47453781105875725,26.331050654725363,11.667453816423823,1.7554357450566984,0.8270458634668919,2.354497281817314,43.84654186294003,132.77648306287614,29.330697542724128,0.7304088649594633,0.5864322862489978,17.03468544035352,0.24391354755231012,12.73190114753943,1.4001518300620044,2.114191836502122,0.456335777767846,2.595544277864317,27.208621916529644,1210.6856251275892
P000227_LH,P000227,LH,75.82430228930815,0.44239132199328773,9.449930250520381,0.42232984471271956,23.688714327402568,13.076036182895693,1.9637471437152807,3.666453008784481,0.9123120084299177,88.71753957429493,177.18425369783233,21.716467704861383,0.9336937987646001,0.6472564307259518,17.121017929780255,0.2099670256531327,11.565300701971317,1.6459904615012646,2.2042572760669326,0.6871415749328411,32.5483573328729,13.123891201224367,3358.09649992533
P000227_HL,P000227,HL,75.82430228930815,0.44239132199328773,9.449930250520381,0.42232984471271956,23.688714327402568,13.076036182895693,1.9637471437152807,3.666453008784481,0.9123120084299177,88.71753957429493,177.18425369783233,21.716467704861383,0.9336937987646001,0.6472564307259518,17.121017929780255,0.2099670256531327,11.565300701971317,1.6459904615012646,2.2042572760669326,0.6871415749328411,32.5483573328729,13.123891201224367,3358.09649992533
P000228_LH,P000228,LH,67.96766258302942,0.3658020323780545,4.701215650334748,0.7153608285845953,21.550301484267543,35.719240603489354,1.4825037943308428,1.7713110840655224,2.713326424665192,52.88802743796132,127.4943496017405,29.718854320770212,0.7260953313206648,0.5564672536305955,8.915431219617004,0.21371959819843356,13.07698810575264,0.9391212247666652,1.7597455963152961,0.4385013597843506,12.114629623592537,27.916863134108638,3685.7602708440268
P000228_HL,P000228,HL,67.96766258302942,0.3658020323780545,4.701215650334748,0.7153608285845953,21.550301484267543,35.719240603489354,1.4825037943308428,1.7713110840655224,2.713326424665192,52.88802743796132,127.4943496017405,29.718854320770212,0.7260953313206648,0.5564672536305955,8.915431219617004,0.21371959819843356,13.07698810575264,0.9391212247666652,1.7597455963152961,0.4385013597843506,12.114629623592537,27.916863134108638,3685.7602708440268
P000229_LH,P000229,LH,59.042853959270346,0.6092412471735382,9.914325018440183,0.6421145213809627,24.84724748619515,22.971111826601994,1.250063304854757,0.8009543444709429,2.6100696374939916,48.123061817080455,110.4416818434519,38.16033635368608,0.9039588472252016,0.5764424985115175,15.476289669033848,0.2452362177899881,12.32551489740306,1.51386605649305,1.756138130414386,0.6642318872428183,14.080767456157158,3.152372891567534,2686.7139800165723
P000229_HL,P000229,HL,59.042853959270346,0.6092412471735382,9.914325018440183,0.6421145213809627,24.84724748619515,22.971111826601994,1.250063304854757,0.8009543444709429,2.6100696374939916,48.123061817080455,110.4416818434519,38.16033635368608,0.9039588472252016,0.5764424985115175,15.476289669033848,0.2452362177899881,12.32551489740306,1.51386605649305,1.756138130414386,0.6642318872428183,14.080767456157158,3.152372891567534,2686.7139800165723
P000230_LH,P000230,LH,53.71205492844048,0.5541150628545662,4.085436575082077,0.5011464315441276,16.165875257862172,9.518799642510924,1.6491694098287022,3.9690369338037716,2.0620889882483615,49.1553082760736,131.2801503307912,39.70487745070348,0.6303816047463822,0.027017859153494604,9.085339013770115,0.23617555006872068,8.558124814898513,0.9553488642969241,2.358195609561288,0.37507329612995205,4.548359886352816,3.6403619298635155,2222.273945996307
P000230_HL,P000230,HL,53.71205492844048,0.5541150628545662,4.085436575082077,0.5011464315441276,16.165875257862172,9.518799642510924,1.6491694098287022,3.9690369338037716,2.0620889882483615,49.1553082760736,131.2801503307912,39.70487745070348,0.6303816047463822,0.027017859153494604,9.085339013770115,0.23617555006872068,8.558124814898513,0.9553488642969241,2.358195609561288,0.37507329612995205,4.548359886352816,3.6403619298635155,2222.273945996307
P000231_LH,P000231,LH,59.43370273783757,0.7178544102052542,9.707325736222352,0.7341094101954267,19.79833882450704,2.8968743600501234,1.3962831404237648,0.6831674916964612,1.2888254760144915,35.29087879552014,62.511742082963046,33.02833350651919,0.9067019250043078,0.37229431359720355,13.66646815067843,0.23534546425571412,12.783033207446977,1.280397507953742,2.5184769500468285,0.6993932137262131,5.231512561947163,3.9133998336870137,3018.423444313614
P000231_HL,P000231,HL,59.43370273783757,0.7178544102052542,9.707325736222352,0.7341094101954267,19.79833882450704,2.8968743600501234,1.3962831404237648,0.6831674916964612,1.2888254760144915,35.29087879552014,62.511742082963046,33.02833350651919,0.9067019250043078,0.37229431359720355,13.66646815067843,0.23534546425571412,12.783033207446977,1.280397507953742,2.5184769500468285,0.6993932137262131,5.231512561947163,3.9133998336870137,3018.423444313614
P000232_LH,P000232,LH,74.66851117443136,0.39158688448580903,9.961783668715075,0.47137065299884473,29.740193232752354,13.812375981280917,2.5892532709164766,2.4133106852144928,2.5372431536640683,42.907466106832274,52.218429257256666,38.06008440568118,0.9181541133867807,0.6437611491442343,9.975877238099736,0.2390842835925136,10.429352312059915,1.134843205971447,1.6854951389557096,0.6885079146038229,4.576409333888059,22.544656552525822,2637.0585826587753
P000232_HL,P000232,HL,74.66851117443136,0.39158688448580903,9.961783668715075,0.47137065299884473,29.740193232752354,13.812375981280917,2.5892532709164766,2.4133106852144928,2.5372431536640683,42.907466106832274,52.218429257256666,38.06008440568118,0.9181541133867807,0.6437611491442343,9.975877238099736,0.2390842835925136,10.429352312059915,1.134843205971447,1.6854951389557096,0.6885079146038229,4.576409333888059,22.544656552525822,2637.0585826587753
P000233_LH,P000233,LH,50.52820881197097,0.6074992416604198,9.882806740361,0.6790936751190362,9.062725980639376,22.071410775268983,2.5543831286884746,0.34539353181295984,2.221785786400098,25.82763519584865,81.76511511210835,25.394672831057214,0.7100843144333615,0.03547940706514097,8.204091568561342,0.23096423320989365,9.058900602615738,1.6131065796717041,1.6198259453944228,0.35579835687379147,15.741749076288428,4.30917257051606,1211.1734364133004
P000233_HL,P000233,HL,50.52820881197097,0.6074992416604198,9.882806740361,0.6790936751190362,9.062725980639376,22.071410775268983,2.5543831286884746,0.34539353181295984,2.221785786400098,25.82763519584865,81.76511511210835,25.394672831057214,0.7100843144333615,0.03547940706514097,8.204091568561342,0.23096423320989365,9.058900602615738,1.6131065796717041,1.6198259453944228,0.35579835687379147,15.741749076288428,4.30917257051606,1211.1734364133004
P000234_LH,P000234,LH,49.95077147298647,0.6842276798600305,4.028668159655014,0.6187931277228595,12.967387634347386,8.787943963589042,2.1772000285004296,2.381772393292267,1.317531957147739,91.65268973012596,65.5075426814538,35.288982400955746,0.8833014821655967,0.6983657979275363,11.689518508651734,0.2737520788808483,12.963424990596035,0.9682954598110993,1.9624732690196325,0.5917777749241635,22.774286292607584,14.352030466387927,2520.7862824311005
P000234_HL,P000234,HL,49.95077147298647,0.6842276798600305,4.028668159655014,0.6187931277228595,12.967387634347386,8.787943963589042,2.1772000285004296,2.381772393292267,1.317531957147739,91.65268973012596,65.5075426814538,35.288982400955746,0.8833014821655967,0.6983657979275363,11.689518508651734,0.2737520788808483,12.963424990596035,0.9682954598110993,1.9624732690196325,0.5917777749241635,22.774286292607584,14.352030466387927,2520.7862824311005
P000235_LH,P000235,LH,66.87439366315766,0.43624899283949437,5.685221083077393,0.5029166779672839,15.714091092780695,9.324056048757472,2.1856711820761383,2.1866091726051318,1.1825492418841987,58.404870008000444,141.0156474553418,34.81115608167176,0.688818950964126,0.38019795068404383,9.051295273002596,0.18650831141153856,9.082878354041181,1.0660564736661529,2.595546319906652,0.7227685834662978,15.556333410286609,16.12885128033455,2676.0279916920845
P000235_HL,P000235,HL,66.87439366315766,0.43624899283949437,5.685221083077393,0.5029166779672839,15.714091092780695,9.324056048757472,2.1856711820761383,2.1866091726051318,1.1825492418841987,58.404870008000444,141.0156474553418,34.81115608167176,0.688818950964126,0.38019795068404383,9.051295273002596,0.18650831141153856,9.082878354041181,1.0660564736661529,2.595546319906652,0.7227685834662978,15.556333410286609,16.12885128033455,2676.0279916920845
P000236_LH,P000236,LH,83.81044626535481,0.547489148822765,8.538657745397003,0.4172882766947237,27.78427992438986,26.668108527608993,1.6255794938004917,3.303560741129699,0.6109078505168892,26.059196634527176,13.128332031374008,21.155093316547266,0.8286777329918897,0.05997656890058337,16.95619226784767,0.24985867202207995,9.40054453093416,1.3617082259256155,1.9350855200911365,0.7134932916347583,3.1011026931856973,5.423829337473577,3979.7806033311626
P000236_HL,P000236,HL,83.81044626535481,0.547489148822765,8.538657745397003,0.4172882766947237,27.78427992438986,26.668108527608993,1.6255794938004917,3.303560741129699,0.6109078505168892,26.059196634527176,13.128332031374008,21.155093316547266,0.8286777329918897,0.05997656890058337,16.95619226784767,0.24985867202207995,9.40054453093416,1.3617082259256155,1.9350855200911365,0.7134932916347583,3.1011026931856973,5.423829337473577,3979.7806033311626
P000237_LH,P000237,LH,70.2435753320184,0.3612753845574812,9.005004398702765,0.7655951654427726,31.492776838519074,28.091030928438027,2.0257125912066014,2.992808296916357,0.9873142122914469,76.94155008908123,34.66770700906308,36.26952761860859,0.8221879099993215,0.45621168958956637,12.886219804459445,0.18944035445003743,11.33534731501704,1.2638097897184777,2.221933041885421,0.5384696881714757,8.777233175831373,11.848976394523676,1481.3159062042125
P000237_HL,P000237,HL,70.2435753320184,0.3612753845574812,9.005004398702765,0.7655951654427726,31.492776838519074,28.091030928438027,2.0257125912066014,2.992808296916357,0.9873142122914469,76.94155008908123,34.66770700906308,36.26952761860859,0.8221879099993215,0.45621168958956637,12.886219804459445,0.18944035445003743,11.33534731501704,1.2638097897184777,2.221933041885421,0.5384696881714757,8.777233175831373,11.848976394523676,1481.3159062042125
P000238_LH,P000238,LH,93.07841595099939,0.6098100174873744,9.730380175430547,0.6555802663393604,28.470459853788032,8.495077649907309,1.590287714918005,0.39989460621712625,3.3441837988573613,32.87136441601771,94.48536215164884,25.987334442213783,0.8465672133282685,0.21141814945418416,10.674298251467931,0.2427361775873425,10.650992655864485,1.28752848541765,2.4761933120841664,0.590783409702292,25.019346451089692,7.963133144106181,2524.2984369988426
P000238_HL,P000238,HL,93.07841595099939,0.6098100174873744,9.730380175430547,0.6555802663393604,28.470459853788032,8.495077649907309,1.590287714918005,0.39989460621712625,3.3441837988573613,32.87136441601771,94.48536215164884,25.987334442213783,0.8465672133282685,0.21141814945418416,10.674298251467931,0.2427361775873425,10.650992655864485,1.28752848541765,2.4761933120841664,0.590783409702292,25.019346451089692,7.963133144106181,2524.2984369988426
P000239_LH,P000239,LH,70.09746238734982,0.3930094095082248,8.707533912043086,0.4429436430987759,10.919878925514189,27.987476773713013,2.236859793372583,1.6207835895374274,3.5522329056652415,46.55573838015974,103.2535512084849,29.670180684714726,0.8680627286695513,0.4198870650194031,16.862081871674256,0.26516744228512307,11.15987253917697,1.0136415868335258,1.9449714546979608,0.5032096295124976,8.63403425469164,23.074391238750202,1305.5257507787558
P000239_HL,P000239,HL,70.09746238734982,0.3930094095082248,8.707533912043086,0.4429436430987759,10.919878925514189,27.987476773713013,2.236859793372583,1.6207835895374274,3.5522329056652415,46.55573838015974,103.2535512084849,29.670180684714726,0.8680627286695513,0.4198870650194031,16.862081871674256,0.26516744228512307,11.15987253917697,1.0136415868335258,1.9449714546979608,0.5032096295124976,8.63403425469164,23.074391238750202,1305.5257507787558
P000240_LH,P000240,LH,65.32745116364416,0.5838172541486653,9.268265164490971,0.4992795671662587,13.20825918547079,4.399375663774883,2.537081438011545,2.8746118907913902,2.343638691262238,50.90613530628828,43.60652161298566,37.92959458227831,0.7815140410461275,0.09996302227216886,13.87816791488138,0.2366907432767769,11.294293448480934,1.6314974122932708,2.2412569746362356,0.4742788683306039,27.86821002883389,6.834618493895652,1439.1893285143547
P000240_HL,P000240,HL,65.32745116364416,0.5838172541486653,9.268265164490971,0.4992795671662587,13.20825918547079,4.399375663774883,2.537081438011545,2.8746118907913902,2.343638691262238,50.90613530628828,43.60652161298566,37.92959458227831,0.7815140410461275,0.09996302227216886,13.87816791488138,0.2366907432767769,11.294293448480934,1.6314974122932708,2.2412569746362356,0.4742788683306039,27.86821002883389,6.834618493895652,1439.1893285143547
P000241_LH,P000241,LH,58.514799265087575,0.7045055570846299,6.3639382400396824,0.448880344398795,8.725283866756511,18.96117538984351,1.9461052858527392,0.33553830986376676,2.8617823043337722,81.97916177345198,147.5244672605213,35.7366747730735,0.931447953142903,0.26442494148387335,12.26646431790935,0.21736371927048023,12.74047720915472,1.6859080057002056,1.8338104260642973,0.740335581575893,12.789392711225354,2.805305393247042,3173.3779069526254
P000241_HL,P000241,HL,58.514799265087575,0.7045055570846299,6.3639382400396824,0.448880344398795,8.725283866756511,18.96117538984351,1.9461052858527392,0.33553830986376676,2.8617823043337722,81.97916177345198,147.5244672605213,35.7366747730735,0.931447953142903,0.26442494148387335,12.26646431790935,0.21736371927048023,12.74047720915472,1.6859080057002056,1.8338104260642973,0.740335581575893,12.789392711225354,2.805305393247042,3173.3779069526254
P000242_LH,P000242,LH,56.68280645781165,0.49055091803761,6.9183916620238755,0.37570609244911196,11.40463142863996,15.71360306382399,2.7640267469889683,0.462197580314526,2.8792043974333783,88.17878128166912,113.39926742163982,27.058443135264795,0.6733241708623934,0.6878735008339886,12.548353582925081,0.2573582907920866,10.647266334234839,0.7259401991744614,2.153731178324808,0.3551658874965116,7.61850880687111,2.4587031402721267,1870.458909675041
P000242_HL,P000242,HL,56.68280645781165,0.49055091803761,6.9183916620238755,0.37570609244911196,11.40463142863996,15.71360306382399,2.7640267469889683,0.462197580314526,2.8792043974333783,88.17878128166912,113.39926742163982,27.058443135264795,0.6733241708623934,0.6878735008339886,12.548353582925081,0.2573582907920866,10.647266334234839,0.7259401991744614,2.153731178324808,0.3551658874965116,7.61850880687111,2.4587031402721267,1870.458909675041
P000243_LH,P000243,LH,73.58131990549398,0.4854730838076954,9.930671607966328,0.6823313132048137,34.311855251743765,9.704714322836558,0.5761254460690584,3.892337365133878,0.969478984295732,78.95244140846759,157.08242888237322,37.050370845374054,0.7082353813992053,0.2707495194468547,17.75282950159969,0.22678890488849013,9.277763800648483,0.8653863282328389,1.9068429195071803,0.386622701537872,13.82042203886071,11.110758115587217,2405.790739766162
P000243_HL,P000243,HL,73.58131990549398,0.4854730838076954,9.930671607966328,0.6823313132048137,34.311855251743765,9.704714322836558,0.5761254460690584,3.892337365133878,0.969478984295732,78.95244140846759,157.08242888237322,37.050370845374054,0.7082353813992053,0.2707495194468547,17.75282950159969,0.22678890488849013,9.277763800648483,0.8653863282328389,1.9068429195071803,0.386622701537872,13.82042203886071,11.110758115587217,2405.790739766162
P000244_LH,P000244,LH,84.54971520913065,0.7239776199997745,8.516524962827559,0.625271260704301,8.115902608011975,20.163187980468287,0.4962473270918514,3.185112484571885,3.226019248108337,95.12894221201755,76.76553287769015,34.74899082168288,0.7642959628681552,0.18716509520728433,12.447705998172431,0.2161300481678006,9.294807953343895,1.326016187501152,1.7497518011052788,0.6009078903291654,2.71756100249818,3.416566997281147,3162.125293323984
P000244_HL,P000244,HL,84.54971520913065,0.7239776199997745,8.516524962827559,0.625271260704301,8.115902608011975,20.163187980468287,0.4962473270918514,3.185112484571885,3.226019248108337,95.12894221201755,76.76553287769015,34.74899082168288,0.7642959628681552,0.18716509520728433,12.447705998172431,0.2161300481678006,9.294807953343895,1.326016187501152,1.7497518011052788,0.6009078903291654,2.71756100249818,3.416566997281147,3162.125293323984
P000245_LH,P000245,LH,85.2259658726968,0.4266050721125124,7.495796009270174,0.6947999184092447,10.49722045177,28.933139968396762,2.7109990310829373,2.831992927632476,1.7865180154559643,68.22705721603825,146.512278501452,20.810098491301556,0.6029154416032504,0.43624078676619893,13.620770019736472,0.18675822090082453,8.757889298766372,1.6826089351143887,2.320998103066476,0.6083982357572773,29.927939398597324,3.8219577531466227,2443.536510492288
P000245_HL,P000245,HL,85.2259658726968,0.4266050721125124,7.495796009270174,0.6947999184092447,10.49722045177,28.933139968396762,2.7109990310829373,2.831992927632476,1.7865180154559643,68.22705721603825,146.512278501452,20.810098491301556,0.6029154416032504,0.43624078676619893,13.620770019736472,0.18675822090082453,8.757889298766372,1.6826089351143887,2.320998103066476,0.6083982357572773,29.927939398597324,3.8219577531466227,2443.536510492288
P000246_LH,P000246,LH,51.681748033702796,0.6485216222566678,7.476821900659073,0.7330270089481323,13.871024478416825,21.47461897191318,0.4986670224259477,3.6092373246732325,2.9167908951490373,76.39955739975255,68.77418814815648,20.999196285012104,0.6069001958913567,0.19572825386417878,16.193419042603097,0.20109497792017086,12.168086894288448,1.451339504234226,2.575343195624946,0.4785510375662576,6.836864037676694,20.737702705393332,1778.6621541005081
P000246_HL,P000246,HL,51.681748033702796,0.6485216222566678,7.476821900659073,0.7330270089481323,13.871024478416825,21.47461897191318,0.4986670224259477,3.6092373246732325,2.9167908951490373,76.39955739975255,68.77418814815648,20.999196285012104,0.6069001958913567,0.19572825386417878,16.193419042603097,0.20109497792017086,12.168086894288448,1.451339504234226,2.575343195624946,0.4785510375662576,6.836864037676694,20.737702705393332,1778.6621541005081
P000247_LH,P000247,LH,58.42587767983168,0.4798044254865142,7.251875737894753,0.7291850359503103,13.655600697968127,12.745710259480726,1.4399644279423938,2.204738233880126,3.2036154448150542,71.85209681031398,56.75809983992027,24.047984189992643,0.8117429666234908,0.6966532743763628,14.453490629148863,0.22519842237089666,12.90706935822996,1.1110544831426115,2.3456678136881224,0.7472443518334914,3.972798989413024,8.622491723275974,1347.928134905351
P000247_HL,P000247,HL,58.42587767983168,0.4798044254865142,7.251875737894753,0.7291850359503103,13.655600697968127,12.745710259480726,1.4399644279423938,2.204738233880126,3.2036154448150542,71.85209681031398,56.75809983992027,24.047984189992643,0.8117429666234908,0.6966532743763628,14.453490629148863,0.22519842237089666,12.90706935822996,1.1110544831426115,2.3456678136881224,0.7472443518334914,3.972798989413024,8.622491723275974,1347.928134905351
P000248_LH,P000248,LH,58.276876208078946,0.5796532745156993,6.5902761107122245,0.4083052223675294,26.16734851844906,25.270719205111295,2.2949203422756965,1.9270015587054807,3.6651011145473524,31.08361017872156,147.8939620320874,34.338574894085994,0.889749590935297,0.20532796942286388,16.499166803804755,0.19332940947022365,8.680338793844658,1.476194731979881,2.201312025593011,0.6056934312126907,7.30147296310362,17.723052100116576,1937.9608090941433
P000248_HL,P000248,HL,58.276876208078946,0.5796532745156993,6.5902761107122245,0.4083052223675294,26.16734851844906,25.270719205111295,2.2949203422756965,1.9270015587054807,3.6651011145473524,31.08361017872156,147.8939620320874,34.338574894085994,0.889749590935297,0.20532796942286388,16.499166803804755,0.19332940947022365,8.680338793844658,1.476194731979881,2.201312025593011,0.6056934312126907,7.30147296310362,17.723052100116576,1937.9608090941433
P000249_LH,P000249,LH,78.10608021362114,0.6325860412484225,5.756700793146994,0.37850374897416467,10.24374806233322,19.89247490588192,2.0880574249948314,0.39536824389401465,3.7809690562111924,80.51044742574133,30.830914812068837,22.43073913913208,0.8872686716622853,0.599674115308519,15.188266147785821,0.25682103949323837,13.664381925299255,0.7618491992585885,1.9723084420979544,0.5742640499082571,2.158757832856685,13.197867020999105,3876.5390700021057
P000249_HL,P000249,HL,78.10608021362114,0.6325860412484225,5.756700793146994,0.37850374897416467,10.24374806233322,19.89247490588192,2.0880574249948314,0.39536824389401465,3.7809690562111924,80.51044742574133,30.830914812068837,22.43073913913208,0.8872686716622853,0.599674115308519,15.188266147785821,0.25682103949323837,13.664381925299255,0.7618491992585885,1.9723084420979544,0.5742640499082571,2.158757832856685,13.197867020999105,3876.5390700021057
P000250_LH,P000250,LH,65.90486188042081,0.6676645573674787,3.466937451429437,0.7712653056205034,8.789032547600135,30.164135031707424,2.4470902543719717,1.0947570160665605,1.0839055987743502,92.82570783388003,178.42728120725917,31.992356167847205,0.6572148929380977,0.5489327341033161,16.266501955420782,0.2749007205753248,8.880734579612588,1.2544982620785279,2.3643252248463416,0.6380448939123635,20.067024366646493,38.299231569754866,3107.327500504393
P000250_HL,P000250,HL,65.90486188042081,0.6676645573674787,3.466937451429437,0.7712653056205034,8.789032547600135,30.164135031707424,2.4470902543719717,1.0947570160665605,1.0839055987743502,92.82570783388003,178.42728120725917,31.992356167847205,0.6572148929380977,0.5489327341033161,16.266501955420782,0.2749007205753248,8.880734579612588,1.2544982620785279,2.3643252248463416,0.6380448939123635,20.067024366646493,38.299231569754866,3107.327500504393
P000251_LH,P000251,LH,55.16889044306248,0.7030617149462441,9.768642966707601,0.5734958728988051,13.528908774786863,26.008708887400985,1.5065603138779566,2.2501870722463906,0.9617705224571439,72.69961976911472,88.98274401239583,32.82444386970412,0.8607282353200727,0.47233275410335973,13.483790259066897,0.21137976917673984,8.444022905024688,1.4488994846444498,1.866009136694399,0.6821363635317025,6.239874696152596,29.129498803990682,3156.99178479259
P000251_HL,P000251,HL,55.16889044306248,0.7030617149462441,9.768642966707601,0.5734958728988051,13.528908774786863,26.008708887400985,1.5065603138779566,2.2501870722463906,0.9617705224571439,72.69961976911472,88.98274401239583,32.82444386970412,0.8607282353200727,0.47233275410335973,13.483790259066897,0.21137976917673984,8.444022905024688,1.4488994846444498,1.866009136694399,0.6821363635317025,6.239874696152596,29.129498803990682,3156.99178479259
P000252_LH,P000252,LH,55.8174015767421,0.521939907847363,5.628350232738531,0.4831446521195235,33.49820170714045,5.28263661361772,1.2864732149511169,3.241889366939991,2.0316006660003634,89.6807254197302,148.79732237067822,36.12459336548446,0.7904656990262984,0.6603499371142433,14.970600201394124,0.2793224655538632,12.184787654388913,1.223581454276136,2.485795400145345,0.7618721822649555,3.004658001373648,7.671996863295652,2003.5120957530735
P000252_HL,P000252,HL,55.8174015767421,0.521939907847363,5.628350232738531,0.4831446521195235,33.49820170714045,5.28263661361772,1.2864732149511169,3.241889366939991,2.0316006660003634,89.6807254197302,148.79732237067822,36.12459336548446,0.7904656990262984,0.6603499371142433,14.970600201394124,0.2793224655538632,12.184787654388913,1.223581454276136,2.485795400145345,0.7618721822649555,3.004658001373648,7.671996863295652,2003.5120957530735
P000253_LH,P000253,LH,72.98501571870182,0.4951549068643265,3.7045195458824747,0.4061513441588042,10.575634548941395,25.657063567478534,2.076100893412338,0.7405525973339896,0.849986250350831,54.37284292331071,47.197717759552646,38.79853547857839,0.8511184094176283,0.44553160133953174,10.965577301026144,0.26487231537095957,9.240452635830113,1.5198512288755253,1.638756302336551,0.7189293405027459,34.90310024590028,2.6766728295655358,1422.7736826714674
P000253_HL,P000253,HL,72.98501571870182,0.4951549068643265,3.7045195458824747,0.4061513441588042,10.575634548941395,25.657063567478534,2.076100893412338,0.7405525973339896,0.849986250350831,54.37284292331071,47.197717759552646,38.79853547857839,0.8511184094176283,0.44553160133953174,10.965577301026144,0.26487231537095957,9.240452635830113,1.5198512288755253,1.638756302336551,0.7189293405027459,34.90310024590028,2.6766728295655358,1422.7736826714674
P000254_LH,P000254,LH,86.3510547913736,0.4675581229455237,3.1847461969185393,0.399058266154834,17.04506213005406,33.15997894406543,1.1618963752504476,2.360691329770456,2.993659352579211,39.42164467869033,91.78754655451452,27.20220168003516,0.743785766164115,0.497813736941252,11.528409203738319,0.27650558961411953,11.315318282820998,0.9317955793131858,2.1016325653689787,0.4361486475359543,34.36676861498182,22.51884126921552,1649.4232486959404
P000254_HL,P000254,HL,86.3510547913736,0.4675581229455237,3.1847461969185393,0.399058266154834,17.04506213005406,33.15997894406543,1.1618963752504476,2.360691329770456,2.993659352579211,39.42164467869033,91.78754655451452,27.20220168003516,0.743785766164115,0.497813736941252,11.528409203738319,0.27650558961411953,11.315318282820998,0.9317955793131858,2.1016325653689787,0.4361486475359543,34.36676861498182,22.51884126921552,1649.4232486959404
P000255_LH,P000255,LH,57.730178025961315,0.5660553085369484,5.471397835481566,0.7046605033318573,34.60228065334216,21.682093423476367,2.9317858651745157,0.9642850846862663,2.644925285616414,79.72839894632818,30.073875239806455,18.852754589717797,0.8786322946151539,0.6206662140432718,9.792817817507105,0.22022933788909452,10.503638207656508,1.3293843760941488,2.2380842273775348,0.5459358787906735,17.110723150471802,35.599847519112075,1827.879561838704
P000255_HL,P000255,HL,57.730178025961315,0.5660553085369484,5.471397835481566,0.7046605033318573,34.60228065334216,21.682093423476367,2.9317858651745157,0.9642850846862663,2.644925285616414,79.72839894632818,30.073875239806455,18.852754589717797,0.8786322946151539,0.6206662140432718,9.792817817507105,0.22022933788909452,10.503638207656508,1.3293843760941488,2.2380842273775348,0.5459358787906735,17.110723150471802,35.599847519112075,1827.879561838704
