states_solved,max_d,path_damage_final,path_damage_max,fatigue_f_min,abar_max_MPa,psi_plus_max_MPa,damage_jump_max,damage_jump_cycle,damage_jump_phase,post_shutin_damage_jump,psi_injection_peak_MPa,psi_postshutin_peak_MPa,postshut_amplification,N_severe_breach80,severe_breach_phase,severe_breach_time_h,censored_severe80,N_path_10,N_path_25,N_path_50,N_failure,failure_phase,failure_time_h,censored_primary,critical_angle_deg,observed_cycles,planned_cycles,case_id,nr_case,nr_cement,nr_rock,nt,htheta_over_ell,hrad_over_ell,solver_stdout,dT_K,dp_MPa,t_inj_h,t_shut_h,ramp_down_h,recovery_frac,SHmax_MPa,stress_ratio,Ecement_GPa,nu_c,alpha_c_e6,ft_MPa,Gc_Jm2,eta_fat,Erock_GPa,ell_m,Sy_MPa,wall_recovery_h
241,0.614411299745,0.411164021231,0.411164021231,0.0504790492908,0.00252258347321,0.000742605137465,0.316376154619,1,1,False,0.000742605137465,0.000527513515469,0.710355327287057,,-1,,True,1.0,4.0,,,-1,,True,0.762711864407,40,40,C000000,4,7,14,59,0.5493626441726484,0.5271742263675749,OK states=241 max_d=0.647742 alphaT=0.000319244 MPa,87.38331062266843,4.827851819410246,10.179058445819791,19.98948390736623,0.2340574858807465,0.6908653258541214,22.22082482994412,0.6688787533846267,10.057839426592274,0.2308885176714633,8.921909887589436,2.578997209469675,59.3328586926525,0.05091551236094219,25.23660836308457,0.009462851518642186,14.863037611431182,13.810041313318285
241,0.354531870662,0.155863794359,0.155863794359,0.0766091534594,0.0076289341023,0.00051598994405,0.0447949672528,1,1,False,0.00051598994405,0.000416527103319,0.8072388001395586,,-1,,True,24.0,,,,-1,,True,0.592105263158,40,40,C000001,4,9,14,76,0.5483250143886284,0.5271694257827658,OK states=241 max_d=0.361718 alphaT=0.00122536 MPa,62.9071699537228,3.3619533287762606,34.27212286600173,61.31495947544646,2.754276504984631,0.861160498898812,21.711934959729042,0.6140779404188755,6.94629426969732,0.2167640725548935,9.453350057910756,2.765650796879614,76.84209931360705,0.11736717796383918,37.73033849097607,0.007360062648244048,13.332820302578991,52.80202109183591
241,0.782265513859,0.618997368068,0.618997368068,0.0715667494627,0.00389812188939,0.000989599549476,0.494731567809,1,1,False,0.000989599549476,4.8434942067e-06,0.004894398152530147,,-1,,True,1.0,1.0,3.0,3.0,1,121.07488768666667,False,1.18421052632,40,40,C000002,4,5,14,38,0.5409558850866886,0.4680761523703787,OK states=241 max_d=0.82688 alphaT=0.000601925 MPa,90.11419025740868,11.97063050807535,22.111255901786162,27.37055999058515,5.791219038427547,0.5330621174695334,33.58266404545954,0.8024778848254288,10.15292061181065,0.18833840600445256,12.483258690428114,2.7891613760853584,108.39773594523874,0.0828533821012685,39.9149036814016,0.014920649053861016,26.949345210003347,14.59020866490821
241,0.695829335472,0.521069316029,0.521069316029,0.071561367659,0.00241447110329,0.000701151563124,0.545375452625,1,1,False,0.000701151563124,0.000547530007159,0.7809010718302688,,-1,,True,1.0,1.0,19.0,19.0,2,1214.951878152778,False,0.489130434783,40,40,C000003,4,11,14,92,0.5496686524542024,0.5234041781285278,OK states=241 max_d=0.739226 alphaT=0.000372813 MPa,60.479801172255534,6.496035642075201,29.487957774492948,36.31286853222766,1.0490468574608907,0.5823199236088302,22.136736960095956,0.6265068201222381,11.411003965293112,0.24931189151187366,12.040644719819094,3.358334745943444,56.83877052459141,0.039782326030650565,38.47105953001869,0.0060651893645486095,13.868816680752138,21.145706829704306
241,0.680071067861,0.494458834481,0.494458834481,0.120898137859,0.0059430890239,0.00126292276289,0.56588953042,1,1,False,0.00126292276289,0.000711922689612,0.5637103950703026,,-1,,True,1.0,2.0,,,-1,,True,0.445544554455,40,40,C000004,4,12,14,101,0.5466634229700668,0.5238430871533253,OK states=241 max_d=0.709753 alphaT=0.00125065 MPa,103.37329233729449,10.285534421963813,14.461532212125464,19.818517061025013,2.645993423436597,0.7622506202526449,30.56953169756239,0.8492949258883281,11.097053927471901,0.24305676325500486,11.554515615991713,4.196315820207282,83.57889193171432,0.0831245635265694,35.385657279292275,0.005555098599875694,25.962548157522146,15.106676922253941
241,0.533464517272,0.303868137209,0.303868137209,0.0323435075745,0.00309824831787,0.000723989404056,0.257365168254,1,1,False,0.000723989404056,0.000465294385605,0.642681209142406,,-1,,True,1.0,5.0,,,-1,,True,0.865384615385,40,40,C000005,4,6,14,52,0.5403039262526885,0.5331277512608597,OK states=241 max_d=0.581224 alphaT=0.000306127 MPa,95.88017137964057,8.693966600316617,28.56721516325834,70.39174478206195,0.5517361841865411,0.4675332356567869,29.414325298444243,0.692394150603697,6.618559402255538,0.24094631510296655,13.641415859401832,2.330826503167108,84.96192042905352,0.03933401752654039,21.14492530430155,0.010916708023987797,20.36630678059714,32.91048020148417
241,0.181357883463,0.0338381269817,0.0338381269817,0.0471839283735,0.00387839995852,0.000211110408167,0.0241809466397,1,1,False,0.000211110408167,6.47079614506e-05,0.3065124169501507,,-1,,True,,,,,-1,,True,1.125,40,40,C000006,4,5,14,40,0.5472071926335328,0.49840553563274465,OK states=241 max_d=0.200654 alphaT=0.000472554 MPa,73.023775241426,9.523495456700449,41.701451410936265,29.287761154151628,3.3437226851286126,0.7950218278514569,25.985520781503737,0.6957058238706768,6.5921376993446135,0.18861474122688923,10.547730072105905,2.081014285260122,87.28134438484415,0.07586675315601624,22.12569723493931,0.014012685455296044,18.078278144004653,23.28440940645052
241,0.482788067113,0.313530391924,0.313530391924,0.0513114885675,0.00595335667181,0.00158839219619,0.272245223903,1,1,False,0.00158839219619,8.33401925362e-05,0.05246827120915358,,-1,,True,1.0,9.0,,,-1,,True,0.45,40,40,C000007,4,12,14,100,0.5448491043677063,0.5169351553006228,OK states=241 max_d=0.524048 alphaT=0.000760402 MPa,85.34417700327651,9.437982396249575,33.108289793598956,44.116052423582495,5.903193429818452,0.5110542135419716,29.157665431711727,0.5649530768372174,12.687315047463215,0.2759155248680224,9.808210615700094,4.122893477564828,71.51013960341811,0.05985939253670251,29.772252320907736,0.005629332751237806,16.472712799035712,22.54569447591034
241,0.091032216854,0.000648154762057,0.000648154762057,0.0976287071991,0.00603102790269,0.000270293806108,0.01253265718736,1,1,False,0.000270293806108,2.93498998893e-06,0.010858517371120521,,-1,,True,,,,,-1,,True,0.463917525773,40,40,C000008,4,12,14,97,0.549499544014201,0.505706921329493,OK states=241 max_d=0.099545 alphaT=0.00111667 MPa,68.63319262994193,6.596029404806059,22.525860088749695,37.84632920864226,3.977624671663626,0.6020833589363335,34.50742131356552,0.8862097772542538,10.04321516510555,0.2502308034410868,12.826466233577527,4.30102612470978,100.49435946710446,0.06394070026950052,31.88518054606755,0.005754321084531863,30.58081415591359,22.7866450133496
241,0.783415013186,0.58437953694,0.58437953694,0.0755730971373,0.00795214138736,0.00500194054864,0.667688217312,1,1,False,0.00500194054864,0.0,0.0,,-1,,True,1.0,1.0,1.0,1.0,1,33.7538896375,False,0.671641791045,40,40,C000009,4,8,14,67,0.5460947188899952,0.5207075387213512,OK states=241 max_d=0.834761 alphaT=0.00126723 MPa,89.48290940373536,8.87991636596593,33.75388963758412,28.658240574170172,4.706471722441829,0.21050009207340484,36.15229994398528,0.5911555037276364,12.937829765707225,0.19902439916548448,13.200391880865064,3.8002481783279074,88.72153976013178,0.11973363135087683,29.640229883537877,0.008382824667218543,21.371631084299217,6.032562279524607
241,0.0,0.0,0.0,1.0,0.0,0.0,0.0,0,0,False,0.0,0.0,0.0,,-1,,True,,,,,-1,,True,,40,40,C000010,4,9,14,75,0.5467340277678314,0.5187235094756826,OK states=241 max_d=0 alphaT=0.00163694 MPa,41.181376973142726,11.274084619066457,21.989301755242835,26.82579359058107,1.2123121627249356,0.6467859711536772,25.313258573286554,0.6196355597267353,8.629869654679716,0.26517143535051846,9.685520338048818,3.5381354274441232,102.8766143921213,0.11901801004302104,33.357194173356135,0.00747990004139554,15.684995144565995,17.350546959452068
241,0.266359511203,0.0328228079616,0.0328228079616,0.0133483165386,0.00302557736172,0.000279520212612,0.0482515670783,1,1,False,0.000279520212612,0.000249455132602,0.892440408051159,,-1,,True,,,,,-1,,True,0.978260869565,40,40,C000011,4,6,14,46,0.538845913259093,0.4703403605348547,OK states=241 max_d=0.289816 alphaT=0.000185496 MPa,89.1482713572207,8.76043449420095,32.866950938319114,68.68734614961615,0.16801932267947411,0.7232104850919445,39.30134816921556,0.742231129347479,13.898751507239378,0.2256736196346491,8.863195552666582,2.4206205280952355,49.46119122847769,0.04640658177036004,25.31805835874806,0.01237401781420947,29.17068403651534,49.675408928542204
241,0.27575593467,0.00915515648937,0.00915515648937,0.0466042111189,0.00247661471536,0.000388633250652,0.03368534856120001,1,1,False,0.000388633250652,0.000373219299989,0.9603380548701368,,-1,,True,,,,,-1,,True,0.633802816901,40,40,C000012,4,9,14,71,0.5492369656291369,0.4933063108845345,OK states=241 max_d=0.289423 alphaT=0.000299673 MPa,94.66125024859684,11.65449488486304,11.29602682618944,63.74626428534513,1.5666691001463144,0.43742078077423996,36.44160023108667,0.8802272531191169,12.12461016996043,0.2534154719267352,8.376584131178163,3.4773308201332442,74.37303266236687,0.03169177412159108,37.27823700222979,0.00786529568827707,32.07688967067439,27.88394069513671
241,0.529243157745,0.37986307676,0.37986307676,0.0642705543937,0.00287646453005,0.000878584018856,0.226749947986,1,1,False,0.000878584018856,0.000195424588621,0.22243130358262314,,-1,,True,1.0,5.0,,,-1,,True,0.865384615385,40,40,C000013,4,6,14,52,0.5450672722826072,0.5378278317785425,OK states=241 max_d=0.558058 alphaT=0.000417542 MPa,66.54282800724262,11.075129911252207,12.9509165591201,17.583538487417705,2.696630992501274,0.6902644284333899,21.222589024521525,0.6896262141121587,6.929946413923691,0.20433709266347813,13.699334841366385,2.265547840036982,75.99281134009289,0.05945764856503378,30.37170954599274,0.01082130684972892,14.63565372263903,12.137291143853895
241,0.0,0.0,0.0,1.0,0.0,0.0,0.0,0,0,False,0.0,0.0,0.0,,-1,,True,,,,,-1,,True,,40,40,C000014,4,6,14,46,0.5461591867552614,0.47672386945315265,OK states=241 max_d=0 alphaT=0.000217121 MPa,53.01396860440392,8.386212796729268,44.24765815577655,31.382475183487227,4.938679353269934,0.6975359606621581,33.49410755135047,0.6590324426252299,9.877130851210188,0.25232566724634986,13.001948434089533,2.473822084810815,71.71969032291149,0.0369588597802172,15.667182038864262,0.012208325139406354,22.073703513118655,21.890404975070098
241,0.885252074089,0.715725580798,0.715725580798,0.0194097017942,0.00482714761202,0.00643408098401,0.588090110088,1,1,False,0.00643408098401,0.00537678361414,0.8356723559281272,,-1,,True,1.0,1.0,1.0,1.0,1,39.534003498055554,False,1.07142857143,40,40,C000015,4,5,14,42,0.5441996611066396,0.5204495364793041,OK states=241 max_d=0.928079 alphaT=0.000361433 MPa,97.25820283751379,10.457223587849118,39.53400349809327,46.09544682076799,4.291607432002785,0.7008267701767072,38.1143759928391,0.5963880468067634,7.982643377639573,0.27504945904958245,12.652123963113322,2.3431750502375994,87.51138290065448,0.05542287840462649,40.329380838703784,0.01341916845049917,22.730958253627904,32.304923115251
241,0.00144388931685,0.000264009370535,0.000264009370535,1.0,0.000710394025918,2.1770239429e-05,0.000928824763316,1,1,False,2.1770239429e-05,5.54946587448e-06,0.2549106495855802,,-1,,True,,,,,-1,,True,1.02272727273,40,40,C000016,4,5,14,44,0.5450972313227901,0.5461321220323158,OK states=241 max_d=0.0016965 alphaT=0.000715882 MPa,44.095824891883616,5.7157636860548635,21.311404266682633,25.21722086976134,0.6983978312481692,0.33027541176599007,29.326409615102104,0.7532795610755156,9.770427129129807,0.1986621608174483,11.415954007803688,2.7630395299530823,94.74217641276269,0.09662836967722555,32.79917646615543,0.012788114301005606,22.090984962784894,8.328628006354345
241,0.402615661413,0.279504274949,0.279504274949,0.128556921087,0.00346799081641,0.000908035042919,0.162580521781,1,1,False,0.000908035042919,0.0,0.0,,-1,,True,1.0,21.0,,,-1,,True,0.535714285714,40,40,C000017,4,10,14,84,0.5470372856850506,0.5231633205958417,OK states=241 max_d=0.4123 alphaT=0.000757526 MPa,88.96865860970854,4.5090840857415255,32.44507535662329,13.122692767759336,3.8883087558361726,0.8697458628886334,34.06734752610322,0.614561515061983,6.307455821753474,0.27742119915735014,10.418566267757477,2.0633133593636126,42.71587544014861,0.11837097145905283,41.90617310065088,0.006674779868020728,20.93648070978509,11.413407744717272
241,0.0,0.0,0.0,1.0,0.0,0.0,0.0,0,0,False,0.0,0.0,0.0,,-1,,True,,,,,-1,,True,,40,40,C000018,4,9,14,78,0.5485666054622407,0.5412806877329855,OK states=241 max_d=0 alphaT=0.000521385 MPa,43.60506041487386,5.931357160735427,23.957730300685995,64.20025707276841,2.350031421799546,0.3369752699618749,36.17027529678816,0.8797867313898999,14.870168607993213,0.2477647809559804,13.294135445327703,4.1604989499512595,79.11527374296392,0.04723976138907713,28.122009398911935,0.007168184803064703,31.8221282768341,21.6338989587179
129,0.913883438934,0.801749043496,0.801749043496,0.0530691783103,0.00630759868532,0.00271032967485,0.826636252001,1,1,False,0.00271032967485,0.00143486942957,0.5294077111299795,22.0,1,671.7658392111111,False,1.0,1.0,1.0,1.0,1,12.322783419277778,False,0.714285714286,22,40,C000019,4,8,14,63,0.5454118052284701,0.48900823110400016,OK states=241 max_d=0.941823 alphaT=0.000821112 MPa,81.40956707116916,3.0571020340545996,12.322783419278162,19.07926685653102,1.731284656097318,0.5746908172499283,26.294253492697898,0.794320602347377,8.954819233088989,0.22426820689173643,13.713365366414049,2.863582150563292,77.50090070840497,0.09457219634546182,47.9611086576153,0.008926230117119783,20.886067272594417,10.964679462309283
241,0.0,0.0,0.0,1.0,0.0,0.0,0.0,0,0,False,0.0,0.0,0.0,,-1,,True,,,,,-1,,True,,40,40,C000020,4,8,14,66,0.5499671304730693,0.5165730627160462,OK states=241 max_d=0 alphaT=0.00038716 MPa,48.89730286846233,3.905765701182519,26.71708297436504,13.205361396539619,2.382622149847889,0.2679820580571971,37.60597585659201,0.7453973379838919,7.2038445905148105,0.20987866243749298,13.266881901607398,2.308633625024183,59.27538617206669,0.0551910471997515,29.21114463363515,0.008449917959425972,28.031394295790193,3.5387999244337496
241,0.408677723636,0.260562033238,0.260562033238,0.0945824953134,0.00842214354193,0.0011501172253,0.0768142458824,1,1,False,0.0011501172253,0.000580549993703,0.5047746272572934,,-1,,True,9.0,37.0,,,-1,,True,0.633802816901,40,40,C000021,4,9,14,71,0.5484459025235157,0.49259580440603506,OK states=241 max_d=0.416397 alphaT=0.00153042 MPa,54.946667778311145,10.38038426250879,43.890440812283806,35.932478831127646,3.843616061487834,0.6498588759425317,20.441889178010484,0.5899707947424705,11.079947713816878,0.25252198204032916,10.23363539793851,3.9235791756108016,103.76343708480894,0.11617347048770241,48.9027816564046,0.007876640371873337,12.060117604388353,23.351040303025428
241,0.29797711067,0.0911150535692,0.0911150535692,0.0695114441222,0.00457064473756,0.000489482043806,0.04024004135399999,1,1,False,0.000489482043806,0.0,0.0,,-1,,True,,,,,-1,,True,0.833333333333,40,40,C000022,4,7,14,54,0.5461289186102757,0.47965830313688207,OK states=241 max_d=0.308343 alphaT=0.000694014 MPa,72.88518340458745,3.8447247516195686,33.26584161274499,19.011683347447374,5.8826793761447425,0.8319902237118506,32.04823888980832,0.7648565839193139,10.950368359591135,0.2015371230845885,9.718360310754283,3.1290824870614165,88.17099151292598,0.08186285971496468,31.49359849026078,0.010400260760518549,24.512306517888895,15.817534681381606
9,0.962965475568,0.803922109613,0.803922109613,0.0449196316028,0.00943772354066,0.003358508545,0.961634994385,1,1,False,0.003358508545,0.00111201740105,0.33110453230959397,2.0,1,99.22776729333334,False,1.0,1.0,1.0,1.0,1,21.741475151916667,False,0.428571428571,2,40,C000023,4,12,14,105,0.5465258967356651,0.5444523435793478,OK states=241 max_d=0.97848 alphaT=0.00111867 MPa,104.62810525218156,3.2171887357427225,21.741475151912635,55.74481698946812,3.5730881362192424,0.2797131262752436,22.781734799326497,0.8738552982066994,11.006191925553935,0.1855819326908747,13.798731033752308,3.303243690019978,50.24044355132803,0.1190100180113218,22.82503333355502,0.005344820413241362,19.907939656731397,15.59255703376544
241,0.472638469237,0.274441106021,0.274441106021,0.0812688710253,0.00500882473791,0.000895965389579,0.114967651003,1,1,False,0.000895965389579,0.000142217053688,0.15873052167207657,,-1,,True,7.0,30.0,,,-1,,True,0.592105263158,40,40,C000024,4,9,14,76,0.5494699269546229,0.5282701650964003,OK states=241 max_d=0.483254 alphaT=0.000832632 MPa,79.53351018115004,4.932562454770308,12.59457133028616,28.927143274966905,4.561438014861705,0.7071498583242768,22.695203041340463,0.6177444298940578,8.035383824152678,0.2246023356822084,9.030337570112593,2.6072540010147627,58.91310348992895,0.10380470846370402,30.16597325199831,0.007344726725750191,14.019835264102749,20.455825268618902
241,0.363925292431,0.170484668343,0.170484668343,0.106732435163,0.00320154567942,0.000676239187064,0.0811339208066,1,1,False,0.000676239187064,0.000372967551179,0.5515319997918162,,-1,,True,14.0,,,,-1,,True,0.523255813953,40,40,C000025,4,10,14,86,0.5463929590114504,0.5349887117680353,OK states=241 max_d=0.373041 alphaT=0.000625078 MPa,79.14586728162939,8.026897449559971,35.2691889868032,42.71613656664853,3.086254427652231,0.7017777099198697,27.76284919526785,0.8597794828761012,10.093396271372555,0.22224888233676543,9.565668977224608,3.190686606614703,62.42187247645005,0.06536221248473828,36.611059391759284,0.006527240525243245,23.869928124274576,29.97723249636701
241,0.624911420552,0.510185520206,0.510185520206,0.0818752699547,0.00780397455391,0.00243150633375,0.229863313078,1,1,False,0.00243150633375,2.18150085413e-05,0.008971808232000663,,-1,,True,1.0,5.0,35.0,35.0,1,1289.9704249083334,False,0.555555555556,40,40,C000026,4,10,14,81,0.5492116977049292,0.5064841635508874,OK states=241 max_d=0.632718 alphaT=0.00130292 MPa,102.21902674019645,6.69525811482316,18.294495255132254,19.10773796993551,3.425720222270101,0.44175327936603515,30.45359519934955,0.6732754290689164,7.824555965830005,0.2113492064925627,10.270630790149085,3.5270713153898936,103.93297198536199,0.08643139550318366,34.73112092784089,0.006894588718269273,20.50365737453316,8.440905909485918
241,4.18780585814e-09,1.72197581898e-11,1.72197581898e-11,1.0,3.93602271957e-10,3.93594880769e-10,4.18780585812e-09,1,1,False,3.93594880769e-10,0.0,0.0,,-1,,True,,,,,-1,,True,0.494505494505,40,40,C000027,4,11,14,91,0.5488102146634525,0.5169064676815784,OK states=241 max_d=5.65664e-09 alphaT=0.00187149 MPa,46.702424828046624,10.6867929151583,26.922949667033567,59.49083770374418,1.2840989770525815,0.6159349592765968,30.226296018894182,0.7411579759067692,9.932737033001334,0.195134206237793,12.78723205770895,4.3273672424986795,109.78028488435426,0.10469687140170618,18.19027259054541,0.006141431096391342,22.40246037652245,36.6424866983863
241,0.869274892687,0.777353161118,0.777353161118,0.0493005803012,0.00375143139591,0.00101540380321,0.744688775099,1,1,False,0.00101540380321,0.000953871723517,0.9394013696831955,,-1,,True,1.0,1.0,1.0,1.0,1,41.33091738694444,False,0.671641791045,40,40,C000028,4,8,14,67,0.5498632069175834,0.5243008350080006,OK states=241 max_d=0.901987 alphaT=0.00046849 MPa,102.75900363723287,10.236699611947811,41.33091738694027,49.465178257234236,3.37664606628237,0.6539465862975837,25.766239558408195,0.8931530277543411,11.316957399810708,0.21787376342621861,9.116285755861236,3.3506721028846647,78.30943279989053,0.049806956979458084,42.436283781624056,0.008325372970144877,23.013194875435957,32.34758446191979
3,0.999996666757,0.996102728893,0.996102728893,0.00200468753255,0.0156102137002,4.19222855523,0.999988192155,1,1,False,4.19222855523,0.0,0.0,1.0,1,42.75713100972222,False,1.0,1.0,1.0,1.0,1,42.75713100972222,False,23.2105263158,1,40,C000029,4,11,14,95,0.5454927544912636,0.5363656780090156,OK states=241 max_d=1 alphaT=0.000357466 MPa,91.33574222836094,8.582644960567148,42.75713100977445,58.81335698186287,5.8183554668873505,0.8816778140035528,20.622039229796066,0.610264378944872,12.400844897607698,0.22652459162222616,13.217690159815424,3.877014886540843,68.02059599978493,0.031103933050150818,39.95010429133219,0.0059186215388153385,12.584895963148282,51.85443201797944
241,0.036819684455,0.000258087684894,0.000258087684894,0.170972097222,0.00363245752794,0.000118717999658,0.007358979165869999,1,1,False,0.000118717999658,0.0,0.0,,-1,,True,,,,,-1,,True,0.441176470588,40,40,C000030,4,12,14,102,0.5483583869380232,0.5306699417373356,OK states=241 max_d=0.0408361 alphaT=0.000946716 MPa,47.50439188813481,3.825088075859352,39.35463038952042,17.028972863399193,1.4781688170669436,0.22590263175652497,31.0528483946931,0.5883779312059051,12.712616140623263,0.2510591914935053,12.160393352058161,4.124957228313701,69.59029331257852,0.07460012590723183,25.533723237784642,0.005483634498824419,18.270810696520137,3.8468897859523246
241,0.425280174653,0.290112681238,0.290112681238,0.123049815829,0.00641888974109,0.00141611618119,0.150971378066,1,1,False,0.00141611618119,0.000597998511499,0.42228068532942403,,-1,,True,1.0,18.0,,,-1,,True,0.6,40,40,C000031,4,9,14,75,0.5432110988395662,0.5153810687924787,OK states=241 max_d=0.435742 alphaT=0.00136528 MPa,98.65702560995709,3.5440570851025823,37.831899575665574,28.192840544041246,0.7224551379298688,0.32038940273278943,34.96747837864,0.7151301686090987,6.974857629188604,0.2408647853592139,13.105495033230564,3.04129205747767,94.65866457599589,0.1085840163312483,28.517013378014006,0.007528410015312967,25.00629870875184,9.032687343246145
241,0.401300989996,0.21732016741,0.21732016741,0.119005498923,0.00403937228285,0.00110276253142,0.145561077428,1,1,False,0.00110276253142,0.000265285137038,0.24056415545457363,,-1,,True,5.0,,,,-1,,True,0.616438356164,40,40,C000032,4,9,14,73,0.544806221525426,0.5031106169322953,OK states=241 max_d=0.413581 alphaT=0.000841961 MPa,75.3291078174475,4.447922931829428,30.705083386581386,56.9171097027513,3.0702512784339273,0.4612977533375657,37.896598044410005,0.7733229340632582,14.917140756475431,0.208170523912084,11.638556684728234,4.192151465989936,86.14553812737282,0.07537501927811607,30.684390350880374,0.007712021709377161,29.30630839071908,26.255734832346935
241,0.805502943817,0.592689028897,0.592689028897,0.0313697251444,0.00918324719907,0.00588727766788,0.530018379168,1,1,False,0.00380211120237,0.00588727766788,1.548423324444124,,-1,,True,1.0,1.0,10.0,10.0,2,1088.8066399388888,False,30.145631068,40,40,C000033,4,12,14,103,0.544994208876628,0.5325850105240374,OK states=241 max_d=0.88441 alphaT=0.000892262 MPa,98.55449361969787,9.665140663436452,46.542383713884185,68.84830181032827,3.74808650828108,0.7432382515478737,27.663957206178452,0.579595260612115,9.079620993914876,0.26560833367372993,10.002308648294617,3.5705417451621315,72.74125014421224,0.06702173263885831,34.067531029927565,0.005463916449951721,16.033898486477394,51.170691459548685
241,0.000102339768785,1.36124072474e-06,1.36124072474e-06,1.0,0.000105479339604,4.15980684169e-06,6.99966866463e-05,1,1,False,4.15980684169e-06,1.13089401745e-06,0.27186214660644026,,-1,,True,,,,,-1,,True,0.542168674699,40,40,C000034,4,10,14,83,0.5489106669902108,0.5187054796229873,OK states=241 max_d=0.000123796 alphaT=0.00141597 MPa,56.69974716628275,10.339175962615307,35.45109954901453,61.20061792467243,1.5442835638102643,0.3644624953391822,29.5812324504955,0.7218116242649374,10.49416195641129,0.2745850123893719,11.276750485000187,4.1073673440735,102.6145463897875,0.09289627421610414,28.130297821331254,0.006732144033909381,21.35207744285083,22.305329925125996
3,0.983147262183,0.899510979725,0.899510979725,0.00924830019665,0.00667336265923,0.00427215380711,0.982470370435,1,1,False,0.00427215380711,0.0,0.0,1.0,1,20.253946928416667,False,1.0,1.0,1.0,1.0,1,20.253946928416667,False,0.5625,1,40,C000035,4,10,14,80,0.5469240629458377,0.49814765634031416,OK states=241 max_d=0.995311 alphaT=0.000337091 MPa,94.4219106281246,3.0881952049448773,20.253946928420465,50.55734153473743,4.217368901553842,0.5196426091411329,24.79528438630154,0.8197339871170323,8.558365405528583,0.24850700161022243,12.754612370417268,3.1800830264737336,78.5377467763898,0.030087408952679768,38.96722406702678,0.007009969746027282,20.325537331683655,26.27174886635033
241,0.61717790424,0.490733080847,0.490733080847,0.082895104101,0.00873157003218,0.00237396371605,0.223006992744,1,1,False,0.00237396371605,0.00150841509586,0.6353993894943886,,-1,,True,1.0,6.0,,,-1,,True,0.529411764706,40,40,C000036,4,10,14,85,0.5441832357095387,0.5266294687329266,OK states=241 max_d=0.626954 alphaT=0.00146836 MPa,83.24549126793235,8.172518727830708,13.992111130781002,39.89947680930715,3.5838825593918195,0.8040565048068058,26.2126222426411,0.7301688976702502,9.57009666188489,0.2731006171985273,10.840026823824823,4.065884705873085,108.60231259883416,0.08965231107532776,45.73936595701778,0.00663084807692545,19.139641487955934,32.081433866911716
241,0.293395537668,0.102749361468,0.102749361468,0.0118092627201,0.00470294239225,0.00047258959311,0.08637494049290001,1,1,False,0.00047258959311,0.0,0.0,,-1,,True,36.0,,,,-1,,True,0.865384615385,40,40,C000037,4,6,14,52,0.546755254725335,0.5394933948813331,OK states=241 max_d=0.309435 alphaT=0.000270218 MPa,79.63631747517495,10.798147122341586,31.61740179942246,66.73147151846533,5.915944327708438,0.28582306990007256,22.24646660778905,0.6013055008910883,6.490701089260131,0.2770073292456477,11.619414353630278,2.120595826808022,70.86589057950458,0.04113518382441737,21.534924196209282,0.010787898527061973,13.376922746653463,19.073394048357017
241,0.172286260131,0.026722405771,0.026722405771,0.0622971043382,0.00313312152972,0.000171505242948,0.019163080326199997,1,1,False,0.000171505242948,9.94262804936e-05,0.5797273528468504,,-1,,True,,,,,-1,,True,1.02272727273,40,40,C000038,4,5,14,44,0.5452314407025637,0.5462665862144113,OK states=241 max_d=0.194179 alphaT=0.000446758 MPa,42.78900618593015,3.547760697088149,47.152527619104816,29.85219794053911,0.8367974624086265,0.3610292750742049,22.372145704937708,0.5820324938104099,14.76510504764486,0.2667030065090303,8.706617977103948,2.886507145156469,68.40447717281378,0.08350018044814381,40.89241596893439,0.012784966491175343,13.021315756534745,10.777517381844508
241,0.692767038739,0.362314048473,0.362314048473,0.0943115148233,0.00408750586707,0.000411713095893,0.555579329202,1,1,False,0.000411713095893,0.000318260882767,0.7730161754429904,,-1,,True,1.0,1.0,,,-1,,True,0.576923076923,40,40,C000039,4,9,14,78,0.5492768115978344,0.5419814610970193,OK states=241 max_d=0.755033 alphaT=0.000741498 MPa,104.12488332361255,3.8087968539455357,32.15880006067373,54.60576889159302,2.4391466420126537,0.7743120413175903,25.2242401081592,0.8574638798300476,11.566460801460874,0.23168654778884923,12.046067269254834,3.479784506482053,71.06040938992248,0.0747015296290148,16.72764802622301,0.007158916454718817,21.628874788906888,42.28190437816597
241,0.539653991812,0.414719797442,0.414719797442,0.118372799728,0.00989964125176,0.00215972283972,0.163637722442,1,1,False,0.00215972283972,0.000245423037222,0.11363635773459625,,-1,,True,1.0,9.0,,,-1,,True,0.445544554455,40,40,C000040,4,12,14,101,0.5491431237671934,0.5262192734248082,OK states=241 max_d=0.547705 alphaT=0.00205683 MPa,73.69456461548003,7.732744773037498,36.44791722702678,44.22463059565123,5.715613316277896,0.42721784625980935,23.44469649080104,0.7292395022815596,8.550193153605758,0.2202570154637804,13.92673687871864,4.140346570707159,105.12352250142051,0.1081995474096293,30.54918082668377,0.005530014096710598,17.09679880009398,18.89355143470979
241,0.0,0.0,0.0,1.0,0.0,0.0,0.0,0,0,False,0.0,0.0,0.0,,-1,,True,,,,,-1,,True,,40,40,C000041,4,7,14,54,0.5415558718080257,0.4756418524517314,OK states=241 max_d=0 alphaT=0.000430879 MPa,68.44324242661261,6.406877929379278,47.44873135177054,60.86340639608626,2.7637457661798885,0.40693868899002394,35.761394596485935,0.773232909269715,6.963875983465744,0.2741738017747747,11.304195333316894,2.500635881188259,89.29398868517008,0.05060916184756167,25.753269533214514,0.010488083424234983,27.651887183383085,24.76767480629038
241,0.0,0.0,0.0,1.0,0.0,0.0,0.0,0,0,False,0.0,0.0,0.0,,-1,,True,,,,,-1,,True,,40,40,C000042,4,10,14,81,0.5493743120605958,0.5066341268460164,OK states=241 max_d=0 alphaT=0.00158304 MPa,42.31797369170796,4.960925296707234,18.2173969257289,65.5921351989347,2.979834623412928,0.8354624094996959,36.68214461330415,0.6359045882450536,9.790642614932652,0.27110577804022745,9.798870445615488,4.034058505889508,108.62484825029475,0.1004484086799454,16.650192654517646,0.006892547925539444,23.32634406626869,54.7997633175318
241,0.216763644754,0.0338877074628,0.0338877074628,0.0263397032807,0.00791898371982,0.000477940857309,0.0318516639407,1,1,False,0.000477940857309,0.000206995710579,0.43309900673583224,,-1,,True,,,,,-1,,True,1.15384615385,40,40,C000043,4,5,14,39,0.5419953916139597,0.4813170759206848,OK states=241 max_d=0.257588 alphaT=0.000699357 MPa,83.3383249695735,4.204445422900702,8.535234083410048,64.89184784869579,4.8838634615384775,0.819387987951359,31.91535270028005,0.7976319529381963,10.372982423732822,0.22125308769633836,10.536498712733433,2.7345739201215093,99.18017159939022,0.1023168648993595,23.268521814500694,0.01451018538380482,25.456705103035713,53.17160064318857
241,0.0599563758039,0.00779712048147,0.00779712048147,0.0485616935642,0.00332918245998,0.000132705314024,0.0130221894218,1,1,False,0.000132705314024,0.0,0.0,,-1,,True,,,,,-1,,True,1.07142857143,40,40,C000044,4,5,14,42,0.5494736698333749,0.5254933753373355,OK states=241 max_d=0.0818044 alphaT=0.000412244 MPa,77.92599681845526,11.862666235406525,25.104432907155296,34.46376479099701,5.207487286388697,0.8927693112707187,32.49419444362212,0.633284936301411,10.05416770325413,0.23717707294040563,11.156054585646546,2.043678012329351,52.34702518543278,0.10466442266616445,15.297271479487929,0.013290367353378492,20.578083858394898,30.768191556254447
241,0.160359828973,0.0156758147338,0.0156758147338,0.0726190987511,0.00389703429364,0.000191121656701,0.023512895474310003,1,2,True,8.28947080156e-05,0.000191121656701,2.3055953905408857,,-1,,True,,,,,-1,,True,0.865384615385,40,40,C000045,4,6,14,52,0.5470383441830731,0.539772724419166,OK states=241 max_d=0.178978 alphaT=0.000606852 MPa,70.81085299932266,11.42913614695878,41.411339403690704,66.24858554406383,0.3313250449229854,0.8571580531181211,35.14763333705318,0.7649998780969018,9.259548638859286,0.22981493813856063,8.844472415480938,2.6322849663309,76.50049409319243,0.08553240197360021,43.449567552765906,0.010782315846475442,26.887935218240287,56.785508606779054
241,0.444756082488,0.205991581503,0.205991581503,0.0735774890542,0.00518868619137,0.00110650729306,0.105685594184,1,1,False,0.00110650729306,0.0005629445782,0.5087581272448736,,-1,,True,13.0,,,,-1,,True,0.454545454545,40,40,C000046,4,12,14,99,0.549804552550296,0.516420356543543,OK states=241 max_d=0.453659 alphaT=0.000814138 MPa,71.81680695251488,11.317089145675935,10.144095027756597,50.48470233830615,3.914309698033804,0.4737388688662936,21.7617954634175,0.8825064664112616,8.91316156437781,0.2411310903091326,11.819012149626973,3.93387332177343,92.76300299567015,0.049455313501479914,36.95006006475693,0.005634944407453147,19.204925217185203,23.916565780800685
241,0.376823204186,0.235899360788,0.235899360788,0.0414485750245,0.00361596010135,0.000405531763879,0.045298137957100006,1,1,False,0.000383762974487,0.000405531763879,1.0567245691721554,,-1,,True,7.0,,,,-1,,True,0.957446808511,40,40,C000047,4,6,14,47,0.5434922557280801,0.4847089520479079,OK states=241 max_d=0.386123 alphaT=0.000409801 MPa,77.38485884622106,8.896219574962881,36.912114149320985,57.768610116775584,2.5352335522741196,0.8601823450400257,34.71377285118538,0.6654654353270127,7.293513104069833,0.21773614658735976,9.188657025267062,2.1675166412792204,73.33414931211114,0.06709782886255936,46.67916133108374,0.012007205510462195,23.100815962257116,49.691538519950974
241,0.323124003966,0.139634635011,0.139634635011,0.0881922265719,0.00493477309406,0.000687705681266,0.056034174031699996,1,1,False,0.000687705681266,0.000177432530328,0.25800649196523107,,-1,,True,17.0,,,,-1,,True,0.9375,40,40,C000048,4,6,14,48,0.5396473765628971,0.49151992771550085,OK states=241 max_d=0.335551 alphaT=0.000860519 MPa,56.01006906496157,10.069775688735948,43.200522729537155,64.17896480061344,2.3173345374981875,0.20396605016840863,25.71410824320072,0.7681762069669839,13.28938295458388,0.21562907736446874,12.32923437901823,3.507413020435989,103.9266812399134,0.09804270568345679,27.265382944883974,0.011840822053849056,19.75296613580038,13.090329954278452
241,0.0,0.0,0.0,1.0,0.0,0.0,0.0,0,0,False,0.0,0.0,0.0,,-1,,True,,,,,-1,,True,,40,40,C000049,4,13,14,111,0.547312253269347,0.5320541938079915,OK states=241 max_d=0 alphaT=0.0016641 MPa,42.64535036229779,8.430233234712109,45.433399681195745,63.052844008161834,0.20579305626707933,0.6392229573373085,32.0357568221165,0.7910883820591146,7.134014138214632,0.2643196048978053,10.746335811743783,3.978985906481972,106.23363675566418,0.0790846511302003,31.998235232809513,0.0050486470690676065,25.343115032447383,40.3048254154252
241,0.85406277473,0.60663134546,0.60663134546,0.0476868551651,0.00508610946606,0.000895317908077,0.700475689651,1,1,False,0.000895317908077,0.000563658679442,0.6295626105063049,,-1,,True,1.0,1.0,1.0,1.0,1,31.934746064722223,False,0.737704918033,40,40,C000050,4,7,14,61,0.5438153079975716,0.5395408061709042,OK states=241 max_d=0.909562 alphaT=0.000623402 MPa,103.63165634969008,6.017323758174815,31.934746064801228,71.13650596767445,5.253661510664002,0.7318173885728876,31.02161720194033,0.7835149237274214,12.589114094449714,0.2749290557118896,10.63694304205013,3.4110165147273417,81.02155503505335,0.0711409453706717,34.55640437262786,0.00924595762084259,24.305900035879542,52.05893202946315
241,0.190060412938,0.00439206026488,0.00439206026488,0.0380805980323,0.00232552574478,0.000234205444823,0.0239360889959,1,1,False,0.000234205444823,0.000211666383023,0.903763715582984,,-1,,True,,,,,-1,,True,0.5625,40,40,C000051,4,10,14,80,0.5477761941727033,0.4989237918266029,OK states=241 max_d=0.201084 alphaT=0.000251438 MPa,73.84127420210746,9.515706191388684,37.35103547402705,66.9716607242309,1.217922608893342,0.5697686505803157,32.78158623771573,0.8208744460414312,13.880179362148047,0.27178622260881113,9.811092006873075,3.089452934407273,45.63355579085905,0.038564333074661145,31.212925245831578,0.0069990649017067025,26.909566443244305,38.15835275796777
241,0.0,0.0,0.0,1.0,0.0,0.0,0.0,0,0,False,0.0,0.0,0.0,,-1,,True,,,,,-1,,True,,40,40,C000052,4,7,14,56,0.5459041302429182,0.49721868444091083,OK states=241 max_d=0 alphaT=0.000691473 MPa,49.50891000598769,6.536953311222302,45.22604096666434,63.55788665931895,0.9239770569354372,0.20064273937994492,37.69732136640674,0.6232906569149441,11.303705718135728,0.2573717708306231,9.31632925148036,3.4183346136979003,98.3361630787484,0.07054893661022851,44.265420918442075,0.010032952470763927,23.496388198401416,12.75242848852581
241,0.0,0.0,0.0,1.0,0.0,0.0,0.0,0,0,False,0.0,0.0,0.0,,-1,,True,,,,,-1,,True,,40,40,C000053,4,6,14,48,0.5430400850927458,0.4946100638372997,OK states=241 max_d=0 alphaT=0.000421369 MPa,49.37548136425565,4.968165921902645,46.33674440185059,71.79409449028668,1.7259022114581568,0.2648445943101474,32.87414434394265,0.8317033897564153,10.49742064708814,0.2746121542732603,10.211621775504234,2.0314125670439207,43.85810938420152,0.11305043956264953,26.875388970902044,0.011766845087718364,27.341537286198793,19.014277829144365
241,0.306809436819,0.118112751956,0.118112751956,0.104418860326,0.00297184230937,0.000466539311295,0.0836838666788,1,1,False,0.000466539311295,6.57890169515e-05,0.14101494849144788,,-1,,True,26.0,,,,-1,,True,0.671641791045,40,40,C000054,4,8,14,67,0.5485064921241696,0.5230071919889631,OK states=241 max_d=0.318357 alphaT=0.000572688 MPa,72.5058180376815,6.915105989914834,44.98614597496886,50.39867250290114,5.838923475219707,0.7377827937882864,21.00411672653199,0.7114799349033386,9.825246927830888,0.25666496875249645,9.817672435030719,2.3354552259393584,43.929110106899515,0.10880337620429287,23.62319225677485,0.008345965537108925,14.944007601295105,37.183273402411295
241,0.519511311911,0.393542048011,0.393542048011,0.0832576809116,0.00413400843095,0.00093993399064,0.0928678487988,1,1,False,0.00093993399064,0.000209446867285,0.22283146409290702,,-1,,True,1.0,9.0,,,-1,,True,1.02272727273,40,40,C000055,4,5,14,44,0.5378889792648852,0.5389101847955877,OK states=241 max_d=0.532114 alphaT=0.000696976 MPa,91.70272141076008,3.1080194666921424,47.0772326942049,34.64169259274158,4.521491913728845,0.7924019363525492,28.28257171375766,0.8313491852966217,7.026601011969744,0.20719936372210346,9.137311195963072,2.454564998805635,105.35807346315025,0.08573098454517925,38.56964930844576,0.012959487864659811,23.51269295232571,27.450144289018187
3,0.988406797536,0.922216931721,0.922216931721,0.0134431892213,0.009007808296,0.00562951250251,0.946367775674,1,1,False,0.00562951250251,0.0,0.0,1.0,1,20.786082344944443,False,1.0,1.0,1.0,1.0,1,20.786082344944443,False,0.978260869565,1,40,C000056,4,6,14,46,0.5387515828695328,0.4702580227304037,OK states=241 max_d=1 alphaT=0.000554341 MPa,88.68221552502433,3.0608907979468802,20.786082344940628,48.40753644733222,2.3633599998549233,0.570723654694056,27.331918693822807,0.6826560114070297,13.875519645245443,0.24598629703715086,12.705497523994012,3.0284131729409633,77.56110162856791,0.08845440446214069,34.62572766599342,0.012376184389599601,18.65829859962631,27.62732611595716
241,0.0111089437499,0.000601285944827,0.000601285944827,0.292532463745,0.0024284340189,7.04445562711e-05,0.00523632193699,1,1,False,7.04445562711e-05,0.0,0.0,,-1,,True,,,,,-1,,True,0.681818181818,40,40,C000057,4,8,14,66,0.5484171863188149,0.5151172313500636,OK states=241 max_d=0.012826 alphaT=0.000900155 MPa,42.08066296189867,3.941677680647162,28.260614032516884,50.848206660206756,3.6628887975671582,0.34039270226984253,31.715219241282895,0.5692460340907068,8.222004428666185,0.27381953373947576,13.740649306532259,2.8379457065307694,78.70182988226526,0.09691935695602219,46.72584670226486,0.00847379923315675,18.053762773417564,17.30835847064318
3,0.92798410868,0.804098184229,0.804098184229,0.0294198082299,0.00695466846532,0.0070141479782,0.870054037678,1,1,False,0.0070141479782,0.0,0.0,1.0,1,47.62390783916666,False,1.0,1.0,1.0,1.0,1,47.62390783916666,False,0.608108108108,1,40,C000058,4,9,14,74,0.5452304477062198,0.5103996686695548,OK states=241 max_d=0.96714 alphaT=0.000652389 MPa,91.59850190456686,3.2548889011094557,47.623907839066476,63.09763634645573,3.1192830936695266,0.27930742763602956,26.34354443677288,0.6438257673415563,14.18300197771504,0.24349261124170699,13.832363691222431,4.1678949641871466,88.28011920298962,0.05617784171259162,15.089265269801674,0.007601885812570941,16.960652711501687,17.623638497842194
241,0.00254284514334,4.17791502986e-05,4.17791502986e-05,0.440096167893,0.00145783235979,5.0643809755e-05,0.0014762132136480002,1,1,False,5.0643809755e-05,0.0,0.0,,-1,,True,,,,,-1,,True,0.548780487805,40,40,C000059,4,10,14,82,0.546360638972632,0.5100753422947497,OK states=241 max_d=0.00299224 alphaT=0.000723568 MPa,71.09145497314105,7.366873189588842,18.55427372188554,31.29286249403589,1.7565270004659126,0.48236834628085434,39.797916277995625,0.8954763705639708,10.631318317829676,0.2664155228690405,11.946627405257543,3.9442347225226264,94.98488227123391,0.05215122434052371,35.36208224712945,0.006846047457009061,35.6380936246283,15.094686331642263
241,0.549170432712,0.412444504002,0.412444504002,0.137438281525,0.00402759875091,0.00100848609654,0.340475868162,1,1,False,0.00100848609654,3.20096382951e-09,3.174028715410296e-06,,-1,,True,1.0,5.0,,,-1,,True,0.441176470588,40,40,C000060,4,12,14,102,0.5469035626466059,0.5292620458423254,OK states=241 max_d=0.56036 alphaT=0.000916444 MPa,97.69692937229023,9.567865816176564,22.59435299432282,19.757441689648964,4.698163046987065,0.519690978236462,31.305548409169226,0.7226145554621389,13.694576770004055,0.18254873898237772,8.284517720607376,3.5852098464586533,48.930424662590276,0.10297916505546414,30.92700232888607,0.005498221576362436,22.62184494719029,10.267764199143528
241,0.839312341092,0.54931155009,0.54931155009,0.0998506478312,0.00589201678619,0.000745534355622,0.806752729702,1,1,False,0.000745534355622,0.000615907750598,0.8261292668184924,,-1,,True,1.0,1.0,1.0,1.0,1,36.3070747175,False,0.424528301887,40,40,C000061,4,13,14,106,0.5499622633907927,0.5105478793784449,OK states=241 max_d=0.877752 alphaT=0.00110559 MPa,101.93710759755248,4.840361273741177,36.30707471752384,36.800082606758096,0.9815807900482129,0.6111742479351778,32.30448404935146,0.7964445979778945,11.212902394371756,0.18286318162324527,13.66761543017844,3.3967033188732403,51.32959015951873,0.11332396392184695,20.01468116466274,0.005261316234285494,25.728731811569027,22.491262811137798
241,0.583994153643,0.437298354711,0.437298354711,0.0723527991044,0.0055041594375,0.00152855986807,0.310300522274,1,1,False,0.00152855986807,0.000407235664464,0.26641787016048407,,-1,,True,1.0,4.0,,,-1,,True,0.642857142857,40,40,C000062,4,8,14,70,0.547088147570015,0.5450124611991527,OK states=241 max_d=0.601615 alphaT=0.000855299 MPa,92.4927050188287,9.469718214237906,13.294272504877274,63.7633089960074,3.9574155759734464,0.3288596056478669,36.54013406951832,0.6715009000460522,8.118574176005053,0.23944638115708564,11.55940884306547,3.0389773417655723,86.38317812872651,0.07929876424060352,45.12775681242391,0.008008991189661965,24.53673291548497,20.96917665123008
241,0.849585101245,0.549915597178,0.549915597178,0.0368198826322,0.00373420156813,0.000931842071168,0.675675710014,1,1,False,0.000931842071168,0.000142600730478,0.15303100695943014,,-1,,True,1.0,1.0,7.0,7.0,1,271.7673950963889,False,0.75,40,40,C000063,4,7,14,60,0.5452150171971474,0.5320618164236284,OK states=241 max_d=0.912127 alphaT=0.00039629 MPa,94.97593721673864,5.52311087771116,8.305814720196343,35.60444867582332,5.442496007604414,0.6763505331427355,36.79141104040693,0.7510366655297233,7.6594253772123055,0.26658072419125706,13.840625703097919,2.4173294826862572,67.82125342511819,0.054784943314215545,39.114935417268704,0.009375924515882789,27.631698667920666,24.081087844146268
241,0.878760376905,0.624995258041,0.624995258041,0.0299221677484,0.00500133090323,0.000870683338275,0.696221148997,1,1,False,0.000771171900266,0.000870683338275,1.1290392427092788,,-1,,True,1.0,1.0,1.0,1.0,1,17.13682285847222,False,0.918367346939,40,40,C000064,4,6,14,49,0.5435923244678554,0.5054279080355946,OK states=241 max_d=0.941124 alphaT=0.000473521 MPa,99.23218904559917,11.672813438697197,17.136822858475398,44.40080376314592,0.9173631460873289,0.5221817312101722,34.6329704051319,0.8029015550747817,13.429458656282346,0.22402996262911956,11.817623041720353,3.456053838390994,97.10519379571842,0.05615134736281353,31.472584728052013,0.011514995328651549,27.806865795139295,23.185288576162666
241,0.367000195347,0.196712311643,0.196712311643,0.0438004594177,0.00266638391121,0.000548057864037,0.08729994766579999,1,1,False,0.000548057864037,0.000404961464088,0.7389027521748335,,-1,,True,7.0,,,,-1,,True,0.9,40,40,C000065,4,6,14,50,0.5446994476043845,0.5167931658184537,OK states=241 max_d=0.379964 alphaT=0.000311627 MPa,57.03656826696307,7.43717764003175,17.408154850806,28.622951431941352,1.5450440283668998,0.8873522996059291,35.47717194478415,0.6963902848115509,11.82952828581471,0.208555465449765,11.720866382314634,3.15202337814748,89.67964012251025,0.03913344228995756,44.774465503044496,0.011261758833019334,24.705957874936598,25.39864177464198
241,0.213509830593,0.0178032207165,0.0178032207165,0.11463269549,0.00544423540812,0.000404388427912,0.026958345983,1,1,False,0.000404388427912,0.000241561226585,0.5973495033778928,,-1,,True,,,,,-1,,True,0.608108108108,40,40,C000066,4,9,14,74,0.5429340601815281,0.5082499805208639,OK states=241 max_d=0.223211 alphaT=0.00110946 MPa,63.081278095228924,7.616028583550049,44.91529832092834,45.94254046567266,2.5154197869963553,0.7251191908147254,20.975675440122473,0.8872718532878642,11.688452255929745,0.2363649083113987,10.780081496219356,3.638007286918289,81.9597600206954,0.1033389285601963,22.475136529346685,0.007634038659526761,18.6111264217222,33.31381776644134
241,0.0,0.0,0.0,1.0,0.0,0.0,0.0,0,0,False,0.0,0.0,0.0,,-1,,True,,,,,-1,,True,,40,40,C000067,4,5,14,44,0.5445660233712765,0.545599905559492,OK states=241 max_d=0 alphaT=0.000475125 MPa,52.401236753745806,6.123424690379682,10.554043677887238,59.359674482702765,5.2167467331982005,0.23673946525852219,29.597964023332672,0.8708882686313169,11.329213030132886,0.19970306728996967,8.887886939055928,3.1073096157583504,103.43689140300042,0.058797922126314475,25.616164878560614,0.012800588725978918,25.776519643292197,14.052777594954998
241,0.606427327113,0.34674182258,0.34674182258,0.0840067813094,0.00215014465247,0.000787307843493,0.324181665712,1,1,False,0.000787307843493,5.91299387749e-05,0.07510396252698547,,-1,,True,1.0,4.0,,,-1,,True,0.775862068966,40,40,C000068,4,7,14,58,0.5484755973318953,0.517402277871882,OK states=241 max_d=0.651495 alphaT=0.000364408 MPa,92.39271326433631,11.287377788875638,28.132042020945452,28.227159447823787,3.909580419084737,0.6123467532932132,23.358476025284745,0.8589645094573071,13.323794332745194,0.23538401024600705,9.127558657320348,3.5297756423268916,85.48508410012145,0.041100341218599026,26.58535613624766,0.009641572219376051,20.06410190072898,17.284809442564743
241,0.00530163343432,8.29812736042e-05,8.29812736042e-05,0.478298438734,0.00219514244457,6.25878370148e-05,0.00304152178223,1,1,False,6.25878370148e-05,1.40566502331e-05,0.2245907656111531,,-1,,True,,,,,-1,,True,0.529411764706,40,40,C000069,4,10,14,85,0.5460416774653827,0.5284279625679582,OK states=241 max_d=0.00604605 alphaT=0.0011603 MPa,56.33325393004421,9.72013953708381,12.471938645759902,60.23971463054178,4.135294465489873,0.7532559274100263,35.67628604967466,0.7227270790790679,13.478263384315905,0.2334496495327742,10.729323581657054,3.889735648345849,70.33490101942986,0.10901501230106411,29.179399150835227,0.006608280120208269,25.784218009070663,45.37592211094408
3,0.959272194806,0.815351613705,0.815351613705,0.0228541090491,0.00870491225945,0.00271231262748,0.942570109951,1,1,False,0.00271231262748,0.0,0.0,1.0,1,21.59064740727778,False,1.0,1.0,1.0,1.0,1,21.59064740727778,False,0.584415584416,1,40,C000070,4,9,14,77,0.5432596993181269,0.5291719041326008,OK states=241 max_d=0.98823 alphaT=0.000711788 MPa,99.28840346485455,8.48526459467061,21.59064740728038,22.599415669520518,4.394913316541248,0.26767465821205927,20.657121965671944,0.6979399763388339,14.605317650808074,0.24941942598221345,10.967417120390268,4.368670181043649,90.8445041379764,0.05744962619808325,25.594843168143207,0.0073322108934712835,14.417431215949483,6.049290865131161
3,1.0,0.939826444329,0.939826444329,0.0104029155748,0.0186656276618,1.70937648234,0.999867478242,1,1,False,1.70937648234,0.0,0.0,1.0,1,22.04845770736111,False,1.0,1.0,1.0,1.0,1,22.04845770736111,False,0.918367346939,1,40,C000071,4,6,14,49,0.549779090783431,0.5111803151532771,OK states=241 max_d=1 alphaT=0.00100305 MPa,98.43088075173833,3.76100439004799,22.048457707359653,41.924187258700606,3.5901120123028933,0.26101462817836607,28.028902837949225,0.6811523263100974,14.41633799702917,0.20080590689961964,13.485617059298251,3.6354164958216404,98.96427683210828,0.11539662804507216,47.86856230568471,0.01138541494551658,19.091952371988803,10.942826149009932
241,0.381260488978,0.190899924875,0.190899924875,0.135116393148,0.00234596728242,0.000526491660494,0.127736898121,1,1,False,0.000526491660494,0.000275529019313,0.5233302633026985,,-1,,True,8.0,,,,-1,,True,0.789473684211,40,40,C000072,4,7,14,57,0.5454145375004439,0.5056436971733962,OK states=241 max_d=0.396267 alphaT=0.000528256 MPa,80.37314851070443,8.69907222455372,25.29573628251364,60.12025394026433,3.4768458705223217,0.6737456580223077,39.557351380442796,0.8500710152546714,12.562317649223669,0.19659485747885258,9.006062691723645,2.4337365644776225,44.10472934332991,0.1181655783933663,46.93380472463912,0.009865783864128215,33.626557848758786,40.505760051451624
241,0.408420876224,0.277761179624,0.277761179624,0.101277504927,0.00334192019457,0.000766456161794,0.104257151602,1,1,False,0.000766456161794,0.000592398853993,0.7729063755015106,,-1,,True,4.0,24.0,,,-1,,True,0.569620253165,40,40,C000073,4,9,14,79,0.548296663060766,0.5479504117976597,OK states=241 max_d=0.417725 alphaT=0.000632396 MPa,70.48788929621162,10.971482218252998,44.178766398683564,34.16295864269427,0.9938360735710166,0.5815772553264499,29.859119769293287,0.7865557619538092,10.666367841885382,0.18877492372073706,11.597623839867047,3.3216266461027315,69.44672083693101,0.06448038239233365,30.224327970263683,0.007080932720300165,23.48586270140653,19.868399721249155
241,0.578437199637,0.482603147092,0.482603147092,0.0753525686626,0.00318351813694,0.00123457945968,0.255686396515,1,1,False,0.00123457945968,0.000262453534377,0.2125853725486631,,-1,,True,1.0,3.0,,,-1,,True,0.576923076923,40,40,C000074,4,9,14,78,0.5466090658440371,0.5393491476424017,OK states=241 max_d=0.589873 alphaT=0.000506457 MPa,57.49146790119855,3.9959539645262456,39.0014853532126,61.818873814216786,5.737670152756552,0.4878081959462799,22.667892943718133,0.6487598060684957,11.440421789388223,0.21074378776766373,11.690923957636427,3.62627951347832,78.40043032393311,0.046471398359054054,40.085590737183765,0.007193855811138702,14.706017830147998,30.155753310743812
241,0.337259335208,0.0805598815208,0.0805598815208,0.0120477462598,0.0048837095559,0.000727868638091,0.1619362763268,1,1,False,0.000727868638091,0.000457128425527,0.6280369858027166,,-1,,True,,,,,-1,,True,0.9375,40,40,C000075,4,6,14,48,0.5441346039936794,0.49560697010319615,OK states=241 max_d=0.36973 alphaT=0.000283587 MPa,86.23721717526671,4.607722123235063,28.886392938536392,67.08127306980727,0.1559560690552863,0.5231596803981324,35.793519125415614,0.7107881007499985,10.323394370942443,0.2507631560559877,13.791841482245033,3.070693022416052,101.6979189629311,0.03274611698724886,18.66830333419194,0.011743176248687837,25.441607478312914,35.094217379900215
241,0.583126584075,0.351645675769,0.351645675769,0.0837890045492,0.00642782471516,0.00151758343414,0.135288174112,1,1,False,0.00151758343414,0.00130647890557,0.8608942850712976,,-1,,True,3.0,16.0,,,-1,,True,0.803571428571,40,40,C000076,4,7,14,56,0.5450116243728629,0.4964057750489866,OK states=241 max_d=0.594611 alphaT=0.00108774 MPa,94.86231277569043,3.3105460329169922,9.329343964440719,45.403488965158125,0.450617654265815,0.24133359025032275,31.230872906128155,0.8518657023180966,11.945480147872072,0.2173341203898551,8.159571140894935,3.636638425870955,105.49022207550681,0.10362208063657348,42.83447375838452,0.01004938233863041,26.604509482186074,10.957387001852522
241,0.685116946645,0.592099198793,0.592099198793,0.0945092085476,0.00900796657163,0.00244075129,0.291656525725,1,1,False,0.00244075129,0.000830852921014,0.34040867843359823,,-1,,True,1.0,3.0,16.0,16.0,1,1324.2680204722224,False,0.405405405405,40,40,C000077,4,13,14,111,0.5466785686459824,0.5314381751469825,OK states=241 max_d=0.692576 alphaT=0.00163612 MPa,94.46281524992814,9.166195760986657,44.4071804696509,40.91687553042965,4.047876407415998,0.46818800386231674,29.77748871420757,0.8890034547900997,9.977189510490689,0.1843351343317079,10.9586564993572,4.466696374858357,95.8338594652335,0.08629282328645793,43.03177789774233,0.005054499228270384,26.472290341903733,19.15679027887473
241,0.512392942941,0.291775643242,0.291775643242,0.0895891821411,0.0030559338174,0.00084058544663,0.230452203767,1,1,False,0.00084058544663,0.000480428680835,0.5715405646874945,,-1,,True,1.0,13.0,,,-1,,True,1.09756097561,40,40,C000078,4,5,14,41,0.5434255230408704,0.5073351553984476,OK states=241 max_d=0.545799 alphaT=0.000537833 MPa,83.28193312648355,4.025063178502902,12.661581007614082,26.71718667478794,0.12704846445908008,0.46421907486673747,22.05269216773513,0.816334144299362,9.672597660626547,0.18365763459945547,12.073637036520417,2.375490706145545,76.1463380114557,0.09723172207266544,15.176139358020142,0.013766047800324316,18.0023655902453,12.402627681211984
241,0.916325625125,0.79283518618,0.79283518618,0.0274540536159,0.00624366232233,0.0018857818277,0.729453901281,1,1,False,0.0018857818277,0.00132601874199,0.7031665712927583,,-1,,True,1.0,1.0,1.0,1.0,1,29.17429957666667,False,1.18421052632,40,40,C000079,4,5,14,38,0.5385217885169917,0.46596998699118325,OK states=241 max_d=0.958049 alphaT=0.000563989 MPa,101.53053998020587,10.635961230146528,29.174299576559115,54.194363249576845,3.157371517341961,0.46044816417563666,23.848313955293815,0.6819687600974662,8.09427756747456,0.2278427676288187,12.884058111548741,2.379216765755061,99.3830720338356,0.08505589284060004,26.048884373215635,0.014988089780409273,16.263805098506822,24.95369506693525
241,0.910719514747,0.730745724823,0.730745724823,0.0376635232573,0.0072424235551,0.00177913056706,0.874983387714,1,1,False,0.00177913056706,0.00138455105131,0.7782177862291244,,-1,,True,1.0,1.0,1.0,1.0,1,14.392269726111111,False,0.51724137931,40,40,C000080,4,10,14,87,0.545692561392713,0.5405157575625984,OK states=241 max_d=0.94695 alphaT=0.000778294 MPa,101.80249721730966,7.87041080491014,14.392269726117096,61.7788421743573,1.6236711181760592,0.3050426402881647,36.47460592323339,0.7043870530892771,11.342871916159549,0.23736374130766325,12.511734803224117,4.07820375650164,89.81665761259559,0.055982551401776146,37.90417398224706,0.006460496204119601,25.69224017885906,18.845181130811774
241,0.687829649411,0.600317238735,0.600317238735,0.106227138964,0.00937344238497,0.00214116559908,0.450039748232,1,1,False,0.00212543038536,0.00214116559908,1.0074033070329587,,-1,,True,1.0,2.0,11.0,11.0,1,735.4270654555555,False,0.424528301887,40,40,C000081,4,13,14,106,0.5487179332119483,0.5093927271501107,OK states=241 max_d=0.697054 alphaT=0.00182491 MPa,100.8620417177913,3.7426015001931443,33.479984815071404,36.71472324885912,0.33419797073907936,0.5522021868809057,33.440552676559676,0.7461923556066199,9.407983477393635,0.24402757829323496,12.33606299917632,4.112130292407464,89.86519714394538,0.10708498257421563,36.84237402192851,0.005273247345288998,24.95308477450932,20.27395046874724
9,0.99386910955,0.805039200636,0.805039200636,0.0338253411575,0.00940811686238,0.179779835521,0.920042315517,1,1,False,0.179779835521,0.00122415428785,0.006809185714862928,2.0,1,59.786553235,False,1.0,1.0,1.0,1.0,1,22.74408020711111,False,0.9,2,40,C000082,4,6,14,50,0.5424873242587437,0.5146943749494661,OK states=241 max_d=1 alphaT=0.00095277 MPa,93.29333133397331,3.3228551024586146,22.744080207111438,14.298392820652255,5.655743598144718,0.3113223375713819,23.887775186013922,0.8387012672344814,8.3913878314574,0.2261840993947503,13.238723425845217,2.807725382671473,100.72220541762263,0.10696368591031706,49.997826040468155,0.011307681379986749,20.034707319922276,4.451409076439325
241,0.0663949487999,0.00273826584581,0.00273826584581,0.167958892607,0.00479228172858,0.000155269087644,0.00910012405455,1,1,False,0.000138100046722,0.000155269087644,1.1243232086413546,,-1,,True,,,,,-1,,True,0.542168674699,40,40,C000083,4,10,14,83,0.549450283238281,0.5192154021324229,OK states=241 max_d=0.0713371 alphaT=0.00123509 MPa,65.19014961804018,9.551915507688165,21.145959611064,61.28703810757568,2.090672302805457,0.5368747003519507,27.17847407665532,0.6692453720117638,9.436319828379496,0.24424560725291866,8.298311001368917,3.2908766725502243,73.18522820373164,0.11350185123252199,38.130217628892666,0.006725532381470809,18.18906799414327,32.90346021946328
241,0.354455672738,0.0444878185976,0.0444878185976,0.0505975756028,0.00478366703405,0.000733517235335,0.110331124864,1,1,False,0.000733517235335,0.0,0.0,,-1,,True,,,,,-1,,True,0.775862068966,40,40,C000084,4,7,14,58,0.5488302079937347,0.5177367984322968,OK states=241 max_d=0.37677 alphaT=0.000606195 MPa,87.41793001502538,4.632299985417621,8.644403703674346,51.48326360157998,4.0749411370644415,0.3230177647644368,32.11887407805196,0.7562018568834368,11.586395243465432,0.2522417191559454,10.74185706653536,2.9333471308897847,67.84563997409055,0.08609099843923614,25.3506244476111,0.009635342598163357,24.288352218828177,16.63000873136065
241,0.0,0.0,0.0,1.0,0.0,0.0,0.0,0,0,False,0.0,0.0,0.0,,-1,,True,,,,,-1,,True,,40,40,C000085,4,12,14,101,0.54737724740451,0.5245271131549052,OK states=241 max_d=0 alphaT=0.000732046 MPa,40.71905387769513,7.6532347632707936,36.747894735623085,21.65951101832735,4.478440171773481,0.34842239690077215,39.76000670922197,0.6760542693207815,11.536024017049982,0.24090199315415153,11.259507136537078,3.6697119935807647,61.405752678035824,0.06613848087236207,38.213578088299684,0.005547854299651059,26.87992228399243,7.5466587447043
241,0.611859102199,0.449201765841,0.449201765841,0.0608144230103,0.00878766602959,0.00282074346978,0.235987840199,1,1,False,0.00282074346978,0.0,0.0,,-1,,True,1.0,4.0,,,-1,,True,0.692307692308,40,40,C000086,4,8,14,65,0.5456751850132986,0.5047759409735998,OK states=241 max_d=0.649675 alphaT=0.00123594 MPa,88.31058474963234,9.18668198916954,27.91065075707512,13.911367554220533,4.624125497381031,0.31431785184787997,25.426134327078366,0.5597029331309827,12.305536651617949,0.27300694916884766,8.35775276810826,3.755531179314005,93.9731939283821,0.11373100780532848,36.988527732674534,0.008647401046057959,14.231081961048128,4.372591165908894
241,0.388520227592,0.195206592884,0.195206592884,0.0443320285532,0.0020418655349,0.000451903675097,0.17935848281900002,1,1,False,0.000451903675097,0.000322649771035,0.7139790818601863,,-1,,True,3.0,,,,-1,,True,0.818181818182,40,40,C000087,4,7,14,55,0.5476297426904634,0.48988342989512446,OK states=241 max_d=0.417818 alphaT=0.000240252 MPa,62.41304499921862,6.885993036373949,37.619748658727474,40.25017546012923,0.6958372401555821,0.6494441315702253,34.69045623578427,0.7182861494503031,11.627637270538376,0.2579490945049224,13.28539839496622,2.5332635297745036,53.28793767033146,0.04591148325589306,37.750719191141854,0.010183180577549626,24.91767423227574,26.14024024725282
241,0.77349576216,0.608048270086,0.608048270086,0.0858614680077,0.00329609050154,0.000784691407753,0.688449868426,1,1,False,0.000648648245565,0.000784691407753,1.2097333387057891,,-1,,True,1.0,1.0,5.0,5.0,2,406.3350763527778,False,0.445544554455,40,40,C000088,4,12,14,101,0.5456479341234552,0.5228699896494011,OK states=241 max_d=0.809648 alphaT=0.000565809 MPa,84.76657070849645,10.683661217088849,24.613388238666307,70.3100818503131,2.027807756872152,0.5885942967507539,35.646142102095894,0.81512836706197,13.822924694413983,0.20825533118216885,10.55906925944733,3.7853530902587904,54.70012563049257,0.05756799759531144,49.26729318760834,0.005565437025657628,29.056181603740363,41.384113181172985
241,0.00151901650654,0.000202955850793,0.000202955850793,0.820800552549,0.000746551805551,2.03262971776e-05,0.000831688562229,1,1,False,2.03262971776e-05,3.02040823558e-06,0.14859608758001197,,-1,,True,,,,,-1,,True,0.9375,40,40,C000089,4,6,14,48,0.5426724955557615,0.494275257090349,OK states=241 max_d=0.00180727 alphaT=0.000618235 MPa,45.197574185389605,11.04374640318706,37.165992991361406,63.7250731024966,2.460976764755514,0.6179460062441864,24.536265636601343,0.8790304887745855,12.21157451396406,0.22392931688687587,13.180726699373926,2.751401847596801,69.20965756571758,0.1051819203862236,18.14808645679449,0.011774815584054521,21.568125575244743,39.3786544213066
241,0.59561044731,0.499599056735,0.499599056735,0.0657397275494,0.00258108998044,0.00100955452848,0.23172123573300002,1,1,False,0.00100955452848,0.0006341626373,0.6281608565064876,,-1,,True,1.0,2.0,,,-1,,True,1.02272727273,40,40,C000090,4,5,14,44,0.5419486358047524,0.5429775487692768,OK states=241 max_d=0.612067 alphaT=0.000379551 MPa,69.58911132695866,8.3385265152148,36.85834551143812,49.37049294745396,2.0778678741244025,0.8227509407277129,27.123728081738403,0.7602632195952128,14.453152333593815,0.20871630870605737,9.000809997478852,3.4688867231059173,101.53510340413779,0.0480812531839916,46.43134340854783,0.012862410270608906,20.621172838847524,40.61961951670866
241,0.739300674843,0.525400490216,0.525400490216,0.095331797336,0.00395238864606,0.00147124464896,0.658170125315,1,1,False,0.00107067006298,0.00147124464896,1.3741344788002003,,-1,,True,1.0,1.0,11.0,11.0,2,842.8309867138889,False,0.459183673469,40,40,C000091,4,12,14,98,0.5491390282942777,0.5105851900377385,OK states=241 max_d=0.781335 alphaT=0.000721561 MPa,84.93018344097358,8.614448966117894,42.87374582033842,37.015700905215,1.0627736387789886,0.6062314769654789,37.47516561554234,0.6240799009238243,11.305312296917007,0.22877838137828083,12.68955115265343,3.419634697498033,55.895628379283245,0.07357323180094066,35.475911130156945,0.005699342747847648,23.387497644451567,22.440083030680903
241,0.687225676808,0.601086795262,0.601086795262,0.0822089122643,0.00248892453558,0.00116307001289,0.332176780628,1,1,False,0.00116307001289,0.00104309798789,0.8968488365529319,,-1,,True,1.0,1.0,7.0,7.0,2,439.18850999166665,False,0.9375,40,40,C000092,4,6,14,48,0.5390941776673074,0.49101606483581006,OK states=241 max_d=0.7161 alphaT=0.000416527 MPa,56.657750309285966,6.379723216380864,39.50557517770531,27.053511525659786,0.328414593189823,0.6980710078205947,21.413515915201973,0.5998567286263932,13.928070948108637,0.19507668089502228,9.980587541532039,2.669191346916186,57.487302503604035,0.08588126489173187,41.333249348733744,0.011852972676049072,12.845041605282262,18.8852720558034
241,0.336163492574,0.204611173094,0.204611173094,0.0826387567572,0.00302971848571,0.000583453219112,0.112646434949,1,1,False,0.000583453219112,0.000281477352735,0.4824334556991577,,-1,,True,6.0,,,,-1,,True,0.608108108108,40,40,C000093,4,9,14,74,0.5429283256355315,0.5082446123130007,OK states=241 max_d=0.346827 alphaT=0.000508576 MPa,70.3875618981629,5.989878132557547,44.79846690959728,41.208708277620275,0.9764916339732802,0.30460289210569313,33.167446391054966,0.6464623045379916,9.108515173841846,0.27205434185614064,11.510504256630199,2.5111625611027764,50.11147807047879,0.07747785660962574,42.23751402802475,0.007634119292169718,21.441503829601686,12.552291721302952
241,0.166029614227,0.00390437009034,0.00390437009034,0.0832836866375,0.00429830089591,0.000288105349059,0.016753892912600002,1,1,False,0.000288105349059,0.000272981351427,0.9475053216422483,,-1,,True,,,,,-1,,True,0.5,40,40,C000094,4,11,14,90,0.5443865763691341,0.5071054814901834,OK states=241 max_d=0.17331 alphaT=0.000724807 MPa,68.40923016190112,7.764514743163975,39.26817406962345,16.658207193020345,0.27201522613730683,0.8275018358823063,31.992907307022545,0.5972723944977364,9.996072422777186,0.2185122875680719,12.234370234559606,3.810608139508358,86.22210742371267,0.0526243943402747,15.755066740865844,0.006260128455359451,19.108480354209483,13.784697034732176
241,0.00939617292537,3.94650223858e-05,3.94650223858e-05,0.167340305688,0.00215298842596,6.01209884661e-05,0.0024989559210700004,1,1,False,5.31464802904e-05,6.01209884661e-05,1.1312317981847582,,-1,,True,,,,,-1,,True,0.432692307692,40,40,C000095,4,12,14,104,0.5477286796655884,0.5404538910469222,OK states=241 max_d=0.011196 alphaT=0.000553594 MPa,70.68735563810512,5.856194568538021,43.44480515912057,69.81968689448897,0.3694611794946523,0.8668584603679401,39.8450261237557,0.7893392827094683,9.3207938707192,0.18021402586262408,11.832027333389384,3.7936214311232477,78.8252975328349,0.037814669243018774,19.602030643084433,0.005384363121825228,31.45124434006535,60.52378628472835
241,0.0,0.0,0.0,1.0,0.0,0.0,0.0,0,0,False,0.0,0.0,0.0,,-1,,True,,,,,-1,,True,,40,40,C000096,4,12,14,104,0.5492661206645427,0.5419709121578987,OK states=241 max_d=0 alphaT=0.000616227 MPa,68.60690227576043,9.385977284815114,41.29529871580329,63.77447620575102,0.37486217782171904,0.377251420488566,35.9329640135049,0.8537641787734376,8.06210901245801,0.1843816370234263,8.815226566878865,3.1698596710315305,63.44897617341236,0.052147448220631734,18.027984151594254,0.00536929184707277,30.678277511885497,24.059011739533826
241,0.0127970912419,0.000312290724219,0.000312290724219,0.202931614917,0.00347783325703,0.00010048800214,0.00503431995265,1,1,False,0.00010048800214,0.0,0.0,,-1,,True,,,,,-1,,True,0.6,40,40,C000097,4,9,14,75,0.5481629036946895,0.5200791806023018,OK states=241 max_d=0.0154955 alphaT=0.00101108 MPa,52.115620948458584,4.497535580377954,9.98506137366661,32.38533871795825,4.199222575517375,0.3172945046178033,35.47484155854439,0.8014307149960236,13.331370644133568,0.23496778857685557,12.15685064801832,3.8526050635734403,78.7540028725902,0.09578022521891487,32.35044066082425,0.007460402463152983,28.430627634634885,10.275690005394328
241,0.0807795965913,0.00355055375273,0.00355055375273,0.1166074228,0.00556611132133,0.000203415731743,0.01153454467393,1,1,False,0.000203415731743,9.85603114484e-06,0.04845264946023118,,-1,,True,,,,,-1,,True,0.661764705882,40,40,C000098,4,8,14,68,0.5499340589102676,0.5321947871187971,OK states=241 max_d=0.090313 alphaT=0.00114602 MPa,78.01106585240984,10.671587122102563,42.679642248925326,45.82109413343287,5.695755464006057,0.6554936229984358,37.58125151766924,0.5911219195789765,9.928868630144093,0.2109403180854843,9.045474002703925,3.684873444038189,106.3494435302684,0.08838371162983356,27.297223476559747,0.008201884170326601,22.215101537304964,30.035435003276287
241,0.218711897128,0.0367996596477,0.0367996596477,0.0464455334309,0.00466637975334,0.000333092764852,0.033733511307900005,1,1,False,0.000333092764852,0.0,0.0,,-1,,True,,,,,-1,,True,1.02272727273,40,40,C000099,4,5,14,44,0.5386848906205849,0.5397076072234783,OK states=241 max_d=0.242725 alphaT=0.000563558 MPa,58.27469170981267,4.267331978220857,43.98488957755119,20.044326403019515,2.1909926677416744,0.3556906412429661,26.911736854599628,0.6545408838546543,14.8316748998135,0.24186377727956168,10.760800415989529,2.9805407379736955,73.48891223880986,0.09923442548801018,19.358987483578474,0.01294034011476905,17.614832026873515,7.129579311573328
3,0.94214811895,0.817818684096,0.817818684096,0.0247826223282,0.00626741130529,0.0119305137755,0.794143667101,1,1,False,0.0119305137755,0.0,0.0,1.0,1,29.920154660833337,False,1.0,1.0,1.0,1.0,1,29.920154660833337,False,1.15384615385,1,40,C000100,4,5,14,39,0.5407031842379555,0.4801695357656856,OK states=241 max_d=0.985256 alphaT=0.000535472 MPa,102.53767775185054,10.390314384986755,29.920154660810823,40.10116869822251,4.593312843020098,0.7189477162218831,33.93054722331193,0.6229656751566542,14.02839138198949,0.1866952943223845,11.382775380015,3.185170506632132,99.73402042607793,0.07809135287189159,25.049826504348847,0.01454486276157275,21.137566259405258,28.83064365341554
241,0.48666472233,0.232777639372,0.232777639372,0.080379378706,0.00171979699679,0.000493206763164,0.279736623322,1,1,False,0.000493206763164,0.000153149585175,0.3105180151880339,,-1,,True,1.0,,,,-1,,True,0.692307692308,40,40,C000101,4,8,14,65,0.541539825086045,0.5009505330095322,OK states=241 max_d=0.532509 alphaT=0.000284059 MPa,89.11007245597538,11.621520268382136,40.528615109654794,58.018347427490156,2.960491697910832,0.6544589363076181,21.382124732869883,0.6409297895965658,12.314312283067318,0.2584890070050878,8.906241822594824,2.639326788379416,46.7349491858665,0.05296104089319979,16.69904856017819,0.008713435184461495,13.704440706165819,37.97062594372104
3,0.985329739323,0.911195215808,0.911195215808,0.0108954704167,0.00687337135122,0.0125468330565,0.978337864176,1,1,False,0.0125468330565,0.0,0.0,1.0,1,23.670017326666667,False,1.0,1.0,1.0,1.0,1,23.670017326666667,False,0.692307692308,1,40,C000102,4,8,14,65,0.5497310628953418,0.5085278242012244,OK states=241 max_d=1 alphaT=0.000378479 MPa,73.29596505727743,6.922596497563934,23.670017326666507,28.505751456324003,5.956165667007156,0.7825378099428859,20.88171181601772,0.6919829569869941,13.125197660288245,0.2323335652496301,11.820932436395431,3.559527824566345,78.56419422290185,0.04135106507220444,49.72485510024386,0.008583601117316183,14.449788689398195,22.306828315408016
93,0.998715857965,0.803172939487,0.803172939487,0.0708553170115,0.00757637465769,1.55357669437,0.528827091488,1,1,False,0.123170468831,1.55357669437,12.613223844277437,16.0,1,975.8490505111112,False,1.0,1.0,1.0,1.0,2,15.528367116472221,False,0.803571428571,16,40,C000103,4,7,14,56,0.5432989815368162,0.49484587108292327,OK states=241 max_d=1 alphaT=0.00116318 MPa,101.91045227510025,11.29935023523121,15.013683946284388,49.04200715798343,0.5146831701783211,0.4532863466896631,21.05168292305798,0.7734276282254261,6.135782420047972,0.2509832855759064,10.899165978315207,2.6485596130918,109.27781411028674,0.10730490153481449,42.72428598455893,0.010081061033518194,16.28195319333444,22.230072258970615
241,0.0,0.0,0.0,1.0,0.0,0.0,0.0,0,0,False,0.0,0.0,0.0,,-1,,True,,,,,-1,,True,,40,40,C000104,4,11,14,90,0.549431601692213,0.5118050095583687,OK states=241 max_d=0 alphaT=0.000502952 MPa,43.944742238345796,7.025731314836144,13.43673634918253,71.49621013083242,4.932429007992839,0.7791208800739822,32.22572647446344,0.8901829953809169,6.013840338832434,0.1955108790040609,10.817175738519666,2.0416318337572603,40.76206547224546,0.07653278029787638,37.47042859767303,0.006202646311111209,28.686793721363983,55.70419015908852
241,0.0,0.0,0.0,1.0,0.0,0.0,0.0,0,0,False,0.0,0.0,0.0,,-1,,True,,,,,-1,,True,,40,40,C000105,4,11,14,89,0.5497155565044902,0.5063798570464543,OK states=241 max_d=0 alphaT=0.000777802 MPa,68.90953948289409,8.835585638157426,8.91070359993342,64.7124534338187,5.250232644350583,0.7054620732963335,35.46496111014787,0.8667569292001306,8.05080554049762,0.2668558312418102,8.479535778689216,3.3550193621946574,83.10593770993805,0.05867355005481477,32.77179099245035,0.0062690989982530565,30.73950078603382,45.65218156751417
241,0.102777963597,0.013705890946,0.013705890946,0.047792571107,0.00366385443354,0.000168863531796,0.0167275987788,1,1,False,0.000168863531796,0.0,0.0,,-1,,True,,,,,-1,,True,1.07142857143,40,40,C000106,4,5,14,42,0.5385879796304633,0.5150827616871143,OK states=241 max_d=0.125751 alphaT=0.000449636 MPa,65.07361455123062,9.803165740652783,32.58721692715281,33.41492442864224,5.484955866625752,0.45122161469864525,38.96212483118426,0.5620545339082841,7.4485475020201,0.2591598888951336,12.139263191617212,2.1986502373147556,83.43420239004604,0.07307077997680966,40.90455546476913,0.013558986088224806,21.898838912067653,15.077536155725156
241,0.373485355096,0.181464487981,0.181464487981,0.0747459840465,0.00284122800117,0.000506213680228,0.0530851963916,1,1,False,0.000506213680228,0.000265211058244,0.523911282137907,,-1,,True,15.0,,,,-1,,True,0.5,40,40,C000107,4,11,14,90,0.5496159143315174,0.5119766999595585,OK states=241 max_d=0.379577 alphaT=0.000449891 MPa,57.57667296689999,6.272148844388708,19.440981506653067,25.254819252138013,2.731310158081523,0.776218243139986,20.560165169377875,0.6350337988763594,9.70391500788654,0.19501314580088602,9.962757055167883,3.344678130595338,67.77495396844044,0.041159460956841386,27.865678820918767,0.006200566265605861,13.056399793035439,19.603251430712465
241,0.392031166455,0.226989289356,0.226989289356,0.0681600760023,0.0062411259627,0.000933951272589,0.0761452845615,1,1,False,0.000933951272589,0.000460103758155,0.49264214489429353,,-1,,True,6.0,,,,-1,,True,0.882352941176,40,40,C000108,4,6,14,51,0.539777126660186,0.5223654879345939,OK states=241 max_d=0.40425 alphaT=0.000937016 MPa,65.66894868467537,6.7277678615197924,37.387560572434666,69.14635996552241,5.887301158961592,0.7420231753305433,26.83607266150777,0.6670348310723402,12.05903147676113,0.25478546532129087,10.44335880749886,3.5196661414937083,108.52135852876917,0.09620117543016221,37.45768563636479,0.011141624273479428,17.90059519441388,51.308201584165694
241,0.153830630027,0.00848884832107,0.00848884832107,0.0550812646805,0.00600626479308,0.000298331011806,0.0183114485648,1,1,False,0.000298331011806,9.04079353584e-05,0.3030457169407211,,-1,,True,,,,,-1,,True,0.803571428571,40,40,C000109,4,7,14,56,0.5448444923596539,0.49625354839391667,OK states=241 max_d=0.175944 alphaT=0.000798521 MPa,61.09750147006358,10.698338087504753,17.08080861082038,55.4978971143606,3.3930798593544145,0.4959673101668863,31.326698580707973,0.6432671725516246,14.681144725501206,0.23787490533426972,10.46290799847565,3.827424153235146,95.10471259554778,0.08440281989932805,22.52234329127158,0.010052465004465,20.15143682138901,27.525142751728026
241,0.081826450463,0.00315885938957,0.00315885938957,0.139876140284,0.00406424954172,0.000153972181741,0.00989934092451,1,1,False,0.000153972181741,0.0,0.0,,-1,,True,,,,,-1,,True,0.483870967742,40,40,C000110,4,11,14,93,0.5450497248929337,0.5246473229656848,OK states=241 max_d=0.0863385 alphaT=0.000934828 MPa,55.95444928047401,3.1557114301885405,46.776735134061724,14.91395261063651,5.394649213584283,0.7215093420850294,38.873589571784,0.5848323986035503,7.795420205206011,0.1913112820415266,10.961968334139758,3.2924387191270985,79.77855395289785,0.07090218560581418,40.86797664051714,0.006050817979210555,22.734534631596397,10.760556135987654
241,0.247871470863,0.0355994762684,0.0355994762684,0.0915767798977,0.00668868987734,0.000568191452961,0.0263977999213,1,1,False,0.000568191452961,0.0,0.0,,-1,,True,,,,,-1,,True,0.428571428571,40,40,C000111,4,12,14,105,0.5458106353468546,0.5437397959366183,OK states=241 max_d=0.253285 alphaT=0.00119249 MPa,89.16709037125928,8.195415030942508,31.249202114104865,21.569768509542364,4.5869741553299095,0.5676562094385235,38.74326179105387,0.6890104277271861,6.396150499743199,0.19509870451212416,10.949119921600122,3.7164133463396456,109.57397538822458,0.05824360305868513,32.460705771365724,0.005351824570771727,26.694511378200374,12.244213030593247
241,0.433853980592,0.132603994707,0.132603994707,0.0563259357349,0.00195362016298,0.000400559032674,0.282841399069,1,1,False,0.000400559032674,0.0,0.0,,-1,,True,9.0,,,,-1,,True,0.633802816901,40,40,C000112,4,8,14,71,0.5424227012424561,0.5480842118053043,OK states=241 max_d=0.492774 alphaT=0.000263041 MPa,67.58854056069545,9.431157923952277,22.366192599970837,15.10430809367073,4.3035915203402215,0.39648670222623295,31.510399903958362,0.815391350899773,13.982694275731202,0.2616452529191285,13.304020100966902,2.8661956258246373,44.36433263801584,0.047220060364306315,29.250433537105156,0.007964104613819042,25.693307545080685,5.988657305468506
241,0.28063999159,0.0719463639508,0.0719463639508,0.0642921566671,0.005228659026,0.000646748903757,0.0621953663494,1,1,False,0.000646748903757,0.0,0.0,,-1,,True,,,,,-1,,True,0.849056603774,40,40,C000113,4,6,14,53,0.5431722988733098,0.5462649120417568,OK states=241 max_d=0.296637 alphaT=0.000759129 MPa,75.08073413053053,9.289388755282095,29.501632370424907,19.305382502254993,3.0264454323883516,0.4476225297268914,39.571919928644355,0.7725852067754215,12.952553884573955,0.22738734712434935,11.630894033288929,3.250072337296295,82.380899001738,0.09817672648319452,32.410662841119446,0.010654171395059532,30.572679940572122,8.641524153004646
3,0.943855642018,0.828167033659,0.828167033659,0.0266395564322,0.00921935145852,0.00245375437392,0.91445579655,1,1,False,0.00245375437392,0.0,0.0,1.0,1,40.85636267611111,False,1.0,1.0,1.0,1.0,1,40.85636267611111,False,0.5625,1,40,C000114,4,9,14,80,0.5434416289900922,0.5499731075422846,OK states=241 max_d=0.97845 alphaT=0.00081923 MPa,104.70250781414292,3.9909091901992872,40.85636267600901,23.389802070010575,5.111660675380748,0.2169684388521075,23.257384365306397,0.8033187693222688,11.601454286712965,0.2653035407010592,12.9644222653137,4.277145486104695,105.47804835695423,0.054794129573714295,24.115406060604407,0.007054890406076236,18.68309338599291,5.074848840189987
241,0.201408559197,0.00259905729604,0.00259905729604,0.0867346961101,0.00310344916235,0.000342902358348,0.0263167153264,1,1,False,0.000342902358348,3.30500512072e-06,0.00963832718049102,,-1,,True,,,,,-1,,True,0.454545454545,40,40,C000115,4,12,14,99,0.5447066437384577,0.5116319933442492,OK states=241 max_d=0.210021 alphaT=0.000535909 MPa,56.271543024453266,10.7189506777637,13.27479960043377,56.10798978176396,5.276501470461943,0.4050017897511552,39.033974355873866,0.8693732972830419,12.38810086124271,0.20307282534438625,13.902192082295622,3.662862014605775,58.40471116302548,0.05218896440794724,35.45339607522148,0.005687681845263374,33.93509499182777,22.723836280953932
241,0.270939206547,0.061305928479,0.061305928479,0.0862885102892,0.00690184428593,0.000604420762854,0.0510069820525,1,1,False,0.000604420762854,0.000168128105237,0.27816401349801406,,-1,,True,,,,,-1,,True,0.489130434783,40,40,C000116,4,11,14,92,0.5453471079447716,0.5192891272845234,OK states=241 max_d=0.278027 alphaT=0.00118823 MPa,92.4329617280292,9.603468217871399,38.147246523104826,38.95535006247831,4.149684955188464,0.7135645466984271,38.492347669102806,0.5870412437728227,8.357117084029438,0.272662565978202,9.139300568996092,3.158240779652438,69.18031076270549,0.10499981904141319,39.38436748991595,0.006113252305408061,22.596595651406027,27.797156708810878
3,0.9935964826,0.965923416205,0.965923416205,0.0116550895318,0.00998029869237,0.0260124523746,0.981269731935,1,1,False,0.0260124523746,0.0,0.0,1.0,1,31.340227491666663,False,1.0,1.0,1.0,1.0,1,31.340227491666663,False,0.9375,1,40,C000117,4,6,14,48,0.5461394637742929,0.4974330301884377,OK states=241 max_d=1 alphaT=0.00056947 MPa,100.54010206301976,5.8520927678028904,31.340227491597524,60.416953929684915,4.464372506771569,0.4135880829050191,29.850346917706652,0.6542413604702315,14.818351477822443,0.21694986979235692,13.519400438587361,2.7284108946896555,55.729381685817124,0.11955696552611508,20.284085997264093,0.011700067439822527,19.52933157794878,24.987732150739244
241,0.0128426046657,0.000454293218377,0.000454293218377,0.304435018238,0.0027379298692,7.37260688208e-05,0.005296951303349999,1,1,False,7.37260688208e-05,2.38380814845e-05,0.32333314207273545,,-1,,True,,,,,-1,,True,0.608108108108,40,40,C000118,4,9,14,74,0.5444136961182582,0.5096350933571623,OK states=241 max_d=0.0147251 alphaT=0.0010431 MPa,40.95555266387454,7.5535223892790935,20.65335702281733,70.06314698120991,2.2937396913954267,0.31049817428174786,30.403273478131002,0.5600614743632637,12.627527863000061,0.20612926508381993,11.239538371717348,3.4962313004425836,69.87640907438674,0.11365009345612138,26.808132690407348,0.007613290471111293,17.02770216963156,21.75447922209943
241,0.28568899344,0.0377486223846,0.0377486223846,0.136666333988,0.0053506732577,0.000733990791617,0.0534763652207,1,1,False,0.000733990791617,0.000350586186809,0.47764384895980766,,-1,,True,,,,,-1,,True,0.642857142857,40,40,C000119,4,8,14,70,0.5445360993371493,0.5424700955956004,OK states=241 max_d=0.298248 alphaT=0.0012133 MPa,78.86971750871382,7.983904275818947,24.00823655383117,42.165586076970285,2.6634966434201814,0.6699099980991673,29.590771892619188,0.8815381399635016,12.633231700700277,0.228870879414644,10.84914746714603,3.8337303797196736,88.75918756905158,0.10999237186203456,25.443529672171252,0.008046526500612872,26.085394014303784,28.24714768867344
241,0.621317963445,0.47544699135,0.47544699135,0.0790878684299,0.00545389759442,0.00111449365556,0.122807972731,1,1,False,0.00106138920294,0.00111449365556,1.0500329685594154,,-1,,True,1.0,8.0,,,-1,,True,0.818181818182,40,40,C000120,4,7,14,55,0.5458379210802333,0.48828055180477964,OK states=241 max_d=0.63126 alphaT=0.000892366 MPa,97.57791495378481,9.246697120031552,15.939490470241125,70.7528754538746,3.109768067206363,0.668064808044541,26.369573451852894,0.8399517244372795,6.277247497806869,0.2598824582643858,9.314253216835782,2.293554496158885,81.17678452404735,0.11230988311711293,42.04559769335167,0.010216608894482277,22.149168693559343,47.26750615869205
241,0.608356183356,0.428929095955,0.428929095955,0.138572281621,0.00389104145807,0.000997181076639,0.40728860851,1,1,False,0.000997181076639,0.000339036239178,0.33999465806222684,,-1,,True,1.0,2.0,,,-1,,True,0.775862068966,40,40,C000121,4,7,14,58,0.5482048816617734,0.5171468993189289,OK states=241 max_d=0.648606 alphaT=0.000889851 MPa,75.94505959990747,8.31397523587923,17.075304505427965,16.398800219979712,1.649476733853242,0.6205116351313411,34.1119349415667,0.7703034352814032,12.434021623670013,0.21792291492899146,13.080132799968673,3.1929614786356795,74.99187475301672,0.11446301793023059,40.11450835497881,0.00964633344053936,26.276540669584563,10.175646338691807
241,0.892093336089,0.634879318098,0.634879318098,0.0544989158169,0.00503808786092,0.000871138732858,0.843478171083,1,1,False,0.000871138732858,0.000367675684674,0.4220632957826856,,-1,,True,1.0,1.0,1.0,1.0,1,20.894459578194446,False,0.5625,40,40,C000122,4,10,14,80,0.5482941219310126,0.4993955291598731,OK states=241 max_d=0.932258 alphaT=0.000665785 MPa,86.83170771879517,7.49953424488088,20.894459578200347,42.49101082575035,4.195854118531762,0.6350504108127408,35.56363890979527,0.7245627076126084,13.460931805300927,0.18559461536730157,13.076041215250893,3.445372804803365,58.465962664758486,0.07962697574018054,28.767616049911283,0.006992453468445234,25.768086501038376,26.98393388074138
241,0.418322153901,0.280011893337,0.280011893337,0.123820156206,0.00321983636453,0.00073450547532,0.189364527223,1,1,False,0.00073450547532,0.000265461178899,0.36141484007773694,,-1,,True,3.0,21.0,,,-1,,True,0.420560747664,40,40,C000123,4,13,14,107,0.5498084280467259,0.5152202111792432,OK states=241 max_d=0.428067 alphaT=0.00068745 MPa,53.53285560433604,11.057303486392772,30.305281826505656,27.766396112698022,2.617784573217142,0.5035616917880659,23.219859983514308,0.6748093969056489,12.047553369054402,0.2287497973651743,13.016077272962459,3.428763220717259,48.238114506664,0.07429995407031978,35.22834987803703,0.005213603402719273,15.6689797117089,13.982093401367791
241,1.72677642621e-06,2.67821222108e-07,2.67821222108e-07,1.0,5.53204236763e-08,5.52653979649e-08,1.72677642621e-06,1,1,False,5.52653979649e-08,0.0,0.0,,-1,,True,,,,,-1,,True,1.125,40,40,C000124,4,5,14,40,0.5496865709872022,0.5006637952335544,OK states=241 max_d=2.23135e-06 alphaT=0.000792585 MPa,64.89288146545528,9.792079039484236,15.03396154692026,61.38751803511172,3.4585990733028646,0.7911054020159871,38.35512046662087,0.8167772715263939,13.011408724965008,0.27882594089849344,9.412163307936723,3.2624574329342044,108.19311704428338,0.10218905201342124,41.066184944736975,0.013949480802265785,31.32759064379274,48.56399713393071
241,0.211007981891,0.00669916215933,0.00669916215933,0.0540669058237,0.00235275135021,0.000171462803699,0.0155683457666,1,1,False,0.000171462803699,0.000106989774042,0.6239824132924987,,-1,,True,,,,,-1,,True,0.576923076923,40,40,C000125,4,9,14,78,0.5454815669506969,0.5382366238935471,OK states=241 max_d=0.222815 alphaT=0.000309519 MPa,46.25805636265353,6.1295233332171,12.72493627200425,28.887759370282797,2.485644536113931,0.8577838334667949,20.549225254531496,0.7678584921234343,11.370048878010081,0.20339406706781513,9.287632467009798,2.9868485506419935,53.628883268166156,0.041605210504905815,35.553392246498035,0.007208725359364226,15.778897118249349,24.779452972907503
241,0.0,0.0,0.0,1.0,0.0,0.0,0.0,0,0,False,0.0,0.0,0.0,,-1,,True,,,,,-1,,True,,40,40,C000126,4,13,14,110,0.5492587859390263,0.5291361322502757,OK states=241 max_d=0 alphaT=0.0010875 MPa,63.47521755796367,10.596269102771494,9.950651479848075,58.19228953455496,1.593990753518952,0.7392152305806845,32.38106628674309,0.8863658357474322,6.522745435055025,0.23668553585973878,11.047211268540876,2.6602474228455333,52.22197567355704,0.10571532769898315,27.631119844944752,0.0050764891725128365,28.70147088164204,43.016626726304
241,0.752482979194,0.678546562661,0.678546562661,0.106019933691,0.00765230004833,0.00228779386455,0.521928212445,1,1,False,0.00228779386455,5.59123060188e-05,0.02443939853374759,,-1,,True,1.0,1.0,5.0,5.0,1,270.97749176694447,False,0.523255813953,40,40,C000127,4,10,14,86,0.5461403063824906,0.5347413324739526,OK states=241 max_d=0.76674 alphaT=0.00148809 MPa,99.74857475868713,8.038687936275487,34.5909226157067,24.505719672097058,5.756261124270031,0.6397694330189365,30.97425667015269,0.7616699587721896,9.219565191928178,0.24747382994621728,11.055691861524284,3.5433734108717783,84.31990073503019,0.11524676818308117,47.087142490388224,0.006530260123795637,23.592160800954417,15.678010380338534
241,0.489198419487,0.315405108622,0.315405108622,0.0806903969984,0.00327354947961,0.000783338908877,0.107635414355,1,1,False,0.000783338908877,0.000672823183113,0.8589170989572877,,-1,,True,3.0,16.0,,,-1,,True,0.882352941176,40,40,C000128,4,6,14,51,0.5439710094641959,0.5264240882884327,OK states=241 max_d=0.502975 alphaT=0.000541911 MPa,86.46329119338117,6.074204413223515,22.168663779906165,62.17677052691282,1.2234459041498398,0.7590493345085225,32.42321703034875,0.8879779038843333,10.684050958737654,0.20427641039781214,8.7832102575336,2.755624686334663,74.50194567954293,0.08041693073274905,42.14999550376851,0.011055725088345812,28.791100295795903,47.195236290342294
241,0.00616572719713,0.000114454655068,0.000114454655068,0.493463531641,0.00231681910447,7.62470959051e-05,0.00378359699296,1,1,False,7.62470959051e-05,1.83512779719e-07,0.0024068166471206574,,-1,,True,,,,,-1,,True,0.542168674699,40,40,C000129,4,10,14,83,0.5499622051268789,0.5196991542340365,OK states=241 max_d=0.00692614 alphaT=0.0012543 MPa,49.216745706728716,9.370452353041468,17.879139491174115,20.729222605335337,2.659388620658874,0.8103543355433995,36.96376616953293,0.6828706243575642,11.677186733107382,0.2645270878170249,13.291073730502797,3.8491762447248665,80.83432101132117,0.10426259833146466,38.28558952118293,0.006719272047203378,25.24147008279596,16.798015410677735
241,0.781662746819,0.535238848191,0.535238848191,0.0269302566706,0.00768631961764,0.00540233820048,0.63220783327,1,1,False,0.00540233820048,0.00200491104467,0.3711191284714206,,-1,,True,1.0,1.0,1.0,1.0,1,26.260200381666667,False,0.714285714286,40,40,C000130,4,8,14,63,0.5481473501698045,0.4914608806067132,OK states=241 max_d=0.855701 alphaT=0.000687054 MPa,86.26329035837307,4.680340098600273,26.260200381674125,46.68415439505046,2.605359621141776,0.2849643523984061,34.21609819477361,0.5689840294093147,11.754567074056943,0.2478651871679482,11.645104597789974,2.9138032128078803,60.82544457112654,0.10032304572647201,33.439807067560196,0.008881683511842006,19.468413421527067,13.30331982445276
241,0.558023825367,0.310444356152,0.310444356152,0.00284856993394,0.0105627875897,0.00105219385104,0.24236379610699998,1,1,False,0.00105219385104,0.00082925253226,0.7881176376770854,,-1,,True,1.0,7.0,,,-1,,True,0.957446808511,40,40,C000131,4,6,14,47,0.5387491224004382,0.4804788288760791,OK states=241 max_d=0.752127 alphaT=0.000289607 MPa,100.64818705379841,9.211523352008902,19.378045052251547,22.554757467627883,1.3721965256401694,0.8689554147970939,39.583737919771835,0.5551504309711938,13.491710043752859,0.21655264676079333,8.13695921558585,2.9842480517628527,75.81022201885696,0.04627324779539249,27.65865714108297,0.012112916636959752,21.97492916561212,19.59907863093044
241,0.638867601795,0.496850749665,0.496850749665,0.0859331742741,0.00767157334926,0.00249667946003,0.251843520867,1,1,False,0.00249667946003,1.93073784187e-05,0.007733222757585391,,-1,,True,1.0,5.0,,,-1,,True,0.652173913043,40,40,C000132,4,8,14,69,0.5429594723836311,0.5331723154559431,OK states=241 max_d=0.648951 alphaT=0.00131755 MPa,97.831511366885,7.455875411155313,10.358158070337453,15.544174128213935,2.0540494344319495,0.2741081912480242,35.66773267381116,0.654388142348634,14.361215027745887,0.19530984463743722,8.128928079084895,4.428420552639536,105.99841927209339,0.10176188759190506,43.20280714440304,0.008186846678765122,23.34054132620296,4.260785454729056
241,0.0,0.0,0.0,1.0,0.0,0.0,0.0,0,0,False,0.0,0.0,0.0,,-1,,True,,,,,-1,,True,,40,40,C000133,4,7,14,60,0.5479567554296609,0.534737410782068,OK states=241 max_d=0 alphaT=0.00100457 MPa,60.76469694329916,9.307905181849637,28.78416552762458,20.188410732942554,4.387316834566987,0.44307783267421436,32.07810126928577,0.712280801866432,8.655683109159337,0.22483420014263175,8.112521747401141,3.0808358850937863,96.99461143546301,0.09662053634219425,39.73182238522825,0.009329011451200887,22.848615694439474,8.945037272689033
241,0.269067938527,0.0305012769621,0.0305012769621,0.119193547254,0.00628255943369,0.000581475064132,0.0425306637015,1,1,False,0.000581475064132,0.0,0.0,,-1,,True,,,,,-1,,True,0.428571428571,40,40,C000134,4,12,14,105,0.5464535661428105,0.5443802874132496,OK states=241 max_d=0.275469 alphaT=0.00131078 MPa,71.88643279994713,6.394344914075077,17.20556892476108,14.349255546714048,5.041087216351487,0.6955591700806135,38.70680134753587,0.6248989707611452,10.457053311584989,0.23728549790642617,10.282112559571383,3.907253990651223,73.99472564979605,0.09469322252144773,41.02703436606391,0.005345527873221759,24.187840323531276,9.980756279347064
241,0.475052147983,0.304940912115,0.304940912115,0.0635891249475,0.00233016654157,0.000661814186265,0.212442407425,1,1,False,0.000661814186265,0.000135835187249,0.20524671436192155,,-1,,True,3.0,13.0,,,-1,,True,0.569620253165,40,40,C000135,4,9,14,79,0.5462810086856349,0.5459360303153262,OK states=241 max_d=0.490844 alphaT=0.000336185 MPa,57.25889576890626,4.302928538186077,15.382765077032674,33.683687871383,5.198256289784904,0.8124032456702106,24.720990044579672,0.7066472889822029,12.75853342911492,0.19847301672393675,11.52412934114881,3.513711082461163,65.20749402114835,0.03664134163549612,31.720394219342783,0.007107059773576321,17.469020595958252,27.364737352853858
241,0.0,0.0,0.0,1.0,0.0,0.0,0.0,0,0,False,0.0,0.0,0.0,,-1,,True,,,,,-1,,True,,40,40,C000136,4,13,14,106,0.5491350518181103,0.5097799519362485,OK states=241 max_d=0 alphaT=0.000638598 MPa,57.75132612815054,4.673885280646064,44.883191168590805,65.11070769466531,3.32738052651365,0.5237880348304407,39.863576492474095,0.8011272935914766,12.029214782427413,0.2138084000584337,9.820045204060735,3.931154981851628,64.18408940148434,0.05242616493537283,27.96497961438249,0.005269241828658195,31.93579914829258,34.104209629808
241,0.0749062537432,0.00781655282612,0.00781655282612,0.082260231272,0.00498963059822,0.000220043842605,0.0132191549805,1,1,False,0.000220043842605,0.000118972283798,0.5406753599170997,,-1,,True,,,,,-1,,True,0.918367346939,40,40,C000137,4,6,14,49,0.5423758391983319,0.5042968295099121,OK states=241 max_d=0.0921814 alphaT=0.00083533 MPa,83.9207067698403,10.183093425467455,46.80447085139627,55.38629220964567,1.9822168292504152,0.5519588760315456,22.09252480227858,0.8398108475099232,11.796115094710746,0.27751218789321924,8.053228599553986,2.9951009831238693,83.21409341755952,0.11585047004633467,21.6089509058266,0.01154082210997839,18.55354197783557,30.57095559559077
241,0.57448706648,0.426163592549,0.426163592549,0.0668402306508,0.00567430880219,0.00166241837689,0.193055300546,1,1,False,0.00166241837689,0.00110340774361,0.6637364931409268,,-1,,True,1.0,6.0,,,-1,,True,0.865384615385,40,40,C000138,4,6,14,52,0.5492120703821222,0.5419175797571483,OK states=241 max_d=0.611148 alphaT=0.000842398 MPa,68.10847515357396,11.836067976017288,12.178636225980377,55.94864019893823,5.57118198545957,0.7648354874148477,23.558784405141807,0.5903231150544128,9.545422635884876,0.23488007593641733,11.61330663691696,3.0127105694159138,96.82457650935038,0.09343751279014488,37.54840791098708,0.010739640523579501,13.907294996938633,42.79150549675286
241,0.825896286242,0.660835329676,0.660835329676,0.0759904953533,0.00918491185416,0.012464509242,0.668217988652,1,1,False,0.00996525990304,0.012464509242,1.2507962023346306,,-1,,True,1.0,1.0,4.0,4.0,1,167.42301146222223,False,19.2073170732,40,40,C000139,4,10,14,82,0.5482502833018221,0.5118394902023286,OK states=241 max_d=0.880345 alphaT=0.00146836 MPa,104.24606531073246,9.463716505796889,26.497761364543887,20.477322001327742,2.1743070507265867,0.8746442010441953,36.06463281687408,0.5851119235943079,9.65016098492596,0.2731380570433406,10.872046362074578,3.897474794937759,101.82366345541993,0.09838398181150718,45.963549509427835,0.0068224513091391615,21.101846681203597,17.910370941376026
241,0.234993006028,0.0316386267303,0.0316386267303,0.107552476402,0.00754279101543,0.00049161499241,0.0249996235694,1,1,False,0.00049161499241,0.00041230987595,0.8386845037592737,,-1,,True,,,,,-1,,True,0.473684210526,40,40,C000140,4,11,14,95,0.5487651528381713,0.5395833232363876,OK states=241 max_d=0.241651 alphaT=0.00147943 MPa,61.56762310908428,8.381399860909383,34.75391815981231,60.33570803198312,4.052594463881886,0.8687662785064982,35.424572199480515,0.7752295204971551,10.725326457829766,0.21453363172962064,11.003179655101157,4.460053118642045,103.45911869209897,0.08412939839874697,48.51006336371776,0.005883327593419167,27.46217412002013,52.417628528000606
241,0.543451966384,0.436518714448,0.436518714448,0.115284937709,0.00360846584987,0.001219659447,0.308658030377,1,1,False,0.001219659447,5.67898816502e-08,4.6562080743019075e-05,,-1,,True,1.0,3.0,,,-1,,True,0.569620253165,40,40,C000141,4,9,14,79,0.5474447417490463,0.5470990284772321,OK states=241 max_d=0.558949 alphaT=0.000737869 MPa,71.47035285625145,8.092204393891663,38.233589723511955,30.644806432258562,3.6319796810562943,0.2529301757179402,24.701562639204138,0.6539374382979729,10.889279235368292,0.21391196434031984,11.86661320521064,3.4205645782009686,72.25009736076194,0.07242806099416071,30.568303914558186,0.007091951910058028,16.15327659423807,7.750996275753422
3,0.992711135625,0.970082389368,0.970082389368,0.00608134782498,0.0109191521557,0.00284034400863,0.893517798334,1,1,False,0.00284034400863,0.0,0.0,1.0,1,36.01852834694444,False,1.0,1.0,1.0,1.0,1,36.01852834694444,False,1.09756097561,1,40,C000142,4,5,14,41,0.5383932910094883,0.50263712758894,OK states=241 max_d=1 alphaT=0.000443028 MPa,102.33492121115627,10.321098682340718,36.01852834700668,16.82345275394823,5.988936523365434,0.4638228166341082,29.082834094399605,0.7009161637648196,13.942986267676973,0.2782661179873977,13.168990027457678,3.2129293382250887,97.53767875354265,0.06311155260906949,26.340747858807156,0.013894715723649365,20.38462850485527,7.803101241847113
241,0.0,0.0,0.0,1.0,0.0,0.0,0.0,0,0,False,0.0,0.0,0.0,,-1,,True,,,,,-1,,True,,40,40,C000143,4,7,14,58,0.5494073426283038,0.5182812360992002,OK states=241 max_d=0 alphaT=0.000468517 MPa,62.695206754396295,4.297201025571216,11.30235946192787,42.26344465545327,5.93162083347997,0.3002926195812892,37.97427918024588,0.6681254359988839,8.132269592025548,0.2774794614360745,11.339624587922803,2.780753356700765,86.77609110470166,0.051967953726694355,27.464435760962466,0.00962522098256438,25.371581834045116,12.6914005081149
241,0.0,0.0,0.0,1.0,0.0,0.0,0.0,0,0,False,0.0,0.0,0.0,,-1,,True,,,,,-1,,True,,40,40,C000144,4,5,14,41,0.5435350855570522,0.507437441569811,OK states=241 max_d=0 alphaT=0.000244547 MPa,47.52363740622852,7.231179388086756,36.19124682892674,62.834628008225046,3.238515053004411,0.2693516223476293,38.182757500130364,0.6843153437283506,14.49017344204917,0.27421110392771475,9.392003010060735,2.3878633814063632,51.35033608496295,0.06554522491094615,27.745677572789667,0.013763272923642093,26.129046823197967,16.924608993625206
241,0.0,0.0,0.0,1.0,0.0,0.0,0.0,0,0,False,0.0,0.0,0.0,,-1,,True,,,,,-1,,True,,40,40,C000145,4,5,14,42,0.544965953111783,0.521182385739213,OK states=241 max_d=0 alphaT=0.000289004 MPa,41.864048054955916,11.493680439025324,43.30916418666315,38.11653637571921,5.447412978311446,0.768895674860766,37.87953331187465,0.799986180105404,10.893693795182784,0.2597983144990299,12.69073025904535,2.3271125477143504,63.1611915205887,0.06131509171534469,34.71095553505361,0.01340029937906347,30.303103158342008,29.307639959963556
241,0.605615557962,0.397830773565,0.397830773565,0.117405657734,0.00213987803134,0.000727618725972,0.360015650058,1,1,False,0.000727618725972,0.0,0.0,,-1,,True,1.0,1.0,,,-1,,True,0.918367346939,40,40,C000146,4,6,14,49,0.5487217859786266,0.5101972413834783,OK states=241 max_d=0.653595 alphaT=0.000442403 MPa,76.80246848675102,5.5111884322594715,45.94531715956558,24.699514332880007,3.2364970729639175,0.24784224468947508,25.653459301546242,0.6601619560738838,9.132645824458821,0.20170120761534405,13.323779753505889,2.358220683380004,65.86176310923611,0.07662483281006172,20.238396411534914,0.01140735293710756,16.935437872570535,6.121583075000843
241,0.690400511603,0.398079481518,0.398079481518,0.0687644593799,0.00190441893554,0.000315937132725,0.576241502617,1,1,False,0.00028869895149,0.000315937132725,1.0943480435049084,,-1,,True,1.0,2.0,,,-1,,True,0.45,40,40,C000147,4,12,14,100,0.5489998618240145,0.5208732593244552,OK states=241 max_d=0.737237 alphaT=0.000287377 MPa,70.84543990272549,8.285746077200077,22.278121330285856,71.29965519910667,1.3309187573783925,0.4432018712333372,23.183917573059553,0.8060937926486094,12.511488038177163,0.21274214852905846,11.44387205420154,3.3625613395343583,47.87056946646898,0.033538566094177456,26.576306224357896,0.005586771729794908,18.68841204492032,31.600140602535813
241,3.18999767681e-05,2.65075346505e-07,2.65075346505e-07,1.0,1.02870482212e-05,6.02243301192e-07,3.18999767679e-05,1,1,False,6.02243301192e-07,0.0,0.0,,-1,,True,,,,,-1,,True,0.5,40,40,C000148,4,11,14,90,0.544024171428686,0.5067678950400433,OK states=241 max_d=3.86093e-05 alphaT=0.000425069 MPa,43.27199312835883,6.548023853139455,16.370923517596538,61.51505662968717,4.802231910616519,0.8583578980093585,24.66604932986391,0.592100305436526,6.351213917104634,0.1968722726097094,12.863547928438216,2.1305063137962263,42.448032789265895,0.0627298960238741,20.0763431756236,0.006264298677197397,14.604775342124839,52.80193470458493
241,0.0,0.0,0.0,1.0,0.0,0.0,0.0,0,0,False,0.0,0.0,0.0,,-1,,True,,,,,-1,,True,,40,40,C000149,4,9,14,75,0.5495346023590043,0.5213806037970524,OK states=241 max_d=0 alphaT=0.000885342 MPa,40.56628858716515,11.823962513773617,29.995771238449272,33.635384051021134,1.9876102485700562,0.22912419989784688,25.544985569255914,0.7957188803592735,12.294439016445363,0.2662042863795845,10.917837160719207,3.197723717524326,58.68487923402684,0.11226947402170578,20.497233033626948,0.007441780480023934,20.326627315962114,7.706680458947017
241,0.261823761559,0.020365012206,0.020365012206,0.0864062033819,0.00578408237937,0.000519244540447,0.0357483314777,1,1,False,0.000519244540447,0.0,0.0,,-1,,True,,,,,-1,,True,0.555555555556,40,40,C000150,4,10,14,81,0.5497003891823836,0.5069348358421502,OK states=241 max_d=0.270637 alphaT=0.000996587 MPa,99.60364162484794,4.994949100647908,31.279181314531808,34.85212908798047,4.183609379865982,0.4319198092486588,29.443985266410895,0.6424327275166635,9.30112753359006,0.2340109006893097,8.472431169406082,3.375138065383883,79.99185840305672,0.08582055433399524,20.05960282767499,0.006888459330672908,18.915779763660804,15.05332494759016
241,0.640980587455,0.522640800114,0.522640800114,0.125401975845,0.00339596164962,0.00157824495836,0.336584035533,1,1,False,0.00157824495836,4.40859734145e-05,0.02793354300355948,,-1,,True,1.0,1.0,19.0,19.0,1,1402.631327211111,False,1.15384615385,40,40,C000151,4,5,14,39,0.537659134690595,0.47746627841375455,OK states=241 max_d=0.671338 alphaT=0.000730663 MPa,89.4045072430155,5.281619258555221,39.86631180669447,35.84285571572474,3.125625521745117,0.3315529957739721,25.516601570385724,0.6766859128362532,8.64946120406411,0.20007213911725685,12.038053161412542,2.537581283056208,103.24965210653019,0.10351185731826329,24.639668616022277,0.014627211000538808,17.266724826135437,11.883806189642776
241,0.0,0.0,0.0,1.0,0.0,0.0,0.0,0,0,False,0.0,0.0,0.0,,-1,,True,,,,,-1,,True,,40,40,C000152,4,7,14,55,0.5492189506684474,0.4913050595006434,OK states=241 max_d=0 alphaT=0.00119096 MPa,60.300228477889945,4.581554216968642,31.376803198817278,43.591336445273356,2.7286959244625812,0.8800115053604733,33.46667203624098,0.7670585803077735,7.284793564260664,0.19317041469751692,8.172270029740028,2.8552736655091264,107.74060004089243,0.11223876747427024,22.020300924009714,0.010153714748310855,25.67089793974487,38.36087760587987
241,0.307448781301,0.109375339367,0.109375339367,0.102174552132,0.00434942935986,0.000622089017805,0.0489041591675,1,1,False,0.000622089017805,0.000308854218386,0.49647913650006503,,-1,,True,35.0,,,,-1,,True,0.409090909091,40,40,C000153,4,13,14,110,0.5466344613249164,0.526607952434808,OK states=241 max_d=0.312924 alphaT=0.000827377 MPa,54.299123311388534,9.950895089182197,30.60181887048016,44.37557191712941,4.376869746121122,0.6138781457939415,27.789080590468785,0.6946486698658826,9.527595118897302,0.22868023266945914,13.282939148834128,3.8104642912718134,73.70418863016145,0.05726042508931724,40.96520486557933,0.005100860770776872,19.303647868964955,27.241193807033106
241,0.0,0.0,0.0,1.0,0.0,0.0,0.0,0,0,False,0.0,0.0,0.0,,-1,,True,,,,,-1,,True,,40,40,C000154,4,5,14,43,0.5437583264678549,0.5324090689537677,OK states=241 max_d=0 alphaT=0.000664772 MPa,55.4276632488965,4.8883797645814635,31.44620843519223,37.672982684766325,1.7525135491052846,0.45586556459163025,24.85858986955375,0.8733668919726099,8.943944337644123,0.2678087536547365,9.866063820995471,2.3340406000384766,75.75699020578466,0.11510893827887449,17.178484977210964,0.013117732974992689,21.710669373193966,17.17381552144171
3,0.981856545004,0.90763619696,0.90763619696,0.00877683847501,0.00677997236023,0.00244854975386,0.887121967989,1,1,False,0.00244854975386,0.0,0.0,1.0,1,13.361860050416668,False,1.0,1.0,1.0,1.0,1,13.361860050416668,False,0.918367346939,1,40,C000155,4,6,14,49,0.5403393882835374,0.5024033533158004,OK states=241 max_d=1 alphaT=0.000333198 MPa,95.61552750601884,9.942183788536106,13.361860050410797,47.467880905864156,2.2068192442397745,0.2962909456325899,29.18432701433491,0.659593346701774,12.8104612670749,0.23576120952397514,13.37663018331265,3.3228592931397087,94.66856443715633,0.04077246093731915,21.159857929482687,0.011584317583847144,19.24978792662416,14.064303320773648
241,0.341111762775,0.0790870518343,0.0790870518343,0.0558946437615,0.00543124779163,0.00053614688638,0.0439236148799,1,1,False,0.00053614688638,0.000500491143797,0.9334963169818192,,-1,,True,,,,,-1,,True,0.569620253165,40,40,C000156,4,9,14,79,0.5475055752405159,0.5471598235521388,OK states=241 max_d=0.350515 alphaT=0.000728098 MPa,66.76910074635421,6.258935078908046,11.96817616067953,56.38499788215992,1.922462409759823,0.7640587082879924,23.162836981446706,0.614246431362756,10.177267338125123,0.2383391903970456,9.673821568949164,3.408840969613,76.76725733423373,0.06725602050217472,25.89990257391308,0.007091163921377121,14.227689956090911,43.0814486486643
241,0.0,0.0,0.0,1.0,0.0,0.0,0.0,0,0,False,0.0,0.0,0.0,,-1,,True,,,,,-1,,True,,40,40,C000157,4,6,14,53,0.543667144671363,0.5467625753005578,OK states=241 max_d=0 alphaT=0.00103134 MPa,47.94282718524463,3.8267672073509953,37.2187600267378,46.63429829180319,5.362151442294645,0.24401561747974881,30.88796421398903,0.7528296944460162,10.764392777302579,0.270222845435812,8.300352041589054,3.2403468126137107,98.44504441182158,0.11151461455709326,46.037567367560435,0.010644473968981355,23.253376661276846,11.379497093409151
241,0.0,0.0,0.0,1.0,0.0,0.0,0.0,0,0,False,0.0,0.0,0.0,,-1,,True,,,,,-1,,True,,40,40,C000158,4,10,14,80,0.547550641371347,0.498718354532856,OK states=241 max_d=0 alphaT=0.000638961 MPa,90.22114553644255,8.057143221090143,27.02852446242505,63.12029051847832,3.8703908836205407,0.3423452181984057,39.99747539233964,0.65122004429112,7.728683525860827,0.24372821833290065,10.0984689090748,2.2462269319229238,43.34078969093513,0.10322768980476027,17.50011160506456,0.0070019480299074125,26.047157696532402,21.60892963029522
241,0.0009608404317,3.93354861024e-06,3.93354861024e-06,1.0,0.000326991925867,1.98618132562e-05,0.000800347572262,1,2,True,6.16093919833e-06,1.98618132562e-05,3.22382880544963,,-1,,True,,,,,-1,,True,0.420560747664,40,40,C000159,4,13,14,107,0.5480313789374441,0.5135549554817037,OK states=241 max_d=0.00104448 alphaT=0.00172133 MPa,61.444643490129536,10.701793097778438,16.704602966115488,14.77417610895316,0.5034760591648003,0.47956234368386647,38.855309284305406,0.7074436369968206,7.386321912486962,0.27152462421330725,12.478346446790116,3.5583984943231095,85.0160830815714,0.10590273481234451,43.39839970664387,0.005230509057466477,27.487941316725344,7.085138520807765
241,0.0,0.0,0.0,1.0,0.0,0.0,0.0,0,0,False,0.0,0.0,0.0,,-1,,True,,,,,-1,,True,,40,40,C000160,4,12,14,105,0.5459441680136988,0.5438728219722407,OK states=241 max_d=0 alphaT=0.000484952 MPa,69.82556317042943,9.591909941573554,18.900834635522344,20.96197882529639,2.3223239041809705,0.7607058621296221,37.83848064714231,0.8627190577221717,13.77990166582253,0.2495705868263936,9.273708183546772,4.101907819900548,61.9437520036865,0.041888737396417984,28.158299015771377,0.005350515566208095,32.643978369541244,15.945900174239975
241,0.606054075383,0.437613014099,0.437613014099,0.110075128655,0.00593635144835,0.00115426286591,0.341509120902,1,1,False,0.00115426286591,0.000608460383809,0.5271419550773652,,-1,,True,1.0,7.0,,,-1,,True,0.463917525773,40,40,C000161,4,12,14,97,0.548255836191346,0.5045623313821842,OK states=241 max_d=0.616044 alphaT=0.00118062 MPa,87.61144094418903,6.708152973012062,10.573821873319634,44.92714141693758,2.7323523866595276,0.4194514301843834,35.68819763234291,0.8744570650204497,8.324155434506208,0.18939684968700837,12.966742635072038,3.0751937778916014,62.12396393699113,0.10960459786831102,42.98476849657029,0.0057673746512713776,31.207796557448347,18.844753721430514
241,0.0563850877318,0.000608671002984,0.000608671002984,0.093014321728,0.00237383120238,8.72239395564e-05,0.00648060973381,1,1,False,8.72239395564e-05,1.42650672403e-05,0.16354532153499032,,-1,,True,,,,,-1,,True,0.489130434783,40,40,C000162,4,11,14,92,0.5462722901046199,0.520170102042375,OK states=241 max_d=0.0621247 alphaT=0.000427121 MPa,47.84430827524095,3.9775144258939372,47.351211181258606,46.50031644048635,3.5922153174565397,0.6168558364247065,25.11250347719463,0.7175991666576604,10.088547582975284,0.26477622453130467,10.165423481290157,3.2798088728827812,61.6993786827151,0.04224797821936792,44.17595683518844,0.006102898728860126,18.020711567922465,28.68399159190974
241,0.132154649962,0.0130137326844,0.0130137326844,0.0875748267517,0.00375491745155,0.000191363232557,0.025088823575999997,1,1,False,0.000191363232557,7.12175444973e-07,0.0037215897508465707,,-1,,True,,,,,-1,,True,0.818181818182,40,40,C000163,4,7,14,55,0.549592537773118,0.4916392526934775,OK states=241 max_d=0.144766 alphaT=0.000652083 MPa,55.30817280505445,7.501147928233842,43.01558048269222,27.22271048100626,3.289755521907181,0.560670033757523,30.134093634823124,0.7950177521745289,7.490499848775562,0.25743782755268396,13.633027163866196,2.200603901197716,62.198341397209894,0.10637842612186986,45.57968041334482,0.010146812731573432,23.957139385373857,15.262958004357055
241,1.87121659625e-05,4.25022508876e-07,4.25022508876e-07,1.0,6.02622425792e-06,5.77344168976e-07,1.1527303572660001e-05,1,1,False,5.77344168976e-07,0.0,0.0,,-1,,True,,,,,-1,,True,0.616438356164,40,40,C000164,4,9,14,73,0.5466677668008382,0.5048296927338485,OK states=241 max_d=2.27931e-05 alphaT=0.000404233 MPa,71.48739586463364,6.933433561330318,44.51527978894408,52.07828433166697,2.4541447454103467,0.25271962454627184,23.994461928102968,0.6789763143065459,8.701857972885385,0.24648073145125554,8.869063635619808,3.112557910729065,81.13083129368957,0.03829421229712088,15.85419671825489,0.007685760278854228,16.29167132371209,13.161204463312869
241,0.0,0.0,0.0,1.0,0.0,0.0,0.0,0,0,False,0.0,0.0,0.0,,-1,,True,,,,,-1,,True,,40,40,C000165,4,11,14,94,0.5456977303718835,0.5309191482289026,OK states=241 max_d=0 alphaT=0.000903156 MPa,77.67032832076484,9.068731410177715,42.89647978063804,18.87627560624241,4.644471896805896,0.6072774826118515,38.93095435402367,0.6375100461246984,7.560459690548475,0.26806947975982026,8.523965335037735,3.3792830129368223,85.630856944871,0.06306462802617654,15.471368422189908,0.005979338784700917,24.81887450591216,11.463137131246391
241,0.0,0.0,0.0,1.0,0.0,0.0,0.0,0,0,False,0.0,0.0,0.0,,-1,,True,,,,,-1,,True,,40,40,C000166,4,6,14,50,0.5467037795323825,0.5186948109311423,OK states=241 max_d=0 alphaT=0.000236751 MPa,44.34687240734943,11.89410547245257,19.824433817136196,49.961733229159556,5.566264822207822,0.7597727899499451,38.898018809999186,0.847208742528694,13.713852105067508,0.22532256900122702,10.507228647281794,2.620038831678648,53.252901700721026,0.04988382999050431,31.51146113418165,0.011220470838241356,32.9547416028769,37.959565446253436
241,0.630445084987,0.513367385029,0.513367385029,0.118329225049,0.0025474363028,0.00112493959367,0.295670165484,1,1,False,0.00112493959367,0.000186886765474,0.16613048960638066,,-1,,True,1.0,1.0,27.0,27.0,1,2495.0380594416665,False,1.18421052632,40,40,C000167,4,5,14,38,0.5393563696140308,0.46669212999676396,OK states=241 max_d=0.654973 alphaT=0.000529159 MPa,81.19579725215755,5.037542842125799,38.703581655361354,55.77082133640209,4.7108177612144875,0.5360947496457,36.12745557317413,0.7821515884107664,12.72634361506216,0.1914839756341041,9.622297020246627,2.7304422556946166,83.12129526944398,0.0952681824989535,49.66100432309831,0.01496489773686225,28.257146761797543,29.898444501873545
241,0.000539909822431,4.50903055428e-05,4.50903055428e-05,1.0,0.00020617867075,9.01016842141e-06,0.00032968521768499993,1,1,False,9.01016842141e-06,0.0,0.0,,-1,,True,,,,,-1,,True,0.818181818182,40,40,C000168,4,7,14,55,0.542469138550143,0.4852669997425714,OK states=241 max_d=0.000633507 alphaT=0.00024521 MPa,63.515809323238216,3.0491340860821783,39.245933054381986,17.719577440189504,1.5604721603870173,0.8380010507832165,25.730675661969613,0.7041769802520053,7.442680003427068,0.22143814556048094,10.54392597795766,2.3203040345637733,70.50697481206569,0.035752128451560596,18.548009860355794,0.01028005496194426,18.11894948748953,14.849024514313381
241,0.0,0.0,0.0,1.0,0.0,0.0,0.0,0,0,False,0.0,0.0,0.0,,-1,,True,,,,,-1,,True,,40,40,C000169,4,9,14,72,0.5470946743456191,0.49830305207932823,OK states=241 max_d=0 alphaT=0.000380781 MPa,76.72237574521816,7.9242659408198906,20.608372272316412,15.517569751024519,5.493423829828611,0.7539493169639702,37.46382263106618,0.7536432150788593,10.981216042858378,0.2565599475743632,8.257345736613326,2.9297761930658055,57.70757637156088,0.05137844274166354,31.55348663409973,0.007786426319906052,28.234355736820845,11.6994611147257
241,0.0,0.0,0.0,1.0,0.0,0.0,0.0,0,0,False,0.0,0.0,0.0,,-1,,True,,,,,-1,,True,,40,40,C000170,4,8,14,66,0.5476035691862684,0.5143530171438869,OK states=241 max_d=0 alphaT=0.000981149 MPa,67.95986817343555,9.26877233302337,21.065677211743203,51.76683940382922,4.252546593979636,0.5165436969088673,29.47761064025864,0.6027757511526343,6.982545509364437,0.27524606536040985,9.640874914821978,2.5503985606093833,74.95515244453546,0.11108522750329757,17.52735299237053,0.008486389414488293,17.768388895866785,26.73983460294157
241,0.00015049057474,8.68846637062e-07,8.68846637062e-07,1.0,0.000100429721014,3.82207681156e-06,0.0001222359489708,1,1,False,3.82207681156e-06,0.0,0.0,,-1,,True,,,,,-1,,True,0.463917525773,40,40,C000171,4,11,14,97,0.546588679336475,0.5487578611321593,OK states=241 max_d=0.00018277 alphaT=0.000592496 MPa,47.159039237950985,11.797994112754084,35.84734199016774,44.06017686420951,3.6261143480767988,0.22997089810544372,36.94651955668986,0.7558917187543979,14.336380601470172,0.23366313566125618,11.719239277243034,3.9517061004595684,59.74571309905243,0.05736928747553026,32.49931014895138,0.005784965791644332,27.92756816969927,10.132558444146953
241,0.797867282309,0.700734060822,0.700734060822,0.0694847666265,0.00352071648323,0.0010877753472,0.580732571415,1,1,False,0.000994560265417,0.0010877753472,1.0937249204741923,,-1,,True,1.0,1.0,2.0,2.0,2,108.53442091555556,False,0.681818181818,40,40,C000172,4,8,14,66,0.5446152998725738,0.5115461958884644,OK states=241 max_d=0.826883 alphaT=0.000534473 MPa,85.23428532576114,6.0843491297423515,33.84486008110816,40.03622752255623,0.8084732307025361,0.8243689112852988,21.677020602807538,0.8355627918978066,12.002802657663054,0.26930576514996474,9.978761569956156,3.562339609935335,85.53888083515233,0.05331652197830218,38.760938705494326,0.008532953690367636,18.112511854908142,33.0046212947402
3,0.932214552947,0.850905170243,0.850905170243,0.024643136779,0.00662353490464,0.00417120349919,0.890919680679,1,1,False,0.00417120349919,0.0,0.0,1.0,1,38.679582501944445,False,1.0,1.0,1.0,1.0,1,38.679582501944445,False,0.576923076923,1,40,C000173,4,9,14,78,0.5434938589794321,0.5362753161380522,OK states=241 max_d=0.966902 alphaT=0.000564168 MPa,89.59590572879114,5.774857303941776,38.679582501936196,70.01708170730205,1.7519075377345537,0.22215953305812902,31.896981166013326,0.6573410333683432,11.544535428264197,0.2275153534286209,13.895071556148352,3.9638060684156073,93.36163629969502,0.04372034202189091,28.834128847710083,0.007235089669876168,20.96719456099778,15.554962178187091
241,0.68546038605,0.56292379835,0.56292379835,0.0868201687466,0.00325688438463,0.00222782478865,0.407647261524,1,1,False,0.00222782478865,7.95268555569e-05,0.03569708711477758,,-1,,True,1.0,1.0,9.0,9.0,1,531.1144134027778,False,0.978260869565,40,40,C000174,4,6,14,46,0.5394425070003044,0.47086110701994355,OK states=241 max_d=0.720898 alphaT=0.00056273 MPa,79.94184919438953,3.2209297875730925,42.468453327977194,18.61229168138915,1.919943613193882,0.5003399904074329,26.474553453797924,0.6105533353855866,10.0725452497074,0.2687507735895873,9.200448843124612,2.2601185953819485,59.43326599731577,0.11703085187392755,44.631573402700916,0.01236033283112824,16.164126914060326,9.31247384132659
241,0.00737145776533,0.000466387655327,0.000466387655327,0.275710716675,0.00156562272653,4.46762733558e-05,0.0035160491071700006,1,1,False,4.46762733558e-05,0.0,0.0,,-1,,True,,,,,-1,,True,0.75,40,40,C000175,4,7,14,60,0.54578547396024,0.5326185110339907,OK states=241 max_d=0.00894948 alphaT=0.000557373 MPa,44.783870156970394,5.538593330299269,24.488777210168855,68.50555543135224,4.50828159743954,0.48316181830505767,36.73317689067085,0.7397703547889637,13.327989893142648,0.26238177452924905,13.20248844513942,2.5670616930416346,43.908044660859886,0.11889450876855917,40.040022958770265,0.009366124768902492,27.174115300937334,33.09926872621006
241,0.0,0.0,0.0,1.0,0.0,0.0,0.0,0,0,False,0.0,0.0,0.0,,-1,,True,,,,,-1,,True,,40,40,C000176,4,11,14,91,0.5490788763186555,0.5171595113449104,OK states=241 max_d=0 alphaT=0.00135871 MPa,46.13131820993255,4.564629753871166,30.163834397107543,40.31034962684936,4.9566908748967,0.6487574000364825,27.825986516874206,0.6161506865427704,9.24294713094384,0.2550969324583441,12.514543860022632,3.818472482519236,91.81255983894499,0.09084125738133708,21.981458222475666,0.006138426123672789,17.145000696101913,26.151637618476382
241,0.0368108196593,0.000866157776299,0.000866157776299,0.143594489498,0.00227232561303,7.51661178064e-05,0.00942056495306,1,1,False,7.51661178064e-05,7.05093991076e-06,0.09380476358936884,,-1,,True,,,,,-1,,True,0.6,40,40,C000177,4,9,14,75,0.5458717094320642,0.5179053698123427,OK states=241 max_d=0.0437251 alphaT=0.000531178 MPa,48.37314292752292,3.9233159291520927,22.98156030867596,46.926853724945445,4.370686354971241,0.7942940912428105,38.8283972102936,0.5592149177978248,11.010309753264888,0.22932846403440743,11.480158667193152,2.59758664294546,43.53094152069662,0.09141621730076474,37.1908194946152,0.007491716105214111,21.713418954175626,37.27372263433984
241,0.777585781692,0.624522738782,0.624522738782,0.102130696507,0.00512193122351,0.00243180374413,0.668412147291,1,1,False,0.00243180374413,0.00173384627142,0.7129877464845747,,-1,,True,1.0,1.0,1.0,1.0,1,42.21549944444445,False,0.6,40,40,C000178,4,9,14,75,0.5446167838921239,0.5167147371698745,OK states=241 max_d=0.816861 alphaT=0.000974078 MPa,91.98537583960481,7.990137208873863,42.21549944436868,40.818897665464235,2.342429303580523,0.8827756814629,24.530307262726428,0.6282161958444329,14.10501255226285,0.2318017927731033,10.240163909636248,3.789527875046027,72.4859464017151,0.10090689355574142,27.66978694810734,0.007508978786344183,15.410336311485061,36.033930203194565
27,0.998128375798,0.80832206938,0.80832206938,0.0300543891502,0.0129511809618,0.509093689162,0.982902944141,1,1,False,0.509093689162,0.00513700303254,0.010090486568387494,5.0,1,282.20322022777776,False,1.0,1.0,1.0,1.0,1,11.35683461325,False,0.762711864407,5,40,C000179,4,7,14,59,0.5446234619002365,0.5226264567393064,OK states=241 max_d=1 alphaT=0.00122917 MPa,90.61336662792377,3.6067432715386265,11.356834613263384,56.35476179031166,4.535382056807164,0.3260018243456207,21.634187973704396,0.8350631295214257,14.090956071902317,0.1928620574805863,12.733166873767667,4.014105317544395,103.48992440973531,0.11336985067633623,49.22362202788307,0.009545194974811228,18.065912713976385,18.37175515420448
241,0.768287051917,0.538165307979,0.538165307979,0.094513949003,0.00294639182268,0.000594950826735,0.688579673999,1,1,False,0.000594950826735,0.000164012534648,0.27567410158596795,,-1,,True,1.0,1.0,11.0,11.0,1,508.4773717083333,False,0.489130434783,40,40,C000180,4,11,14,92,0.5495585714427805,0.5232993570494039,OK states=241 max_d=0.810117 alphaT=0.00053517 MPa,71.39336449019623,4.418111000098887,20.106090269054988,28.731037874992285,5.1715430389544155,0.8972446976533985,33.98889155442544,0.7123570696290225,13.00243462683189,0.21298731617367989,11.9277432619186,3.2029494914728955,45.38193937282716,0.07153859792381922,46.50400520251873,0.006066404270865077,24.212227187649138,25.778771391415795
241,0.00551767072787,0.000178607698721,0.000178607698721,0.567522851451,0.00208218507532,6.01051270622e-05,0.0029747837981600003,1,1,False,6.01051270622e-05,0.0,0.0,,-1,,True,,,,,-1,,True,0.555555555556,40,40,C000181,4,10,14,81,0.545582261140401,0.5031370896443631,OK states=241 max_d=0.00597379 alphaT=0.00125824 MPa,54.78925772960183,6.514052275724346,11.854221594258144,36.0393046917832,5.227354004113528,0.403502286680996,32.36384709905596,0.6525079681434895,7.999371282272845,0.1817414717279219,8.321181273513993,3.42615899089767,96.56578457401116,0.09043322134498194,45.55964916962354,0.006940454345093659,21.117668111911573,14.54194185352767
241,0.000614632332489,3.70502035944e-05,3.70502035944e-05,1.0,0.000155683847687,6.4509634045e-06,0.000384063652163,1,1,False,6.4509634045e-06,0.0,0.0,,-1,,True,,,,,-1,,True,0.737704918033,40,40,C000182,4,7,14,61,0.5450289430988855,0.5407449018470102,OK states=241 max_d=0.000721717 alphaT=0.000365754 MPa,53.83507631584231,8.138573932799272,46.65837114343415,31.796803662006177,3.8578103043866245,0.20653952985044088,34.99359839672259,0.6900199008403815,10.399341471548963,0.21641584272034445,8.228553386834674,2.3614283294867584,46.90332831125578,0.07193986362671007,48.116076316544294,0.009225369322081584,24.146279295754653,6.567296879097532
241,0.368397125926,0.167159496434,0.167159496434,0.138967892674,0.00331715892406,0.000699911192468,0.0963334487196,1,1,False,0.000699911192468,0.000136457754525,0.19496438404396407,,-1,,True,13.0,,,,-1,,True,0.681818181818,40,40,C000183,4,8,14,66,0.5476345194184078,0.5143820880743519,OK states=241 max_d=0.379718 alphaT=0.000759938 MPa,72.6776726163101,4.739635714241135,32.84473883010494,65.70311297071999,4.40763960637449,0.4376464320734839,38.30709228229577,0.8962481444662189,12.381083976694006,0.18625746019727502,10.99835715058056,3.1136410033888744,63.00180882026564,0.10235844863026097,39.27109514489912,0.00848590979585015,34.3326603779038,28.754732967756645
241,5.41801057665e-05,1.20890406697e-05,1.20890406697e-05,1.0,3.09504378238e-05,1.23808461363e-06,5.0842240810639996e-05,1,1,False,1.23808461363e-06,0.0,0.0,,-1,,True,,,,,-1,,True,1.18421052632,40,40,C000184,4,5,14,38,0.5386125383764797,0.4660485106679345,OK states=241 max_d=6.53201e-05 alphaT=0.000494106 MPa,49.92851386013336,3.4937147259782084,35.16334997017394,66.39988466619823,5.195899754610276,0.5370175951299059,24.650436049618698,0.7941970575806286,13.41813786998002,0.21832959563628077,8.435580697764745,3.2204966958262844,109.82539484735835,0.06742026145486962,23.837979098172305,0.014985564464073965,19.577303778686623,35.65790638034489
241,0.419690366126,0.283374153198,0.283374153198,0.126830550741,0.00356768447736,0.000958723758006,0.201516731366,1,1,False,0.000958723758006,0.000138306220159,0.14426076229367255,,-1,,True,1.0,15.0,,,-1,,True,0.608108108108,40,40,C000185,4,9,14,74,0.5493052071420006,0.5142141215759913,OK states=241 max_d=0.433398 alphaT=0.000772915 MPa,59.11197138158141,11.572008093872904,38.57335195243898,67.62145217786477,4.854080336748697,0.33094101646989926,35.31740186744538,0.6274846096869471,13.592836688245225,0.20263468788277134,13.864699641482963,3.651302300060488,70.16966608195023,0.08311319101513108,33.08049418399462,0.007545494838042103,22.16112612595102,22.37871211891325
241,0.495741692866,0.308238853989,0.308238853989,0.0623355242112,0.00140664716965,0.000554684549305,0.22837949984,1,1,False,0.000554684549305,0.000247637137285,0.44644679141555416,,-1,,True,1.0,7.0,,,-1,,True,1.0,40,40,C000186,4,6,14,45,0.5421025967752332,0.46289642219431565,OK states=241 max_d=0.527216 alphaT=0.000200647 MPa,84.30372401788625,9.96424468781914,47.95720220785861,50.10647553194517,0.5970982914581519,0.4295769229206956,27.62951591500482,0.8938121231767675,11.099557942093277,0.23246199712142954,9.619968448438913,2.5103893321994244,67.68490762821457,0.03727181781517164,33.37944161018622,0.012573007093921465,24.695596282336748,21.524585577414133
241,0.375776657672,0.179334979861,0.179334979861,0.144149498431,0.00434004216918,0.000871011493429,0.105317651389,1,1,False,0.000871011493429,0.000498824225037,0.5726953419101598,,-1,,True,12.0,,,,-1,,True,0.592105263158,40,40,C000187,4,9,14,76,0.5440679399374272,0.5230765986545771,OK states=241 max_d=0.386658 alphaT=0.00101694 MPa,90.2825040143019,9.90386800198071,31.824405832344347,62.4110004742294,2.1440245792707886,0.34357523136486307,37.080307599778806,0.8842712526491175,10.37786820332487,0.21043379025915374,10.165721537000085,3.1883656798895497,68.89230824496761,0.10949462726017307,39.71155390885792,0.007417651659393435,32.789050049871,21.442873927645945
241,0.0,0.0,0.0,1.0,0.0,0.0,0.0,0,0,False,0.0,0.0,0.0,,-1,,True,,,,,-1,,True,,40,40,C000188,4,10,14,80,0.543932895097232,0.49542325023999045,OK states=241 max_d=0 alphaT=0.000861414 MPa,40.803711345182386,10.446828482207554,21.869131297486078,69.57365365929837,5.872419059459392,0.7501890315769519,28.917979538750274,0.7900258502833066,12.453303219791598,0.26342099561599364,10.518497228594775,4.39486550928156,103.65271166554328,0.0585772478160899,21.815145729067552,0.007048518611729305,22.845951373576447,52.193391861939304
241,0.284664232008,0.0141751026542,0.0141751026542,0.124704988904,0.00687445163702,0.000760004496177,0.0485043151612,1,1,False,0.000760004496177,0.000338419311618,0.44528593359687757,,-1,,True,,,,,-1,,True,0.5625,40,40,C000189,4,9,14,80,0.5433376754350956,0.5498679045975123,OK states=241 max_d=0.297695 alphaT=0.00147408 MPa,92.47339298768242,6.553369857455458,9.393330999805256,38.76212066896379,2.429688506366467,0.5643807545244476,30.54364366864185,0.8860822097081511,9.03031478372877,0.1815013873766817,11.345426014729512,3.6129538266654513,96.71002354541665,0.10755338602025409,17.977794959181196,0.0070562401761565755,27.06417927444855,21.87659491011747
241,0.595986706356,0.306585861301,0.306585861301,0.125275033125,0.00232140924117,0.000475449719209,0.437688946327,1,1,False,0.000475449719209,0.000267511467947,0.5626493341757687,,-1,,True,1.0,6.0,,,-1,,True,0.681818181818,40,40,C000190,4,8,14,66,0.5420730824137768,0.5091583421677314,OK states=241 max_d=0.657914 alphaT=0.000499159 MPa,94.37053346036333,7.168440124380513,24.777476393496897,42.37828040954366,1.1271630826847185,0.8904702978645929,33.05890388216151,0.729460287873112,12.284303942235866,0.1915323382946942,11.058472896489118,2.6409010786393443,46.148894295531036,0.09272758678578705,19.057997069973517,0.008572971585648775,24.115157542651076,37.73659997927559
3,0.960437606271,0.864842925431,0.864842925431,0.0203826575927,0.00444346001972,0.00151286703833,0.954913623684,1,1,False,0.00151286703833,0.0,0.0,1.0,1,20.933288277027778,False,1.0,1.0,1.0,1.0,1,20.933288277027778,False,0.409090909091,1,40,C000191,4,13,14,110,0.5477204416232567,0.5276541467415251,OK states=241 max_d=0.983116 alphaT=0.000341575 MPa,72.63772446203495,7.812877675545649,20.933288277023397,63.01580469183448,5.33935149723594,0.7249674805070092,27.296668767567894,0.738271453747326,10.790635802427142,0.26810676098466696,13.132073875917861,3.0033804647879565,40.34887188397221,0.04309586654215666,47.64319043965635,0.005090747154631336,20.152351333491577,45.684409159561014
241,0.278470830456,0.0958481713734,0.0958481713734,0.0455923309617,0.00397692947051,0.000410130594384,0.052899755296300005,1,1,False,0.000410130594384,7.81563628322e-05,0.19056457602142013,,-1,,True,,,,,-1,,True,1.07142857143,40,40,C000192,4,5,14,42,0.546618588006969,0.5227628958472497,OK states=241 max_d=0.29627 alphaT=0.000475331 MPa,44.33869877907846,5.48160552401805,43.663521638935094,50.5119681453253,5.455919648599287,0.683947132000342,21.262813137728273,0.7571074916402525,13.107217994059305,0.2406881987796432,13.510629173726436,2.7374345425576587,72.41901950890005,0.08768864127606424,25.48488041342592,0.013359785201818736,16.098235119920858,34.54751574468787
241,0.332340111737,0.13955734662,0.13955734662,0.069826853169,0.00326121196907,0.000588962938148,0.0566588274167,1,1,False,0.000588962938148,2.94904011183e-05,0.05007174341229835,,-1,,True,18.0,,,,-1,,True,0.762711864407,40,40,C000193,4,7,14,59,0.5475871298504956,0.5254704239719915,OK states=241 max_d=0.344005 alphaT=0.000496481 MPa,59.95856315119774,5.898223725901094,41.97379536795572,55.278012352528194,4.275176587913067,0.3195725574290063,20.934491994753476,0.7374618531867398,13.151316014526397,0.25324051537495174,10.042935182347938,3.459419605843864,81.91084204588722,0.05754254208350801,27.474031730989346,0.009493534176220973,15.438389261973867,17.665335777089638
241,0.379845757519,0.208253463863,0.208253463863,0.0777044283268,0.00181312351189,0.00048442635073,0.168708677526,1,1,False,0.00048442635073,4.6359527835e-05,0.09569984738678874,,-1,,True,4.0,,,,-1,,True,0.616438356164,40,40,C000194,4,9,14,73,0.5492050535065881,0.507172793508817,OK states=241 max_d=0.397626 alphaT=0.000293635 MPa,73.39562120995834,8.013940493423728,44.20248509768982,44.08153426258415,3.561967020364018,0.4408987538556905,29.84215808205493,0.7205828339707749,12.765548581363918,0.2778584953964287,8.515087174735404,2.7273320595311756,42.26574522147763,0.05314897148254365,48.57747817144326,0.007650252635116052,21.503746842571008,19.435493524420277
241,0.888364375003,0.790731725535,0.790731725535,0.0731414968983,0.0045815736547,0.00462149663299,0.675734102695,1,1,False,0.00462149663299,5.83695136902e-05,0.0126300024268191,,-1,,True,1.0,1.0,2.0,2.0,1,58.86079602444444,False,24.9107142857,40,40,C000195,4,7,14,56,0.5446413281818518,0.4960685030359208,OK states=241 max_d=0.91052 alphaT=0.000716412 MPa,82.1005390600376,6.530521917365862,16.227621122554336,26.405553779223837,5.294290847208708,0.3548609367312074,23.271013178127262,0.657835341350808,11.138279013111443,0.1866779060332191,9.954738463978625,2.905825194236788,72.28224288171378,0.09967026278140512,45.92811639134836,0.010056214813158977,15.3084948976125,9.370299549001643
3,0.993697258227,0.953356910611,0.953356910611,0.00758362822573,0.00478113233495,0.0388444381106,0.9801870753,1,1,False,0.0388444381106,0.0,0.0,1.0,1,10.971247415305555,False,1.0,1.0,1.0,1.0,1,10.971247415305555,False,0.725806451613,1,40,C000196,4,8,14,62,0.5486009868487023,0.48406018230927905,OK states=241 max_d=1 alphaT=0.000217657 MPa,86.9016855091804,8.346887534586475,10.971247415291696,47.79836396213525,4.817846957780257,0.56941404308319,35.62029851428612,0.6090194403392706,9.515096547179944,0.2509262956920717,11.874308620685213,2.1114756948019626,40.06084108010944,0.048993471561567775,47.923158160917616,0.009017473776041925,21.693454265888285,27.217059676441277
241,0.210901416194,0.00914854105484,0.00914854105484,0.0790907355722,0.00518337064217,0.000346612880443,0.019335388091,1,1,False,0.000346612880443,0.0,0.0,,-1,,True,,,,,-1,,True,0.5625,40,40,C000197,4,10,14,80,0.5436134896219589,0.4951323303487124,OK states=241 max_d=0.219956 alphaT=0.00084812 MPa,41.23064532396627,3.1749360786048233,16.53097335953165,15.298228128573662,5.642310408743642,0.5575721713040882,33.15382554618426,0.661043654461807,14.09938767315373,0.2165734762450633,13.58655416815792,4.4115349836180595,92.30141400349986,0.06480404169574831,35.969215998119765,0.0070526600384601176,21.916125998438858,8.529866274754095
241,0.0812410843982,0.0121335877026,0.0121335877026,0.0866037360467,0.00442545967048,0.000165789609719,0.01251384754649,1,1,False,0.000165789609719,0.000108331440292,0.6534271989397469,,-1,,True,,,,,-1,,True,1.04651162791,40,40,C000198,4,5,14,43,0.5374418195159139,0.5262243993650405,OK states=241 max_d=0.0981992 alphaT=0.00076352 MPa,67.45469556096643,3.0181877796168814,41.15677085858389,51.39809524026312,1.4619281976893117,0.5329641278949417,29.555656643220537,0.565947590672358,8.908206994322025,0.26043879937039355,8.586051419689332,2.692654038878827,102.41893739183739,0.09894030592256907,34.346178350872904,0.0132719045495175,16.726952667970135,27.393341005187988
241,0.307923426358,0.153573281364,0.153573281364,0.0791645827608,0.00425962943468,0.00040269078101,0.0352979526935,1,1,False,0.000287455321514,0.00040269078101,1.4008812878782892,,-1,,True,17.0,,,,-1,,True,1.02272727273,40,40,C000199,4,5,14,44,0.5403248407246876,0.5413506708439031,OK states=241 max_d=0.320799 alphaT=0.000697353 MPa,57.46498644514815,8.315847307313533,40.12669344655695,14.578807149404579,0.19550846303900393,0.6478621017759847,22.33520235514672,0.7828684867192015,6.330117870957998,0.24266107426817032,13.413215920197901,2.020284862405263,78.87060553168416,0.11406784916157293,34.58586100042308,0.012901064644683541,17.485526068340857,9.445056641200003
3,1.0,0.992975550087,0.992975550087,0.000959680746751,0.0120568446932,0.0574924469307,0.999992635111,1,1,False,0.0574924469307,0.0,0.0,1.0,1,26.507365163583334,False,1.0,1.0,1.0,1.0,1,26.507365163583334,False,0.849056603774,1,40,C000200,4,6,14,53,0.5451219685223188,0.5482256823563246,OK states=241 max_d=1 alphaT=0.000189691 MPa,103.17388087406304,9.77345898613978,26.5073651635889,46.10525743448832,1.1845873451296622,0.6165575260750927,21.582770394441845,0.6967764808728917,12.850172086696999,0.204015103790067,12.600668889322689,2.608574039963666,53.30122633593361,0.03778096560010965,26.70353898963115,0.010616065951133662,15.03836680292682,28.426543462863396
241,0.00124978731578,0.000138730340203,0.000138730340203,1.0,0.000803400824506,2.5005638548e-05,0.0008269224843050001,1,1,False,2.5005638548e-05,0.0,0.0,,-1,,True,,,,,-1,,True,0.865384615385,40,40,C000201,4,6,14,52,0.5438329312834362,0.5366098849726751,OK states=241 max_d=0.00147532 alphaT=0.000847776 MPa,52.007570591408744,9.44739535957493,24.639385470999603,40.78745505319121,4.690758384161347,0.5896163543340858,32.754871963296864,0.8867490797118698,9.884967279257678,0.22313845713692207,12.465757959396557,3.1052642031434416,100.31419557401027,0.09166062424941268,36.29329477293062,0.010845868037440939,29.04535256953362,24.048950551027986
3,0.977521564935,0.856178763927,0.856178763927,0.0169096510568,0.00908437374391,0.00460808280936,0.97614953089,1,1,False,0.00460808280936,0.0,0.0,1.0,1,20.97776975011111,False,1.0,1.0,1.0,1.0,1,20.97776975011111,False,0.523255813953,1,40,C000202,4,10,14,86,0.5453309603831866,0.5339488790456991,OK states=241 max_d=0.991787 alphaT=0.000631727 MPa,89.99532373160126,6.518798859500643,20.977769750116344,71.73558005739201,1.9802785447088915,0.2728508491965188,27.96838518347691,0.7879014101274614,13.274068148936141,0.21782353610822808,12.238638141297375,4.131449601775193,79.73548362330834,0.0518146122518883,48.54192315403107,0.006539951926186417,22.036330125049457,19.57311393626427
241,0.364629144072,0.214021329084,0.214021329084,0.0426841994094,0.00402534055045,0.000745848302993,0.0633426726404,1,1,False,0.000745848302993,0.0,0.0,,-1,,True,8.0,,,,-1,,True,0.671641791045,40,40,C000203,4,8,14,67,0.54415407982031,0.5188571172494567,OK states=241 max_d=0.372998 alphaT=0.000463724 MPa,93.84756494504023,10.94999441598011,32.67187920461758,21.064003859345746,3.653867293525212,0.4747916273505919,20.85417231095064,0.5914570113390742,6.1254725407573325,0.2556396703932134,8.669358912874534,2.57256962668905,86.18017051068922,0.04526771034446228,24.425962308684902,0.008412720679518766,12.334346428984942,10.001012670897914
241,0.0,0.0,0.0,1.0,0.0,0.0,0.0,0,0,False,0.0,0.0,0.0,,-1,,True,,,,,-1,,True,,40,40,C000204,4,13,14,107,0.5448973571262443,0.5106180936639553,OK states=241 max_d=0 alphaT=0.00130854 MPa,57.19300498480208,6.313628442602626,23.601699089074604,41.031523139996764,0.2887582282236889,0.37776038333678563,36.40906367403278,0.8056610545848453,10.473866016950497,0.18313187557173222,8.824997239566997,3.740188340301507,66.61788093046594,0.10333138502659166,21.505320410807396,0.005260592759021264,29.33336463606803,15.500083910257368
241,0.912012292699,0.760114937806,0.760114937806,0.0202290120495,0.0018562523946,0.0004831229002,0.635373071607,1,1,False,0.0004831229002,0.000303511431164,0.62822820246847,,-1,,True,1.0,1.0,1.0,1.0,1,47.608299635555554,False,1.04651162791,40,40,C000205,4,5,14,43,0.5417408768799972,0.530433727327811,OK states=241 max_d=0.949165 alphaT=0.000142112 MPa,98.08716168687963,4.028114280736771,47.60829963543821,33.945200529914004,2.5493814950135025,0.7494879182750303,25.87969051382963,0.8544107578782079,11.026706407442356,0.2045661422500762,8.072153629014359,2.254557957606834,57.54747833503093,0.03251463801822309,35.04601581113263,0.0131665835714927,22.11188598557464,25.4415176805937
241,0.672187981424,0.5681060524,0.5681060524,0.0701307130157,0.00440477305947,0.00148187569442,0.288482156773,1,1,False,0.00138105216779,0.00148187569442,1.0730048646832369,,-1,,True,1.0,1.0,13.0,13.0,2,911.2083037277778,False,1.07142857143,40,40,C000206,4,5,14,42,0.5419423268969593,0.5182907175253968,OK states=241 max_d=0.696938 alphaT=0.000672254 MPa,72.21629847909472,8.766711698554083,13.972767188987369,60.748714681819045,0.5777540903823459,0.7183780683688694,34.20745645104718,0.6574999236355648,10.384351429097016,0.20870504324083242,12.099187982191118,2.651279378475162,86.48456626690906,0.10474319824621067,47.75290633004949,0.013475062863069261,22.491400004330426,43.64054430901675
241,0.725263740541,0.646351740149,0.646351740149,0.0933252653687,0.00727445776777,0.0027380921047,0.420192745119,1,1,False,0.0027380921047,0.00185305228266,0.6767676950965936,,-1,,True,1.0,1.0,7.0,7.0,1,501.9007913888889,False,0.652173913043,40,40,C000207,4,8,14,69,0.5482009555444527,0.5383193178666573,OK states=241 max_d=0.737696 alphaT=0.00131146 MPa,101.5209432775753,4.61155562247853,22.68625005050469,57.18284017236188,1.4317546307681144,0.736483480698745,39.14600588683588,0.6975619299677911,9.782594182017576,0.1869530984515769,11.034926615094916,3.584503685004435,100.97747549425756,0.10531163460912643,41.73203615364467,0.008108570239125649,27.30676341695175,42.1142171663811
241,0.00363615773313,0.000777179407716,0.000777179407716,0.530227484737,0.00161152806911,4.77649779511e-05,0.0020828339430400003,1,1,False,4.77649779511e-05,0.0,0.0,,-1,,True,,,,,-1,,True,1.09756097561,40,40,C000208,4,5,14,41,0.5402317985829865,0.5043535348719151,OK states=241 max_d=0.00431227 alphaT=0.000922654 MPa,59.258748316604155,3.7899783069933433,33.730873154932965,16.927749487925922,5.270075627078906,0.8512613017674682,35.830975562011915,0.8021497261555773,8.629116332890039,0.1807769487832248,13.046930021074848,2.685185697325245,109.70532020426971,0.11646098172489334,21.59231758779175,0.013847429465867908,28.74180723495504,14.409938065085413
241,0.751345902751,0.539908419565,0.539908419565,0.0701565211045,0.00347150047807,0.000875540727996,0.609208137846,1,1,False,0.000875540727996,0.000357486592083,0.4083037837671364,,-1,,True,1.0,1.0,15.0,15.0,1,836.749341075,False,0.625,40,40,C000209,4,9,14,72,0.5463677665081863,0.49764097216709663,OK states=241 max_d=0.78899 alphaT=0.000529931 MPa,73.59781105668577,8.751480474623165,9.35096037582725,49.74892395978893,5.697634054836192,0.45866062001312125,23.858796599107304,0.671611060195279,14.18505703515664,0.19539491978175785,10.909065136992172,4.126702968315168,88.74974855982819,0.04655516698865321,33.073245929600006,0.0077967856687997565,16.023831678909975,22.817872308382416
241,0.834812232271,0.536687161196,0.536687161196,0.0691960982234,0.00483807744708,0.00249939294458,0.759127386836,1,1,False,0.00193400467378,0.00249939294458,1.2923406951726504,,-1,,True,1.0,1.0,9.0,9.0,2,571.6210813027777,False,0.569620253165,40,40,C000210,4,9,14,79,0.5461109488392979,0.5457660778623777,OK states=241 max_d=0.894371 alphaT=0.000732701 MPa,64.81209013156028,4.022603002736499,11.099067997364166,58.88689278552252,0.6343270418941891,0.8312158921806783,29.343406635591954,0.6206466159929642,14.997368053006946,0.2766517067528437,13.923782967203085,3.242682000879993,47.26014615220024,0.1102190865095934,36.637321711161164,0.007109272923661613,18.211886030085637,48.94772112446605
241,0.360567172126,0.19166067271,0.19166067271,0.110891671672,0.0035939805598,0.000875749331283,0.124779151197,1,1,False,0.000875749331283,0.000182121358297,0.20796060218531542,,-1,,True,2.0,,,,-1,,True,0.9,40,40,C000211,4,6,14,50,0.5450519347023673,0.5171275941423263,OK states=241 max_d=0.378294 alphaT=0.000717944 MPa,76.0165386449932,11.367262666950564,36.53835479986089,31.600002794747194,2.64435571856453,0.642993790884892,32.83165387804617,0.7486163980215609,11.666697583337163,0.20513415345656905,12.995460867674083,3.1236720361640207,89.24510239539484,0.09053812872138789,22.073587464841516,0.01125447581201437,24.578314467273533,20.318605588967678
241,0.113498800961,0.0074610524427,0.0074610524427,0.095112145314,0.00517807533882,0.000220914521644,0.017027081021900002,1,1,False,0.000220914521644,0.0,0.0,,-1,,True,,,,,-1,,True,0.75,40,40,C000212,4,7,14,60,0.5429250959428821,0.5298271390512498,OK states=241 max_d=0.127723 alphaT=0.000944038 MPa,44.30715249238213,7.692161638499792,28.111366766456808,31.657471004457868,5.684587709027382,0.2547903875216588,35.262750224997774,0.7238137863551417,13.56454192355162,0.23043070106981045,12.596038332966424,3.6906444295555185,89.64322559248374,0.09915482601151612,46.94300996627805,0.009415469803046243,25.523664757651265,8.066019305181497
3,0.969151303995,0.885027533792,0.885027533792,0.0229899747877,0.00645079327484,0.0103203155613,0.908399234573,1,1,False,0.0103203155613,0.0,0.0,1.0,1,30.29170844416667,False,1.0,1.0,1.0,1.0,1,30.29170844416667,False,0.725806451613,1,40,C000213,4,8,14,62,0.5486316749036709,0.4840872600321395,OK states=241 max_d=1 alphaT=0.000529166 MPa,97.04285362067677,5.067935541653938,30.29170844421163,32.85340662443579,0.6719119400113238,0.4240572293726188,32.14441356740635,0.6254318856023422,13.916895824033542,0.20889677986470556,12.298543404581109,3.7559980655847873,86.66527900346759,0.05505637494761392,22.9104418789202,0.00901696937802122,20.104141189044466,13.931724588610283
241,0.40973386518,0.214365673215,0.214365673215,0.0238684012387,0.00513341444412,0.000785284392513,0.0959510651978,1,1,False,0.000785284392513,0.000464692094943,0.5917500708958854,,-1,,True,6.0,,,,-1,,True,0.957446808511,40,40,C000214,4,6,14,47,0.5396816663895063,0.48131051031204414,OK states=241 max_d=0.424758 alphaT=0.000429737 MPa,80.14719340429724,6.76444685119463,29.698486511958667,66.86120995527331,1.83156829161902,0.5484536768871685,24.051341998968688,0.5815091858317456,12.996204913551807,0.24485072559445936,8.405101451816643,3.335700271654753,98.1592724348259,0.052938160245812244,20.9860708020583,0.012091986099008648,13.98607630398115,36.6702764410946
241,0.368051733294,0.198065187312,0.198065187312,0.0997948151438,0.00399023975715,0.000775717254103,0.078476721339,1,1,False,0.000775717254103,0.000461969444628,0.5955384415964783,,-1,,True,10.0,,,,-1,,True,0.511363636364,40,40,C000215,4,10,14,88,0.5441850479930552,0.5452182068830098,OK states=241 max_d=0.376082 alphaT=0.00074849 MPa,88.80686090109822,5.805503728252804,41.30836529398796,61.83655129230542,1.7957667195809863,0.35773921635421624,36.192657364392545,0.6883665188671468,8.274356721550788,0.2074387721704056,9.94997953986553,3.1549523663115204,73.05189045000444,0.06562334273179533,34.426854960810346,0.006404775108233489,24.913813558478303,22.12135940135664
241,0.0,0.0,0.0,1.0,0.0,0.0,0.0,0,0,False,0.0,0.0,0.0,,-1,,True,,,,,-1,,True,,40,40,C000216,4,9,14,79,0.5459189788366862,0.545574229089495,OK states=241 max_d=0 alphaT=0.00144157 MPa,43.318187716652666,8.783878556882538,47.66939634840031,53.21194658043776,0.7528774664279316,0.8944279537008499,28.13781509032666,0.6597923470725805,6.770938770593264,0.23415536980308815,9.871799093821412,3.1923542405509844,101.49095673158402,0.10101525489656445,22.060073452213874,0.007111772868149037,18.5651150599409,47.59425249237989
241,0.0009067385611,2.77247517323e-06,2.77247517323e-06,1.0,0.000323406604371,1.22575935583e-05,0.000649157541894,1,1,False,1.22575935583e-05,0.0,0.0,,-1,,True,,,,,-1,,True,0.405405405405,40,40,C000217,4,13,14,111,0.5481157967081043,0.5328353359328826,OK states=241 max_d=0.00100428 alphaT=0.00102307 MPa,42.162316509752685,3.423248597627833,36.001339182309145,20.494935070122352,2.4466216435833483,0.38708647045041156,26.416557991759845,0.8635026015748091,10.052002400562396,0.2450764348235542,12.674771563119346,3.1675285078276234,47.709245294518354,0.10810341647057127,36.896652888802,0.005041245700139151,22.81076655053644,7.933312078404019
241,0.0,0.0,0.0,1.0,0.0,0.0,0.0,0,0,False,0.0,0.0,0.0,,-1,,True,,,,,-1,,True,,40,40,C000218,4,7,14,61,0.5431895735444577,0.5389199901211958,OK states=241 max_d=0 alphaT=0.000275599 MPa,47.45337803457869,4.800220547390428,28.833906733356372,69.06182761089175,3.8501251860643135,0.4357940857957524,25.463553778979104,0.7911870120489704,10.621471231574283,0.20876899387961856,8.069826663552233,2.804650672515028,64.99814741189729,0.039248967760839845,23.248555130296467,0.00925660862468576,20.146433030538745,30.096736027072424
241,0.0,0.0,0.0,1.0,0.0,0.0,0.0,0,0,False,0.0,0.0,0.0,,-1,,True,,,,,-1,,True,,40,40,C000219,4,9,14,77,0.5498669557665646,0.5356078213933524,OK states=241 max_d=0 alphaT=0.000855231 MPa,67.21523968894934,5.785904553914099,41.149121442266164,38.211660128586516,1.5625976616215325,0.34505142322870996,27.363757956238473,0.6834658384093144,9.81376025261512,0.26934844681481457,8.61524605862015,3.1970584635827928,71.5363419743846,0.08660468055044378,19.250257436493055,0.007244106312537418,18.702193773590075,13.184987711300527
241,0.0014302142382,2.73292904757e-05,2.73292904757e-05,1.0,0.000675465552437,2.07425150389e-05,0.001045486498437,1,1,False,2.07425150389e-05,0.0,0.0,,-1,,True,,,,,-1,,True,0.548780487805,40,40,C000220,4,10,14,82,0.5434673221786785,0.5073741785417787,OK states=241 max_d=0.00156659 alphaT=0.00123946 MPa,41.91735718182723,3.6617275896955466,27.204527196523024,21.273265355178722,2.849503408133229,0.7634126447644678,36.288164770437284,0.5706617210603953,10.151742282230632,0.19166991885815673,12.919283992106497,3.3992123617097065,74.27421764431865,0.11485208361229635,25.08912670106471,0.006882494513292335,20.708266562020942,16.240279767573313
241,0.0,0.0,0.0,1.0,0.0,0.0,0.0,0,0,False,0.0,0.0,0.0,,-1,,True,,,,,-1,,True,,40,40,C000221,4,11,14,92,0.5487240910295269,0.5225047500931709,OK states=241 max_d=0 alphaT=0.000498761 MPa,43.61795825243168,9.030619301238907,33.16075974472194,41.39829839650231,0.15269925098131698,0.5638180132502435,33.01967772018216,0.7847950120771356,12.960378156738305,0.2642806074551012,8.585454524607718,3.6633938217604114,59.650907037254555,0.05080030355937683,32.713939946279496,0.006075629846387771,25.913678375193484,23.341106353856674
241,0.817191346951,0.760218638589,0.760218638589,0.0902344647023,0.00728724295549,0.00305110552687,0.607297002141,1,1,False,0.00305110552687,0.00204278687138,0.6695235066076552,,-1,,True,1.0,1.0,2.0,2.0,1,99.95540963805556,False,0.633802816901,40,40,C000222,4,8,14,71,0.5442200088961028,0.5499002787701718,OK states=241 max_d=0.83473 alphaT=0.00128795 MPa,98.52049426876968,10.082225988458646,32.29259483073238,35.370219976564655,2.74092613114035,0.8439432102883997,33.78603590509884,0.7241249830548722,13.807424787865592,0.187689569707766,10.069858506686563,4.477950978361003,109.30058664968904,0.09353585980702674,49.163044676961064,0.007937802849931503,24.465312677271,29.85045699562886
241,0.863029118268,0.680556966831,0.680556966831,0.0378745474744,0.00606904730302,0.00790161088907,0.726923433173,1,1,False,0.00790161088907,0.0,0.0,,-1,,True,1.0,1.0,1.0,1.0,1,42.05126679333333,False,0.681818181818,40,40,C000223,4,8,14,66,0.5428593359312767,0.5098968542807313,OK states=241 max_d=0.915717 alphaT=0.00065422 MPa,97.60695958552986,5.292511258336418,42.051266793223974,21.510518826766553,4.923431837570657,0.4056694720871337,22.99505860621791,0.5881101447375867,9.000829941674837,0.2630749444985474,12.278989158328823,3.246577865234801,95.04892445037693,0.05892218575139892,22.048328310065926,0.00856055487174428,13.523627245152104,8.726160816774739
241,0.206779196679,0.0209879563051,0.0209879563051,0.0500922480854,0.00563985311956,0.000444708386282,0.0285667070754,1,1,False,0.000444708386282,0.0,0.0,,-1,,True,,,,,-1,,True,0.762711864407,40,40,C000224,4,7,14,59,0.5446194469485298,0.5226226039490188,OK states=241 max_d=0.219442 alphaT=0.000710664 MPa,55.883900841816825,9.391493481839454,27.925557135011694,13.97263366300739,3.1271619702022706,0.3639408797166397,30.20451094976254,0.7864931438717567,11.598929353783676,0.26180464297335443,13.65460162606982,3.73297688375444,108.73188187130663,0.06238719546500149,35.12177512439302,0.00954526534228905,23.75564077598764,5.085212587273243
3,0.999745081239,0.975014189674,0.975014189674,0.00478496306941,0.00696273748894,0.726304641364,0.999673627951,1,1,False,0.726304641364,0.0,0.0,1.0,1,42.414960173888886,False,1.0,1.0,1.0,1.0,1,42.414960173888886,False,0.762711864407,1,40,C000225,4,7,14,59,0.544431603111538,0.5224423470085543,OK states=241 max_d=1 alphaT=0.000249446 MPa,97.35838202237392,8.41060386879963,42.41496017400902,70.35382643261954,4.861387944602716,0.8790652328611224,23.24787899760226,0.6080630996227637,6.4188222257406125,0.22916914773139452,12.08501736819303,2.044888200403131,58.97905564886389,0.04038462535829497,38.683484307902845,0.009548558720661564,14.13617736293698,61.845602815661685
241,0.190446818486,0.0121465730421,0.0121465730421,0.042379618807,0.004022071046,0.000467844398496,0.042571634448,1,1,False,0.000467844398496,0.000293452607963,0.6272440343549587,,-1,,True,,,,,-1,,True,0.714285714286,40,40,C000226,4,8,14,63,0.5494020496806082,0.49258582579943444,OK states=241 max_d=0.205919 alphaT=0.000461501 MPa,90.71009901624237,10.496952932726888,42.469569858888825,57.01237895709419,0.8233254256801754,0.6157511911047803,39.39384564855933,0.866497423463203,14.059195400878577,0.25720632040219915,11.916533598994315,3.3868685179435403,68.5511501426826,0.05965684415851081,20.964098354165102,0.008861399925415818,34.13466575478377,35.10544025054786
241,0.200336318102,0.00122955438883,0.00122955438883,0.0658691266172,0.00550706617882,0.000555849468042,0.023535719080800002,1,1,False,0.000555849468042,2.29389365109e-05,0.041268253060857,,-1,,True,,,,,-1,,True,0.416666666667,40,40,C000227,4,13,14,108,0.5451802271330987,0.5156577774885203,OK states=241 max_d=0.209823 alphaT=0.000810731 MPa,74.41858881100697,7.7010809159131055,8.815530613554253,55.84071883322082,4.878468006461531,0.46187042636201997,33.5051245236624,0.855826689741004,9.485925828450558,0.27118916017143674,13.794930448228008,4.179865524698931,90.96836865149606,0.04642538554878571,29.994326192515,0.005209179349987879,28.674579810446126,25.791176615861378
241,0.876209155295,0.666331704903,0.666331704903,0.0371235703972,0.00875558305895,0.0175938858714,0.768385820342,1,1,False,0.0175938858714,8.35993900075e-06,0.00047516160226659314,,-1,,True,1.0,1.0,6.0,6.0,1,294.0279919388889,False,26.8348623853,40,40,C000228,4,13,14,109,0.5493809315669216,0.5244424047403615,OK states=241 max_d=0.94601 alphaT=0.000933413 MPa,102.44798272209641,6.437726019112299,17.684217292545238,37.58453763645914,5.3938373608988215,0.24528648524396054,28.22572925239963,0.554860662097025,7.2944001191279355,0.2569513222106954,11.07068883112207,3.640735935257721,88.24661645692744,0.05417621402502682,31.976948174875858,0.005121923440732625,15.661346821157826,9.218979136366414
241,5.77000897474e-05,4.62160062026e-06,4.62160062026e-06,1.0,1.71608639722e-05,1.1779346701e-06,5.7605986483317195e-05,1,1,False,1.1779346701e-06,0.0,0.0,,-1,,True,,,,,-1,,True,0.818181818182,40,40,C000229,4,7,14,55,0.5404572347138463,0.4834672465971305,OK states=241 max_d=6.9387e-05 alphaT=0.000281159 MPa,58.95079313723268,5.169668551383282,19.76691066532235,60.5253359750113,5.326638465643903,0.33929822243333707,22.438022863450687,0.8120778664764348,8.61558429760021,0.25531826114882117,9.336540940294862,2.5262964177603733,72.47182789578876,0.04003060200992122,25.637716851278924,0.010318323451450609,18.2214217349005,20.536138908501844
241,0.0,0.0,0.0,1.0,0.0,0.0,0.0,0,0,False,0.0,0.0,0.0,,-1,,True,,,,,-1,,True,,40,40,C000230,4,6,14,44,0.5491549864760804,0.458497984174636,OK states=241 max_d=0 alphaT=0.000358192 MPa,58.23089972896883,9.991844730181604,31.55631336523527,51.57141735166279,1.0935881947321455,0.32236531152011166,33.26915254633923,0.8217461550424545,12.720493236133857,0.20590526516592927,9.136106888122859,3.1460229214168924,93.64434770073979,0.04855348598357929,17.61750495782278,0.0126936217843506,27.338798186475145,16.624836020102467
21,0.999994223176,0.807263134434,0.807263134434,0.0129838431791,0.00487626081689,2.62763991099,0.999890825517,1,1,False,2.62763991099,0.00108437237164,0.0004126792134282385,4.0,1,192.62941646277778,False,1.0,1.0,1.0,1.0,1,12.377952196166667,False,0.737704918033,4,40,C000231,4,7,14,61,0.5432937154119121,0.5390233134118353,OK states=241 max_d=1 alphaT=0.000294601 MPa,101.72704029844584,3.5260523297049153,12.377952196157146,47.70586922605215,3.8836132086499244,0.20481681803529586,24.472851414093682,0.6568186699048438,7.760214198219226,0.27428569925329205,8.117591863941007,2.0515229808301214,47.59089917918208,0.05729006612843092,47.4985620515164,0.009254834261240864,16.07422571458389,9.770964336487944
241,0.518657351481,0.369891000836,0.369891000836,0.0887448841122,0.0023097558357,0.000775329570928,0.286948428789,1,1,False,0.000775329570928,5.7462214341e-05,0.07411327581924017,,-1,,True,1.0,3.0,,,-1,,True,0.681818181818,40,40,C000232,4,8,14,66,0.5426343310107864,0.5096855116850313,OK states=241 max_d=0.545343 alphaT=0.000404253 MPa,66.94568143809322,9.2499631668015,30.07555188799311,18.756798837406375,3.9803916685727105,0.7749037153059388,34.900021761252944,0.6223859449429604,14.001520630386649,0.20294912539963408,10.066601030537637,3.119745121963312,56.44444208422158,0.06133574469319017,45.34099469792483,0.008564104530986594,21.721283022407295,14.534713106352314
241,0.920797012322,0.789721951279,0.789721951279,0.0441247195539,0.00726199699484,0.0016436754387,0.849639842428,1,1,False,0.0016436754387,0.000900942008971,0.5481264656990704,,-1,,True,1.0,1.0,1.0,1.0,1,31.73271453027778,False,0.762711864407,40,40,C000233,4,7,14,59,0.5434110313028339,0.5214629954647003,OK states=241 max_d=0.95919 alphaT=0.000852233 MPa,103.44048476493359,5.227193822471592,31.732714530267174,51.65528139817093,3.7679004172749067,0.5883599459196779,29.44718084752193,0.7045824749819709,11.524251131514141,0.18344681729902315,13.021388573117944,3.440868709327508,93.18636930233018,0.08749003690829518,22.789072043989236,0.009566491720329789,20.747967562788695,30.39189856989359
241,0.00356000181793,0.000158596558846,0.000158596558846,0.439138367834,0.00151662556384,4.25470356116e-05,0.0021408828056340003,1,1,False,4.25470356116e-05,2.11571108404e-05,0.4972640405206453,,-1,,True,,,,,-1,,True,0.671641791045,40,40,C000234,4,8,14,67,0.545465617889357,0.5201076837468968,OK states=241 max_d=0.00415643 alphaT=0.000751523 MPa,56.29521956345339,3.0119084440574713,12.861201869551287,60.8392386652891,1.808000755508545,0.6329624727647634,33.70875343591164,0.8455827857922658,7.435596009477411,0.1966161232311016,12.792894201038392,2.6823538555113355,76.99872473089145,0.08191239008921282,31.01201191510174,0.008392492817168539,28.503541635922772,38.50895494670699
241,0.0,0.0,0.0,1.0,0.0,0.0,0.0,0,0,False,0.0,0.0,0.0,,-1,,True,,,,,-1,,True,,40,40,C000235,4,11,14,95,0.5457652625006518,0.5366336264684866,OK states=241 max_d=0 alphaT=0.00110405 MPa,49.18878207665236,5.319207773757438,45.27433322973964,18.422999843685155,4.339141956698357,0.768720943743761,36.212082023716086,0.7949906001697363,8.330540769001274,0.24165834843038977,12.985285549402223,3.071344365467368,63.513156988081235,0.10283240369615682,16.06945385992568,0.005915666290680865,28.78826482142977,14.162145826428812
241,0.870183156614,0.791090896627,0.791090896627,0.0830929490666,0.00661598971666,0.00263955875175,0.682048933108,1,1,False,0.00263955875175,0.000370367953265,0.14031434345587113,,-1,,True,1.0,1.0,1.0,1.0,1,20.035531969416667,False,19.7368421053,40,40,C000236,4,7,14,57,0.5470889287713209,0.5071959942511404,OK states=241 max_d=0.892074 alphaT=0.00111414 MPa,81.42955572408967,8.198875290580201,20.035531969420973,25.934697680932736,4.75351597230118,0.45916646539452033,20.046369445793648,0.7119589008111797,8.58623173101238,0.19861047852018587,13.764893676746105,3.1210350910157216,105.79649482689888,0.10357807200661574,35.93702353633155,0.009835589170882356,14.272191155882064,11.908343465229347
241,0.365023080885,0.160690489239,0.160690489239,0.0688056252973,0.00239571360734,0.000417404079893,0.048364708212,1,1,False,0.000417404079893,0.000225679147366,0.5406730749346101,,-1,,True,17.0,,,,-1,,True,0.789473684211,40,40,C000237,4,7,14,57,0.5434825721846925,0.5038526079781133,OK states=241 max_d=0.376555 alphaT=0.000361638 MPa,43.69400862862723,8.555270909927012,13.443147656184133,26.618692069026352,2.3772549457692804,0.5416899143714806,21.058016467359444,0.8666260010415856,8.209092858945487,0.1933901016160621,13.769300649123549,2.4650379756609953,69.48658136600324,0.051528307216758884,49.528796354262084,0.009900854634036393,18.249424600975573,14.419077027551696
241,0.0264519614531,0.000952125959452,0.000952125959452,0.0837489121518,0.00358238382704,0.000115494121828,0.0066310489899,1,1,False,0.000115494121828,7.02366671862e-05,0.6081406228691031,,-1,,True,,,,,-1,,True,0.692307692308,40,40,C000238,4,8,14,65,0.5435510966296175,0.502811056474486,OK states=241 max_d=0.0347887 alphaT=0.000606055 MPa,85.50996729449473,7.238425005717554,8.662877195980986,37.96466246444781,0.8336119637388426,0.5495067585975502,31.214066637666974,0.8405964605607747,14.499790292243611,0.2433528344089138,8.08598688476499,3.1858002381285715,57.61439288715597,0.09131879287403841,21.120151744041515,0.00868119335045189,26.23843393533102,20.861838612088796
3,0.950351510015,0.84613454585,0.84613454585,0.0333590176727,0.00682136764144,0.0016138189384,0.908708082461,1,1,False,0.0016138189384,0.0,0.0,1.0,1,41.131501560833335,False,1.0,1.0,1.0,1.0,1,41.131501560833335,False,0.703125,1,40,C000239,4,8,14,64,0.5460674118588659,0.4973674040892468,OK states=241 max_d=0.981879 alphaT=0.000685549 MPa,102.91779109935572,3.002604517006264,41.13150156089818,54.73296359586515,3.694346492234262,0.23457484098478518,22.475107999322823,0.8012438992874442,11.757283905001275,0.21374541386863427,12.488793038063093,3.160379328900798,70.68944133708452,0.08511195683671677,19.56986344929224,0.008776208420801032,18.008043170283848,12.838976232126104
241,0.388536166814,0.205269877405,0.205269877405,0.0541633664934,0.00184529049083,0.000466555935906,0.09750472530589999,1,1,False,0.000466555935906,0.000349362181454,0.748810923979731,,-1,,True,6.0,,,,-1,,True,0.957446808511,40,40,C000240,4,6,14,47,0.5407928163949831,0.4823014800067294,OK states=241 max_d=0.40134 alphaT=0.000243005 MPa,57.17644716714072,3.754139588205327,22.962056399042062,29.8906815823037,0.4180882182232195,0.6120020835694586,26.753592910717767,0.7346469657363133,12.324885221416313,0.19088641671442108,10.275208958319807,2.856910782859007,75.76891427846206,0.038701522412792254,31.701994989506662,0.012067141075160688,19.65444585440335,18.293159407681106
241,8.84980833767e-06,9.481508227e-07,9.481508227e-07,1.0,1.46394207992e-07,1.45944663362e-07,8.84980833767e-06,1,1,False,1.45944663362e-07,0.0,0.0,,-1,,True,,,,,-1,,True,0.918367346939,40,40,C000241,4,6,14,49,0.5446276646630567,0.5063905592825158,OK states=241 max_d=1.08605e-05 alphaT=0.000360379 MPa,74.51513720393544,6.950264276524521,9.838701003288467,26.850061464591068,1.4785771753202532,0.4284146530884674,39.36654428882153,0.8796579813502468,7.339906230408698,0.22790983728342518,9.80013944388574,2.0533166002314576,62.59431774677231,0.06617007672896488,39.4492562002423,0.011493105259004273,34.62909488183983,11.502959767756808
241,0.836022848304,0.596420404156,0.596420404156,0.0410017228113,0.0041919498455,0.00147813145002,0.775400208766,1,1,False,0.00147813145002,0.000231473132199,0.15659847586347483,,-1,,True,1.0,1.0,1.0,1.0,1,22.65290940986111,False,0.445544554455,40,40,C000242,4,12,14,101,0.5482346474745324,0.5253487212609785,OK states=241 max_d=0.88032 alphaT=0.000472221 MPa,82.23958211416853,9.20228736976734,22.65290940985693,29.789085391316956,3.6734153022459806,0.48466302480405793,36.75529550209015,0.6497947577287346,9.629079948034938,0.22293978324565075,13.79772000201564,3.647253851548138,72.55522633867001,0.03605140036266248,39.996610715443076,0.005539177849363017,23.88339833602872,14.43766823190205
3,0.9809993181,0.931026622359,0.931026622359,0.0120930424589,0.00570965303361,0.001322146342,0.855240818857,1,1,False,0.001322146342,0.0,0.0,1.0,1,44.79149390055556,False,1.0,1.0,1.0,1.0,1,44.79149390055556,False,1.125,1,40,C000243,4,5,14,40,0.5467696180456764,0.49800698532168186,OK states=241 max_d=1 alphaT=0.000332207 MPa,79.25218028535596,7.780781843501713,44.79149390046107,62.67892972002453,1.6743860793241228,0.7325845662318695,24.308409380707992,0.866057606923536,13.842203453531717,0.26098109152129967,12.147960252587202,2.488075410725476,59.465742718976614,0.07834483731364819,42.79891730728734,0.01402389967580226,21.052482856373597,45.917616540822
241,0.728032928135,0.61223937372,0.61223937372,0.0389856388407,0.00266478421095,0.000908640098612,0.269299794612,1,1,False,0.000908640098612,0.00074320494025,0.8179310393469188,,-1,,True,1.0,2.0,10.0,10.0,2,443.1928065361111,False,0.9,40,40,C000244,4,6,14,50,0.5404226955244511,0.5127355221829956,OK states=241 max_d=0.743232 alphaT=0.000291895 MPa,84.47577825580305,8.734355807230088,8.592658277265242,39.65156914567477,0.40210145344554216,0.7458466991452344,24.08427145093022,0.7710689848094627,10.143190452439148,0.1901537600249922,8.558357507172538,2.922913026870584,90.64899324610667,0.036550482979241614,37.5043232674427,0.011350881201327875,18.570634737544292,29.573991963230547
241,0.336666782186,0.130192106875,0.130192106875,0.0752651340028,0.00259608543761,0.000523410139322,0.0459893244945,1,1,False,0.000523410139322,5.50904685068e-06,0.010525296391499316,,-1,,True,24.0,,,,-1,,True,0.576923076923,40,40,C000245,4,9,14,78,0.5441511853593308,0.5369239120814323,OK states=241 max_d=0.344963 alphaT=0.000412726 MPa,57.92825275973803,5.596734053189189,22.45467485553422,15.09138595231162,3.087897353666903,0.6495934295202117,28.994715465829454,0.7592653447688147,14.83003878445998,0.19958680395866907,9.528805324747145,4.200805833052096,81.53012547889986,0.036581606591661986,36.90463097610619,0.007226349791274595,22.014682634636685,9.803265156975252
241,0.441376150849,0.240728530416,0.240728530416,0.0627665588645,0.00282275146026,0.000704792201215,0.105173456263,1,1,False,0.000704792201215,0.000299142449358,0.4244406349024643,,-1,,True,8.0,,,,-1,,True,0.436893203883,40,40,C000246,4,12,14,103,0.5486305294966535,0.5361385342572106,OK states=241 max_d=0.449428 alphaT=0.000404232 MPa,60.39522445589837,3.5101925748409957,20.384702004891338,63.2064620424616,1.4743642185048165,0.2211374580098961,29.94455630043189,0.8479303250150796,12.274428809288349,0.1973514425685852,10.54171071078186,3.9878124444121448,66.67458553118128,0.032906870009339846,47.3728263324961,0.005427701636913,25.390897356257565,13.977316345868944
241,0.670447156195,0.212024237314,0.212024237314,0.0321078447456,0.00237916212671,0.000256130011954,0.452861061637,1,1,False,0.000256130011954,0.000134971025779,0.5269629464712644,,-1,,True,1.0,,,,-1,,True,0.9375,40,40,C000247,4,6,14,48,0.541587507574515,0.4932870317467717,OK states=241 max_d=0.780857 alphaT=0.000234134 MPa,90.895947684966,10.28878215602576,9.780977223248911,31.176142049330668,2.9081302088912633,0.8989321983376477,36.302503356226474,0.8442119746134884,12.036057745587566,0.20378328004199442,12.763406817638597,2.6973624427064564,67.6229071329655,0.04085014740198743,22.993290193285006,0.011798404631459451,30.647008041772743,28.025237908091594
241,0.0,0.0,0.0,1.0,0.0,0.0,0.0,0,0,False,0.0,0.0,0.0,,-1,,True,,,,,-1,,True,,40,40,C000248,4,12,14,99,0.5489250111131719,0.5155942209641857,OK states=241 max_d=0 alphaT=0.00172981 MPa,50.96277847316088,9.01222642396997,35.83468838665411,42.00427491702601,1.8937377393996426,0.2965510956223556,28.48655850129866,0.8651534523859767,10.246045903351753,0.2560041366582737,11.12202453732181,4.108999167894304,88.1813937165905,0.11071499066203912,19.905472414377073,0.005643973267501252,24.645244433993632,12.456413747466692
241,0.847208259877,0.727008436869,0.727008436869,0.0635877851337,0.00557331852536,0.00193422153845,0.641542579505,1,1,False,0.00193422153845,0.000832137067538,0.43021807533217626,,-1,,True,1.0,1.0,1.0,1.0,1,34.51187050166667,False,0.978260869565,40,40,C000249,4,6,14,46,0.5423291605187729,0.47338076917791344,OK states=241 max_d=0.885619 alphaT=0.000804082 MPa,67.90952150749585,3.3025786695884403,34.511870501670934,32.78629535357405,2.106174281825893,0.47505535129154364,22.144402583205224,0.7158288204147513,14.815526346595956,0.26776367882813434,11.808356274072889,3.5169209413792535,97.31879012060597,0.10158188064774674,46.69323463956525,0.012294542530967564,15.851601579925166,15.575305056740424
241,0.305385926082,0.0799695080342,0.0799695080342,0.0377930354758,0.00480165785248,0.000584924602304,0.049222372126,1,1,False,0.000584924602304,0.00045496797042,0.7778232760733523,,-1,,True,,,,,-1,,True,0.642857142857,40,40,C000250,4,8,14,70,0.547452231640409,0.5453751639119974,OK states=241 max_d=0.316253 alphaT=0.000516983 MPa,67.37152208821706,5.843040914902167,25.99814112728258,65.90467394454784,1.6101662198262645,0.6341573173089106,28.854202783226537,0.64826981913205,12.307906454943215,0.2421457269416547,10.718109799541752,3.674751508246501,83.26008684473605,0.049696822366467774,25.190444404614524,0.008003664795972155,18.705308819481758,41.793931226792914
241,0.944792600306,0.766440351388,0.766440351388,0.0126616569023,0.00468902466151,0.00141674363386,0.740701547303,1,1,False,0.00141674363386,0.000248666273331,0.17551959817422605,,-1,,True,1.0,1.0,1.0,1.0,1,11.113904799194444,False,1.09756097561,40,40,C000251,4,5,14,41,0.5486416250852503,0.5122048419130808,OK states=241 max_d=0.992375 alphaT=0.000279542 MPa,100.03078459613823,7.216110636106258,11.113904799208196,30.31910429743624,4.565612497004015,0.5412447981395312,20.275163969530528,0.7150025774657589,7.358783820482227,0.24688224865755592,13.50845670683761,2.36464740867564,98.23437637078548,0.03880104430312813,18.31394332758156,0.013635169815878378,14.496794496755214,16.41005748523727
241,0.0908865403065,0.00150440169848,0.00150440169848,0.136029164416,0.00399473577979,0.000146621064095,0.0139286191948,1,1,False,0.000146621064095,6.60578823066e-05,0.45053473533515753,,-1,,True,,,,,-1,,True,0.511363636364,40,40,C000252,4,11,14,88,0.5499992672841499,0.5009486042921133,OK states=241 max_d=0.0987562 alphaT=0.000903239 MPa,47.323287119247574,6.089537812859715,17.657946255417357,67.84049465444578,4.256131182286739,0.5862116032811278,31.806818948937007,0.7267296979027583,12.584048783299774,0.20997787929512163,10.350604826481197,3.2593440084811927,50.72295985381547,0.11284604129025057,43.10029447482756,0.006337068168961921,23.11495992600872,39.76888513876744
241,0.0,0.0,0.0,1.0,0.0,0.0,0.0,0,0,False,0.0,0.0,0.0,,-1,,True,,,,,-1,,True,,40,40,C000253,4,13,14,107,0.5481161400022098,0.5136343842635495,OK states=241 max_d=0 alphaT=0.00100939 MPa,59.99366474258097,8.088547688235735,11.048560496968143,54.03658003355511,1.258975554003424,0.3954274733954812,33.48535343011693,0.7470419018860771,11.313027250156372,0.20713255584801915,8.330502946921369,3.702521960860217,60.08546795769724,0.08785477831531133,28.25763847585557,0.005229700207873077,25.014962111762028,21.367548313601404
241,0.872796709828,0.79455280469,0.79455280469,0.0477111308095,0.00382787686324,0.00115073165193,0.75189993727,1,1,False,0.00112912330665,0.00115073165193,1.0191372768170999,,-1,,True,1.0,1.0,1.0,1.0,1,32.769025059722225,False,20.1923076923,40,40,C000254,4,9,14,78,0.5447591735031174,0.5375238250862077,OK states=241 max_d=0.900348 alphaT=0.000469315 MPa,92.32808875403649,10.509602562935898,32.76902505964167,36.18210600377666,2.2618207925255174,0.7016039650082486,23.82145540945055,0.7391620779098992,7.344245517032755,0.18079833736871975,11.89174881945263,2.861998049354617,76.3311293814359,0.04438098569180879,34.44021408045177,0.007218284695339273,17.60791647928748,25.385509034598464
241,0.485776889177,0.286183156504,0.286183156504,0.0589923123197,0.00412426565163,0.000916659168718,0.0977508842422,1,1,False,0.000916659168718,0.000721243695423,0.7868177399367535,,-1,,True,7.0,28.0,,,-1,,True,0.511363636364,40,40,C000255,4,10,14,88,0.5438104848115011,0.5448429325770279,OK states=241 max_d=0.494418 alphaT=0.00057009 MPa,73.4519373526905,8.161672689846826,9.960412868940466,26.44075455879159,1.1703560968250255,0.5296399609590646,31.501039399620264,0.8939060714499101,10.600562488395926,0.18968539354162736,9.98840993707762,3.9482350853552965,89.36268534912281,0.04088748939949448,49.20849812687011,0.006409186558561649,28.158970376303383,14.004080212246587
241,0.166687805851,0.00816200969283,0.00816200969283,0.0304905152135,0.00322426507496,0.000202192327871,0.0183615901105,1,1,False,0.000202192327871,8.29673367994e-05,0.41033869916337123,,-1,,True,,,,,-1,,True,0.737704918033,40,40,C000256,4,7,14,61,0.5428524166083688,0.5385854833089962,OK states=241 max_d=0.182847 alphaT=0.000308431 MPa,50.56866514221288,4.0068702838663715,32.40930727326674,56.07853015324765,1.4139480669439723,0.2788657731053353,26.251511548027704,0.6928934140066303,10.68273274467808,0.2714872390949165,12.697651470890404,2.976154514085542,72.81591963368663,0.03923321836126914,30.31040855427201,0.009262357755954204,18.189499459347395,15.63838266579626
241,0.600428551953,0.475931850842,0.475931850842,0.101605440004,0.00878083234141,0.00239575782322,0.185505077116,1,1,False,0.00239575782322,0.000809625763682,0.33794140452553284,,-1,,True,1.0,6.0,,,-1,,True,0.592105263158,40,40,C000257,4,9,14,76,0.5478063305802424,0.5266707539398725,OK states=241 max_d=0.609137 alphaT=0.00166481 MPa,64.04360509104731,4.055978757768618,21.385623048585284,37.29901689025935,5.219845971997891,0.846031963519549,20.14662255136018,0.6528270473855303,10.208184975614502,0.2283408555644354,12.572087353565776,3.9651851401681224,107.58386266521605,0.11400104415886651,34.154442024662366,0.0073670314346768505,13.152260114995206,31.556160497014943
241,0.911385051418,0.777397621972,0.777397621972,0.0516558081954,0.0073469446981,0.00164257133078,0.854421503377,1,1,False,0.00164257133078,1.88306606941e-05,0.011464135737202947,,-1,,True,1.0,1.0,1.0,1.0,1,34.24121814805555,False,0.703125,40,40,C000258,4,8,14,64,0.5438586411746404,0.4953556185155536,OK states=241 max_d=0.949361 alphaT=0.000941946 MPa,92.57392276006217,10.926088765860223,34.241218148051075,16.43867072959716,4.178704364415847,0.5827670214480165,22.824941826532786,0.8349124398776995,13.947304241872681,0.20142390538191268,12.010184898889218,3.711970349865089,82.53954650717883,0.10056134486343112,30.12520229840584,0.00881185119708689,19.05682787045704,9.57991517765203
3,0.98683545928,0.889752964684,0.889752964684,0.00893205094805,0.00534016966326,0.00185348791055,0.944925516063,1,1,False,0.00185348791055,0.0,0.0,1.0,1,14.125241594805555,False,1.0,1.0,1.0,1.0,1,14.125241594805555,False,0.849056603774,1,40,C000259,4,6,14,53,0.5443683544861901,0.5474677775330978,OK states=241 max_d=1 alphaT=0.000264865 MPa,71.04476046108486,4.089451053250846,14.125241594796988,23.890280289692885,5.344757864744044,0.20849606022975373,21.524613880586926,0.8533895499007831,14.943464383981492,0.2587357721517397,11.669323745875733,3.02291578661196,61.63699074817797,0.04568218456005635,47.60303904245924,0.010630762647301449,18.368880551342226,4.981029318185506
241,0.812033380881,0.621958205663,0.621958205663,0.0525105324073,0.00436366147631,0.00236409904,0.729408466337,1,1,False,0.00236409904,0.00156776522968,0.6631554783254766,,-1,,True,1.0,1.0,6.0,6.0,1,338.24996346666666,False,21.15,40,40,C000260,4,12,14,100,0.5451519398047581,0.5172224757393058,OK states=241 max_d=0.84779 alphaT=0.000564668 MPa,68.31852425844615,3.4700459266559442,12.300069982858703,52.889908714114405,2.391898056867548,0.49358756234474943,23.24034673100958,0.6270655757195032,11.26475536308137,0.19270918166225762,13.388123912158722,4.374786753658897,90.63246953346112,0.03505296074684229,31.391045181058335,0.005626205620396739,14.573221402801396,26.10580111483605
241,0.302574063254,0.0442551119298,0.0442551119298,0.0383521058883,0.0037804043746,0.000375952854234,0.0451266096386,1,1,False,0.000375952854234,0.000185373000384,0.49307512443733287,,-1,,True,,,,,-1,,True,0.957446808511,40,40,C000261,4,6,14,47,0.5410501300011417,0.4825309629608549,OK states=241 max_d=0.32201 alphaT=0.000410352 MPa,71.29564296033912,6.171407859514195,10.629976938761844,15.001864312892359,1.3374422418854657,0.8725721670225925,39.50196184179523,0.7664956027737861,13.849758427471002,0.1854542427685832,8.87709073436011,2.759042527569476,62.85626781287738,0.07874197173941465,37.23794912804621,0.012061402162232107,30.278080052673932,13.090209252879381
241,0.00970728147085,8.50420190732e-05,8.50420190732e-05,0.350400160306,0.00168668979196,5.53627555003e-05,0.00240947587973,1,1,False,4.35592635437e-05,5.53627555003e-05,1.2709754710328922,,-1,,True,,,,,-1,,True,0.436893203883,40,40,C000262,4,12,14,103,0.5494215506410666,0.536911544314309,OK states=241 max_d=0.0106641 alphaT=0.000709085 MPa,58.72534652911416,10.14354452032267,40.240607325693084,27.958138892268227,0.4897921241379508,0.2595584425163437,37.61733375017306,0.6858079630745368,10.31688717701203,0.25902207815006884,10.531066953537854,3.5747056104405903,63.64998868782355,0.06037956703599901,44.750676415667726,0.005419887187779444,25.798267035501215,7.256770986532755
241,0.964233680147,0.755667224038,0.755667224038,0.0206236841789,0.00633648827673,0.00195650488657,0.952189582843,1,1,False,0.00195650488657,0.0,0.0,,-1,,True,1.0,1.0,1.0,1.0,1,8.634917485333332,False,0.478723404255,40,40,C000263,4,11,14,94,0.5483792717683871,0.5335280681399347,OK states=241 max_d=0.989608 alphaT=0.000490188 MPa,92.98318285171636,8.516414454597356,8.634917485339253,29.326992873297666,5.295779502322108,0.2175413415442135,38.41585055403658,0.7684129282423604,13.857777720927054,0.2407927530511338,13.70045698829818,3.7980959290552576,58.727125930529084,0.04966471530846673,32.11308236046275,0.005950100180507892,29.51923621514815,6.379833373114763
241,0.320078517877,0.126986905165,0.126986905165,0.0390651082225,0.00464105886895,0.000560221179814,0.151743534717,1,1,False,0.000560221179814,1.87605302927e-05,0.03348772050876176,,-1,,True,10.0,,,,-1,,True,0.849056603774,40,40,C000264,4,6,14,53,0.5455184200692725,0.5486243911451836,OK states=241 max_d=0.346152 alphaT=0.000508947 MPa,71.26413384008575,11.787306274029973,47.50837032546924,66.18637521914502,5.2629188608632855,0.5105796967190417,27.51910293192298,0.6501373805215361,14.727163380574758,0.27865471674747155,11.535936746700145,2.8922780973059936,57.13274183413863,0.09450069790220311,20.17105080931003,0.010608350802361315,17.89119749446293,33.79341938632376
3,0.949423473805,0.812935324475,0.812935324475,0.030604899997,0.0062964372497,0.0186137112204,0.920547622955,1,1,False,0.0186137112204,0.0,0.0,1.0,1,21.69285511272222,False,1.0,1.0,1.0,1.0,1,21.69285511272222,False,0.625,1,40,C000265,4,9,14,72,0.5424944194342032,0.4941130623569035,OK states=241 max_d=0.99539 alphaT=0.000603551 MPa,87.78039167874506,11.88703389533404,21.692855112727912,37.62371665319556,5.0018281758405525,0.3969835214433678,25.859120233691094,0.5871981709570746,12.739686136631235,0.2641933000641372,9.608345138073881,3.2612499456737583,62.15714137099977,0.0762479518886551,49.77088550187551,0.007852453811871562,15.18442810378249,14.935995526773052
241,0.303973139416,0.0956685939659,0.0956685939659,0.0885423123404,0.00519182683417,0.000497325474519,0.0356659246671,1,1,False,0.000497325474519,0.000104794774821,0.21071668392284695,,-1,,True,,,,,-1,,True,0.775862068966,40,40,C000266,4,7,14,58,0.5456207807846394,0.5147091980126467,OK states=241 max_d=0.314377 alphaT=0.000907453 MPa,62.83412992124627,4.157462576368269,35.761944848136196,67.8594161876575,5.846245130395145,0.4793902518950071,28.325179444784922,0.846742491209536,6.382697536796084,0.1973339162519301,13.56788678423434,2.7127661645240035,105.95243015742324,0.08300940693920328,36.47736607086705,0.00969201919808873,23.984133007034327,32.53114261964925
241,0.0287119457642,0.000932468865005,0.000932468865005,0.0909790133503,0.00464878706851,0.00014170469219,0.0072571251280700005,1,1,False,0.00014170469219,0.0,0.0,,-1,,True,,,,,-1,,True,0.671641791045,40,40,C000267,4,8,14,67,0.5464530583761674,0.521049219505686,OK states=241 max_d=0.0370186 alphaT=0.000825614 MPa,62.659631278906716,8.677302146905589,12.365053241459934,33.522717257991474,5.242643134361923,0.35724689953266064,37.27449045227867,0.8767420019673782,9.907090541157547,0.1823139913792172,13.471004627076658,3.399757070192367,92.66833045678914,0.07463652636098808,22.349519679041023,0.008377327585560973,32.680111381444725,11.97588680432747
241,0.80734771713,0.62174003426,0.62174003426,0.0839090055522,0.00475236202661,0.000998087835483,0.721590325101,1,1,False,0.000998087835483,0.000945038511165,0.9468490423066542,,-1,,True,1.0,1.0,1.0,1.0,1,34.81492108611111,False,0.542168674699,40,40,C000268,4,10,14,83,0.5460661714254349,0.5160175095671259,OK states=241 max_d=0.849026 alphaT=0.000804885 MPa,93.22564955277629,5.223992949389697,34.81492108622023,54.65609451673322,0.9227602570533828,0.30353851308779856,37.49325427707787,0.7220808869358215,10.009855212715124,0.20172731226055243,13.22387856150565,3.3332450874490647,71.21847953131777,0.07648057064095311,35.83458118192941,0.006767212226828017,27.07316230250267,16.59022966079538
241,0.286146569826,0.0789838789051,0.0789838789051,0.0775123102895,0.00572767711189,0.000477165511515,0.0404551946555,1,1,False,0.000477165511515,6.16683380462e-05,0.12923888369551917,,-1,,True,,,,,-1,,True,0.714285714286,40,40,C000269,4,8,14,63,0.5450058243795682,0.48864423462486195,OK states=241 max_d=0.294575 alphaT=0.000926263 MPa,68.85248355839444,6.239908635864912,27.355597991705846,30.5575947479451,3.362359935018971,0.5450866461241124,36.984181861746194,0.6838469685145521,7.96601741441638,0.21005777292333658,11.543712893090309,2.7526647138202547,80.56252141168638,0.10270524860590316,41.775938780935206,0.008932879364372447,25.291520649146015,16.656536834777185
241,0.28564584527,0.0849313376315,0.0849313376315,0.0518936629432,0.00332860975606,0.000419079279427,0.0336850708116,1,1,False,0.000419079279427,6.98858483058e-06,0.016676044781157813,,-1,,True,,,,,-1,,True,0.51724137931,40,40,C000270,4,10,14,87,0.5439258552963878,0.5387658116193946,OK states=241 max_d=0.292805 alphaT=0.000427866 MPa,59.89522069180467,6.663989210043011,31.302916715102477,19.88128989967962,2.5092724072469093,0.44980205257303807,24.67842487143424,0.6570343699900602,10.573375582284877,0.265871179853408,9.295054510368033,3.572316072980436,74.17140455909416,0.037389138492955144,42.761043034753925,0.00648148031053404,16.214573337749826,8.942645004675503
241,0.000986715609529,4.88043304101e-05,4.88043304101e-05,1.0,0.000461347359267,1.55542380976e-05,0.0006849734792329999,1,1,False,1.55542380976e-05,0.0,0.0,,-1,,True,,,,,-1,,True,0.692307692308,40,40,C000271,4,8,14,65,0.545980572016102,0.5050584387230574,OK states=241 max_d=0.00111171 alphaT=0.000767688 MPa,50.4787905470209,7.591977339498527,25.886266575541242,33.13801847105205,3.5291470027694287,0.5359043453698678,30.192381550730786,0.692604034449995,7.6248253389604725,0.21121788718814413,11.188128322682399,2.7113377229210043,79.00528615998256,0.08397913023921101,34.94557316000106,0.008642564236796152,20.91136527168974,17.758808095583735
241,0.734871689021,0.44917775685,0.44917775685,0.0586998779572,0.00216086554246,0.00056432030743,0.608769692193,1,1,False,0.00056432030743,0.000214999874733,0.38098907996443004,,-1,,True,1.0,1.0,,,-1,,True,0.463917525773,40,40,C000272,4,11,14,97,0.5474139933832074,0.549586450505062,OK states=241 max_d=0.78188 alphaT=0.000297849 MPa,100.13727794278549,11.875935266013299,31.53003373484392,13.307676930397962,0.7751120695137985,0.346760002793007,24.80809252491636,0.6363065210505001,8.732666633628854,0.23509311401122057,9.795231845682652,2.9735094680794862,55.45152621050097,0.031026216631158152,23.742404946282225,0.005776244031540608,15.785551048428447,4.614570089553232
241,0.527653265873,0.426645288437,0.426645288437,0.0628193030097,0.00260491150311,0.00102026427247,0.23699439752799997,1,1,False,0.00102026427247,0.000145150870097,0.1422679143175309,,-1,,True,1.0,2.0,,,-1,,True,1.02272727273,40,40,C000273,4,5,14,44,0.543035569067798,0.5440665456222128,OK states=241 max_d=0.544304 alphaT=0.000373216 MPa,91.35256474148275,5.809329671018579,46.59554402547309,20.81392528474637,2.491886214742485,0.6561044094613607,22.792236775368174,0.6592067904133533,7.491892254054712,0.19468826517855356,9.725363620449897,2.5780700857317944,107.97577404512228,0.04436961627643915,22.80410718570611,0.012836665029666284,15.024797251031652,13.656108157521402
241,0.469872171368,0.276245012101,0.276245012101,0.0175868750107,0.00382730387234,0.000669292237006,0.145334618938,1,1,False,0.000669292237006,0.000241314278611,0.3605514381736908,,-1,,True,1.0,20.0,,,-1,,True,0.978260869565,40,40,C000274,4,6,14,46,0.5471061781713307,0.4775504662094748,OK states=241 max_d=0.524026 alphaT=0.000271803 MPa,45.74258186103225,9.416927328367162,17.58490515845562,21.188295998484257,0.7660280191696038,0.22569622154191682,22.274526254317102,0.5569367392102914,10.359408023113854,0.19577074645728182,12.509337861423283,2.1051687246672,49.43320766091087,0.06700982077634757,33.666945751823,0.0121871936304363,12.405502019533394,4.782118347769613
3,0.983621641593,0.862596618897,0.862596618897,0.0154579139675,0.00837994963729,0.0102308160152,0.961537002408,1,1,False,0.0102308160152,0.0,0.0,1.0,1,19.09454458836111,False,1.0,1.0,1.0,1.0,1,19.09454458836111,False,0.818181818182,1,40,C000275,4,7,14,55,0.5458927003482377,0.4883295547233671,OK states=241 max_d=1 alphaT=0.00055547 MPa,88.89780070176604,8.877133561655317,19.094544588359597,16.139999521765873,0.20366553433200277,0.6246538742034875,21.969647991560137,0.7218759774440795,14.063497594269819,0.18154767591970292,11.406002305509892,3.8013931232679226,99.52486861539543,0.05701537161693929,40.44742186363906,0.010215583677701819,15.859361118009833,10.081913230913488
241,0.428173572497,0.279339753517,0.279339753517,0.096757912017,0.00529216348265,0.000873800386995,0.0723058716104,1,1,False,0.000873800386995,0.00074534838169,0.8529961679843762,,-1,,True,6.0,28.0,,,-1,,True,0.714285714286,40,40,C000276,4,8,14,63,0.5465225517399596,0.49000411014728723,OK states=241 max_d=0.435923 alphaT=0.00097468 MPa,55.91617816471951,4.724291182639577,42.11069529919328,42.68424696561134,1.3946153575594147,0.660106718567069,27.91778499007895,0.699730168591238,14.204004272869122,0.23781065320615297,10.19715063243634,4.031733334486095,96.65704881302267,0.08982828296913706,49.79391541857504,0.008908088543763336,19.53491639780188,28.176158198976072
3,1.0,0.973365708941,0.973365708941,0.00359069872353,0.00953751198249,1.23742620406,0.999732194092,1,1,False,1.23742620406,0.0,0.0,1.0,1,34.93219214583333,False,1.0,1.0,1.0,1.0,1,34.93219214583333,False,1.0,1,40,C000277,4,6,14,45,0.5392065677302345,0.4604235296247629,OK states=241 max_d=1 alphaT=0.000294582 MPa,103.46672325567673,3.4473417222336873,34.93219214595471,36.3520497429501,5.424772413672144,0.7287974036906726,28.91241472249211,0.6974977110900803,11.681543762880478,0.2688318747157386,10.494161570869391,2.71979598145266,75.89516179835215,0.04906331308103345,45.861437776178434,0.012640535562427042,20.166343091025386,26.493279471496216
241,0.224083144788,0.00908344856065,0.00908344856065,0.0525781445294,0.00211914331395,0.000163666683246,0.01303191776404,1,1,False,0.000118160855832,0.000163666683246,1.3851176186359022,,-1,,True,,,,,-1,,True,0.548780487805,40,40,C000278,4,10,14,82,0.5447630046859465,0.5085838112481954,OK states=241 max_d=0.232359 alphaT=0.000274421 MPa,49.669709245888804,10.773453556738316,15.526777764569257,65.48400113254442,0.6251826241670458,0.2853039651582145,21.687245481728052,0.7002407047901398,7.6149241142763255,0.1975883701895117,11.282838381081458,2.3485622450991537,47.15486158317921,0.039957932859432915,28.325736847272218,0.006866124958696054,15.186292061082026,18.68284517753993
241,0.0,0.0,0.0,1.0,0.0,0.0,0.0,0,0,False,0.0,0.0,0.0,,-1,,True,,,,,-1,,True,,40,40,C000279,4,12,14,102,0.5478841956898344,0.5302110465183643,OK states=241 max_d=0 alphaT=0.00140083 MPa,43.07750793398534,6.7663013851647875,34.498592251595205,43.26113183726399,4.214799947399603,0.6883449690847376,39.7749242097506,0.765765252511839,9.576679510155678,0.2738802192279712,10.363002530429196,3.692658053260687,74.09410405081802,0.103763955728246,45.40841382218983,0.005488380559229273,30.45825488111893,29.778582457092238
241,0.462259783032,0.332850957784,0.332850957784,0.106415682816,0.00795955381252,0.00192344533869,0.116257088291,1,1,False,0.00192344533869,0.000791083387016,0.4112845689468788,,-1,,True,4.0,15.0,,,-1,,True,0.416666666667,40,40,C000280,4,13,14,108,0.5494676908542364,0.5197130676539957,OK states=241 max_d=0.468431 alphaT=0.00155129 MPa,91.29090627190445,8.041992568806723,42.165997062991764,35.091589900619525,3.3164828651085894,0.6724224467702677,21.874205044386287,0.6157449674731253,6.64446875788083,0.25044307284013356,11.800797315202749,3.7420820192119657,103.27846812273722,0.07763349029243354,22.138547721022206,0.005168532433250608,13.468931673556108,23.5963727420334
241,0.109412938744,0.00283044121402,0.00283044121402,0.0637214925264,0.00309546472859,0.000140862802773,0.00846389345258,1,1,False,0.000140862802773,0.0,0.0,,-1,,True,,,,,-1,,True,0.625,40,40,C000281,4,9,14,72,0.546217928001723,0.49750449672949704,OK states=241 max_d=0.119704 alphaT=0.000447131 MPa,55.61457395241581,10.750046093088152,35.33204387001328,19.629982767499136,3.54553873742624,0.31290842201017316,20.54012076358281,0.6836095364861057,13.31781591460736,0.22085218191139597,8.193898641215254,3.9625250167147223,87.18101939118283,0.03999883205941017,20.87030647470554,0.0077989244831079985,14.041422434561479,6.142386931865047
241,0.0,0.0,0.0,1.0,0.0,0.0,0.0,0,0,False,0.0,0.0,0.0,,-1,,True,,,,,-1,,True,,40,40,C000282,4,9,14,73,0.5443686945860352,0.5027065752020355,OK states=241 max_d=0 alphaT=0.00030841 MPa,47.420784571700025,9.801933837390749,46.41644484942779,47.97458409502169,0.8782836805894867,0.8122148546733226,23.58120420973277,0.8251920802002843,11.451258220478042,0.21587555171869202,9.520191445596142,2.931645765479108,54.92412396981805,0.04333933853742368,15.984834930656696,0.007718220113672957,19.459022955457087,38.96566984875113
241,0.168316193369,0.0182740347077,0.0182740347077,0.0860776881968,0.00400274345251,0.000209618055122,0.0180075108031,1,1,False,0.000209618055122,0.000195983846412,0.9349568971906321,,-1,,True,,,,,-1,,True,0.818181818182,40,40,C000283,4,7,14,55,0.5467415631614974,0.48908890688058754,OK states=241 max_d=0.180772 alphaT=0.000688127 MPa,76.94499106718197,8.591432932146182,43.60039856916078,54.82075913843187,2.7512609707103834,0.863300306607437,38.316072320627924,0.821436387055036,9.336565668081935,0.1951783612554619,8.448792301289183,2.793895939155072,80.85332422389595,0.08680790344252712,45.71174450996448,0.010199723114532629,31.47421601319607,47.32677817266068
241,0.490819391117,0.262929647148,0.262929647148,0.0800550601277,0.00225017918162,0.000598284910122,0.283226554344,1,1,False,0.000598284910122,3.50881260581e-05,0.0586478539980976,,-1,,True,1.0,17.0,,,-1,,True,1.15384615385,40,40,C000284,4,5,14,39,0.5449497750973674,0.48394070564408104,OK states=241 max_d=0.546969 alphaT=0.000370788 MPa,87.91205253904617,6.161230548951802,29.686250617302456,52.734781437294956,3.574293480368593,0.5210649432922205,27.057806043538136,0.8279036258728866,10.015571791229643,0.2588158172863338,11.609286419499634,2.051812932575012,57.515917995315355,0.09303579092073815,26.85198577182193,0.014431520057203965,22.401255731610526,27.47824589915174
3,1.0,0.990047535288,0.990047535288,0.001581704769,0.0128245529973,1.79179214139,0.999991171256,1,1,False,1.79179214139,0.0,0.0,1.0,1,27.181423587555553,False,1.0,1.0,1.0,1.0,1,27.181423587555553,False,0.803571428571,1,40,C000285,4,7,14,56,0.5418738607308773,0.49354784702880405,OK states=241 max_d=1 alphaT=0.000260194 MPa,89.4602066269928,5.38082450102565,27.181423587561046,31.947652451657397,4.725066935189865,0.6684069176157998,21.74196998714222,0.6514250506615203,13.820019517913947,0.24479915983935463,11.86745819021692,2.49797694738767,43.27044188978383,0.060779015983040564,44.528166374265695,0.010107574085477241,14.163263900355375,21.35403190027317
241,0.000169683145122,3.18800626735e-05,3.18800626735e-05,1.0,6.85414231015e-05,2.93643013294e-06,0.000169683145121,1,1,False,2.93643013294e-06,0.0,0.0,,-1,,True,,,,,-1,,True,1.09756097561,40,40,C000286,4,5,14,41,0.5484361017624044,0.5120129679533327,OK states=241 max_d=0.000206652 alphaT=0.000365972 MPa,41.6737559053912,5.499425412899512,23.454285921389197,20.582647338611032,2.788888235183757,0.21694891499448457,38.14045497245047,0.8066907474326912,14.783067091407808,0.197704210137314,12.247009864158606,3.108294649135451,84.5238527715249,0.059059779903562246,30.386227312072478,0.01364027951853858,30.767552129148974,4.465383007825779
3,1.0,0.948468543229,0.948468543229,0.00553666071607,0.00735938119085,0.54547557103,1.0,1,1,False,0.54547557103,0.0,0.0,1.0,1,15.491206054722223,False,1.0,1.0,1.0,1.0,1,15.491206054722223,False,0.978260869565,1,40,C000287,4,6,14,46,0.5490692815672458,0.4792639927228659,OK states=241 max_d=1 alphaT=0.000284381 MPa,99.1679505456629,9.832308540446075,15.491206054709725,38.426449605920325,2.3707045885936036,0.6966559435239053,21.33936319822439,0.6599832281880043,8.308595290577738,0.23387799077221635,11.062606445567308,2.0100780682481636,55.99156794104553,0.061677491476443524,38.95396208871208,0.012143620402055548,14.083621811040429,26.77001450648622
241,0.050518269046,0.000826402768015,0.000826402768015,0.124393337752,0.00351925198617,0.000144104261001,0.011010727554320001,1,1,False,0.000144104261001,0.0,0.0,,-1,,True,,,,,-1,,True,0.569620253165,40,40,C000288,4,9,14,79,0.5472833927375111,0.5469377813581628,OK states=241 max_d=0.0627353 alphaT=0.000753485 MPa,95.14718236045721,9.492701241380113,18.521189192141904,16.76681195013355,4.024478120903534,0.3457322541686561,38.454678475372944,0.5874414766264849,11.955274687429625,0.2548048157685219,8.36845544790521,3.069368938202902,53.00399821389136,0.10084628859358634,19.920373241199993,0.007094042745346888,22.58987310676979,5.796827690741633
241,0.39656353246,0.244336888895,0.244336888895,0.0513019280847,0.00267345470366,0.000738150298356,0.161406592897,1,1,False,0.000738150298356,0.00017819946126,0.24141351924788737,,-1,,True,1.0,,,,-1,,True,1.125,40,40,C000289,4,5,14,40,0.5482187316004061,0.4993268623758591,OK states=241 max_d=0.418195 alphaT=0.000341435 MPa,61.74348296406326,6.704050278535686,39.25371986535691,13.28430232229009,0.4920274790128646,0.2779011797322742,23.572563499843813,0.7288538675865416,11.364813929933453,0.2759968849957653,11.39693379723201,2.6718166516566906,83.30028285209099,0.05732989301189932,36.45406380452986,0.013986830123196773,17.180954075790506,3.6917232872846055
241,0.517385828635,0.344906646437,0.344906646437,0.152634352174,0.00406999338493,0.00107798324904,0.328552123851,1,1,False,0.00107798324904,0.0,0.0,,-1,,True,1.0,5.0,,,-1,,True,0.681818181818,40,40,C000290,4,8,14,66,0.542341856850733,0.5094107965897962,OK states=241 max_d=0.549737 alphaT=0.000988049 MPa,87.71490400684917,7.151223108720116,25.76760132787449,12.399505211384241,4.9210292509714115,0.6173492955284232,34.4117415915795,0.727776441728212,12.218268850397898,0.19412279421620998,12.721916609189568,3.503169528754711,81.60277656891081,0.10375040737720904,22.26269979226478,0.00856872298196483,25.044054849190445,7.654825807149074
241,0.0,0.0,0.0,1.0,0.0,0.0,0.0,0,0,False,0.0,0.0,0.0,,-1,,True,,,,,-1,,True,,40,40,C000291,4,5,14,43,0.5437559175894662,0.5324067103531951,OK states=241 max_d=0 alphaT=0.000507539 MPa,53.632860015828356,4.899665971884454,46.15845114538476,24.076502961765808,2.215589655456558,0.5346466272142599,35.49054807114517,0.811439499619611,6.762373170649142,0.26744420408504915,11.904149078625974,2.223085329154704,90.89710334193248,0.07324539608031316,22.668258438294473,0.013117791087506872,28.79843256807579,12.872421103622228
241,0.904825529887,0.791752106151,0.791752106151,0.0419392121758,0.0058776892297,0.00330914215161,0.739563381286,1,1,False,0.00330914215161,0.00275649710543,0.8329944677924697,,-1,,True,1.0,1.0,1.0,1.0,1,34.17500555555556,False,1.07142857143,40,40,C000292,4,5,14,42,0.5412317564403888,0.5176111579975463,OK states=241 max_d=0.948978 alphaT=0.000670504 MPa,85.81041024594091,7.578904143734625,34.17500555566896,62.98564408188378,5.2899645160257665,0.6826864992370676,21.35403778444222,0.6219761934919511,12.75532077554276,0.19991889682905184,11.14579243848882,2.9490944857326946,87.22938115918586,0.10371449643970086,28.94747412038793,0.013492753956500108,13.281703136850668,42.99944886045316
241,0.0,0.0,0.0,1.0,0.0,0.0,0.0,0,0,False,0.0,0.0,0.0,,-1,,True,,,,,-1,,True,,40,40,C000293,4,12,14,105,0.5452745698190369,0.5432057642746683,OK states=241 max_d=0 alphaT=0.00120109 MPa,58.63287632681299,6.094956392363054,30.618612272485908,18.12573620280987,0.5220557919202102,0.288655596421872,32.61954803918406,0.5531402270749638,6.8470899692696126,0.253086841073678,13.30216479405463,3.0158222013312557,67.46992910909825,0.09536581223019723,20.854466901786314,0.005357086009360859,18.043184209476962,5.2320951942075995
3,0.992715742473,0.954907763827,0.954907763827,0.00745615938928,0.00593038608254,0.0019587805631,0.924730412155,1,1,False,0.0019587805631,0.0,0.0,1.0,1,21.47339284313889,False,1.0,1.0,1.0,1.0,1,21.47339284313889,False,1.18421052632,1,40,C000294,4,5,14,38,0.5494852312914359,0.47545639106232535,OK states=241 max_d=1 alphaT=0.000267595 MPa,81.08793380369343,11.075563200074342,21.47339284314363,12.358878811680896,1.5651484820193695,0.8953127798184435,30.708432113225584,0.8096451916919678,12.929715886301882,0.20631433318356643,13.118730010208301,2.4283305148344683,63.51793273170284,0.0618835218193687,46.305732981687406,0.014689044318860561,24.86293440487231,11.065062144325283
241,0.311961066056,0.0968414635306,0.0968414635306,0.115099924738,0.00282672467251,0.000441877343646,0.0452685454364,1,1,False,0.000441877343646,0.000118016668657,0.26708015324620576,,-1,,True,,,,,-1,,True,0.489130434783,40,40,C000295,4,11,14,92,0.5478403285739237,0.5216632159076747,OK states=241 max_d=0.319166 alphaT=0.000577458 MPa,74.2859724952301,7.163110238291595,47.68075756696893,52.42092564236253,3.5408809601380584,0.400005514817087,23.687150227857515,0.8561884837375994,9.230380289653594,0.20138387127534274,9.041952876578442,3.0665993039851935,58.78438892500737,0.05977914568069102,30.286604806576463,0.006085430902046373,20.280665237654055,20.968659348761463
241,0.408533013592,0.13029886161,0.13029886161,0.131019501595,0.00537420234299,0.00102568502465,0.141986685312,1,1,False,0.00102568502465,0.000199357611411,0.19436533304074305,,-1,,True,24.0,,,,-1,,True,0.548780487805,40,40,C000296,4,10,14,82,0.5477056095411829,0.5113309897081871,OK states=241 max_d=0.420491 alphaT=0.00118757 MPa,73.00219921434699,5.066820407219559,9.60892586375724,58.831417712669214,2.7453650415225868,0.2724550836981441,37.38718733337268,0.8042464308104533,10.97430043192253,0.22063089484777532,12.860630335175614,3.402197995003605,68.29527296663491,0.11875190673745123,40.140641398357914,0.006829235994463893,30.06851197090677,16.028918836985767
241,0.481303837797,0.292772636737,0.292772636737,0.0290259689802,0.00579538370386,0.000704863943338,0.115865338149,1,1,False,0.000704863943338,0.000614788524704,0.8722087865532845,,-1,,True,5.0,21.0,,,-1,,True,0.592105263158,40,40,C000297,4,9,14,76,0.5475668471093043,0.52644051026952,OK states=241 max_d=0.544111 alphaT=0.00053965 MPa,95.07980783657989,8.135247702369355,20.536009875973342,44.638538627394624,1.6327605089996624,0.44358151587420414,36.22360913798653,0.615089831402726,7.319136435223984,0.2615609354101786,8.126298649653263,2.217451430242446,46.946910207602684,0.08472034543688128,47.16313604865026,0.007370253474630147,22.28077363748238,19.800830630748923
241,0.000424330014627,1.38432558097e-05,1.38432558097e-05,1.0,0.000391678764381,1.27708848598e-05,0.000243292480233,1,1,False,1.27708848598e-05,0.0,0.0,,-1,,True,,,,,-1,,True,0.642857142857,40,40,C000298,4,8,14,70,0.5423771639714227,0.5403193513645824,OK states=241 max_d=0.000510298 alphaT=0.000795914 MPa,74.70961322970462,4.837129943415922,18.471898747229794,64.15763362697729,2.803695803525618,0.33359534535624136,28.31321565410338,0.603596481659419,11.288833100994552,0.277170825043794,8.606790452538366,3.8789498422553175,102.09141018069688,0.06298116269169272,17.08232588967424,0.00807855574481303,17.089757353281186,21.402687947030692
241,0.216182739567,0.0169162816528,0.0169162816528,0.159445812987,0.00216526292447,0.000360397069811,0.045541444805,1,1,False,0.000360397069811,4.72848882754e-05,0.1312021995633794,,-1,,True,,,,,-1,,True,0.548780487805,40,40,C000299,4,10,14,82,0.546741915687806,0.5104312973858175,OK states=241 max_d=0.225491 alphaT=0.000540143 MPa,67.4372433358034,4.907141649655959,47.28997547392816,47.53177796997252,5.037648845856658,0.8498392384439863,21.278831258406765,0.8843602629464934,9.86848394869659,0.23847929573723511,12.847370393082883,2.6157101505537543,44.97197256043451,0.08216825522115895,15.278636074008501,0.006841273287677175,18.81815280687867,40.39436999189009
241,0.151536582409,0.0103467924857,0.0103467924857,0.0577594997616,0.00465545333167,0.000301872198714,0.025934617262599997,1,1,False,0.000301872198714,0.0,0.0,,-1,,True,,,,,-1,,True,0.833333333333,40,40,C000300,4,7,14,54,0.5499308183971409,0.4829974648958029,OK states=241 max_d=0.17408 alphaT=0.000635833 MPa,100.74553287046002,6.7690942127756575,18.88367166952328,12.085406782771928,0.7188156806492504,0.22479273095948193,39.1249970115,0.846313286190262,13.86186093079458,0.19729577607125465,9.41594985455028,3.06204954244413,66.23849153513119,0.09914341589389991,15.247667847970218,0.010328359445214916,33.112004792986745,2.716711595455548
3,0.9990852507,0.980921915404,0.980921915404,0.0041401297288,0.00836537820882,0.0079388169825,0.998541545253,1,1,False,0.0079388169825,0.0,0.0,1.0,1,46.309568765277774,False,1.0,1.0,1.0,1.0,1,46.309568765277774,False,0.661764705882,1,40,C000301,4,8,14,68,0.5465631553089569,0.528932619054407,OK states=241 max_d=0.99954 alphaT=0.000278077 MPa,81.30642612539756,10.534110762936606,46.30956876537876,32.81887629057235,2.33730697574366,0.2579169926387607,26.637894907193633,0.7495027985128856,14.67051555297029,0.2401786990969581,12.92561427371942,3.053103138867005,49.71617109142034,0.04615838073460892,41.456691219025004,0.008252468920906171,19.965176779433772,8.464545874647946
241,0.0797868919427,0.00141932506189,0.00141932506189,0.156994883233,0.00741369445617,0.000267421610757,0.011519592573029999,1,1,False,0.000267421610757,7.73868459622e-05,0.28938142187962396,,-1,,True,,,,,-1,,True,0.428571428571,40,40,C000302,4,12,14,105,0.5448657511296248,0.5427984966687252,OK states=241 max_d=0.0846657 alphaT=0.00183162 MPa,77.4252851992027,3.7416033806414037,42.97219029901251,54.863697079188746,3.502656181192173,0.6272891858126939,39.59246840667322,0.6655444367712018,6.3420277165222805,0.24494475662503065,11.83648134472577,3.6800632059067824,108.54578754165797,0.09046395860394847,37.08663729338605,0.005361105489162763,26.350547086100928,34.41540387147858
39,0.995008422474,0.803287069684,0.803287069684,0.0476507444771,0.00739230377259,0.569066718926,0.948385696053,1,1,False,0.569066718926,0.457225307914,0.8034652048830436,7.0,1,428.42795978888887,False,1.0,1.0,1.0,1.0,1,21.856971231611112,False,27.8289473684,7,40,C000303,4,9,14,76,0.5490506634300041,0.5278670776834152,OK states=241 max_d=1 alphaT=0.000905686 MPa,91.45312108354703,10.702919955201839,21.85697123159837,45.90486019478149,1.7224576019590785,0.28995801908204133,25.474557575423777,0.5594666329994046,10.022175681752348,0.19134900987750114,10.98028865121389,2.964845606950259,61.12593342136383,0.10890790422577022,43.653234652749276,0.007350335271954584,14.252164953871816,13.31048232831689
241,0.288062506635,0.0689113518992,0.0689113518992,0.0574836740546,0.00603428791768,0.000689658334831,0.0419631843881,1,1,False,0.000689658334831,0.000631730100709,0.9160044456851302,,-1,,True,,,,,-1,,True,0.454545454545,40,40,C000304,4,12,14,99,0.5479814346339018,0.514707938557846,OK states=241 max_d=0.294192 alphaT=0.000821913 MPa,63.96344927067811,11.387301296890568,16.49973748782363,44.31001826861002,1.941497550155601,0.640189142855546,35.553391222992246,0.6133773486791282,10.449481189611497,0.24323335144993843,13.513372274896755,4.285272038151232,94.20422675234644,0.049327320593384544,31.442989208083983,0.005653691699711281,21.807644844910772,28.366792615295033
241,0.830540032585,0.629420903291,0.629420903291,0.0403995405116,0.00451218481955,0.00379456526349,0.645517867575,1,1,False,0.00329521033171,0.00379456526349,1.1515396231235009,,-1,,True,1.0,1.0,1.0,1.0,1,13.601383920694445,False,0.9,40,40,C000305,4,6,14,50,0.5461314096580951,0.5181517649621167,OK states=241 max_d=0.891208 alphaT=0.000504131 MPa,91.68294566310209,5.547423515476234,13.601383920703325,61.59977262880587,1.6893488395551817,0.7625003645711019,23.509547505323617,0.6098023904767831,7.748223694556749,0.2499435067359897,12.50367294265413,2.15705026495919,63.95295030624678,0.08854182546877037,24.5024901214714,0.011232230387993584,14.336178267773834,46.96984908696147
241,0.586214446115,0.297660308116,0.297660308116,0.0592272237936,0.00459127369433,0.00100034940568,0.380995849671,1,1,False,0.00100034940568,0.0,0.0,,-1,,True,1.0,9.0,,,-1,,True,0.75,40,40,C000306,4,7,14,60,0.5430322450536345,0.5299317032116212,OK states=241 max_d=0.640592 alphaT=0.000636081 MPa,74.26226519392176,3.3448836672357967,12.098674986942843,28.365714475845245,4.582930385048114,0.27145531549918556,34.31067507859371,0.6628322983150121,13.609375780901917,0.2709605328821501,13.049468484020288,3.4332392970041363,77.30408390322546,0.07745804832327491,32.857443363973786,0.009413611977427412,22.742223619083877,7.700023972400386
241,0.505615452877,0.322868238455,0.322868238455,0.0658290712041,0.00274493649316,0.000841632431127,0.18147614286,1,1,False,0.000841632431127,3.06903768487e-05,0.03646529733603968,,-1,,True,2.0,12.0,,,-1,,True,0.725806451613,40,40,C000307,4,7,14,62,0.5446489234104007,0.5492263588514902,OK states=241 max_d=0.521675 alphaT=0.000403959 MPa,87.35355102535313,6.145514183918346,14.736192846851313,39.05581761250765,5.975306226627679,0.5680715179455492,23.916165803442617,0.7945563782384638,10.048140881852134,0.21017563984476506,8.744004577569179,2.8990367184280226,72.0315467693554,0.050937681352564115,29.945610709899086,0.00908290606991848,19.002742082133967,22.186497595741738
3,0.97648619731,0.936344930199,0.936344930199,0.0118276236438,0.00455994805911,0.00171055974695,0.956011353122,1,1,False,0.00171055974695,0.0,0.0,1.0,1,33.491907545277776,False,1.0,1.0,1.0,1.0,1,33.491907545277776,False,0.616438356164,1,40,C000308,4,9,14,73,0.5445479409914784,0.5028721033587679,OK states=241 max_d=1 alphaT=0.000262217 MPa,102.47317629335221,6.356044960734044,33.491907545193015,50.60707479232515,0.1849398348859025,0.7256723143705639,21.667427068315476,0.8322588308494271,7.734751994371785,0.217786068572401,13.845882309263798,2.589212607399258,63.40732265596709,0.031907706559639565,17.73681282370736,0.007715679541745945,18.03290751939147,36.724153088070814
3,1.0,0.99182998611,0.99182998611,0.00186560048561,0.0181848760363,1.80286363076,0.999989275874,1,1,False,1.80286363076,0.0,0.0,1.0,1,47.17408784111111,False,1.0,1.0,1.0,1.0,1,47.17408784111111,False,2.64705882353,1,40,C000309,4,6,14,51,0.5427172142319515,0.5252107368403753,OK states=241 max_d=1 alphaT=0.000401395 MPa,95.19552378041806,6.0327387157356185,47.17408784104671,59.87545346103627,4.436001232139987,0.7162051708612369,35.23514904835447,0.5553601006123834,14.788261407877595,0.20576945339030406,13.390536293749577,2.3784379148458354,40.19130519289445,0.1106697335471007,49.24362379163821,0.011081266226605796,19.568195920586465,42.88310937645552
241,0.388296883788,0.196255223176,0.196255223176,0.102652736256,0.00617805650549,0.000836133028175,0.0690064293894,1,1,False,0.000836133028175,0.000623011555691,0.7451105681721805,,-1,,True,13.0,,,,-1,,True,0.714285714286,40,40,C000310,4,8,14,63,0.547962828657896,0.49129544132345243,OK states=241 max_d=0.398028 alphaT=0.0011785 MPa,54.52560315119186,10.24838472914796,13.775657305330688,62.09858945572635,5.953295885835945,0.7711662471127372,26.12164492177814,0.7129058024263606,9.861011356414012,0.24394206441983277,13.035927312488935,3.31918503637694,94.11507306112696,0.11125312625115295,48.694780007524116,0.008884674338197712,18.622272233656712,47.88833618156708
241,0.028468332925,0.000218302468313,0.000218302468313,0.0792826239631,0.00189501816009,6.84877024628e-05,0.006243863437829999,1,1,False,6.84877024628e-05,0.0,0.0,,-1,,True,,,,,-1,,True,0.511363636364,40,40,C000311,4,11,14,88,0.5496304252845403,0.5006126567810899,OK states=241 max_d=0.0355862 alphaT=0.000310507 MPa,48.018123015518285,7.830611441011404,16.512879168327807,35.40872765954418,3.8184633348152115,0.6114349776748473,35.6014065376025,0.6641451368100911,13.641844767641683,0.2692617143245615,11.603971548823296,3.1788657495560066,44.537639576539924,0.04421030350002669,39.74324817779427,0.006341320802709212,23.644501015547686,21.650134606008148
241,0.207856350214,0.00783686321696,0.00783686321696,0.0871218195683,0.00248056429269,0.000285771521059,0.0211107439462,1,1,False,0.000285771521059,0.000143308399115,0.5014789387827513,,-1,,True,,,,,-1,,True,0.5,40,40,C000312,4,11,14,90,0.5463569184392659,0.5089408890985757,OK states=241 max_d=0.215161 alphaT=0.000429469 MPa,63.21808400778923,5.236958200067703,39.70021006520878,17.819395627966042,0.8991810820619114,0.6424686536025628,25.681708240786207,0.879232728223326,13.260178714571348,0.2050538526300947,10.176820227419844,3.7670909331770552,63.292643789510606,0.04232454828941179,21.581937623932788,0.006237552380922141,22.58019840198193,11.448403117110736
241,0.834141942638,0.638234010885,0.638234010885,0.0477345693775,0.00245778636817,0.000518929587992,0.694900046124,1,1,False,0.000518929587992,0.000309860148861,0.5971140517541214,,-1,,True,1.0,1.0,1.0,1.0,1,21.267475863416667,False,0.703125,40,40,C000313,4,8,14,64,0.542117144981272,0.49376943442524424,OK states=241 max_d=0.878061 alphaT=0.000301419 MPa,57.64538335621733,4.1668008096821705,21.267475863421595,38.86166259101491,4.983266446430158,0.836894167718544,25.687633594734642,0.8064132418820048,12.859574981691576,0.1895581854588472,13.161720007158102,2.9931115439692686,58.39228031652321,0.04563259159737098,46.141140262675904,0.00884015837286674,20.71484788340706,32.5230987702663
241,0.661545622228,0.334897789234,0.334897789234,0.0618236704697,0.00196336011437,0.00037993049812,0.40163374234,1,1,False,0.00037993049812,0.0,0.0,,-1,,True,1.0,2.0,,,-1,,True,0.762711864407,40,40,C000314,4,7,14,59,0.5440386217280281,0.5220652379003426,OK states=241 max_d=0.722202 alphaT=0.000278742 MPa,84.68507688045867,5.938921407531373,31.121570457435865,12.933753865529736,4.762996541295956,0.29353065496977504,26.877040351398573,0.8016813731069322,9.185918950042648,0.23809923312055292,12.589558935938928,2.3992226326463513,56.77355767620878,0.046914613974380265,24.82378269981553,0.00955545603579087,21.546822613959634,3.7964532433668032
241,0.0268715807832,0.000149537040015,0.000149537040015,0.196594176099,0.00461943541124,0.00014796178953,0.006308681223930001,1,1,False,0.00014796178953,1.39855853652e-06,0.009452160189211791,,-1,,True,,,,,-1,,True,0.405405405405,40,40,C000315,4,13,14,111,0.5472722493855163,0.5320153051589004,OK states=241 max_d=0.0294152 alphaT=0.00131581 MPa,52.77766478700519,11.227101119116616,14.504960902019235,27.08833446778445,5.693280539781221,0.8715796295811173,33.18128188575365,0.6298780613564293,7.019330609814721,0.22449324355626651,13.575864259652791,3.876267345462375,102.47423966334222,0.06483153382451393,39.87076389878345,0.00504901610932331,20.900161507519712,23.609640521400983
241,0.224186603402,0.0087862303709,0.0087862303709,0.109041037104,0.00387763899891,0.000712606390918,0.038991279305,1,1,False,0.000712606390918,3.2956502879e-05,0.046247835128933504,,-1,,True,,,,,-1,,True,0.436893203883,40,40,C000316,4,12,14,103,0.5479952103596074,0.535517680964132,OK states=241 max_d=0.231848 alphaT=0.000766834 MPa,99.11049803398326,6.847761481866614,24.978583624907447,23.950447236995338,2.6369134798378853,0.6326628434264938,30.93225329384798,0.8518848876907155,7.6277817036096485,0.2506340128653598,13.076634899139107,3.7547163726618913,95.22509026777803,0.04375918547949303,19.103462289936488,0.005433994251620059,26.35071912325045,15.152558050293683
241,0.0468638980244,0.000378659014835,0.000378659014835,0.042781622149,0.00306985925262,0.00013375898765,0.005920509030329999,1,1,False,0.00013375898765,0.000106528405168,0.7964205399546473,,-1,,True,,,,,-1,,True,0.548780487805,40,40,C000317,4,10,14,82,0.5445560694551999,0.5083906191491921,OK states=241 max_d=0.0618084 alphaT=0.000354101 MPa,82.5684080324481,11.90365082708257,17.172519622987323,22.618186888120242,0.4664213075506557,0.5709262620395952,38.620076367448775,0.6032799421070056,13.414095183336128,0.2734361785216594,9.485947484664232,4.044486171422075,79.417869789808,0.030625686836486924,20.794531646492842,0.006868734135661218,23.298717435122633,12.913316894147473
57,0.929572520096,0.802889063699,0.802889063699,0.0503616862791,0.00909979947122,0.00640223212205,0.909615196839,1,1,False,0.00640223212205,0.00141918287708,0.2216700128994349,10.0,1,723.6990110361112,False,1.0,1.0,1.0,1.0,1,39.560875065,False,0.46875,10,40,C000318,4,11,14,96,0.5459798856200567,0.5424956549623199,OK states=241 max_d=0.950612 alphaT=0.00115011 MPa,103.489966533596,10.468975484933079,39.56087506505176,36.45447337620841,5.4396380970328595,0.5143596080323044,23.087427806436484,0.8113443418281487,12.206195441883565,0.21664735153491943,10.355945374304799,4.360576207623092,86.43087886832582,0.07786756994249835,47.82677292445233,0.005851743558694395,18.73185391811811,18.750708636810636
241,0.0,0.0,0.0,1.0,0.0,0.0,0.0,0,0,False,0.0,0.0,0.0,,-1,,True,,,,,-1,,True,,40,40,C000319,4,9,14,75,0.5443639547926518,0.51647486112208,OK states=241 max_d=0 alphaT=0.00105645 MPa,65.72668484201857,3.427948909605695,27.67106638010313,55.530258589620466,2.4643559414475082,0.8480395123689912,37.9320031333353,0.605109378976141,7.799522473488992,0.22448266062017708,9.443881337342631,3.077870477918105,86.51499867575536,0.0917359511604825,25.88369420490354,0.007512466321343133,22.95301085933356,47.091853416065725
